image,basis,shots,e0,e1,e2,e3,e4,e5,e6,e7,counts
0,x,4000,-0.2849999999999999,0.01100000000000001,-0.20199999999999996,0.33199999999999996,-0.02200000000000002,0.634,0.125,-0.09600000000000009,"{""11011001"":44,""10000101"":92,""00010101"":76,""01010111"":37,""01011011"":13,""11010100"":46,""00010000"":23,""00011011"":42,""01000111"":43,""11010101"":67,""00010111"":75,""10010111"":58,""01111011"":4,""01111111"":3,""00010001"":30,""00010010"":15,""01111001"":8,""00011100"":22,""11110101"":11,""00001010"":17,""10011010"":17,""00010100"":43,""00011001"":42,""10011001"":42,""00110101"":9,""00110001"":2,""11111101"":2,""10010000"":15,""01111010"":3,""01110101"":21,""10011111"":10,""10010011"":27,""11010011"":25,""10010110"":45,""10010101"":61,""11111111"":4,""11010111"":67,""11111001"":7,""11010001"":17,""01010011"":7,""01010010"":20,""11100101"":16,""11011111"":9,""10010100"":51,""01110110"":14,""10001000"":16,""11011101"":15,""10011011"":29,""10011100"":26,""11100111"":25,""00001100"":12,""01010001"":10,""11011100"":17,""11100011"":10,""01010000"":9,""00011111"":17,""11010110"":42,""00000101"":94,""01101001"":7,""10111011"":5,""01011100"":5,""10110101"":13,""00011101"":12,""01011001"":22,""01010101"":25,""01111101"":2,""00010110"":50,""11011010"":19,""00011010"":17,""11110111"":20,""11001111"":11,""01010100"":28,""00000001"":25,""00011000"":28,""10101001"":9,""01010110"":27,""10111000"":7,""11011011"":24,""10010001"":19,""11010010"":18,""01001010"":8,""10011110"":15,""10110100"":7,""01000101"":29,""10010010"":18,""01011000"":11,""00111111"":2,""00001011"":31,""11110100"":13,""10111001"":4,""01110111"":24,""11011000"":18,""00001001"":63,""11000011"":36,""10100011"":6,""10100010"":4,""01000100"":21,""00000111"":88,""11001011"":36,""10000111"":80,""10000110"":38,""00001110"":7,""11101000"":4,""10001011"":27,""00000011"":25,""11000111"":53,""10001010"":8,""00111011"":5,""00001111"":29,""10100111"":12,""01100111"":22,""10000011"":29,""01000001"":11,""11000101"":67,""01001011"":15,""11000110"":37,""11100001"":8,""10000001"":26,""10000000"":13,""00000110"":32,""01101011"":10,""11001001"":21,""11001101"":16,""01100011"":8,""10001001"":39,""10000100"":30,""10100101"":20,""11001110"":8,""10101011"":5,""01100001"":5,""10110111"":19,""10001111"":17,""10001101"":19,""01100101"":22,""11001100"":9,""01000011"":15,""10100110"":11,""11000001"":24,""10000010"":15,""10100100"":8,""01000110"":16,""00000100"":30,""01101000"":5,""01000010"":10,""01101111"":8,""10011101"":15,""00001000"":7,""11000100"":30,""01001100"":6,""11100100"":6,""00100001"":2,""11101001"":12,""00100011"":3,""00010011"":29,""00001101"":18,""10100001"":6,""11100000"":4,""01110010"":8,""11110001"":4,""01110001"":5,""00110000"":2,""10111100"":4,""11111010"":9,""10110110"":17,""01111100"":4,""11110110"":7,""10110001"":12,""11111011"":8,""00111001"":2,""00011110"":10,""01111000"":2,""10001110"":5,""01100000"":4,""00000010"":18,""01001101"":12,""11000010"":16,""10100000"":4,""11001000"":13,""11101101"":4,""10101110"":3,""11000000"":8,""01100100"":7,""01100010"":3,""00100010"":1,""01001110"":4,""01001111"":11,""00000000"":14,""01011101"":8,""10111101"":3,""00110010"":2,""10011000"":16,""11011110"":6,""10111110"":2,""01111110"":7,""00111000"":1,""01011110"":6,""10110011"":5,""11010000"":11,""10110010"":4,""11110011"":3,""01001000"":6,""00101000"":3,""00110100"":3,""01000000"":4,""11101110"":1,""11100010"":4,""00100110"":3,""11001010"":11,""11100110"":6,""01101110"":1,""00100101"":3,""00100111"":7,""01110011"":7,""01100110"":6,""01011111"":2,""10001100"":7,""00111010"":3,""00110111"":4,""11101010"":2,""10101000"":4,""10111111"":4,""11111000"":5,""01110000"":2,""10111010"":2,""01001001"":16,""10101111"":2,""00101101"":1,""00100100"":2,""00111100"":1,""10110000"":3,""01110100"":5,""11101100"":5,""00101011"":3,""00101001"":2,""00101100"":1,""11101011"":6,""00101111"":2,""11111100"":1,""11110010"":2,""10101101"":3,""00110110"":2,""11110000"":5,""00101010"":2,""01101101"":2,""01101010"":3,""01011010"":4,""11101111"":2,""00110011"":1,""10101010"":1,""10101100"":1}"
1,x,4000,0.30300000000000005,-0.019500000000000073,0.005499999999999949,-0.38549999999999995,0.03700000000000003,0.128,-0.6080000000000001,0.20599999999999996,"{""01011001"":63,""11011110"":23,""01010100"":28,""01000110"":104,""01111100"":34,""11001000"":60,""01110010"":9,""11011010"":39,""10110000"":4,""01011000"":68,""01111110"":54,""01011010"":70,""01111000"":57,""11101000"":22,""01010010"":12,""11011101"":18,""10111000"":21,""01010110"":55,""01110001"":15,""01011110"":58,""01000111"":32,""11111000"":32,""10110100"":7,""10011010"":12,""01011111"":37,""11011100"":27,""00111001"":8,""11010000"":21,""01110110"":37,""01111010"":56,""11111110"":23,""00101010"":9,""11110100"":12,""01001111"":30,""11001110"":21,""11111100"":18,""11110000"":8,""01111011"":24,""11010001"":7,""01011011"":37,""01111111"":24,""00111011"":3,""11010100"":17,""11011001"":32,""01001011"":35,""10011111"":6,""00010110"":7,""01001000"":98,""10000001"":2,""00011001"":8,""01001010"":69,""10001000"":31,""01010000"":19,""01110000"":18,""10001001"":12,""10111100"":8,""11111010"":32,""11001010"":41,""11011000"":34,""10011110"":11,""10011100"":9,""00111110"":5,""11010110"":18,""00111100"":2,""01011100"":55,""01110101"":12,""11000110"":34,""01100110"":42,""01000001"":15,""01000100"":40,""10100111"":7,""10101010"":20,""11101011"":13,""01001110"":57,""11000000"":20,""01101000"":68,""01001001"":48,""01101111"":33,""00001000"":13,""11101010"":27,""11001001"":23,""10001110"":12,""00011011"":5,""01101001"":45,""01101010"":74,""11101100"":11,""01100000"":20,""10101000"":17,""01001101"":25,""00101000"":8,""10001010"":16,""10101110"":12,""01001100"":47,""00001010"":15,""10001111"":8,""10101100"":11,""11100101"":5,""11101001"":32,""01101110"":57,""00000001"":2,""11110110"":25,""11001100"":23,""00001001"":10,""01101011"":20,""00101100"":9,""10110110"":9,""10110001"":6,""10011011"":9,""10010110"":12,""01111001"":41,""10111001"":16,""11101110"":22,""00100000"":3,""11110001"":6,""11111001"":26,""10000010"":3,""10011000"":18,""00111010"":17,""00011000"":5,""11001111"":18,""00110000"":3,""10111110"":14,""00011111"":3,""10010100"":5,""11010011"":3,""10010101"":4,""00111101"":3,""11000101"":7,""00111000"":7,""01011101"":18,""11011011"":17,""11000100"":15,""00011110"":6,""10010000"":4,""11001101"":11,""01110111"":21,""11100100"":5,""00000110"":16,""01000000"":29,""01101100"":35,""11101101"":11,""01100001"":9,""10000000"":7,""11100011"":1,""10001100"":12,""11000010"":7,""00100111"":2,""00000101"":3,""10100110"":16,""10000100"":9,""01100100"":15,""00110110"":5,""01010111"":27,""00010011"":1,""11001011"":15,""11010101"":10,""11110111"":17,""00011100"":6,""10011001"":9,""10111010"":14,""01010101"":12,""11111111"":21,""00010100"":4,""00111111"":5,""10111011"":3,""00010101"":1,""10110111"":8,""01010011"":3,""01101101"":20,""11011111"":14,""10111101"":7,""10010010"":3,""11000111"":13,""11110101"":5,""00110001"":3,""11111101"":13,""01111101"":21,""10110101"":2,""11010111"":14,""11000001"":9,""10011101"":8,""10010111"":7,""01110100"":10,""00110101"":1,""10010001"":1,""10111111"":8,""00110111"":2,""11010010"":4,""00010001"":1,""00101111"":8,""00100110"":6,""10101001"":10,""11100110"":23,""01000011"":4,""00001111"":3,""01100101"":10,""11101111"":16,""10000101"":5,""00100101"":1,""10000110"":15,""01000010"":14,""00101001"":7,""10101111"":8,""01100010"":8,""01110011"":4,""01010001"":9,""11111011"":10,""00010111"":1,""00011101"":4,""01100111"":13,""01000101"":18,""11100001"":2,""11100111"":8,""00001101"":3,""00000011"":1,""11110010"":3,""10110011"":1,""10000111"":5,""11100010"":3,""00101011"":1,""10001011"":2,""00001100"":3,""10100001"":3,""00001110"":7,""10100100"":3,""00101110"":6,""00001011"":1,""00101101"":1,""00000111"":4,""10100011"":1,""00000100"":4,""10010011"":2,""10001101"":5,""10101011"":4,""00100100"":1,""00010010"":1,""00010000"":1,""10100000"":5,""11100000"":5,""00100010"":1,""11000011"":1,""00011010"":1,""10101101"":3,""10100010"":1,""10100101"":1,""00110100"":1,""10110010"":1,""00100001"":1,""01100011"":1}"
2,x,4000,0.33299999999999996,0.378,0.18899999999999995,-0.10299999999999998,0.020499999999999963,0.718,-0.36549999999999994,-0.2895000000000001,"{""11011001"":52,""01001000"":65,""01100001"":1,""10100001"":3,""00001011"":9,""10000100"":42,""01000000"":36,""01000001"":18,""11010100"":89,""10001001"":26,""11001000"":139,""01001001"":27,""11000110"":32,""01001010"":25,""01010000"":43,""10000001"":19,""11001101"":42,""11101101"":8,""11010000"":55,""11110010"":7,""11000101"":49,""10000111"":4,""10000101"":17,""11001110"":15,""10001000"":51,""00111000"":10,""00001110"":10,""01000101"":18,""10001111"":8,""11000001"":47,""00001100"":30,""01000100"":43,""11111001"":17,""10001100"":31,""01001101"":21,""11101000"":34,""01000010"":28,""11001100"":87,""01000110"":19,""10000010"":18,""10000000"":37,""01001011"":14,""11000011"":21,""00010010"":10,""01111000"":3,""00000110"":13,""11101100"":12,""00000000"":31,""11100100"":21,""01110010"":4,""00001001"":20,""00000001"":10,""11001001"":53,""00000011"":4,""11000100"":63,""11000010"":30,""10011000"":66,""01011010"":34,""11101001"":8,""10001010"":26,""00000010"":8,""01000111"":14,""01100101"":2,""11010001"":45,""00001000"":37,""00001111"":7,""11000000"":93,""11000111"":18,""01101000"":7,""10011001"":29,""11011000"":127,""11011100"":57,""10010100"":26,""11010010"":37,""00010100"":25,""01011000"":70,""10010101"":12,""11110100"":29,""01010010"":19,""01010100"":37,""11011011"":30,""11011110"":30,""10010000"":21,""11110110"":7,""00110001"":3,""00011000"":40,""11111100"":11,""11111011"":6,""11110111"":7,""00010101"":14,""10011010"":20,""11010110"":35,""00011100"":19,""01011011"":21,""00011010"":26,""11010011"":23,""01110110"":2,""01010001"":24,""00110100"":7,""01010110"":11,""00110010"":5,""00001010"":17,""11011010"":52,""01011100"":37,""10101000"":6,""11001010"":74,""11010101"":30,""11011101"":32,""00111010"":2,""01011110"":19,""11011111"":15,""11110000"":14,""10111101"":1,""11111101"":12,""10011011"":16,""11110101"":13,""01011101"":14,""11010111"":15,""01010011"":14,""10010001"":9,""00010001"":13,""10011100"":26,""01001100"":29,""01011001"":26,""10110100"":3,""00010000"":22,""10100100"":4,""11110011"":4,""10001011"":16,""10110011"":2,""11101110"":8,""01010101"":17,""10011101"":15,""00011001"":12,""00011110"":9,""11111010"":12,""11111000"":29,""11111110"":4,""00100000"":5,""01110001"":2,""00111001"":6,""01110000"":7,""10010010"":17,""00010011"":9,""10010110"":5,""10011111"":5,""01111100"":3,""11100110"":8,""00011011"":13,""00111110"":2,""10010011"":13,""10101010"":5,""10011110"":10,""10110010"":1,""11110001"":8,""00010110"":6,""01011111"":6,""01111001"":6,""11111111"":4,""00111100"":4,""01010111"":7,""00110110"":4,""01100000"":2,""00011111"":2,""01110100"":2,""10111000"":5,""00011101"":11,""01001111"":7,""10000110"":10,""10010111"":7,""11100011"":6,""00010111"":8,""11101010"":12,""10100000"":2,""11001011"":37,""11100001"":9,""00100101"":5,""00100100"":4,""00001101"":7,""00110000"":8,""01111110"":1,""10111011"":1,""01111010"":1,""00000101"":12,""00000100"":27,""00000111"":3,""10001110"":13,""10001101"":11,""11100000"":15,""11001111"":14,""00101010"":2,""11101011"":1,""01101110"":2,""11100111"":3,""01101101"":1,""00100110"":2,""01001110"":8,""10101100"":3,""11100010"":5,""00100001"":4,""11101111"":2,""00101000"":3,""10000011"":10,""10100011"":2,""01000011"":7,""01101011"":3,""01101100"":6,""00101001"":3,""01100011"":1,""10101101"":1,""10100010"":1,""10111100"":5,""00101100"":3,""10110111"":2,""01111011"":1,""01100110"":5,""00111011"":1,""01100100"":3,""10100101"":2,""10111010"":1,""10111001"":2,""10110110"":1,""10110101"":1,""00110111"":1,""10111111"":1,""01110011"":1,""01111101"":1,""00110101"":1,""00101111"":1,""01100010"":2,""11100101"":8,""10110001"":1,""10110000"":1,""01101010"":2,""10100111"":2,""00101101"":2,""10101011"":1,""10101001"":1}"
3,x,4000,-0.09149999999999991,-0.04150000000000009,0.1765,-0.08949999999999991,0.05049999999999999,0.359,0.10299999999999998,-0.6125,"{""11101010"":32,""10000101"":49,""11000110"":41,""11000100"":43,""11001111"":22,""01111011"":5,""10001110"":20,""00000100"":7,""01101011"":7,""01001000"":12,""11000101"":36,""10100010"":8,""00100011"":14,""10101010"":30,""10101100"":7,""10001000"":62,""11000001"":38,""11000000"":17,""11101001"":29,""11001100"":34,""10000110"":42,""10101111"":13,""10001011"":65,""11001000"":57,""10011100"":23,""01001010"":4,""10001101"":21,""11001101"":11,""10000100"":56,""10100110"":10,""11001011"":52,""10100111"":13,""10001010"":62,""11100001"":20,""11101100"":10,""11101011"":33,""11100110"":17,""11100011"":14,""10000010"":25,""10000011"":43,""11001110"":22,""11001010"":52,""11101110"":14,""10011110"":14,""10000000"":23,""00000001"":13,""10001111"":37,""00000010"":6,""11100100"":10,""10000001"":33,""00000111"":5,""10001100"":28,""00001111"":5,""11000011"":44,""10000111"":24,""00001110"":7,""00001000"":10,""00001100"":2,""10001001"":57,""01001011"":6,""01100110"":7,""01000001"":8,""10101011"":26,""00100010"":6,""11000010"":15,""01100000"":4,""10101000"":27,""00001001"":21,""11011111"":34,""10010110"":42,""11011011"":55,""00110110"":5,""11110111"":14,""10111001"":29,""00001011"":13,""11111101"":7,""10110001"":17,""11011010"":36,""10011101"":22,""01011011"":8,""01111010"":5,""11011000"":30,""11010111"":35,""10110011"":21,""00010100"":15,""01010011"":5,""01011001"":12,""10011011"":72,""01110111"":3,""11010000"":18,""00011111"":9,""11111011"":25,""10011111"":47,""11011001"":45,""10111101"":11,""10111010"":28,""11111001"":24,""11010101"":30,""11110101"":10,""10011001"":64,""10111011"":28,""00110100"":12,""11010001"":26,""10011000"":34,""10010100"":44,""00011011"":14,""00011010"":12,""11011100"":21,""11010100"":27,""10111111"":12,""11111111"":11,""10010111"":30,""10110100"":16,""01111001"":6,""00011001"":8,""01110100"":5,""01111100"":2,""10010010"":34,""11010110"":39,""00111001"":10,""11010011"":33,""01110101"":4,""11011101"":15,""10010011"":40,""00111011"":12,""01110001"":5,""11000111"":39,""10011010"":50,""10010001"":28,""11101111"":12,""11100000"":6,""11001001"":53,""11101000"":17,""00100000"":8,""10100100"":14,""01001101"":5,""00001010"":12,""00101010"":5,""10101001"":24,""00100110"":9,""10100101"":17,""00101000"":11,""01101000"":7,""01100010"":2,""10101101"":8,""01001001"":12,""10110111"":11,""10110110"":12,""00010110"":9,""10010000"":18,""01011000"":11,""10010101"":34,""10101110"":9,""11111010"":27,""11111110"":5,""00010000"":1,""01011010"":7,""01000101"":5,""11010010"":20,""11111000"":19,""10111100"":9,""00110001"":15,""11111100"":4,""11011110"":19,""10111000"":15,""11110000"":3,""00100101"":7,""01000011"":3,""00010111"":7,""10100011"":14,""01100101"":4,""00100001"":11,""01100100"":2,""00010010"":4,""01000110"":8,""00100111"":5,""10100000"":10,""10100001"":15,""01111000"":6,""01101100"":4,""01101110"":3,""00001101"":5,""01001110"":6,""01100011"":8,""00101011"":5,""00000110"":14,""00000101"":6,""00101100"":7,""11110011"":15,""01101010"":7,""11100111"":3,""00000011"":10,""01000100"":4,""01000010"":2,""00111000"":3,""10110000"":14,""00110000"":3,""01010111"":5,""11110110"":8,""00111111"":5,""01011100"":2,""00010101"":6,""00110111"":11,""00010001"":7,""11110100"":8,""01110011"":6,""11110001"":10,""01010101"":5,""01110110"":7,""10110101"":9,""00110101"":9,""01011111"":6,""01100111"":7,""11100101"":9,""00101001"":4,""01001100"":2,""01010000"":2,""00110011"":11,""00101111"":4,""01111110"":3,""11110010"":8,""01001111"":1,""01101001"":4,""11100010"":3,""01011110"":3,""10110010"":5,""00111010"":6,""00011100"":4,""01010100"":3,""00010011"":14,""10111110"":8,""01111101"":6,""00011101"":5,""01011101"":4,""00111100"":1,""00011000"":5,""01111111"":5,""00111101"":3,""01110010"":2,""00110010"":3,""00100100"":6,""00000000"":4,""01100001"":5,""11101101"":6,""01000111"":1,""01101101"":2,""01010001"":1,""00101110"":2,""01000000"":1,""01101111"":1,""01110000"":2,""01010110"":2}"
4,x,4000,-0.30600000000000005,0.028000000000000025,0.013000000000000012,-0.1935,0.024499999999999966,0.0695,-0.17100000000000004,0.5265,"{""01101101"":91,""10011010"":26,""01100101"":37,""01001111"":26,""01000101"":40,""01000011"":66,""01101011"":56,""00001100"":25,""00101011"":39,""01100011"":48,""10001111"":18,""00101111"":15,""00100011"":15,""01101100"":46,""00001011"":37,""01000001"":64,""10101111"":12,""11000111"":5,""01001011"":53,""10001101"":39,""01000111"":28,""10100111"":3,""10100110"":3,""10000101"":13,""00000001"":8,""10000011"":21,""01111011"":65,""00100000"":13,""01101111"":23,""01100111"":24,""01001101"":59,""01101010"":42,""00111011"":42,""11001011"":15,""00000011"":13,""01100110"":15,""10000001"":10,""01001100"":30,""00001111"":17,""11101011"":7,""00100001"":13,""01100000"":26,""00001101"":28,""10001011"":28,""00001010"":18,""00101001"":18,""01001110"":10,""00101101"":37,""01001010"":31,""10000110"":8,""11001101"":15,""00100010"":16,""10011001"":16,""00100111"":13,""01101001"":26,""00101100"":20,""01111001"":34,""01100010"":27,""01100001"":38,""10100011"":5,""10000100"":9,""00001001"":10,""01111100"":56,""10000010"":11,""11100101"":3,""00100101"":21,""10100000"":3,""00101110"":11,""00101010"":24,""10101011"":17,""10001100"":25,""01100100"":25,""11000010"":6,""00000111"":9,""00010100"":5,""00011111"":12,""01000010"":36,""01001001"":18,""11000101"":6,""11001000"":3,""00100100"":13,""00001000"":8,""10100101"":8,""11000001"":6,""01000000"":22,""01000100"":21,""00111111"":18,""10000111"":8,""10011100"":15,""01001000"":9,""11001100"":8,""11001110"":6,""10001001"":12,""01111010"":27,""10001110"":10,""00000000"":4,""01010000"":26,""11110010"":2,""01110110"":12,""00110001"":23,""00000100"":5,""00011010"":15,""01000110"":20,""00000101"":15,""10001010"":27,""10101101"":7,""11000100"":6,""10001000"":7,""11101010"":6,""01111111"":39,""11100010"":2,""10101100"":7,""10100001"":7,""10000000"":7,""10011110"":9,""00101000"":5,""00111010"":17,""10010100"":6,""01011101"":65,""01010011"":57,""10011101"":43,""10110011"":4,""00111100"":25,""10011111"":18,""01010010"":24,""11110100"":1,""01010100"":14,""10111000"":3,""11011011"":20,""01111101"":79,""10110010"":1,""10101110"":3,""00110110"":10,""00011011"":38,""00011100"":23,""01110011"":46,""01110010"":20,""00110111"":9,""01011110"":12,""01111110"":16,""11011110"":6,""00110011"":23,""10111101"":16,""01110100"":24,""00011000"":4,""01010111"":27,""01010110"":9,""01110101"":29,""10010101"":30,""11110110"":2,""11001111"":7,""01011010"":28,""00111101"":43,""11010110"":1,""11010011"":5,""10011011"":42,""00010101"":22,""00000010"":10,""01110000"":11,""01011100"":27,""00110000"":3,""11011001"":3,""11111010"":4,""10111110"":5,""11011100"":6,""11111100"":4,""11110101"":3,""01010101"":38,""11101101"":4,""00010011"":14,""01101000"":14,""01011001"":28,""10101010"":6,""11101000"":1,""00011101"":41,""11001010"":7,""00001110"":5,""11100001"":3,""01101110"":10,""00011001"":15,""11100000"":1,""10111010"":4,""00111001"":18,""00011110"":5,""01011000"":14,""00010111"":7,""00110100"":8,""01110111"":15,""00110101"":16,""11110011"":4,""01011011"":39,""10011000"":6,""01110001"":39,""01010001"":30,""10111001"":6,""00111000"":12,""00010010"":8,""01111000"":11,""10110000"":4,""11010000"":5,""10010001"":7,""00100110"":1,""11011101"":18,""11101100"":6,""10010010"":9,""11101001"":4,""11000011"":6,""00110010"":9,""11111011"":6,""11010101"":5,""10010111"":6,""10010110"":7,""00010001"":6,""10111100"":9,""00010110"":2,""01011111"":23,""10110101"":6,""10010000"":3,""11010111"":6,""00010000"":3,""11011111"":10,""10010011"":13,""11010010"":5,""10111111"":6,""11110111"":1,""11011010"":5,""10100010"":2,""10111011"":6,""11001001"":3,""11100111"":1,""11010001"":1,""00000110"":3,""10100100"":2,""00111110"":3,""11010100"":3,""10110001"":2,""11111101"":3,""11111111"":2,""11000110"":1,""11011000"":2,""11111001"":1,""10110111"":4,""11100011"":1,""11100100"":2,""11111110"":1,""11111000"":1}"
5,x,4000,0.0004999999999999449,-0.00550000000000006,-0.11949999999999994,0.16249999999999998,0.019000000000000017,0.38249999999999995,0.4225,0.04700000000000004,"{""00010011"":56,""00110100"":20,""00001110"":31,""11011101"":15,""00011100"":34,""00110101"":14,""11110110"":15,""00011101"":30,""01010100"":10,""10011111"":16,""01110100"":11,""00110111"":12,""01011100"":4,""10001110"":19,""00111100"":20,""10011110"":21,""00010100"":71,""11100101"":15,""10010110"":40,""00011110"":35,""00101001"":10,""10011100"":24,""10110110"":10,""01010000"":9,""11100001"":14,""10010101"":29,""00011011"":31,""00001100"":23,""11010110"":25,""00011001"":19,""10011010"":23,""10111000"":18,""10011011"":13,""01110111"":11,""00001000"":28,""11110000"":14,""10110011"":8,""00111010"":21,""01010111"":10,""00110010"":14,""00000100"":74,""10010100"":38,""10001000"":20,""11111001"":6,""00111110"":13,""11010101"":8,""10010000"":33,""10100111"":15,""10011000"":16,""00010000"":66,""11010111"":14,""10010111"":36,""11010000"":15,""10000111"":39,""11010100"":32,""00100100"":13,""11011100"":23,""11011000"":17,""00010010"":28,""00010101"":27,""00110001"":9,""00000000"":45,""01011111"":3,""11110100"":12,""01011010"":7,""10011001"":13,""00010111"":44,""11010010"":12,""00011111"":40,""01111110"":4,""00111111"":14,""01111011"":6,""11110010"":9,""00011010"":29,""01110110"":11,""11110101"":12,""01111010"":4,""10011101"":15,""10010011"":33,""11110111"":14,""01110000"":2,""10110001"":4,""11110011"":9,""01010011"":7,""00001111"":41,""11111111"":12,""11001100"":12,""00100101"":20,""11011110"":20,""10111111"":11,""11010011"":9,""11111000"":9,""10110010"":13,""01111001"":3,""01111111"":6,""11111110"":6,""00001101"":45,""00000111"":58,""00010110"":45,""00101110"":19,""10010001"":13,""10110101"":9,""00000001"":44,""00011000"":33,""10111011"":10,""10000100"":39,""11011010"":8,""00111000"":19,""01111100"":7,""10010010"":22,""10001101"":23,""01101101"":5,""10000011"":33,""00110110"":19,""01010110"":6,""10111101"":4,""10111010"":8,""01110011"":4,""10111100"":14,""00010001"":34,""10111001"":4,""11000110"":17,""00101111"":21,""11011111"":16,""00001001"":14,""10001011"":31,""11010001"":13,""11111101"":7,""11011011"":12,""11110001"":8,""11111100"":8,""00001010"":19,""11111011"":10,""01011101"":4,""10111110"":8,""10100101"":13,""10110100"":16,""11000100"":29,""01011000"":1,""00110000"":16,""01010010"":3,""10110000"":7,""00000010"":24,""00111101"":15,""00000101"":71,""11011001"":9,""10110111"":10,""00111001"":5,""01110101"":1,""11100100"":16,""01010001"":6,""01111101"":4,""00100001"":10,""01011001"":1,""00000110"":46,""00101010"":8,""00111011"":10,""00110011"":13,""11000111"":23,""10000001"":28,""11111010"":7,""01101011"":6,""11000011"":21,""01001101"":3,""10001100"":20,""01100111"":11,""11101110"":5,""11001101"":16,""10100100"":13,""11001000"":13,""01111000"":3,""00100010"":7,""10001010"":9,""01101111"":8,""01000011"":14,""01000111"":6,""00000011"":63,""11000101"":21,""11001001"":20,""10000110"":22,""10101011"":7,""11101100"":10,""00101100"":22,""00001011"":42,""01101100"":8,""11100111"":11,""11001011"":15,""10101100"":6,""00101000"":11,""11000000"":13,""00101011"":15,""10000010"":22,""11001111"":19,""10101111"":13,""01101010"":3,""10100011"":17,""11100011"":9,""00100111"":18,""11000001"":15,""10101000"":5,""01000101"":11,""00100000"":5,""01000100"":11,""11101101"":8,""11101011"":9,""10000000"":27,""11101010"":2,""10001111"":25,""00101101"":21,""11100110"":7,""01001111"":5,""00100011"":24,""10001001"":17,""11100010"":6,""01011110"":2,""10100110"":5,""10100010"":8,""10000101"":27,""01101001"":5,""11101111"":8,""10101101"":11,""10100000"":11,""01000000"":6,""10100001"":4,""01100000"":6,""01101000"":4,""01001001"":2,""10101001"":3,""11000010"":15,""11101000"":9,""01100011"":7,""01100110"":8,""01000001"":5,""01100100"":2,""00100110"":7,""11001010"":13,""01110010"":4,""10101110"":8,""01100001"":3,""01100101"":4,""01001011"":5,""01000110"":5,""01001100"":4,""10101010"":11,""01000010"":3,""01100010"":6,""11101001"":4,""01001010"":6,""01001000"":1,""11001110"":10,""01001110"":4,""01011011"":4,""01110001"":2,""01010101"":1,""11100000"":5,""01101110"":1}"
6,x,4000,0.3255,-0.038999999999999924,0.11650000000000005,-0.1805000000000001,-0.016999999999999904,0.692,-0.09200000000000008,0.1785,"{""01000011"":31,""11000110"":15,""11001100"":28,""11001000"":27,""10100100"":8,""10001010"":36,""01000110"":40,""10100010"":8,""01000000"":59,""00000101"":4,""11001111"":20,""10001110"":27,""00000000"":36,""01100010"":8,""01001100"":79,""11001101"":23,""10100000"":7,""00001100"":53,""00000010"":27,""01001010"":51,""11000111"":16,""00001010"":31,""01000100"":23,""01000010"":62,""10001100"":39,""01000111"":12,""00000110"":12,""00001011"":27,""10011010"":52,""10001101"":26,""10000000"":28,""11000010"":21,""01101000"":5,""01101001"":5,""11101010"":7,""01001111"":45,""01100111"":2,""11000000"":30,""11101100"":11,""00101100"":6,""11000100"":16,""01001000"":50,""10000111"":16,""00001111"":21,""11010011"":10,""11001110"":20,""01011000"":67,""01001110"":32,""00100010"":7,""11101111"":7,""01011100"":55,""00000100"":12,""11001011"":21,""10111100"":14,""10101000"":10,""10000010"":37,""11010000"":38,""10011000"":36,""10100110"":3,""01001101"":39,""01011010"":91,""11100000"":4,""00001101"":24,""10000110"":11,""00011110"":25,""01110000"":4,""10010000"":42,""10011100"":54,""00011100"":50,""11110110"":3,""11011101"":15,""00111000"":11,""10010110"":27,""11111111"":3,""01010000"":92,""01011111"":32,""00011010"":45,""11010110"":19,""01010100"":26,""00011011"":21,""01011110"":43,""11011111"":21,""00111110"":8,""11011000"":25,""00111100"":13,""00010000"":36,""01010011"":22,""00010010"":42,""10010010"":40,""11110000"":3,""01010110"":34,""11111100"":5,""11011010"":36,""10011111"":27,""00110000"":10,""01000101"":17,""01111100"":14,""10111011"":4,""11111110"":3,""01010010"":56,""01011101"":26,""10101001"":3,""10110000"":12,""00001110"":32,""11011110"":31,""10010111"":15,""00011001"":10,""00011000"":32,""10110001"":2,""01000001"":37,""11000101"":4,""10001000"":18,""00101010"":12,""01001011"":37,""01101100"":9,""10101110"":9,""01100110"":1,""10001111"":25,""00001000"":26,""00100000"":11,""10000100"":10,""10011110"":24,""11100110"":3,""11001010"":32,""10000101"":8,""10100101"":1,""01101101"":7,""00110001"":3,""01111010"":9,""11111010"":7,""00110101"":3,""00000011"":20,""11011011"":25,""01111001"":5,""01011011"":40,""01010111"":35,""00011101"":17,""10011011"":21,""00011111"":17,""10000001"":13,""00110010"":10,""01110100"":3,""10011101"":7,""00111010"":7,""11010010"":18,""10111010"":11,""11010100"":11,""01010001"":17,""01111110"":4,""11011100"":26,""10101011"":9,""10010001"":8,""00100111"":2,""10110100"":3,""10110010"":11,""10010011"":11,""11011001"":13,""00010110"":27,""11111001"":3,""11111101"":4,""01111101"":6,""01110010"":5,""10101100"":7,""00010001"":11,""11111000"":5,""00010100"":11,""01100000"":3,""10110110"":7,""01110110"":3,""11110011"":2,""11000011"":15,""00000111"":15,""01101110"":5,""10001001"":6,""10111000"":10,""00000001"":14,""10001011"":27,""01001001"":27,""00101101"":6,""00001001"":13,""01100100"":7,""10101111"":5,""11101011"":2,""00010111"":12,""01010101"":8,""11110100"":5,""10010100"":12,""10011001"":10,""11100100"":1,""01110101"":3,""01111000"":9,""11110010"":1,""11010101"":2,""00110011"":4,""00111101"":5,""10111110"":3,""10000011"":13,""00111011"":6,""01111011"":6,""10111111"":8,""00110111"":2,""00010011"":11,""01011001"":14,""10101010"":4,""01101010"":8,""01101111"":3,""00101011"":5,""11000001"":16,""11100111"":5,""00111111"":1,""10101101"":5,""11100010"":2,""10100001"":3,""00101110"":5,""00101111"":5,""11111011"":3,""11010001"":12,""11010111"":9,""11100011"":1,""00100101"":3,""11100001"":3,""01101011"":6,""11101101"":6,""00111001"":2,""00100001"":4,""11101110"":4,""01110111"":3,""00100110"":5,""10111001"":2,""10110111"":2,""01100011"":2,""00101000"":8,""01100101"":3,""11101000"":4,""11001001"":7,""10100011"":3,""00100011"":1,""01100001"":3,""11101001"":1,""00101001"":2,""10010101"":2,""00110100"":3,""00010101"":1,""10110011"":3,""01110001"":1,""11110001"":1,""10110101"":2,""01110011"":1,""11110111"":1,""10111101"":2,""10100111"":2}"
7,x,4000,-0.21500000000000008,0.0685,0.127,-0.22750000000000004,0.023499999999999965,-0.44900000000000007,0.15849999999999997,0.4485,"{""11000010"":3,""00110110"":17,""00110000"":16,""01111111"":26,""00111001"":45,""00110111"":21,""01111100"":23,""01011010"":10,""00101000"":26,""01111101"":23,""01011011"":12,""00111010"":32,""10111101"":30,""01111110"":18,""10011011"":10,""01110010"":28,""00111110"":22,""10110010"":20,""00010110"":11,""00111111"":27,""01111011"":59,""00101010"":26,""00011110"":13,""10111011"":53,""11111001"":13,""01111001"":68,""00011001"":39,""10110000"":15,""10111111"":20,""10111110"":14,""01110101"":58,""10110101"":24,""00110010"":17,""00111011"":51,""00111101"":20,""01010100"":10,""00010111"":16,""00111000"":28,""00010011"":14,""00110101"":23,""10110110"":21,""00110100"":20,""00100111"":18,""10111100"":21,""11110101"":4,""01011111"":5,""01110110"":24,""10011001"":5,""01011101"":11,""01111010"":42,""10111000"":30,""01011110"":5,""01110100"":36,""00011100"":23,""00111100"":28,""01010011"":4,""01101001"":93,""00000010"":8,""01010101"":13,""01110011"":18,""00011011"":43,""11111011"":13,""01011000"":10,""11010101"":1,""11101001"":15,""00011000"":28,""01100100"":33,""11111110"":7,""11111010"":6,""01010111"":7,""11010100"":2,""00001110"":7,""00010100"":25,""01011100"":7,""10111001"":39,""11011111"":3,""01101101"":40,""01110001"":27,""01100101"":60,""10011000"":3,""00010101"":21,""01000111"":9,""10100101"":21,""10010101"":5,""00010000"":15,""00001000"":21,""10110011"":12,""00011111"":18,""01110000"":19,""00011101"":20,""10111010"":23,""01011001"":11,""00001100"":12,""00001001"":54,""11111111"":4,""10010110"":2,""11011001"":2,""11110011"":2,""00010010"":9,""01101110"":18,""00001101"":36,""01110111"":40,""11110110"":8,""10110111"":21,""10011101"":2,""10101101"":31,""00100101"":37,""10101111"":18,""01101000"":36,""10101011"":60,""01101010"":38,""01100000"":26,""10101000"":27,""00000101"":33,""11101101"":2,""00000000"":9,""00001111"":16,""01101011"":97,""00000001"":19,""11101100"":4,""01101100"":29,""00001011"":59,""11100111"":9,""00101011"":63,""00001010"":18,""11101011"":11,""01100110"":24,""01001001"":24,""00000011"":8,""01101111"":36,""00100001"":22,""10100100"":25,""00101001"":51,""10100110"":14,""11001101"":3,""11101000"":7,""00101101"":21,""10110001"":10,""01000101"":12,""10101001"":46,""01001101"":12,""01100111"":31,""01000010"":5,""10001111"":6,""00000111"":13,""01100011"":24,""00100011"":17,""10001100"":3,""11111000"":11,""01010010"":5,""10010111"":3,""11110100"":6,""01111000"":31,""11100010"":3,""10110100"":15,""11001100"":1,""00011010"":32,""10101110"":5,""10011100"":5,""00101111"":27,""01010110"":6,""00110011"":19,""11100001"":2,""10010100"":4,""11110111"":6,""11011101"":3,""01100010"":19,""11010000"":2,""00110001"":11,""11011010"":4,""00010001"":12,""10010010"":2,""01000001"":13,""11110010"":4,""11010010"":2,""11001001"":6,""10100111"":30,""10011010"":9,""10000101"":4,""11110000"":5,""01010001"":11,""10000100"":2,""11100101"":9,""10101100"":21,""11000000"":2,""11101010"":5,""11100100"":5,""01001010"":6,""00100110"":12,""10100000"":11,""01000000"":4,""00101100"":24,""00000100"":11,""10101010"":26,""00100100"":16,""10000001"":5,""01001000"":12,""00100010"":12,""00100000"":12,""11101111"":4,""10001010"":3,""11001000"":4,""01100001"":30,""01001011"":11,""10100010"":21,""11001110"":1,""10000111"":1,""01000110"":5,""10001000"":6,""10001011"":5,""11001011"":4,""10001001"":9,""10100001"":11,""01000011"":4,""10000110"":2,""11000011"":3,""11111100"":4,""10011111"":2,""11010001"":1,""01001100"":6,""10100011"":14,""01000100"":6,""10001101"":3,""00101110"":12,""00000110"":5,""01001111"":6,""11100000"":2,""10000000"":1,""11000111"":2,""11000101"":4,""11001111"":2,""10010000"":1,""11111101"":4,""10011110"":2,""11011011"":3,""11010011"":1,""10000011"":1,""11101110"":1,""11011000"":1,""11010110"":1,""11011100"":2,""11110001"":2,""11000001"":1,""11100110"":3,""10000010"":1,""11100011"":1,""11001010"":1}"
8,x,4000,0.29200000000000004,-0.020499999999999963,-0.31200000000000006,0.025499999999999967,0.02949999999999997,0.36250000000000004,-0.5685,-0.16149999999999998,"{""01101101"":21,""11000110"":80,""11011111"":28,""01111100"":29,""10000101"":13,""10101110"":13,""00100010"":6,""01000110"":51,""11000010"":37,""11000111"":28,""11101110"":39,""11100100"":13,""01000100"":49,""00011000"":4,""11000101"":63,""01000101"":56,""11101100"":25,""00000110"":15,""11001110"":64,""01101111"":12,""11100001"":7,""01000011"":18,""10100111"":6,""11000001"":16,""11000011"":27,""00000010"":9,""11101101"":21,""10000000"":15,""10001010"":6,""01000010"":46,""01001010"":23,""01101010"":12,""10000111"":11,""11110101"":21,""11001111"":35,""11011001"":19,""10100110"":7,""11101111"":14,""01011110"":45,""11000000"":44,""00001110"":15,""01100110"":15,""01001110"":43,""11001011"":14,""10111010"":9,""11010011"":16,""00001010"":3,""01001111"":20,""11100111"":12,""01000111"":25,""11001101"":44,""11001100"":65,""11001001"":18,""10001101"":21,""10001111"":11,""01101000"":19,""11000100"":52,""01101100"":27,""00000001"":5,""11101010"":11,""11100000"":14,""01100111"":11,""11011101"":30,""01001100"":40,""00000011"":3,""00100100"":3,""11101000"":9,""01001101"":27,""10000100"":18,""01010011"":19,""10101101"":6,""10010010"":16,""10001100"":11,""10000011"":9,""00000101"":9,""11001010"":31,""11101001"":7,""00010100"":6,""11010001"":13,""10010001"":5,""11010010"":61,""11110111"":7,""11111101"":26,""01011011"":10,""11010101"":46,""11011110"":60,""00011101"":6,""00110001"":4,""11111000"":15,""01010110"":52,""00011111"":7,""11111001"":13,""10010101"":12,""01111110"":48,""11010110"":69,""11110100"":22,""01011111"":16,""10010000"":14,""01011001"":8,""11110110"":25,""11011010"":27,""01010010"":45,""00110011"":1,""10110111"":5,""11111011"":12,""00010101"":5,""10110011"":3,""00010010"":7,""11010111"":23,""10011110"":15,""01010100"":32,""11110000"":15,""10111001"":3,""01010001"":17,""11111111"":16,""01011000"":18,""01100000"":10,""10001011"":5,""01110111"":11,""01100011"":8,""10011010"":5,""00011011"":5,""00010110"":11,""11011100"":80,""11111010"":8,""01110001"":4,""01000001"":18,""11011000"":23,""11110011"":7,""10010100"":13,""11111110"":31,""01110011"":4,""11010100"":78,""00010011"":5,""01010111"":26,""01010000"":24,""01011100"":43,""00111110"":11,""00011100"":12,""11111100"":36,""00111101"":4,""11011011"":11,""10100010"":7,""11100110"":38,""01110110"":12,""01000000"":21,""10000001"":9,""01100010"":15,""10001110"":21,""10110110"":14,""00101101"":6,""01101110"":29,""11101011"":5,""01111111"":12,""10100101"":5,""10000010"":15,""11001000"":18,""00101010"":4,""01100100"":16,""00001011"":3,""00101011"":2,""00101110"":14,""00100110"":4,""00000100"":9,""00100001"":2,""00101100"":12,""01110010"":10,""10110000"":2,""11100011"":16,""01101011"":6,""01101001"":3,""00000000"":6,""10111111"":6,""00110110"":4,""10100011"":4,""01001011"":6,""10101001"":5,""01100101"":13,""00101001"":2,""10011100"":24,""00001100"":9,""01111001"":3,""01001000"":13,""01001001"":16,""00110000"":5,""10110001"":2,""01111000"":14,""00111000"":2,""01111101"":24,""00111010"":8,""10010011"":10,""10010110"":16,""11010000"":37,""11110010"":15,""01010101"":26,""01111010"":14,""00011110"":11,""00010111"":5,""10111101"":2,""10101000"":4,""00001101"":5,""10011000"":2,""10001000"":9,""01111011"":3,""10111100"":14,""01011010"":33,""01110100"":11,""00110100"":2,""10100000"":4,""10000110"":22,""01100001"":5,""11100101"":15,""00100011"":1,""11100010"":24,""00001000"":4,""10101100"":11,""10111011"":1,""00110010"":4,""00111100"":14,""01011101"":19,""00110111"":1,""10011001"":6,""00010000"":2,""01110101"":4,""10111110"":7,""10011011"":4,""10110010"":4,""10010111"":7,""10011111"":4,""00111001"":3,""11110001"":6,""10110101"":5,""10100100"":5,""10110100"":2,""00111011"":3,""00110101"":2,""00010001"":3,""01110000"":5,""00101111"":2,""10101011"":2,""10001001"":5,""00001001"":5,""00100101"":3,""00000111"":2,""00001111"":5,""00011010"":7,""00101000"":6,""10101111"":4,""10011101"":5,""00100111"":1,""00111111"":2,""00011001"":1}"
9,x,4000,0.04800000000000004,0.05900000000000005,-0.18599999999999994,0.04849999999999999,0.01200000000000001,0.7675,-0.5209999999999999,-0.21100000000000008,"{""11000000"":66,""11000010"":57,""01001111"":64,""10001101"":27,""01000111"":45,""11000111"":51,""11111101"":5,""11001110"":61,""10001111"":24,""10100110"":5,""01001110"":45,""01010101"":41,""11001010"":24,""01101011"":2,""10000101"":36,""10000010"":27,""10000111"":27,""10111111"":3,""10001110"":36,""00000101"":4,""10001001"":11,""00001000"":4,""10000000"":26,""11101101"":12,""01001011"":32,""11000101"":71,""11001100"":46,""10000110"":8,""01000010"":48,""01100111"":2,""11000001"":50,""10000100"":15,""01001010"":25,""01001101"":61,""10010111"":23,""11001111"":66,""10001000"":11,""11010111"":48,""10100011"":4,""11000011"":20,""11101010"":5,""01000101"":54,""10000011"":12,""01000000"":48,""10101001"":3,""11100111"":6,""11001011"":31,""01000001"":35,""10011111"":27,""01101111"":1,""10001010"":15,""10000001"":23,""01000011"":24,""11000100"":44,""10010000"":31,""00101110"":6,""01001100"":52,""11101110"":7,""01011100"":72,""10010010"":34,""11100101"":12,""11001101"":68,""01000110"":23,""01010111"":43,""01011010"":39,""01011001"":27,""11011111"":50,""11010001"":37,""01011101"":40,""11011010"":36,""10011101"":17,""10110111"":6,""11110011"":3,""10011001"":9,""11110010"":10,""10010101"":28,""01011111"":38,""01010000"":47,""11010101"":51,""11011011"":19,""10010110"":26,""11110001"":5,""10111100"":4,""11010100"":63,""11010010"":52,""11010011"":18,""11011101"":40,""10010001"":22,""01001001"":39,""01010001"":37,""01011011"":28,""01110011"":3,""10110100"":4,""10011011"":8,""11111000"":3,""00011010"":2,""10011100"":25,""11010000"":67,""10011010"":12,""11001001"":38,""10010011"":13,""11110101"":10,""11011001"":23,""01010011"":14,""11111001"":3,""11100011"":5,""10011000"":14,""01011110"":66,""11110100"":12,""10110110"":6,""00110101"":1,""11011100"":54,""01111110"":7,""00101101"":5,""10010100"":38,""00110111"":5,""11011110"":65,""01100011"":1,""01001000"":17,""10100001"":2,""10001011"":13,""11001000"":28,""11101011"":7,""01101101"":3,""01000100"":50,""10100010"":4,""10101110"":3,""11100001"":4,""11101000"":3,""10101101"":6,""00001001"":3,""11010110"":51,""00110110"":2,""01010100"":58,""01010010"":55,""10011110"":28,""01111111"":2,""00111101"":3,""11111011"":4,""10110101"":2,""11011000"":25,""11110110"":2,""10110010"":5,""01011000"":31,""01110101"":2,""01110100"":5,""00111000"":1,""01110001"":2,""01110111"":7,""01010110"":26,""00110100"":4,""10110000"":3,""01100001"":1,""01111010"":2,""00010111"":2,""11110000"":3,""00010001"":1,""01111000"":3,""00010010"":4,""00011110"":6,""01110110"":2,""00110000"":3,""11111100"":5,""11111111"":4,""00011101"":4,""01111100"":1,""11100100"":8,""01101110"":3,""01110000"":4,""11100010"":3,""00111100"":3,""00011111"":4,""01100000"":6,""01101001"":3,""11000110"":20,""10001100"":18,""10101011"":4,""00100110"":4,""00000001"":3,""10111010"":1,""00000111"":2,""01100101"":8,""11101100"":15,""00101000"":2,""10100111"":9,""00100101"":3,""10101000"":1,""00111001"":4,""00100000"":2,""01111001"":1,""11100000"":6,""00111111"":3,""00011000"":2,""11110111"":11,""00011011"":2,""11100110"":5,""00000110"":3,""00001101"":6,""00001110"":2,""00001011"":2,""11111110"":7,""00111010"":4,""00010101"":8,""00110010"":1,""00010100"":2,""10101111"":3,""00100001"":5,""10111001"":2,""11101001"":5,""10101100"":5,""00000010"":3,""00000011"":2,""01100010"":3,""01100100"":1,""00000100"":2,""11101111"":4,""00101010"":1,""01110010"":4,""00010000"":1,""01101100"":1,""10110011"":2,""00010110"":1,""10100101"":2,""10110001"":1,""10111101"":2,""00101100"":2,""00001111"":3,""10100000"":4,""00100100"":2,""00011100"":3,""10111011"":1,""10100100"":2,""01111101"":2,""10111000"":2,""00111110"":2,""00101001"":1,""00100111"":3,""00101111"":5,""00101011"":2,""00100010"":2,""00110001"":1,""00001010"":4,""10101010"":1,""00011001"":1,""00100011"":1,""00001100"":1,""10111110"":2,""01101000"":1,""01101010"":1}"
10,x,4000,-0.264,0.40449999999999997,0.15549999999999997,-0.10050000000000003,0.017000000000000015,0.7795,-0.1399999999999999,0.55,"{""01011000"":81,""10001001"":50,""00101001"":9,""01000100"":73,""01001101"":63,""01000101"":89,""01101000"":15,""00000101"":60,""01011001"":150,""01001111"":18,""11101011"":8,""01100010"":2,""01000011"":42,""01001000"":98,""00000100"":45,""01000000"":48,""00001001"":88,""00000111"":25,""11100101"":7,""11001000"":15,""10000001"":20,""01000001"":70,""01001001"":182,""01001011"":60,""01010000"":32,""01100110"":2,""10001011"":16,""11000001"":8,""00001000"":61,""10100000"":3,""01001110"":12,""00000001"":35,""10001100"":14,""11001011"":9,""01001100"":35,""10000111"":18,""01101001"":21,""00111001"":9,""01100001"":8,""01011101"":58,""01011111"":13,""10100001"":2,""10000101"":32,""10001101"":26,""01010101"":115,""01000111"":54,""01011011"":72,""11011001"":22,""01010111"":51,""01100100"":8,""10000000"":11,""00001100"":23,""11001001"":23,""10100101"":4,""10000011"":6,""11111010"":2,""10111010"":2,""00001101"":41,""00010101"":64,""01010001"":54,""00011001"":114,""10111101"":1,""01010011"":35,""11110001"":5,""01111110"":1,""00011011"":49,""10011010"":22,""11110111"":8,""10011011"":27,""00010111"":34,""01010100"":76,""10011000"":35,""10111000"":1,""01111011"":6,""00010110"":13,""00010100"":38,""01011010"":39,""01111001"":15,""00111000"":7,""01111000"":10,""00010011"":24,""01110111"":6,""00011000"":49,""10111011"":2,""11010101"":18,""11111001"":7,""11110010"":3,""01110101"":7,""00011111"":13,""01111100"":2,""11010011"":4,""01110001"":7,""10010100"":24,""01010110"":25,""00000110"":17,""10010101"":25,""00100111"":3,""10010000"":10,""10011001"":32,""11011011"":9,""10110101"":2,""00011100"":17,""00110101"":10,""11101001"":8,""00010001"":31,""11111011"":2,""00110111"":2,""10110100"":5,""11010111"":3,""10010011"":14,""10010001"":11,""11010001"":8,""00011101"":32,""01011100"":30,""11111000"":5,""10010111"":16,""00001011"":41,""11010000"":2,""11011010"":2,""11100001"":6,""11000000"":11,""01100111"":3,""01000110"":35,""01001010"":38,""00001010"":19,""00101011"":4,""11100011"":1,""10001010"":11,""00000011"":15,""11000111"":5,""01100101"":9,""00101000"":4,""11101101"":5,""11001100"":5,""10001000"":23,""00001111"":11,""11011000"":12,""10111001"":8,""00010000"":12,""00011010"":21,""01011110"":15,""01110000"":2,""01110100"":6,""10011100"":11,""00111100"":3,""00011110"":7,""01010010"":15,""00010010"":5,""01110110"":2,""00110011"":2,""11110101"":7,""10101000"":4,""01000010"":17,""11100100"":6,""00101100"":6,""00000010"":12,""10110010"":2,""11000100"":6,""11001010"":4,""01101010"":4,""01101101"":4,""11101110"":2,""00100101"":6,""00100001"":6,""10000100"":16,""10000010"":7,""01101111"":5,""11001111"":2,""11000101"":11,""10100100"":2,""10000110"":4,""00101010"":3,""00000000"":14,""11101100"":1,""01100000"":3,""10010110"":8,""11000010"":1,""10110000"":1,""10010010"":6,""00111011"":3,""11111111"":3,""10011110"":5,""00110001"":6,""11011100"":2,""11110100"":3,""11101000"":3,""00001110"":2,""01101110"":1,""01101011"":5,""01101100"":2,""11111101"":4,""10101011"":2,""10101101"":2,""10101001"":3,""11100000"":1,""11010110"":5,""11000011"":3,""11000110"":4,""11011110"":3,""10111100"":2,""10110001"":3,""11010100"":7,""00111010"":3,""00110100"":5,""01100011"":3,""11110000"":2,""01111101"":6,""00111101"":4,""11011101"":2,""10011101"":14,""00111110"":1,""11001101"":5,""10011111"":5,""00110000"":1,""11111110"":1,""10101010"":1,""00100100"":2,""11100010"":1,""10101111"":1,""11111100"":2,""11100110"":2,""00100011"":2,""10100111"":2,""00101111"":1,""10110110"":3,""10001111"":2,""10100011"":1,""00110010"":1,""01110011"":1,""10111110"":2,""00100000"":2,""11101111"":2,""01111010"":1,""00110110"":1}"
11,x,4000,-0.3125,-0.0794999999999999,0.2935,-0.3380000000000001,0.03149999999999997,0.476,0.08150000000000002,0.11150000000000004,"{""11111111"":20,""01011110"":15,""01111101"":11,""00110110"":6,""00110011"":13,""11010110"":10,""00011111"":31,""10001000"":25,""11010010"":7,""10111100"":2,""01111100"":4,""10011110"":16,""01111011"":15,""10010101"":14,""01110001"":8,""00011010"":73,""11011001"":23,""11010001"":20,""00111101"":6,""01001110"":15,""00010111"":21,""11111101"":18,""01010000"":16,""01001000"":21,""00011100"":17,""00011001"":57,""00011110"":29,""00010001"":36,""00111011"":13,""00011011"":69,""00010110"":22,""10011111"":24,""00010011"":32,""11011010"":22,""00011101"":36,""00010000"":21,""11011011"":27,""10010000"":21,""11110011"":8,""10111011"":17,""11111100"":14,""11110101"":1,""10101010"":9,""10000110"":14,""11111011"":31,""01101010"":11,""11001110"":13,""10010110"":17,""11101011"":38,""01011000"":24,""11000111"":13,""01000001"":29,""10011011"":56,""01011011"":45,""01011101"":27,""00111111"":10,""01011010"":42,""01001111"":37,""01010110"":12,""10111001"":13,""11111001"":20,""00001101"":49,""01111111"":10,""10111000"":6,""11110110"":9,""00011000"":28,""00111010"":5,""00010101"":15,""10011010"":47,""10000001"":34,""01001010"":35,""10010001"":25,""10010011"":23,""00111001"":11,""11011000"":14,""11111000"":6,""10111110"":6,""10011101"":22,""01011111"":27,""01010011"":16,""01001001"":66,""11000100"":4,""00100001"":13,""00001001"":100,""01001011"":71,""01101111"":14,""11001001"":34,""00000111"":30,""11001010"":27,""11100011"":13,""00001011"":113,""10001111"":32,""10000000"":6,""00001010"":43,""10001011"":46,""11000011"":17,""10000010"":9,""00001000"":40,""11101111"":27,""00001111"":45,""11100111"":12,""11001011"":24,""01101000"":7,""00101001"":15,""01111001"":13,""00001110"":14,""00000011"":34,""10001010"":25,""01000101"":12,""10101001"":11,""10001101"":22,""10001001"":67,""00000101"":15,""10101111"":6,""01010111"":12,""10001100"":8,""00000000"":18,""11101001"":50,""01100010"":3,""10000011"":14,""01010001"":25,""00000110"":13,""11100101"":8,""00000001"":33,""10100001"":3,""10000101"":21,""01000011"":32,""10100101"":4,""11100001"":21,""11101010"":24,""11000001"":23,""10110000"":3,""01011001"":29,""01110110"":8,""01111010"":8,""01010100"":6,""11011110"":10,""11010100"":8,""01010101"":12,""10010111"":17,""10011000"":18,""11111010"":28,""11010011"":11,""11100110"":7,""00110000"":9,""10010010"":7,""00110100"":3,""01011100"":12,""11010111"":9,""00010100"":13,""01110111"":5,""10011001"":35,""10110100"":2,""10111010"":15,""00111000"":7,""10010100"":5,""10110110"":7,""11011111"":15,""01010010"":9,""11001111"":18,""01111000"":8,""10011100"":14,""11111110"":6,""11101100"":6,""10111111"":6,""00111110"":2,""11110000"":7,""00010010"":13,""11011100"":5,""00000010"":8,""11110001"":10,""10110010"":2,""00110111"":9,""11010000"":5,""01111110"":4,""10110101"":4,""00001100"":11,""11010101"":7,""11011101"":11,""11110111"":13,""11101110"":12,""11101101"":25,""01001101"":24,""11000110"":6,""10000100"":4,""01000000"":10,""10000111"":22,""00100110"":5,""01000111"":12,""10001110"":8,""00101011"":12,""10101011"":10,""00110001"":15,""00101111"":2,""11101000"":14,""11001101"":10,""11001000"":10,""01000010"":10,""11000000"":10,""10101101"":5,""01101100"":1,""10100000"":2,""11000010"":6,""01100101"":5,""10100011"":3,""00101100"":2,""01100100"":3,""00100100"":3,""00000100"":4,""10100110"":2,""11110010"":5,""01000110"":14,""00100011"":7,""01100001"":11,""01101011"":8,""01101001"":13,""11000101"":2,""11001100"":4,""00101000"":4,""11100100"":3,""00110010"":2,""10110001"":8,""10101000"":5,""11110100"":6,""01100011"":5,""00101110"":3,""10101110"":1,""00101101"":4,""00100101"":2,""11100000"":6,""01100111"":8,""01101101"":8,""10100111"":3,""01110011"":7,""00110101"":6,""00111100"":2,""01000100"":3,""10101100"":2,""00100000"":3,""01110101"":2,""01110000"":4,""01100110"":3,""00101010"":3,""10110111"":1,""01110100"":3,""10110011"":4,""01110010"":2,""01001100"":6,""01101110"":3,""10100100"":1,""01100000"":2,""10111101"":1,""11100010"":1,""10100010"":1}"
12,x,4000,-0.045500000000000096,-0.05600000000000005,0.29200000000000004,0.0,0.009499999999999953,0.5860000000000001,0.016000000000000014,-0.36149999999999993,"{""01000000"":20,""11101001"":9,""11001001"":41,""00101010"":7,""10010011"":69,""11011011"":57,""10000011"":81,""10001100"":14,""10010001"":37,""11001000"":39,""11011110"":24,""10011111"":32,""10001001"":40,""10000010"":68,""01001011"":34,""01001101"":8,""10100100"":8,""11110000"":9,""00100001"":8,""11000010"":51,""00100000"":9,""10100011"":16,""00000011"":20,""01000111"":8,""01000010"":29,""01000101"":8,""00100011"":12,""11000011"":88,""10000000"":34,""01001111"":12,""11000001"":35,""01001001"":25,""01001010"":17,""11101111"":3,""11001111"":35,""10101111"":9,""00000101"":4,""11001011"":59,""10111001"":3,""11100001"":5,""00001100"":5,""00101000"":7,""11000101"":19,""11100000"":10,""11001010"":22,""01010100"":22,""10000001"":51,""00000000"":16,""10100010"":16,""11001101"":14,""10001011"":54,""11001100"":23,""11011111"":22,""00001101"":11,""01000001"":19,""00000001"":7,""01100011"":10,""10100001"":11,""01001110"":19,""10000100"":27,""00100110"":4,""00000111"":9,""00101111"":8,""01101101"":4,""00001111"":6,""01110011"":10,""10001111"":31,""01000100"":10,""11001110"":39,""10101000"":15,""10000111"":16,""10001010"":27,""11010011"":66,""00010001"":13,""01010000"":22,""11010010"":39,""01010110"":11,""00100010"":9,""10111000"":15,""10010000"":37,""11010111"":20,""01011010"":20,""01011000"":33,""10011110"":43,""10110011"":17,""11110101"":4,""00111000"":9,""10110100"":17,""10111111"":10,""01011011"":27,""10011000"":57,""01110010"":9,""10010111"":22,""11010100"":26,""11010001"":27,""10010101"":32,""01010011"":32,""10011100"":31,""01011110"":21,""00010000"":13,""11010101"":18,""11111010"":4,""10010010"":33,""10010110"":14,""11011100"":25,""11110001"":5,""01011111"":14,""01110000"":6,""10110010"":10,""11011010"":24,""00011000"":21,""00111111"":13,""10111010"":5,""10110001"":15,""01111110"":5,""00010010"":11,""00010011"":11,""10011011"":46,""11010000"":29,""10011010"":25,""00011110"":13,""01010010"":21,""11111110"":7,""00011011"":17,""10010100"":29,""10001101"":27,""10001000"":59,""11100101"":3,""10001110"":43,""01001000"":23,""01000011"":32,""10000101"":29,""11000111"":20,""01101011"":10,""00001011"":16,""11011001"":48,""00101011"":7,""11100011"":7,""10100101"":4,""00001001"":10,""00001000"":14,""10101110"":19,""01100010"":4,""10101001"":10,""10100000"":10,""11011000"":53,""01010111"":5,""11000100"":25,""10101101"":6,""10011001"":44,""10011101"":24,""00110001"":10,""01010001"":19,""11011101"":30,""00100100"":8,""10111101"":9,""01011001"":22,""01111010"":5,""11010110"":15,""00111100"":7,""00110000"":10,""01110001"":5,""01011101"":9,""10111110"":10,""01010101"":11,""10110110"":4,""10110101"":7,""00111010"":2,""00101101"":8,""00110010"":11,""01000110"":11,""00100101"":4,""11000110"":19,""00011010"":6,""00001110"":6,""00000100"":6,""01101001"":6,""00000110"":6,""10100110"":6,""00000010"":17,""11000000"":35,""11100010"":7,""00101110"":9,""00100111"":6,""11100110"":4,""00011111"":11,""00101100"":1,""00001010"":7,""01100100"":2,""10000110"":15,""11111101"":4,""01100110"":1,""11100100"":8,""01100111"":3,""01101111"":2,""10101011"":9,""00111001"":11,""00101001"":9,""00111110"":6,""11101000"":5,""01001100"":10,""00011001"":8,""10111011"":9,""11110110"":3,""01111111"":6,""00110111"":6,""00110100"":12,""11110010"":8,""00010110"":3,""00111011"":4,""01100001"":5,""10100111"":3,""11110011"":11,""01011100"":10,""01111100"":2,""00010100"":8,""00111101"":4,""00010111"":5,""01100101"":1,""11111000"":4,""01101000"":4,""11101011"":3,""10110000"":10,""11111100"":3,""11111001"":5,""01111011"":9,""10110111"":2,""00110011"":11,""01111000"":10,""01111001"":3,""11101101"":2,""00011101"":4,""00110101"":5,""11100111"":1,""11111111"":3,""11111011"":4,""01110100"":5,""00010101"":3,""01110101"":4,""01111101"":3,""10101010"":3,""01101010"":3,""01100000"":1,""00011100"":3,""01110111"":1,""01110110"":2,""11110100"":5,""10111100"":4,""11101010"":1,""11101100"":2,""01101110"":1,""11101110"":4,""00110110"":2,""01101100"":2}"
13,x,4000,-0.45100000000000007,0.015499999999999958,-0.22550000000000003,0.022499999999999964,0.2905,-0.15650000000000008,-0.595,-0.10899999999999999,"{""01101000"":17,""11111100"":18,""11111111"":55,""01111011"":41,""11110111"":41,""11101001"":26,""11001101"":57,""11101101"":50,""11111101"":73,""11111110"":13,""01111001"":21,""01111111"":36,""00001111"":10,""01001100"":16,""11101111"":54,""00011100"":1,""11001011"":36,""01100011"":46,""11111001"":18,""00001001"":6,""10001111"":32,""01011101"":31,""10001101"":36,""00101111"":5,""11101011"":46,""11001111"":45,""10001001"":8,""11111000"":16,""01111000"":7,""01111101"":65,""01001011"":40,""11100101"":75,""01001111"":51,""10001010"":2,""01001101"":63,""01101100"":12,""00001010"":3,""01100101"":64,""01111100"":16,""01101101"":69,""11110100"":20,""01011001"":3,""11001100"":16,""01101111"":44,""11101000"":23,""01001110"":15,""11100000"":15,""11100011"":41,""11111011"":35,""10111101"":17,""10011011"":5,""00101101"":9,""11001001"":16,""11101010"":20,""01111110"":10,""10101100"":7,""01001000"":18,""11101110"":20,""01000101"":64,""00111001"":4,""10001011"":25,""10101111"":15,""01101010"":8,""01101011"":39,""11011000"":4,""00000001"":7,""00101001"":3,""11100111"":60,""11001110"":14,""01110111"":35,""00111111"":7,""01001010"":12,""01101110"":16,""01001001"":26,""01000100"":28,""10010100"":5,""11111010"":13,""01011111"":10,""01100000"":22,""01111010"":13,""10101101"":27,""01101001"":30,""11101100"":15,""01011010"":5,""11011101"":17,""00001000"":4,""11011111"":18,""10101010"":6,""11001000"":5,""10111011"":14,""10111111"":15,""11000111"":47,""01011110"":3,""10101011"":20,""11100100"":38,""11011100"":8,""01011011"":10,""10100111"":19,""10000101"":39,""01100010"":21,""10101110"":3,""00000101"":19,""11000010"":17,""01010111"":19,""10100101"":20,""11000100"":19,""10010110"":4,""01110001"":19,""10100100"":8,""11110001"":24,""11110011"":48,""11110101"":59,""11000101"":69,""01000001"":19,""01110011"":32,""01110110"":19,""11010110"":5,""11000001"":29,""11110010"":15,""10110001"":6,""11000000"":19,""01000011"":39,""10000001"":6,""01110100"":21,""11000011"":35,""00000011"":8,""10011101"":12,""11100010"":24,""11100110"":16,""11100001"":29,""10000000"":10,""01110101"":55,""10110111"":11,""01100111"":48,""01010100"":7,""00000010"":6,""11110110"":14,""10110100"":4,""11110000"":14,""01010001"":7,""11000110"":26,""01000000"":20,""01010101"":9,""01100001"":23,""01000111"":42,""10010000"":4,""11010101"":22,""01100100"":24,""01010000"":5,""01000110"":25,""00010101"":2,""10010010"":3,""11010011"":11,""11010111"":12,""11010010"":5,""01100110"":16,""10010111"":6,""01000010"":19,""00101011"":4,""01110000"":16,""00000100"":6,""11010001"":7,""10110101"":11,""00000111"":17,""00000110"":4,""00100101"":7,""11010000"":6,""01010011"":13,""10000100"":6,""10110110"":1,""01010110"":2,""10000111"":16,""10010011"":4,""00010111"":4,""10000011"":17,""10110011"":10,""10100110"":3,""11010100"":3,""00100110"":3,""00001101"":5,""11011110"":4,""11011011"":19,""11001010"":10,""11011001"":7,""11011010"":5,""00011101"":3,""10101001"":7,""00011011"":3,""10011001"":4,""00011000"":2,""01110010"":11,""00111101"":12,""00001110"":4,""10100000"":8,""01011000"":3,""10100001"":9,""10001100"":9,""10100011"":11,""00100100"":3,""10011100"":2,""00100111"":4,""10100010"":3,""00010001"":1,""00011110"":1,""00110111"":3,""00110011"":2,""00000000"":2,""01010010"":6,""00100010"":3,""10010101"":6,""00100001"":2,""10010001"":1,""10001110"":7,""10111110"":4,""00111110"":1,""00001011"":10,""00111011"":4,""00101000"":2,""10011000"":6,""00001100"":3,""00011111"":1,""10101000"":4,""00111100"":1,""00111000"":1,""00111010"":2,""10001000"":5,""10111100"":4,""10011111"":8,""10000010"":8,""10000110"":7,""00100011"":3,""10111010"":1,""10011110"":3,""10111000"":2,""01011100"":3,""00110100"":1,""00010110"":1,""10111001"":1,""00010011"":1,""00010100"":1,""00100000"":4,""00101100"":2,""00101110"":1,""00110001"":2,""00110101"":2,""00101010"":1}"
14,x,4000,-0.06699999999999995,0.4335,0.09150000000000003,-0.12349999999999994,-0.0015000000000000568,0.20999999999999996,0.10099999999999998,0.04800000000000004,"{""10000100"":24,""11100100"":42,""00000100"":69,""10101010"":12,""01000111"":21,""00000010"":8,""11101011"":28,""00111101"":16,""00001101"":25,""01101111"":2,""10100101"":34,""00001000"":74,""00101001"":31,""11000101"":27,""10000001"":4,""11000111"":16,""01000101"":54,""00000000"":20,""11001001"":39,""00101111"":7,""11001101"":16,""00100110"":9,""10100001"":11,""00000111"":29,""01011001"":40,""00001010"":17,""01101100"":5,""00000101"":76,""01000100"":41,""11000100"":28,""10001001"":31,""00100001"":6,""01001000"":36,""00010111"":22,""00101011"":10,""11101000"":64,""11001100"":10,""01001011"":19,""11011001"":52,""00100100"":20,""11101001"":54,""01010110"":6,""10101111"":6,""10001011"":15,""10111000"":44,""01000001"":9,""10100100"":32,""01001101"":13,""11000011"":8,""11100111"":13,""01000110"":15,""10101000"":32,""10101100"":8,""00000110"":31,""11101101"":12,""10101101"":11,""10000011"":5,""11100101"":38,""11001000"":37,""10001000"":16,""10100010"":2,""11111101"":15,""01000010"":3,""00001111"":9,""00101000"":21,""00010101"":86,""10101001"":36,""00100101"":18,""00001100"":20,""11100001"":7,""01111001"":10,""11111011"":25,""10001010"":10,""01001010"":13,""11101010"":12,""01101001"":6,""11000010"":5,""00001001"":59,""01001001"":36,""11001110"":3,""00100111"":3,""01010101"":29,""01101101"":2,""01001111"":5,""01100111"":4,""00001011"":36,""10110100"":27,""10101110"":2,""11000110"":10,""10101011"":14,""11001011"":12,""11001111"":6,""10110001"":7,""10001101"":9,""00011011"":35,""01100110"":5,""00011000"":59,""10100111"":15,""00111011"":20,""11000001"":10,""10100110"":7,""11011101"":10,""11100000"":11,""01011011"":25,""00111001"":39,""00110011"":6,""01011000"":58,""11110101"":37,""00010000"":20,""01010100"":41,""10110010"":5,""00010001"":31,""10110011"":10,""00111100"":14,""10011110"":2,""10111001"":42,""11111100"":12,""00010100"":51,""11011011"":17,""00110101"":17,""11111010"":18,""10010010"":4,""00011111"":9,""00011001"":70,""01010011"":7,""00011100"":17,""11011010"":18,""00001110"":9,""11111000"":41,""01010000"":12,""11010101"":16,""11111111"":8,""10110101"":19,""00010011"":10,""00110000"":4,""10011001"":31,""00011101"":21,""10011010"":14,""11110100"":29,""01111010"":5,""11010011"":4,""10011000"":33,""00111000"":42,""01111011"":8,""01111000"":12,""11010110"":5,""10110111"":15,""10010101"":23,""00011110"":10,""00110100"":16,""01011010"":14,""01011101"":14,""10111011"":27,""11111001"":37,""01110101"":7,""11110000"":7,""10111100"":10,""10011011"":22,""11110010"":2,""11011000"":38,""01010001"":10,""10010100"":16,""11111110"":5,""11010111"":8,""10011100"":10,""11010010"":7,""10010111"":5,""10110000"":7,""11010100"":24,""01010111"":15,""11010000"":14,""00000011"":9,""01111110"":1,""01011110"":6,""11011100"":10,""11010001"":14,""10111101"":14,""01110100"":7,""10000101"":15,""00110010"":3,""01100101"":7,""01110111"":2,""10100011"":3,""01011100"":11,""00011010"":24,""01110000"":3,""10010000"":7,""01110110"":2,""10011101"":6,""11100110"":14,""01010010"":2,""11101110"":4,""11101100"":8,""00100000"":9,""00101100"":9,""11101111"":4,""10000111"":5,""11110011"":9,""00010110"":15,""10010110"":1,""11011111"":6,""10110110"":5,""00110001"":6,""11110111"":12,""01110011"":2,""00100010"":4,""01101000"":6,""00101010"":12,""01000000"":14,""10100000"":9,""01001100"":18,""01000011"":7,""00000001"":14,""11110110"":10,""10011111"":1,""10010011"":4,""00111110"":1,""00111010"":10,""00110111"":4,""00110110"":5,""10010001"":9,""01100100"":7,""10001100"":10,""01101010"":7,""11000000"":3,""10000000"":4,""00100011"":2,""10000110"":8,""01100011"":4,""00101101"":13,""00101110"":3,""10000010"":2,""11001010"":6,""10111110"":2,""01111101"":4,""01110010"":1,""10111010"":11,""11011110"":3,""10001111"":2,""11100011"":6,""01101011"":2,""10111111"":4,""01110001"":2,""00111111"":1,""01011111"":3,""00010010"":4,""01001110"":3,""10001110"":1,""11110001"":4,""11100010"":2,""01111100"":2,""01100000"":1}"
15,x,4000,-0.34650000000000003,0.126,0.28500000000000003,0.5,0.051000000000000045,-0.369,-0.48950000000000005,0.491,"{""01100011"":163,""01000101"":25,""01100001"":208,""10001101"":12,""01101100"":23,""00000001"":13,""01111101"":29,""01101010"":25,""01001101"":9,""01101011"":54,""01100010"":89,""01000001"":59,""10000101"":19,""01100101"":135,""01100111"":39,""01000011"":58,""00101111"":6,""00100011"":13,""01110101"":120,""10110101"":22,""11001000"":1,""10100101"":16,""01100000"":105,""01100110"":13,""01001011"":20,""11000111"":3,""10001111"":9,""01110001"":173,""10100000"":15,""01100100"":60,""01010011"":39,""11100001"":23,""00100111"":7,""11001101"":4,""00000011"":12,""11000101"":9,""10100011"":26,""01101101"":39,""11101101"":2,""10000001"":45,""00100001"":14,""01011001"":2,""00000100"":6,""01110100"":69,""01101001"":44,""10000011"":31,""00010011"":8,""10001001"":6,""10000111"":6,""11101011"":9,""11000001"":17,""11110011"":9,""01000010"":36,""00100101"":10,""01001001"":13,""10101000"":3,""00110001"":17,""11010101"":9,""01110000"":88,""00100000"":13,""11110000"":7,""10110110"":3,""01110011"":138,""11011100"":4,""10000110"":4,""01010100"":19,""00111101"":4,""01110010"":81,""11110110"":4,""01010101"":43,""01111110"":16,""10110010"":11,""01111011"":60,""01010001"":76,""01111000"":10,""10001010"":10,""01111100"":12,""00111011"":3,""01011101"":6,""10101100"":4,""00010111"":3,""10010101"":25,""10010000"":11,""10110001"":26,""01000100"":17,""10010010"":13,""11011011"":1,""01001100"":7,""01111010"":22,""10010001"":38,""11010001"":10,""10010011"":31,""10111001"":3,""11010111"":4,""00110010"":13,""00010000"":3,""01111111"":36,""00110110"":6,""01010000"":23,""10010111"":11,""01110110"":27,""11011001"":4,""01010010"":17,""10110011"":29,""11011110"":1,""11111111"":2,""11100011"":16,""01000000"":29,""11001111"":4,""10100001"":30,""10000000"":17,""01101111"":64,""01001111"":11,""01001000"":4,""11101001"":3,""01000110"":7,""11100110"":2,""10001000"":4,""11100101"":6,""01101110"":22,""10000010"":17,""00011101"":3,""10001011"":8,""01110111"":36,""10111111"":9,""00010001"":14,""11110101"":13,""11010100"":6,""10111101"":6,""01011011"":18,""00011011"":8,""00110100"":8,""01111001"":37,""00010101"":6,""10011111"":8,""11110111"":3,""01010111"":11,""11010011"":8,""11111101"":5,""10111011"":7,""11111001"":2,""00110011"":15,""00011001"":2,""10111010"":4,""00111001"":5,""10010110"":1,""10110000"":13,""00111111"":5,""11010000"":7,""01011111"":19,""00101101"":5,""00110101"":13,""10110100"":9,""10101010"":5,""11001010"":1,""10100010"":17,""11100100"":5,""11101110"":4,""10101001"":8,""10011110"":2,""11000010"":3,""00000101"":5,""01000111"":10,""10001110"":5,""10101111"":6,""00000110"":2,""10100110"":1,""10111110"":5,""00110000"":7,""10011011"":11,""11011111"":8,""01010110"":4,""10110111"":6,""01011100"":8,""11110001"":6,""11101111"":3,""00001000"":1,""11001011"":6,""10000100"":5,""10001100"":5,""00000111"":3,""01001010"":8,""10101110"":6,""10101101"":8,""10011101"":9,""11000011"":5,""10111000"":5,""10111100"":4,""00000000"":5,""11110010"":6,""01101000"":10,""00011110"":2,""00010010"":4,""11010010"":6,""11110100"":4,""00000010"":4,""11001110"":3,""10010100"":8,""10011100"":2,""00101011"":5,""11100010"":10,""10101011"":6,""10100111"":5,""11100000"":9,""11011010"":3,""11010110"":1,""00111000"":1,""10011001"":2,""11111010"":7,""11000100"":6,""10100100"":6,""11000000"":5,""00100010"":6,""00001101"":4,""11001001"":3,""00100100"":8,""11101100"":4,""00001001"":1,""00101010"":2,""00111010"":3,""00010100"":1,""11111011"":2,""01001110"":2,""00101110"":1,""01011010"":7,""01011000"":7,""00011010"":2,""00101001"":3,""11000110"":1,""10011010"":2,""00110111"":1,""11111000"":1,""10011000"":2,""00011111"":1,""00011100"":1,""11100111"":2,""00100110"":1,""00001110"":1,""00001111"":2,""00101000"":1,""00001011"":2,""01011110"":3,""11011000"":1,""11011101"":1,""00001100"":1,""11001100"":1,""00101100"":2}"
16,x,4000,0.29500000000000004,0.5435,-0.10299999999999998,0.025000000000000022,0.606,0.1935,-0.6145,-0.15749999999999997,"{""10000011"":3,""10000010"":15,""11000001"":58,""11000110"":50,""01100111"":8,""00101010"":3,""10000000"":31,""01000100"":103,""11100110"":22,""11010100"":25,""01010000"":18,""11000000"":105,""11000011"":12,""11000100"":129,""01100110"":35,""11110001"":13,""01100000"":59,""11001000"":77,""11100000"":44,""11010101"":24,""01000110"":32,""11100100"":56,""11100101"":48,""11000111"":10,""01000001"":38,""01001010"":21,""01000101"":66,""01100100"":75,""01001000"":53,""11100001"":29,""11000101"":72,""11110100"":22,""10110000"":2,""10000100"":43,""01010101"":11,""01000000"":75,""01001100"":86,""01010100"":23,""10000101"":16,""10001100"":46,""01001101"":41,""10100001"":12,""11000010"":47,""00100010"":7,""10000111"":4,""11010001"":23,""10000001"":19,""01100101"":46,""11010000"":33,""11110011"":1,""11110010"":7,""01110000"":11,""11110101"":12,""01110010"":2,""11100010"":16,""00000000"":5,""01000010"":29,""11101000"":44,""00101000"":13,""11010010"":11,""11101100"":65,""11001100"":110,""10111100"":5,""11111000"":22,""01001001"":49,""10001101"":27,""10001000"":15,""01101110"":23,""10101100"":21,""01011001"":13,""11001110"":32,""10001011"":3,""11011001"":14,""01011000"":6,""10101110"":4,""01101001"":38,""01111100"":12,""01101100"":79,""10101101"":15,""11101101"":44,""11011000"":28,""01101010"":24,""10011100"":9,""01111011"":2,""11101001"":35,""00001100"":16,""11011101"":15,""01101101"":51,""10001110"":14,""00110101"":3,""01000111"":10,""10001010"":12,""11111100"":30,""01111111"":5,""11001101"":73,""01101000"":48,""00001000"":9,""10001001"":30,""01001110"":24,""10011111"":5,""11101110"":14,""11001010"":48,""11101011"":6,""11011100"":19,""01001111"":6,""01111010"":8,""11001001"":63,""00100101"":5,""01100001"":32,""00100100"":16,""00100000"":20,""10110101"":4,""10100100"":22,""00000010"":8,""00010100"":1,""10010000"":11,""01010010"":10,""00100001"":5,""11100011"":6,""01010001"":4,""10110100"":5,""01110101"":4,""01110100"":14,""00100110"":6,""01100011"":5,""11010110"":8,""01000011"":5,""10010101"":8,""00000100"":4,""11100111"":5,""01100010"":27,""00101101"":12,""10100101"":12,""10010001"":5,""00000001"":3,""00010101"":2,""10100011"":2,""01011100"":21,""10111010"":2,""01111000"":9,""10101010"":7,""00001101"":10,""10101001"":13,""10011010"":5,""00101110"":6,""11111001"":12,""10011000"":6,""11011011"":5,""00111010"":1,""01101011"":6,""10011101"":7,""11001111"":7,""00011100"":1,""11110110"":11,""10100010"":3,""11110000"":14,""10010100"":7,""10000110"":12,""10101000"":13,""01110001"":4,""11111011"":7,""10011011"":1,""11101010"":19,""01111101"":7,""00111001"":1,""11101111"":4,""11011010"":9,""01011111"":4,""10111000"":3,""11111101"":11,""00101100"":20,""10100000"":12,""01011101"":9,""01010110"":7,""11010111"":4,""00111101"":2,""11111010"":8,""00111100"":4,""01111001"":10,""00000110"":3,""10010111"":2,""00110100"":1,""10010010"":3,""00110110"":1,""01110110"":3,""11111110"":6,""11001011"":13,""01101111"":13,""11011110"":11,""10011110"":5,""01011110"":4,""00001111"":2,""10011001"":3,""01011011"":3,""00010000"":2,""00000101"":4,""10010110"":4,""00101001"":6,""01110011"":4,""00001110"":5,""11110111"":1,""01001011"":13,""10101111"":1,""10111001"":2,""00001001"":4,""10111011"":1,""10111101"":3,""00110001"":2,""10100111"":1,""00010001"":1,""11111111"":3,""00111000"":1,""10100110"":2,""00001010"":3,""01010111"":2,""00000111"":1,""11010011"":1,""10110001"":1,""00010011"":1,""00010110"":2,""01011010"":4,""00011001"":1,""00111011"":1,""10110110"":1,""00110010"":1,""10001111"":1,""00111110"":1,""01111110"":1,""00011000"":1,""00100111"":2,""01110111"":1,""10111110"":1}"
17,x,4000,0.3295,0.7095,0.10850000000000004,0.013000000000000012,0.40049999999999997,0.7505,0.24650000000000005,-0.10850000000000004,"{""00001000"":194,""01101001"":5,""10011001"":9,""11001001"":50,""11001101"":51,""10001100"":84,""00001011"":12,""11001000"":134,""11111001"":10,""10001101"":28,""00001001"":65,""11011111"":4,""10001110"":7,""00010001"":40,""10000000"":63,""10001001"":54,""01111000"":6,""11101001"":12,""11011011"":6,""00101000"":15,""00000100"":148,""10001000"":131,""11011000"":42,""00001100"":110,""00011000"":59,""00011010"":12,""11011010"":5,""00010000"":69,""11101000"":22,""00011100"":50,""00111100"":6,""11001100"":96,""11000100"":106,""10101111"":1,""00101100"":14,""11011100"":40,""00001010"":43,""00111000"":11,""01101000"":6,""11011001"":15,""11000001"":59,""00011001"":18,""11001110"":7,""11111000"":20,""10001111"":5,""01001000"":18,""11110000"":17,""11001011"":11,""00001111"":15,""10101011"":2,""10001011"":8,""00110100"":8,""10011000"":32,""01101110"":2,""11011110"":5,""10101000"":5,""11011101"":17,""00010110"":10,""01101101"":4,""11010000"":46,""00011111"":4,""00111101"":2,""11100101"":4,""10011100"":30,""10011101"":12,""00011101"":22,""10011110"":4,""10000001"":59,""11001010"":19,""10000100"":86,""01011000"":12,""11100000"":21,""11101101"":7,""00100100"":8,""10010000"":41,""00000000"":162,""11111111"":2,""01001100"":7,""00010111"":8,""11000101"":59,""11100010"":7,""11101010"":1,""01111001"":5,""10001010"":18,""01100000"":3,""11001111"":11,""00001110"":17,""00001101"":59,""00101010"":2,""10011011"":1,""00010100"":55,""01011100"":3,""11101100"":22,""00000101"":68,""10000111"":10,""10101001"":4,""10101100"":4,""11000000"":96,""01101111"":2,""10111110"":2,""00000010"":22,""10111000"":6,""00101001"":5,""00000001"":84,""11000111"":9,""11100110"":3,""00011110"":3,""10000101"":42,""11111101"":4,""00101101"":3,""10011010"":14,""10010111"":9,""11010100"":47,""11010001"":25,""10111100"":5,""11111100"":11,""00111001"":4,""10011111"":1,""11110100"":6,""00000110"":13,""01011101"":3,""11101111"":2,""10010100"":33,""10000011"":14,""10111101"":1,""01010000"":7,""11000010"":12,""01111101"":1,""01001101"":4,""10101010"":3,""01011001"":3,""00010011"":10,""11111010"":4,""01000011"":3,""01000000"":8,""11000110"":14,""11100100"":20,""01100100"":8,""00000111"":16,""01000001"":10,""01110110"":2,""01010001"":3,""11110010"":2,""11010110"":7,""00010010"":13,""11110001"":9,""11010101"":30,""10010101"":16,""01000100"":10,""00010101"":32,""10010110"":1,""00100011"":2,""11010010"":14,""10000110"":12,""11000011"":13,""01010111"":4,""00100001"":5,""11010111"":5,""10010001"":20,""01101010"":2,""11010011"":4,""01110101"":2,""01010110"":1,""00100101"":4,""01010010"":3,""10110000"":5,""00100000"":9,""01010100"":3,""11110101"":5,""11101011"":2,""10000010"":12,""11100001"":13,""10110101"":1,""00110000"":4,""00110010"":2,""00000011"":14,""10010011"":2,""11100011"":3,""01000101"":6,""01110001"":4,""11100111"":1,""00110101"":2,""01010101"":3,""10100000"":3,""10100101"":2,""01110100"":4,""10010010"":3,""10100100"":4,""10110100"":4,""01110000"":5,""01100101"":7,""01001001"":6,""01100010"":2,""01000110"":1,""01110010"":1,""10100110"":1,""01101100"":4,""00011011"":5,""10111001"":2,""01111100"":5,""01111010"":1,""01011111"":2,""11101110"":2,""01011010"":2,""01100001"":2,""00111010"":3,""01000010"":1,""01001111"":2,""00101110"":3,""00100010"":1,""10111111"":1,""00101011"":1,""10101101"":1,""01001010"":1,""11110111"":2,""01000111"":1,""10100001"":3,""00110001"":1,""00100110"":2,""10100111"":2,""01100110"":1,""01010011"":1,""01100111"":1,""10111010"":1,""01001011"":1}"
18,x,4000,0.369,0.43200000000000005,0.09099999999999997,0.08299999999999996,0.03949999999999998,0.364,0.09199999999999997,-0.474,"{""10111001"":23,""11110100"":25,""11000000"":42,""01110101"":7,""10110100"":90,""00010101"":8,""10011011"":12,""11001000"":97,""11011011"":21,""10010100"":69,""10011010"":32,""10011000"":66,""00011100"":9,""11010111"":23,""11011000"":77,""11011100"":29,""00010001"":7,""10011100"":27,""11110000"":14,""10010110"":19,""10010101"":25,""00010000"":21,""00111000"":9,""10010010"":11,""10011001"":29,""01010100"":34,""10110110"":27,""01011010"":13,""01110110"":4,""11010100"":87,""10111010"":23,""11010000"":50,""10110111"":18,""01010001"":8,""00010100"":30,""11110110"":6,""01010110"":7,""01011000"":34,""10100000"":30,""11011001"":35,""00000100"":44,""10111000"":73,""10001010"":40,""01010000"":24,""00011010"":16,""11011110"":13,""10110000"":38,""00011000"":40,""00000101"":16,""01010101"":12,""01000100"":36,""10101000"":77,""10001000"":91,""10000101"":34,""10111101"":17,""00011101"":4,""10010000"":24,""10101010"":19,""00001100"":6,""10110101"":28,""00000010"":9,""00000000"":20,""11000010"":20,""01000000"":20,""01001010"":18,""10101100"":22,""10000111"":15,""00001000"":40,""10000100"":116,""01001100"":17,""01001000"":42,""11001110"":6,""10001111"":4,""11001100"":25,""10001100"":25,""01001001"":18,""00001010"":10,""01111000"":9,""10000000"":49,""11101010"":13,""10101001"":29,""11000101"":39,""00101000"":12,""01000011"":6,""10010001"":17,""10001001"":42,""00011001"":17,""01000111"":21,""10100101"":29,""01100000"":4,""00001110"":5,""10000110"":17,""11000110"":25,""11100000"":20,""11000100"":92,""11000001"":14,""10101110"":2,""01000101"":14,""10100110"":25,""01100100"":7,""10000011"":12,""10111100"":23,""00101010"":6,""11101100"":9,""10101011"":21,""00000110"":9,""01101001"":8,""11001010"":33,""10100011"":5,""01001011"":13,""10100111"":13,""11010101"":51,""10100100"":62,""10100001"":15,""11000111"":19,""11001001"":37,""11101000"":22,""00101011"":3,""00001001"":14,""00100000"":8,""11001011"":21,""11101011"":6,""00001011"":10,""11011101"":14,""01001101"":3,""01101000"":8,""11001101"":11,""01100101"":8,""11100110"":12,""10001110"":3,""10000001"":11,""10000010"":22,""01001110"":4,""11100101"":11,""00100100"":12,""01000001"":12,""10001011"":19,""10101101"":13,""11100001"":5,""01100111"":3,""00101001"":3,""10101111"":3,""00101101"":1,""01001111"":5,""11110101"":9,""11010010"":24,""10010011"":7,""01011110"":4,""10111011"":16,""00010111"":6,""11110010"":6,""01011001"":20,""00110000"":5,""10110001"":13,""11010001"":19,""10110010"":25,""11111110"":2,""01011101"":6,""11010110"":33,""10010111"":18,""10111111"":4,""11111101"":3,""10011101"":6,""00110110"":2,""11011010"":32,""01010011"":5,""11111000"":18,""01011100"":11,""11010011"":10,""10100010"":10,""11000011"":5,""11101110"":1,""01100110"":2,""10001101"":9,""11100100"":21,""01010010"":5,""01100010"":4,""00011110"":4,""00010010"":5,""00010110"":13,""00111001"":6,""00110100"":13,""00111100"":1,""11111011"":5,""01111011"":2,""10110011"":12,""00100101"":2,""11100010"":5,""01000010"":8,""11101001"":3,""00000111"":2,""11100111"":6,""01101100"":3,""11001111"":5,""00000011"":4,""01000110"":14,""01101010"":2,""00001101"":5,""00010011"":5,""11110111"":6,""01110001"":3,""11110001"":4,""00110001"":2,""00111011"":2,""00110011"":2,""01010111"":5,""01011011"":9,""01110100"":6,""01110010"":4,""01111101"":1,""00110010"":2,""01111001"":4,""10111110"":6,""11111100"":4,""11111001"":4,""00000001"":3,""00101100"":3,""11011111"":5,""11111010"":2,""01110011"":2,""01110111"":5,""10011110"":3,""00011011"":5,""00100010"":2,""00001111"":3,""00100011"":2,""11101101"":3,""01111100"":1,""00111110"":1,""11100011"":2,""01100011"":3,""01101101"":1,""00101111"":2,""01100001"":2,""00110101"":3,""00111010"":1,""11101111"":1,""01101110"":1,""00100110"":1,""01111010"":1,""00110111"":1,""10011111"":1,""01110000"":1,""00011111"":1}"
19,x,4000,0.14649999999999996,0.14600000000000002,-0.020999999999999908,-0.09099999999999997,0.0024999999999999467,-0.3959999999999999,-0.583,0.5740000000000001,"{""01111100"":185,""01010000"":34,""01110011"":69,""01110000"":112,""01010010"":29,""10110010"":23,""01111000"":74,""01110100"":55,""10111000"":21,""01111010"":42,""01010100"":19,""01110001"":33,""01111001"":39,""01011100"":66,""10011100"":16,""10110100"":16,""01010011"":28,""01111111"":60,""01011000"":37,""01110010"":109,""01010001"":10,""00110000"":5,""01011011"":14,""11110101"":3,""11110000"":11,""01011110"":27,""11111001"":5,""01101100"":145,""01100110"":31,""01111101"":59,""01100010"":71,""01110101"":43,""10100100"":11,""01100000"":85,""11110011"":6,""01100001"":53,""01111011"":35,""01101010"":24,""10011011"":1,""10111110"":16,""11011000"":11,""10111100"":36,""01011111"":18,""00111000"":8,""00011010"":7,""00010000"":11,""10011111"":7,""11011011"":5,""11010000"":5,""11110110"":5,""11010110"":5,""10101001"":8,""01110110"":51,""11101111"":8,""10110111"":7,""01010111"":11,""01001011"":13,""01000011"":42,""01001100"":46,""10100000"":19,""01100101"":54,""01100100"":38,""01001101"":46,""01101101"":79,""10111101"":15,""10101000"":10,""01100011"":135,""11111100"":18,""01000000"":34,""01101001"":68,""00100000"":6,""01001001"":19,""00110011"":4,""01100111"":32,""10001000"":3,""01101111"":84,""01101110"":55,""00000011"":17,""10100010"":17,""01000100"":19,""01000110"":10,""01000111"":16,""11100000"":8,""10100011"":24,""10101111"":17,""11000001"":2,""00000001"":5,""01000101"":13,""11101101"":11,""01101000"":62,""00011100"":18,""11000101"":4,""01000001"":25,""01001110"":21,""11011001"":5,""10100001"":12,""00100101"":4,""01001000"":32,""01011101"":20,""10000000"":3,""11100011"":7,""01000010"":19,""01001010"":4,""11101100"":16,""00101100"":8,""00001100"":12,""01001111"":33,""10101011"":9,""00100010"":4,""00001110"":6,""11001111"":6,""01111110"":62,""11111111"":11,""11000011"":2,""10101101"":16,""01101011"":30,""11001100"":17,""10101110"":7,""10000010"":6,""11100110"":2,""00000111"":4,""10001100"":7,""00001000"":7,""10001101"":4,""00000000"":7,""11100111"":4,""11100010"":5,""11001101"":10,""11000000"":6,""00001101"":9,""10000101"":5,""01011010"":17,""00000101"":6,""00101001"":3,""10101010"":2,""11001001"":2,""11110010"":9,""10000011"":7,""10110011"":14,""00001010"":2,""00011111"":9,""10100111"":7,""00001011"":4,""00101110"":6,""11111110"":3,""10110000"":17,""10010000"":4,""10010010"":5,""00010010"":10,""11111101"":3,""11010010"":5,""11010011"":2,""00011000"":11,""11110001"":5,""01110111"":12,""01011001"":14,""01010110"":10,""00010110"":5,""10101100"":26,""00100001"":7,""10001001"":2,""10100110"":7,""00101000"":3,""00001111"":9,""10111001"":9,""00101011"":1,""11001000"":7,""10001111"":6,""10100101"":6,""11011101"":3,""10111011"":6,""00111100"":5,""10011000"":5,""00010100"":5,""10111111"":17,""00011110"":4,""00111110"":2,""11011110"":6,""01010101"":7,""11010101"":2,""00111001"":2,""10110001"":8,""11010100"":3,""00010011"":4,""11011100"":14,""11111000"":4,""00111111"":4,""11101001"":9,""11001110"":4,""10010100"":3,""11101110"":5,""11101011"":1,""11101000"":3,""00101111"":5,""00000010"":4,""10001110"":2,""00110100"":5,""11111010"":2,""00010111"":5,""10010110"":4,""00110001"":2,""10111010"":6,""00011101"":7,""10011101"":3,""10011001"":2,""00010101"":3,""11011111"":3,""10011110"":6,""11011010"":3,""11001011"":3,""11100101"":4,""00000110"":3,""11100001"":4,""11100100"":4,""00111010"":2,""00011011"":3,""11000111"":3,""11000110"":2,""00100011"":6,""11110100"":3,""00101101"":1,""11110111"":2,""00111101"":1,""10010011"":1,""00000100"":2,""10000001"":2,""11010001"":1,""00011001"":2,""00110010"":5,""00001001"":2,""10110101"":4,""00110110"":1,""10110110"":3,""11111011"":3,""00100111"":1,""00101010"":1,""00100110"":3,""10001011"":1,""10010001"":1,""00010001"":1,""10000110"":1,""11000100"":1,""11101010"":1,""10010101"":1,""10000111"":1}"
20,x,4000,-0.21950000000000003,0.02200000000000002,0.03649999999999998,-0.23950000000000005,-0.03499999999999992,0.24350000000000005,-0.3680000000000001,0.583,"{""01111000"":32,""01011010"":53,""11011111"":5,""00101001"":12,""01011000"":56,""10011100"":12,""01011001"":110,""01011011"":61,""01010011"":26,""10011000"":18,""01110101"":37,""01010100"":32,""01001101"":66,""10111011"":6,""01111110"":35,""01000011"":41,""01110001"":32,""01010111"":36,""00111101"":5,""01011111"":83,""01000001"":46,""01010000"":20,""10101111"":11,""10000001"":6,""10010110"":7,""00010110"":11,""01110011"":31,""01101011"":37,""10011111"":21,""01110111"":48,""01011100"":38,""01010010"":26,""10010010"":6,""01001010"":64,""01001011"":66,""01110110"":26,""00011111"":15,""10111010"":8,""01010101"":52,""01111101"":49,""01000010"":24,""11111001"":6,""01000111"":47,""10110011"":7,""00110111"":10,""01111111"":37,""00010001"":9,""01111001"":53,""10110001"":5,""01011101"":81,""10011101"":23,""10011011"":23,""10000011"":10,""01110000"":20,""01111010"":34,""00010011"":10,""10000111"":17,""00011101"":15,""00011000"":17,""01101001"":54,""01101101"":37,""00000000"":5,""10001011"":22,""01101111"":42,""00001011"":17,""01100001"":21,""11000111"":3,""01001001"":100,""01100110"":19,""10000101"":8,""00001000"":14,""11010001"":5,""01001111"":51,""01100011"":27,""10001001"":28,""10000110"":8,""10100110"":6,""00100001"":12,""10101001"":10,""00001010"":19,""01001000"":50,""01001100"":24,""00000110"":18,""01101000"":20,""00101010"":6,""01001110"":29,""01111011"":31,""10000000"":7,""01100000"":19,""10101011"":6,""00001001"":32,""01010001"":35,""00000001"":12,""11001001"":8,""01101010"":37,""11001111"":5,""10101101"":12,""00001111"":17,""10001101"":20,""10001010"":20,""00101011"":6,""10100011"":7,""10001000"":21,""00100111"":11,""11000101"":4,""10001111"":27,""11011010"":8,""00111010"":8,""01010110"":36,""01110010"":15,""01011110"":44,""00010000"":10,""00110110"":13,""00010101"":13,""01111100"":28,""10010101"":8,""10010100"":7,""01110100"":22,""11001011"":5,""11011011"":5,""00110011"":3,""11110100"":3,""11111101"":6,""00011010"":17,""00111100"":5,""11110000"":2,""11001100"":1,""10011001"":24,""01000101"":58,""10011110"":11,""10110111"":6,""11011000"":4,""00110000"":4,""00011100"":9,""00011011"":12,""11000001"":5,""11011100"":2,""10011010"":13,""00000011"":9,""11010010"":1,""11010011"":5,""11110010"":3,""00111001"":9,""11010101"":9,""10010001"":8,""10010111"":12,""11111100"":6,""10110010"":3,""10111000"":12,""11010111"":3,""00110100"":6,""10110101"":5,""00110001"":11,""01100101"":25,""11101110"":1,""00001101"":13,""11100110"":2,""00000010"":10,""10001100"":7,""11101010"":3,""01000100"":26,""11100111"":4,""00101000"":9,""01100100"":13,""00111000"":6,""00000111"":9,""01100111"":29,""01101110"":19,""11001110"":5,""11001000"":4,""11001101"":5,""10001110"":14,""00111110"":10,""00001100"":10,""00011001"":26,""01000110"":24,""00001110"":6,""01101100"":23,""11110101"":4,""00100011"":13,""01100010"":28,""00000101"":6,""00100010"":5,""10111110"":6,""10100111"":4,""11101111"":5,""00010111"":11,""10100001"":4,""00101100"":8,""11100000"":2,""11100011"":5,""00100000"":5,""00111111"":13,""00100110"":5,""00101101"":9,""11100010"":3,""11100100"":1,""10101110"":3,""11000011"":2,""00100101"":11,""11101000"":3,""10000010"":6,""01000000"":25,""10100100"":2,""00101110"":2,""11001010"":6,""10000100"":5,""11000110"":1,""11111000"":2,""10100101"":2,""00000100"":4,""10101100"":4,""11000010"":1,""00010100"":7,""00100100"":4,""00011110"":17,""00010010"":7,""00110010"":7,""10111111"":9,""10110000"":4,""10101010"":5,""10101000"":4,""00101111"":9,""11100001"":4,""00111011"":4,""11111110"":3,""10010011"":4,""10111100"":3,""11011001"":12,""11111111"":5,""10111001"":9,""10111101"":10,""11111011"":3,""00110101"":8,""11011101"":4,""11010110"":2,""11110001"":4,""10110100"":5,""11110111"":4,""11010000"":1,""10010000"":1,""10100010"":2,""11000000"":1,""10110110"":2,""11011110"":2,""11101100"":4,""11101011"":3,""11101101"":1,""11110110"":2,""11101001"":3,""10100000"":2,""11000100"":1,""11110011"":2,""11111010"":1,""11010100"":1}"
21,x,4000,-0.1884999999999999,0.13549999999999995,0.11450000000000005,-0.04200000000000004,-0.012499999999999956,0.743,0.3065,0.38949999999999996,"{""00011101"":81,""00000001"":97,""00001011"":43,""01101111"":9,""11001000"":11,""00001001"":104,""11000001"":10,""10100001"":6,""00001111"":48,""10011111"":22,""11000111"":6,""11000101"":9,""00001000"":43,""01000001"":36,""11001111"":10,""10000100"":22,""00000011"":62,""00101000"":2,""01001111"":27,""01100010"":7,""00001101"":60,""10001001"":45,""10001111"":21,""01100101"":7,""01101000"":9,""00100001"":7,""00000101"":46,""11010110"":11,""00000000"":45,""11001100"":7,""01001101"":30,""10010001"":47,""10001011"":18,""01000101"":24,""10000010"":10,""01011001"":46,""00001110"":42,""11001011"":8,""01000011"":30,""01000111"":21,""10000110"":20,""00101001"":7,""00000111"":46,""00100111"":4,""00101111"":8,""01100001"":13,""00100000"":8,""00100101"":4,""00000100"":31,""00000110"":39,""11001001"":20,""01000100"":23,""10001101"":24,""00111001"":7,""00011011"":44,""11001110"":12,""00001010"":46,""10000101"":20,""10011000"":18,""00010000"":62,""11101111"":1,""01000010"":23,""10101001"":4,""11000100"":6,""10001000"":22,""00010010"":41,""01111101"":9,""00101101"":3,""10000001"":28,""00010011"":56,""00001100"":28,""11010111"":8,""11011011"":9,""11001101"":11,""01010111"":18,""01101001"":16,""01101101"":12,""10000111"":17,""01001001"":41,""00110111"":6,""11101001"":2,""10001110"":25,""01011111"":23,""00100010"":3,""01100111"":4,""00011100"":54,""11101010"":1,""11000011"":14,""10100010"":2,""01101011"":4,""01001100"":18,""00011000"":44,""10110110"":3,""10000011"":23,""10010010"":15,""00100011"":5,""10110000"":4,""01001110"":16,""01001000"":22,""11110010"":3,""00000010"":30,""10100101"":3,""11100001"":2,""10011100"":26,""10100011"":6,""10000000"":25,""10001100"":16,""00101100"":6,""01000000"":15,""01001011"":26,""01000110"":20,""11001010"":11,""00100100"":4,""01001010"":21,""11100111"":3,""01111010"":9,""01010011"":33,""11000010"":6,""10001010"":20,""00010110"":33,""01011010"":17,""11010000"":10,""01111000"":5,""01101110"":9,""10101010"":2,""00011110"":28,""01010000"":28,""10010111"":22,""11100100"":2,""01011011"":20,""10110011"":4,""01111100"":6,""10101111"":2,""00010001"":88,""01101010"":3,""11011111"":8,""01100100"":9,""11100011"":3,""00010100"":36,""01011000"":27,""11000000"":8,""11100000"":1,""10011010"":20,""00010111"":36,""00111110"":3,""01010001"":36,""11000110"":8,""10100111"":6,""01100011"":5,""10111101"":6,""10100000"":3,""00101010"":4,""10011110"":24,""11100010"":1,""00110010"":5,""01011101"":42,""01010100"":15,""11111111"":1,""01011100"":29,""00010101"":38,""11010001"":20,""10010110"":20,""11011010"":11,""00111000"":6,""00111101"":9,""10010101"":21,""10011011"":27,""01110101"":7,""11011101"":17,""10011001"":39,""01110011"":7,""00011111"":46,""01111001"":14,""00011001"":75,""10111011"":4,""01110001"":8,""10010100"":13,""01110111"":6,""00011010"":34,""00110001"":8,""01101100"":4,""11011100"":13,""10101011"":2,""01011110"":12,""11011110"":7,""00101110"":3,""00100110"":4,""01110000"":5,""10111100"":1,""10110010"":2,""00111011"":14,""11010100"":8,""10111001"":6,""01111111"":8,""00110100"":5,""10010011"":36,""00111100"":6,""00110000"":8,""10010000"":24,""01010101"":16,""10011101"":32,""01110110"":4,""01010010"":13,""01110010"":3,""00111111"":6,""01111011"":5,""01110100"":9,""11011001"":14,""11010011"":16,""10111000"":1,""01111110"":3,""11011000"":9,""11010101"":10,""11111001"":2,""11111101"":3,""11110011"":2,""11010010"":10,""11111000"":1,""01100000"":3,""00110110"":3,""11110001"":1,""10110001"":1,""10111111"":2,""11110111"":2,""11100110"":2,""10111010"":4,""00101011"":4,""01010110"":12,""11111100"":2,""11110101"":1,""10101100"":2,""01100110"":7,""10110101"":1,""11101011"":1,""10101101"":2,""10101110"":1,""10110100"":1,""11101100"":2,""00111010"":1,""00110011"":1,""11111110"":1}"
22,x,4000,-0.3560000000000001,0.019499999999999962,-0.4315,0.14200000000000002,-0.03049999999999997,0.5795,0.5589999999999999,-0.5994999999999999,"{""10101011"":8,""10000101"":199,""10000011"":57,""00000101"":9,""01010011"":7,""10000111"":138,""11101010"":2,""10001011"":80,""01000111"":18,""11100010"":2,""10100111"":30,""10000110"":84,""11100101"":23,""11100110"":3,""10001010"":27,""10001111"":95,""10101111"":10,""10011110"":52,""00100011"":4,""10001101"":140,""11001110"":8,""10000001"":32,""10010001"":25,""11000001"":4,""01001110"":5,""10011011"":100,""10010111"":168,""01000101"":32,""10100011"":10,""10001001"":55,""01100111"":15,""10001100"":52,""01101101"":12,""11100111"":12,""00100111"":7,""10100110"":14,""00000011"":7,""10000010"":24,""00100101"":6,""10011111"":102,""00001001"":10,""10100101"":26,""10011010"":30,""00000111"":17,""10001110"":45,""10000100"":90,""01000011"":7,""01001011"":10,""11000110"":7,""10101101"":16,""10110111"":19,""00000110"":10,""00100110"":7,""10001000"":29,""11101000"":1,""01000010"":6,""01101110"":4,""10101000"":5,""01000110"":8,""11011101"":9,""00001100"":5,""01100101"":7,""10000000"":28,""11001101"":15,""11001111"":7,""10010101"":216,""11000100"":12,""11000111"":5,""11000011"":4,""00000100"":8,""01101011"":4,""11001001"":6,""01001111"":12,""01011010"":5,""00100100"":4,""01100011"":6,""10110110"":21,""11001011"":6,""01001100"":8,""11100100"":9,""10011001"":57,""10101100"":10,""01000000"":3,""10100100"":16,""00000010"":8,""11000000"":3,""11101101"":7,""11101001"":4,""11001010"":3,""00010110"":5,""10010110"":86,""00010101"":26,""00111100"":3,""10101001"":5,""11101110"":5,""11001100"":6,""00110111"":6,""01001101"":18,""00001111"":5,""11100011"":6,""01000001"":3,""01100100"":4,""01000100"":12,""11101100"":3,""00010100"":8,""10011000"":24,""00101101"":4,""00101110"":3,""11000101"":14,""00110011"":6,""11000010"":5,""01011100"":11,""01010101"":28,""00110101"":13,""10111111"":29,""10010010"":30,""10010100"":84,""00111110"":6,""11111101"":15,""01010010"":6,""10010011"":65,""10011100"":52,""01010110"":9,""11111001"":3,""01110111"":9,""10010000"":23,""10111000"":1,""01011110"":6,""11010010"":3,""10011101"":120,""11010110"":8,""11010101"":18,""10110100"":17,""01010111"":19,""10111001"":14,""00110110"":4,""00010001"":4,""11011100"":6,""01110100"":5,""10111110"":7,""11110101"":19,""00010010"":1,""10110011"":15,""01110001"":2,""11110100"":9,""00111111"":6,""11011001"":8,""00110010"":3,""11010100"":7,""11010001"":2,""01011011"":18,""01011101"":19,""11110010"":5,""00001101"":10,""00001110"":4,""10111101"":12,""11101011"":8,""11110110"":3,""11001000"":3,""01100000"":4,""11100000"":5,""11111100"":2,""00100000"":3,""01001001"":8,""01101010"":2,""11111010"":5,""00111011"":3,""10110001"":7,""00011110"":3,""10111100"":10,""01110000"":1,""01010100"":11,""11010111"":14,""11110001"":2,""10110010"":5,""00010111"":15,""01110110"":7,""01011111"":13,""01111011"":2,""10110101"":36,""11011111"":8,""11011110"":6,""11011010"":1,""10101110"":5,""00101111"":2,""10100000"":3,""11100001"":3,""00001011"":4,""01100110"":8,""00000001"":4,""01011000"":6,""00011100"":4,""01111110"":2,""11111011"":6,""00011010"":5,""00010011"":8,""10100010"":2,""00011101"":10,""00011011"":7,""00010000"":3,""11110111"":15,""01101001"":2,""11101111"":8,""01110101"":19,""11111111"":8,""11111110"":3,""00110100"":5,""00011001"":6,""01111111"":6,""01111100"":5,""11011000"":1,""11110011"":6,""01011001"":9,""01111010"":1,""00111101"":4,""11010011"":4,""10100001"":5,""00100010"":2,""10101010"":4,""00111000"":1,""01111101"":3,""10110000"":4,""01101111"":6,""11011011"":9,""10111011"":9,""00011111"":3,""01001010"":2,""01101000"":1,""00001010"":3,""00101100"":2,""00001000"":1,""00101011"":2,""01101100"":3,""00100001"":2,""00101000"":1,""00011000"":3,""00110000"":3,""01111001"":2,""01001000"":1,""01110010"":1,""01110011"":2,""10111010"":1,""00111010"":1,""00110001"":3,""01010001"":2,""00111001"":1,""01100010"":1}"
23,x,4000,-0.17399999999999993,0.4425,0.13,-0.01649999999999996,0.04400000000000004,0.733,-0.6665000000000001,-0.526,"{""01110010"":2,""11010110"":40,""11111011"":16,""11010100"":101,""01010000"":19,""10010111"":17,""11010101"":128,""01010110"":14,""11110100"":14,""10000100"":18,""11011111"":17,""01011011"":23,""11011010"":58,""00001000"":7,""01111000"":4,""11011101"":51,""10001100"":9,""11000100"":101,""10010100"":17,""00000101"":16,""10011001"":31,""11100101"":35,""11011000"":111,""11110111"":11,""11110110"":8,""11010011"":31,""10011000"":26,""11011001"":178,""11001000"":124,""11111001"":29,""11001001"":197,""01111001"":4,""01001101"":17,""10110000"":3,""10110010"":1,""10011100"":5,""01011000"":37,""11010111"":42,""11011011"":67,""11000010"":28,""10010101"":32,""01010101"":39,""11010000"":49,""01011001"":62,""10111001"":4,""10000110"":10,""00011000"":7,""01010100"":27,""11000110"":47,""10011010"":7,""11111000"":16,""10000001"":13,""11001010"":62,""10010110"":7,""01001000"":33,""10101001"":5,""00111011"":5,""01011101"":19,""11010001"":82,""01011100"":18,""11011110"":11,""11111101"":8,""10011101"":13,""11110010"":6,""01000001"":23,""11001011"":60,""01001011"":19,""11000101"":149,""00000100"":12,""01001001"":52,""11000001"":111,""11001101"":75,""11000111"":70,""00011001"":17,""00001010"":2,""11101000"":24,""11101011"":4,""10000101"":19,""11011100"":42,""11001111"":21,""11000000"":56,""11100001"":18,""10101000"":1,""11001100"":46,""11101001"":28,""11101100"":10,""10001000"":21,""00001011"":6,""01001010"":10,""01000101"":42,""10111011"":5,""01000000"":22,""00010100"":5,""10001001"":42,""10100101"":5,""01101010"":1,""01000111"":14,""01000100"":29,""11100111"":11,""00001001"":15,""10000000"":12,""10001011"":16,""01001100"":16,""01100011"":1,""00000111"":4,""00101111"":1,""11101111"":3,""01000011"":10,""01100010"":2,""11001110"":20,""01100001"":1,""11100100"":26,""10010001"":20,""11100110"":3,""01010111"":14,""01110101"":4,""11110101"":23,""11100011"":4,""11111100"":6,""00010000"":3,""10010000"":13,""00010001"":10,""01011010"":14,""00010101"":10,""00001101"":6,""10011110"":6,""01000010"":14,""00000000"":7,""00100000"":1,""10001101"":9,""10001111"":3,""11101010"":12,""11000011"":27,""11100000"":10,""00000001"":6,""01101011"":4,""11101110"":3,""11100010"":2,""11110000"":6,""10001010"":8,""00011010"":5,""01110001"":2,""00011011"":5,""01010001"":29,""00011100"":2,""10111010"":2,""11010010"":25,""00110111"":3,""00010010"":2,""10011111"":2,""11110001"":10,""00010111"":7,""10110101"":2,""01110111"":5,""00001100"":3,""01010011"":8,""00111101"":2,""01110011"":2,""01011111"":7,""10010010"":4,""00011111"":2,""11111010"":11,""10110110"":1,""00111001"":4,""00111100"":1,""00111111"":1,""10110001"":1,""01100101"":5,""01101000"":6,""10000111"":6,""11101101"":8,""01101001"":9,""00000011"":5,""00100101"":5,""00010011"":3,""00111110"":2,""11111110"":3,""00011101"":4,""01110100"":2,""01011110"":4,""10001110"":3,""01101101"":1,""10100100"":5,""11110011"":3,""00011110"":1,""10011011"":4,""01111111"":2,""01111100"":2,""10000010"":3,""00100100"":3,""10100000"":2,""01000110"":15,""01100100"":2,""00000010"":1,""01100111"":4,""10100111"":1,""10000011"":6,""01001110"":5,""10100110"":1,""00101000"":1,""01100110"":1,""01110110"":3,""10111000"":3,""01010010"":2,""10101010"":3,""10101101"":1,""00000110"":1,""10110100"":1,""10101100"":2,""00110001"":2,""00110010"":1,""01111010"":1,""00110101"":1,""01111011"":2,""00111010"":1,""01001111"":5,""00110011"":1,""00010110"":1,""00110100"":1,""10111110"":1,""00101011"":1,""11111111"":1,""00100011"":1,""00101010"":1,""10100001"":1}"
24,x,4000,0.08799999999999997,-0.12549999999999994,0.139,-0.016999999999999904,0.04400000000000004,0.758,-0.7175,0.831,"{""01001001"":65,""01000111"":132,""01000010"":162,""01000000"":69,""01000001"":49,""01000100"":100,""01000101"":59,""01101010"":12,""01100111"":16,""01001111"":65,""01001101"":79,""01001011"":127,""01101111"":7,""11000001"":7,""01000011"":107,""00011000"":18,""01001010"":170,""01101000"":14,""11000100"":8,""01001000"":77,""01001100"":107,""11000111"":12,""00001010"":17,""11101110"":3,""01111001"":13,""11000011"":13,""11001011"":5,""11100010"":3,""10101010"":1,""00100011"":9,""00000111"":14,""00000010"":17,""01001110"":47,""00100100"":2,""11100000"":2,""10000111"":4,""00001111"":7,""11011011"":6,""01010011"":89,""01100011"":15,""01011001"":82,""10001101"":2,""01101011"":13,""01010101"":68,""00100110"":6,""01011110"":42,""00101001"":5,""11000010"":13,""01000110"":80,""01010000"":85,""00011111"":5,""01011000"":93,""00011001"":6,""00011010"":14,""01010111"":108,""01010010"":105,""01010100"":116,""00110001"":7,""01011010"":177,""01011100"":126,""01011101"":59,""00110111"":5,""01010110"":60,""11010101"":8,""00111010"":3,""00111011"":8,""01100010"":18,""01110011"":7,""01100100"":4,""01110110"":6,""01011111"":48,""01010001"":58,""01101001"":11,""00010010"":14,""01111111"":3,""10110001"":2,""01011011"":131,""00010100"":8,""11011010"":7,""00110011"":13,""10011111"":1,""01111010"":14,""11011100"":13,""01111110"":4,""00110000"":5,""11110101"":1,""00010101"":5,""01110101"":3,""10110010"":1,""10010111"":3,""11010011"":6,""00000100"":7,""11001100"":11,""00001011"":13,""00000001"":5,""10001011"":7,""11001000"":6,""00101100"":8,""11000110"":6,""00100010"":6,""00101111"":2,""10001001"":4,""00101101"":2,""11001010"":21,""00000110"":5,""00000101"":10,""01100101"":2,""00001101"":6,""11001110"":2,""11010010"":6,""11100100"":3,""00001100"":14,""11101101"":1,""00110010"":8,""11000101"":4,""00101011"":11,""01101100"":10,""00001001"":10,""00100111"":6,""00101000"":7,""01111011"":13,""10011000"":2,""11001001"":3,""10100111"":1,""10101100"":1,""00101010"":8,""00101110"":3,""10001110"":2,""11001101"":3,""01100001"":4,""10011011"":4,""00110100"":9,""11011001"":5,""01110001"":6,""10011110"":2,""10010011"":3,""11011101"":4,""00010110"":7,""10011100"":5,""00010000"":10,""01110010"":9,""11010001"":5,""00010001"":1,""01111000"":8,""00010011"":9,""01110111"":7,""00011110"":2,""00111110"":6,""00111100"":5,""00011011"":7,""10110011"":1,""00010111"":11,""00011101"":4,""11111111"":1,""00110101"":4,""11010110"":2,""00001000"":11,""11011111"":4,""00111101"":1,""10000010"":3,""11101010"":2,""11110110"":1,""01111101"":9,""00100001"":4,""11110100"":1,""10100100"":1,""00000011"":8,""00001110"":9,""01100000"":4,""11001111"":2,""00100000"":5,""11110000"":1,""11010000"":3,""10010100"":1,""00111001"":2,""11111100"":1,""00110110"":7,""11000000"":2,""01111100"":6,""00111000"":4,""01110000"":8,""10010110"":2,""11011110"":2,""11010100"":4,""00011100"":3,""10010010"":3,""10011010"":3,""10000100"":1,""10011001"":3,""10000000"":4,""00100101"":2,""10000001"":5,""01100110"":7,""10101011"":1,""10001010"":5,""00000000"":6,""10101001"":2,""10101000"":1,""01101101"":8,""10000011"":5,""10101110"":1,""10011101"":3,""11010111"":3,""11110011"":1,""10001100"":2,""10100011"":1,""10001000"":2,""11111011"":2,""11101100"":1,""11101011"":1,""10111010"":1,""11100111"":1,""10100101"":1,""10000110"":3,""10010101"":4,""10001111"":2,""11011000"":5,""00111111"":1,""11101000"":2,""10100110"":1,""11110111"":1,""10100000"":1,""01101110"":2}"
25,x,4000,-0.056499999999999995,-0.04800000000000004,0.19499999999999995,-0.2855000000000001,0.013000000000000012,0.08199999999999996,0.055499999999999994,-0.14149999999999996,"{""10111001"":41,""01111011"":68,""01111010"":35,""10111011"":55,""01010111"":36,""01110110"":21,""10010101"":25,""10010111"":46,""10011111"":34,""10111111"":16,""01011001"":30,""01011011"":46,""11111001"":17,""10111000"":40,""01011010"":34,""01111100"":10,""10011001"":64,""01111111"":24,""10111101"":14,""00111010"":7,""10111010"":33,""01011000"":49,""10010001"":22,""01000011"":12,""10011010"":49,""10011101"":24,""10010011"":12,""10110000"":14,""01011110"":4,""11110110"":10,""10011000"":98,""01010101"":23,""10011011"":101,""11011001"":7,""10010000"":17,""01110111"":24,""10101010"":38,""01010110"":21,""01100100"":27,""00111011"":7,""10010110"":49,""11011011"":16,""11010110"":8,""00010100"":3,""11011010"":8,""10110010"":7,""01011111"":11,""11100010"":2,""01010001"":7,""00110101"":3,""01111000"":44,""01111001"":29,""00011011"":11,""01110011"":17,""01110010"":5,""01001000"":48,""01110001"":11,""01001001"":23,""01001110"":9,""10000110"":40,""01101010"":40,""10000100"":36,""11101101"":3,""10000111"":39,""10101011"":59,""01101011"":76,""10001011"":91,""00000101"":3,""10001000"":68,""10100100"":25,""01101000"":66,""11101011"":16,""10000011"":23,""10001100"":20,""10100101"":24,""10101000"":41,""11100101"":7,""01110000"":6,""11000010"":4,""11101000"":21,""01001011"":43,""10101100"":20,""00001000"":7,""01101001"":33,""00000000"":2,""11100111"":9,""11101010"":11,""10101001"":32,""11001000"":16,""10001110"":16,""01100101"":15,""01001010"":30,""01000110"":25,""11001111"":3,""00001010"":4,""00001101"":4,""10001010"":46,""10001111"":32,""11100000"":3,""00101010"":4,""01001100"":9,""01101110"":20,""10010100"":44,""11001001"":10,""10000001"":18,""00100001"":1,""01000100"":21,""11101001"":9,""00001011"":14,""10101111"":23,""01100111"":32,""01000000"":15,""00101100"":2,""10101101"":15,""10100010"":10,""00001001"":7,""00011010"":7,""11111011"":22,""10110110"":13,""01010100"":38,""01110100"":23,""00010110"":5,""11110111"":10,""00010010"":1,""10110100"":20,""10110001"":6,""10011100"":18,""10000010"":16,""11010000"":2,""11111010"":10,""01001111"":19,""10011110"":13,""10100111"":25,""10110111"":10,""11011111"":6,""01110101"":12,""01000101"":14,""10100110"":24,""01101101"":21,""11000000"":1,""00101001"":7,""11101111"":6,""00000001"":2,""01000111"":27,""01100011"":15,""10000101"":27,""01101100"":20,""11000111"":4,""10100011"":13,""10001001"":68,""01100110"":20,""11000101"":11,""11100100"":12,""00000100"":3,""11101110"":7,""00101000"":4,""00001111"":5,""10100000"":10,""00100110"":3,""11100001"":5,""01000010"":12,""10100001"":4,""00001110"":1,""01101111"":22,""11001101"":1,""00101111"":4,""10001101"":8,""11001011"":13,""01001101"":9,""01111101"":16,""01011101"":15,""00100101"":2,""01000001"":13,""00110010"":2,""11001100"":4,""10101110"":18,""00101011"":13,""01100000"":9,""01100001"":17,""11110101"":4,""00110001"":2,""10110011"":7,""01011100"":11,""11010100"":5,""11111110"":2,""00011101"":5,""11110100"":8,""11111000"":16,""10010010"":8,""00111110"":4,""11100110"":3,""00011000"":9,""00010000"":2,""10111110"":11,""10111100"":14,""00111000"":6,""11110000"":4,""11111111"":4,""10110101"":10,""11011101"":3,""11100011"":6,""11101100"":1,""11000100"":3,""00100111"":6,""11001110"":2,""10000000"":9,""00010001"":3,""11010101"":4,""01010011"":11,""01111110"":14,""11110011"":3,""00110011"":3,""00111001"":9,""11111101"":2,""00100011"":2,""00010011"":2,""00000011"":2,""11110010"":1,""11010111"":3,""11011000"":15,""00110100"":3,""00010101"":7,""11110001"":3,""00011001"":4,""11010010"":2,""11010011"":2,""11001010"":7,""11000110"":4,""00011110"":3,""11000001"":2,""01100010"":7,""01010000"":11,""00010111"":6,""01010010"":4,""00110110"":2,""00000110"":2,""00001100"":2,""00011100"":3,""11011100"":2,""11000011"":2,""00101110"":2,""00111111"":2,""00011111"":1,""11011110"":1,""00111101"":2,""00110000"":2,""00000010"":1,""00110111"":1,""00000111"":1,""00100000"":1,""11111100"":2}"
26,x,4000,0.369,-0.09349999999999992,0.1785,0.039000000000000035,-0.1685000000000001,0.349,0.4425,-0.6605000000000001,"{""00011100"":9,""10000110"":88,""11111010"":38,""11111011"":13,""10111010"":54,""10101100"":14,""11000000"":12,""10001011"":34,""11111000"":35,""11110010"":39,""10001010"":94,""10010100"":70,""11111001"":21,""10001110"":70,""10011001"":61,""11100010"":18,""10011010"":113,""10011011"":38,""11001000"":20,""00101001"":4,""11101110"":7,""10001000"":73,""10011110"":81,""11001100"":12,""10011100"":58,""11111110"":24,""10101000"":5,""11100101"":5,""10101010"":16,""11010010"":28,""11101001"":8,""10100010"":15,""00001100"":10,""11011111"":7,""11010001"":19,""01011010"":6,""10111001"":40,""10011000"":63,""10001100"":45,""00011010"":20,""10010111"":25,""10011101"":26,""11001110"":18,""00011111"":5,""11001001"":16,""11011010"":34,""01011001"":4,""01111110"":8,""10111110"":48,""10001101"":24,""10001001"":52,""00011110"":10,""11111100"":13,""00111010"":19,""11010100"":20,""10001111"":32,""10111100"":28,""10110100"":41,""00001110"":13,""11111101"":4,""01111100"":9,""10010010"":136,""10010001"":60,""11000101"":12,""11110000"":22,""10110010"":64,""00000010"":25,""00010010"":25,""10110110"":41,""11110100"":19,""11110111"":9,""11001010"":22,""11100000"":5,""11100110"":8,""10010000"":50,""10000001"":68,""11100100"":10,""11010110"":18,""10100001"":3,""00100000"":5,""11110001"":16,""00100100"":6,""00000110"":18,""10010110"":79,""10000010"":111,""11010000"":13,""11100001"":13,""10011111"":17,""00110110"":12,""10100100"":12,""00010101"":3,""11000111"":12,""10000111"":28,""10010011"":35,""11000010"":21,""00000100"":10,""00000000"":10,""00110100"":5,""11100011"":9,""00110001"":5,""10110000"":28,""11110011"":12,""10110011"":13,""10000011"":39,""00000101"":3,""00110010"":12,""10000100"":50,""10111011"":21,""01100110"":6,""00010001"":10,""00100010"":7,""10000000"":62,""10100101"":4,""10000101"":29,""01110000"":8,""01010000"":4,""01110100"":8,""11000110"":23,""11110110"":26,""10100011"":9,""01001001"":4,""01000110"":6,""00010100"":11,""01000010"":7,""10110001"":26,""01110011"":4,""10010101"":28,""00100001"":1,""11000001"":17,""01111000"":7,""11000100"":19,""11100111"":4,""10110101"":17,""00010000"":8,""11010011"":6,""10101111"":3,""01010011"":3,""10110111"":9,""01000011"":1,""01101010"":3,""00101010"":7,""01010010"":6,""11010111"":6,""10101101"":5,""11001111"":9,""00010110"":8,""11110101"":11,""00100111"":2,""01100100"":4,""01100010"":9,""00001010"":14,""00000001"":5,""10111000"":23,""11000011"":7,""10100000"":8,""00000011"":2,""00001000"":13,""00110000"":9,""00110111"":3,""01110001"":8,""01010101"":3,""01010001"":3,""01101000"":5,""10100111"":2,""10111111"":16,""10100110"":9,""11011001"":10,""00111100"":4,""00110101"":2,""01010111"":2,""00001001"":14,""00101100"":2,""10101110"":8,""01001110"":4,""00111110"":3,""00101000"":8,""10111101"":8,""01011000"":4,""11101010"":12,""01111010"":6,""00111011"":3,""11011100"":12,""00111101"":2,""01001010"":6,""01010100"":8,""01100000"":3,""00100011"":2,""00000111"":2,""00100101"":1,""01000100"":4,""00100110"":5,""00111000"":4,""01101011"":3,""01001011"":1,""11001101"":10,""00011001"":12,""00001101"":2,""11011110"":10,""10101001"":9,""01001100"":2,""01111101"":4,""11011000"":14,""10101011"":3,""01001111"":2,""11011011"":13,""00001011"":2,""11111111"":8,""00111111"":3,""11001011"":8,""01101110"":2,""00011011"":8,""11101000"":4,""01011110"":6,""01011100"":5,""11101100"":6,""11011101"":5,""01110010"":7,""00010011"":4,""00011000"":8,""00101110"":6,""01001000"":5,""00001111"":1,""01011101"":3,""00111001"":7,""00011101"":2,""01100101"":1,""01000111"":1,""11010101"":5,""00010111"":7,""01110110"":9,""01111001"":5,""01101001"":3,""01000000"":1,""01000001"":2,""01010110"":4,""01100001"":2,""01110111"":3,""11101011"":2,""01101100"":1,""00101011"":1,""11101111"":1}"
27,x,4000,-0.16799999999999993,-0.020499999999999963,0.11950000000000005,0.038000000000000034,0.028000000000000025,0.671,-0.7150000000000001,-0.7735000000000001,"{""11010100"":93,""11001100"":69,""11000100"":132,""11101000"":20,""11100011"":14,""11111000"":27,""00000100"":7,""11000101"":125,""11000110"":87,""00111010"":2,""10100100"":5,""00011010"":13,""10100010"":2,""11001011"":218,""10100110"":9,""10100111"":16,""01001011"":15,""01001101"":4,""10000000"":7,""11001010"":109,""11001111"":22,""11000001"":50,""11000111"":192,""11010000"":77,""11100101"":17,""01100110"":2,""10001100"":4,""11001000"":99,""11101011"":35,""11010011"":64,""11000010"":52,""11000011"":58,""01000101"":10,""10001101"":2,""10000001"":5,""00000000"":10,""11001110"":28,""10001011"":15,""11000000"":86,""11010110"":54,""10101011"":13,""10001001"":7,""10101010"":7,""11100100"":14,""01001010"":10,""10101100"":3,""11001001"":94,""01001001"":5,""11011011"":240,""01001100"":4,""10101000"":8,""11011001"":114,""00001100"":2,""11101010"":12,""11011111"":30,""11010111"":141,""11111010"":12,""11010001"":70,""00011011"":17,""10111001"":3,""10110100"":7,""00010011"":7,""11011000"":98,""10010111"":2,""11010010"":38,""11110111"":28,""11011100"":61,""11111100"":8,""11111001"":15,""10110110"":3,""11110011"":14,""10011101"":6,""10011000"":6,""00111000"":3,""10110010"":6,""11111101"":9,""10010000"":2,""11011110"":14,""01010000"":5,""11011101"":64,""10111011"":18,""00010111"":10,""01010100"":11,""11011010"":83,""10011111"":1,""01011011"":8,""11110000"":19,""01011010"":4,""10011011"":14,""00110010"":2,""01011100"":4,""10001000"":7,""11111011"":31,""11010101"":119,""11110010"":7,""00000110"":10,""01011000"":7,""10110101"":9,""10110011"":6,""00010010"":3,""11110100"":10,""10111101"":1,""01010010"":2,""00101000"":3,""00010000"":5,""10010110"":4,""10111000"":8,""11110110"":3,""01010110"":4,""00110000"":2,""01110010"":1,""00100000"":2,""11110001"":15,""10010101"":7,""01010011"":8,""00110110"":1,""01111000"":1,""11001101"":34,""01010101"":5,""10010100"":6,""00010100"":5,""11111111"":3,""10110111"":12,""01110001"":2,""01110101"":2,""11101001"":11,""10010001"":2,""10010011"":4,""00101001"":4,""01000011"":7,""01010111"":11,""11110101"":16,""10110000"":6,""00010101"":12,""00001001"":8,""11101100"":9,""01000000"":6,""10111010"":4,""00001000"":5,""11101101"":10,""11111110"":2,""10100101"":4,""00110111"":3,""11100111"":17,""01000100"":8,""00000101"":8,""11101111"":5,""01000111"":10,""00001011"":14,""10000101"":5,""01001110"":1,""00000111"":15,""01101000"":1,""01111011"":1,""00111001"":2,""00111011"":3,""10000111"":19,""10100001"":5,""00100011"":1,""01000001"":6,""10001111"":1,""00100001"":2,""01001111"":2,""11100110"":9,""00011101"":2,""10000100"":4,""00010001"":4,""01010001"":5,""00000011"":7,""01011001"":5,""00011111"":1,""00011100"":2,""10110001"":2,""00110011"":2,""10100011"":6,""01000110"":5,""00100100"":2,""00000001"":6,""00001101"":1,""11100000"":6,""00100111"":3,""10100000"":4,""10101001"":1,""00011001"":7,""10101101"":1,""11100001"":8,""01110110"":1,""11100010"":4,""00001010"":3,""10101110"":1,""10001010"":5,""10000011"":2,""00101100"":1,""10000110"":3,""10111100"":3,""01011101"":2,""00111101"":2,""10011001"":3,""00001110"":4,""01001000"":3,""01101001"":2,""01100010"":1,""01000010"":4,""01011111"":1,""00110101"":2,""00011110"":2,""10010010"":1,""10011010"":2,""01111010"":1,""00010110"":3,""01110111"":3,""00110100"":2,""00011000"":2,""00101010"":2,""00100010"":1,""11101110"":2,""00101101"":1,""01100100"":2,""00000010"":3,""01101101"":1,""00101011"":2,""00111100"":2,""10000010"":1}"
28,x,4000,0.41200000000000003,-0.26449999999999996,-0.41300000000000003,-0.0035000000000000586,0.3035,0.6575,-0.5395000000000001,-0.1399999999999999,"{""11000101"":47,""11010111"":33,""01001100"":61,""10000000"":12,""11001010"":57,""01000110"":127,""00011110"":5,""11000110"":148,""01010100"":42,""11010110"":85,""10000101"":16,""01000010"":47,""01010110"":65,""00010110"":16,""11000010"":58,""11000111"":60,""11000000"":27,""10011000"":12,""00100010"":1,""11011100"":36,""10000110"":44,""11010000"":20,""00110000"":2,""01010010"":26,""01010001"":11,""10010101"":5,""01010000"":8,""11000001"":18,""01010101"":17,""01010111"":29,""11101111"":9,""10110110"":15,""00100000"":6,""11010011"":16,""00000001"":2,""10010110"":29,""11010001"":12,""01100111"":14,""11000100"":78,""01000011"":24,""01011110"":72,""01001110"":145,""10000011"":6,""10000010"":24,""11100100"":13,""10110001"":4,""11010010"":31,""00000101"":5,""00010000"":3,""01000100"":57,""01100110"":28,""10000111"":20,""11001000"":43,""11011111"":31,""11100101"":5,""00000011"":3,""01001111"":40,""01100010"":10,""00001000"":4,""11100110"":24,""10000100"":21,""01100001"":6,""10010010"":9,""01100011"":3,""10001111"":22,""00100110"":9,""11010100"":42,""01100101"":10,""10001010"":18,""00110011"":4,""10001101"":14,""10100010"":1,""10100110"":9,""10110100"":5,""00110111"":4,""11110011"":2,""11000011"":27,""00000010"":8,""01000000"":25,""01000111"":46,""00000100"":8,""11001111"":62,""01110111"":2,""00100100"":6,""00000000"":9,""11010101"":25,""11001101"":36,""10100001"":2,""01101110"":20,""10001110"":72,""10010111"":10,""01110110"":17,""01000101"":38,""01001101"":37,""10100000"":3,""00000110"":24,""01110101"":4,""00010111"":7,""00001010"":9,""11001100"":67,""11001011"":22,""11001110"":166,""01011000"":26,""00001100"":14,""00101111"":8,""01011101"":11,""00111001"":2,""00101110"":6,""11101011"":4,""11011011"":11,""11101100"":9,""01011010"":21,""01001001"":10,""10001011"":8,""01011011"":13,""10011111"":7,""00001011"":6,""01011111"":16,""11111010"":2,""01001000"":39,""00001110"":22,""11011010"":24,""01001011"":14,""00111000"":1,""00111110"":13,""01101100"":15,""11011110"":85,""11011101"":26,""10011011"":4,""00011010"":6,""11001001"":12,""01101111"":8,""01011100"":26,""11101001"":5,""11100000"":6,""01111110"":9,""10011110"":33,""01110001"":2,""00000111"":7,""01010011"":12,""00110010"":6,""00100111"":3,""11101101"":11,""11111001"":2,""01100000"":9,""01100100"":21,""10010000"":11,""01110000"":3,""10110000"":2,""10000001"":7,""10001000"":22,""00010100"":7,""00101010"":7,""11100010"":11,""01110010"":4,""01000001"":12,""01101001"":6,""10011100"":17,""11011000"":13,""10001001"":5,""10101111"":3,""11111000"":10,""01001010"":54,""10111101"":3,""01111011"":2,""10011010"":11,""00011000"":4,""10001100"":31,""10111110"":8,""11111100"":7,""10111111"":4,""10101110"":10,""11011001"":13,""11101110"":27,""10011001"":4,""11111101"":5,""11100111"":6,""11110110"":10,""00110110"":9,""11110010"":5,""10010100"":8,""00010010"":4,""11110111"":5,""00010001"":4,""10100100"":3,""11111110"":20,""11110101"":4,""11110100"":6,""11110000"":2,""00001101"":6,""10110010"":1,""10100101"":1,""00101100"":5,""10100011"":2,""11111011"":3,""00010011"":1,""10111000"":2,""01101000"":8,""01111000"":5,""11101010"":9,""01111100"":5,""00111010"":2,""11111111"":6,""01101010"":7,""10010011"":2,""01111101"":6,""00010101"":3,""01111010"":3,""10101101"":3,""00001111"":7,""00011011"":1,""00101000"":3,""10101010"":4,""01101101"":6,""10101100"":3,""10101000"":3,""11110001"":2,""10011101"":3,""00101101"":3,""11101000"":5,""10111011"":2,""01011001"":2,""11100011"":5,""00110100"":2,""00100001"":1,""00011111"":3,""00111100"":2,""10010001"":2,""10110111"":1,""00111111"":2,""10110011"":1,""10111001"":1,""00011100"":4,""10111100"":3,""10100111"":1,""00101011"":1,""00111101"":2,""01111111"":2}"
29,x,4000,0.21799999999999997,0.45199999999999996,0.06599999999999995,0.07199999999999995,0.04600000000000004,0.7585,-0.2829999999999999,-0.062000000000000055,"{""11010110"":16,""10000100"":83,""01010100"":106,""01000010"":28,""01001100"":35,""11001010"":33,""01000110"":44,""01001000"":97,""10001100"":29,""01000100"":108,""11001100"":17,""10000000"":56,""00001011"":4,""10001010"":35,""01001010"":39,""11100100"":11,""11100010"":2,""10001000"":79,""10000010"":13,""11000000"":50,""10001110"":13,""11011010"":20,""01000000"":61,""11000110"":33,""11000100"":67,""01010010"":21,""11001000"":65,""10001011"":20,""01011001"":90,""01111001"":12,""11000111"":15,""01000001"":32,""00001110"":3,""00000010"":4,""01100100"":15,""10000110"":33,""10001001"":47,""10100000"":2,""10101100"":5,""11100000"":6,""11100110"":8,""01001101"":23,""11110100"":13,""00010100"":27,""00000101"":16,""01101100"":5,""10000101"":56,""01001111"":12,""11101101"":2,""10000111"":24,""11001110"":10,""01001001"":73,""01100110"":11,""11000101"":40,""00001001"":11,""11101001"":10,""01000011"":19,""01000101"":76,""00100010"":1,""01000111"":30,""11101100"":6,""10101101"":1,""01101000"":13,""01001011"":26,""10010010"":15,""01011000"":96,""10010000"":37,""01011010"":35,""01010101"":75,""10010110"":30,""11111010"":7,""10010100"":80,""00011000"":18,""10011001"":54,""01010000"":53,""00010101"":10,""11011001"":41,""10011110"":14,""01110110"":6,""01111011"":5,""10011100"":33,""01010001"":33,""00000100"":13,""10110101"":4,""01110000"":7,""11010100"":61,""10010001"":33,""11110101"":3,""01111000"":16,""10011000"":78,""10111100"":2,""01011110"":18,""01011100"":26,""00110101"":3,""11010111"":10,""11110000"":7,""01011101"":18,""10011011"":26,""11011011"":16,""11011000"":53,""00010010"":5,""00010110"":9,""10011010"":30,""11010000"":36,""11111000"":13,""10010101"":54,""11111100"":6,""11111001"":11,""01101111"":2,""10000011"":11,""00000001"":10,""01011111"":10,""01100011"":2,""11110001"":4,""01011011"":17,""10000001"":36,""11000001"":19,""10001111"":8,""00100101"":3,""11100111"":2,""01101110"":5,""11001001"":44,""11000010"":12,""11001011"":13,""01101010"":7,""00000111"":3,""11000011"":7,""01101001"":8,""00101010"":2,""00100100"":6,""00000000"":12,""11101000"":11,""01100101"":13,""01100001"":7,""00001000"":15,""00000110"":7,""11101010"":7,""11100011"":3,""01001110"":11,""00100000"":2,""11010101"":35,""00011001"":11,""10011101"":18,""10110100"":5,""00110001"":3,""00110100"":4,""01111100"":4,""10111010"":1,""01010111"":13,""00101000"":5,""10001101"":21,""11010001"":17,""00111011"":3,""10010011"":6,""01110101"":13,""00011011"":3,""11111101"":6,""00101001"":3,""00001100"":2,""11001101"":9,""11101110"":3,""00001010"":11,""00100110"":1,""00001101"":5,""01100111"":5,""00100001"":1,""11100101"":7,""11011110"":13,""01110011"":4,""01010110"":36,""10011111"":6,""11011100"":24,""00010001"":7,""10111000"":3,""01110001"":4,""01110010"":3,""01111010"":4,""11111110"":3,""00111001"":2,""10100001"":3,""11010010"":10,""00010111"":3,""00011111"":1,""00010000"":11,""11011101"":14,""10010111"":7,""00011100"":4,""01111101"":2,""11010011"":6,""01110100"":12,""01110111"":3,""11011111"":7,""01010011"":9,""00011101"":4,""10111011"":1,""10111001"":3,""01111111"":1,""11111011"":1,""11101011"":3,""10100100"":4,""00000011"":4,""10101001"":3,""00011110"":1,""00111100"":2,""10100110"":2,""00011010"":9,""00110000"":1,""11110110"":5,""00111000"":2,""01100000"":10,""00100111"":2,""10101000"":3,""11001111"":3,""11100001"":2,""11101111"":3,""01111110"":2,""01100010"":3,""10100010"":2,""00010011"":2,""01101011"":4,""01101101"":2,""10110110"":2,""00111101"":2,""00111010"":1,""10101011"":1,""11110111"":3,""11111111"":2,""10100101"":1,""10110000"":1,""10100011"":1,""10101010"":2,""00101110"":1,""00001111"":1,""10100111"":1}"
30,x,4000,-0.31699999999999995,-0.22199999999999998,0.20450000000000002,0.038000000000000034,0.46299999999999997,0.24250000000000005,-0.4455,0.512,"{""00001001"":6,""01101001"":26,""01001001"":71,""01011000"":27,""01001000"":40,""01011101"":23,""10000001"":15,""01101011"":64,""01011111"":33,""00111110"":2,""10101011"":24,""01001011"":181,""01001100"":42,""01001010"":91,""01000001"":83,""11001001"":13,""00101011"":36,""01101000"":26,""01111011"":28,""00001101"":11,""10100011"":25,""10000111"":18,""01110010"":21,""01001101"":81,""01111101"":8,""00111001"":9,""01011011"":52,""01111111"":13,""10111111"":12,""01101110"":9,""01010010"":34,""01110110"":8,""10111011"":17,""11111111"":5,""00001011"":13,""00101001"":22,""00010010"":2,""10101010"":16,""11101111"":9,""11101011"":11,""10000011"":29,""00100101"":16,""01101111"":36,""10000101"":18,""01101101"":18,""01100001"":31,""00101100"":16,""11101001"":5,""01000111"":94,""10101001"":13,""01000100"":70,""10001000"":6,""10011011"":12,""01001111"":108,""00101111"":21,""00111111"":8,""10001001"":17,""00001111"":6,""01010111"":31,""00111011"":26,""01111001"":14,""11111000"":5,""11101101"":7,""01011010"":34,""01100111"":31,""10001101"":10,""10101110"":5,""10101100"":4,""01011001"":27,""10100000"":6,""10101101"":7,""01011110"":13,""11001110"":6,""10011000"":5,""10001110"":5,""11011011"":4,""01111000"":7,""01000010"":84,""01111010"":6,""01111100"":12,""10111001"":4,""00110101"":6,""11111011"":10,""01000101"":99,""11001100"":6,""00011011"":7,""01101010"":30,""11111001"":6,""11001011"":18,""10001100"":4,""00101101"":16,""01011100"":10,""01000000"":31,""01001110"":42,""10011100"":3,""00011010"":2,""01010011"":62,""11111100"":2,""00001000"":11,""01101100"":22,""00101110"":7,""00111000"":4,""11111110"":3,""00110100"":4,""11011001"":1,""11010011"":8,""11011111"":4,""10100001"":13,""01000011"":187,""10100010"":14,""01100011"":71,""01010001"":28,""01100110"":12,""01000110"":58,""00010001"":2,""11000011"":32,""11010001"":4,""01110011"":23,""01010100"":24,""11000010"":14,""00110001"":10,""00100010"":23,""10010011"":11,""01010000"":18,""01100100"":14,""11010010"":5,""00100111"":19,""01110111"":15,""00100011"":30,""11100011"":21,""01010101"":17,""11010101"":4,""11100111"":12,""11100101"":7,""00110010"":10,""11100110"":4,""10110001"":7,""11000111"":12,""10000100"":12,""10010101"":4,""00100001"":11,""10100111"":12,""01110101"":12,""10010001"":7,""00100110"":6,""01100010"":26,""00000110"":3,""01100000"":29,""00000010"":10,""00110111"":6,""10100100"":10,""11100010"":10,""00000100"":5,""00111100"":4,""00011111"":3,""00011000"":2,""11001111"":17,""11001101"":11,""00101010"":11,""10001010"":9,""01100101"":35,""10011101"":4,""11001010"":9,""11000101"":15,""10000010"":13,""10001011"":18,""11001000"":4,""00111010"":12,""01111110"":3,""10111010"":5,""10011001"":4,""10000000"":12,""00001110"":3,""11011101"":3,""11101010"":8,""10101000"":6,""10001111"":10,""00111101"":8,""10010111"":4,""11101000"":3,""10100110"":6,""10011111"":5,""00001100"":4,""10101111"":11,""00010011"":4,""00001010"":6,""11000001"":14,""00011101"":2,""10111101"":4,""00110011"":15,""11111101"":1,""11011010"":3,""10111110"":2,""00110110"":4,""11100001"":10,""00000111"":12,""01110100"":4,""01010110"":10,""11110011"":12,""01110001"":12,""00010100"":1,""00000001"":6,""10110111"":6,""11100100"":6,""10110000"":1,""10110010"":11,""00100100"":9,""10110011"":15,""11110010"":3,""00110000"":5,""11000100"":9,""10000110"":10,""00000000"":5,""10100101"":13,""00000011"":18,""00100000"":7,""11000000"":5,""00011001"":5,""10011110"":2,""10011010"":7,""00101000"":6,""10010010"":5,""01110000"":2,""00000101"":7,""00010111"":4,""11010111"":2,""11000110"":7,""11100000"":6,""11111010"":7,""10111100"":1,""11011110"":2,""10110100"":3,""10111000"":2,""10010000"":2,""11010110"":2,""11011000"":1,""00010110"":1,""11110001"":1,""11110111"":4,""11110101"":2,""10110110"":1,""10010100"":1,""11110000"":2,""00010101"":1,""11010000"":1}"
31,x,4000,0.3165,0.485,0.011499999999999955,-0.14700000000000002,0.056499999999999995,-0.17199999999999993,-0.18100000000000005,-0.766,"{""11011010"":20,""10111000"":115,""10010100"":39,""10110001"":3,""11110100"":94,""11110101"":42,""10110101"":59,""11010100"":71,""10011011"":11,""11110000"":19,""10111001"":65,""11011000"":73,""00001000"":7,""10011000"":39,""11000110"":39,""11111000"":126,""11100110"":31,""10111101"":20,""10001100"":26,""01011000"":10,""11110110"":17,""10011101"":11,""10111100"":44,""11011001"":47,""01111000"":15,""10110100"":91,""11011100"":26,""11011011"":20,""11111011"":28,""10011100"":14,""11111101"":32,""01110101"":12,""11111100"":34,""11111010"":39,""10010000"":9,""01010000"":5,""10110110"":18,""10111110"":7,""11110001"":12,""00010100"":7,""01101010"":11,""00000110"":2,""10111111"":4,""10111010"":32,""00111000"":12,""10111011"":25,""10011010"":11,""01110000"":4,""10010111"":8,""10010001"":6,""11010111"":14,""11001111"":6,""10001101"":8,""11000100"":104,""10100101"":31,""11010110"":19,""11111001"":52,""11010101"":38,""01111011"":6,""01010101"":8,""10010110"":12,""10011001"":33,""10000101"":27,""11110111"":21,""10000111"":9,""10000100"":50,""10100100"":96,""11111110"":11,""10110000"":19,""11011110"":7,""11101000"":136,""11100101"":32,""01010111"":4,""11011101"":14,""01011001"":10,""00011000"":4,""10110111"":13,""11001001"":48,""01001100"":12,""11101101"":20,""01100110"":7,""10001000"":61,""11010001"":12,""11001110"":10,""10010101"":25,""00110110"":1,""01010001"":2,""11101001"":47,""10100010"":7,""11000101"":42,""11000111"":11,""10001001"":21,""01000101"":4,""10101000"":96,""10100110"":28,""01000100"":13,""11100111"":21,""11001101"":18,""01101001"":12,""11001010"":38,""01001001"":12,""01101000"":21,""11001000"":116,""11001100"":34,""11000001"":5,""10101001"":38,""11101100"":34,""10100000"":20,""00000100"":13,""01001000"":16,""01001101"":4,""11101011"":26,""11100000"":22,""10101011"":24,""11001011"":27,""10100001"":8,""11100001"":10,""01001011"":11,""11101110"":15,""10101101"":15,""10001111"":2,""11100100"":108,""00001101"":2,""10000000"":12,""00000101"":3,""11101010"":49,""10001011"":7,""11000000"":17,""10001010"":20,""10101110"":14,""10000110"":19,""00101001"":4,""10000010"":6,""01001010"":4,""00100011"":1,""01100100"":15,""01000110"":6,""10101010"":37,""01101110"":1,""11010000"":15,""01111001"":10,""10100111"":24,""10100011"":5,""00111001"":3,""11100011"":4,""11101111"":5,""10001110"":7,""00000111"":2,""00000000"":1,""10101100"":40,""11000010"":7,""01100101"":5,""10000001"":4,""00101111"":1,""11100010"":11,""00101000"":3,""01101111"":3,""00001100"":1,""11000011"":1,""00001010"":7,""01101011"":3,""01000001"":2,""01010100"":8,""00111010"":3,""01101100"":5,""00110101"":3,""00100100"":2,""00101011"":1,""00100101"":1,""11110010"":8,""01000111"":9,""00101010"":3,""01100111"":3,""01100011"":2,""11111111"":8,""00010111"":4,""01110110"":2,""00001001"":2,""01110010"":1,""00010101"":7,""01010110"":7,""11011111"":5,""01111010"":7,""11110011"":1,""01010010"":2,""10010010"":2,""11010010"":2,""01111100"":9,""10011111"":1,""01011010"":2,""00010000"":3,""00110100"":2,""00011010"":2,""01111110"":1,""01110100"":11,""01011011"":4,""01110111"":2,""01111101"":2,""00011101"":3,""10101111"":3,""10011110"":1,""00011001"":2,""01011101"":2,""00011100"":2,""01011100"":4,""10110011"":2,""00110010"":1,""10110010"":5,""10000011"":2,""01001110"":4,""01000010"":1,""00101101"":1,""00100110"":2,""00110011"":1,""00100111"":1,""00001111"":1,""01000011"":1,""00100001"":1,""01101101"":2,""00100000"":1,""00011011"":3,""01011110"":1,""00110111"":1,""01010011"":1}"
32,x,4000,-0.3420000000000001,0.03249999999999997,-0.1765000000000001,0.08199999999999996,0.049000000000000044,0.6105,-0.2509999999999999,0.476,"{""01101111"":23,""00101111"":10,""01000001"":55,""01001011"":83,""10010001"":12,""01000000"":27,""00001011"":35,""00000011"":19,""01000100"":63,""01001010"":27,""10101111"":6,""01000111"":148,""11000111"":15,""01100000"":6,""11000101"":17,""00000101"":48,""10001001"":20,""00000100"":20,""01000011"":63,""00101110"":8,""01001101"":57,""00001101"":12,""10001100"":15,""01000101"":178,""01001111"":67,""10001010"":11,""01101101"":6,""00000111"":40,""10001101"":24,""10101001"":8,""10000111"":38,""01001100"":47,""01001110"":32,""00010010"":12,""01011011"":78,""00101101"":9,""00001001"":21,""10101101"":7,""10001011"":25,""10100111"":8,""01010100"":61,""01101110"":5,""11000011"":9,""10100101"":8,""00100001"":8,""11100111"":5,""01100011"":11,""00101001"":5,""10100011"":10,""10001111"":18,""10000011"":19,""01000010"":28,""10110111"":2,""00101011"":12,""00000001"":13,""01010000"":33,""00001111"":7,""01100111"":21,""10101010"":3,""11100011"":2,""10011111"":13,""01001001"":72,""01101011"":20,""11100101"":15,""00100011"":9,""10000101"":50,""10000010"":7,""00011111"":26,""00010101"":25,""10011001"":23,""10011011"":31,""10011101"":23,""00111101"":6,""11010101"":15,""01010010"":34,""10110011"":6,""01010011"":43,""10000001"":12,""01111101"":18,""00110001"":3,""01111001"":13,""00111111"":13,""01110101"":24,""01011001"":60,""01010111"":105,""01010001"":43,""00111001"":9,""01010101"":129,""10111011"":10,""01011111"":44,""00010111"":30,""10010101"":33,""01111000"":10,""00111011"":15,""01011000"":31,""00010001"":13,""00011110"":11,""10010111"":39,""11010000"":4,""11010010"":5,""01011110"":38,""11010111"":13,""01110000"":9,""11011110"":5,""11110110"":2,""01011101"":53,""00111110"":10,""11110011"":1,""10110001"":9,""10111111"":9,""10111101"":6,""01111100"":8,""11011001"":9,""00110101"":7,""00111100"":7,""10011110"":16,""00001000"":10,""01101000"":10,""00000010"":8,""10001000"":6,""01001000"":37,""10100110"":2,""10101011"":6,""01100101"":20,""01000110"":29,""01100100"":9,""11001001"":5,""11100110"":2,""10101000"":4,""10000100"":28,""01100110"":7,""11001111"":6,""00000110"":12,""10000110"":9,""11101111"":3,""00100111"":7,""01011100"":46,""01010110"":35,""11011011"":13,""10010011"":15,""10010010"":13,""11101101"":3,""01011010"":19,""10111100"":2,""01111011"":18,""11111111"":7,""00010100"":16,""00010110"":13,""10001110"":12,""10011000"":8,""00011101"":18,""10110110"":1,""01110111"":16,""10110100"":6,""10011100"":14,""00011011"":24,""00011000"":12,""10011010"":10,""11001101"":1,""01110100"":8,""11000001"":6,""01101001"":7,""11001110"":4,""01100001"":10,""00000000"":10,""11100000"":1,""11001011"":7,""11100100"":4,""01101100"":5,""01100010"":6,""00001010"":9,""00011010"":15,""10010000"":13,""10111010"":2,""01111111"":10,""10111001"":7,""00011001"":22,""10010100"":23,""00010011"":10,""11111011"":5,""10100001"":1,""00110011"":4,""10101110"":3,""00100010"":4,""11100010"":4,""11101010"":1,""11101001"":3,""00001110"":11,""01110001"":3,""00110010"":4,""11110101"":8,""11110100"":6,""11010100"":6,""10111000"":3,""01110010"":3,""00001100"":12,""10010110"":8,""00010000"":9,""11111001"":6,""10101100"":2,""00011100"":16,""11010001"":1,""11000100"":5,""00101100"":4,""10000000"":8,""11101100"":6,""11101000"":1,""00100100"":4,""00101000"":5,""00100000"":4,""10110101"":4,""11001100"":3,""11001010"":6,""00111000"":6,""00111010"":6,""01111110"":4,""01111010"":11,""11011010"":6,""11110010"":2,""11011000"":4,""11010110"":4,""10110000"":3,""10111110"":2,""11000010"":4,""01101010"":7,""00110110"":3,""00110111"":3,""11011111"":1,""11011100"":9,""11111000"":1,""11010011"":1,""00110100"":3,""11000110"":5,""11110111"":3,""11111101"":4,""11001000"":3,""11000000"":3,""01110011"":2,""00100101"":5,""11011101"":6,""00101010"":2,""11111110"":3,""11100001"":3,""11101011"":1,""11111010"":1,""00100110"":1,""10100010"":1,""10100000"":3,""10110010"":2,""10100100"":1,""01110110"":2,""11110000"":1}"
33,x,4000,0.07199999999999995,0.4515,0.02400000000000002,-0.04499999999999993,0.006000000000000005,-0.13650000000000007,0.10650000000000004,-0.5774999999999999,"{""00001101"":5,""10100111"":20,""10001100"":30,""10100101"":35,""11101011"":22,""01101101"":8,""01100111"":1,""01011100"":12,""00001000"":9,""11101101"":17,""11101001"":39,""11001100"":13,""10001001"":42,""01010101"":9,""10101011"":35,""01100101"":6,""10000001"":19,""10101010"":30,""11100101"":70,""00100101"":12,""10101100"":50,""10000110"":21,""00100001"":5,""11101000"":38,""00001110"":4,""11000001"":26,""11101010"":19,""00101011"":15,""00000100"":10,""10101000"":47,""11110011"":7,""11001001"":27,""10001111"":8,""10100100"":38,""01000011"":6,""10001010"":26,""10110110"":14,""11100100"":76,""11011111"":7,""11001000"":30,""10001101"":22,""10101001"":69,""11001011"":16,""11010100"":50,""11100001"":33,""10001000"":41,""10000111"":21,""11100110"":31,""11001010"":14,""11100111"":23,""11000101"":35,""01000101"":9,""00001111"":1,""10111000"":77,""00011001"":20,""00100111"":11,""01001101"":6,""11000111"":17,""10100001"":11,""01101100"":7,""10000011"":7,""10010101"":35,""11000011"":11,""11100011"":24,""10000100"":62,""00000001"":2,""01101000"":8,""00000101"":10,""11000010"":12,""10111100"":56,""11110000"":52,""11011100"":19,""10010110"":8,""00110001"":3,""10111001"":47,""10010100"":61,""00110101"":14,""11011000"":28,""11111011"":12,""10010000"":38,""10111101"":44,""01111111"":3,""01010001"":7,""10011111"":6,""10011001"":35,""10011011"":21,""10110100"":52,""11111000"":56,""10111011"":24,""10011100"":27,""11110101"":33,""00111011"":6,""00111101"":15,""10010011"":9,""11111010"":13,""01011001"":20,""10111110"":14,""11111100"":14,""10110011"":7,""11010101"":33,""00111001"":19,""01111001"":6,""11110100"":72,""01010000"":6,""01110010"":2,""11110010"":11,""11110001"":43,""00011100"":13,""10011101"":24,""10110001"":13,""11011001"":23,""01110101"":11,""10110101"":40,""01011010"":6,""11111001"":42,""00011000"":21,""00101100"":17,""11010000"":37,""11011110"":5,""00111000"":28,""11110110"":14,""00110010"":3,""11011011"":13,""10011010"":21,""01111000"":11,""11010001"":14,""11011010"":14,""00010011"":1,""00110110"":7,""01000100"":6,""11100000"":45,""00101000"":21,""01001100"":8,""00101010"":10,""00100100"":13,""10100110"":17,""10101111"":19,""01011110"":3,""10101101"":42,""11000000"":14,""10100010"":8,""10101110"":14,""10000010"":7,""11011101"":10,""01100110"":3,""10000000"":28,""00101101"":13,""10000101"":40,""11101110"":8,""01100010"":2,""11101111"":4,""10100011"":14,""10011000"":50,""01111010"":6,""10001011"":29,""11000100"":25,""01000000"":3,""01110011"":1,""00100000"":10,""01100100"":11,""11000110"":12,""00001001"":9,""00101001"":14,""11100010"":17,""01101010"":4,""00001100"":7,""01001000"":7,""11001101"":19,""00110100"":18,""01110001"":2,""00100110"":5,""00100011"":6,""01001001"":7,""01011011"":7,""01001110"":5,""11001110"":7,""10001110"":4,""11101100"":6,""01101011"":7,""01000010"":2,""01101001"":10,""00011101"":14,""01001011"":7,""01100011"":1,""01100001"":5,""10100000"":16,""01000111"":3,""01011000"":29,""00111010"":5,""11010111"":10,""01001010"":3,""10011110"":6,""01100000"":3,""00001011"":4,""00000111"":4,""10111010"":30,""01001111"":6,""01101111"":2,""11001111"":3,""10111111"":15,""01011101"":8,""10010010"":14,""10110111"":15,""00010001"":3,""01111100"":4,""00111100"":19,""01110100"":13,""11010010"":9,""00011110"":4,""01010100"":9,""00001010"":4,""00000110"":1,""01111101"":7,""10010001"":15,""00110111"":4,""11110111"":14,""11010011"":4,""10110000"":20,""11111101"":6,""10110010"":8,""10010111"":8,""01010111"":3,""01111011"":5,""01010011"":2,""00010100"":5,""11010110"":8,""00110000"":8,""01110000"":3,""00011111"":2,""00111110"":3,""00010101"":9,""11111110"":3,""01101110"":2,""00010000"":4,""00110011"":1,""00010110"":2,""01110111"":1,""00000000"":1,""00101111"":3,""00101110"":2,""00011010"":2,""00010111"":2,""01011111"":2,""01110110"":2,""00111111"":1,""00011011"":2,""00000010"":1}"
34,x,4000,0.21750000000000003,0.4095,0.1775,0.05500000000000005,0.033499999999999974,0.7615000000000001,0.12749999999999995,-0.06899999999999995,"{""01111111"":1,""00010000"":87,""11110101"":7,""10111011"":4,""10011000"":54,""00000001"":43,""11001001"":50,""11011011"":29,""00111101"":2,""00010011"":18,""11001000"":80,""11010000"":67,""01110100"":12,""01111011"":3,""00011000"":102,""10001001"":34,""00011011"":32,""00010100"":83,""11011010"":21,""01011001"":10,""11010101"":35,""01010111"":4,""10011011"":14,""00011001"":58,""01010000"":17,""10011001"":30,""11111000"":17,""00010001"":46,""00010101"":53,""00010111"":25,""00111100"":3,""11010100"":67,""11010001"":37,""01010001"":6,""11000111"":31,""01010101"":7,""10100101"":5,""00010110"":23,""11001110"":14,""10111001"":2,""10011111"":6,""10010001"":26,""10010011"":11,""10011010"":19,""01011000"":22,""11010111"":22,""00000010"":33,""10000111"":20,""00110100"":7,""10010010"":14,""10010101"":19,""10010111"":14,""11110110"":6,""01011010"":6,""10010000"":35,""11011001"":44,""00010010"":20,""11011100"":46,""00000000"":79,""10001011"":17,""10011101"":16,""01111001"":2,""01001100"":13,""00001001"":58,""01010100"":25,""11001101"":17,""00011110"":10,""00001010"":49,""01010011"":6,""11101011"":8,""01011011"":9,""01111100"":2,""11011000"":104,""11111010"":7,""01111000"":10,""11111001"":5,""10011110"":3,""10011100"":18,""00110000"":6,""00000100"":89,""10010100"":51,""10000100"":47,""00011100"":50,""11110100"":12,""01011100"":7,""00001000"":103,""11100000"":19,""10000101"":29,""00011101"":27,""11001011"":33,""11110000"":13,""11010110"":22,""10111100"":2,""11000100"":59,""11010010"":19,""00110001"":2,""01001000"":19,""10110110"":1,""11111100"":11,""11101010"":8,""10001100"":14,""10000110"":17,""11000101"":41,""10001111"":12,""00100100"":7,""11001010"":41,""11000001"":37,""11000110"":22,""11110010"":5,""00001011"":36,""11000011"":21,""00000011"":19,""11100101"":10,""10001101"":8,""11101000"":11,""00001110"":12,""01101001"":6,""01000001"":9,""11100110"":6,""11101001"":15,""10000011"":11,""11001111"":8,""00001100"":42,""11000000"":63,""00001111"":10,""11001100"":42,""01000000"":16,""11010011"":11,""00000110"":34,""01000010"":9,""10000001"":21,""10000000"":39,""01000101"":14,""00100010"":2,""01001011"":9,""01100111"":2,""10001000"":61,""01001001"":17,""11100010"":7,""00000101"":47,""11110001"":6,""00101010"":2,""11000010"":19,""10000010"":19,""01100101"":5,""10001010"":21,""00101000"":6,""01000100"":12,""00001101"":21,""00100011"":6,""01000110"":10,""00000111"":35,""11100100"":12,""00110111"":2,""10111101"":2,""00111010"":1,""01010110"":3,""00011111"":16,""01110001"":3,""11111011"":3,""10110001"":4,""11110011"":5,""01011101"":5,""10110101"":2,""10101101"":2,""00100000"":7,""11100001"":5,""01100000"":3,""00100111"":2,""00111110"":2,""01100010"":3,""10001110"":9,""11101110"":2,""00011010"":28,""01101000"":6,""10100111"":1,""10100110"":4,""00101001"":3,""10100100"":4,""00101110"":2,""10100010"":2,""11011111"":7,""01010010"":8,""10110100"":6,""00110011"":3,""01111010"":4,""01011110"":3,""10010110"":5,""10101100"":5,""11101100"":5,""01001101"":2,""10101010"":1,""01100001"":2,""10101000"":2,""00100101"":2,""11100011"":2,""01101101"":1,""11101101"":6,""01001010"":9,""01000011"":2,""01000111"":6,""11011110"":5,""10110011"":1,""11111110"":1,""01110000"":6,""00111001"":2,""11011101"":17,""10101111"":1,""00110101"":4,""11110111"":6,""11100111"":6,""01001110"":3,""00101011"":4,""10110111"":1,""00110010"":3,""01110010"":1,""10101001"":1,""00111000"":3,""01111101"":2,""00111011"":2,""00100001"":2,""01001111"":2,""01100110"":5,""10111000"":1,""10100011"":1,""10100001"":1,""11101111"":3,""00110110"":1,""00100110"":1,""01100100"":5,""01101010"":3,""01101110"":1,""10110000"":3,""10111110"":1,""11111101"":1,""01110101"":1,""01101100"":1,""00101100"":2,""01110110"":1,""10101011"":2,""11111111"":1,""01110011"":1,""01110111"":1}"
35,x,4000,-0.33699999999999997,0.3405,0.37350000000000005,-0.10099999999999998,-0.007500000000000062,0.03849999999999998,-0.01750000000000007,-0.07899999999999996,"{""11110011"":15,""00110111"":4,""11011011"":34,""11111101"":26,""01101001"":59,""10111100"":18,""00111000"":8,""00011010"":10,""10011110"":13,""10111001"":20,""10101011"":16,""10111111"":8,""00111001"":16,""01100101"":24,""10010000"":45,""11011010"":15,""11010000"":23,""11111001"":39,""01011100"":11,""10010001"":61,""01100000"":31,""01110000"":34,""01110100"":18,""01111010"":16,""01111001"":56,""11111011"":24,""00011101"":35,""01011110"":1,""11010011"":15,""11111010"":12,""11011101"":11,""01111000"":36,""11111111"":7,""01011101"":17,""01110010"":18,""01100001"":55,""01111011"":43,""11111100"":12,""01110101"":36,""01011011"":12,""10011001"":41,""00110001"":20,""10111110"":3,""01110011"":23,""11000001"":36,""00010011"":12,""11110001"":29,""11111000"":19,""10111011"":9,""00010100"":3,""00111101"":8,""11010001"":42,""00110000"":17,""11110000"":20,""00011001"":47,""10110000"":12,""10010101"":34,""10011010"":23,""10011000"":30,""11110110"":2,""01110001"":57,""01111101"":42,""10110001"":33,""00011000"":16,""01010000"":5,""10011101"":35,""11110101"":6,""01011001"":19,""11011001"":33,""00011011"":26,""11100101"":7,""00011100"":18,""01110110"":5,""10010100"":23,""10010011"":37,""00010010"":9,""01001010"":10,""00010000"":19,""10011011"":27,""10111101"":26,""01111100"":22,""01111111"":19,""00100000"":12,""00101000"":12,""01011010"":4,""11100011"":17,""10110011"":13,""11011100"":13,""00110011"":10,""00010001"":38,""11110111"":3,""10011100"":21,""01010011"":5,""10001000"":24,""11011000"":22,""01111110"":8,""11010010"":6,""10101001"":26,""11110100"":6,""01110111"":14,""11010101"":18,""10000001"":52,""01100111"":12,""00000100"":9,""10100001"":36,""10101101"":15,""10001001"":53,""11001011"":22,""00000011"":20,""10001101"":35,""11001001"":40,""00000000"":21,""11101011"":38,""00001001"":48,""11100001"":43,""10000101"":17,""10100111"":4,""10001110"":8,""11001100"":13,""10000010"":10,""01101100"":15,""10001011"":52,""01001000"":8,""00000101"":11,""10000011"":37,""01001100"":3,""01101010"":11,""01000110"":2,""00001100"":14,""10100101"":10,""00100101"":7,""11001000"":11,""00000111"":4,""01101101"":43,""11001101"":21,""10000111"":8,""00001011"":33,""01101000"":27,""00001000"":15,""00100001"":32,""11000100"":8,""11000011"":21,""10001100"":19,""01001011"":17,""00101111"":5,""01101011"":34,""10101100"":6,""01001101"":13,""11001111"":10,""00000001"":44,""10000100"":19,""01100011"":29,""10100011"":17,""10000000"":24,""01000001"":20,""00001111"":10,""00101001"":13,""11001010"":9,""00100100"":2,""11101100"":7,""01001001"":15,""00001101"":22,""01000101"":2,""11100010"":5,""11101001"":46,""11100000"":21,""01101111"":9,""10001010"":18,""11100100"":4,""00100111"":5,""00001010"":10,""10001111"":21,""00100011"":10,""10000110"":4,""00101011"":7,""01001111"":8,""00101100"":4,""11101101"":18,""01100010"":18,""10101110"":3,""00000110"":4,""10100000"":21,""11000010"":4,""11101111"":11,""11000101"":14,""10011111"":12,""01100100"":14,""11100110"":2,""01100110"":10,""00100110"":4,""10101000"":13,""11101000"":16,""11000111"":9,""00001110"":6,""00111011"":12,""01011000"":10,""01101110"":10,""00101101"":7,""10101010"":4,""01000011"":3,""11001110"":3,""10110100"":5,""01010101"":5,""10110101"":7,""11011111"":7,""10110010"":8,""11101010"":8,""10100010"":3,""01000010"":4,""10100110"":1,""01000000"":7,""00000010"":8,""11000000"":9,""10010010"":16,""10010111"":6,""01000111"":2,""00100010"":2,""11101110"":4,""01010111"":4,""00011111"":4,""00111010"":4,""10010110"":8,""00010111"":6,""10111000"":12,""11111110"":4,""10110110"":1,""10111010"":7,""11000110"":2,""00110010"":4,""11010111"":2,""01010001"":7,""11010100"":5,""11110010"":5,""00111100"":1,""01011111"":4,""00010101"":11,""00110100"":2,""01010110"":1,""00101110"":2,""00111111"":1,""11011110"":5,""01000100"":4,""01010100"":1,""00111110"":3,""11100111"":3,""10100100"":2,""10101111"":3,""11010110"":1,""00011110"":2,""00010110"":1}"
36,x,4000,-0.011500000000000066,-0.07000000000000006,0.4665,-0.05600000000000005,-0.026499999999999968,0.10799999999999998,-0.3919999999999999,0.49650000000000005,"{""01110111"":17,""00110000"":17,""01011001"":57,""01011010"":86,""00111010"":26,""00111001"":12,""10110001"":8,""10011010"":25,""01110000"":59,""01100011"":53,""10010011"":23,""01110010"":71,""11011010"":22,""11110001"":4,""01011111"":30,""01010011"":55,""00010000"":8,""01010100"":23,""00110010"":29,""10011000"":17,""11111101"":4,""11110000"":14,""01010000"":38,""11010011"":12,""01111111"":19,""00010011"":18,""01011101"":42,""01010010"":46,""10011100"":14,""01111000"":33,""01000011"":49,""10000001"":30,""01011110"":20,""01110011"":76,""00111111"":10,""01111100"":11,""01110001"":55,""11000000"":12,""10110000"":4,""00110100"":8,""01111001"":35,""11011111"":14,""01110110"":12,""01001110"":29,""01010101"":19,""01010001"":49,""10111011"":3,""01111011"":59,""01011000"":44,""10010010"":30,""10011101"":8,""10010110"":6,""01011011"":80,""11110011"":11,""10001000"":21,""11010101"":7,""00110011"":32,""11010000"":7,""11010100"":5,""00010010"":10,""01000000"":35,""01111110"":8,""00111000"":13,""00111100"":11,""00111011"":28,""01001000"":59,""10010000"":18,""00011001"":12,""11111100"":3,""11011101"":13,""11011000"":6,""11011100"":3,""10000011"":15,""00010001"":7,""10010100"":8,""10100010"":4,""11001010"":17,""10111000"":4,""01110100"":10,""00110001"":32,""01111101"":11,""01011100"":23,""00011011"":15,""10110011"":4,""11010001"":12,""00011000"":12,""00010100"":4,""00111101"":8,""01001001"":54,""01111010"":56,""01001010"":81,""01101100"":16,""10010101"":8,""11011011"":11,""00011010"":11,""01110101"":24,""00011101"":6,""00100001"":24,""11110101"":2,""01001011"":64,""00110111"":3,""10010111"":2,""10101001"":3,""10011011"":23,""00100011"":21,""11111011"":6,""01000100"":20,""11110111"":2,""10011001"":13,""00110101"":11,""11011001"":12,""11010010"":15,""01101001"":37,""10001011"":26,""00101111"":6,""10000010"":17,""00001000"":10,""01101011"":44,""01101000"":30,""01100001"":51,""01100101"":13,""01100000"":55,""01100010"":52,""10000101"":9,""00010101"":5,""11001001"":17,""10101011"":4,""00101110"":7,""10001010"":26,""01000111"":8,""01100110"":14,""11100000"":8,""00001001"":7,""01000001"":37,""01000010"":56,""10011110"":10,""01101111"":26,""01100100"":27,""00101011"":18,""01001101"":31,""11001101"":8,""01101101"":21,""00100100"":11,""01100111"":8,""01101010"":61,""11000011"":14,""00000110"":2,""00101000"":10,""11101100"":3,""10001110"":17,""11100001"":10,""11000100"":5,""00000001"":6,""10111001"":4,""11001000"":17,""10000000"":22,""11000101"":4,""10001101"":12,""00000010"":7,""00100010"":28,""11100100"":3,""10101010"":8,""11001110"":8,""10000100"":8,""01101110"":18,""01010110"":10,""00101101"":9,""11110110"":2,""10001001"":11,""01010111"":9,""10111010"":7,""10011111"":9,""01001111"":35,""10110101"":1,""00101010"":21,""01000101"":18,""11101110"":3,""11001100"":10,""11100011"":9,""11100111"":5,""11100010"":11,""10010001"":12,""11001111"":5,""10111101"":1,""00101001"":9,""11111010"":8,""11000111"":3,""00010110"":3,""00100101"":13,""10001100"":9,""11000010"":11,""10101110"":2,""00100111"":4,""11101000"":1,""11101010"":11,""00001100"":10,""01001100"":28,""00011100"":5,""00001011"":11,""01000110"":8,""10100000"":3,""00000011"":10,""00000000"":7,""10001111"":7,""00001010"":8,""10000111"":1,""11001011"":10,""00101100"":7,""11000001"":9,""11100101"":2,""00001101"":3,""00001111"":5,""10100001"":4,""10100110"":2,""00011111"":2,""00000100"":3,""00100000"":12,""11111110"":4,""00111110"":7,""11110010"":7,""11101001"":8,""11111000"":3,""00000111"":1,""11101111"":2,""00100110"":2,""11010110"":3,""00011110"":2,""11011110"":6,""00110110"":4,""10100011"":7,""11111001"":5,""10101100"":1,""11101101"":2,""10110010"":2,""10110110"":1,""10111100"":1,""10100111"":1,""00001110"":2,""11111111"":2,""10101111"":1,""11010111"":1,""10110100"":1,""11101011"":5,""10101000"":2,""10000110"":2,""00000101"":2,""00010111"":1,""10101101"":2,""10100101"":3,""10111110"":1}"
37,x,4000,0.27849999999999997,-0.043500000000000094,-0.2775000000000001,0.11350000000000005,-0.0774999999999999,0.12050000000000005,-0.6145,-0.10200000000000009,"{""11000100"":35,""01001010"":11,""11001010"":18,""00110100"":8,""11001000"":18,""11011010"":22,""01001100"":53,""00000100"":11,""01001000"":12,""01001111"":28,""11110000"":26,""10001110"":29,""01011011"":12,""10001010"":5,""11000110"":32,""11001111"":17,""01000111"":18,""10101000"":4,""01100100"":49,""01111100"":34,""11101010"":12,""01001110"":44,""11100111"":26,""11100000"":32,""11001100"":70,""10111100"":9,""10100000"":4,""11000000"":29,""01000001"":13,""01010010"":37,""01011100"":66,""11001110"":67,""01100000"":23,""11110100"":38,""01100010"":35,""11011100"":67,""11100110"":30,""10011000"":7,""01000110"":22,""11100010"":44,""00011110"":13,""01000000"":16,""00000000"":9,""11000101"":28,""10011110"":17,""11111101"":32,""00001110"":14,""11011000"":13,""01100110"":54,""01101100"":31,""01011101"":36,""11101100"":31,""01000101"":17,""11010111"":23,""11110110"":39,""01101000"":8,""11011101"":23,""11101101"":17,""01000100"":27,""00100100"":8,""11000011"":27,""10101110"":9,""11111110"":28,""11000010"":43,""11100100"":40,""01100011"":17,""11101000"":11,""01011110"":55,""00001001"":1,""00000110"":4,""00010110"":6,""01101110"":30,""10010000"":13,""01010100"":26,""11100001"":16,""01100111"":20,""10101100"":7,""01101101"":9,""01001101"":24,""11000111"":16,""00100010"":1,""10000101"":3,""11100011"":23,""11011111"":37,""01111101"":19,""11101011"":7,""10100111"":3,""10001100"":10,""01101111"":17,""00001101"":5,""11111011"":9,""01110011"":29,""11111100"":23,""01011010"":12,""10001111"":11,""11001101"":33,""10101011"":4,""11000001"":20,""10000110"":6,""10100011"":6,""01000010"":44,""11101110"":25,""00000001"":5,""10100110"":8,""01110111"":19,""10100010"":8,""01000011"":7,""11110101"":27,""11001001"":8,""01100001"":13,""10110000"":7,""11010100"":44,""01001011"":12,""10001000"":2,""00001100"":14,""11101111"":12,""01010111"":21,""10000100"":13,""10100001"":3,""11010010"":42,""01100101"":20,""10001101"":10,""00001111"":4,""10000011"":4,""10100100"":5,""01010110"":31,""00001000"":2,""10000010"":11,""11010011"":29,""11100101"":18,""10011111"":9,""10111111"":9,""00110010"":6,""10000001"":8,""00000111"":3,""10101111"":6,""01110110"":48,""01011111"":29,""11110011"":25,""00101011"":1,""00101101"":1,""10011101"":17,""10101001"":5,""01110100"":27,""00000101"":4,""01101010"":9,""01010011"":21,""11111111"":14,""10011100"":22,""10000000"":7,""10000111"":2,""01101011"":4,""00100000"":2,""10010110"":13,""11010101"":35,""11010110"":48,""01110001"":19,""01010001"":16,""00110110"":3,""00111111"":3,""11110111"":35,""01111110"":28,""01010000"":22,""11011110"":60,""11010001"":21,""01110010"":57,""10010010"":20,""10011010"":6,""01010101"":18,""11110001"":22,""01110101"":39,""10111110"":11,""10011001"":3,""10010011"":3,""00010101"":2,""01011000"":10,""11111001"":8,""10110011"":8,""01111111"":15,""01111010"":18,""01110000"":30,""10110010"":13,""00001010"":6,""11010000"":33,""00000010"":12,""10101010"":1,""10101101"":9,""00100110"":3,""00010000"":6,""00011100"":25,""10110001"":2,""11110010"":46,""11101001"":5,""10010111"":11,""11011001"":7,""00111001"":2,""10110101"":8,""10010001"":3,""11011011"":5,""10010100"":8,""01111011"":12,""11111010"":11,""00010111"":6,""01011001"":10,""00011101"":9,""00010011"":4,""10111010"":6,""00010010"":8,""00011111"":12,""00111011"":1,""10110111"":9,""00011010"":4,""10111101"":9,""10010101"":13,""10110110"":9,""00111110"":5,""00010100"":5,""00001011"":1,""00111010"":1,""01111000"":5,""10110100"":10,""10011011"":5,""11111000"":8,""00111100"":4,""00110011"":2,""11001011"":3,""00110101"":2,""10111000"":1,""00000011"":3,""00100111"":2,""10100101"":5,""00100101"":4,""00101100"":5,""00101111"":1,""00101110"":3,""01101001"":2,""10001011"":1,""00100011"":1,""10001001"":1,""01001001"":2,""00110000"":3,""01111001"":4,""00111101"":2,""00011000"":4,""00110001"":1,""00011001"":1,""00101000"":1,""00111000"":1}"
38,x,4000,0.347,0.483,0.10199999999999998,0.055499999999999994,0.03500000000000003,0.758,0.591,0.05900000000000005,"{""00100000"":12,""00010010"":19,""10010101"":61,""11110111"":5,""10010111"":26,""10011001"":63,""10000011"":12,""10011011"":42,""00011010"":49,""10000111"":24,""01011101"":9,""00010001"":35,""10110111"":6,""10000000"":95,""00011101"":29,""00011000"":108,""11010001"":4,""00111001"":10,""10010011"":20,""10011000"":120,""00001000"":160,""11111011"":2,""00010110"":39,""10011010"":50,""11011000"":11,""10010010"":16,""11011100"":6,""10110100"":9,""10010110"":35,""01111000"":3,""01011010"":9,""01010100"":30,""10010100"":106,""10010000"":73,""10011101"":17,""00010100"":93,""00011001"":82,""11110100"":14,""00011111"":6,""11010101"":8,""11010100"":13,""01011001"":18,""01110100"":9,""00010111"":30,""11111101"":3,""10001010"":48,""00010000"":54,""10110010"":5,""00010101"":67,""11111100"":7,""00001100"":47,""11010110"":5,""11111000"":12,""00011100"":46,""00001001"":49,""10010001"":24,""11010000"":5,""00010011"":15,""11110000"":4,""00111011"":4,""00011011"":25,""11111010"":2,""00000000"":98,""01011000"":35,""10110001"":2,""01001001"":13,""00111100"":6,""00000100"":133,""10001101"":13,""10000001"":33,""01011110"":2,""00001010"":51,""00110111"":6,""10011100"":39,""01010001"":12,""11011111"":4,""00101010"":6,""10111000"":10,""00110001"":6,""00000010"":24,""01011011"":2,""01001100"":14,""01010111"":5,""10001000"":130,""11100100"":8,""10000100"":146,""01000101"":11,""00001011"":24,""11001010"":11,""10001011"":21,""01000100"":47,""01000000"":34,""01001000"":35,""10000110"":36,""00100100"":14,""11001100"":4,""10101001"":3,""00001101"":20,""11000100"":18,""00000011"":8,""00001110"":13,""00000110"":35,""10101000"":10,""00100001"":2,""01000111"":7,""00001111"":6,""11100001"":2,""10000101"":64,""10001001"":49,""00000111"":15,""11101000"":19,""00000101"":53,""11001000"":13,""00000001"":26,""10001100"":47,""11000110"":7,""11000000"":10,""01000110"":9,""01100100"":14,""11001011"":2,""01101110"":2,""10100100"":11,""01100110"":8,""01101011"":3,""11101010"":4,""11100000"":10,""01001010"":11,""10001110"":18,""10101010"":3,""00101000"":13,""11001110"":1,""10000010"":20,""01001110"":4,""10011110"":14,""01000011"":2,""01101000"":9,""10101100"":4,""00101001"":5,""01000010"":6,""11101011"":2,""01001101"":7,""01100000"":7,""01001011"":6,""00110110"":4,""01010000"":13,""01010110"":13,""00111000"":15,""01110101"":9,""00110100"":6,""11110110"":3,""00011110"":9,""01111010"":4,""01010101"":16,""11010010"":4,""11011010"":4,""00100110"":4,""01010010"":6,""01110110"":4,""00110010"":3,""11110101"":8,""10100111"":2,""10001111"":3,""11110011"":2,""11111001"":7,""11011101"":2,""01111001"":6,""10111011"":2,""01011100"":11,""11100010"":2,""10100011"":2,""00101100"":4,""10100000"":4,""00100010"":1,""11000010"":6,""01100010"":3,""11000011"":2,""10111001"":4,""00110101"":2,""10011111"":9,""01011111"":2,""11110010"":1,""01111100"":3,""01110000"":2,""11011001"":5,""00110000"":2,""11010111"":3,""10110000"":4,""01010011"":5,""11100101"":6,""01111101"":2,""11000101"":5,""11010011"":2,""00111010"":1,""10111100"":1,""01101001"":6,""11101101"":2,""00100101"":5,""01100101"":2,""10100001"":2,""11001001"":8,""11000111"":4,""01000001"":4,""00101101"":1,""11000001"":2,""01101100"":6,""11101111"":1,""10100010"":1,""01100001"":1,""11101001"":2,""00100011"":3,""10100110"":2,""10111010"":1,""01110001"":1,""11011011"":4,""01110111"":3,""11110001"":2,""10101101"":1,""01101010"":2,""10101110"":1,""11101100"":1,""10110110"":1,""10111110"":2,""00100111"":1,""10111111"":1,""10110101"":4,""01001111"":2,""01100111"":1,""00111111"":1,""11111110"":2,""10111101"":1,""01111011"":1,""00111101"":1,""11001101"":1,""10100101"":1,""10101111"":1,""00101110"":1}"
39,x,4000,-0.2905,-0.10400000000000009,-0.08349999999999991,0.0050000000000000044,0.014000000000000012,-0.135,-0.7304999999999999,0.8220000000000001,"{""01100101"":78,""01000111"":122,""10010001"":6,""00100111"":5,""01101001"":133,""01110110"":55,""01100001"":30,""01101011"":85,""01101101"":37,""00101001"":15,""01000001"":61,""01000101"":86,""01001111"":33,""01000000"":32,""00100101"":15,""11100001"":3,""01001011"":65,""00000011"":4,""01001001"":61,""10000101"":1,""11101111"":4,""01000011"":25,""01001101"":19,""01110111"":112,""11000011"":2,""10001001"":5,""01101111"":57,""01100100"":46,""01100011"":37,""00100001"":8,""01110101"":62,""01101100"":42,""01101010"":66,""11000111"":7,""00000001"":3,""11001101"":2,""11101011"":8,""01101110"":52,""01101000"":52,""01110000"":21,""01001100"":24,""11000001"":3,""11000101"":5,""00001101"":6,""01000110"":86,""01110001"":30,""00101011"":11,""01100111"":97,""00001110"":8,""10101101"":2,""01001000"":39,""01000100"":37,""11100101"":5,""00001111"":6,""11100100"":4,""01111101"":59,""00101111"":1,""01100110"":62,""00101000"":10,""11001100"":1,""11111111"":6,""01111110"":44,""01000010"":20,""01001010"":26,""01111100"":28,""01001110"":17,""00000101"":10,""11100110"":4,""00000100"":5,""10001111"":2,""00101100"":2,""01100010"":23,""01010101"":67,""00000111"":13,""11101110"":3,""01111010"":58,""01110100"":37,""10100100"":1,""01011011"":42,""01111000"":48,""00111111"":15,""00110000"":4,""01011111"":37,""10111010"":5,""01010111"":142,""10010000"":1,""01111001"":130,""00011111"":7,""01111011"":121,""01011001"":57,""00110101"":6,""00010101"":5,""01110011"":28,""01110010"":25,""01111111"":71,""01010011"":38,""11011001"":6,""01010110"":71,""01010001"":44,""11110110"":1,""11001001"":1,""10111101"":6,""01011100"":9,""00111101"":7,""00110111"":20,""11011011"":6,""11100111"":4,""11110101"":6,""00010001"":3,""00000000"":3,""01100000"":12,""11101010"":2,""00001011"":12,""10100011"":2,""00000010"":2,""00101010"":10,""00101110"":6,""10000100"":2,""10101110"":1,""00100110"":8,""11101000"":5,""00001010"":6,""00100000"":1,""11000010"":2,""10101011"":3,""11001011"":3,""10100111"":8,""01010010"":24,""00100011"":3,""11100000"":1,""10100110"":7,""10001110"":2,""11101001"":7,""10001101"":2,""10001011"":2,""10000010"":2,""01010100"":21,""10101111"":2,""11000110"":5,""00000110"":8,""00001000"":2,""00111011"":12,""00001001"":6,""11001110"":6,""10101001"":4,""01011000"":25,""01011110"":23,""11111010"":3,""10111001"":7,""00010111"":16,""10110010"":2,""01011101"":19,""01010000"":15,""11010000"":2,""10000011"":1,""01011010"":23,""11110011"":5,""11111100"":1,""10111100"":2,""10111000"":2,""10111011"":4,""00011011"":11,""00111001"":16,""10110110"":4,""10011010"":1,""00010011"":2,""11011111"":2,""10010110"":1,""00010010"":1,""10011110"":3,""11111011"":6,""00011100"":3,""00111000"":5,""10000110"":2,""00011101"":4,""11110111"":12,""00110001"":6,""00011010"":3,""00010110"":10,""10011001"":1,""10010101"":4,""10010010"":1,""11010011"":5,""10110001"":1,""00101101"":4,""10101000"":2,""10111111"":2,""00011000"":2,""10110111"":6,""00111100"":5,""10011011"":1,""00011110"":2,""11010001"":3,""11110001"":3,""11010101"":2,""00110110"":8,""00111010"":2,""11111101"":4,""11010111"":10,""00011001"":7,""10010111"":5,""11110010"":3,""00111110"":7,""00110011"":2,""11111001"":9,""10010100"":1,""00010100"":3,""11001010"":1,""10110101"":5,""11110100"":1,""11010110"":2,""11111110"":5,""11000100"":2,""11011110"":1,""11100011"":1,""11101100"":1,""10001010"":1,""10100001"":1,""10100101"":2,""11000000"":4,""00100100"":4,""11101101"":2,""00001100"":2,""11001000"":3,""10011111"":2,""00100010"":1,""10001100"":1,""10000111"":2,""11001111"":1,""10000001"":1,""11100010"":1,""11010100"":1,""11110000"":2,""00110100"":2,""10011000"":1,""10111110"":2,""11111000"":3,""10011101"":1,""10101010"":1,""10001000"":1,""10110000"":1,""10110100"":1,""10010011"":1}"
40,x,4000,-0.2015,0.007000000000000006,0.38049999999999995,-0.16100000000000003,-0.0040000000000000036,0.22899999999999998,0.47550000000000003,0.0010000000000000009,"{""10000011"":40,""00101110"":20,""10000000"":22,""11110111"":7,""10101110"":12,""00000010"":19,""11001000"":32,""00001001"":67,""00111000"":47,""00100110"":10,""10001001"":52,""00101010"":21,""00101011"":45,""00001011"":70,""11000010"":11,""01100001"":6,""01111011"":14,""00001100"":27,""11001110"":18,""10001011"":44,""00000011"":53,""01000011"":4,""00100011"":32,""11001001"":43,""00001101"":11,""11011001"":41,""11000101"":15,""00000001"":48,""10101001"":34,""10101101"":6,""10001000"":47,""10000001"":36,""10101011"":44,""10100000"":14,""00111001"":52,""11100001"":5,""10100111"":22,""00101111"":14,""10001010"":13,""10100011"":13,""11001011"":31,""11000110"":7,""00000110"":16,""10011011"":51,""10110111"":19,""11000001"":27,""00010010"":21,""10001101"":15,""01000000"":10,""00001111"":24,""00100000"":18,""10000101"":12,""10100101"":13,""00001000"":45,""00101001"":42,""11000011"":21,""00011011"":66,""10101000"":25,""10001111"":26,""00100001"":34,""01001110"":5,""01001001"":10,""10000111"":23,""00111011"":42,""00100010"":13,""00001010"":28,""10100001"":19,""01001011"":6,""11100101"":4,""11001111"":15,""00101000"":24,""11011011"":35,""00100111"":18,""00110000"":22,""01001101"":1,""00000101"":23,""10111000"":29,""00000111"":23,""00011000"":53,""11001100"":13,""10101111"":13,""10000010"":18,""01000001"":4,""11101001"":17,""00010111"":28,""11101100"":2,""11101011"":14,""10010001"":35,""01100011"":8,""10010000"":16,""01100110"":3,""10001100"":13,""11000000"":13,""01101101"":6,""00101101"":7,""11100111"":9,""10010111"":20,""00110001"":28,""10111010"":16,""10011001"":37,""11011010"":25,""11010011"":26,""10110100"":9,""11010010"":15,""10111001"":34,""10011000"":41,""00011110"":31,""11011111"":14,""00010001"":34,""10110011"":15,""10011101"":11,""11010100"":9,""00010101"":15,""00011101"":11,""10011010"":23,""01010011"":10,""11001101"":7,""11001010"":10,""11111010"":6,""10010010"":14,""10010110"":9,""10110000"":21,""00010000"":34,""10111100"":5,""00110011"":38,""11010001"":21,""00110101"":16,""00011001"":64,""10010101"":6,""00110111"":29,""10110110"":10,""11011000"":23,""11111100"":4,""00111110"":25,""01110001"":5,""00111100"":21,""11010101"":12,""01110000"":5,""10110001"":18,""10010011"":35,""11110001"":5,""00010110"":15,""00111010"":25,""10011110"":15,""11010000"":12,""01010100"":2,""11011100"":16,""11101101"":2,""01001010"":1,""01101001"":8,""00110100"":9,""00110110"":19,""10001110"":16,""01001111"":3,""10000100"":7,""11101000"":10,""11100011"":14,""01101100"":6,""10101100"":9,""00000100"":10,""11011101"":10,""11110010"":9,""01111000"":9,""01011110"":3,""10110101"":8,""11110011"":8,""11111110"":7,""11011110"":18,""01010000"":3,""00011100"":21,""11010111"":16,""11110000"":7,""10111101"":6,""00111111"":17,""10011100"":13,""11111001"":11,""00010100"":8,""01011001"":14,""01011010"":6,""00011010"":33,""01011000"":6,""00010011"":40,""10111011"":21,""00011111"":13,""01011011"":5,""01111111"":3,""01111101"":4,""01110011"":3,""11111000"":10,""01011111"":4,""10111111"":7,""00110010"":18,""01010001"":7,""10011111"":13,""01111110"":2,""11111111"":3,""00111101"":6,""01111100"":3,""10110010"":7,""01111001"":5,""01010101"":6,""11111101"":4,""11010110"":7,""01110010"":3,""11110101"":4,""00000000"":27,""11111011"":9,""11110100"":2,""10010100"":6,""00101100"":12,""01010010"":2,""01001000"":5,""11101010"":4,""10111110"":6,""11000111"":23,""01000111"":4,""01001100"":2,""11100000"":3,""11100010"":4,""01100000"":5,""01100101"":3,""01111010"":3,""10101010"":11,""01101011"":7,""01100010"":4,""00001110"":19,""10000110"":7,""11100110"":1,""00100100"":9,""11101110"":4,""01101010"":1,""01100100"":2,""00100101"":11,""01101000"":3,""11000100"":8,""10100010"":7,""11101111"":3,""01000101"":2,""01101111"":3,""01110110"":2,""01011100"":1,""01110100"":1,""01010111"":1,""01110111"":2,""11110110"":1,""01000010"":2,""10100100"":1,""01000110"":1,""11100100"":1,""01101110"":1,""01000100"":1}"
41,x,4000,-0.42399999999999993,0.0040000000000000036,0.34099999999999997,-0.0024999999999999467,-0.2649999999999999,-0.4624999999999999,-0.5874999999999999,-0.3154999999999999,"{""01110010"":37,""01111000"":24,""01011001"":10,""01111001"":84,""11111110"":38,""01010010"":3,""10001011"":25,""11001010"":16,""10000110"":6,""11111101"":81,""10111001"":30,""00111011"":5,""11111001"":152,""01110111"":34,""11101001"":54,""11111000"":48,""10101000"":4,""10101001"":12,""00001010"":6,""01111100"":12,""01111101"":44,""01110000"":32,""01101000"":9,""11111010"":65,""11101110"":9,""11111011"":148,""01111011"":86,""01001111"":8,""01111010"":37,""10011111"":14,""11001101"":14,""11001011"":28,""11101111"":17,""10011001"":17,""11110010"":68,""11111111"":84,""00001011"":16,""11001111"":16,""11110011"":145,""10100101"":4,""01001001"":21,""00011011"":6,""11000011"":23,""11011001"":13,""11101010"":19,""00001111"":8,""10011000"":5,""11011000"":3,""11011010"":12,""10101011"":7,""01111110"":14,""11001001"":35,""11000001"":29,""01101110"":5,""11001110"":6,""11101011"":38,""10001111"":12,""01110011"":65,""01101100"":4,""11111100"":18,""00011001"":8,""10001010"":11,""00100110"":1,""10111011"":24,""10001001"":31,""01101001"":25,""01001010"":8,""01101010"":11,""11101101"":20,""01001011"":28,""01001101"":13,""11110111"":77,""11000101"":18,""01011011"":8,""11001000"":9,""11110101"":95,""00001101"":9,""00011010"":1,""01101011"":25,""00100001"":3,""11110110"":30,""01111111"":58,""00110011"":4,""11011101"":9,""10111000"":6,""00001000"":10,""01011110"":1,""01100010"":17,""10100001"":10,""11100100"":10,""11100001"":40,""01000111"":5,""01110001"":85,""11010011"":12,""10010110"":4,""11010010"":12,""10000010"":19,""11110000"":66,""10111010"":4,""00000000"":5,""11100010"":31,""00001110"":4,""11110001"":150,""10000000"":11,""00000010"":8,""11110100"":31,""11100111"":16,""10110001"":16,""01100111"":8,""10100011"":11,""01100001"":34,""10110000"":8,""10000101"":11,""01110101"":59,""11100011"":52,""00000101"":8,""01000011"":15,""11010001"":12,""10110010"":16,""01100011"":28,""00000011"":11,""11100101"":31,""10000011"":25,""01000100"":6,""01000010"":6,""11000010"":15,""11000100"":8,""01100101"":12,""10000001"":31,""10010001"":14,""11100000"":10,""11000000"":10,""01110100"":10,""00010101"":2,""01010011"":4,""01110110"":24,""00110001"":9,""00100011"":5,""11010000"":7,""10100010"":3,""10010011"":12,""01000001"":21,""00010001"":1,""01010000"":3,""01000101"":5,""01010101"":3,""10000100"":4,""10010101"":7,""11010101"":4,""10010111"":3,""01100110"":7,""00000001"":13,""00010011"":4,""11000111"":11,""01100000"":10,""10010010"":8,""10110011"":16,""00000111"":9,""01100100"":4,""11100110"":14,""10110101"":11,""00110110"":2,""11011111"":6,""00010010"":2,""00000100"":3,""10010000"":5,""10110111"":9,""00110101"":4,""11000110"":3,""10101101"":5,""00110000"":7,""10101010"":5,""01000110"":6,""10001101"":14,""01101111"":5,""11010110"":4,""10011010"":8,""10001000"":13,""01101101"":15,""10111100"":3,""10011011"":12,""00001100"":1,""11011011"":12,""10011101"":6,""11011100"":4,""11010111"":1,""10000111"":7,""00101011"":1,""11101000"":16,""00100101"":2,""01000000"":8,""00010111"":2,""01010001"":6,""01011101"":4,""10111101"":9,""10111111"":8,""00011100"":1,""10111110"":2,""00101001"":5,""10101111"":3,""11101100"":9,""01001100"":4,""01011010"":1,""00001001"":12,""00111101"":5,""00111111"":5,""10101100"":3,""11001100"":5,""00101100"":1,""10001110"":8,""01001000"":3,""01011100"":1,""00011101"":2,""00101101"":1,""01011111"":1,""00110111"":3,""01011000"":1,""00111010"":3,""00111100"":2,""11011110"":1,""01001110"":4,""11010100"":2,""00010000"":1,""10100000"":7,""00100000"":2,""10100100"":2,""00100100"":1,""01010110"":1,""00100111"":1,""10110100"":3,""01010111"":1,""10011110"":2,""00111110"":1,""10001100"":2,""00101010"":2,""00000110"":2,""00010110"":1,""00101111"":1,""00011111"":3,""00111001"":1,""10101110"":1}"
42,x,4000,0.07550000000000001,-0.025500000000000078,-0.013500000000000068,0.04700000000000004,-0.02499999999999991,0.15400000000000003,0.015499999999999958,-0.5825,"{""10111111"":6,""11110111"":33,""10111000"":27,""10011101"":11,""10011011"":61,""10010101"":56,""11110100"":74,""01010110"":11,""10011001"":28,""11010110"":34,""00111001"":3,""11110101"":42,""11111011"":54,""10010110"":34,""11011011"":49,""11110110"":35,""11011100"":22,""11011111"":14,""10010001"":15,""11010101"":29,""00010111"":3,""11010011"":10,""00011011"":12,""10010111"":50,""10011100"":23,""11111001"":24,""11000110"":29,""10110100"":40,""00100110"":17,""01110100"":7,""01111011"":14,""00111011"":23,""01110111"":9,""01010000"":4,""11111000"":39,""10011000"":47,""10111010"":24,""10110111"":25,""01111001"":5,""00110110"":6,""00111000"":13,""00010101"":12,""00111110"":4,""10111011"":31,""00010100"":19,""01110101"":7,""11111010"":46,""01110011"":4,""11011000"":28,""10110101"":21,""10011010"":68,""11010100"":55,""10110110"":17,""11111100"":15,""01010100"":13,""00101011"":24,""10010100"":78,""11100000"":14,""11011001"":28,""11101010"":42,""11110000"":19,""11101011"":45,""11010111"":32,""10110000"":7,""01101010"":6,""00011010"":12,""01011100"":2,""11110011"":10,""01011110"":3,""01110001"":4,""01000011"":4,""01000101"":8,""11100001"":14,""01100000"":3,""11000011"":10,""11101001"":16,""11100111"":26,""11100100"":41,""10000111"":47,""10001001"":29,""10000000"":17,""11001011"":54,""10000101"":44,""11001111"":16,""11100101"":43,""11000100"":59,""11000000"":14,""10001100"":15,""11001000"":35,""11101111"":6,""10100010"":13,""00000000"":8,""11100010"":18,""10001010"":54,""11001100"":14,""10100011"":7,""00101100"":7,""10001011"":83,""00101001"":8,""01001001"":8,""11001001"":19,""00000100"":15,""01000111"":13,""01101000"":8,""10000100"":74,""10100101"":19,""11000101"":37,""10101100"":6,""01100111"":5,""11000111"":55,""10101011"":35,""10000001"":9,""10001101"":14,""10001000"":39,""10100110"":18,""00101000"":13,""10100111"":28,""01101110"":3,""10010011"":15,""10101000"":11,""11001010"":46,""11100011"":9,""01000000"":8,""00001010"":16,""00100100"":23,""11101000"":28,""10000110"":32,""00000110"":11,""01001111"":3,""11010010"":19,""00001000"":8,""10000011"":14,""10101010"":19,""10100001"":9,""00100010"":5,""11001110"":10,""01100100"":14,""01001011"":11,""11011101"":11,""00100111"":16,""01101001"":1,""00101010"":19,""11101110"":7,""10001111"":9,""01101100"":4,""00101110"":6,""11010000"":21,""11000010"":17,""01101011"":11,""01000001"":3,""00000111"":10,""10101110"":5,""00100101"":15,""10001110"":12,""00101101"":4,""11000001"":6,""10100100"":30,""11111110"":5,""10101111"":6,""10000010"":8,""00100001"":2,""11100110"":19,""01001000"":7,""00000101"":5,""11110010"":12,""10101001"":8,""00000010"":6,""01100110"":6,""10100000"":9,""11011010"":51,""01101111"":4,""01000110"":8,""10011110"":11,""10110010"":7,""01111010"":3,""00110100"":17,""10011111"":21,""11111101"":6,""00111101"":4,""00001100"":5,""00111010"":15,""00010000"":4,""01111000"":2,""11011110"":8,""10111110"":4,""01110010"":4,""00010110"":3,""11010001"":9,""10010000"":20,""01000010"":6,""01011000"":11,""11111111"":10,""00110111"":12,""00010001"":3,""10010010"":23,""01111101"":3,""01011010"":4,""10110011"":5,""01010111"":11,""00010011"":2,""00110001"":4,""01011011"":12,""00110000"":6,""01010101"":11,""10111101"":8,""01010010"":4,""00011000"":9,""01001100"":4,""00111100"":3,""00001110"":3,""11110001"":10,""00111111"":2,""01010001"":2,""00011101"":4,""00110101"":13,""10110001"":4,""00010010"":4,""11101100"":13,""00100000"":4,""10111100"":9,""01100101"":5,""01111110"":3,""01110000"":2,""00011111"":3,""00011100"":5,""00000001"":3,""01011111"":4,""00110011"":2,""01001110"":2,""00001001"":4,""11001101"":9,""01000100"":9,""00001101"":3,""00001011"":9,""11101101"":6,""10101101"":8,""01001101"":2,""01001010"":4,""01011001"":2,""01111100"":2,""00110010"":3,""10111001"":7,""01110110"":3,""00011110"":2,""01100011"":2,""00100011"":1}"
43,x,4000,-0.2290000000000001,0.40449999999999997,-0.10450000000000004,0.07899999999999996,0.0040000000000000036,0.12450000000000006,0.21899999999999997,-0.5315000000000001,"{""11010100"":34,""11011001"":52,""10111001"":96,""00111001"":12,""11110111"":9,""10110101"":94,""00100101"":10,""10011001"":62,""10010100"":54,""10110100"":84,""11010110"":15,""01111011"":5,""10110111"":52,""00011001"":13,""10010011"":13,""00010111"":7,""10111101"":34,""10111100"":28,""10100101"":83,""10110110"":37,""11011110"":4,""01110100"":11,""11111111"":6,""11001110"":10,""10111011"":37,""10110011"":14,""11010101"":57,""10010101"":67,""10011101"":22,""11011011"":27,""10110001"":30,""01011010"":13,""10001001"":64,""11110110"":7,""10010111"":40,""10000000"":16,""00110100"":9,""11011101"":25,""10111000"":64,""10100000"":22,""00011000"":4,""01111001"":13,""11011010"":17,""01011001"":26,""11000001"":13,""10011011"":14,""00010001"":5,""01010101"":39,""10011100"":20,""11001100"":17,""10011010"":10,""00010100"":6,""10010001"":24,""10000101"":104,""11110010"":2,""00110001"":4,""11010001"":14,""00010101"":15,""10111110"":12,""11011000"":35,""10010110"":21,""10110000"":24,""10000100"":60,""10101111"":13,""11000111"":24,""00000001"":5,""01000101"":46,""11000101"":65,""11100100"":19,""01001001"":33,""10001011"":29,""01000100"":23,""10100001"":39,""01001000"":27,""00100111"":9,""10100100"":67,""11101011"":6,""10101001"":72,""00001010"":4,""11110101"":29,""01111000"":11,""10101110"":4,""10001100"":17,""01100001"":5,""01000001"":9,""11001000"":34,""10001101"":30,""00000101"":15,""00011101"":4,""11001111"":7,""10101000"":36,""00101001"":13,""00101101"":8,""10101100"":21,""01001110"":7,""00000100"":6,""01100100"":11,""11000010"":3,""01100101"":12,""11000110"":12,""11001010"":16,""10000110"":26,""10001000"":32,""11100001"":7,""10101101"":32,""11100111"":11,""10000011"":25,""11100011"":3,""01101001"":13,""10000111"":37,""01000110"":7,""11101001"":18,""01111101"":11,""00000000"":3,""11011100"":23,""01110101"":21,""01011101"":15,""00001100"":7,""01010010"":2,""11010111"":30,""11111001"":16,""01010100"":9,""00110101"":10,""01011011"":15,""10011000"":39,""11110011"":4,""01001100"":10,""01010110"":7,""10000001"":33,""00111110"":1,""11001001"":48,""10111111"":16,""10011111"":10,""11001011"":34,""01110010"":1,""10010000"":21,""10100111"":43,""00111111"":1,""00001011"":5,""00001110"":2,""00100011"":4,""01001101"":15,""10101011"":31,""00101010"":3,""01000111"":17,""10100110"":26,""01100111"":9,""10001010"":19,""11000011"":5,""10001111"":9,""01001011"":16,""10100011"":14,""01101111"":1,""00100110"":2,""11101111"":3,""01101101"":4,""11001101"":21,""00001101"":4,""00101000"":9,""00001001"":13,""11010000"":5,""11110001"":8,""01010111"":17,""11000100"":34,""11110100"":10,""10110010"":5,""01011000"":23,""00010110"":10,""11111011"":7,""01110111"":14,""11100010"":2,""01011100"":3,""11010011"":8,""01110011"":3,""01011111"":2,""00110111"":9,""11111101"":8,""00111101"":3,""01010000"":7,""11111010"":4,""00100001"":5,""00011011"":4,""10111010"":8,""01010001"":9,""01111010"":2,""01110001"":5,""10011110"":11,""01101000"":8,""01101110"":2,""01101100"":5,""11100101"":13,""11101000"":9,""00001000"":11,""11101110"":1,""01111100"":3,""01000000"":5,""00100100"":14,""10100010"":8,""11111110"":2,""11000000"":10,""10001110"":8,""01100000"":4,""11101100"":4,""00100000"":3,""00011010"":2,""00000111"":5,""10010010"":9,""00111010"":2,""00010011"":2,""00110000"":1,""01101011"":3,""01100110"":6,""10000010"":7,""11100110"":4,""11101010"":4,""10101010"":16,""00000110"":5,""01001010"":5,""01000010"":5,""00000011"":3,""11111100"":4,""11111000"":14,""11100000"":2,""11101101"":5,""01001111"":1,""01000011"":9,""00101111"":1,""11110000"":5,""01010011"":3,""00011100"":5,""11011111"":1,""00111100"":2,""00110110"":4,""00111000"":2,""00011110"":1,""01110110"":2,""11010010"":2,""00111011"":4,""00101100"":3,""00101110"":2,""00000010"":2,""01101010"":1,""01111111"":2,""00100010"":1,""00101011"":3,""01100011"":1,""00001111"":1}"
44,x,4000,0.263,0.08099999999999996,-0.3600000000000001,-0.14250000000000007,-0.05600000000000005,-0.026999999999999913,-0.377,-0.4115,"{""11010001"":24,""11111110"":113,""10010010"":35,""11011100"":34,""01111100"":23,""11111100"":158,""11101100"":142,""01011011"":5,""10011000"":11,""11011101"":20,""10011101"":33,""01011101"":25,""01111101"":10,""11111001"":12,""11111101"":82,""10011100"":56,""10011011"":6,""01010001"":15,""10010101"":14,""11110111"":40,""10010110"":27,""11110001"":30,""01010000"":37,""01010100"":12,""11010000"":38,""01001111"":22,""10011110"":51,""11110110"":53,""11111111"":60,""01011100"":39,""01011001"":4,""11110010"":33,""11010010"":30,""11010100"":15,""11110100"":42,""00010111"":6,""11110101"":17,""10111101"":6,""10110110"":2,""10010000"":35,""10010011"":15,""00010100"":8,""01010011"":10,""01011010"":6,""10110111"":4,""11111011"":25,""00100011"":3,""11010111"":16,""10011001"":5,""01010010"":24,""01011110"":39,""10011111"":20,""01010101"":13,""10001110"":43,""10110010"":4,""01111110"":23,""11111000"":24,""01110100"":7,""10110000"":3,""10010001"":15,""00111101"":11,""01101101"":13,""11110000"":54,""10110100"":5,""00110101"":5,""11100110"":46,""00111110"":28,""00111000"":6,""01011000"":9,""11000111"":13,""00110110"":12,""00010000"":9,""11001111"":12,""00110100"":5,""10010111"":13,""10001111"":25,""01111011"":11,""11011110"":22,""00111100"":27,""11101110"":106,""01000100"":16,""01010110"":28,""10010100"":22,""00110000"":8,""01100000"":5,""00011110"":11,""11101001"":15,""01111000"":4,""11010110"":21,""00011100"":9,""10111100"":13,""11111010"":28,""10001001"":6,""00011101"":9,""11100111"":35,""10111111"":6,""01001100"":40,""00010010"":12,""01011111"":12,""11100000"":50,""11101101"":96,""11011111"":12,""01110001"":3,""01111001"":3,""01111111"":8,""01010111"":11,""01110010"":12,""11011000"":9,""10000010"":20,""10111110"":10,""00011000"":2,""11100001"":26,""01000110"":21,""00010001"":8,""00001100"":12,""11101000"":23,""00111111"":8,""10001101"":34,""11000000"":20,""11100010"":25,""11100100"":21,""00110001"":3,""11011010"":2,""10111011"":3,""00010011"":3,""01100001"":3,""11000110"":21,""01001110"":41,""01100010"":5,""11000100"":12,""10001100"":78,""01101111"":5,""11101111"":56,""11100011"":14,""10000000"":36,""00101100"":17,""11000011"":9,""00101111"":9,""11101011"":17,""11000001"":20,""11000010"":15,""11100101"":29,""10000111"":15,""00011111"":6,""11001101"":15,""01001101"":32,""00101101"":7,""00000111"":8,""01000111"":13,""10000110"":22,""11001100"":30,""00000011"":1,""10000101"":14,""10101110"":11,""10000001"":20,""01000000"":25,""00000101"":6,""10001010"":10,""10000011"":14,""10000100"":5,""11001011"":5,""00000100"":4,""00001101"":6,""01000101"":6,""00000001"":5,""00100101"":3,""11001110"":16,""01101110"":12,""01001010"":6,""10101111"":4,""01100111"":2,""11101010"":15,""10001011"":6,""00101110"":9,""00001111"":5,""11001000"":9,""01000001"":24,""01110011"":2,""11110011"":14,""10100110"":2,""11010011"":8,""01110000"":5,""11000101"":9,""01001000"":11,""01100011"":5,""01000011"":6,""00000000"":11,""00000110"":3,""00001011"":4,""01100101"":6,""01101100"":8,""10101101"":9,""01000010"":19,""00100111"":2,""10100101"":4,""10101010"":4,""01100110"":9,""00100110"":3,""00000010"":4,""11001001"":1,""00100100"":6,""00100000"":8,""10100000"":4,""10001000"":4,""11001010"":3,""10101100"":10,""00100001"":4,""10100001"":6,""11010101"":7,""01001001"":4,""10100010"":5,""10100111"":6,""00001110"":11,""01101000"":1,""00101010"":6,""01001011"":4,""00101011"":2,""00001010"":1,""00100010"":2,""00010101"":2,""01110110"":6,""01110101"":2,""00110010"":6,""11011011"":3,""00110111"":5,""00010110"":9,""00101000"":4,""10100100"":3,""00111001"":2,""01111010"":4,""01100100"":4,""00011001"":2,""10110101"":2,""00111011"":3,""00110011"":2,""10111001"":1,""10110001"":1,""10111000"":1,""01101011"":1,""10100011"":3,""10101000"":2,""10101011"":1,""10011010"":5,""00001000"":1,""00011010"":2,""11011001"":1}"
45,x,4000,-0.4145000000000001,-0.0020000000000000018,0.357,-0.0035000000000000586,0.131,0.627,0.4535,-0.5285,"{""10001010"":59,""10011000"":49,""10011001"":97,""10001001"":165,""10111001"":24,""10000001"":141,""01011000"":9,""01001100"":10,""10001000"":74,""10001011"":193,""11101000"":5,""01011001"":34,""10011101"":62,""01001001"":39,""11111010"":9,""10000010"":77,""01011010"":14,""11101110"":6,""11001001"":12,""10011011"":138,""10000000"":69,""11001100"":2,""01001101"":15,""10011110"":19,""01011111"":19,""11101001"":13,""10101111"":7,""10111000"":18,""10001111"":73,""10000011"":174,""11011110"":2,""10111011"":27,""10111101"":8,""11011001"":6,""00111100"":4,""10010011"":126,""01001011"":36,""00001011"":19,""10011010"":36,""00101001"":3,""01011011"":31,""00100000"":2,""10001110"":29,""01001111"":12,""01101000"":2,""11100010"":6,""00011010"":6,""10001101"":65,""01111001"":4,""10000100"":35,""10001100"":32,""01001000"":10,""11111001"":14,""01011101"":12,""10101010"":4,""10011111"":36,""11111100"":1,""10000111"":65,""11101100"":4,""01111010"":3,""10000101"":107,""10101000"":7,""11100001"":16,""11111011"":10,""01000010"":11,""00001101"":6,""10011100"":33,""11000011"":15,""10101011"":19,""11011011"":13,""01010001"":19,""11001101"":5,""11101011"":15,""01110000"":2,""11101101"":12,""11011010"":7,""01011110"":7,""11001111"":11,""00111000"":2,""10010001"":91,""11111101"":3,""01101111"":2,""11111000"":3,""01101101"":3,""01111111"":3,""01010011"":37,""00111001"":5,""00000011"":13,""10010111"":48,""11011111"":4,""10101100"":4,""10111010"":5,""10101001"":7,""11010011"":11,""00001000"":5,""10111111"":9,""00101111"":2,""01111101"":8,""00001100"":3,""00011111"":7,""00101011"":4,""10010000"":55,""00001001"":10,""01101011"":6,""01101001"":10,""00011001"":11,""11111111"":5,""10101101"":9,""11101111"":10,""00010011"":13,""01001010"":17,""01000101"":17,""11100101"":15,""01111011"":6,""00010001"":9,""11000000"":6,""10010101"":52,""11000111"":6,""01010111"":13,""01100011"":13,""01000000"":16,""00100010"":3,""11000101"":10,""01100001"":10,""11100011"":13,""10010010"":47,""00110101"":2,""11000010"":8,""01000111"":17,""01010101"":17,""10110001"":19,""10000110"":32,""11100110"":5,""11010101"":5,""10110100"":5,""00010100"":3,""00000001"":12,""10010110"":17,""01000110"":4,""11110001"":15,""11100100"":5,""10110111"":11,""10010100"":20,""11000001"":10,""00000010"":6,""01100111"":10,""01110110"":1,""00100111"":3,""10100111"":7,""11100000"":5,""10110011"":27,""00010000"":7,""11010010"":5,""00000110"":4,""10110000"":9,""01100000"":3,""01010100"":7,""00100100"":4,""01100101"":3,""01110011"":6,""10100011"":11,""01000011"":34,""11110101"":8,""00000000"":4,""10100001"":9,""00110010"":2,""00010101"":10,""00110011"":7,""01000001"":30,""00010010"":4,""11110010"":4,""11000100"":4,""01000100"":11,""00000101"":4,""10100101"":5,""11100111"":4,""11010001"":10,""10100000"":9,""01010110"":3,""00011110"":1,""11001011"":13,""11001000"":7,""00101010"":2,""11001010"":12,""00011011"":9,""11111110"":1,""00111101"":3,""11101010"":5,""11011100"":3,""01001110"":3,""10110101"":15,""00101100"":1,""11011000"":5,""01111000"":6,""00100001"":6,""01111100"":3,""01110101"":4,""01010000"":9,""11010000"":3,""00110000"":6,""01110001"":6,""11010111"":3,""10110110"":5,""00010111"":2,""10100110"":3,""11110011"":8,""01100010"":5,""10110010"":5,""01010010"":10,""00000111"":6,""11011101"":5,""00001111"":6,""10101110"":1,""00111011"":6,""01101010"":1,""00001010"":4,""00011100"":4,""00011000"":2,""00111111"":3,""10111100"":5,""11000110"":3,""11010100"":5,""00100011"":4,""00110001"":5,""00000100"":2,""00101101"":4,""10111110"":2,""00001110"":3,""11010110"":2,""00011101"":3,""01110010"":2,""11110000"":3,""00010110"":1,""01100100"":3,""10100100"":3,""11110111"":3,""10100010"":2,""00100101"":2,""01011100"":3,""00101000"":2,""01110100"":1,""00110100"":1,""00110111"":3,""11110110"":1,""01110111"":1}"
46,x,4000,-0.2310000000000001,-0.008000000000000007,-0.15399999999999991,0.1725,0.01100000000000001,0.02200000000000002,0.15649999999999997,-0.01200000000000001,"{""00001110"":15,""10111101"":20,""01010111"":20,""00110101"":40,""00010011"":29,""01011111"":19,""00000100"":19,""01111110"":9,""01010001"":17,""00010101"":34,""11110101"":27,""11111111"":16,""11111011"":5,""00110100"":17,""10010101"":42,""10000001"":19,""10110011"":38,""11100001"":15,""01111100"":9,""01010100"":18,""00011001"":4,""11111101"":13,""10111001"":5,""10011101"":35,""01000001"":15,""10101110"":11,""10100101"":36,""00011101"":26,""11111100"":7,""01110000"":8,""01110101"":41,""01000011"":39,""01111011"":13,""01010011"":40,""00110000"":7,""10010110"":12,""01011101"":23,""10110001"":18,""01010101"":32,""11110011"":29,""11101101"":14,""10110100"":18,""00111111"":23,""10111111"":17,""00110001"":20,""10101001"":4,""01110001"":13,""10011110"":23,""10111010"":10,""10100001"":18,""10110000"":16,""00111101"":42,""11010001"":15,""10011011"":13,""10000100"":34,""01011100"":15,""11010011"":22,""10011111"":39,""10101011"":13,""10010100"":30,""10010001"":12,""00100101"":35,""00011011"":8,""00110011"":38,""10010011"":33,""00011111"":28,""11010101"":25,""11011101"":25,""01110111"":13,""01110110"":7,""11010010"":23,""00010000"":8,""10100011"":42,""10100010"":35,""11100101"":20,""00000011"":23,""10101111"":27,""10101100"":17,""00101110"":16,""00101101"":29,""00100100"":25,""01000101"":23,""00101000"":4,""10010111"":17,""00101111"":17,""11001110"":12,""10001110"":28,""11100010"":25,""10100100"":32,""10000000"":16,""00001111"":27,""11100100"":17,""00001101"":31,""01100010"":13,""11001111"":21,""00001011"":15,""00100111"":10,""10001100"":22,""11000101"":23,""00000010"":15,""10001111"":34,""11000110"":8,""01101101"":17,""01100101"":20,""01101100"":10,""10000011"":30,""01001100"":14,""10000101"":30,""00100010"":26,""01000010"":22,""00101010"":9,""11001011"":4,""01100100"":18,""01101011"":9,""00001100"":21,""01000110"":7,""01110011"":26,""00000001"":15,""00100011"":45,""00010100"":11,""00000101"":30,""00101011"":16,""01100011"":30,""10111100"":8,""11000010"":13,""10100111"":10,""11101111"":14,""01001110"":13,""10000010"":21,""11101110"":9,""00100110"":13,""10110010"":27,""01101111"":13,""01001001"":3,""11011111"":19,""11010111"":13,""01110100"":14,""10011001"":8,""00110111"":19,""00110110"":11,""10011100"":23,""00010111"":10,""11010100"":19,""11011011"":9,""01011001"":6,""01111001"":5,""10110111"":9,""01111101"":32,""11001101"":32,""10111011"":20,""00111100"":17,""10110101"":34,""11010000"":10,""11011010"":10,""00011010"":6,""01010110"":12,""10110110"":10,""00010001"":9,""10001010"":16,""10000110"":5,""11101001"":6,""10001101"":41,""01000111"":9,""11100111"":6,""00100001"":23,""01000000"":13,""01100001"":11,""10101101"":22,""11101100"":15,""10100000"":21,""01001011"":11,""01001111"":13,""01000100"":15,""11001001"":5,""11100110"":4,""11000100"":18,""10100110"":12,""10001001"":5,""01100111"":4,""11110010"":7,""11001100"":12,""11100011"":29,""11000011"":20,""11101011"":13,""11100000"":6,""11000001"":13,""01001101"":18,""10101010"":12,""00100000"":16,""11000111"":10,""01110010"":17,""11001010"":6,""00001010"":8,""11101000"":4,""00000000"":8,""10001011"":18,""01001010"":4,""11011110"":11,""01101110"":14,""10001000"":11,""01100000"":7,""00011110"":10,""00111010"":18,""10010000"":11,""01011010"":9,""01111010"":5,""01010010"":14,""00010110"":9,""10011000"":2,""11110100"":10,""00110010"":20,""00011100"":12,""01011011"":17,""10111110"":9,""11111010"":3,""10010010"":15,""00010010"":16,""00111011"":10,""11010110"":8,""10011010"":5,""01011110"":7,""11111110"":8,""01010000"":11,""01011000"":1,""11011100"":6,""11111000"":4,""11001000"":4,""01100110"":5,""01001000"":1,""01101001"":3,""10101000"":4,""00001000"":5,""00101100"":9,""01111111"":23,""00000111"":10,""01101000"":2,""11011000"":3,""11110001"":8,""10000111"":11,""11110000"":6,""11011001"":3,""00011000"":3,""11111001"":5,""11101010"":8,""10111000"":2,""01101010"":7,""00000110"":6,""01111000"":2,""00111000"":3,""11110111"":4,""00111110"":11,""00001001"":6,""00111001"":3,""11000000"":3,""00101001"":6,""11110110"":4}"
47,x,4000,-0.5914999999999999,0.14800000000000002,0.24350000000000005,-0.014999999999999902,-0.08349999999999991,0.27149999999999996,-0.03649999999999998,-0.3075000000000001,"{""10010111"":35,""10110011"":19,""01010110"":3,""00000011"":22,""10110010"":6,""11110001"":74,""00100000"":3,""10011011"":50,""11010001"":22,""10001011"":62,""10000001"":81,""01110101"":37,""11110110"":4,""01010111"":12,""11000011"":53,""01110001"":31,""01000101"":37,""10000101"":52,""00010101"":24,""11001101"":32,""11010011"":22,""01010101"":17,""10001001"":80,""01000011"":38,""10010101"":66,""11010010"":8,""11100011"":18,""11000101"":48,""10000010"":19,""11110101"":52,""10011111"":28,""10111011"":19,""10000011"":59,""01000010"":6,""00000001"":20,""10100001"":13,""10010001"":68,""01010001"":36,""11000001"":48,""00100101"":8,""10001101"":44,""10100011"":26,""01000111"":13,""11110111"":28,""11010101"":16,""00110000"":2,""00011001"":19,""01110011"":15,""10000111"":25,""00010111"":12,""01100011"":6,""11011001"":18,""11110000"":15,""00010001"":23,""00000010"":8,""01100001"":14,""01011011"":40,""01111011"":28,""01010010"":6,""11110011"":58,""01000001"":38,""00010000"":6,""10111101"":16,""11100001"":13,""00100011"":4,""10011101"":71,""00001011"":24,""11001001"":48,""01111101"":19,""10001111"":28,""10110101"":24,""11111011"":60,""00011010"":4,""11001100"":10,""01001101"":32,""10001100"":9,""01011101"":27,""11111001"":69,""00011101"":20,""11011100"":4,""00001001"":31,""00001101"":16,""00011111"":7,""00111001"":14,""00111010"":5,""01111001"":41,""10111010"":13,""11101010"":5,""00001111"":7,""01111000"":5,""10011001"":61,""11011111"":8,""11001110"":8,""10101011"":27,""00101011"":4,""01001011"":27,""11001000"":14,""01001100"":8,""11011011"":26,""00111011"":10,""01011100"":8,""11001111"":16,""01011001"":29,""11111101"":50,""10001110"":4,""01001001"":53,""00001100"":10,""11101001"":14,""01111111"":6,""11001011"":46,""10101101"":17,""00111101"":10,""10011110"":10,""10111111"":8,""01101011"":5,""11000111"":18,""11100010"":7,""10010011"":51,""11100101"":20,""00010010"":10,""10000110"":7,""10110100"":6,""11011010"":8,""01010100"":4,""00110011"":10,""11000010"":17,""01100101"":6,""01110111"":13,""00110101"":13,""11100111"":11,""00000101"":24,""00100110"":3,""11110010"":19,""11110100"":7,""10110001"":22,""11101100"":6,""11100100"":3,""01010011"":26,""10010000"":11,""10010010"":15,""11000000"":8,""10101010"":6,""00111100"":3,""00100001"":9,""00110001"":17,""11010100"":4,""01010000"":4,""10111110"":4,""01100000"":1,""10100111"":4,""00110111"":3,""10010100"":12,""10011000"":22,""11111100"":16,""01101101"":7,""11101101"":18,""10001000"":17,""10101111"":3,""11111110"":6,""10011010"":25,""11011101"":17,""01111010"":13,""10000100"":5,""11111010"":21,""10101100"":6,""01011000"":6,""11111111"":16,""01111100"":5,""01001010"":14,""01001111"":7,""10001010"":32,""10101001"":18,""00101001"":7,""01011111"":10,""01101001"":13,""10111001"":21,""10100101"":10,""00010011"":13,""10000000"":8,""11000100"":3,""01000110"":8,""10100010"":4,""10110110"":5,""00000100"":5,""11010111"":6,""10100110"":3,""00000111"":4,""01001000"":12,""01011010"":13,""01001110"":11,""01011110"":4,""00111000"":5,""11111000"":11,""10101000"":3,""00001000"":6,""00011100"":6,""00001010"":12,""01000000"":5,""00011011"":13,""10110111"":13,""00011110"":3,""01101111"":7,""00001110"":2,""01100111"":4,""01110010"":10,""11101000"":3,""01101000"":3,""10011100"":14,""00101010"":1,""10111000"":3,""11011110"":3,""00010110"":1,""11101011"":16,""01110100"":5,""11010000"":4,""00000110"":1,""00100111"":4,""00000000"":1,""01110110"":5,""01110000"":8,""01111110"":3,""00101101"":5,""11001010"":7,""11011000"":3,""10101110"":4,""01100100"":1,""00101111"":2,""01101100"":1,""11101111"":6,""11010110"":3,""00101100"":1,""00111111"":2,""10100100"":4,""00110010"":5,""11101110"":3,""01000100"":2,""00010100"":2,""11100000"":2,""11000110"":3,""00110100"":1,""10110000"":5,""01101010"":3,""10111100"":4,""10010110"":5,""00011000"":4,""00110110"":1,""10100000"":1,""00100010"":2}"
48,x,4000,0.20650000000000002,0.45699999999999996,0.04349999999999998,-0.02400000000000002,0.04500000000000004,0.795,0.019000000000000017,-0.04600000000000004,"{""10101111"":2,""11000011"":14,""01001001"":40,""10000100"":43,""11111111"":2,""10101010"":2,""11001100"":35,""11101101"":1,""01000010"":12,""01001000"":58,""11000110"":17,""01000111"":22,""00001001"":47,""11010011"":10,""00001000"":64,""11000101"":50,""11000100"":60,""11000001"":36,""01001100"":29,""10000010"":18,""11101110"":6,""11001111"":10,""00000111"":12,""10001101"":36,""00000101"":51,""01001111"":15,""10000110"":20,""00000110"":18,""00100101"":6,""01000100"":54,""10001000"":81,""01000001"":32,""11001011"":14,""10001011"":20,""11010010"":17,""00000100"":60,""10001110"":25,""10011010"":21,""01000110"":14,""01010001"":22,""01011010"":28,""10000101"":39,""11000111"":15,""11100110"":5,""00000001"":21,""11001110"":12,""10001001"":53,""10000011"":12,""11001010"":21,""00011100"":32,""10000000"":35,""01001010"":25,""00011000"":67,""10011101"":25,""00100111"":4,""00001100"":50,""11010111"":16,""11001001"":36,""00001010"":26,""00000000"":33,""10000111"":19,""00100001"":5,""01001011"":10,""01000101"":30,""10001100"":46,""11001101"":28,""11011001"":46,""00001101"":25,""01101100"":4,""01001110"":15,""10001010"":25,""11001000"":50,""00000010"":15,""11000000"":48,""10100111"":1,""10101100"":1,""00101010"":1,""00101101"":2,""01100010"":3,""11011110"":13,""11100001"":4,""00101000"":7,""01001101"":23,""11000010"":13,""10000001"":29,""11101010"":6,""11101001"":3,""00011011"":18,""00101100"":3,""11101000"":8,""01000011"":10,""00100100"":10,""01100001"":3,""10011000"":72,""00001011"":15,""11011010"":24,""11111010"":4,""00001110"":19,""01101000"":4,""11100100"":15,""10101000"":6,""10011011"":13,""00101001"":5,""11101100"":6,""00100000"":5,""01100101"":4,""01011101"":23,""10101001"":2,""11010101"":22,""01000000"":43,""10111001"":3,""10100001"":2,""01100000"":3,""11100000"":8,""10001111"":9,""00010101"":39,""00010111"":12,""10010101"":25,""01011000"":61,""00010100"":73,""10010100"":59,""01011100"":21,""10010000"":47,""11110100"":11,""11010000"":45,""01010000"":44,""10011001"":52,""10011111"":13,""00011110"":16,""11011100"":42,""00000011"":12,""11010100"":61,""00010000"":41,""10010001"":30,""11111110"":4,""01010100"":54,""11011101"":27,""10011110"":14,""10110100"":4,""00011010"":22,""11110000"":7,""11010001"":23,""11011000"":62,""01011110"":14,""10011100"":32,""11010110"":20,""01010011"":7,""00011101"":22,""10010110"":17,""00011001"":29,""11111001"":8,""01011011"":12,""10100110"":5,""00111100"":4,""00010010"":12,""01111001"":7,""01011001"":19,""00110100"":12,""01010110"":18,""01010010"":13,""00010110"":15,""00111000"":7,""01110101"":6,""00011111"":9,""11110110"":1,""10010111"":16,""01010111"":11,""10100101"":2,""00100010"":1,""00100110"":1,""00001111"":10,""00110010"":2,""11100010"":3,""10010010"":10,""11111100"":6,""01010101"":23,""10100010"":1,""01110100"":2,""10100100"":4,""10110011"":1,""01110111"":2,""10111100"":4,""00010011"":8,""01111100"":7,""00110000"":9,""01111000"":6,""00111001"":7,""10110000"":2,""11111000"":7,""00010001"":12,""10110001"":2,""01111110"":1,""00110101"":5,""00111101"":4,""01011111"":7,""11111011"":4,""01111101"":3,""11011111"":8,""00101110"":2,""10111000"":5,""00110110"":1,""00110001"":3,""11110001"":5,""01110000"":2,""11100111"":7,""10101110"":1,""11101011"":3,""11011011"":20,""10110111"":1,""01111011"":3,""00110011"":1,""01101001"":4,""10010011"":5,""11100101"":7,""00101111"":2,""10110101"":3,""01110001"":2,""11100011"":6,""01100100"":4,""00101011"":1,""01100110"":2,""11101111"":1,""01101011"":1,""10110110"":1,""00111111"":1,""01101010"":2,""01111111"":2,""11110101"":5,""11110010"":3,""01101111"":1,""01100111"":1,""00111011"":3,""11110011"":2,""10111011"":1,""01101101"":1,""10111010"":1,""10100011"":1}"
49,x,4000,0.07199999999999995,0.53,-0.1645000000000001,0.14249999999999996,0.011499999999999955,0.6154999999999999,-0.3819999999999999,-0.43900000000000006,"{""10000101"":55,""01000111"":12,""11000100"":145,""01001001"":28,""10001100"":25,""10100000"":15,""10000100"":61,""11001001"":85,""11100101"":34,""11101011"":9,""01010001"":23,""10100100"":20,""11000101"":122,""00100101"":4,""11001101"":40,""10011001"":26,""10000001"":16,""01001010"":10,""11000001"":51,""00101011"":3,""10101100"":11,""00000101"":28,""01100101"":13,""10001000"":35,""10010100"":57,""01000100"":44,""01101000"":6,""11001000"":79,""11001011"":26,""11100000"":21,""10001001"":31,""10011101"":11,""01011111"":8,""10100101"":23,""11101001"":20,""11010101"":110,""01000101"":38,""10001101"":23,""01000110"":16,""00001011"":3,""10101000"":9,""10010101"":43,""00000111"":7,""00001000"":16,""10101011"":5,""11101000"":17,""11000111"":52,""00011001"":10,""10011011"":9,""10001011"":13,""10101001"":10,""11101101"":17,""11100100"":35,""11000000"":53,""01101101"":2,""01100001"":2,""01010100"":70,""11000110"":26,""10000111"":18,""10010001"":16,""01000001"":17,""00000000"":8,""01001101"":21,""10000000"":18,""11001010"":25,""01010110"":16,""01000000"":14,""11011001"":57,""11001100"":52,""11010100"":150,""00101000"":3,""01001100"":18,""10100110"":6,""00000110"":12,""10010110"":23,""11001110"":8,""01001000"":35,""00001100"":4,""11101100"":9,""00000001"":9,""01011000"":52,""11011000"":106,""00100100"":11,""01100100"":11,""10101101"":9,""00100000"":6,""01100000"":2,""11111001"":9,""11010000"":51,""11010111"":40,""00010100"":29,""11011101"":39,""11111000"":18,""10111011"":2,""11111100"":11,""01111000"":3,""11110001"":11,""01011010"":19,""11010001"":56,""11010011"":6,""10110100"":11,""11011111"":20,""10010111"":17,""11011100"":60,""10110101"":20,""11011110"":22,""01011100"":29,""00111001"":9,""01010000"":30,""01011101"":17,""01110111"":4,""10011100"":20,""11111010"":7,""01010101"":49,""11110101"":18,""10011110"":10,""10110111"":5,""10011000"":42,""10010011"":8,""11011011"":28,""11111111"":7,""00010011"":4,""01010111"":13,""00010000"":8,""00101100"":5,""11010110"":42,""10111101"":7,""11111101"":9,""11010010"":12,""00010101"":16,""01011110"":3,""10010000"":24,""01100111"":5,""10111000"":14,""11001111"":22,""11101111"":4,""11100111"":8,""10000110"":10,""01001011"":12,""10001110"":8,""10100001"":9,""01101100"":3,""11101010"":12,""00000100"":23,""00001111"":4,""11100110"":11,""10101111"":3,""00100001"":5,""01111111"":1,""11110100"":25,""11110110"":7,""11111011"":3,""10101110"":2,""01011001"":26,""00010110"":6,""11100001"":11,""00010001"":7,""00111010"":1,""00010111"":10,""00110100"":5,""01011011"":10,""11011010"":32,""01010010"":5,""00011010"":5,""10001010"":10,""00001001"":12,""00110001"":1,""11101110"":5,""10000011"":5,""10011010"":12,""00001101"":8,""01110100"":5,""01110001"":2,""00110101"":7,""11110111"":5,""00011000"":11,""01111001"":4,""10111010"":3,""00111000"":6,""01100110"":3,""11110000"":9,""11100011"":2,""00101111"":1,""01110101"":8,""00001110"":4,""10100011"":1,""01001111"":14,""00100110"":2,""00001010"":4,""00101010"":1,""11000011"":11,""00101001"":4,""10110110"":6,""00011100"":6,""10111100"":5,""10110010"":2,""01111101"":2,""00111011"":2,""10010010"":5,""10011111"":4,""00000010"":2,""10101010"":1,""01000011"":6,""01101010"":3,""10110000"":5,""11111110"":6,""01111110"":1,""01010011"":7,""11000010"":9,""01111010"":5,""10111110"":2,""00011110"":1,""10111001"":5,""11110011"":2,""00100111"":1,""01001110"":5,""10001111"":5,""01101001"":3,""01101111"":1,""00101101"":1,""00011101"":4,""11100010"":1,""00100011"":1,""10100111"":4,""00111100"":2,""00110111"":3,""00110000"":4,""00011011"":3,""11110010"":1,""01000010"":2,""01110110"":1,""00110110"":3,""00010010"":1,""01111100"":2,""10100010"":1,""00111110"":1,""01101011"":1,""00110011"":1,""01110000"":1,""10110001"":1,""00111101"":1}"
50,x,4000,-0.15300000000000002,0.0645,-0.055500000000000105,0.0655,-0.05499999999999994,0.30100000000000005,0.22499999999999998,-0.30800000000000005,"{""10110011"":27,""10000000"":26,""01001001"":46,""10101000"":20,""10000111"":61,""10001101"":31,""10000100"":56,""01001000"":30,""10100101"":43,""01100101"":14,""10101011"":27,""01000101"":42,""10001011"":47,""01101010"":9,""01000100"":25,""10001001"":72,""10100110"":28,""01101100"":7,""00000100"":7,""11000101"":21,""10001100"":28,""10000011"":41,""10101010"":21,""00110110"":5,""01000010"":13,""10111010"":29,""11100110"":9,""11000111"":16,""10101001"":35,""00100110"":9,""00100001"":6,""01101001"":12,""01000000"":15,""11001100"":4,""10000101"":68,""11000100"":13,""10010011"":36,""11001011"":12,""00101000"":10,""10000110"":57,""11010000"":8,""01001110"":13,""10001111"":36,""01001111"":17,""10000001"":31,""11100011"":3,""00001010"":7,""11101001"":12,""10100100"":33,""11101010"":11,""10000010"":24,""10101110"":12,""10001010"":28,""01001010"":31,""11000110"":7,""00100111"":3,""10101100"":8,""10100011"":22,""01010101"":66,""10001110"":19,""01100111"":9,""11100000"":4,""11001001"":8,""11110101"":7,""01000110"":43,""01011100"":21,""01111100"":2,""11001010"":9,""11001110"":6,""10110100"":36,""11101000"":6,""01010100"":48,""10111100"":17,""11100111"":16,""01001101"":12,""01110100"":13,""10010100"":65,""01100110"":5,""10010000"":21,""10010101"":91,""01000011"":27,""00101010"":6,""00111000"":7,""10010111"":71,""00000110"":4,""00101100"":3,""01100010"":3,""01111010"":6,""01000111"":32,""10001000"":44,""00100100"":8,""10100111"":26,""10101111"":23,""01010110"":29,""00001101"":4,""10100010"":8,""01100100"":6,""00010101"":2,""10011001"":69,""10100001"":11,""10111000"":42,""10111011"":32,""00101110"":3,""01001100"":14,""01001011"":25,""00001110"":4,""10110101"":63,""10101101"":10,""00000011"":7,""00101001"":8,""11011010"":14,""11000000"":5,""10110111"":34,""01011011"":47,""00100101"":9,""00000101"":7,""00101111"":9,""11100101"":5,""00111011"":11,""11100100"":6,""10111110"":15,""00011110"":1,""01010010"":20,""01101011"":11,""00111111"":5,""01111101"":3,""10010110"":50,""00111100"":4,""10011100"":21,""10110110"":34,""10010010"":21,""01011110"":12,""11111011"":7,""01011000"":31,""10011011"":40,""11011001"":20,""10011111"":26,""10111111"":29,""01011010"":19,""10111001"":60,""00110100"":10,""11011100"":7,""11010110"":12,""10011010"":41,""01110110"":12,""01010011"":17,""10011110"":26,""00011111"":1,""01010001"":18,""11010010"":3,""00011011"":5,""01110101"":14,""10110001"":15,""11111010"":3,""10011101"":32,""11111110"":2,""11111111"":6,""00010110"":4,""01111011"":14,""11110000"":5,""00010100"":8,""11111001"":12,""01011111"":18,""11010100"":10,""00011101"":5,""00011000"":4,""10011000"":41,""11110100"":6,""11010001"":8,""11111101"":5,""11110011"":10,""01010111"":35,""00111001"":16,""01111110"":3,""01011001"":47,""01110111"":16,""01011101"":24,""00010000"":3,""11011011"":9,""11111000"":9,""11110110"":4,""01110010"":1,""11110001"":7,""11110111"":9,""10110000"":16,""00010111"":2,""00011001"":5,""10111101"":12,""01010000"":20,""00110111"":8,""00110101"":9,""00011100"":3,""11011000"":6,""00001100"":3,""10010001"":23,""00111010"":3,""00111101"":5,""10110010"":11,""11010101"":14,""11011101"":5,""10100000"":5,""00101011"":6,""01100001"":2,""00100010"":6,""11000001"":10,""00000111"":5,""01000001"":15,""00000010"":2,""11001111"":5,""01101111"":3,""11101011"":11,""11000011"":11,""11001101"":5,""01101000"":8,""11101101"":4,""01111001"":10,""11100001"":4,""00001111"":2,""11011111"":5,""00010011"":3,""01110011"":7,""11010111"":11,""11010011"":1,""00001000"":3,""01110001"":2,""00110011"":4,""11000010"":3,""11101100"":3,""11101110"":2,""01100011"":3,""00001001"":3,""11100010"":1,""01111111"":3,""01100000"":2,""00100011"":6,""11101111"":5,""00110000"":1,""00110001"":5,""00110010"":1,""01111000"":5,""00010010"":4,""00000000"":1,""01110000"":3,""11011110"":1,""00010001"":2,""00111110"":2,""11111100"":3,""01101101"":1,""11001000"":3,""00001011"":3,""00011010"":1}"
51,x,4000,-0.47350000000000003,-0.1120000000000001,0.1795,-0.0015000000000000568,0.08299999999999996,0.272,-0.5874999999999999,0.061000000000000054,"{""01001010"":27,""01111011"":28,""11001101"":37,""01011111"":36,""11011110"":12,""11011011"":64,""11111110"":3,""01010001"":36,""10001110"":3,""01011101"":38,""10011101"":11,""00111001"":5,""01001110"":8,""10001010"":9,""01001111"":52,""11001100"":10,""00001001"":7,""01010011"":78,""10011100"":7,""01011000"":30,""11101111"":21,""00001011"":10,""11010110"":12,""10011010"":3,""01111111"":44,""01111001"":17,""01001000"":23,""01110110"":9,""11010101"":33,""00101001"":4,""01000101"":43,""01011001"":47,""01001101"":39,""00001111"":11,""11001110"":15,""11101010"":11,""01101100"":8,""00011000"":5,""10001011"":16,""01001001"":69,""01111101"":18,""11101110"":10,""11001000"":15,""11011010"":16,""01011011"":56,""00011101"":6,""11011001"":44,""10101111"":6,""01111010"":14,""01101101"":20,""00101101"":5,""01101111"":31,""00101111"":4,""11000101"":39,""01001011"":73,""01110011"":28,""10011111"":9,""10111111"":16,""00001101"":4,""11101101"":11,""01101110"":10,""10011001"":15,""00001000"":2,""00101011"":18,""10111100"":3,""11000011"":51,""11111001"":23,""11001111"":47,""11100001"":19,""11110001"":16,""11011000"":16,""11011111"":35,""10001000"":7,""11101011"":38,""11111111"":22,""00011110"":1,""11010111"":44,""01101011"":58,""00111011"":4,""11001001"":43,""01100001"":44,""01000011"":85,""11100010"":13,""11001010"":16,""11001011"":49,""01100000"":25,""00110010"":7,""01101001"":51,""10111010"":3,""01010111"":50,""11000001"":42,""00110011"":14,""01100101"":19,""10001101"":7,""01100011"":55,""01001100"":18,""10111011"":4,""10101011"":14,""00001010"":4,""10001111"":17,""01111110"":11,""01111000"":10,""11111000"":6,""01011010"":22,""11111011"":18,""01101000"":13,""01101010"":22,""01000110"":21,""11011101"":32,""11111100"":5,""01000010"":26,""10101001"":8,""10101101"":4,""01110101"":21,""10101110"":3,""00111101"":15,""11110011"":15,""10000010"":12,""00111000"":3,""01011110"":14,""10111110"":4,""01111100"":4,""11101001"":21,""10011011"":13,""00010111"":6,""01110111"":32,""01000111"":52,""10010000"":9,""01010100"":21,""11000111"":46,""01010000"":17,""11010010"":16,""11110000"":7,""11000010"":24,""10010001"":15,""10110001"":6,""01000001"":58,""11010000"":16,""10001001"":17,""11010011"":57,""11100110"":8,""11100000"":7,""01110001"":14,""10000011"":30,""10100001"":15,""11110010"":8,""11111101"":16,""00100010"":3,""01000000"":24,""10100111"":9,""10010111"":18,""11110111"":14,""10000111"":16,""01100110"":5,""11100011"":31,""00000110"":2,""00010000"":4,""11010001"":31,""10110100"":3,""00100111"":3,""01110000"":13,""10010010"":8,""10111000"":6,""10111001"":10,""00011001"":9,""00111111"":5,""00011010"":2,""10110011"":18,""01010101"":43,""11011100"":9,""00101000"":2,""00011100"":2,""10011000"":6,""11101000"":10,""01011100"":8,""10111101"":13,""00101010"":3,""11000100"":12,""01100010"":22,""10000001"":17,""01100111"":22,""11101100"":5,""00100011"":6,""10001100"":5,""00011111"":7,""11000000"":19,""10011110"":2,""00000111"":6,""11000110"":11,""00010100"":5,""00100110"":1,""10010011"":16,""11110110"":8,""10010101"":7,""11100101"":9,""01000100"":14,""00010011"":9,""10110101"":11,""10000000"":7,""10110111"":11,""01100100"":7,""00100100"":1,""01010010"":20,""10100100"":4,""11100111"":16,""00100001"":5,""10000110"":1,""10101000"":5,""00111110"":2,""11010100"":12,""01110010"":6,""10100011"":9,""00110001"":5,""00110101"":5,""00010001"":2,""11110101"":9,""10000100"":8,""10110010"":4,""10010110"":3,""00000101"":3,""00010101"":3,""00111010"":4,""10000101"":9,""10101010"":4,""11110100"":5,""10100010"":7,""01110100"":7,""10100000"":7,""00000001"":4,""10110110"":2,""10100101"":6,""00110111"":6,""00000011"":5,""11100100"":2,""00110110"":1,""01010110"":6,""10010100"":4,""00000010"":5,""00000100"":2,""10100110"":2,""00011011"":5,""00001100"":2,""00110100"":2,""00110000"":4,""00101100"":1,""10110000"":1,""00100000"":1,""00100101"":3,""00010110"":1,""00001110"":1,""11111010"":1,""00000000"":2,""00010010"":1}"
52,x,4000,-0.23249999999999993,0.027000000000000024,-0.09850000000000003,0.03849999999999998,0.03149999999999997,0.6214999999999999,-0.14250000000000007,-0.556,"{""11001100"":48,""11101001"":16,""00001100"":17,""00000001"":8,""11001000"":40,""11001111"":43,""11001001"":84,""11010101"":110,""10100011"":6,""11001101"":68,""00001101"":25,""11111001"":20,""10000111"":38,""10001010"":19,""11000110"":54,""10001001"":32,""11100111"":9,""00000011"":19,""11100011"":12,""11000100"":64,""01001101"":5,""10000100"":30,""10111010"":6,""10001110"":21,""11000101"":118,""00100010"":3,""10001111"":21,""10111011"":14,""10101000"":10,""10000110"":37,""10100010"":12,""11000001"":42,""10000101"":46,""00100110"":9,""00001110"":15,""00000111"":26,""11001011"":60,""00011100"":17,""00001111"":17,""10100110"":8,""01000111"":4,""00100111"":8,""11000000"":27,""10001100"":16,""11001110"":28,""11000010"":54,""10001101"":30,""10001000"":25,""11001010"":31,""11000111"":83,""00001010"":18,""00000000"":10,""11011111"":59,""11101011"":14,""10000000"":13,""11100100"":8,""11100110"":4,""10101011"":17,""01101110"":1,""11111101"":15,""01001000"":5,""11101101"":5,""11011011"":70,""01100110"":4,""10101001"":15,""11000011"":69,""00011010"":11,""10000011"":34,""01100001"":3,""00001011"":12,""11101110"":11,""11100101"":11,""10101111"":8,""10100101"":7,""00011011"":24,""10101110"":5,""11011001"":101,""00000101"":33,""00100101"":4,""11010111"":82,""00010100"":19,""10101100"":5,""01100101"":8,""00001001"":29,""00100011"":4,""11101010"":9,""00100001"":3,""01001001"":8,""10100001"":3,""01000011"":4,""00000010"":19,""10010001"":17,""01000101"":8,""10101101"":6,""11011000"":41,""11100001"":6,""01100010"":2,""01000010"":3,""01001100"":2,""10000001"":13,""10000010"":24,""01101000"":2,""11110101"":19,""10001011"":27,""00101011"":2,""11101100"":11,""11011010"":31,""00001000"":14,""01101111"":4,""01011000"":1,""11111111"":23,""00011001"":24,""10111001"":11,""01111101"":2,""10010111"":29,""01011111"":4,""11111011"":13,""10011011"":21,""11010011"":50,""11010110"":53,""01111001"":7,""11010000"":25,""10010011"":23,""10011111"":22,""11110111"":9,""11010001"":51,""11010100"":44,""11011100"":32,""11111010"":11,""00111011"":9,""01110111"":5,""10011001"":37,""00010011"":20,""11110110"":12,""10111111"":9,""00011101"":18,""10010010"":17,""00010001"":6,""01010000"":3,""01110110"":7,""10110100"":7,""00011111"":18,""11110100"":5,""10010110"":31,""10110101"":15,""00111111"":4,""11010010"":37,""00110111"":5,""11110010"":4,""00110110"":2,""11011101"":63,""00111110"":8,""10011010"":18,""00010110"":15,""10010000"":14,""10011000"":14,""00110010"":3,""00011110"":11,""01111100"":2,""11011110"":20,""00010010"":10,""00010101"":30,""01011011"":2,""10110010"":3,""10011101"":26,""11110011"":5,""10111101"":5,""01011010"":2,""00110000"":1,""00111101"":5,""10010101"":36,""10010100"":26,""01110001"":2,""10011110"":8,""01110101"":6,""11111100"":14,""10110111"":13,""00111000"":3,""01111000"":3,""11111110"":5,""00101000"":2,""01011001"":2,""00010111"":30,""01010101"":7,""01000001"":1,""00011000"":14,""01101010"":2,""00101111"":3,""00100000"":2,""01100000"":2,""01101011"":2,""11101111"":9,""00000110"":21,""10100111"":5,""01100011"":3,""11101000"":10,""01111111"":2,""01010110"":7,""11110000"":5,""00111001"":5,""11110001"":7,""00111010"":6,""00110011"":3,""10110000"":2,""00010000"":7,""10110110"":5,""11100000"":5,""10110001"":3,""10111110"":6,""01010010"":1,""10111100"":8,""11111000"":3,""00110100"":1,""01010100"":2,""10111000"":3,""01110011"":4,""10011100"":16,""00101100"":2,""00000100"":19,""01101001"":1,""00101101"":3,""01101101"":1,""01000110"":4,""01110010"":1,""00101001"":8,""11100010"":4,""01001011"":4,""10101010"":3,""01001111"":3,""01000000"":2,""00101110"":3,""10100100"":8,""01000100"":1,""01011101"":1,""10100000"":2,""00100100"":3,""10110011"":5,""01100111"":2,""00101010"":3,""01010001"":3,""01010011"":2,""01011100"":2,""01111010"":2,""00110101"":4,""01010111"":5,""01011110"":3,""01110100"":3,""01001110"":2,""00110001"":1,""01101100"":2,""01001010"":1,""00111100"":1}"
53,x,4000,0.0675,0.4465,0.11499999999999999,0.055499999999999994,0.03300000000000003,0.8245,-0.12749999999999995,-0.6145,"{""11010000"":67,""11010101"":108,""11001001"":98,""11000001"":56,""10000111"":26,""10001001"":52,""10101001"":6,""11001011"":49,""11011001"":118,""00001100"":10,""10000101"":73,""10001010"":38,""11001100"":43,""11000101"":103,""10000100"":88,""11001000"":134,""10001011"":25,""00001001"":21,""00000100"":28,""11001110"":15,""11000100"":139,""11001101"":20,""00000111"":5,""10001101"":21,""10001110"":14,""10001000"":92,""11001111"":15,""10000110"":39,""00100101"":3,""10000011"":10,""00100100"":2,""00000000"":15,""01001101"":6,""10100001"":5,""01000100"":21,""11000111"":36,""10010101"":68,""10000000"":46,""11000000"":91,""00001111"":4,""11110101"":5,""01100111"":1,""01000101"":8,""11000110"":40,""00110100"":3,""01101000"":5,""00100010"":1,""00000010"":5,""10000001"":35,""10011010"":36,""11111001"":13,""11101101"":3,""01000001"":11,""11011000"":119,""10100111"":2,""01001000"":15,""01001001"":15,""11100001"":4,""11000010"":26,""11001010"":66,""11101100"":7,""01111101"":1,""01110010"":1,""10011011"":48,""11010100"":102,""10011101"":23,""01011000"":15,""11010011"":19,""10010111"":25,""11010111"":42,""10010011"":26,""11011011"":45,""10010100"":69,""01110101"":6,""11011111"":21,""11111110"":4,""10110001"":6,""00110111"":2,""01011001"":19,""10110100"":6,""11011010"":33,""11010001"":64,""11011100"":37,""10010110"":16,""01000111"":7,""00010101"":20,""00010001"":17,""10011000"":55,""00010100"":22,""10010010"":9,""10010000"":42,""10010001"":53,""10011100"":25,""11010110"":24,""11000011"":22,""00011001"":21,""11010010"":15,""01000000"":6,""01010110"":6,""10110000"":8,""10011001"":72,""01010001"":14,""00011010"":7,""11011110"":9,""01010101"":12,""00011000"":25,""00110001"":3,""10110101"":9,""00111000"":3,""10011111"":9,""00011101"":10,""01110001"":3,""11110001"":5,""11011101"":28,""01010011"":4,""01011011"":8,""10111001"":10,""10001100"":35,""10101100"":4,""01001010"":7,""10000010"":16,""00000110"":16,""01101100"":2,""01000110"":6,""01000011"":4,""00101000"":6,""10101000"":9,""01001100"":7,""00111101"":1,""00001010"":17,""01011100"":4,""10001111"":6,""11110100"":9,""01111011"":2,""01110000"":1,""01011010"":7,""01010000"":10,""00010111"":5,""00010110"":10,""10100100"":7,""01110110"":2,""01011101"":6,""00010000"":15,""00011011"":17,""00010011"":3,""01110100"":6,""01010100"":13,""01011111"":4,""10101110"":2,""11100000"":5,""00001000"":29,""00000101"":19,""01001011"":6,""10101011"":2,""00001011"":8,""11101001"":7,""10100010"":1,""00011110"":2,""10110111"":3,""11111000"":6,""00011100"":8,""10011110"":5,""10111111"":1,""10111011"":4,""00011111"":5,""00000001"":7,""10110011"":1,""01010111"":5,""10111000"":3,""01111001"":3,""01100100"":9,""00010010"":5,""10110110"":2,""01010010"":2,""01011110"":1,""01111000"":6,""11111010"":8,""01100101"":2,""01000010"":3,""00000011"":7,""01100000"":7,""01001110"":4,""01111100"":3,""11100100"":13,""01101010"":3,""01100110"":4,""11101011"":2,""00101011"":1,""00100011"":1,""11100010"":1,""00110101"":3,""00111010"":2,""11111100"":5,""01100010"":1,""00100000"":2,""10100101"":3,""11100111"":3,""10100011"":1,""10110010"":3,""01111111"":1,""11100101"":4,""11101010"":5,""01001111"":2,""00101100"":3,""11101000"":5,""10100110"":4,""00001110"":5,""10101010"":1,""00100111"":1,""11110010"":1,""01110011"":1,""00110000"":1,""00111100"":1,""00111001"":3,""00101101"":2,""00111011"":1,""00101001"":2,""10100000"":2,""10111100"":1,""11110000"":2,""10111101"":1,""11101110"":1,""00100110"":1,""11110011"":1,""01111110"":1,""10111110"":1,""00110110"":1,""01101001"":1,""00001101"":2,""11100110"":1,""01101011"":1,""00111111"":1}"
54,x,4000,-0.03200000000000003,0.37,0.28,0.07150000000000001,0.04249999999999998,0.783,-0.21100000000000008,0.34099999999999997,"{""01011011"":54,""11010100"":10,""01010101"":85,""01000100"":62,""00010001"":17,""01010001"":98,""00011101"":10,""01001001"":130,""10010100"":35,""01011010"":54,""10111010"":3,""10011110"":12,""10010101"":31,""01110000"":9,""10010000"":59,""01010010"":52,""01011111"":19,""00010000"":17,""01010100"":69,""01010000"":105,""10000100"":42,""01010111"":45,""00011001"":23,""10011001"":44,""01010110"":39,""01110010"":5,""01110111"":8,""00010010"":16,""00111001"":5,""00010011"":5,""01011001"":101,""00001001"":23,""10010111"":19,""01011101"":35,""01010011"":46,""00010100"":15,""01011100"":37,""10011111"":10,""10010011"":31,""01000000"":115,""01110001"":9,""11110000"":3,""10011010"":33,""10010110"":14,""00000101"":25,""00010101"":12,""00011000"":21,""01000111"":59,""10011011"":27,""01001101"":39,""10011101"":15,""10000111"":22,""01001010"":45,""00011011"":15,""11010001"":2,""01000101"":114,""01111100"":8,""10111011"":5,""01111000"":15,""01001000"":106,""10000101"":43,""01100000"":10,""11000101"":12,""00000010"":11,""01000001"":106,""11000001"":11,""01000011"":36,""00001010"":6,""00101011"":5,""01000010"":42,""10000001"":51,""10001001"":65,""01001011"":74,""00100001"":7,""00001000"":23,""10001000"":70,""00000100"":7,""01011000"":99,""10000000"":53,""10100101"":2,""00100000"":7,""00001100"":15,""01001111"":15,""00000000"":28,""01001100"":46,""10001100"":21,""01101001"":11,""10100001"":7,""10000011"":24,""00011100"":6,""11001001"":13,""00000111"":10,""11101100"":2,""10001101"":27,""10001010"":20,""00101111"":1,""01100001"":10,""00000001"":30,""11000010"":5,""00001110"":5,""01101011"":10,""11001000"":19,""01111001"":4,""00100111"":7,""10001011"":27,""01101000"":12,""11001101"":4,""11000111"":4,""00001101"":14,""01101101"":1,""01000110"":23,""10100110"":2,""10000010"":21,""00001011"":15,""11100101"":5,""10101001"":6,""00001111"":4,""10100000"":6,""00110001"":5,""10100011"":1,""11100011"":2,""11000000"":8,""00000011"":8,""00110011"":4,""10010001"":40,""01110101"":10,""00110100"":4,""11010111"":4,""11011100"":5,""10110010"":3,""11111101"":2,""01110100"":7,""11010010"":7,""10111001"":8,""10011000"":49,""10010010"":18,""10111111"":2,""00011111"":9,""10110111"":1,""10011100"":35,""00111011"":4,""11110101"":2,""11010000"":8,""11011000"":14,""10101011"":4,""01011110"":16,""01101100"":7,""00010110"":9,""01001110"":6,""10101111"":1,""01100011"":3,""10111000"":4,""11011010"":3,""10000110"":9,""11000100"":11,""01100100"":11,""01100101"":8,""10101000"":5,""10110101"":2,""11100000"":4,""10001110"":9,""01101111"":5,""11101001"":2,""11100001"":2,""10001111"":7,""11101011"":4,""10100010"":1,""00110101"":2,""10101101"":3,""01100111"":4,""00101001"":2,""01100110"":2,""00101000"":7,""00101110"":1,""00100011"":2,""11000110"":1,""10101010"":2,""11001100"":3,""11001010"":4,""01111011"":8,""11111011"":2,""00110110"":2,""11111010"":1,""11011011"":6,""11111000"":4,""11011001"":7,""11010110"":3,""11110100"":3,""01110110"":3,""11110010"":2,""11010011"":4,""11111001"":2,""11001011"":4,""00111110"":1,""11111100"":4,""10111100"":4,""11101000"":4,""01111010"":8,""11110001"":2,""10100100"":2,""00111000"":4,""01101010"":2,""11100010"":1,""00110010"":2,""11010101"":4,""11011101"":8,""00110000"":4,""00010111"":5,""00011010"":11,""00011110"":5,""11011111"":1,""10110001"":2,""11011110"":1,""00110111"":2,""00111010"":2,""01111110"":2,""10100111"":1,""11110011"":1,""11110110"":1,""01100010"":3,""10101100"":2,""11000011"":2,""00101100"":2,""10110000"":2,""00100100"":3,""00100101"":1,""11100110"":1,""11100100"":4,""11101101"":1,""11101010"":1,""11001111"":2,""11101110"":1,""00100010"":3,""00000110"":1,""01111101"":1,""00111111"":1,""01101110"":1,""00101010"":1,""10110110"":1,""00111100"":1}"
55,x,4000,0.07899999999999996,0.4295,0.38349999999999995,0.0034999999999999476,0.05900000000000005,0.7665,0.31799999999999995,-0.4119999999999999,"{""10010010"":39,""11010111"":6,""11011100"":27,""10010001"":108,""10011001"":86,""11011101"":37,""11010000"":62,""11010001"":54,""11000010"":32,""00011100"":23,""10010000"":119,""00010000"":42,""10010111"":15,""00011000"":41,""00010001"":39,""00010111"":8,""10110111"":3,""10010011"":36,""01010101"":3,""00011001"":28,""11001101"":24,""10001010"":37,""01011100"":7,""10011000"":108,""10010110"":17,""00111001"":4,""10011100"":69,""10011101"":47,""00010101"":15,""10011111"":22,""11010100"":17,""11011010"":21,""01110001"":10,""11011110"":14,""11011011"":17,""10100000"":14,""11010010"":26,""00000111"":5,""10000001"":104,""00011101"":20,""00111000"":6,""11011001"":39,""01011101"":8,""01010001"":12,""10001000"":105,""11111101"":5,""01010010"":8,""10000000"":151,""00010011"":12,""00001110"":6,""11011000"":66,""01111001"":12,""10011011"":29,""10111001"":3,""11010011"":23,""00100011"":4,""11000001"":65,""00011111"":9,""00011110"":7,""00110000"":7,""10010101"":31,""00011011"":15,""10111101"":3,""10001100"":67,""01100100"":5,""01110100"":4,""10111010"":1,""10011010"":29,""00010110"":8,""10000100"":29,""01010000"":19,""10011110"":23,""01110011"":3,""10001011"":46,""01011110"":6,""01110010"":2,""10110000"":10,""10010100"":34,""01011000"":13,""10000111"":14,""01011001"":9,""00010010"":12,""11000000"":55,""11111100"":7,""10001101"":55,""00011010"":16,""00001100"":28,""10110001"":15,""11101100"":11,""00000010"":22,""11001110"":13,""11001001"":45,""10001001"":83,""11000011"":26,""01000100"":10,""00100001"":8,""10000101"":27,""10000110"":18,""00001111"":9,""01101000"":6,""00000100"":21,""00001001"":40,""00101011"":4,""11001010"":23,""00101001"":8,""10101110"":2,""01000010"":8,""00000000"":59,""10101101"":6,""00000011"":22,""11000100"":17,""10001111"":23,""10000011"":53,""01000001"":12,""01000000"":25,""00001101"":24,""00101010"":2,""11101110"":1,""00000110"":11,""11100111"":2,""00000001"":49,""11001011"":19,""01100011"":2,""01001111"":4,""11001000"":56,""00001011"":16,""00001010"":19,""11000111"":10,""00000101"":13,""01100000"":13,""11010110"":8,""01101100"":6,""10001110"":30,""11101101"":6,""10000010"":61,""01000101"":8,""01001010"":7,""10100111"":3,""11100000"":7,""11110010"":1,""01101010"":7,""00101100"":6,""11001100"":37,""01000110"":2,""10101001"":3,""10100101"":1,""00001000"":38,""01110000"":13,""00101101"":5,""01001101"":10,""11000110"":2,""11100110"":1,""00100010"":3,""11101000"":4,""10100100"":4,""11101010"":2,""01001000"":16,""11101011"":6,""01100101"":4,""11000101"":10,""10100001"":9,""01101101"":3,""01011010"":8,""01101011"":2,""11100001"":6,""10100011"":8,""11011111"":11,""10101011"":1,""11001111"":9,""10100010"":3,""00100000"":8,""10100110"":1,""01001100"":6,""00101000"":4,""01001001"":19,""01111011"":2,""01000011"":6,""10110011"":3,""01101001"":5,""00100100"":3,""10101000"":5,""11101001"":4,""10111000"":3,""11100101"":2,""10101111"":1,""01111111"":6,""10111100"":3,""11110000"":6,""11110001"":6,""11110011"":2,""01111100"":3,""00110001"":8,""01111101"":3,""10110010"":5,""11010101"":11,""01111000"":5,""10111110"":1,""00111100"":4,""11111110"":4,""11110101"":2,""00010100"":12,""10110100"":2,""01010011"":3,""00110101"":1,""01010110"":1,""00111011"":3,""11111000"":4,""11111001"":3,""10110101"":4,""00110100"":2,""01111010"":2,""00111110"":1,""01010111"":2,""11110110"":1,""11111011"":1,""11100011"":2,""00110011"":2,""01010100"":4,""01011011"":3,""10111111"":2,""01011111"":2,""10101100"":4,""01100010"":5,""10101010"":1,""11100100"":2,""00101110"":2,""00101111"":1,""00100111"":2,""01001110"":1,""01000111"":4,""01101111"":3,""01100001"":2,""01100110"":1,""01101110"":1,""01001011"":1,""11101111"":1,""00100101"":3,""00110110"":1,""11110100"":3,""00110111"":1,""00111101"":1,""01110101"":2,""00110010"":3,""00111010"":1,""11111010"":1}"
56,x,4000,-0.14349999999999996,0.1965,0.22750000000000004,0.08150000000000002,-0.025500000000000078,0.10250000000000004,0.121,-0.558,"{""00001011"":7,""11110100"":41,""10100101"":40,""10010001"":34,""11100100"":17,""01000111"":8,""11000010"":23,""10001000"":49,""10000101"":39,""00000001"":16,""11010111"":26,""10001110"":16,""11100010"":16,""11100011"":39,""11001001"":43,""10101011"":21,""11000011"":25,""11000101"":40,""10001111"":23,""11100101"":45,""10001001"":73,""01000011"":12,""00101111"":10,""10000000"":28,""11000000"":26,""10000011"":41,""10000111"":29,""10000001"":47,""10101111"":11,""10001011"":34,""11001000"":35,""01100011"":8,""10100011"":30,""11110001"":29,""10001010"":22,""10101010"":12,""00100001"":16,""01000101"":10,""11011101"":7,""10110101"":33,""01101011"":4,""10100010"":12,""10010101"":41,""11001011"":38,""11100110"":15,""01001001"":16,""00001001"":16,""11101110"":3,""01001101"":6,""01001100"":6,""00101001"":22,""10100100"":19,""11101001"":38,""11000001"":29,""00000101"":12,""10101110"":5,""00100011"":8,""00100101"":11,""11010110"":17,""10100111"":26,""10010111"":29,""00101011"":22,""11101000"":21,""10001100"":17,""11100001"":33,""01101001"":10,""00101101"":13,""01011111"":5,""00011001"":16,""10101001"":32,""11000111"":23,""00100000"":13,""11110011"":28,""11101100"":7,""11100111"":20,""00100100"":14,""01010101"":11,""00000110"":4,""00100111"":13,""01101101"":5,""01100100"":4,""10101100"":6,""10101000"":21,""00000000"":6,""11000100"":23,""00101010"":11,""10001101"":16,""11100000"":12,""10011111"":16,""10110000"":31,""11001110"":4,""10000010"":16,""10011001"":74,""11010011"":32,""11110111"":20,""01111101"":6,""11110110"":17,""11111101"":12,""10010000"":45,""10010110"":24,""00110011"":8,""10111101"":10,""11110101"":37,""10011101"":15,""11011010"":25,""01111010"":4,""01111001"":10,""01111111"":5,""10011100"":28,""00011011"":7,""11111011"":14,""00111000"":17,""00010001"":10,""11010101"":40,""00110100"":8,""10010011"":35,""01110100"":9,""10111000"":37,""10111001"":37,""01010110"":8,""10110111"":19,""10111010"":20,""11111100"":7,""11011001"":39,""11010100"":39,""00111111"":8,""10011011"":38,""11111010"":27,""11010000"":27,""10111100"":7,""00111011"":6,""11011011"":21,""11110000"":31,""11010001"":13,""11111110"":6,""10111011"":20,""11000110"":15,""11110010"":29,""10010100"":27,""11111000"":28,""01010011"":7,""00111001"":18,""00110111"":9,""00010011"":10,""11011111"":10,""11011100"":17,""10110001"":34,""10010010"":25,""11011000"":32,""10110011"":29,""10011000"":70,""11111111"":17,""00010111"":9,""00010110"":7,""11010010"":19,""00001100"":4,""01101000"":10,""00111010"":9,""00011010"":6,""11011110"":5,""10110010"":18,""01111110"":1,""01011000"":10,""11111001"":41,""10011110"":9,""10111111"":9,""10011010"":30,""01110111"":3,""10110110"":23,""01110001"":4,""01111011"":2,""01101111"":2,""01100000"":3,""11001111"":8,""01001110"":2,""11101011"":18,""01010001"":3,""01100101"":2,""01001010"":4,""00001000"":19,""00001111"":4,""11001010"":17,""00101100"":14,""11101010"":15,""01010000"":6,""01011100"":4,""01011001"":6,""00110101"":9,""01110110"":2,""00011101"":4,""00110110"":6,""00011111"":2,""10100001"":27,""00010101"":5,""01110000"":4,""01110101"":8,""10110100"":22,""01010111"":2,""00010000"":9,""00011000"":19,""00110000"":12,""00110001"":5,""00101110"":6,""10000100"":29,""10101101"":9,""11101111"":7,""00010100"":10,""11001101"":11,""01001000"":7,""00100010"":5,""00101000"":18,""10000110"":12,""10111110"":7,""00110010"":2,""01010100"":8,""01110011"":7,""01010010"":1,""01000001"":10,""00001010"":3,""01110010"":1,""01011101"":4,""00000011"":9,""01001011"":6,""01101100"":1,""00010010"":3,""10100000"":13,""11001100"":12,""01000010"":8,""01100111"":2,""10100110"":8,""00001110"":2,""00000010"":6,""01101110"":1,""01011010"":3,""00111110"":5,""01011110"":1,""01000110"":5,""00000100"":3,""00011110"":2,""00111101"":3,""01100001"":2,""00011100"":3,""01111000"":4,""01000100"":2,""00000111"":5,""11101101"":6,""01000000"":6,""01011011"":4,""01101010"":1,""00001101"":1,""01001111"":3,""01100110"":1,""00100110"":2,""01111100"":1,""00111100"":1}"
57,x,4000,-0.18399999999999994,0.07950000000000002,0.274,-0.13549999999999995,-0.006999999999999895,-0.09499999999999997,-0.4650000000000001,0.5645,"{""01000101"":32,""01101111"":49,""10101000"":13,""01111011"":83,""01101101"":64,""10000000"":6,""01100110"":18,""10101101"":11,""11101100"":5,""01001010"":21,""01100001"":53,""01011001"":62,""01001100"":12,""00000001"":9,""01101011"":92,""01101100"":41,""10000111"":18,""00000101"":10,""01111001"":77,""01111000"":80,""01000011"":50,""10100010"":1,""10001011"":14,""01011111"":21,""01101000"":79,""01000111"":40,""11101101"":7,""01001000"":51,""11100111"":4,""01000001"":49,""10001001"":16,""11101011"":14,""00001100"":7,""01100111"":41,""01001011"":60,""01101001"":65,""11110101"":4,""01100011"":42,""01101010"":51,""10101011"":15,""10000011"":12,""00010110"":7,""00101001"":15,""00001001"":14,""01000100"":30,""01001111"":17,""01001001"":63,""00001011"":18,""01110011"":46,""10001111"":8,""11101000"":6,""00000111"":12,""01100000"":40,""10101110"":3,""00001111"":8,""01000000"":42,""00101011"":19,""01000110"":27,""11000001"":5,""01011011"":70,""01110010"":29,""10100100"":6,""01101110"":21,""10100000"":11,""00001000"":10,""00101111"":9,""00011001"":14,""00100011"":11,""01100101"":24,""01001101"":22,""11001011"":7,""10101001"":10,""10000010"":5,""10001010"":6,""11001101"":7,""10100111"":6,""01010101"":36,""10101100"":7,""11100100"":6,""10010001"":14,""11001001"":6,""00001010"":8,""11001000"":6,""11001111"":3,""10101111"":12,""11101001"":8,""00111001"":13,""00101101"":16,""01110101"":19,""11100011"":5,""00100110"":6,""11000011"":8,""01100100"":21,""00100001"":14,""01010001"":59,""10100101"":4,""01110001"":63,""00101000"":12,""10011001"":18,""10000101"":6,""11000111"":4,""10101010"":9,""01011000"":56,""01000010"":20,""00101100"":5,""01010110"":39,""11000100"":5,""01100010"":35,""00000010"":7,""01010010"":26,""00100010"":8,""10001100"":4,""11100010"":4,""11100101"":3,""00011000"":16,""00000100"":7,""11100001"":6,""01111010"":54,""01111101"":69,""00100000"":9,""00010000"":8,""10011011"":13,""11110110"":2,""11111100"":6,""01010111"":37,""00111010"":12,""00111100"":7,""01111100"":39,""01011101"":17,""01110111"":23,""10110001"":17,""01010000"":35,""01010011"":41,""10111000"":7,""00010101"":6,""00111011"":13,""01110000"":47,""01111111"":40,""11111101"":10,""00010011"":11,""00011011"":20,""01011100"":17,""10111011"":17,""10010110"":10,""00110110"":4,""10011000"":7,""11010011"":8,""00011101"":7,""00010001"":12,""01111110"":20,""11011101"":7,""00011111"":5,""01010100"":34,""10110000"":9,""10011101"":7,""10100110"":7,""00101010"":5,""00101110"":7,""11000010"":2,""11101111"":7,""10100011"":8,""11001100"":5,""11101110"":6,""10010101"":10,""00000011"":8,""10111001"":18,""11111010"":7,""10110110"":3,""11111011"":11,""10111010"":8,""11110100"":6,""11011000"":8,""10010000"":7,""11011010"":8,""11111110"":7,""11100110"":7,""00011110"":2,""11111001"":10,""01110100"":20,""00010100"":10,""11010100"":3,""00100101"":7,""10011010"":9,""11011001"":4,""01110110"":16,""10010011"":10,""00110000"":7,""10000001"":9,""11110001"":7,""00110100"":2,""10111101"":11,""00110010"":3,""00010010"":8,""01011010"":39,""00111000"":11,""11111000"":14,""00110111"":4,""11010111"":4,""11011011"":9,""11010110"":4,""10110010"":9,""11001010"":6,""00111110"":4,""10010010"":5,""11011110"":1,""10111111"":8,""10110101"":3,""11110010"":2,""11010001"":2,""11110111"":2,""10001000"":9,""11101010"":3,""11100000"":5,""00001101"":11,""10001110"":1,""01001110"":6,""11010101"":2,""00111111"":6,""00011100"":3,""11010010"":1,""11110011"":10,""11000101"":2,""10011110"":5,""01011110"":4,""10111110"":6,""11111111"":4,""00110011"":5,""10111100"":10,""10010100"":10,""00011010"":9,""00111101"":8,""10110011"":7,""11010000"":3,""10110100"":5,""00010111"":3,""10000100"":4,""11000000"":3,""10001101"":5,""00000000"":5,""10010111"":10,""11110000"":2,""10100001"":9,""10011111"":2,""00100111"":5,""10011100"":2,""00110001"":6,""10110111"":4,""00100100"":2,""11011111"":1,""00000110"":2,""00001110"":1,""10000110"":1}"
58,x,4000,0.08599999999999997,0.43100000000000005,0.09899999999999998,-0.139,0.01649999999999996,0.132,0.367,-0.41500000000000004,"{""10001000"":99,""11001011"":14,""10000101"":67,""01100101"":15,""01000101"":18,""10001001"":80,""10001011"":48,""11000001"":9,""10100100"":92,""01100100"":17,""00100001"":12,""01100111"":7,""10101001"":73,""11011101"":7,""00010011"":6,""11101001"":19,""01001101"":9,""11001000"":50,""00000100"":17,""00001001"":34,""10100001"":26,""10000111"":20,""00100101"":14,""00001101"":9,""10111000"":95,""11000101"":30,""10101000"":81,""01001001"":47,""11000100"":28,""00001100"":8,""10101100"":30,""10011011"":32,""11101000"":12,""10000001"":9,""00000101"":16,""11001001"":42,""00100111"":6,""10100111"":36,""10001111"":10,""10001100"":31,""00001011"":15,""10100000"":29,""01000011"":4,""10000100"":63,""10100011"":13,""11001101"":15,""01101010"":5,""00110100"":20,""10100101"":85,""10010011"":7,""10101101"":21,""11100111"":3,""10000011"":6,""11100101"":12,""00001000"":36,""00011011"":15,""10001101"":17,""01101001"":17,""11010010"":5,""01000001"":9,""00101001"":10,""11001100"":7,""01010101"":20,""10010110"":22,""11001110"":4,""10110111"":26,""00111111"":3,""11011001"":39,""11110100"":9,""10110110"":37,""10100110"":20,""00010000"":4,""10011001"":53,""11010111"":12,""10110100"":109,""10111001"":53,""00110101"":11,""01010111"":11,""11110101"":8,""11011011"":16,""01111011"":10,""10110101"":59,""01011000"":47,""10011010"":45,""00011101"":10,""01011101"":5,""11111011"":6,""10011100"":36,""11011000"":44,""01111100"":5,""10010101"":37,""00011000"":32,""10011000"":101,""10111101"":18,""00011100"":12,""00111011"":9,""11010101"":18,""10111011"":35,""01011011"":10,""10111010"":43,""10101011"":31,""01000100"":20,""10010111"":26,""00011111"":3,""10010100"":73,""01111001"":12,""10110011"":10,""01111000"":19,""11110111"":4,""11011100"":14,""01110100"":12,""00010110"":6,""10010000"":13,""00110001"":2,""00101010"":4,""00110111"":5,""00110110"":8,""10011110"":10,""10111100"":26,""10011101"":17,""10010010"":7,""11011110"":2,""00111110"":1,""01011001"":35,""11010100"":34,""01011010"":14,""11111000"":13,""10011111"":5,""00111010"":7,""01010100"":23,""00111000"":18,""00110010"":4,""01110111"":6,""01110011"":1,""11011010"":27,""00010101"":13,""10110000"":30,""00010100"":23,""00111101"":3,""00111100"":5,""11111101"":3,""10000110"":17,""00011001"":18,""11110110"":3,""01010110"":8,""00110000"":6,""10110010"":18,""01110110"":7,""00011010"":14,""00010010"":4,""11010110"":2,""10111111"":5,""10001010"":39,""01001000"":45,""01101011"":7,""11110011"":2,""00010001"":2,""10110001"":13,""00100100"":9,""11101100"":5,""01111101"":2,""01110101"":10,""01100001"":3,""11111111"":2,""00010111"":8,""11111001"":9,""01011100"":10,""10010001"":9,""11110001"":3,""11011111"":2,""11001010"":15,""01111111"":1,""11110000"":3,""11010000"":6,""01010000"":5,""00111001"":5,""10111110"":12,""01111010"":7,""11010001"":4,""01010010"":4,""01111110"":3,""11000110"":9,""10101010"":31,""00100000"":5,""01001110"":3,""00101011"":9,""11001111"":4,""01001011"":24,""01100000"":3,""00000000"":4,""01101000"":14,""01000000"":7,""01001010"":10,""11000010"":2,""00000111"":6,""00000001"":3,""00101000"":10,""10101110"":8,""10001110"":6,""11100100"":10,""00101101"":7,""01001100"":10,""10100010"":8,""10000010"":6,""01000110"":9,""00000010"":2,""01101111"":1,""10000000"":6,""01101101"":3,""11100000"":2,""01101100"":3,""11000011"":5,""01000111"":7,""11000000"":7,""11000111"":8,""10101111"":4,""11101011"":7,""11101101"":4,""01001111"":2,""01100110"":2,""00000110"":5,""00001010"":11,""00000011"":1,""01010001"":7,""11100110"":4,""11100001"":1,""01110001"":3,""01110000"":3,""00101100"":3,""01100011"":2,""11111100"":5,""11111010"":1,""11111110"":1,""00100110"":5,""01010011"":2,""01000010"":2,""00001110"":1,""11010011"":1,""11101110"":1,""00101111"":1,""01100010"":2,""11100011"":2,""01110010"":1}"
59,x,4000,-0.35949999999999993,-0.02849999999999997,0.22699999999999998,0.15500000000000003,-0.03849999999999998,0.121,0.07750000000000001,-0.6074999999999999,"{""11111111"":13,""11111001"":43,""10010111"":32,""10010011"":52,""11110101"":19,""11010001"":62,""10010001"":42,""00111001"":13,""01010101"":7,""11011111"":32,""11110011"":25,""10110010"":36,""10010101"":41,""01111111"":6,""11001111"":29,""11110001"":29,""11001011"":26,""11111010"":17,""01010011"":10,""10101000"":24,""10111100"":6,""01110001"":5,""11111101"":8,""10111011"":36,""11011011"":35,""10011110"":28,""10111001"":84,""01110011"":11,""10110101"":35,""11011001"":48,""10001111"":27,""10011001"":56,""11010000"":14,""10011011"":30,""11110111"":24,""11010110"":22,""11111011"":26,""11001001"":68,""00011111"":6,""10010110"":25,""11010011"":67,""00011001"":16,""10110001"":48,""10110111"":49,""00110111"":7,""10111000"":20,""00110011"":13,""10000001"":36,""11010101"":44,""10110011"":53,""00010101"":13,""00010011"":25,""00000001"":19,""11011000"":21,""11011101"":6,""01010001"":9,""11010111"":49,""00010111"":11,""00110101"":8,""11110010"":22,""11010010"":31,""00111111"":8,""11010100"":26,""00011010"":2,""10010100"":15,""01010100"":6,""00111011"":6,""00000111"":10,""10110000"":12,""00110010"":7,""01111101"":3,""01011010"":5,""10111111"":28,""10000110"":8,""10111101"":10,""10111110"":19,""11000011"":65,""00111000"":8,""10011111"":26,""11000010"":49,""10001010"":17,""10000111"":32,""10001001"":46,""01010010"":8,""01111001"":9,""11011100"":6,""01010111"":13,""11110110"":10,""01011001"":7,""00010000"":7,""01010110"":6,""10011010"":10,""00111110"":3,""11011010"":20,""00010001"":10,""10001110"":20,""11101110"":11,""11000001"":57,""10100010"":30,""11000101"":50,""10100100"":13,""10100011"":39,""11100001"":24,""10101001"":68,""00001001"":7,""01000101"":6,""10100110"":16,""10100111"":37,""11100011"":28,""00101111"":14,""10000100"":16,""00100111"":7,""10101111"":27,""11100101"":17,""10000011"":39,""00100001"":13,""00101001"":19,""10000101"":30,""00100010"":4,""11000111"":31,""01000001"":9,""10101011"":22,""11100100"":13,""10000010"":20,""11000000"":25,""10010000"":14,""00000101"":14,""11101111"":14,""10101101"":9,""00101011"":9,""10100001"":43,""11001101"":17,""11100110"":6,""01101001"":6,""10001101"":11,""11101101"":8,""10100101"":38,""00000000"":7,""01001011"":5,""00000011"":11,""11100111"":20,""01100011"":10,""11001000"":18,""10001011"":25,""01101011"":7,""00001110"":7,""10001000"":16,""11101001"":41,""01111000"":5,""01001101"":1,""00000010"":10,""00100011"":12,""11101011"":13,""00011000"":5,""01100001"":6,""11100010"":9,""01001010"":4,""00001000"":7,""00100000"":1,""01000010"":10,""00100101"":8,""11000100"":20,""01000100"":3,""10000000"":18,""11001110"":16,""10011000"":26,""01101010"":5,""11001100"":10,""11000110"":16,""11001010"":16,""10111010"":21,""01001110"":5,""01000011"":15,""01100010"":6,""11011110"":17,""01001100"":2,""01100101"":12,""00001010"":5,""10101110"":13,""01000111"":8,""11101010"":9,""00110100"":2,""10100000"":19,""10110110"":18,""01110111"":5,""11111000"":15,""01110101"":4,""00110001"":9,""10010010"":21,""01101000"":5,""00011011"":3,""10110100"":16,""01000110"":7,""00001011"":7,""00001111"":9,""00000100"":4,""11111110"":9,""01101110"":3,""11101000"":8,""01100100"":4,""01100111"":4,""00100110"":2,""10101010"":9,""00101110"":4,""00110000"":4,""01000000"":4,""10011101"":12,""01100110"":4,""10001100"":4,""00011100"":1,""00100100"":6,""00101000"":6,""01001000"":3,""11110000"":4,""00000110"":2,""10011100"":1,""01100000"":3,""11101100"":5,""00001101"":1,""00010010"":7,""00111010"":4,""00011110"":8,""11110100"":7,""01111010"":1,""01011000"":4,""00010110"":4,""01110100"":2,""01111110"":1,""01111011"":3,""00111100"":3,""01011111"":7,""10101100"":5,""01001001"":5,""00001100"":1,""00101101"":3,""00101010"":4,""00011101"":5,""01110010"":6,""01011011"":4,""01111100"":1,""01010000"":8,""00010100"":4,""01110000"":3,""01011101"":1,""01110110"":1,""01001111"":2,""11100000"":6,""01101111"":1,""01101101"":1,""01101100"":1,""00101100"":1,""01011110"":1}"
60,x,4000,0.23450000000000004,0.1725,0.4365,0.07399999999999995,-0.03649999999999998,0.7585,-0.6910000000000001,0.382,"{""00101001"":8,""00000001"":9,""01001100"":60,""00001001"":8,""01011011"":44,""01000010"":110,""01000001"":137,""11001100"":20,""00000011"":6,""01000100"":45,""01001001"":84,""11000011"":20,""01000110"":36,""11000000"":60,""11001111"":12,""01001101"":45,""01101100"":4,""01001011"":58,""01000011"":86,""01010010"":155,""11000111"":5,""10110001"":3,""01001010"":46,""11001011"":18,""01000111"":20,""11001001"":36,""10100000"":4,""11110110"":3,""01001000"":114,""10011100"":14,""11001010"":31,""11100111"":1,""01100111"":1,""11011001"":27,""11000001"":40,""01000000"":157,""01010101"":37,""01010001"":91,""10011110"":9,""01100011"":12,""01100000"":15,""11001000"":35,""11100001"":7,""11000010"":40,""01001110"":41,""10101000"":1,""00101111"":3,""10000011"":14,""01000101"":32,""11101011"":2,""01001111"":29,""11000110"":7,""10001100"":8,""01101001"":8,""11001101"":19,""00101100"":6,""11000101"":21,""10111011"":2,""10000111"":5,""01110010"":11,""11100000"":9,""11011011"":15,""01011010"":123,""10001010"":7,""10000101"":4,""01010000"":172,""01010100"":52,""10011111"":4,""11011100"":32,""11010001"":35,""01011100"":78,""10010010"":29,""01010110"":40,""11010000"":55,""00011000"":8,""01011110"":56,""10000100"":10,""01010011"":57,""00111010"":12,""01011001"":90,""01111010"":10,""00010010"":14,""01011000"":131,""11011010"":44,""11011110"":23,""10010000"":16,""00110010"":8,""11011000"":47,""00011100"":6,""10011011"":5,""00111001"":4,""11110111"":1,""10011000"":22,""11010010"":38,""10000000"":19,""11010111"":9,""11111000"":8,""11010100"":12,""01010111"":20,""00111011"":2,""11011111"":6,""11010011"":19,""00011001"":8,""01111110"":5,""01110111"":3,""01011111"":25,""10010001"":18,""10011001"":11,""10010111"":5,""01111011"":3,""00010000"":19,""01111101"":6,""01100010"":11,""10011101"":4,""00011011"":3,""11011101"":7,""10010110"":7,""00110000"":9,""01011101"":25,""11111001"":7,""00111110"":7,""10011010"":11,""11101100"":4,""11010110"":14,""00010001"":9,""11111100"":6,""10000110"":5,""01110011"":5,""11111010"":5,""00000010"":5,""00000000"":3,""00100010"":6,""10101100"":2,""01101011"":6,""01101000"":8,""01100110"":5,""11000100"":10,""00100000"":4,""10000001"":17,""11101001"":5,""11001110"":9,""10001000"":17,""11100010"":2,""10001111"":3,""00100001"":6,""00001000"":3,""01101101"":3,""10101011"":2,""00001101"":4,""11111101"":3,""10001011"":3,""11101010"":5,""00001100"":6,""00001111"":4,""00100011"":5,""01100001"":11,""11100011"":3,""11101110"":4,""00000101"":4,""00001110"":5,""10000010"":13,""10100111"":2,""10001110"":2,""00001011"":3,""00110101"":1,""01101010"":7,""10101010"":4,""11101101"":1,""10001101"":1,""11100100"":4,""11101000"":5,""01110000"":17,""11010101"":3,""10110010"":2,""10010011"":2,""00101011"":3,""00001010"":3,""00101010"":3,""10101101"":2,""10100001"":2,""10110011"":2,""10001001"":6,""01101110"":3,""01100100"":4,""00000100"":1,""11100101"":1,""11101111"":5,""00101000"":3,""01111000"":4,""01101111"":1,""11110010"":9,""01100101"":4,""11111011"":3,""00110001"":2,""10101001"":3,""00010111"":2,""01110001"":7,""10111000"":2,""00010100"":6,""00010110"":2,""01110100"":3,""11110011"":3,""11110000"":9,""00111000"":4,""00100110"":2,""00010011"":3,""00011010"":3,""00111100"":2,""10111010"":3,""01111001"":5,""00111101"":1,""01111100"":5,""10110000"":2,""11111110"":1,""10010100"":7,""01110101"":4,""00100111"":1,""00101110"":3,""00110110"":4,""00011101"":1,""00110011"":4,""11110100"":4,""11111111"":1,""00010101"":2,""10100010"":2,""00000111"":1,""10100100"":2,""00100101"":1,""00011110"":2,""00110111"":2,""01111111"":1,""00110100"":3,""00101101"":1,""11110101"":1,""10110110"":1,""10100101"":1,""00100100"":1,""11110001"":2,""01110110"":1,""10111101"":1,""00000110"":1}"
61,x,4000,-0.5185,0.09099999999999997,-0.01750000000000007,-0.0029999999999998916,0.052000000000000046,0.029000000000000026,-0.16749999999999998,0.04049999999999998,"{""10100010"":14,""01001011"":52,""00111101"":31,""01001000"":17,""00101101"":63,""01001001"":62,""10011111"":3,""00111010"":16,""01101101"":39,""01100010"":6,""01111001"":12,""01001101"":72,""11011101"":83,""10101111"":22,""11011000"":15,""00101000"":8,""11011011"":59,""10101011"":16,""11111001"":29,""10111001"":23,""11111111"":25,""10111100"":7,""11011001"":89,""11011110"":11,""10111111"":24,""00001010"":9,""00111110"":8,""00011101"":25,""00111011"":22,""00101001"":49,""11111101"":38,""10111101"":33,""01010010"":4,""01111101"":11,""00001111"":9,""11011111"":61,""00100001"":39,""00100101"":54,""11101100"":4,""10101100"":5,""00111000"":7,""10101101"":28,""10101001"":15,""10001011"":7,""00001001"":33,""01111011"":10,""01101001"":18,""00100011"":35,""11001111"":10,""11111010"":9,""00101111"":29,""01101011"":16,""11100010"":16,""11101110"":8,""11101010"":7,""00001101"":26,""10111110"":14,""00110011"":22,""00001000"":10,""01001110"":17,""11001010"":9,""01101111"":13,""11101101"":25,""01000011"":46,""10011001"":5,""00111111"":15,""10111011"":20,""00101010"":14,""00010111"":12,""11001100"":2,""11111011"":25,""11011010"":21,""01001100"":15,""00111001"":27,""01001111"":44,""00011111"":11,""01011011"":7,""10001001"":4,""00101011"":46,""11001001"":14,""11011100"":16,""11111110"":8,""00011001"":12,""11101001"":14,""11010101"":74,""11001101"":12,""01101010"":6,""01011010"":3,""00011100"":3,""00011011"":16,""11001110"":5,""01111100"":5,""01011001"":8,""11111000"":6,""01001010"":15,""10111000"":9,""10101000"":3,""10001110"":4,""11001011"":12,""10110011"":16,""00001011"":11,""00101100"":9,""11101011"":11,""00011010"":2,""01101000"":8,""10110100"":7,""11101111"":15,""01000101"":89,""10000011"":8,""10110101"":30,""10110000"":10,""01110001"":6,""11110011"":25,""00100111"":30,""11010010"":29,""10100111"":16,""01101110"":5,""11010001"":62,""10110111"":18,""10010010"":3,""11100001"":15,""11010011"":70,""00110010"":5,""01100101"":31,""01000010"":28,""10100101"":26,""00010001"":26,""01100100"":10,""11110111"":19,""01100111"":18,""01110111"":11,""00110001"":23,""01100011"":14,""11010000"":29,""01110011"":7,""00110000"":9,""01000001"":60,""00000101"":21,""00110100"":6,""11110010"":14,""10100110"":7,""10000101"":9,""01010001"":13,""00000000"":5,""00100000"":16,""00010011"":14,""00010101"":21,""01100001"":17,""11010111"":50,""11110001"":26,""10100001"":11,""11110000"":5,""11110101"":39,""11000010"":13,""11100110"":8,""00000010"":10,""11010110"":22,""01000111"":48,""00010110"":8,""11100101"":18,""10010011"":7,""00110101"":29,""10001101"":14,""00001100"":8,""11100000"":7,""10001100"":5,""10101010"":9,""11100011"":11,""10111010"":9,""00001110"":4,""00011000"":7,""11111100"":8,""11101000"":5,""01111111"":11,""11000111"":9,""01101100"":3,""10000111"":8,""01011111"":8,""00101110"":14,""00100110"":15,""00111100"":4,""00000011"":20,""10001111"":4,""10011101"":6,""10000010"":3,""01110101"":10,""10010111"":9,""10000001"":11,""00000110"":8,""00000001"":13,""00100010"":17,""01010111"":7,""01000000"":10,""00000111"":14,""11110110"":9,""00110111"":11,""01110110"":1,""01110000"":3,""01000110"":22,""11110100"":5,""10100000"":5,""10010101"":7,""10100100"":7,""10100011"":24,""11100100"":8,""11000011"":12,""01000100"":23,""11000001"":12,""11000101"":12,""01010011"":10,""01100110"":11,""10000000"":3,""10110001"":23,""11100111"":9,""00110110"":2,""11010100"":12,""01110010"":3,""01010101"":14,""11000110"":4,""10110110"":10,""01100000"":3,""01011000"":1,""10101110"":9,""01011110"":2,""00100100"":8,""01010100"":4,""10010110"":4,""10000110"":2,""00000100"":3,""11000000"":5,""10010100"":2,""00010010"":3,""00010100"":3,""01111010"":2,""10010001"":3,""00011110"":2,""01111110"":2,""01011101"":6,""01111000"":2,""11001000"":2,""10011110"":1,""10110010"":3,""10011011"":3,""10011000"":1,""01011100"":2,""10001000"":1,""11000100"":1,""00010000"":2,""01010000"":1,""01010110"":2,""10000100"":1,""01110100"":1}"
62,x,4000,-0.4139999999999999,-0.04800000000000004,-0.28200000000000003,0.03949999999999998,0.382,0.46299999999999997,-0.6665000000000001,-0.038999999999999924,"{""11000011"":69,""10010111"":7,""01000101"":96,""11000101"":128,""01000110"":17,""11000010"":31,""01010011"":22,""10000001"":6,""01001100"":39,""00000000"":4,""11000001"":39,""01010000"":13,""11010101"":62,""01010010"":22,""01100101"":47,""01010100"":13,""11110101"":18,""00010101"":14,""00000101"":13,""01010101"":42,""01010111"":46,""01000011"":55,""00100100"":5,""01100100"":13,""11000111"":138,""10110101"":6,""10100101"":10,""00100001"":4,""10000100"":15,""11000100"":38,""11010111"":65,""01000100"":22,""01000111"":93,""11100010"":9,""11010000"":24,""01100110"":12,""11000110"":40,""01100011"":19,""11100000"":10,""11100101"":24,""10000110"":8,""11010100"":16,""11010110"":17,""01000001"":29,""01100001"":15,""00100000"":4,""10110011"":6,""01000010"":21,""01010001"":11,""10100100"":5,""00010110"":5,""01110100"":8,""11100110"":5,""10100011"":6,""11010011"":30,""10000101"":24,""01111101"":24,""01010110"":9,""11000000"":22,""01000000"":30,""00100111"":17,""00000010"":6,""11001111"":121,""01101010"":13,""01101011"":27,""10110111"":8,""01101111"":50,""01011101"":29,""11011111"":45,""01101110"":11,""10001010"":7,""11101111"":19,""01001011"":64,""01001101"":109,""01011100"":12,""01101101"":45,""11101000"":5,""11001010"":43,""11001100"":38,""01101001"":9,""01111111"":20,""01011011"":16,""10101011"":4,""00001101"":11,""11001110"":36,""11011100"":20,""00001111"":4,""10101100"":5,""01001001"":29,""01110110"":6,""01110101"":22,""11001101"":107,""10001011"":10,""01111001"":7,""11001011"":74,""11101100"":7,""01011000"":15,""11101101"":26,""01001111"":83,""10001110"":7,""00101101"":14,""11111101"":9,""01101100"":22,""00011000"":4,""11001001"":24,""10101101"":7,""01111100"":9,""01011111"":28,""01001000"":30,""01001110"":21,""10101010"":3,""00011010"":2,""10111010"":1,""00101111"":9,""10000111"":31,""11110010"":5,""01011001"":6,""00111000"":3,""00110101"":3,""11010001"":19,""10010010"":3,""00110001"":1,""11110110"":2,""10100110"":3,""11010010"":14,""11100100"":6,""10010110"":5,""10101111"":6,""11110001"":3,""00000111"":11,""11110011"":11,""00010001"":7,""11110100"":4,""10011110"":2,""11100111"":17,""11001000"":39,""11110000"":5,""10010011"":5,""00000100"":4,""10001111"":19,""01110001"":9,""10011100"":4,""00011111"":10,""10001101"":25,""11101110"":8,""00100010"":3,""01001010"":27,""11011001"":15,""11011010"":11,""01011010"":13,""11011101"":49,""10001100"":11,""00101011"":6,""01111010"":5,""00111111"":5,""11111001"":2,""11011110"":10,""10011111"":7,""01011110"":11,""10111101"":4,""00001011"":12,""01111110"":7,""01100111"":45,""01110111"":21,""10100111"":13,""01100000"":13,""10000010"":5,""11100011"":14,""00010011"":7,""01100010"":19,""00100011"":7,""00111011"":4,""11111100"":4,""10111111"":3,""00001010"":2,""10001001"":4,""11111111"":9,""01111011"":13,""11111010"":3,""10011001"":5,""01111000"":4,""11011011"":28,""11011000"":13,""01101000"":12,""01110011"":7,""00010100"":5,""10101110"":4,""11101010"":6,""11101011"":16,""11101001"":15,""00001001"":2,""10011011"":5,""10000011"":14,""10101001"":2,""11111000"":2,""00111101"":7,""00001110"":4,""10011101"":6,""10110001"":2,""00000011"":7,""00011101"":6,""10011000"":2,""00101001"":5,""00011001"":2,""11111011"":10,""10110110"":2,""10010101"":6,""00000110"":3,""00100101"":6,""01110000"":6,""10100001"":3,""10111100"":1,""10001000"":3,""01110010"":9,""10110000"":1,""11110111"":5,""00110011"":2,""00000001"":6,""10011010"":2,""00101010"":4,""10111011"":2,""00101000"":2,""00110010"":2,""00010000"":6,""11100001"":6,""10010100"":2,""00010111"":6,""00110111"":5,""00100110"":3,""10000000"":4,""00110110"":2,""10101000"":2,""10010000"":1,""11111110"":1,""00001100"":2,""00011100"":4,""10111000"":1,""00111100"":1,""00111110"":1,""10111001"":2,""00011011"":2,""00101110"":1,""00011110"":1,""00110000"":1,""00010010"":1}"
63,x,4000,-0.26249999999999996,-0.17399999999999993,0.398,0.07950000000000002,0.04200000000000004,0.616,-0.6415,0.6005,"{""11001010"":8,""01000100"":56,""11001011"":19,""01001010"":105,""11000001"":14,""01101000"":8,""01000011"":172,""01100100"":7,""00101010"":8,""01010001"":107,""00101110"":1,""01011000"":54,""01010111"":83,""10000101"":6,""01000000"":82,""01001011"":158,""10100011"":17,""10000011"":21,""01100011"":14,""01001100"":38,""01000010"":97,""11100110"":7,""00001010"":5,""10010010"":10,""01001101"":46,""01000001"":105,""00100010"":9,""01101010"":12,""10000010"":10,""01001000"":71,""01001110"":24,""01010110"":46,""01001111"":38,""01001001"":122,""01011011"":192,""01000110"":67,""01000101"":77,""10001001"":17,""10000000"":10,""10001000"":10,""11100010"":8,""10100100"":1,""01000111"":85,""11001000"":10,""11101000"":6,""01010100"":28,""00000011"":14,""11000101"":7,""00001100"":3,""00101000"":5,""01101011"":19,""11100011"":13,""01011001"":114,""01101001"":11,""01110010"":8,""10100000"":4,""01101101"":8,""01010101"":50,""01010011"":208,""01011111"":48,""01010010"":93,""00011011"":13,""11111111"":3,""01011100"":23,""10011001"":4,""01010000"":59,""11001001"":11,""00110001"":3,""00011111"":7,""10111011"":12,""01011101"":40,""10011011"":16,""10011010"":7,""11111101"":4,""11010001"":11,""01111111"":4,""01111010"":17,""11011001"":9,""10010001"":10,""00010111"":5,""10111101"":2,""11101100"":5,""01011010"":89,""00100011"":12,""11010011"":25,""11110011"":16,""11011101"":5,""10110010"":7,""11011010"":11,""01110110"":3,""01101100"":6,""11011011"":12,""00111011"":14,""01111011"":32,""01111001"":14,""00111001"":6,""11110110"":6,""11010100"":4,""00010001"":7,""10110001"":7,""01011110"":18,""11010110"":4,""11110100"":4,""11010111"":9,""10011100"":3,""10011101"":4,""00010010"":8,""01110111"":8,""11010010"":5,""10011110"":2,""01101110"":3,""11110111"":5,""00011010"":4,""11111011"":8,""01111101"":5,""10111100"":5,""00110011"":9,""10010101"":5,""10110000"":3,""10011111"":4,""11001100"":2,""10111010"":4,""10011000"":5,""01111100"":3,""00010000"":4,""01110101"":8,""01110000"":4,""01110001"":11,""00101100"":1,""01110011"":12,""10010011"":22,""00111110"":2,""00110101"":6,""11111000"":4,""00110111"":11,""11111001"":10,""10110011"":5,""11000011"":12,""10100010"":4,""10000100"":7,""11101111"":4,""10110110"":1,""01110100"":6,""00101001"":11,""11110010"":3,""10111111"":4,""00111100"":2,""11010000"":8,""01101111"":5,""00011001"":6,""11011000"":3,""01111000"":7,""00010011"":6,""10111000"":1,""00011000"":2,""10110111"":5,""00110110"":4,""00111000"":5,""01111110"":2,""11011100"":2,""10010110"":3,""00110010"":5,""00010101"":3,""00010100"":3,""00000101"":5,""11111110"":3,""00010110"":1,""00100000"":5,""10100110"":6,""10000110"":2,""11100000"":5,""11101010"":3,""11101001"":5,""00000110"":3,""00001110"":2,""10101010"":9,""01100010"":8,""00110000"":2,""01100000"":5,""00111010"":5,""00111101"":3,""10010111"":4,""11110101"":5,""00100100"":6,""11001111"":3,""00001111"":2,""00100111"":7,""00100110"":6,""10100001"":10,""10001011"":17,""11100100"":5,""00001000"":4,""10001010"":7,""00000010"":3,""00100001"":7,""10101011"":8,""01100110"":2,""00001001"":7,""10101000"":8,""10110100"":1,""00000111"":5,""00101011"":18,""01100101"":7,""01100001"":6,""01100111"":6,""11000010"":8,""10001110"":3,""00001011"":9,""00100101"":8,""10001100"":4,""11000000"":11,""11000111"":9,""11101101"":2,""11101011"":5,""10000001"":11,""10101111"":3,""11110001"":6,""11100101"":6,""11101110"":1,""10001111"":4,""00101101"":3,""11000110"":5,""11011111"":7,""11100001"":4,""10101110"":1,""10001101"":3,""11000100"":9,""00000000"":2,""00011110"":4,""10000111"":7,""10100111"":3,""00000001"":3,""11111010"":4,""11010101"":4,""00000100"":3,""10101001"":2,""10100101"":2,""11011110"":1,""00110100"":2,""11110000"":2,""10111110"":3,""10111001"":1,""00011101"":1,""00111111"":1,""10101100"":2,""10010100"":2,""10010000"":1,""11100111"":5,""00001101"":2,""00101111"":2,""11001110"":2}"
64,x,4000,0.3145,-0.08549999999999991,-0.24150000000000005,0.39849999999999997,-0.026499999999999968,-0.2270000000000001,-0.6799999999999999,0.2905,"{""01110010"":83,""01111101"":41,""01010110"":89,""01110110"":130,""01010010"":55,""10011010"":8,""01100110"":111,""01100010"":94,""11110100"":31,""01011000"":14,""10110000"":13,""11110000"":22,""01110011"":30,""01011100"":42,""01011001"":3,""11011101"":6,""01110111"":47,""00010101"":7,""01111100"":71,""11110110"":47,""00011101"":4,""10011101"":3,""10010100"":8,""01111010"":43,""00010100"":6,""01011101"":19,""01010100"":47,""01111110"":41,""01010000"":35,""10111010"":8,""01001000"":11,""01110101"":59,""11111110"":11,""01100111"":44,""11111100"":30,""10110110"":23,""11010010"":14,""11010001"":8,""10110100"":11,""11110010"":44,""11110101"":17,""01111000"":12,""10110011"":4,""01011110"":23,""01110100"":79,""10000110"":12,""11010110"":34,""01110001"":30,""11110111"":25,""01011010"":20,""11010000"":17,""10110101"":10,""11100110"":64,""10111110"":4,""01010111"":36,""01000001"":28,""11010100"":21,""01010001"":22,""01100100"":68,""01101011"":14,""01000010"":52,""01101101"":43,""01000101"":33,""11100010"":41,""01101110"":32,""01100011"":46,""10000100"":9,""01000111"":28,""01000100"":29,""01100101"":51,""00000111"":10,""10101101"":5,""11100111"":28,""11100001"":21,""00100001"":3,""11100011"":12,""10000010"":15,""01000000"":23,""00000110"":9,""01101010"":24,""11111101"":23,""01001010"":15,""11000011"":7,""10100111"":8,""10000011"":4,""01001110"":19,""11101010"":18,""01001101"":32,""01001111"":9,""01010101"":32,""01000110"":63,""11010011"":11,""11110001"":17,""10100010"":15,""11100101"":27,""11101110"":14,""01100001"":35,""11001000"":3,""11000000"":16,""10001101"":9,""11001011"":6,""01010011"":19,""01001011"":6,""11000110"":28,""11001001"":5,""11100000"":30,""11000100"":17,""01101100"":62,""01101111"":17,""11101000"":4,""01110000"":46,""01100000"":42,""00100010"":6,""10101100"":9,""00001100"":8,""01001100"":37,""10100000"":4,""10001100"":6,""11101101"":21,""00101100"":11,""00100000"":3,""01101000"":18,""10100101"":7,""00000010"":8,""10100100"":14,""00010110"":19,""10100110"":21,""00100101"":3,""01000011"":16,""00110000"":2,""00100100"":6,""11100100"":34,""01111111"":21,""11110011"":16,""00111100"":3,""10110010"":19,""11011100"":15,""00010111"":6,""00011100"":5,""11111000"":5,""11011110"":9,""00010011"":3,""00110001"":2,""11111111"":6,""10010110"":13,""01011111"":9,""11011011"":3,""00110110"":10,""10010011"":5,""11010111"":12,""01111001"":10,""10110001"":8,""11011010"":13,""00110010"":5,""10111101"":3,""00111111"":3,""00011010"":3,""00010010"":18,""01111011"":11,""00111110"":4,""10111100"":6,""10011110"":6,""11011111"":5,""11010101"":13,""11111010"":13,""00111010"":2,""10011111"":2,""10110111"":7,""11001010"":4,""10010010"":11,""00100110"":11,""11000010"":24,""00010000"":4,""10011001"":1,""10011100"":8,""11000001"":7,""10001010"":2,""11101100"":20,""11001100"":16,""11101011"":6,""11000111"":16,""01101001"":12,""00100011"":2,""11001101"":8,""10001011"":2,""11000101"":5,""10100011"":5,""10101111"":4,""10101001"":1,""10101110"":3,""00000001"":4,""00001010"":2,""11001110"":8,""10111011"":3,""01011011"":5,""10010000"":4,""11101111"":4,""00110101"":4,""10010111"":7,""10000101"":4,""10010001"":3,""10010101"":5,""00110111"":1,""00101000"":1,""00001101"":3,""00000000"":6,""11001111"":9,""00000101"":6,""10001110"":3,""10100001"":9,""00101110"":3,""00101101"":1,""01001001"":2,""11111011"":2,""00101001"":1,""11101001"":5,""00100111"":2,""10000111"":9,""00000100"":4,""10000000"":4,""00111101"":1,""00011111"":1,""00110011"":3,""00111000"":2,""00011110"":3,""10011011"":2,""00010001"":2,""10111000"":1,""11111001"":2,""00011000"":1,""00110100"":1,""10111111"":1,""10011000"":3,""00000011"":2,""10101000"":2,""10111001"":1,""10101011"":1,""10101010"":1,""00011011"":1}"
65,x,4000,-0.3025,0.025499999999999967,-0.04699999999999993,-0.0024999999999999467,-0.030999999999999917,-0.05899999999999994,-0.16949999999999998,0.3205,"{""01110110"":27,""00010110"":14,""10101001"":35,""01111110"":32,""00111111"":14,""01011011"":21,""10111011"":7,""01110111"":47,""10101101"":25,""00111011"":7,""10111101"":24,""10111001"":21,""01110010"":14,""00011110"":6,""01011001"":29,""01111100"":25,""01010000"":32,""01010101"":38,""11110000"":12,""00111000"":14,""01010110"":62,""11000001"":5,""01011110"":20,""10011111"":16,""01111001"":60,""01001000"":23,""11010110"":7,""10110101"":15,""10010000"":5,""00111110"":7,""01010011"":46,""00111100"":6,""10110111"":24,""01010001"":54,""01111011"":13,""01111010"":18,""01010111"":62,""10110000"":20,""00110111"":16,""01100100"":5,""10011101"":16,""01110101"":13,""01000010"":13,""01011000"":38,""01110100"":28,""01110000"":20,""11011100"":4,""01011111"":27,""10011001"":25,""11010010"":7,""00010000"":9,""00001010"":6,""01111000"":56,""10110001"":29,""00101111"":21,""00010010"":8,""10110010"":10,""10111111"":25,""10110110"":29,""00010111"":20,""01110011"":29,""01001101"":41,""10111010"":12,""11110110"":7,""01011101"":33,""11111100"":1,""00001111"":16,""01010010"":25,""10010010"":7,""01110001"":43,""01001111"":50,""10111100"":12,""01111101"":45,""10111000"":24,""00010100"":8,""00010101"":12,""10011100"":8,""10010100"":5,""00011101"":13,""11111000"":2,""10011000"":16,""10100001"":31,""00011001"":12,""10111110"":25,""10100111"":51,""00010011"":10,""01101111"":68,""11111101"":8,""00110000"":11,""11011001"":10,""01101110"":31,""10110100"":15,""01011100"":19,""01111111"":50,""00001000"":8,""11010111"":14,""00110001"":17,""01011010"":13,""00111010"":5,""10011010"":5,""11100010"":3,""00011111"":8,""11010001"":10,""00110110"":11,""10011110"":9,""01010100"":28,""01101101"":46,""00110011"":11,""11110011"":5,""11100110"":3,""10101110"":14,""11100111"":5,""00100111"":14,""00100101"":11,""10001011"":9,""10001001"":19,""01000001"":44,""01000100"":16,""10000001"":11,""01000111"":61,""01101001"":79,""00001011"":13,""01100001"":29,""00101000"":5,""01100011"":27,""00000000"":6,""01101000"":30,""01100111"":38,""00100001"":23,""01001011"":28,""01101100"":12,""01000011"":54,""00000111"":28,""11001001"":15,""01001001"":49,""00001101"":15,""11101100"":5,""00000001"":17,""10100100"":17,""00101101"":19,""10000011"":13,""01100010"":10,""11000011"":6,""10100101"":26,""10100000"":13,""11011101"":7,""10000110"":7,""10101111"":43,""10001101"":15,""01100110"":14,""01100101"":12,""01001110"":9,""00000101"":13,""01000000"":10,""10001111"":21,""10000101"":5,""01101011"":16,""01100000"":12,""11000111"":16,""00000011"":12,""00100000"":4,""10000111"":12,""11101101"":12,""11100000"":4,""11101110"":2,""00100011"":13,""10100011"":27,""00101011"":15,""10001000"":14,""00100010"":6,""01000110"":27,""00100100"":5,""00001110"":3,""00101001"":19,""01001010"":9,""00000100"":2,""01000101"":28,""10101011"":21,""00101110"":6,""00001001"":18,""00000110"":9,""10000100"":5,""11101111"":6,""11001101"":12,""11001100"":2,""10101000"":13,""11001011"":6,""11101000"":7,""11100001"":6,""10000000"":5,""10100110"":14,""11000110"":9,""11001111"":9,""00001100"":4,""10100010"":9,""11100011"":6,""11000101"":6,""10101100"":11,""00101100"":3,""10001110"":5,""11000000"":3,""11101001"":9,""00111101"":12,""11011111"":9,""11110111"":9,""11011011"":2,""11010011"":7,""00110101"":6,""11110100"":8,""11111001"":6,""10010001"":14,""10011011"":7,""11110101"":2,""00110010"":7,""01001100"":8,""00010001"":21,""11010101"":6,""11100101"":4,""00111001"":7,""10110011"":21,""11110001"":5,""11100100"":6,""10010101"":6,""11011000"":11,""01101010"":7,""10000010"":4,""10101010"":10,""10010011"":9,""00011010"":5,""10010111"":13,""10010110"":5,""11010000"":1,""00011000"":7,""11111110"":5,""11011110"":8,""00110100"":11,""11001110"":2,""00011011"":6,""11111010"":1,""10001100"":6,""00011100"":6,""11010100"":5,""11111111"":6,""11011010"":3,""11000010"":2,""00101010"":1,""11001010"":2,""11001000"":2,""11101010"":2,""00000010"":2,""00100110"":4,""11111011"":1,""10001010"":3}"
66,x,4000,-0.024499999999999966,0.015000000000000013,-0.09250000000000003,0.022499999999999964,0.14300000000000002,0.7105,0.0645,0.16249999999999998,"{""00001101"":39,""01001010"":39,""01001001"":51,""01001111"":66,""10101011"":2,""10011010"":35,""10001011"":19,""00001000"":19,""01011011"":23,""01001011"":23,""01101001"":9,""01111110"":3,""01001000"":34,""00001111"":40,""11010000"":8,""10011011"":17,""10101110"":5,""11011001"":3,""01011101"":43,""01011000"":24,""11001101"":8,""01011001"":39,""10001100"":48,""01000000"":43,""11001100"":10,""01011111"":47,""11011000"":7,""01101111"":11,""00011010"":20,""10011101"":34,""10001101"":63,""00111100"":10,""10001010"":51,""11001110"":8,""10110100"":7,""11011111"":12,""11001111"":12,""10001111"":59,""10011001"":30,""10101111"":5,""00011111"":24,""00001001"":30,""01011100"":33,""01111011"":5,""01101110"":9,""11010010"":19,""01000100"":61,""11110101"":2,""00011001"":10,""01101100"":10,""11001001"":14,""01100011"":6,""01001101"":70,""10000111"":65,""10011111"":26,""10010001"":36,""10011100"":33,""11001011"":6,""00111110"":3,""10100001"":5,""00011011"":17,""01000111"":53,""01010000"":31,""10101001"":3,""01010101"":35,""10111101"":3,""00001100"":22,""00001011"":13,""00101110"":2,""10010110"":33,""01111111"":10,""01101010"":12,""01011110"":23,""01001100"":56,""11011010"":12,""00011100"":19,""10111100"":6,""11011100"":8,""10001001"":34,""10011000"":23,""01001110"":45,""01011010"":32,""00000001"":24,""01010100"":38,""01101101"":9,""11111101"":1,""11011011"":5,""00001010"":17,""00101001"":5,""00011110"":14,""01010110"":25,""00010011"":12,""10101101"":3,""10010010"":45,""10000101"":44,""00110000"":6,""10000110"":38,""00010001"":18,""01111101"":9,""01111100"":9,""10011110"":26,""10000001"":44,""01100111"":8,""10001110"":30,""00001110"":28,""10001000"":38,""10101100"":2,""10000010"":48,""10111000"":6,""11000000"":15,""01000101"":46,""11011101"":4,""10111110"":6,""10101010"":4,""10000000"":24,""00111010"":6,""00100110"":6,""01111000"":4,""00101011"":4,""10000100"":60,""10110010"":7,""10010000"":30,""00000111"":29,""00010111"":21,""00000110"":21,""00000010"":23,""01000010"":45,""01000011"":37,""01000001"":42,""10100101"":4,""11010101"":15,""11000110"":5,""00010000"":19,""01010001"":35,""10100010"":6,""00000011"":12,""01000110"":37,""00000000"":18,""01010011"":32,""11000101"":15,""11010110"":9,""10110110"":5,""00010010"":31,""01100100"":14,""10100000"":6,""00100010"":10,""01110110"":6,""01110011"":2,""00100101"":3,""01010010"":40,""10010111"":30,""11000100"":10,""01110000"":5,""10010101"":40,""10100110"":5,""00110111"":2,""00010100"":18,""01100010"":12,""01010111"":43,""10010100"":28,""10000011"":33,""11000010"":13,""00010110"":8,""01100000"":5,""11000111"":10,""10110001"":8,""00100011"":6,""00110010"":6,""10110111"":4,""00000100"":26,""10100011"":5,""01100101"":9,""11010011"":10,""01110010"":7,""11010111"":7,""00000101"":19,""10110101"":8,""11000001"":9,""11100100"":3,""01100001"":8,""01110111"":11,""00110011"":7,""10110000"":2,""11010100"":9,""10010011"":21,""00111101"":5,""00101010"":5,""11101011"":1,""00111000"":2,""00111001"":6,""11001010"":14,""00011101"":13,""10111111"":9,""00111011"":5,""10111001"":4,""01101000"":8,""11100110"":2,""00010101"":14,""00110001"":7,""01110101"":4,""11000011"":2,""00100100"":3,""11100111"":4,""11101000"":2,""01100110"":7,""00100111"":8,""10110011"":3,""00100001"":5,""11100000"":1,""11010001"":13,""11011110"":3,""00110110"":5,""01110100"":3,""11110100"":2,""11100001"":2,""01110001"":7,""11100011"":2,""00111111"":9,""11111100"":2,""00011000"":8,""11001000"":4,""01101011"":9,""10111010"":3,""11101100"":2,""11111000"":1,""00101111"":3,""01111010"":3,""00110100"":3,""10100100"":3,""11110110"":1,""00101101"":1,""11101110"":3,""00101000"":2,""11111111"":2,""11101010"":2,""11101111"":1,""11111010"":2,""10101000"":1,""11111011"":2,""00110101"":3,""10100111"":6,""00100000"":1,""11111001"":1,""01111001"":2,""11110000"":1,""11101001"":1,""11100010"":1,""11110010"":1,""00101100"":3}"
67,x,4000,-0.21649999999999991,0.1885,0.04049999999999998,-0.1259999999999999,-0.01849999999999996,0.28700000000000003,-0.403,-0.34850000000000003,"{""01011011"":37,""01011001"":41,""00010110"":8,""11010101"":67,""01001001"":48,""01011101"":19,""01111000"":24,""10111001"":8,""01110101"":26,""11011110"":18,""01011010"":20,""11011001"":80,""11110001"":17,""11111001"":63,""11011000"":63,""11111011"":52,""10011101"":21,""11010011"":14,""01110001"":5,""01010111"":29,""10010111"":27,""11110011"":20,""11111101"":22,""11110111"":61,""01011111"":12,""01010000"":5,""11111110"":4,""10011011"":42,""10110110"":6,""01111001"":23,""11011011"":51,""11011101"":24,""10111011"":10,""11111000"":40,""11111010"":18,""10111110"":2,""11010111"":47,""11001000"":76,""01111011"":17,""11010010"":6,""10111000"":5,""01001011"":30,""01010011"":5,""01010101"":27,""10011010"":23,""11110100"":41,""01010100"":20,""10011111"":13,""01011100"":7,""01110111"":27,""01111110"":4,""11001111"":19,""00110101"":4,""01111100"":7,""10010101"":28,""00010101"":18,""00011011"":29,""01110100"":17,""10011100"":10,""10010110"":13,""11010110"":25,""11010001"":12,""10011001"":58,""01011000"":20,""10110100"":6,""01100101"":13,""11000011"":17,""11001011"":54,""11000101"":65,""01000110"":15,""10000111"":25,""01001000"":32,""11100101"":42,""10101010"":5,""11001010"":31,""11101101"":29,""10001011"":30,""00000110"":9,""01010001"":6,""00100101"":6,""11000111"":56,""00100110"":4,""11000100"":56,""11000110"":36,""00111111"":2,""11001101"":30,""11001001"":74,""10000101"":27,""10001001"":46,""01001010"":27,""10001101"":10,""11101011"":34,""11100001"":18,""01000111"":20,""01001100"":7,""11101001"":61,""11100110"":22,""00001011"":17,""01100100"":14,""00000111"":9,""00000101"":21,""10000110"":16,""01101000"":10,""01100001"":6,""01100111"":14,""10100111"":5,""01000000"":8,""11101100"":16,""01101011"":11,""10000001"":8,""00001000"":27,""01001111"":6,""11001100"":15,""11101010"":22,""11100100"":38,""10000100"":28,""11101000"":47,""10100101"":8,""00010111"":23,""00100010"":1,""10100001"":1,""00001001"":29,""10000000"":7,""01001101"":7,""11100011"":13,""11100010"":5,""00011001"":29,""10010011"":8,""11111111"":9,""01011110"":5,""10010000"":5,""11111100"":17,""11010000"":9,""00011110"":2,""00011000"":19,""11011111"":14,""00111011"":6,""11011010"":29,""00111000"":7,""10100000"":3,""11110101"":61,""10010100"":19,""00010011"":5,""00011101"":10,""10011000"":30,""01000100"":22,""10001000"":44,""01100110"":9,""00000001"":10,""11001110"":9,""11000010"":7,""10001100"":8,""00001010"":15,""11100000"":13,""10001110"":9,""01101001"":21,""10010010"":2,""01000101"":29,""11000000"":6,""01000010"":2,""11101111"":14,""11100111"":37,""01101100"":4,""10001010"":14,""10101001"":9,""10101011"":10,""11000001"":17,""10001111"":5,""00101011"":3,""00101000"":9,""01111010"":8,""00001111"":8,""00100111"":6,""11101110"":8,""00001100"":10,""10010001"":10,""00000011"":3,""01101010"":8,""00000100"":18,""00101101"":3,""01101110"":1,""10100100"":8,""01101111"":4,""01010110"":14,""01100011"":1,""10101101"":4,""11110110"":23,""00011010"":11,""11110000"":12,""01111111"":2,""00111010"":3,""01110011"":5,""01111101"":8,""10111100"":4,""00010100"":13,""11011100"":10,""01000001"":5,""01000011"":3,""10101000"":8,""10000010"":1,""00111101"":4,""10000011"":5,""11110010"":9,""10101100"":4,""00101001"":6,""11010100"":38,""00100100"":1,""00110111"":3,""00100001"":2,""10111111"":1,""00111110"":1,""10110111"":5,""00110100"":3,""00001110"":3,""10111010"":3,""10011110"":2,""00110011"":3,""00111001"":6,""10110010"":1,""01110010"":4,""00010001"":5,""01010010"":2,""10110000"":1,""01110110"":10,""10110101"":9,""00101100"":1,""00001101"":7,""10110001"":2,""00011100"":1,""10100110"":2,""00011111"":8,""01100000"":2,""10101111"":4,""00110010"":1,""00100000"":1,""01100010"":2,""00101110"":1,""01001110"":4,""10101110"":1,""00000010"":1,""10110011"":1,""01101101"":2,""10111101"":3,""00100011"":1,""10100011"":1,""00010010"":2,""00000000"":1,""00110110"":1}"
68,x,4000,-0.12400000000000011,-0.1279999999999999,0.15600000000000003,-0.06549999999999989,0.030000000000000027,0.511,0.033499999999999974,0.08450000000000002,"{""00011101"":17,""10111001"":5,""00111010"":9,""10110111"":8,""11011010"":7,""00011011"":17,""11110101"":2,""01010001"":41,""00010000"":27,""01110100"":4,""01010000"":56,""11111010"":7,""01011011"":47,""11010011"":26,""11110010"":5,""00011110"":11,""01101101"":16,""01011010"":39,""10010000"":51,""11010010"":11,""01011100"":39,""10010010"":47,""10110000"":10,""10011100"":38,""11110000"":4,""11111100"":6,""01010010"":48,""01111110"":15,""01011110"":32,""10110100"":3,""01100100"":11,""10011011"":44,""10000001"":60,""00011111"":25,""00010100"":2,""01011101"":37,""01000000"":50,""11011001"":8,""10110001"":8,""00111110"":8,""11111000"":5,""10010111"":24,""00011000"":10,""10010001"":42,""10011111"":58,""10010011"":70,""01101010"":8,""00110000"":8,""10011110"":28,""00010011"":16,""11010000"":18,""01011001"":17,""00010010"":22,""10011010"":35,""00010001"":17,""01111100"":19,""01101011"":15,""01010011"":65,""10000010"":51,""00110010"":14,""10100001"":8,""00111100"":8,""11010101"":1,""01110010"":13,""00010111"":13,""01111010"":11,""11111011"":6,""01001010"":36,""10111111"":18,""01111111"":21,""10011000"":33,""01001011"":51,""11010110"":2,""10001000"":22,""01111101"":15,""00010110"":10,""01010111"":23,""01110111"":9,""10111100"":5,""10001100"":31,""10000011"":62,""11011110"":6,""10010110"":10,""01010110"":12,""01011000"":27,""10001101"":54,""10111000"":3,""10111010"":4,""10011101"":36,""10110010"":10,""01011111"":47,""11011100"":8,""11010001"":11,""10110110"":2,""11011000"":10,""10001110"":32,""01111011"":8,""10111101"":10,""00001100"":13,""11111111"":9,""01000110"":11,""00101110"":4,""00101100"":7,""11101111"":10,""01000010"":45,""01101111"":19,""01001000"":20,""11100010"":8,""10001010"":35,""01000011"":70,""01001111"":74,""10001111"":70,""10100100"":5,""01001100"":49,""00100011"":25,""00001010"":13,""11100000"":6,""10100111"":6,""00100000"":13,""10101101"":9,""00101111"":14,""10100101"":4,""11000100"":2,""01101110"":13,""10000111"":30,""01000001"":59,""01001110"":32,""11000111"":8,""10100011"":14,""00000011"":21,""11111110"":10,""01100010"":6,""10101111"":12,""00001110"":24,""01100000"":7,""10110101"":4,""01001001"":22,""11000011"":20,""01100011"":16,""00001011"":15,""00100111"":10,""00101011"":14,""10001011"":49,""11101001"":3,""10000101"":12,""01000101"":13,""11101100"":7,""10000100"":17,""11101010"":6,""00100010"":6,""11001101"":11,""10100010"":8,""00000010"":12,""10101100"":10,""01000111"":22,""11000000"":10,""01101100"":16,""11101011"":6,""01001101"":56,""11001110"":5,""00000000"":17,""00000110"":4,""01100111"":12,""10001001"":18,""00000100"":5,""00001000"":9,""10000000"":52,""00110001"":5,""00001111"":22,""11001001"":5,""11001100"":10,""00000101"":4,""11011011"":12,""11000001"":8,""00100101"":3,""00101010"":7,""01000100"":6,""11000010"":11,""11001011"":13,""11100111"":4,""10100000"":6,""10101011"":5,""10000110"":4,""10101000"":9,""00000001"":16,""01110011"":10,""10101001"":7,""01110001"":7,""11101110"":6,""11001111"":15,""00110101"":5,""00000111"":11,""00110011"":19,""10011001"":19,""11110011"":10,""01111000"":5,""11001010"":8,""10111110"":3,""11110001"":9,""10110011"":13,""10010100"":11,""11110100"":3,""01010100"":7,""00100001"":16,""10101110"":8,""10101010"":6,""11110111"":3,""00101001"":5,""01110000"":6,""00100100"":3,""00001001"":11,""01101000"":8,""00101000"":2,""11101000"":4,""01100001"":7,""00001101"":11,""11100011"":4,""01101001"":8,""00101101"":11,""00100110"":2,""00111011"":10,""01100101"":3,""11100101"":1,""00110111"":2,""01110101"":5,""11011101"":10,""01110110"":6,""00111001"":3,""01010101"":7,""00011100"":17,""00011001"":7,""11001000"":5,""10010101"":11,""00011010"":7,""11011111"":4,""00111101"":9,""11010111"":5,""00010101"":2,""11010100"":4,""00110100"":5,""11100001"":5,""11111101"":8,""01111001"":4,""00111111"":6,""10111011"":5,""11111001"":3,""11110110"":4,""01100110"":3,""00111000"":2,""11000110"":2,""11101101"":3,""11100100"":2,""11000101"":2}"
69,x,4000,-0.1964999999999999,0.026499999999999968,0.4455,-0.01200000000000001,-0.08349999999999991,0.3135,-0.1645000000000001,-0.8474999999999999,"{""10110011"":33,""10011011"":68,""10010011"":72,""10010001"":86,""11111001"":48,""11011001"":92,""11010011"":84,""10110010"":15,""10011010"":37,""10011111"":22,""00110011"":1,""11011011"":91,""10011001"":64,""11110011"":55,""00010001"":2,""10011100"":17,""00010000"":3,""11010110"":12,""10011101"":24,""10010101"":23,""11111010"":21,""11010001"":96,""10111101"":12,""11011000"":50,""11000111"":20,""00110010"":2,""11111101"":23,""10000101"":19,""11011101"":39,""10000001"":42,""11010111"":20,""11111011"":44,""10110100"":5,""11000011"":56,""10110000"":20,""11010010"":55,""00111101"":1,""00111111"":1,""10010000"":37,""11010000"":51,""10010110"":13,""10110001"":28,""10011000"":30,""10110101"":6,""01110001"":7,""01011011"":10,""11010101"":41,""01111011"":3,""11111000"":31,""00011011"":8,""11110000"":25,""11001010"":50,""11110010"":39,""11110001"":45,""11011010"":62,""11011111"":23,""01111010"":3,""00110001"":3,""01011010"":5,""10101100"":13,""10001000"":38,""10001111"":17,""10000011"":54,""11000000"":54,""11000101"":37,""11001110"":18,""11100011"":41,""11100001"":49,""10101110"":9,""11001011"":44,""11000010"":46,""11000100"":16,""00001110"":2,""01100010"":4,""11000001"":51,""10001001"":40,""00100000"":2,""11001001"":64,""11101010"":24,""00101010"":1,""11100010"":36,""10000010"":46,""11101011"":33,""01001011"":2,""10101001"":20,""10111010"":19,""01000011"":3,""11001111"":31,""01100011"":6,""11101110"":10,""10000100"":15,""10001110"":15,""10000000"":38,""11101001"":39,""00100001"":1,""10101101"":14,""11101100"":16,""11001101"":33,""10001101"":29,""01000110"":3,""00000100"":3,""10000110"":15,""00001000"":3,""00101011"":3,""10001011"":46,""11101000"":27,""10101111"":18,""10111001"":33,""11001000"":37,""10100001"":21,""10111011"":19,""11011100"":28,""00010110"":1,""11011110"":18,""10111110"":9,""10100011"":14,""01010000"":3,""11111100"":13,""10110111"":12,""10001010"":37,""00011000"":2,""10010010"":40,""11100110"":6,""10011110"":18,""10010100"":11,""00000010"":8,""11110101"":11,""11110111"":10,""10111000"":16,""01011100"":1,""11100100"":9,""10010111"":15,""10111111"":14,""00011110"":1,""00010010"":2,""11110110"":4,""10100010"":18,""11110100"":11,""00111001"":2,""01111110"":1,""01010001"":5,""00010011"":3,""00011001"":2,""01011110"":1,""11111111"":24,""00110100"":2,""01010011"":10,""10101000"":23,""10101010"":16,""00000110"":3,""11101111"":19,""01101000"":2,""11000110"":14,""00001010"":3,""11001100"":23,""10100000"":18,""00101001"":4,""01111000"":4,""00101101"":2,""11100101"":13,""10100111"":5,""00101100"":2,""10100100"":3,""00001111"":4,""10000111"":25,""10101011"":17,""11111110"":11,""10110110"":4,""11010100"":16,""01110010"":3,""10100101"":12,""00101110"":1,""01000001"":9,""10001100"":18,""11100000"":24,""01110101"":1,""01000100"":2,""01101011"":4,""01011001"":7,""01101101"":2,""01101100"":3,""01111001"":4,""00001011"":5,""01100101"":2,""01001000"":5,""01000010"":4,""01001001"":7,""00000000"":5,""01101001"":4,""01101010"":2,""00100101"":1,""00000001"":2,""01010100"":2,""01001010"":1,""01000000"":4,""01001100"":3,""01110011"":7,""10111100"":8,""00111011"":2,""01010111"":2,""11101101"":10,""00000011"":4,""01100001"":2,""01101111"":3,""11100111"":5,""01000101"":3,""01001111"":2,""00001001"":2,""00101000"":2,""01110111"":2,""00010111"":1,""00010101"":1,""00010100"":1,""00110110"":2,""01010101"":2,""01010010"":2,""01001110"":2,""00011100"":1,""00111110"":1,""01011101"":1,""10100110"":2,""01000111"":1,""00011010"":1,""01011000"":2,""01011111"":1,""00111000"":2,""00001100"":2,""00100010"":1,""01100000"":1,""00100011"":3,""01100111"":1,""00110000"":1,""01111111"":2,""00000111"":2,""00001101"":1,""01110000"":2,""00110111"":1,""00100100"":1,""01110100"":1,""00000101"":1}"
70,x,4000,-0.5609999999999999,0.029000000000000026,0.0024999999999999467,0.023499999999999965,-0.4544999999999999,0.22850000000000004,-0.4675,0.6455,"{""10110001"":21,""01010101"":185,""01110101"":85,""01010001"":153,""00010011"":13,""01110001"":68,""01010100"":32,""01100001"":17,""01000001"":24,""01010110"":38,""01010111"":107,""10011110"":5,""00110101"":7,""10110000"":4,""01110011"":101,""10110101"":15,""01000111"":35,""01110111"":43,""01110010"":33,""01110110"":20,""00010101"":20,""01001011"":45,""01010011"":149,""00100001"":28,""01010010"":50,""11000101"":4,""10010111"":23,""10010101"":14,""10010010"":9,""11110001"":7,""01011110"":52,""11001101"":3,""00010010"":3,""10110011"":14,""10000111"":9,""00010001"":23,""10000101"":13,""00110001"":5,""00100111"":19,""11010011"":6,""00110010"":4,""01100111"":13,""00101111"":16,""00100011"":28,""01100011"":16,""11100101"":2,""10110010"":6,""01010000"":37,""11011111"":9,""11010001"":14,""01000101"":49,""00000011"":17,""11000011"":4,""10010011"":13,""10101001"":4,""00100010"":3,""00000001"":11,""01100101"":23,""01110000"":12,""11110011"":7,""00110100"":2,""01000011"":34,""01001000"":8,""11010000"":6,""01111101"":85,""00000111"":9,""11010111"":13,""00000000"":3,""01001101"":64,""01100110"":5,""10010110"":3,""01011101"":163,""11000111"":1,""10010000"":3,""00110011"":10,""10100011"":7,""00000010"":2,""00010111"":21,""00000110"":4,""10111101"":21,""10010001"":10,""01110100"":22,""00100101"":22,""01111011"":101,""01100010"":8,""00001101"":15,""10100001"":4,""10100111"":3,""11110111"":4,""11010101"":16,""01011111"":92,""10110100"":3,""11110101"":6,""00010000"":1,""10110111"":8,""01111111"":36,""00000101"":16,""11011100"":4,""01001111"":32,""00001111"":14,""01001001"":30,""10101011"":10,""10000001"":7,""01011001"":105,""01011011"":134,""01011010"":36,""01101110"":5,""01101101"":20,""01001100"":8,""11101010"":2,""01101100"":7,""10011100"":5,""01001010"":11,""11011101"":12,""01011000"":30,""11011010"":4,""11111011"":8,""01011100"":32,""00011001"":13,""10111001"":15,""11111100"":5,""11101101"":5,""00111001"":15,""10011001"":17,""01001110"":16,""10011101"":34,""10111000"":5,""01111000"":14,""01111110"":21,""01111010"":32,""10110110"":6,""00101011"":26,""11111111"":5,""01111100"":20,""00001011"":12,""10011011"":14,""11001001"":2,""00001000"":2,""00101101"":26,""00101010"":6,""01101001"":11,""11111101"":4,""11011000"":5,""00111000"":1,""10111011"":30,""10001000"":3,""00111110"":5,""00001001"":6,""00001010"":3,""11001111"":3,""11011011"":12,""10001111"":7,""00101110"":6,""00011000"":4,""11111001"":7,""00011011"":10,""11011001"":6,""01111001"":54,""01101111"":11,""10101000"":2,""00101001"":16,""01101010"":8,""01101000"":3,""11110000"":2,""01000110"":16,""01000000"":9,""00110111"":10,""00100000"":5,""00010110"":5,""00110110"":6,""00010100"":5,""00011101"":12,""11010010"":2,""00100100"":4,""10000011"":7,""00110000"":1,""11110100"":3,""11100100"":2,""01000100"":10,""00000100"":2,""01000010"":7,""11100001"":1,""01100000"":4,""11001011"":5,""10001001"":6,""00111101"":11,""00111100"":4,""11001000"":4,""10000100"":3,""10011010"":6,""01101011"":14,""11101011"":3,""00011010"":4,""10001101"":8,""11111110"":2,""00111011"":7,""00011111"":11,""10001011"":9,""00101100"":7,""00111010"":2,""00101000"":5,""10011111"":12,""10111100"":4,""10011000"":2,""11001100"":2,""10111010"":5,""11111010"":2,""11110110"":2,""10111111"":7,""11101100"":2,""11101000"":1,""00001110"":2,""10101101"":7,""10111110"":8,""10100101"":6,""00111111"":3,""10000010"":1,""10101010"":3,""10101100"":3,""10001010"":2,""10000000"":2,""11011110"":1,""11101001"":3,""00001100"":1,""11010110"":3,""10010100"":3,""11100011"":1,""00100110"":5,""10100110"":1,""10001110"":1,""00011100"":3,""10001100"":2,""11111000"":1,""01100100"":1,""10100000"":2,""10101111"":2,""00011110"":3,""10101110"":1,""11100111"":1}"
71,x,4000,0.24650000000000005,0.628,0.22399999999999998,0.011499999999999955,0.1875,0.38,0.04849999999999999,0.17900000000000005,"{""00101001"":16,""01001100"":87,""11001110"":2,""10111011"":5,""00111001"":27,""00001001"":15,""00001101"":6,""01111101"":5,""01111001"":18,""10001000"":108,""10101000"":26,""10011000"":103,""01101100"":37,""10011010"":22,""10011101"":20,""01011100"":22,""01011001"":44,""00011100"":22,""01011011"":21,""01001000"":107,""01001001"":54,""10001011"":18,""00001000"":19,""01001010"":17,""01011101"":14,""11011010"":3,""11111100"":6,""10001110"":13,""01001101"":52,""01111111"":3,""10000001"":53,""10001001"":53,""00011011"":4,""10001100"":80,""11101000"":15,""11011101"":1,""01101000"":38,""10101100"":15,""10010000"":91,""01101101"":24,""10001101"":54,""11101101"":10,""00010111"":8,""10011001"":43,""00011000"":21,""00101100"":18,""00111000"":30,""01011111"":2,""01001111"":16,""00011001"":19,""01000101"":58,""11001101"":5,""01101010"":10,""01000100"":110,""00100001"":12,""01000001"":51,""11101100"":9,""00001011"":8,""01111100"":10,""00000100"":27,""10101111"":2,""01011000"":73,""10011011"":14,""10111000"":28,""00000010"":10,""00001100"":18,""01011110"":9,""01101001"":27,""00111011"":3,""01111010"":8,""00010110"":5,""01101011"":9,""11001000"":13,""01111000"":34,""00001111"":2,""10101011"":3,""01100100"":42,""01010000"":86,""10000000"":110,""10110000"":29,""10001111"":23,""00011010"":8,""00011101"":4,""10101101"":6,""01000111"":15,""10111010"":4,""00010100"":26,""01011010"":16,""10111100"":11,""01000000"":115,""00000011"":4,""10011110"":8,""10000100"":87,""00101000"":16,""10110100"":11,""00101101"":15,""10000111"":10,""10010100"":28,""11001001"":3,""00111010"":7,""01111011"":8,""11001100"":7,""10101001"":11,""01100101"":25,""11111000"":7,""10111001"":12,""11111010"":5,""11010101"":4,""10111101"":6,""01000011"":21,""11011001"":10,""01110101"":12,""11110001"":5,""10100001"":13,""11000000"":7,""00010101"":11,""00000000"":16,""10000101"":33,""00010000"":20,""11100011"":3,""01110010"":8,""01010001"":44,""00100010"":7,""11100000"":11,""10010110"":6,""00100000"":27,""10100100"":15,""11000100"":7,""01010111"":11,""10110001"":10,""10110101"":13,""00000111"":7,""11111111"":3,""00100100"":16,""00100101"":11,""00110100"":23,""01100000"":35,""01110001"":17,""00000001"":18,""10100000"":19,""01010011"":10,""11100001"":7,""00000101"":13,""11110000"":5,""10010010"":23,""00110001"":17,""10000110"":8,""11100101"":5,""00110000"":32,""10010101"":14,""00010001"":15,""10110110"":1,""10010011"":9,""01100111"":9,""11100100"":13,""10000010"":17,""01010010"":18,""01000010"":22,""11000001"":4,""11110010"":2,""01110000"":35,""10000011"":7,""00000110"":3,""10010001"":38,""10010111"":8,""11011100"":5,""10110111"":3,""01110100"":7,""01100001"":26,""11100010"":5,""01010101"":10,""10100011"":4,""01100011"":8,""01101111"":10,""10110010"":2,""01001011"":16,""00110110"":2,""01010100"":23,""00110010"":8,""10011100"":21,""00111111"":3,""01100010"":12,""00010011"":2,""01000110"":11,""00110101"":11,""10110011"":5,""01010110"":6,""11000101"":4,""11010001"":3,""01001110"":11,""00001110"":1,""00111101"":7,""11110111"":1,""01110111"":3,""11100110"":1,""00010010"":9,""00110111"":1,""10100010"":4,""10100110"":2,""11010000"":7,""00100011"":2,""10100101"":6,""10001010"":12,""01110110"":2,""01100110"":6,""11000111"":1,""00100111"":5,""11011000"":4,""01101110"":6,""00111100"":13,""00101010"":4,""11101111"":2,""11001111"":2,""11001010"":1,""11111001"":3,""10101110"":2,""10011111"":3,""11101010"":1,""11110100"":3,""10101010"":3,""11100111"":2,""10111110"":1,""11011111"":1,""11101011"":2,""00011111"":3,""00001010"":4,""00110011"":3,""01110011"":5,""11110011"":1,""11010100"":3,""11010011"":1,""10100111"":1,""00100110"":2,""11010010"":1,""11101110"":2,""11001011"":3,""11010110"":1,""00101011"":1}"
72,x,4000,-0.21300000000000008,0.055499999999999994,0.398,-0.09200000000000008,-0.0020000000000000018,-0.04249999999999998,-0.05600000000000005,-0.03400000000000003,"{""10100111"":5,""10001001"":46,""00001011"":24,""00101011"":50,""11101011"":37,""11100001"":34,""10001010"":35,""01110001"":30,""00101001"":49,""10011011"":61,""00100011"":14,""01000001"":27,""10100101"":9,""11100011"":28,""10101011"":17,""10001101"":13,""11100010"":20,""01001010"":15,""00011010"":15,""11001001"":16,""10001000"":34,""01011001"":29,""10000001"":35,""01101001"":39,""00100010"":10,""10000111"":16,""01101111"":7,""10100001"":16,""01101010"":37,""11100110"":12,""11010101"":11,""01001011"":33,""10000011"":19,""11110001"":47,""11100111"":12,""00000111"":6,""01100101"":14,""00001111"":5,""01001001"":32,""11000011"":20,""11100000"":26,""10000101"":24,""11000010"":15,""10101101"":2,""00000101"":19,""00000010"":12,""01001000"":18,""01101100"":7,""11000100"":14,""10001011"":32,""11101000"":21,""10011010"":37,""11000111"":5,""00111011"":43,""00000011"":11,""11111011"":53,""11101100"":13,""00100111"":6,""01001100"":13,""10100011"":7,""00101010"":31,""01000010"":22,""11100101"":29,""11101010"":34,""00110011"":11,""01101000"":18,""10101010"":18,""11010001"":18,""01000101"":22,""11101001"":31,""11101101"":14,""01100010"":22,""11111001"":45,""00111001"":46,""10011001"":53,""11010111"":4,""10010011"":20,""00010110"":9,""00111110"":3,""11111010"":32,""11110101"":34,""01110000"":13,""01111001"":32,""11110100"":14,""01011010"":18,""00010011"":24,""01111010"":22,""00111010"":14,""11110111"":10,""00010001"":27,""10010000"":15,""01010001"":34,""00011011"":21,""00011001"":17,""01010000"":10,""10111101"":11,""10010111"":22,""10010100"":14,""10100000"":9,""01101011"":33,""01111011"":41,""10111011"":16,""10010101"":25,""01110101"":21,""00101100"":11,""00011000"":6,""11011011"":24,""00110001"":16,""01010101"":22,""11110011"":33,""01110100"":9,""10011101"":16,""11111110"":10,""00110010"":12,""01110011"":16,""01111000"":11,""01010111"":18,""11011000"":13,""10110001"":14,""01100000"":15,""00111111"":5,""01000011"":14,""10111100"":9,""01011011"":34,""10011111"":13,""10110010"":8,""01011111"":10,""11010000"":8,""10110101"":13,""01010011"":21,""01100110"":10,""10110100"":5,""11100100"":13,""11110000"":29,""11101110"":19,""00101000"":31,""01001111"":7,""00100100"":7,""01000110"":7,""11000001"":22,""00100000"":12,""01110111"":6,""00001001"":18,""01000000"":16,""10000110"":9,""00101101"":15,""10111001"":19,""01100111"":10,""10001100"":14,""11001000"":12,""00110000"":9,""11000101"":7,""11001011"":19,""01101110"":10,""10000000"":14,""01100011"":11,""10101001"":25,""11101111"":10,""00100001"":10,""10000010"":14,""00101110"":12,""01010100"":8,""00111101"":11,""11010011"":11,""00110110"":6,""01111100"":15,""00110101"":14,""00111000"":17,""01010110"":8,""11110010"":23,""10110000"":6,""11111100"":17,""01010010"":11,""10010110"":7,""01110110"":11,""10010010"":12,""01110010"":18,""11010010"":7,""00001010"":18,""00010100"":8,""00010010"":9,""00000001"":16,""00111100"":6,""00110100"":10,""11110110"":10,""10011000"":31,""10110011"":15,""10010001"":34,""11011111"":5,""11011101"":6,""11111111"":8,""01000100"":12,""01001101"":10,""10101110"":2,""01100001"":24,""00001101"":8,""10100010"":8,""10000100"":12,""10001111"":8,""11001100"":7,""10111010"":12,""10011110"":13,""00001000"":12,""10100100"":5,""00100110"":14,""01100100"":8,""00101111"":11,""11001111"":4,""00100101"":9,""01000111"":12,""00011100"":8,""11001010"":14,""11001101"":4,""10101000"":12,""00011110"":3,""00000000"":11,""10110110"":5,""11000110"":7,""11000000"":4,""11111000"":11,""10011100"":11,""00011111"":10,""10111111"":5,""11011010"":15,""01111111"":7,""01111110"":4,""01011110"":5,""01011101"":10,""11011100"":1,""00010101"":10,""10111000"":7,""11011001"":21,""00110111"":6,""00010000"":9,""01011100"":6,""00000100"":7,""10100110"":2,""01001110"":4,""10101100"":3,""01011000"":11,""11111101"":7,""00010111"":7,""11011110"":3,""10001110"":4,""01111101"":6,""10110111"":6,""00000110"":4,""01101101"":6,""10101111"":2,""10111110"":2,""11010100"":4,""00001100"":4,""11010110"":3,""00011101"":1}"
73,x,4000,-0.038000000000000034,0.473,0.10099999999999998,-0.013500000000000068,0.007000000000000006,0.714,-0.34850000000000003,-0.31200000000000006,"{""11011000"":76,""11010101"":129,""11011100"":39,""11011001"":125,""11010001"":53,""00010100"":19,""11110110"":4,""11011101"":48,""10010010"":8,""10011001"":65,""11010100"":67,""11111001"":36,""11110000"":13,""10110000"":1,""11110001"":14,""11110100"":17,""11001101"":45,""11011011"":42,""10010101"":49,""11000011"":20,""01011000"":38,""10011000"":32,""10110110"":1,""11011110"":9,""01010101"":65,""01010001"":30,""10111000"":2,""11001001"":84,""11000101"":80,""00010001"":16,""01010000"":21,""00111011"":4,""10110001"":6,""11010000"":39,""11000001"":37,""01011111"":6,""11110101"":27,""01011101"":26,""10011101"":36,""11111101"":6,""10010100"":21,""11111010"":19,""10010111"":7,""00011001"":42,""01000110"":26,""00010101"":25,""10010000"":10,""11111011"":11,""00010111"":10,""10111011"":1,""11010110"":23,""00011010"":11,""01010011"":9,""10010001"":26,""01000011"":14,""11010010"":6,""01011100"":13,""11111100"":7,""11010111"":36,""00001000"":38,""01010111"":8,""11110111"":12,""01011011"":20,""00011011"":12,""11100001"":12,""01010010"":10,""00010010"":10,""11111000"":18,""10000100"":47,""10010011"":8,""10011100"":12,""01110101"":6,""01011010"":25,""11110011"":6,""10000001"":20,""01001011"":16,""01011001"":65,""00001100"":18,""00110110"":2,""11110010"":6,""00100010"":1,""00111001"":6,""00010110"":7,""01110011"":1,""01010100"":35,""01000100"":36,""00110101"":8,""10011010"":19,""11011010"":19,""10011011"":15,""00011101"":15,""01000111"":14,""10110111"":2,""01000101"":31,""00110111"":2,""01001001"":51,""11101011"":7,""10000011"":7,""00001011"":13,""10110100"":2,""00000010"":10,""01010110"":11,""11001000"":124,""00010011"":9,""00011100"":14,""00001101"":11,""00110100"":6,""11001010"":63,""11100101"":19,""00011000"":24,""10111101"":3,""10001000"":56,""11000000"":44,""00000101"":29,""10000110"":10,""11000110"":37,""10000000"":20,""10001011"":13,""10101010"":2,""10001101"":14,""11000111"":29,""00001001"":33,""01000000"":24,""10101011"":5,""00101011"":3,""00101010"":6,""01001010"":16,""11000100"":119,""10001001"":38,""01101001"":6,""01001000"":48,""01001101"":19,""00001010"":17,""11100110"":12,""10000101"":37,""00101111"":1,""11001011"":22,""11101010"":9,""10001010"":24,""11000010"":27,""00000001"":13,""00000000"":15,""10101001"":3,""10000111"":9,""10000010"":17,""11001110"":14,""11101001"":16,""01001100"":22,""01100010"":2,""01000010"":11,""00110000"":3,""01110100"":2,""11010011"":16,""01111101"":1,""00101000"":6,""01110001"":2,""00010000"":13,""10010110"":9,""11001100"":44,""11101000"":18,""01110110"":5,""00000100"":32,""01101000"":3,""10001111"":3,""11100000"":15,""01001110"":9,""11100111"":7,""10001100"":14,""11101100"":6,""00100101"":3,""00111010"":2,""00000111"":5,""00011110"":5,""11100010"":5,""00100000"":5,""01111010"":3,""01100011"":1,""00110011"":2,""11100100"":26,""01100100"":3,""00000110"":8,""00100100"":4,""11111110"":1,""00101101"":1,""00001110"":3,""11101110"":4,""01100101"":2,""01000001"":20,""10101000"":4,""00101001"":5,""11101111"":2,""00000011"":7,""10100000"":4,""10101101"":2,""00001111"":2,""10100101"":5,""10110010"":3,""01001111"":4,""10111111"":1,""00111101"":2,""10111100"":1,""11001111"":7,""11011111"":6,""10100100"":5,""10001110"":7,""00011111"":3,""01111011"":3,""01110111"":2,""10111001"":4,""10011110"":5,""00111000"":3,""01110000"":1,""01111000"":1,""10110101"":5,""10011111"":7,""10100010"":2,""11111111"":2,""01111001"":6,""01011110"":2,""00100111"":2,""00100001"":3,""11100011"":3,""01101100"":1,""01100111"":3,""01100110"":3,""01100001"":1,""10100001"":1,""10100111"":2,""01101101"":1,""01100000"":1,""11101101"":3,""00101100"":1,""00111100"":1}"
74,x,4000,-0.3334999999999999,0.21999999999999997,0.28800000000000003,0.01849999999999996,0.015000000000000013,0.15749999999999997,0.18700000000000006,-0.6225,"{""11010001"":64,""10110101"":32,""10011000"":35,""01001000"":8,""01011001"":19,""01100001"":10,""11010010"":28,""10011101"":28,""00010001"":10,""10110000"":48,""10111110"":28,""10110011"":48,""11010011"":34,""01111010"":3,""01011010"":10,""10011011"":46,""11010101"":10,""10110010"":47,""10011001"":44,""11110001"":23,""01110101"":4,""01011100"":8,""10000000"":31,""00110001"":16,""10111100"":34,""11111110"":5,""11011000"":31,""11011111"":33,""11000000"":26,""10110001"":71,""11110010"":14,""11011100"":19,""11010000"":43,""11111100"":6,""10010001"":65,""10010010"":24,""00110100"":3,""10011111"":34,""00011000"":10,""11011101"":34,""10011100"":17,""01010001"":29,""11111011"":7,""11011001"":42,""11101000"":10,""11101100"":6,""11110100"":4,""01011101"":14,""11011110"":15,""10010011"":40,""10011010"":24,""11110000"":20,""11111111"":9,""01111101"":6,""11000001"":84,""01110010"":4,""11010100"":8,""10101111"":33,""01010011"":12,""11101111"":5,""10100000"":38,""10111000"":22,""10110110"":9,""11100110"":3,""11011011"":25,""01010000"":23,""01011111"":13,""00111110"":3,""10010000"":44,""10111001"":42,""11000010"":15,""01100101"":4,""10001011"":36,""10001100"":21,""11001000"":30,""10101001"":42,""10000011"":52,""11001001"":57,""00101010"":3,""11000101"":23,""00000001"":17,""11100001"":36,""00101100"":5,""10001101"":53,""10111101"":52,""10001110"":8,""00101001"":10,""11101001"":35,""00001001"":13,""00100001"":14,""10101011"":20,""01001101"":16,""11101101"":19,""10000111"":19,""10001111"":47,""01001001"":17,""10001001"":56,""10100001"":99,""11001011"":24,""10101100"":22,""10101101"":59,""01000000"":8,""11100010"":10,""00000101"":4,""00100000"":7,""11001111"":27,""11001101"":45,""00100111"":2,""10000001"":75,""10000101"":29,""11100100"":2,""11000011"":54,""01101001"":7,""10100101"":28,""01101000"":2,""00001000"":2,""11100011"":27,""11101011"":12,""10100011"":62,""00000000"":7,""10001000"":30,""10000110"":7,""11110011"":10,""00010111"":2,""10111111"":44,""10110111"":21,""10110100"":14,""10010101"":11,""10011110"":19,""00011001"":8,""00010011"":15,""01011011"":10,""00110101"":4,""01011000"":11,""11011010"":15,""10111011"":22,""00110111"":2,""10111010"":12,""00010000"":8,""00010101"":4,""11010111"":10,""11001100"":15,""11111101"":19,""11110101"":8,""01010010"":10,""10100010"":30,""10010100"":14,""00111010"":3,""11010110"":4,""11111000"":3,""10000010"":21,""11110110"":5,""00110011"":8,""01010111"":1,""10010110"":9,""11111001"":12,""00011111"":5,""00111001"":8,""00011101"":9,""11001010"":10,""10001010"":11,""00101101"":10,""00100011"":9,""10101000"":24,""10100110"":5,""00111101"":7,""10100111"":19,""11101110"":4,""11100111"":8,""11100101"":10,""00001101"":8,""00101011"":6,""11100000"":9,""01000101"":7,""00001111"":6,""01000011"":12,""01101011"":3,""01000001"":13,""10010111"":14,""00011110"":1,""00011100"":5,""01000110"":4,""01010101"":6,""01110001"":9,""00001100"":4,""00010110"":2,""01011110"":7,""01111100"":3,""01111001"":3,""01001111"":11,""00001110"":4,""00011011"":6,""01111000"":2,""01110110"":1,""01111111"":5,""01111011"":4,""01100100"":1,""11000111"":12,""00001011"":8,""00001010"":3,""00000011"":8,""01000111"":6,""01001010"":3,""01001110"":7,""00111000"":3,""00110010"":6,""00010010"":4,""01000010"":3,""01110000"":6,""01110011"":3,""01101100"":2,""10101110"":13,""01100011"":5,""11000110"":9,""01101101"":9,""00100010"":1,""10100100"":15,""11101010"":7,""01001100"":9,""00000010"":1,""10000100"":7,""11001110"":7,""00100101"":8,""00101000"":6,""01001011"":7,""00100100"":1,""01100000"":3,""10101010"":13,""00101111"":2,""01010100"":3,""00110000"":2,""01110111"":2,""00000100"":3,""00111100"":2,""11111010"":2,""01101010"":1,""01100111"":4,""01101111"":1,""01100010"":1,""01000100"":3,""11110111"":3,""00100110"":2,""01111110"":1,""01100110"":1,""00110110"":1,""00010100"":2,""00000111"":2}"
75,x,4000,0.08250000000000002,0.6475,0.2025,-0.019500000000000073,-0.09600000000000009,0.2965,0.08050000000000002,-0.696,"{""10010101"":77,""10011100"":103,""11011000"":66,""10111000"":47,""10011000"":143,""10010011"":34,""10001000"":51,""10111101"":26,""10011001"":88,""11101001"":55,""10011011"":37,""10101001"":31,""10001001"":31,""11001000"":57,""11001101"":34,""11010101"":22,""10101010"":9,""11011100"":48,""10011101"":62,""01011101"":11,""01001101"":6,""11011101"":27,""11111101"":6,""10101000"":45,""10011010"":17,""00001000"":9,""10000000"":50,""10011111"":21,""11100000"":68,""11000100"":42,""11011111"":15,""10110000"":46,""10101100"":30,""01101001"":14,""01000011"":2,""01001001"":7,""11011001"":49,""01011001"":25,""10111001"":29,""11101100"":44,""10001100"":36,""00011000"":19,""00101101"":5,""00111000"":11,""01011000"":29,""11101000"":60,""11001001"":54,""10000011"":21,""11001100"":51,""10111111"":6,""10010000"":125,""01011011"":10,""11101101"":29,""10101111"":7,""11111000"":13,""01101000"":14,""11111110"":2,""11011010"":5,""00011100"":8,""01101010"":4,""11111010"":3,""11101111"":12,""11101010"":6,""10011110"":8,""10101011"":11,""10010001"":95,""01010001"":20,""00000100"":1,""00111101"":6,""10001101"":26,""11100110"":8,""11011011"":14,""10101110"":6,""10110100"":36,""01101100"":15,""10111011"":5,""10001011"":14,""11001111"":10,""11001010"":7,""01001110"":2,""00001100"":6,""10000001"":37,""11100001"":39,""10111100"":33,""00111100"":6,""01100000"":9,""11111001"":5,""01111000"":7,""00111011"":5,""00101110"":1,""11101110"":5,""01101011"":6,""10110101"":22,""10111110"":3,""10111010"":6,""01101101"":7,""01100001"":8,""00110000"":11,""01011010"":5,""11001110"":6,""01111010"":1,""01011100"":7,""10101101"":27,""00000011"":2,""11001011"":22,""10100000"":38,""01001111"":4,""01001100"":5,""11011110"":6,""00001001"":2,""11111011"":5,""01111001"":4,""10000010"":5,""11100100"":44,""10100001"":24,""11010000"":68,""10010010"":26,""11010010"":9,""10010100"":85,""11000001"":46,""10110001"":32,""11000110"":4,""10100100"":25,""10110011"":15,""10110010"":5,""01010110"":3,""11010110"":4,""11000101"":33,""11000010"":10,""11100010"":8,""01110000"":6,""01010101"":13,""11000000"":61,""10000110"":4,""10010111"":20,""10100110"":4,""10100101"":30,""10100011"":10,""00110001"":8,""01000100"":7,""00000010"":2,""10110111"":5,""11100101"":36,""11010011"":17,""00010110"":2,""00110101"":3,""10000100"":37,""01100101"":7,""01100100"":9,""10000111"":8,""11110100"":6,""01010100"":17,""01110001"":6,""11010001"":57,""11010100"":47,""00010111"":1,""11110001"":9,""01111101"":4,""01000000"":14,""11010111"":8,""11110000"":9,""00100000"":2,""00010100"":6,""01111100"":4,""10110110"":6,""11100011"":16,""10000101"":26,""11110101"":2,""11101011"":16,""10100010"":8,""00110110"":1,""01110111"":1,""01000001"":12,""11110010"":3,""00101111"":1,""10001111"":4,""00101001"":1,""11100111"":3,""01001000"":10,""00101100"":2,""11111111"":2,""00011010"":3,""11111100"":6,""01011111"":1,""01110011"":1,""01110101"":4,""10010110"":14,""01010000"":25,""00010000"":10,""11000111"":5,""00110100"":7,""00010010"":3,""11000011"":14,""10100111"":5,""11110110"":3,""01000101"":8,""00010101"":4,""00100100"":3,""00010001"":3,""01000010"":1,""11110111"":4,""00100001"":3,""00110011"":3,""01010111"":3,""00000101"":2,""00011101"":1,""00101000"":4,""00111001"":11,""00000000"":4,""00101011"":1,""00011001"":11,""00111111"":2,""10001010"":7,""00001010"":1,""00111010"":4,""00011011"":2,""01111111"":1,""00011111"":1,""00111110"":1,""00010011"":2,""01010011"":5,""01001011"":1,""00100101"":3,""01110100"":2,""11110011"":2,""01100011"":3,""00110111"":2,""01010010"":1,""00100010"":1,""00001110"":1,""00000001"":1,""00000111"":1,""01100010"":1,""10001110"":1}"
76,x,4000,-0.542,0.15900000000000003,0.22099999999999997,-0.033500000000000085,-0.00550000000000006,0.3045,-0.5029999999999999,0.5485,"{""01000001"":111,""01010001"":190,""00100100"":3,""01110111"":16,""10011110"":12,""01000101"":28,""01010101"":78,""01010000"":57,""01110110"":5,""10111000"":7,""01001001"":108,""10110101"":10,""01010010"":24,""01100000"":27,""10100110"":10,""10100000"":6,""01010011"":63,""00010011"":10,""01010100"":26,""10100111"":18,""00100011"":13,""01010110"":43,""11010111"":7,""01000100"":7,""01001011"":43,""01011001"":268,""01000011"":58,""01110000"":13,""11010000"":5,""11000001"":10,""01100001"":107,""10100001"":21,""01100110"":26,""01010111"":93,""01100011"":47,""00100000"":4,""00010001"":26,""01100100"":14,""01000111"":73,""01100111"":78,""11101100"":1,""10001111"":15,""01110001"":31,""11110110"":1,""01000110"":26,""10010000"":14,""10101101"":8,""00000000"":2,""10110011"":5,""01011010"":24,""10010001"":30,""11000011"":6,""10110001"":13,""01000000"":25,""00011001"":29,""00010100"":1,""10000111"":17,""01100101"":39,""10011001"":33,""01001111"":58,""01110011"":9,""11100101"":2,""10100101"":9,""01101001"":148,""10011111"":16,""00001001"":18,""10000011"":18,""00110001"":6,""10110111"":7,""11010101"":6,""00000001"":11,""10010110"":7,""10010101"":17,""00010000"":3,""01100010"":12,""10000001"":23,""10001010"":5,""11100001"":16,""00000111"":19,""00000010"":4,""00110111"":2,""11000010"":2,""11000000"":3,""01000010"":10,""10000110"":5,""10010011"":5,""11100110"":4,""01111001"":33,""00000100"":2,""00100001"":18,""11010001"":14,""00100111"":13,""00010101"":9,""00010111"":4,""00110101"":3,""10000101"":6,""11100011"":2,""10100010"":3,""11000101"":2,""10101001"":50,""00100101"":1,""10001011"":9,""10111001"":29,""01011000"":59,""01110010"":4,""00000101"":3,""00110010"":1,""01011011"":85,""00010110"":6,""01011110"":49,""11100111"":6,""11010010"":1,""10100011"":11,""01011111"":103,""11000111"":8,""11010011"":7,""10001110"":8,""00101101"":6,""01110101"":5,""00100110"":3,""10010111"":13,""10001000"":6,""01101111"":67,""01111111"":10,""11011001"":26,""01011101"":64,""00011111"":10,""11001001"":4,""10101111"":17,""10011011"":17,""01011100"":22,""00001000"":2,""11101110"":3,""10111011"":8,""11101000"":4,""10001001"":23,""01001010"":7,""01101100"":13,""01001101"":24,""01101000"":22,""11111001"":13,""00011000"":5,""01101110"":24,""00101111"":9,""01101011"":40,""10101011"":19,""00001010"":3,""10011000"":7,""10001101"":6,""01001000"":27,""01101101"":22,""10011101"":14,""00000011"":4,""11011111"":8,""00101001"":15,""11011100"":3,""11011110"":8,""01111110"":4,""01111011"":16,""11101111"":10,""11101010"":4,""11001011"":4,""00001101"":5,""11011101"":7,""10101000"":8,""10010010"":2,""10110100"":3,""01111010"":6,""00011101"":8,""11000100"":1,""00011011"":10,""01111101"":6,""00001111"":7,""01001110"":20,""00001011"":4,""10111101"":5,""10111010"":4,""10111110"":2,""01001100"":11,""11001111"":3,""11011011"":4,""11001000"":4,""11101001"":6,""10011100"":3,""00111100"":1,""11111011"":2,""11001100"":1,""01101010"":14,""00011100"":2,""10111111"":10,""11111110"":2,""00011110"":6,""00111011"":3,""00111101"":2,""00101000"":4,""00101100"":2,""11011000"":5,""00101110"":4,""11001110"":2,""11101101"":1,""11001101"":3,""10101100"":4,""11000110"":1,""10101110"":2,""00101011"":2,""01111000"":5,""10001100"":6,""11011010"":1,""10011010"":2,""00111001"":3,""00110000"":2,""11100000"":4,""10100100"":3,""10000000"":4,""00100010"":2,""10111100"":1,""10101010"":2,""00111111"":1,""00001110"":2,""11010110"":2,""11010100"":1,""10010100"":3,""10110010"":1,""10000010"":1,""11110111"":2,""10000100"":2,""11110001"":1,""00000110"":1,""11110101"":2,""01110100"":3,""11101011"":2,""00101010"":2,""11111000"":2,""11110100"":2,""11100100"":1,""00111110"":3,""00111000"":2,""11111101"":1,""11111111"":2,""00011010"":1,""11110000"":1,""10110110"":1,""10110000"":1}"
77,x,4000,-0.0475000000000001,-0.004999999999999893,0.0655,-0.08349999999999991,-0.018999999999999906,-0.12250000000000005,0.16300000000000003,-0.13149999999999995,"{""11110000"":6,""11010100"":20,""10010001"":13,""10111111"":18,""10110101"":41,""11010110"":6,""01010100"":19,""11110010"":16,""10011010"":38,""11111100"":9,""01111111"":7,""00111111"":38,""00111011"":33,""01111101"":16,""10111011"":27,""11111101"":17,""10010101"":46,""01111011"":25,""11110111"":17,""10011001"":29,""00110011"":20,""00111010"":44,""11110101"":18,""10111001"":22,""10110010"":17,""11111001"":15,""00110010"":17,""01011001"":13,""01010111"":13,""01111001"":23,""00111000"":33,""00011011"":3,""11100010"":18,""10111100"":7,""00111001"":37,""11011101"":9,""11010101"":20,""01010101"":27,""01100111"":16,""10111101"":14,""10010110"":18,""10010100"":22,""11011011"":19,""10111010"":34,""10010010"":25,""11101001"":11,""01011111"":9,""10010111"":25,""11110001"":3,""00011001"":7,""00110101"":20,""11100101"":30,""10110001"":13,""01110111"":17,""11011001"":27,""11111010"":26,""00111110"":17,""01110101"":26,""11111111"":12,""11010111"":13,""10111000"":27,""00110111"":25,""00111101"":18,""00010101"":17,""11001010"":30,""00101011"":29,""11000111"":11,""01111000"":33,""00011111"":6,""10011011"":31,""10110000"":15,""10011111"":20,""10001010"":45,""10011100"":17,""10011000"":34,""10101101"":17,""01111010"":26,""11111011"":14,""10010011"":21,""01110110"":13,""11011111"":10,""11111110"":9,""11110100"":13,""00010110"":7,""11011100"":9,""01110011"":8,""11011000"":22,""00011010"":21,""01110001"":10,""11001000"":16,""10000011"":17,""00100110"":13,""11110110"":8,""10110100"":32,""00110001"":15,""01010010"":18,""01111100"":9,""00010010"":8,""10010000"":14,""01011010"":20,""10011110"":11,""10110110"":9,""10000000"":19,""01111110"":7,""11011010"":36,""11000110"":10,""10110111"":19,""11011110"":4,""10011101"":14,""01110100"":15,""01011110"":4,""00000110"":9,""00110110"":14,""01001000"":6,""11100111"":19,""10001101"":19,""00100111"":21,""10000111"":28,""10001001"":45,""10101001"":25,""00100010"":17,""10001011"":21,""10101111"":10,""00001010"":20,""10100010"":18,""00001000"":13,""00100001"":9,""01100101"":30,""00001011"":8,""01001001"":7,""01000111"":15,""11000101"":15,""01101100"":5,""10000100"":35,""01000101"":25,""11101010"":29,""01001111"":9,""01001010"":11,""10100111"":25,""11101000"":20,""10001100"":10,""10000110"":9,""00101001"":24,""00100100"":24,""11001101"":13,""10101011"":28,""00101000"":37,""11000011"":10,""10100011"":12,""00001111"":8,""11001100"":4,""00100101"":36,""01101001"":14,""00101010"":34,""11000010"":13,""10100110"":17,""01101011"":17,""10001111"":26,""00000101"":10,""11001011"":24,""11101101"":10,""01001011"":12,""10101110"":2,""11100000"":4,""00101101"":14,""01101110"":3,""01100110"":8,""00001001"":16,""11101111"":20,""01100010"":9,""10100101"":29,""10000101"":38,""10000010"":23,""00010100"":6,""00000001"":2,""00101111"":24,""00111100"":18,""01010011"":10,""01010001"":3,""11100011"":7,""11010011"":14,""01011100"":6,""01011011"":13,""11001001"":27,""00110100"":17,""01011101"":5,""01010000"":7,""11111000"":20,""01110000"":5,""01101101"":13,""01101010"":26,""00011110"":5,""10100100"":23,""11101100"":5,""00101100"":11,""00100011"":15,""10101010"":40,""00101110"":17,""11000000"":9,""11100100"":29,""11001110"":6,""00000100"":9,""10101000"":25,""01011000"":8,""01100011"":9,""01001110"":6,""10001000"":25,""00010111"":8,""11101110"":7,""11000100"":11,""01000011"":11,""01110010"":10,""00001100"":5,""01100000"":5,""00110000"":10,""10110011"":15,""00011000"":9,""00011100"":3,""01010110"":5,""11110011"":6,""11010010"":3,""11010001"":2,""00001101"":5,""00010001"":3,""00010000"":5,""01001100"":4,""11100110"":14,""01000100"":12,""00100000"":15,""00000111"":10,""01000110"":7,""10100001"":9,""10101100"":15,""10100000"":11,""10001110"":6,""00000011"":4,""01000001"":3,""11101011"":16,""01100100"":22,""11001111"":17,""00001110"":4,""01101000"":14,""01101111"":13,""01100001"":4,""10000001"":7,""00010011"":3,""11010000"":7,""01000000"":4,""01001101"":4,""11100001"":5,""00000010"":4,""01000010"":6,""00000000"":2,""11000001"":4,""00011101"":1,""10111110"":2}"
78,x,4000,0.3115,0.48,-0.0694999999999999,0.10950000000000004,0.02400000000000002,-0.026000000000000023,0.40249999999999997,-0.4664999999999999,"{""00011010"":7,""10010100"":68,""11111011"":5,""11111101"":5,""00011100"":16,""10110100"":129,""10010110"":16,""01011100"":6,""00011001"":13,""11110111"":5,""10111000"":92,""01110100"":14,""01011000"":30,""11010100"":44,""01000100"":25,""11110110"":9,""10011101"":12,""00010111"":13,""11011010"":14,""10110001"":29,""01011011"":8,""01010100"":38,""10110010"":21,""10011011"":16,""01011001"":20,""10110111"":37,""11110100"":27,""11110000"":4,""01110101"":9,""11011100"":8,""01100000"":3,""10011000"":68,""11010000"":19,""00100000"":11,""10100000"":59,""00011000"":32,""10111110"":15,""11011101"":8,""01010010"":8,""00110110"":6,""10111001"":79,""00010100"":54,""01011110"":2,""10010010"":6,""10110110"":47,""00010101"":34,""00010000"":12,""00010110"":9,""11111000"":21,""11000110"":8,""00110111"":3,""11000000"":19,""10111011"":26,""11010101"":29,""10011010"":23,""11111001"":19,""11001111"":1,""00110100"":18,""10000000"":17,""01011010"":8,""11011000"":29,""10110101"":74,""11110010"":7,""11011001"":17,""10111010"":35,""10110000"":42,""11100100"":31,""01010000"":8,""10010000"":14,""00111000"":16,""11101011"":6,""11010110"":14,""00001000"":35,""10000110"":29,""11011011"":10,""00001001"":14,""10101001"":62,""11000010"":8,""10100100"":189,""01010110"":15,""10001010"":17,""11100101"":20,""11101000"":21,""10101100"":62,""10101000"":120,""00000111"":20,""00000110"":16,""00100100"":18,""10100001"":22,""01101000"":8,""10000100"":80,""11000100"":58,""01001010"":12,""10001110"":2,""01000110"":9,""01001100"":11,""00000100"":44,""11000111"":9,""11001011"":7,""11010001"":7,""11001100"":16,""10100011"":12,""01000000"":18,""10000010"":8,""11001001"":19,""10101011"":30,""10001000"":68,""11001000"":35,""10100101"":63,""11111100"":11,""10100110"":56,""10101010"":36,""01001000"":25,""00000101"":18,""11100110"":8,""10101101"":24,""11000101"":23,""10100010"":21,""01001001"":7,""01001101"":7,""11100000"":13,""00000011"":3,""01001110"":4,""01110001"":2,""00010001"":8,""11111110"":3,""10111100"":43,""00111011"":5,""00101000"":17,""00111110"":4,""10010001"":7,""01111000"":11,""00110101"":7,""10011001"":33,""01110010"":3,""01010111"":11,""00011011"":6,""11110101"":11,""11001010"":15,""01000111"":3,""11111010"":5,""01111010"":2,""10010111"":9,""01010001"":8,""01010101"":16,""01100101"":3,""01111001"":8,""10010101"":32,""10101110"":10,""10011100"":22,""10001100"":21,""00010010"":6,""00110000"":5,""01111100"":4,""11110001"":2,""01101010"":3,""10000101"":36,""10100111"":30,""01100100"":12,""00001011"":14,""00000000"":18,""01001011"":5,""01000101"":17,""00100110"":9,""10000001"":7,""01000001"":9,""11101100"":10,""11010010"":6,""11101010"":7,""00101010"":2,""11001101"":6,""01101110"":1,""10001111"":5,""00001101"":6,""00001010"":7,""01101100"":3,""00101100"":5,""10000111"":10,""11101110"":2,""00000010"":6,""10001011"":15,""10001101"":4,""11000001"":8,""00001100"":13,""11101001"":10,""10011110"":10,""11010111"":8,""00011101"":10,""10011111"":5,""10111111"":11,""01110110"":3,""10010011"":3,""10111101"":12,""01100110"":4,""10110011"":7,""11100001"":4,""11100111"":5,""10000011"":6,""01100001"":2,""10101111"":5,""10001001"":23,""01101001"":2,""00101001"":4,""00000001"":8,""00111001"":4,""00110001"":1,""00001111"":4,""01100010"":2,""00100001"":1,""01101011"":1,""01001111"":2,""00100101"":4,""11000011"":5,""11110011"":1,""01111101"":1,""01010011"":2,""00001110"":2,""01011101"":3,""00010011"":1,""00111101"":1,""00111100"":3,""11101101"":5,""11111111"":2,""00111010"":2,""11100010"":2,""01000010"":4,""11010011"":3,""00011110"":3,""01110111"":3,""01110000"":5,""00100111"":2,""11001110"":2,""00101101"":3,""00101011"":2,""00101110"":3,""00100011"":2,""00110011"":1,""11011111"":2,""01011111"":2,""11011110"":1,""00011111"":2,""01000011"":1,""11100011"":1,""01111111"":1,""11101111"":1}"
79,x,4000,0.15700000000000003,-0.004999999999999893,0.02400000000000002,0.04500000000000004,0.04600000000000004,0.5235000000000001,0.12949999999999995,-0.20100000000000007,"{""10000110"":91,""01000110"":36,""11001000"":49,""10000100"":61,""01001110"":11,""10001010"":72,""10001111"":29,""01100100"":9,""00101001"":15,""10100110"":29,""00101000"":24,""00000000"":14,""11100001"":2,""00100000"":9,""00101100"":5,""11000100"":49,""00001010"":15,""00001000"":23,""10000111"":42,""01001000"":47,""00000011"":19,""00000101"":16,""01000000"":22,""01101010"":6,""11001001"":28,""01000010"":14,""11101000"":10,""00101011"":11,""10000011"":28,""01000011"":25,""11100110"":7,""00100101"":14,""11001010"":41,""11001110"":11,""01000001"":9,""10001100"":21,""10110110"":17,""01000100"":35,""11000000"":13,""11000110"":55,""00100011"":6,""10000101"":30,""01011010"":34,""00000010"":10,""10101010"":13,""10011000"":68,""00100100"":26,""10101000"":18,""10000010"":25,""00001111"":12,""00000110"":25,""11000001"":16,""01001111"":12,""01100110"":9,""10001001"":43,""00100110"":20,""01011000"":49,""11011010"":29,""10001000"":69,""01000101"":21,""00001100"":5,""11001111"":19,""10101111"":12,""10010100"":50,""10010101"":58,""01011100"":8,""11010000"":18,""01010001"":11,""10011100"":23,""00010011"":8,""10011001"":44,""01111000"":8,""11011011"":23,""10100101"":14,""10010110"":70,""10011011"":29,""01011011"":23,""11110011"":3,""00010100"":20,""10010111"":31,""10110011"":10,""01011111"":8,""01010000"":10,""11100111"":11,""00000001"":6,""00011001"":25,""11010110"":51,""10010001"":20,""00010000"":10,""00010111"":21,""00010110"":29,""11011110"":9,""11000011"":20,""11111001"":6,""00011011"":10,""00011100"":6,""00011000"":22,""10111101"":6,""00111011"":9,""11011001"":32,""10001011"":35,""01011001"":33,""00001110"":7,""10110010"":6,""11010101"":25,""11111101"":3,""00010001"":10,""11011111"":17,""10110001"":10,""11110001"":4,""01110100"":9,""11010100"":30,""10111010"":16,""11010111"":24,""00010010"":6,""10011111"":18,""10111111"":8,""00111001"":17,""10010011"":29,""00110100"":15,""11111010"":7,""10110111"":6,""11011000"":37,""00110111"":12,""01011101"":9,""01111011"":9,""10011010"":61,""10010000"":21,""00011010"":21,""01010100"":26,""00110000"":3,""11111111"":5,""01010110"":34,""01101100"":2,""11011101"":11,""10110100"":13,""00110101"":14,""11111000"":4,""10111001"":11,""00111010"":13,""01111001"":9,""01010101"":32,""00111100"":6,""01110011"":2,""00110001"":6,""10111000"":12,""11011100"":13,""00110010"":1,""01100011"":1,""11010001"":10,""10110000"":6,""01001010"":37,""00110110"":21,""11111011"":4,""01010010"":14,""11110010"":2,""11110100"":10,""01110110"":8,""11010011"":10,""11101010"":9,""11000010"":17,""10101110"":9,""01100000"":5,""00000100"":14,""10000000"":32,""10100100"":18,""10001101"":12,""01001100"":9,""11000111"":19,""01101011"":4,""00001011"":7,""11001101"":3,""10100001"":5,""01001011"":19,""10101011"":13,""11111100"":2,""11001011"":26,""01001001"":26,""11001100"":17,""10100000"":7,""11100101"":9,""01101110"":2,""11101001"":7,""00001001"":16,""11100011"":3,""01100001"":5,""11100100"":9,""10000001"":13,""01101000"":9,""00000111"":22,""11101011"":2,""11000101"":12,""11101100"":2,""00100111"":12,""10100111"":9,""10011110"":6,""11110000"":2,""01100101"":7,""01000111"":24,""10001110"":23,""00100001"":6,""10101001"":11,""11110110"":9,""00101101"":3,""10101101"":5,""01010111"":17,""00111111"":8,""10010010"":9,""11010010"":16,""00011110"":5,""10011101"":16,""00110011"":8,""00111000"":15,""10111100"":4,""01111010"":4,""10111110"":5,""01011110"":12,""11110111"":9,""00010101"":13,""01010011"":19,""00011101"":6,""00111101"":2,""11111110"":2,""01111111"":4,""00101010"":11,""00101110"":2,""11100000"":2,""11101111"":4,""10100011"":3,""01100111"":2,""01001101"":3,""11101110"":4,""10101100"":4,""01110001"":3,""11110101"":4,""01110101"":8,""01110010"":2,""10110101"":4,""00111110"":7,""01110111"":3,""01111110"":1,""10111011"":7,""01101111"":2,""01101101"":2,""00001101"":4,""11100010"":1,""00101111"":9,""11101101"":2,""10100010"":2,""00100010"":8,""01100010"":3,""00011111"":2,""01111100"":3,""01101001"":1}"
80,x,4000,0.23199999999999998,0.272,-0.5009999999999999,-0.22249999999999992,0.034499999999999975,0.4445,-0.5465,-0.1479999999999999,"{""00101100"":14,""11001110"":72,""11001100"":148,""01001101"":69,""01000100"":52,""10001011"":10,""01100101"":27,""11000101"":37,""10001000"":4,""11101100"":57,""11000110"":46,""10110011"":1,""10100101"":5,""01100100"":22,""01101000"":2,""01001100"":121,""11001101"":80,""10100001"":1,""01110111"":7,""00001100"":22,""01001011"":10,""01100111"":7,""11110101"":19,""01000110"":30,""01001111"":37,""11001011"":20,""01100000"":7,""11001000"":11,""11010010"":11,""11100110"":17,""11000100"":52,""00001110"":6,""01001000"":14,""01000101"":30,""01000001"":15,""01101100"":38,""10000010"":14,""00101101"":10,""10101100"":20,""10101101"":10,""00001001"":2,""11010001"":18,""10001010"":17,""01010001"":24,""11101101"":22,""11101001"":6,""11001111"":41,""01100001"":2,""00000011"":1,""11100101"":14,""11000010"":17,""11101111"":19,""01000011"":10,""01101110"":12,""10000100"":19,""11001010"":35,""00001101"":8,""01100011"":3,""01101001"":4,""00001011"":9,""11101011"":9,""10111000"":2,""10000110"":15,""10100000"":4,""00101110"":8,""10010101"":15,""11011011"":22,""11110100"":29,""11010000"":35,""01010101"":28,""01010110"":37,""11011101"":89,""11010100"":57,""01011101"":72,""10010000"":12,""11010110"":28,""10110101"":7,""11011010"":29,""11010101"":47,""01111110"":11,""10011010"":7,""11011110"":41,""01011011"":14,""00111100"":11,""10110010"":4,""00111110"":5,""01111101"":26,""11011100"":141,""11011001"":12,""00110100"":9,""01010111"":13,""01011000"":17,""00110101"":10,""00111101"":9,""00110010"":2,""01011110"":41,""11111110"":21,""11111100"":43,""10010110"":14,""01110001"":5,""10010010"":7,""11010111"":23,""01110100"":18,""10010011"":5,""11111101"":26,""01011100"":115,""00011110"":10,""01110110"":11,""00011010"":2,""01111111"":8,""01010100"":38,""10110111"":5,""11111010"":6,""11110110"":9,""10111010"":7,""01010011"":15,""01000010"":23,""01011111"":20,""00011001"":2,""11010011"":15,""01100110"":13,""00011101"":10,""11011111"":27,""10011001"":4,""10011110"":16,""10111100"":18,""00110001"":3,""10011011"":8,""10101111"":6,""00010000"":7,""01111011"":10,""00011100"":22,""10011101"":25,""01111100"":37,""10011111"":10,""01010000"":29,""10010100"":20,""01110101"":14,""00001111"":4,""01010010"":16,""11000000"":32,""01000111"":20,""10001110"":18,""01001110"":47,""00011111"":4,""00010011"":4,""10111110"":7,""01011010"":22,""10011100"":32,""11000111"":20,""11111000"":10,""11011000"":9,""10001101"":30,""00010101"":6,""00010110"":3,""10001100"":46,""01111000"":5,""11110010"":4,""11111011"":8,""00110011"":2,""01111001"":7,""01000000"":23,""10110001"":1,""10001111"":10,""11110111"":10,""11111111"":7,""10010001"":5,""11100100"":27,""00111001"":1,""01110000"":10,""10111101"":17,""10010111"":10,""11100001"":5,""11111001"":2,""01001010"":22,""10100100"":10,""10110100"":8,""01011001"":11,""00111000"":2,""10011000"":2,""10000001"":8,""10111011"":3,""10000000"":12,""01100010"":5,""00100101"":2,""00000000"":7,""11100000"":9,""00001010"":9,""11100010"":5,""11101110"":24,""11101010"":14,""10100111"":3,""10101010"":3,""10111001"":2,""00111010"":2,""00011000"":2,""00010100"":7,""01111010"":8,""10110110"":4,""01110010"":3,""11100111"":8,""00100100"":9,""00000101"":10,""01001001"":5,""10100010"":2,""11000001"":17,""00000100"":9,""10101000"":3,""11101000"":6,""10100110"":5,""10101110"":8,""01101011"":5,""01101101"":17,""00101010"":2,""10101011"":2,""01101010"":8,""00101000"":1,""11000011"":11,""10000011"":6,""11001001"":5,""10000111"":6,""00101111"":3,""10001001"":5,""00100000"":4,""10101001"":2,""00000010"":3,""00101011"":2,""00010010"":1,""00011011"":1,""00111111"":2,""10000101"":9,""11100011"":4,""00100110"":5,""00100010"":1,""00000111"":3,""10111111"":3,""00110110"":3,""11110001"":4,""00001000"":1,""01110011"":1,""11110000"":4,""10110000"":5,""00000110"":3,""01101111"":4,""00010001"":2,""00100001"":1,""10100011"":1,""00111011"":1,""00110000"":1,""00100011"":1,""00100111"":1}"
81,x,4000,0.3015,-0.018999999999999906,-0.050000000000000044,0.017000000000000015,0.030000000000000027,0.0615,0.10150000000000003,-0.16700000000000004,"{""10100110"":43,""01010110"":40,""10101000"":32,""10010100"":44,""10110110"":26,""01100100"":30,""01011100"":55,""10000010"":38,""11110010"":12,""10010000"":27,""00010100"":16,""01000011"":20,""01010010"":52,""10000011"":12,""01010100"":51,""11110111"":4,""01010011"":15,""10011100"":33,""11110100"":20,""01010111"":18,""10010011"":25,""10000111"":12,""11000010"":15,""10010110"":24,""11100000"":9,""10001000"":17,""01000000"":21,""01000010"":38,""10100000"":33,""01111111"":5,""01000100"":46,""10100100"":59,""01000001"":13,""01000110"":25,""00010010"":24,""11000100"":13,""10010010"":57,""10100001"":28,""11010101"":8,""10101010"":71,""11010011"":5,""01100000"":14,""11000011"":8,""01001110"":31,""00011001"":6,""00100100"":6,""11110101"":6,""11100001"":12,""01110010"":12,""00000001"":5,""01000101"":17,""00100000"":10,""01011110"":35,""10100010"":57,""10001111"":12,""11100010"":18,""11010001"":10,""01110000"":7,""10110000"":21,""10000101"":12,""01010001"":23,""10000100"":29,""01100010"":39,""10110100"":43,""01010101"":15,""10000001"":16,""11010111"":6,""10111101"":26,""10110111"":13,""01100110"":18,""01110110"":13,""11010100"":12,""00100110"":7,""00010110"":11,""01100101"":9,""11110110"":8,""10000000"":12,""11110000"":6,""11100101"":7,""01000111"":15,""00010001"":9,""11101101"":13,""00000110"":11,""00000000"":4,""10110010"":37,""10100011"":22,""01010000"":23,""00110100"":11,""00110110"":5,""01100011"":17,""00000010"":13,""01011001"":17,""10011011"":20,""11010010"":23,""01111100"":13,""01101110"":15,""00001101"":7,""10101110"":53,""11000110"":5,""00100010"":11,""11010110"":15,""10110101"":22,""00010000"":5,""11111000"":5,""01110001"":9,""10000110"":20,""00100101"":12,""10110011"":7,""10010001"":17,""10010101"":22,""11100100"":20,""01100111"":10,""10100101"":22,""11000001"":3,""11010000"":10,""10011010"":41,""10110001"":18,""10010111"":18,""00110111"":3,""11111111"":6,""01110100"":18,""00001110"":7,""00000100"":10,""11100011"":3,""10111110"":37,""00000101"":12,""00101110"":11,""01100001"":10,""01110011"":4,""11011110"":16,""01011011"":9,""11110011"":5,""00110010"":5,""00100001"":2,""10101101"":39,""11000111"":3,""00000111"":2,""00110001"":4,""10100111"":21,""11111100"":14,""00100011"":2,""10001110"":27,""01101000"":11,""11100110"":10,""11000101"":5,""11110001"":9,""11011000"":4,""10101100"":59,""00001010"":11,""10001101"":17,""01001000"":14,""10011000"":31,""11011001"":8,""10111011"":20,""01101111"":6,""11011100"":22,""10011110"":26,""11001110"":11,""01111010"":10,""01011010"":38,""01001101"":23,""11001100"":10,""01111000"":9,""01111110"":12,""00101011"":8,""01011000"":19,""10111000"":15,""10101001"":27,""10011101"":28,""01101101"":13,""01111001"":4,""10111100"":31,""10111010"":28,""11111110"":12,""10101011"":42,""11101110"":17,""01101010"":24,""11101100"":7,""11101011"":5,""10001010"":22,""01001010"":45,""10011001"":15,""10001011"":5,""00111001"":5,""11101010"":13,""11101001"":13,""00101010"":10,""00011011"":9,""01111011"":2,""00101101"":4,""01101011"":8,""01101100"":14,""11011010"":23,""01011111"":12,""10111001"":13,""00001000"":5,""01011101"":22,""00001111"":5,""11001011"":2,""11001010"":7,""00111100"":6,""11111011"":2,""10101111"":33,""00111110"":6,""00011100"":15,""10011111"":15,""01111101"":7,""01001100"":33,""00001001"":2,""00101111"":9,""01001111"":11,""00111010"":7,""00011110"":8,""01101001"":14,""00011101"":12,""11011111"":7,""00011000"":8,""00011010"":12,""00101100"":12,""10001001"":16,""10001100"":28,""01001001"":18,""11011011"":7,""11011101"":8,""10111111"":16,""11101111"":5,""00001100"":6,""11111001"":9,""11111010"":10,""11001001"":7,""00111101"":4,""01001011"":16,""00111111"":3,""11111101"":8,""00101000"":4,""00011111"":5,""00101001"":6,""11101000"":3,""00001011"":4,""11001111"":4,""00010011"":7,""11001000"":4,""00000011"":5,""00110101"":4,""11100111"":2,""01110101"":5,""01110111"":3,""00110000"":2,""00010101"":5,""11000000"":3,""00010111"":5,""11001101"":5,""00111000"":1,""00110011"":3,""00111011"":1,""00100111"":1}"
82,x,4000,0.26849999999999996,0.15000000000000002,-0.07299999999999995,0.0040000000000000036,-0.03049999999999997,0.08450000000000002,-0.2905,-0.403,"{""10101001"":13,""00001111"":3,""10001011"":6,""11000101"":29,""11001000"":49,""11000010"":64,""11101100"":42,""10101010"":8,""11100010"":25,""01100110"":13,""11100100"":11,""10101100"":47,""10100010"":50,""11100011"":15,""01001110"":17,""10001000"":18,""11101110"":21,""10001100"":29,""01000010"":25,""10000101"":14,""01000110"":19,""00101110"":7,""10100111"":13,""11000000"":55,""01110010"":17,""01000000"":14,""10101110"":26,""01100100"":11,""11011000"":49,""10110100"":23,""11100101"":23,""10001110"":18,""00001100"":18,""01100010"":16,""11001110"":40,""01001000"":31,""01001100"":33,""11111100"":56,""01011100"":37,""01000011"":19,""11000100"":31,""11001001"":30,""10101000"":20,""11001100"":59,""10100000"":29,""01001010"":12,""00100110"":7,""11110010"":40,""10000010"":21,""01001111"":14,""00111101"":3,""11001101"":29,""00100010"":4,""00001000"":5,""00101100"":16,""01001101"":12,""11001010"":16,""10100100"":17,""11110000"":38,""00100100"":8,""01101110"":9,""00011000"":9,""01000100"":19,""01101101"":11,""11100001"":8,""11101000"":29,""11001111"":16,""00000111"":5,""10111011"":6,""11101011"":6,""11110111"":15,""11010001"":21,""11111010"":7,""11100000"":18,""11011010"":16,""11011100"":58,""10111110"":31,""10011111"":6,""01011001"":16,""10011000"":16,""10110010"":35,""11010110"":30,""01111110"":7,""11010000"":54,""10110000"":28,""11110100"":24,""10011101"":12,""01010000"":24,""01010111"":9,""10111111"":17,""10111001"":19,""11011011"":15,""11010100"":35,""00010000"":10,""00110100"":4,""10011110"":27,""00110110"":4,""01111100"":23,""11111000"":34,""00111110"":3,""01010101"":19,""11011101"":36,""11110101"":32,""11011001"":27,""11111001"":20,""10010101"":15,""11011110"":41,""00111111"":6,""10110101"":29,""10010100"":10,""01011101"":17,""00100011"":13,""01011110"":21,""00110000"":7,""01011000"":37,""10111100"":30,""10110110"":22,""00110001"":2,""01010011"":13,""11110110"":25,""11010101"":39,""11110011"":24,""01011010"":8,""00110111"":4,""10011100"":21,""00011110"":8,""00110010"":9,""01010010"":28,""00010010"":8,""01110110"":15,""00011011"":4,""00011100"":10,""01010110"":19,""11111101"":26,""00010110"":4,""11100111"":17,""11110001"":6,""10001010"":5,""00001101"":4,""00100111"":3,""11000110"":35,""00000000"":5,""00101000"":6,""00000010"":7,""00100101"":4,""10100001"":7,""11101101"":21,""10100101"":26,""01101000"":7,""10000111"":7,""11001011"":13,""10101101"":21,""11000011"":35,""01100101"":12,""00001011"":1,""01001001"":9,""10001101"":11,""00000011"":7,""01001011"":3,""10000000"":17,""00101001"":6,""01100000"":12,""11010011"":28,""10101011"":4,""10100011"":23,""00101011"":3,""00100001"":4,""01111111"":6,""11101001"":18,""10001111"":7,""01101010"":2,""00101101"":6,""00100000"":4,""11011111"":20,""11111110"":25,""10010010"":11,""11010010"":49,""00111100"":8,""11111111"":17,""00110101"":3,""00111010"":1,""01010100"":19,""10111000"":32,""11000001"":12,""10100110"":20,""01101100"":18,""01100011"":10,""00000110"":9,""10000100"":13,""00001110"":6,""01101001"":9,""10000110"":8,""11100110"":17,""10000011"":7,""01110111"":9,""00010101"":5,""01011111"":18,""01111000"":18,""11000111"":12,""10111010"":7,""01110101"":7,""10011011"":3,""10011001"":10,""10111101"":22,""10110011"":21,""01110011"":8,""10010110"":11,""10110111"":17,""00010011"":4,""01110000"":14,""10110001"":13,""10010111"":6,""11111011"":2,""11101010"":6,""00001010"":5,""11101111"":15,""01101111"":5,""01100111"":3,""10010000"":13,""11010111"":9,""00111000"":8,""00111011"":1,""01000001"":9,""01111101"":8,""10010011"":7,""01110001"":1,""00011101"":10,""10010001"":6,""01111001"":7,""01010001"":7,""00111001"":7,""10000001"":5,""01011011"":4,""10101111"":14,""10001001"":11,""01100001"":3,""00010100"":7,""00011001"":3,""01111010"":1,""01111011"":2,""10011010"":10,""01000111"":5,""01101011"":4,""01000101"":17,""00000100"":6,""01110100"":4,""00000101"":4,""00010111"":3,""00011111"":3,""00010001"":2,""00101111"":3,""00001001"":5,""00110011"":2,""00011010"":2}"
83,x,4000,0.0635,-0.10000000000000009,-0.17999999999999994,0.22550000000000003,0.03700000000000003,0.40549999999999997,-0.6865000000000001,0.275,"{""01110101"":13,""11011010"":20,""11011100"":42,""01011000"":23,""01010100"":70,""01010010"":51,""01010000"":32,""01111010"":14,""01011011"":56,""01010110"":65,""11111010"":6,""11110100"":9,""11010000"":24,""10110110"":4,""01010011"":80,""01011010"":41,""01110010"":24,""10010111"":28,""10110111"":8,""11011110"":20,""11010101"":21,""01011100"":72,""11110010"":13,""01011110"":35,""11001100"":36,""10010011"":11,""01110111"":36,""01111101"":24,""10010010"":5,""11111101"":7,""01111100"":28,""11010100"":31,""11011000"":15,""00110110"":5,""10011100"":7,""00010101"":4,""11110110"":16,""10010110"":16,""10110001"":2,""01101100"":35,""10111000"":3,""11010110"":38,""01010111"":111,""01000100"":78,""10011010"":8,""10111110"":3,""01001010"":31,""11010011"":38,""11111011"":10,""01111000"":10,""01011111"":32,""10011011"":8,""10110100"":3,""01110110"":25,""10011110"":5,""01010101"":48,""01111110"":14,""01011101"":37,""11010010"":23,""11111111"":9,""01110100"":15,""11110000"":9,""10010000"":9,""10000001"":9,""01000111"":102,""01001001"":24,""01000110"":78,""11000111"":39,""11000100"":46,""11000110"":30,""11000010"":31,""11101011"":10,""01001101"":39,""11000011"":30,""01101101"":27,""11001011"":24,""01001011"":35,""01101001"":12,""01000000"":55,""01000101"":64,""01001100"":84,""11001010"":17,""01100100"":44,""11101010"":9,""11001101"":23,""01101011"":15,""01100011"":26,""01000011"":63,""01001111"":21,""11100100"":11,""11100111"":20,""01000001"":40,""10000101"":9,""00001100"":8,""10001100"":14,""10000111"":17,""01100110"":39,""01101111"":13,""01100111"":49,""01001110"":21,""11001001"":7,""00000100"":10,""01001000"":30,""11000101"":20,""10100100"":3,""10011111"":5,""00000111"":5,""10001000"":6,""01100000"":38,""00100011"":4,""11100110"":11,""10000011"":12,""01111001"":4,""00101110"":3,""01100101"":16,""00101001"":1,""01000010"":65,""01100001"":15,""00111000"":3,""11000000"":28,""11100010"":16,""01101110"":13,""11001000"":15,""10100000"":3,""01101000"":16,""11101101"":4,""11001111"":18,""10000110"":15,""00010110"":6,""00000000"":5,""11100000"":10,""10000100"":22,""00001011"":2,""00000010"":3,""00101100"":7,""01100010"":18,""10001010"":7,""10101000"":1,""10100101"":2,""01110000"":13,""00111100"":3,""01111111"":13,""00111111"":5,""01010001"":20,""11110011"":10,""00010100"":7,""00110001"":2,""10010101"":7,""00110010"":11,""10111011"":2,""01110001"":8,""01110011"":26,""01011001"":18,""00110011"":6,""11111100"":11,""11010111"":51,""11000001"":6,""01101010"":19,""10001111"":4,""00101000"":4,""10001001"":3,""10000010"":13,""11100001"":5,""10100001"":1,""00000011"":2,""11101111"":6,""00001110"":2,""00100111"":4,""11101001"":7,""00000001"":3,""10100011"":3,""11110111"":13,""00110101"":4,""00011010"":6,""01111011"":26,""10111010"":6,""11011011"":22,""10110101"":1,""00010111"":9,""11111110"":6,""10011101"":6,""00111001"":1,""00101111"":1,""00011101"":2,""00110100"":8,""10001011"":9,""00011100"":3,""11101100"":19,""11100101"":14,""10101111"":3,""10101011"":3,""00100110"":5,""10101100"":8,""00010010"":7,""10001101"":5,""11011001"":3,""11011101"":20,""11010001"":13,""11011111"":15,""10110010"":1,""00011111"":8,""00010011"":5,""00011011"":5,""00111101"":2,""11110101"":5,""00110000"":2,""11100011"":5,""10000000"":11,""00101101"":4,""10111100"":7,""11110001"":2,""10111101"":2,""10010100"":6,""10101110"":2,""10100110"":8,""00100010"":2,""00100001"":1,""00001010"":1,""10100010"":2,""00111011"":4,""10110000"":2,""00011110"":3,""00011000"":1,""00111110"":1,""10011000"":6,""11101000"":3,""11101110"":5,""00100000"":2,""10001110"":4,""00000110"":5,""10100111"":4,""00101010"":2,""10101010"":3,""00001111"":2,""00010001"":1,""00101011"":3,""11001110"":8,""00100100"":8,""00001001"":2,""10111111"":2,""00001101"":2,""00001000"":1,""00100101"":3,""00000101"":1,""00111010"":2,""10101101"":2,""11111001"":8,""00010000"":3,""00110111"":3,""10010001"":2,""10011001"":2,""00011001"":1,""11111000"":1,""10110011"":1}"
84,x,4000,-0.019500000000000073,0.40449999999999997,0.277,0.02949999999999997,-0.04899999999999993,0.132,-0.20100000000000007,0.25649999999999995,"{""11100000"":19,""11110000"":18,""01010001"":60,""01010100"":64,""00010000"":23,""01011100"":42,""11010101"":5,""01111001"":60,""01010000"":93,""10010000"":36,""00010100"":19,""01110001"":33,""10110001"":28,""01011000"":96,""00110101"":4,""01111110"":4,""10100011"":20,""10011000"":42,""10010101"":14,""00111101"":4,""10111001"":45,""00011100"":8,""01011101"":39,""01000001"":56,""01111101"":16,""01110100"":38,""10011001"":21,""11010001"":5,""01111000"":60,""11110011"":8,""01110000"":52,""01010011"":21,""00110000"":9,""10110000"":41,""01110101"":21,""10110101"":23,""10111100"":14,""01011001"":74,""10111101"":18,""01110010"":15,""10111000"":41,""00011001"":15,""01010101"":38,""10010011"":5,""00010101"":10,""00011011"":5,""10100001"":27,""10011101"":8,""01011011"":37,""00111000"":10,""01111010"":17,""11011011"":4,""11011001"":4,""10010001"":24,""00010001"":19,""00101000"":14,""01001100"":31,""00010111"":4,""10111010"":22,""01010111"":12,""01100110"":15,""11110001"":9,""00110100"":7,""00000001"":16,""10001001"":27,""01011111"":15,""10000001"":23,""01001101"":55,""00000010"":9,""00011000"":17,""01001011"":33,""01001000"":62,""10101011"":14,""10001011"":21,""01001111"":20,""00001111"":2,""00100101"":16,""01001010"":24,""01100011"":16,""01100101"":31,""10100110"":6,""01000100"":39,""10001100"":12,""01000011"":42,""01000101"":68,""01100111"":17,""00001101"":9,""10001000"":27,""10100111"":16,""00001001"":9,""01001001"":79,""00100001"":13,""01101010"":12,""10101101"":17,""10100101"":25,""10011100"":23,""01000111"":23,""00010011"":9,""11100100"":5,""11001111"":2,""01101000"":33,""01100000"":31,""01000000"":49,""11100111"":5,""00100100"":8,""10010100"":30,""11100011"":11,""01101011"":22,""01110011"":13,""10100000"":25,""11111110"":3,""10001111"":11,""00000101"":14,""10101100"":16,""00101101"":6,""01001110"":12,""10000011"":31,""00100000"":8,""10011011"":19,""10101001"":30,""00000011"":8,""01101001"":51,""01000010"":18,""01111100"":10,""10000100"":16,""00101011"":9,""11101101"":4,""00101010"":10,""01100100"":18,""11100101"":12,""01100001"":39,""11000011"":5,""11000001"":6,""00001100"":6,""01011110"":25,""11110110"":7,""01111011"":20,""00010010"":8,""00111100"":5,""10011110"":5,""00110001"":3,""00111011"":4,""10110110"":11,""10111110"":4,""01011010"":37,""10111011"":17,""10110111"":8,""11010100"":6,""00100111"":4,""10110100"":26,""10110011"":14,""10010010"":11,""00111010"":7,""11110111"":2,""11110100"":7,""00111111"":1,""01010010"":29,""10000000"":18,""01101110"":4,""00011101"":2,""10010110"":11,""01110111"":11,""10110010"":17,""10011010"":15,""11110010"":3,""11111011"":5,""01010110"":18,""10111111"":4,""11010010"":5,""11011000"":10,""00010110"":6,""01110110"":8,""11010011"":8,""11111000"":14,""11111111"":1,""01111111"":8,""11111001"":8,""00110010"":2,""11111101"":4,""10001010"":8,""00101001"":8,""00110011"":4,""11010111"":5,""11011101"":2,""11101010"":5,""11111010"":4,""11010000"":9,""10000010"":6,""00011010"":6,""11011100"":3,""10010111"":1,""00011111"":5,""01000110"":13,""10011111"":2,""11111100"":9,""10100100"":24,""00100011"":10,""10101000"":25,""11000100"":4,""01101101"":18,""11000000"":8,""11001000"":5,""00101111"":1,""00111001"":9,""10000101"":28,""11001001"":12,""10101010"":8,""11001011"":4,""11011010"":3,""11101110"":1,""10000111"":9,""00001011"":11,""00110110"":4,""11101000"":15,""00011110"":3,""00001000"":9,""00101110"":2,""10001101"":17,""11101001"":14,""01101100"":10,""11100010"":3,""01100010"":9,""00101100"":5,""11101011"":11,""00000000"":10,""10101110"":2,""11010110"":2,""01101111"":6,""00000111"":4,""11101100"":2,""11100110"":2,""11001100"":3,""11100001"":10,""10001110"":3,""00100110"":6,""10100010"":8,""11000111"":4,""00001010"":2,""10000110"":7,""00000110"":4,""11101111"":3,""11001101"":3,""11000101"":1,""11000010"":2,""00110111"":1,""00111110"":2,""11001010"":1,""11011111"":1,""11011110"":2,""11110101"":1,""00001110"":2,""11001110"":1,""00100010"":1}"
85,x,4000,-0.21750000000000003,0.01749999999999996,0.08950000000000002,0.010499999999999954,0.4155,0.472,0.026499999999999968,0.27549999999999997,"{""00001011"":35,""10001010"":70,""01001010"":67,""01011110"":14,""00001010"":34,""11001110"":7,""01011101"":45,""01001101"":77,""10111010"":2,""01011010"":25,""00001100"":7,""10001000"":22,""01101010"":18,""01111100"":10,""00101100"":13,""01011001"":38,""00001000"":22,""11001001"":16,""10101101"":18,""01010101"":47,""00001111"":25,""10011101"":36,""01000010"":90,""00001101"":37,""01101101"":19,""00001001"":34,""10001101"":59,""01011100"":16,""01101001"":8,""01011111"":26,""01001110"":41,""01000001"":85,""01001100"":35,""00101011"":11,""11011100"":3,""11101101"":15,""01001111"":41,""01001001"":95,""10001111"":32,""10001011"":42,""10011110"":8,""11001010"":13,""00100100"":9,""01111000"":6,""00011001"":10,""11011101"":5,""00101101"":22,""11111101"":4,""01011000"":19,""01001011"":55,""10010010"":20,""10001001"":65,""10011000"":11,""00101010"":21,""01111010"":8,""00111101"":21,""10101010"":11,""00001110"":21,""10001100"":26,""10011011"":8,""10101100"":7,""01010001"":35,""10001110"":23,""10101011"":8,""00101110"":11,""11101100"":7,""00011011"":8,""00111000"":8,""00110100"":10,""01000011"":63,""11101001"":7,""10101110"":6,""00111001"":22,""11001011"":9,""11001111"":8,""01001000"":27,""01111101"":12,""00111111"":7,""10010101"":23,""10011001"":26,""10011010"":17,""10010110"":8,""10000101"":47,""00100001"":27,""01011011"":20,""01000110"":39,""10101000"":6,""00111100"":6,""10000010"":58,""11101011"":5,""01101011"":8,""00101111"":12,""00011101"":8,""11000110"":8,""10100001"":14,""10011111"":16,""01101111"":14,""10010001"":25,""11111111"":2,""00000011"":35,""01111001"":14,""01000101"":81,""01111110"":4,""01100010"":14,""11001101"":7,""10100011"":11,""11001000"":7,""01100001"":24,""00000010"":47,""01111011"":5,""10101111"":6,""11011110"":3,""01000000"":29,""10111000"":2,""01101000"":8,""00111011"":9,""11000101"":21,""00110001"":17,""00100000"":7,""10110000"":3,""01010111"":35,""01010100"":13,""01000111"":58,""00100111"":24,""10000000"":34,""00100101"":18,""10110010"":3,""00110010"":15,""11000001"":16,""00000101"":24,""01000100"":33,""01010010"":34,""10000011"":39,""00100110"":16,""01010000"":10,""01100000"":3,""00000110"":13,""00100010"":26,""10000001"":51,""11100101"":19,""00100011"":16,""11110010"":3,""00010011"":3,""10110100"":3,""11110101"":1,""00110111"":16,""10100010"":18,""10010111"":18,""00000100"":13,""10110111"":6,""00110101"":9,""10100101"":7,""10000100"":28,""11100010"":7,""11000010"":14,""01111111"":7,""01010110"":17,""01010011"":23,""10000111"":40,""10110001"":2,""01110101"":7,""10000110"":30,""00111110"":5,""01100111"":12,""00101001"":22,""11001100"":7,""01110011"":6,""11011011"":4,""11111001"":7,""11110000"":1,""11011010"":3,""00101000"":6,""11101010"":5,""10101001"":16,""11011111"":4,""10010011"":17,""11111011"":1,""11101110"":3,""00110000"":8,""00111010"":11,""10100111"":8,""00000001"":35,""11100111"":4,""11010010"":3,""11010110"":5,""11110111"":3,""00010001"":6,""10100110"":3,""11000011"":5,""01100101"":18,""01100100"":5,""10110101"":2,""00110011"":25,""00010010"":6,""01101110"":8,""10111101"":7,""00011110"":1,""11000100"":5,""10011100"":7,""11101000"":1,""11011001"":4,""10100000"":8,""01110000"":2,""10100100"":4,""01100110"":8,""00110110"":9,""01110111"":8,""11010100"":1,""10010000"":10,""01110010"":7,""00010111"":3,""10010100"":9,""00000111"":24,""00010100"":3,""01110100"":3,""11000111"":10,""01110001"":9,""11010101"":8,""11100001"":3,""11100000"":1,""00000000"":6,""11110001"":1,""10110110"":1,""11100011"":7,""11011000"":1,""11111010"":1,""10111011"":4,""00010101"":8,""11110110"":2,""11100110"":6,""11000000"":4,""10111110"":2,""01101100"":2,""00011100"":1,""01110110"":1,""11111110"":2,""00011010"":5,""11101111"":2,""11010000"":2,""00011000"":1,""00011111"":2,""11100100"":3,""11010001"":3,""01100011"":4,""11010011"":2,""10111001"":2,""10111111"":1,""10110011"":1,""11010111"":1}"
86,x,4000,0.27449999999999997,-0.01649999999999996,0.034499999999999975,0.016000000000000014,-0.5449999999999999,-0.4635,-0.647,0.8335,"{""00110010"":15,""01100000"":27,""01110000"":214,""01110011"":114,""11110110"":10,""01000111"":21,""01110100"":176,""01110111"":112,""01111000"":193,""11110000"":15,""01110110"":179,""01101100"":26,""11010100"":1,""01000001"":16,""11110111"":6,""10000000"":2,""00000000"":14,""11101100"":3,""00110000"":25,""11000101"":1,""01000000"":35,""01010110"":33,""01110001"":80,""11110001"":11,""00011111"":4,""01110010"":128,""01111100"":134,""01010001"":15,""01000110"":24,""00000111"":8,""11010111"":2,""01000010"":26,""01100100"":23,""11000010"":5,""01010000"":41,""01010010"":22,""00000001"":5,""10110100"":3,""01010100"":19,""00000101"":3,""01110101"":70,""00100001"":2,""00110011"":16,""11010101"":1,""01000100"":30,""01100111"":17,""01010011"":18,""00010110"":8,""01100010"":16,""10110001"":4,""01000011"":23,""00110001"":8,""11111000"":15,""00010000"":10,""10011001"":1,""01001000"":23,""01100110"":22,""00010011"":8,""01100001"":9,""11110011"":9,""00100010"":4,""11100010"":3,""00010101"":4,""00010001"":6,""01111001"":101,""00110100"":20,""01100011"":13,""00010100"":17,""11100100"":3,""01010101"":12,""01000101"":6,""01100101"":9,""10110101"":2,""01010111"":19,""01001111"":13,""11110010"":13,""00000100"":12,""00010010"":14,""01001100"":29,""00001001"":6,""10000100"":3,""01101000"":20,""00110101"":10,""11000011"":1,""00110110"":22,""10110010"":5,""01101110"":27,""10110000"":1,""00110111"":12,""00100011"":4,""00000010"":4,""10000110"":3,""11110101"":3,""00111000"":31,""11101110"":4,""01111011"":106,""10110110"":4,""11100101"":2,""01011110"":24,""00100111"":4,""01111101"":53,""01011000"":27,""01111110"":171,""10100100"":2,""01111111"":114,""00100110"":4,""01101011"":26,""00000011"":9,""00111110"":32,""01001011"":24,""00111011"":19,""10111011"":4,""01111010"":119,""11111100"":10,""11111110"":8,""00111100"":22,""00111001"":16,""10111000"":9,""01101010"":17,""00001100"":9,""00111010"":16,""00101100"":5,""00001000"":11,""00011010"":14,""01001001"":9,""01011010"":28,""01001110"":27,""00011100"":13,""01011011"":23,""01011100"":33,""11001010"":3,""00011001"":9,""10111010"":4,""00101011"":3,""01001101"":16,""01001010"":30,""00111111"":13,""11011100"":3,""01011101"":12,""10101001"":1,""01011111"":13,""10011010"":2,""00101110"":4,""00011000"":12,""11111101"":8,""00011011"":9,""01101111"":11,""10111111"":3,""00100000"":4,""11010000"":7,""01101001"":11,""11100011"":2,""00000110"":15,""11110100"":13,""10110011"":3,""11111111"":6,""11100110"":3,""01101101"":14,""01011001"":16,""00101111"":4,""11001000"":3,""10001010"":1,""00101001"":4,""11101010"":1,""00011110"":14,""00111101"":6,""00001011"":6,""11001111"":4,""11111010"":8,""10101010"":3,""10111100"":4,""00001010"":4,""00001110"":12,""11001001"":4,""11011111"":1,""11011010"":2,""11001011"":2,""11111001"":5,""00101000"":5,""10001001"":2,""10011110"":3,""11111011"":6,""00001111"":5,""11101000"":1,""11011000"":5,""10111101"":4,""10001110"":1,""10100101"":1,""10100011"":2,""00100100"":4,""10010011"":3,""11100000"":1,""10000101"":1,""11000110"":2,""10100010"":1,""00001101"":5,""11011011"":4,""11010110"":2,""00100101"":1,""10001000"":1,""10000011"":1,""10000010"":3,""10110111"":2,""11000000"":2,""11001100"":1,""11000100"":1,""10010110"":2,""10011100"":2,""11011101"":1,""11001101"":2,""11100001"":1,""10010100"":1,""00010111"":1,""11010011"":1,""10101011"":1,""10011011"":1,""11011110"":1,""11101111"":2,""10111110"":1,""00101101"":2,""10101111"":1,""11101011"":1}"
87,x,4000,0.04500000000000004,0.06599999999999995,0.14700000000000002,-0.008000000000000007,0.28900000000000003,0.719,0.4205,0.28900000000000003,"{""10000111"":25,""00010001"":38,""00011011"":25,""10000011"":18,""00100010"":8,""00001111"":52,""10000001"":43,""00010100"":28,""00010111"":29,""00110011"":7,""10010000"":21,""00100001"":6,""01001000"":29,""11000110"":19,""00000011"":75,""00110001"":13,""00000110"":109,""00000111"":55,""00111011"":7,""00000010"":67,""00000000"":111,""11010101"":16,""11000001"":25,""00011000"":39,""00010110"":34,""00010101"":45,""00000100"":43,""00110111"":5,""10000000"":50,""11110001"":16,""11110100"":9,""11010000"":16,""01100000"":3,""10000110"":34,""11000000"":24,""00001101"":54,""01010110"":7,""01010011"":5,""00001000"":125,""00000001"":127,""10000010"":33,""11000011"":17,""00000101"":54,""10010101"":11,""10010001"":12,""10010011"":16,""00010011"":42,""11000010"":20,""01000110"":26,""10010100"":8,""01101001"":4,""01000100"":11,""11110000"":13,""01000111"":15,""01000001"":29,""10001101"":22,""10001001"":37,""10010010"":13,""00100011"":8,""01000000"":23,""00001001"":115,""11011011"":9,""11001000"":35,""00001110"":105,""10001011"":27,""00011001"":40,""00001010"":75,""00011100"":26,""10101110"":1,""11001001"":20,""00011110"":34,""01011000"":14,""00001011"":86,""11001011"":24,""11111010"":4,""10101000"":3,""11111111"":2,""10011110"":14,""11001100"":15,""11001111"":19,""10001111"":16,""10001110"":38,""10111110"":3,""10101101"":7,""00001100"":58,""00111111"":6,""00101111"":4,""10011011"":11,""01011001"":13,""10011001"":14,""11111001"":18,""00101101"":7,""01001101"":12,""01001110"":22,""00101110"":7,""00011111"":32,""11111000"":13,""11011101"":14,""11000101"":11,""11111110"":8,""11011010"":8,""01011111"":7,""10011000"":21,""00011101"":42,""01101110"":4,""01111010"":2,""11001101"":10,""11111101"":10,""00101000"":14,""01110110"":7,""00110100"":5,""11100101"":4,""01000011"":8,""00010010"":40,""01000101"":9,""00101001"":7,""10001000"":50,""10110111"":3,""10000101"":21,""00110000"":12,""00110101"":4,""11100000"":7,""00100110"":4,""01110101"":4,""11010011"":6,""01010010"":9,""01100010"":4,""00110010"":12,""11000111"":18,""00100101"":4,""01010101"":18,""00110110"":12,""10010111"":9,""01001001"":25,""10010110"":13,""10110011"":4,""01011011"":5,""00010000"":37,""01011110"":9,""00111101"":2,""01001100"":13,""01001011"":20,""01001111"":7,""11101100"":3,""10011101"":15,""00111010"":4,""10000100"":17,""10011111"":10,""10011010"":12,""01011100"":11,""01111111"":1,""00011010"":35,""01011101"":9,""10001100"":25,""01101101"":4,""00111110"":16,""10101001"":3,""10111101"":2,""10001010"":13,""00101010"":10,""01001010"":10,""10011100"":11,""11101011"":2,""11101110"":7,""00111001"":5,""10111001"":2,""01111110"":3,""11001010"":24,""11011001"":14,""11011111"":7,""01111000"":4,""11011000"":14,""11110010"":5,""11110111"":12,""11110011"":14,""11110110"":12,""01000010"":12,""01100011"":1,""11010110"":7,""01010001"":13,""01010111"":5,""11010100"":8,""10100001"":1,""10100101"":2,""11100011"":3,""11100111"":4,""10100010"":4,""11100010"":2,""01010000"":4,""11010111"":7,""10100011"":2,""11010001"":9,""11010010"":6,""01010100"":4,""11001110"":23,""11111011"":8,""01101111"":3,""01101011"":1,""00111000"":9,""11011110"":10,""11011100"":7,""01101010"":5,""00111100"":4,""11100001"":5,""11101000"":2,""11000100"":9,""01100111"":2,""10101100"":1,""11111100"":4,""10101010"":3,""01011010"":6,""01110011"":2,""01110000"":5,""01110001"":1,""10110000"":4,""01101000"":3,""01100110"":3,""10100000"":3,""10110101"":1,""01111100"":1,""10100111"":1,""11101001"":5,""00101011"":2,""10110110"":2,""01111101"":3,""11101101"":1,""01111001"":1,""10101011"":4,""10111111"":3,""10110010"":1,""00100000"":6,""10111000"":3,""01110010"":2,""01100001"":2,""11110101"":3,""10110001"":3,""00101100"":1,""01110100"":1,""10101111"":1,""10111010"":1,""11101010"":1,""00100111"":2,""11100100"":2,""11100110"":1,""01110111"":1,""01111011"":1,""10111100"":2,""10110100"":1}"
88,x,4000,0.09450000000000003,0.16449999999999998,-0.13050000000000006,-0.006999999999999895,-0.008999999999999897,0.236,0.15049999999999997,-0.4515,"{""00011111"":8,""01010100"":21,""11111100"":33,""10011111"":45,""10110000"":19,""11011101"":18,""11111101"":29,""10010000"":68,""10111000"":13,""01011100"":29,""10001101"":55,""10011100"":69,""00011100"":15,""11110011"":22,""10010101"":53,""00010111"":8,""11110101"":23,""10110101"":12,""11111001"":27,""10010001"":56,""11111110"":41,""10011001"":30,""00110111"":4,""10110011"":9,""11110110"":13,""10111101"":28,""10011010"":28,""10010100"":44,""11110010"":20,""11010000"":17,""01011110"":23,""10010011"":58,""10111100"":33,""10011101"":55,""11101111"":27,""01011111"":25,""11100100"":23,""10011110"":48,""11110000"":39,""11010101"":8,""01011000"":21,""01010011"":15,""00111100"":9,""10001100"":60,""11010001"":9,""11100001"":27,""11111000"":24,""10111110"":32,""10110001"":13,""01111100"":2,""01000010"":23,""10110100"":11,""11010111"":4,""10000001"":45,""10111001"":8,""00010101"":3,""10101101"":44,""00110101"":3,""01010000"":18,""10010111"":41,""11111010"":16,""11110001"":30,""10011000"":46,""00010001"":7,""10000101"":51,""11111111"":22,""00110011"":3,""11110111"":12,""00111111"":9,""00000011"":8,""01000000"":35,""01011101"":36,""11010011"":8,""10111010"":4,""11010100"":3,""00110010"":4,""01010010"":14,""01000100"":20,""10010010"":53,""01111101"":6,""00110110"":7,""00011110"":11,""01011010"":12,""10111111"":15,""11010010"":13,""01010110"":11,""10010110"":41,""01111001"":3,""01011011"":6,""11011100"":12,""11011110"":10,""10000000"":92,""01110100"":5,""01110011"":7,""11110100"":18,""10110110"":14,""10000011"":43,""11100101"":29,""10100001"":11,""00011001"":3,""11101101"":36,""01001111"":21,""10000010"":50,""00000100"":7,""01100000"":7,""01001100"":21,""10000111"":24,""10001110"":62,""10001001"":16,""10001011"":18,""01100101"":3,""00000001"":10,""11001010"":5,""10001111"":39,""11100011"":21,""10100100"":7,""00101000"":3,""11100111"":21,""01000001"":25,""00101111"":12,""00001101"":17,""11100000"":32,""01001011"":3,""01101101"":7,""11101001"":16,""10101010"":7,""01001101"":28,""11101000"":21,""11101100"":45,""01001001"":5,""10001010"":22,""01101110"":10,""11000110"":5,""00101100"":12,""10101100"":34,""00000101"":7,""00001000"":9,""01000110"":20,""00101110"":7,""10100000"":14,""01001110"":24,""10001000"":35,""00001100"":17,""01100001"":4,""01000101"":17,""01001000"":11,""00001111"":9,""00000111"":8,""11001000"":6,""01101100"":6,""11111011"":6,""00111000"":7,""00010000"":9,""10011011"":12,""01010101"":21,""00111001"":4,""01010001"":15,""00110000"":7,""01011001"":8,""01110111"":5,""00010011"":4,""10110010"":19,""10100011"":5,""00111010"":2,""11101110"":35,""01001010"":4,""10000110"":25,""00011101"":9,""00110001"":2,""01010111"":8,""11000000"":17,""00101101"":17,""11001111"":7,""01000111"":6,""11000111"":3,""10100010"":14,""00101011"":4,""01101011"":2,""10000100"":36,""10101110"":23,""11011111"":3,""10100111"":9,""11100010"":18,""11001100"":15,""10100101"":8,""11010110"":5,""00111101"":10,""01101001"":2,""01111000"":5,""00010100"":8,""01100100"":7,""00000110"":6,""11011001"":7,""00011010"":4,""00000000"":8,""00100101"":1,""11011011"":3,""00010110"":9,""01110000"":4,""00010010"":2,""01110010"":5,""00110100"":5,""11011000"":8,""11000010"":12,""01101000"":9,""11001110"":6,""11101010"":7,""11100110"":15,""11000100"":7,""00001010"":4,""00000010"":10,""11001011"":5,""10101111"":28,""10101000"":15,""01000011"":16,""01101111"":3,""01100011"":3,""00001110"":6,""00101010"":4,""00100010"":8,""00100100"":3,""01110101"":5,""11000011"":9,""00100000"":6,""01111010"":2,""01110110"":2,""00011000"":4,""00111110"":6,""00001011"":2,""10101001"":3,""11000001"":10,""10100110"":7,""11101011"":6,""00101001"":4,""11011010"":2,""11001101"":9,""01100111"":2,""00100110"":3,""10101011"":5,""01100010"":4,""11000101"":8,""01110001"":2,""10110111"":6,""00100001"":1,""11001001"":1,""00100011"":2,""00100111"":3,""01101010"":1,""00001001"":3,""01111111"":1,""10111011"":4,""01111110"":2,""01111011"":1,""01100110"":1}"
89,x,4000,-0.254,0.24350000000000005,0.07750000000000001,-0.2649999999999999,0.014000000000000012,0.7355,-0.7135,0.2895,"{""01000001"":106,""11001001"":59,""01000101"":35,""01001111"":79,""01001000"":80,""11001000"":40,""11010011"":34,""01011000"":62,""01011001"":114,""11001101"":64,""01001101"":142,""01001001"":102,""10000001"":9,""01001011"":55,""11001010"":17,""01001100"":123,""11001110"":22,""01101101"":8,""01000011"":81,""00001010"":4,""11000000"":37,""01010001"":105,""11010010"":15,""11000101"":12,""01101001"":10,""11000001"":40,""01011101"":157,""10001111"":9,""11000011"":43,""00000000"":7,""01000100"":29,""01001110"":60,""00001001"":12,""00000001"":5,""01000110"":13,""10001100"":19,""11101001"":14,""01101111"":9,""01000000"":71,""11000010"":18,""00101101"":12,""11101101"":9,""10001101"":12,""01111101"":12,""01010101"":46,""01010010"":34,""01010111"":34,""11011001"":63,""01010011"":81,""10111101"":5,""01011111"":119,""10111100"":4,""01111000"":4,""11011011"":34,""01111100"":5,""11011101"":57,""11011100"":40,""10011000"":7,""01011110"":40,""01010000"":56,""11010000"":25,""01011100"":90,""10010101"":4,""10010111"":2,""01010100"":23,""11100001"":6,""10011100"":9,""11010100"":12,""01011011"":74,""11010001"":55,""10011011"":9,""01110100"":1,""00011101"":12,""01011010"":27,""01111001"":13,""11011000"":23,""01100111"":6,""10010001"":7,""10000111"":5,""11110001"":9,""01111110"":5,""11010111"":14,""10011111"":12,""10010000"":15,""10011001"":12,""00001110"":2,""10000100"":2,""00001101"":8,""11101100"":6,""01100101"":2,""00110100"":2,""10001001"":15,""00001011"":4,""01001010"":27,""00011111"":8,""00110001"":9,""11000100"":17,""11000111"":9,""10010110"":5,""00101001"":7,""01101011"":3,""00000011"":6,""00100100"":4,""00101011"":2,""00100001"":3,""11001111"":29,""00001000"":8,""11001100"":38,""10000000"":8,""01000010"":53,""10001010"":5,""01100001"":8,""00100010"":3,""10101100"":4,""11001011"":25,""01101110"":5,""01100010"":2,""11100010"":3,""00100000"":9,""00110000"":4,""10101101"":6,""01100000"":6,""00101010"":3,""10001000"":9,""11110100"":3,""11111101"":9,""11011111"":52,""00011001"":3,""11111100"":4,""00111000"":2,""00111001"":2,""00111101"":9,""01110000"":4,""10011101"":8,""11010101"":14,""11111000"":8,""00111011"":6,""11111111"":10,""00011010"":1,""10110001"":4,""10100001"":5,""01010110"":11,""01110011"":8,""00011110"":2,""01111111"":10,""01110001"":7,""10111001"":4,""00111100"":6,""10011010"":5,""11011110"":17,""11010110"":9,""01111011"":5,""11101011"":9,""00111010"":1,""10010011"":7,""10001011"":14,""11111011"":10,""10111010"":1,""11110101"":6,""00011100"":5,""10011110"":10,""00011011"":3,""00101100"":7,""11111110"":5,""01000111"":18,""11101111"":7,""00000110"":2,""11100101"":3,""00000111"":1,""10000011"":10,""01101100"":11,""10000010"":4,""00100110"":1,""00101111"":3,""11101000"":4,""11101010"":4,""10101011"":1,""00100011"":3,""11100111"":3,""01101000"":10,""01100011"":7,""10100111"":4,""00001100"":9,""00110101"":3,""01110010"":1,""10001110"":5,""00110110"":2,""10010010"":5,""00010000"":4,""11011010"":9,""10110100"":1,""01111010"":5,""10111000"":2,""00101110"":3,""10101000"":4,""11000110"":3,""00000100"":2,""00101000"":3,""10000110"":1,""11111010"":1,""00110011"":6,""11111001"":5,""00110010"":1,""10111111"":3,""11110011"":4,""00010011"":5,""10000101"":3,""10101010"":2,""11101110"":2,""10100010"":3,""11100110"":1,""10100000"":2,""01101010"":3,""00100111"":1,""10101001"":2,""00001111"":5,""00100101"":2,""11100000"":2,""00000010"":1,""10101111"":4,""10010100"":2,""11110010"":1,""11110000"":5,""10111011"":1,""00110111"":2,""11110111"":3,""10100101"":1,""00000101"":3,""00010001"":5,""10110011"":1,""11110110"":1,""00111110"":1,""00010101"":1,""01110111"":2,""00111111"":6,""01110101"":1,""11100011"":2,""10110010"":1,""10101110"":1,""10111110"":1,""01100110"":1,""01100100"":1,""00011000"":1}"
90,x,4000,-0.1339999999999999,0.05249999999999999,0.21199999999999997,-0.0009999999999998899,-0.11549999999999994,-0.07850000000000001,0.013499999999999956,-0.4484999999999999,"{""00010001"":17,""01001001"":12,""10011110"":17,""10011011"":86,""11111000"":31,""11101000"":39,""10111001"":41,""10011000"":59,""10011111"":41,""01101111"":4,""01001000"":11,""01011001"":14,""11001000"":37,""10010000"":55,""11111101"":11,""11011011"":20,""01111011"":35,""10101011"":22,""11101010"":11,""11011010"":6,""11111111"":20,""00011100"":11,""10011010"":10,""01011000"":9,""00101111"":5,""10101000"":17,""10011001"":35,""10111011"":63,""10000100"":11,""10010100"":34,""10001001"":17,""11111100"":15,""10101110"":4,""01001011"":13,""00011000"":12,""00001101"":5,""00101011"":17,""01111001"":17,""10100000"":19,""11001011"":57,""00011011"":18,""10111000"":63,""01100100"":8,""10111101"":19,""01011011"":16,""10001111"":15,""00011001"":11,""00111111"":7,""01101000"":12,""11111001"":32,""00001011"":20,""01111010"":13,""11011001"":9,""01100101"":8,""11100000"":47,""00011111"":11,""10111100"":31,""01101011"":18,""00011010"":5,""10011101"":25,""10011100"":37,""01101100"":18,""01001100"":13,""10111010"":20,""11101001"":23,""00101000"":6,""10001100"":13,""11011000"":17,""10110100"":41,""01101101"":11,""10010101"":32,""11000111"":23,""11101011"":36,""11000011"":54,""10010111"":37,""11000101"":14,""11100101"":20,""10100100"":15,""10100111"":25,""11110011"":39,""01010000"":11,""11100011"":38,""00000000"":18,""11010010"":5,""10110000"":49,""10110011"":67,""10101001"":22,""11100111"":44,""00000101"":10,""11110100"":13,""11000000"":30,""11110000"":41,""00010100"":11,""10010011"":55,""11110010"":13,""00010011"":22,""00000100"":6,""00100100"":13,""01100011"":21,""00001100"":8,""11010011"":9,""10100101"":11,""11010000"":13,""01100000"":14,""10110010"":21,""00010000"":13,""11000010"":25,""11100001"":22,""01010001"":5,""11000001"":31,""11000110"":12,""00000011"":11,""10010010"":19,""01000100"":13,""00010111"":13,""10110001"":31,""11010111"":13,""11110001"":18,""01110100"":11,""11100100"":38,""01110011"":32,""01010111"":8,""10100011"":24,""10110101"":28,""10100010"":8,""00110101"":5,""11000100"":21,""01111100"":14,""01000101"":3,""11101111"":28,""10101100"":16,""11001111"":19,""11001001"":20,""11001010"":11,""10001110"":7,""11101110"":16,""10111110"":12,""11111010"":14,""10001000"":13,""11101100"":35,""00101100"":7,""00001000"":10,""01011010"":9,""11111011"":41,""11101101"":15,""10001011"":17,""11110111"":16,""10111111"":36,""01111111"":15,""01011110"":3,""11111110"":7,""10001010"":5,""11010100"":14,""01111110"":6,""01011111"":6,""00111000"":5,""01011101"":5,""00011110"":5,""01111000"":18,""10101111"":16,""11100010"":18,""01000111"":12,""01000001"":9,""01010010"":3,""01110101"":8,""11110101"":11,""10110111"":33,""00000111"":8,""11010110"":5,""01110010"":11,""10010110"":14,""11010001"":9,""01000010"":5,""00100001"":6,""10000000"":23,""10010001"":35,""01110110"":6,""10000001"":3,""10000110"":5,""00110011"":4,""01010100"":3,""01100001"":9,""01101001"":10,""00101101"":8,""11011101"":6,""10101101"":9,""10001101"":6,""11011100"":10,""00101110"":1,""00011101"":6,""01000110"":2,""10110110"":26,""00001001"":11,""10000010"":3,""00111101"":1,""11001101"":16,""11011111"":10,""11001110"":9,""01101010"":5,""01111101"":11,""11001100"":23,""01001110"":3,""01001101"":3,""00001110"":2,""01001111"":2,""00111100"":4,""00010010"":3,""00101001"":5,""01110000"":24,""01110111"":18,""01100111"":15,""00000001"":9,""01000011"":11,""00100111"":8,""00100000"":14,""00010101"":6,""01000000"":10,""10100001"":12,""01100110"":7,""00000010"":3,""10000111"":9,""10000011"":13,""00001111"":5,""01011100"":3,""01110001"":16,""10000101"":8,""10100110"":3,""11011110"":5,""00001010"":3,""00111011"":5,""00100011"":9,""00110110"":2,""01010011"":3,""11110110"":7,""11010101"":8,""01100010"":5,""00000110"":5,""00110001"":3,""00100110"":2,""11100110"":7,""00010110"":3,""10101010"":7,""01101110"":4,""00110010"":3,""00110111"":2,""00101010"":2,""00100101"":3,""00111001"":2,""01001010"":1,""00110100"":2,""00110000"":5,""01010110"":1}"
91,x,4000,-0.33499999999999996,0.34650000000000003,0.23250000000000004,-0.020499999999999963,0.020000000000000018,0.28600000000000003,-0.45399999999999996,0.4265,"{""01001001"":146,""01001101"":62,""01100101"":17,""10001011"":8,""01000111"":42,""00000001"":19,""01111101"":27,""00000101"":19,""11101001"":42,""10001001"":30,""01101001"":36,""11100001"":31,""01000010"":19,""01100001"":31,""01000101"":102,""00100110"":5,""11000001"":8,""01000000"":65,""00001001"":11,""01001111"":29,""01100010"":7,""01000100"":60,""01001000"":69,""11101100"":13,""00100111"":5,""11000100"":5,""00100101"":13,""10100110"":6,""01000001"":95,""10101010"":2,""01011101"":72,""01100011"":17,""01010110"":28,""00101100"":7,""00100001"":20,""01101010"":11,""10100111"":5,""11101011"":14,""11000000"":9,""01001011"":67,""01000110"":35,""10100001"":24,""00000000"":3,""10100011"":12,""11000010"":1,""01000011"":43,""01101101"":14,""00010100"":6,""01101100"":5,""01101011"":21,""11001100"":9,""01011000"":63,""00000110"":5,""10001111"":7,""01100100"":12,""11100110"":6,""01111000"":13,""11101010"":16,""10001100"":6,""01011001"":156,""01111001"":43,""11111011"":17,""00011001"":21,""01010101"":85,""11011111"":7,""00111001"":17,""11010001"":15,""11010011"":10,""00101011"":15,""10110111"":4,""01010111"":42,""01010001"":127,""01110111"":10,""00111101"":11,""11010110"":4,""10010000"":11,""01110001"":30,""10111111"":7,""01011010"":42,""01010100"":50,""10011101"":8,""11111111"":9,""01010011"":61,""01011011"":94,""11101111"":8,""11011101"":8,""00111011"":8,""00110111"":5,""00010101"":21,""10010001"":18,""11111001"":30,""01010000"":33,""01111111"":12,""00010011"":9,""11111000"":18,""10011000"":11,""01111010"":6,""11011011"":8,""01011111"":32,""10111010"":5,""10111001"":20,""00110110"":5,""00010111"":6,""10010011"":9,""00110100"":5,""00111100"":9,""01001010"":40,""11100011"":18,""11111101"":14,""11110111"":6,""11100100"":6,""01001110"":13,""10100010"":6,""10101000"":12,""10100000"":9,""00100000"":8,""00101111"":6,""11110000"":7,""11100010"":10,""01101000"":24,""00101001"":29,""10101001"":20,""00101000"":16,""11110100"":5,""11101101"":12,""00100011"":9,""01100000"":12,""11001101"":7,""01011110"":10,""10100101"":16,""11001001"":14,""10001110"":2,""11100000"":22,""10001000"":9,""01101110"":2,""11101000"":21,""10111100"":3,""10101111"":5,""00101101"":11,""10100100"":6,""10101011"":10,""00000011"":10,""10000111"":6,""00000111"":7,""10001101"":8,""11001000"":6,""00000100"":10,""00110001"":15,""10000100"":15,""11000011"":3,""00100100"":10,""10000001"":13,""10000011"":6,""01100111"":11,""11100101"":19,""11001111"":5,""10000110"":4,""01101111"":8,""10011010"":4,""11110110"":7,""00001100"":7,""11100111"":5,""00001000"":3,""10011011"":10,""11000101"":7,""00111000"":8,""11110101"":11,""00011100"":7,""01011100"":29,""01010010"":21,""01110101"":17,""01110011"":11,""01111100"":6,""11111010"":9,""10110000"":9,""10011001"":16,""11011010"":5,""01111011"":13,""11111110"":6,""10111011"":8,""00011110"":2,""00110010"":6,""11110011"":10,""10010010"":4,""00010000"":5,""11010100"":3,""10110010"":7,""11110001"":21,""00111110"":3,""10010101"":17,""10111000"":10,""11111100"":9,""10110110"":3,""10110001"":16,""00111010"":5,""11010000"":5,""10011111"":3,""10111101"":6,""11011000"":5,""10010110"":6,""00110101"":13,""11011001"":8,""00011000"":8,""00110000"":6,""00010001"":16,""00011011"":12,""10110101"":17,""00011010"":4,""00011101"":5,""10011110"":1,""00011111"":3,""00110011"":5,""00010010"":5,""00001101"":7,""10010100"":16,""11010101"":7,""01110000"":6,""10110011"":8,""00001111"":4,""01001100"":37,""10101100"":3,""00100010"":2,""10000101"":10,""10101101"":5,""10000000"":7,""00001010"":4,""10001010"":1,""10000010"":4,""10110100"":5,""01110100"":6,""10011100"":4,""11010111"":4,""00010110"":4,""10111110"":2,""01110010"":2,""00101010"":6,""00001011"":4,""01110110"":8,""11101110"":2,""00000010"":3,""10010111"":6,""11001010"":2,""00001110"":3,""00101110"":3,""11001011"":3,""11001110"":1,""11011110"":1,""11110010"":2,""01111110"":3,""00111111"":2,""01100110"":2}"
92,x,4000,-0.3294999999999999,-0.27449999999999997,0.34299999999999997,0.12350000000000005,-0.02400000000000002,0.3205,0.07299999999999995,-0.20950000000000002,"{""11001010"":29,""00000001"":57,""00001100"":9,""00000100"":7,""11000111"":26,""10000010"":24,""00010010"":39,""00001010"":26,""11000110"":14,""11000001"":49,""00000011"":96,""11100000"":12,""11100011"":47,""11100101"":7,""01001000"":3,""11000010"":41,""01100010"":2,""10001110"":16,""11000101"":11,""00100111"":12,""11101001"":25,""10000011"":45,""00001011"":65,""00000010"":46,""10001001"":19,""00001111"":38,""11001011"":43,""00001110"":19,""11001111"":43,""11001101"":27,""11111100"":7,""00100010"":16,""10101110"":7,""11000011"":91,""10101011"":13,""01100011"":8,""11101101"":15,""00010101"":15,""11101100"":10,""10001111"":31,""10001011"":39,""00000000"":15,""10000111"":13,""11100010"":32,""11100100"":6,""11001110"":18,""10001101"":12,""10101001"":8,""01101110"":5,""10000110"":14,""10000100"":9,""11000100"":12,""00110010"":20,""10000101"":11,""11110111"":12,""00100110"":3,""00011111"":26,""00010000"":33,""00100011"":27,""01000111"":3,""00111010"":14,""00110000"":8,""11011111"":42,""01011111"":11,""10011011"":30,""10010010"":35,""11010110"":21,""00111110"":13,""11010011"":81,""11011011"":49,""11010000"":22,""11011000"":10,""00111011"":17,""11111010"":16,""00011011"":45,""01011110"":4,""11010001"":63,""10010001"":41,""10010110"":15,""11110000"":20,""00010001"":52,""00010011"":71,""11011001"":29,""11011010"":23,""11000000"":12,""11010010"":45,""11011110"":24,""00110011"":48,""11110011"":50,""00001000"":7,""00010100"":16,""00010110"":12,""10111000"":6,""10011010"":17,""10011101"":10,""10011110"":15,""10011111"":15,""01001011"":8,""11111101"":15,""00000101"":17,""00011101"":15,""00011010"":19,""00011000"":10,""11110010"":32,""01010011"":10,""10001010"":17,""11110001"":40,""00011001"":20,""01001010"":4,""11010111"":23,""10010100"":9,""10111011"":28,""00111001"":16,""01010001"":17,""01010111"":4,""10111110"":9,""11010101"":17,""01011001"":7,""10010011"":50,""11011101"":19,""11100001"":37,""11111011"":38,""11110100"":6,""00101011"":28,""10000001"":34,""11101011"":23,""00101100"":7,""10100011"":14,""00000111"":20,""00000110"":12,""00101111"":14,""00001101"":26,""01101011"":8,""00101101"":8,""10110011"":24,""11101010"":17,""00100001"":21,""01001111"":8,""11101110"":17,""11001001"":25,""00001001"":23,""11100111"":18,""01101101"":4,""00101001"":12,""00100000"":6,""10100101"":2,""10110111"":6,""10111010"":8,""00011110"":9,""10010000"":15,""00110101"":6,""00111111"":17,""10111001"":10,""00110111"":12,""10010111"":22,""00110001"":25,""10110010"":11,""11111111"":23,""01010010"":12,""10011001"":14,""11111000"":14,""10110110"":5,""01110001"":14,""01111001"":5,""01000010"":10,""10100010"":6,""10001100"":10,""10001000"":6,""10111100"":6,""10101101"":7,""11101111"":34,""10101111"":11,""01001100"":5,""00010111"":19,""01111111"":5,""11010100"":12,""10110001"":11,""01111110"":7,""00110100"":4,""01011101"":11,""00111101"":6,""01110011"":7,""11011100"":6,""10010101"":12,""01010000"":3,""10110101"":2,""11110110"":6,""01111011"":6,""11111110"":8,""01110110"":4,""01011010"":5,""10111111"":5,""01110101"":3,""11110101"":7,""01111100"":2,""10111101"":3,""10100111"":6,""00100100"":3,""01100001"":5,""01100100"":1,""01000101"":2,""10000000"":10,""01000011"":15,""01000110"":3,""01110000"":7,""01010110"":4,""10110100"":5,""00111100"":3,""11111001"":11,""10110000"":5,""01100111"":3,""01000100"":1,""01110010"":6,""01011000"":3,""00111000"":2,""10011100"":10,""00011100"":7,""00110110"":5,""01001101"":3,""00101010"":9,""01101100"":2,""01000001"":7,""10100001"":6,""00101000"":3,""11001000"":11,""10011000"":9,""10100100"":1,""00101110"":5,""01000000"":4,""00100101"":1,""11101000"":5,""10101010"":3,""01011100"":2,""01100000"":1,""10100000"":2,""01001110"":2,""01101111"":7,""10101100"":1,""01101010"":5,""01111101"":2,""01010101"":3,""10101000"":1,""01011011"":4,""01010100"":1,""11100110"":3,""10100110"":3,""11001100"":4,""01111010"":1}"
93,x,4000,-0.038000000000000034,-0.07450000000000001,-0.10099999999999998,0.0004999999999999449,-0.11149999999999993,0.1945,-0.08250000000000002,-0.7230000000000001,"{""11011001"":22,""10111111"":11,""11001100"":24,""10100101"":34,""10001000"":37,""11111011"":50,""10001111"":33,""11001010"":52,""11011100"":41,""11101000"":6,""11101010"":12,""10101111"":22,""11111111"":50,""10011001"":24,""11110101"":78,""10101011"":20,""11001111"":35,""10011000"":26,""11111101"":50,""00111000"":5,""10011111"":22,""10111101"":21,""11011111"":34,""11011000"":17,""10001101"":38,""10101010"":20,""10101110"":25,""10011110"":35,""10011011"":22,""01001010"":13,""00101001"":5,""01001100"":4,""10001100"":30,""11111000"":29,""11011011"":37,""10010100"":34,""10001011"":37,""00101010"":3,""11111010"":50,""10101101"":20,""10111001"":10,""11001001"":30,""01011010"":5,""10011101"":42,""11001011"":38,""10100100"":24,""11001000"":26,""11101101"":7,""10101000"":8,""01011111"":7,""11110110"":53,""10001010"":70,""00011110"":1,""01111110"":6,""11011101"":40,""11110111"":51,""10010000"":7,""11000001"":33,""10001001"":39,""10000010"":48,""10111110"":11,""11011110"":39,""00001010"":11,""10111000"":5,""11011010"":33,""00101011"":6,""00010111"":2,""10011010"":27,""01111101"":8,""10111100"":13,""11111110"":45,""10001110"":25,""11110001"":32,""11100010"":10,""11000000"":15,""01110101"":4,""10100011"":14,""11010111"":36,""10010011"":20,""01110010"":8,""11010011"":39,""11010101"":60,""11000010"":38,""00010101"":4,""11010000"":16,""10010101"":52,""10100111"":25,""11110100"":43,""10000000"":23,""10000100"":30,""10000110"":25,""01110110"":5,""10000001"":30,""10010110"":44,""11110011"":36,""11111001"":34,""11110010"":36,""10000011"":46,""11100110"":7,""11000101"":26,""11000100"":20,""10111011"":12,""11110000"":28,""11000011"":44,""01000100"":5,""01010101"":6,""11000110"":23,""00100101"":5,""01110100"":9,""10000111"":29,""01000101"":4,""10010001"":9,""10100000"":8,""11010010"":37,""10110000"":13,""11010110"":60,""00110100"":7,""10010010"":29,""01000110"":7,""00000111"":4,""00100111"":7,""00100011"":1,""11010001"":24,""11000111"":24,""00000011"":7,""00000101"":9,""10110110"":17,""01010100"":10,""10110101"":21,""11010100"":44,""01110011"":6,""10100110"":29,""00100001"":3,""01010000"":3,""10000101"":37,""10100001"":18,""00011101"":6,""10010111"":39,""00110101"":2,""01000111"":6,""01100101"":4,""01010010"":1,""10100010"":15,""01011101"":4,""11101001"":12,""00001111"":3,""00111010"":3,""11001110"":20,""00001101"":5,""11101111"":10,""00001000"":7,""11101011"":5,""11101100"":11,""10101001"":9,""11101110"":10,""01001001"":5,""11111100"":31,""00111011"":6,""10011100"":32,""10111010"":11,""00001011"":6,""11001101"":29,""00101100"":6,""00000010"":9,""11100100"":5,""11100001"":3,""10110111"":24,""00010110"":4,""00001110"":6,""11100101"":8,""00100100"":2,""01110000"":5,""00010010"":4,""00100110"":9,""00000001"":5,""01010001"":5,""10110100"":19,""00111100"":4,""00011010"":4,""10101100"":21,""00111111"":4,""01111011"":3,""01101001"":1,""10110010"":8,""01011001"":3,""00101111"":9,""01011000"":4,""01111111"":7,""01111100"":6,""01001011"":10,""11100000"":2,""01111010"":11,""00001001"":9,""01101000"":2,""10110001"":9,""10110011"":13,""00110010"":6,""01100111"":8,""01110111"":3,""01010111"":3,""01000011"":9,""00010001"":3,""01000010"":3,""01001111"":3,""00010100"":6,""01000001"":7,""00110001"":3,""01001101"":6,""01011110"":3,""00001100"":5,""00011111"":3,""00101101"":3,""01101100"":5,""01011100"":4,""00111110"":4,""01111001"":5,""01001110"":5,""00111101"":1,""00110110"":2,""11100111"":9,""01110001"":5,""00110011"":4,""00111001"":6,""00101110"":8,""01101101"":4,""01101110"":1,""01000000"":3,""00010000"":1,""01010110"":3,""00000100"":3,""11100011"":6,""01101111"":1,""00000110"":1,""01111000"":6,""01101011"":3,""00100010"":2,""01100110"":4,""00011000"":1,""00010011"":1,""01001000"":2,""00011001"":1,""01010011"":4,""00100000"":2,""00011100"":2,""00011011"":1,""01011011"":1,""00110111"":2,""01100100"":1,""01100001"":1}"
94,x,4000,-0.29699999999999993,0.38749999999999996,0.026499999999999968,0.26349999999999996,-0.01550000000000007,-0.20399999999999996,0.01100000000000001,-0.589,"{""00100011"":5,""01000101"":26,""00101101"":13,""11100011"":35,""11100101"":83,""11100100"":33,""11100110"":12,""01001001"":9,""11000101"":42,""10100110"":11,""10101101"":35,""11100111"":20,""10001000"":12,""11000100"":37,""10100011"":18,""10100101"":91,""10101000"":47,""01101001"":8,""00100101"":32,""11000001"":60,""01100001"":15,""01010000"":5,""10101001"":61,""11000011"":17,""10100111"":42,""10000011"":16,""10100001"":39,""11100001"":106,""00000100"":6,""11110101"":53,""10100000"":16,""01100101"":20,""11101001"":26,""10101111"":12,""00000101"":13,""10101010"":25,""10000100"":17,""10111101"":23,""10100100"":42,""10101100"":31,""00001000"":5,""10001101"":21,""00100111"":9,""11011001"":36,""11010101"":49,""00001011"":5,""01000111"":7,""00101011"":7,""11101111"":14,""11001001"":34,""11110001"":79,""11101101"":23,""11110000"":53,""11000000"":23,""11100000"":44,""10000001"":35,""10110101"":75,""10110111"":43,""01010011"":7,""11101100"":16,""11001101"":24,""00100001"":12,""10101011"":35,""10000101"":57,""01010100"":14,""10011100"":13,""10110011"":23,""11010000"":33,""11110111"":40,""10011011"":20,""10110100"":56,""10111000"":35,""01110111"":7,""11111001"":23,""11110010"":17,""00011100"":5,""10111011"":22,""11110100"":38,""11010100"":36,""11010001"":39,""10010000"":20,""00010100"":6,""10011000"":15,""10010101"":25,""00111111"":3,""10111110"":13,""01100000"":2,""10111001"":53,""01011000"":9,""10001111"":8,""01011101"":9,""11011000"":22,""01110100"":4,""11010010"":10,""00100110"":6,""11011111"":12,""00111100"":5,""01010110"":6,""11010011"":25,""01101000"":12,""10010110"":11,""10010001"":36,""11110011"":38,""11010110"":17,""00010111"":6,""10110110"":26,""10011010"":13,""01010001"":14,""00110100"":16,""10011101"":14,""10011001"":24,""00010001"":11,""10010100"":22,""10111100"":19,""10010011"":25,""11111100"":15,""10110001"":49,""10111010"":19,""11011010"":6,""01001000"":7,""00000001"":12,""01100110"":2,""00100100"":10,""10001100"":7,""10001110"":2,""00000110"":2,""10000110"":6,""00101001"":17,""00101100"":2,""11100010"":13,""01101011"":6,""10101110"":3,""00100000"":6,""01000000"":5,""11101110"":5,""10000000"":26,""01100100"":11,""01000110"":3,""01001101"":13,""11000111"":18,""11001011"":19,""11001000"":8,""10000111"":21,""00101000"":16,""11011011"":19,""10000010"":6,""00000000"":3,""01111011"":4,""11110110"":21,""01011010"":7,""00111000"":8,""10111111"":19,""00011110"":2,""11111011"":13,""10110010"":13,""00011001"":16,""00011101"":12,""00111010"":9,""10110000"":31,""11111110"":14,""00110001"":20,""10011110"":6,""01010101"":11,""01111001"":5,""11010111"":19,""11111111"":23,""10010111"":22,""01011001"":12,""01110101"":17,""11111010"":9,""01110110"":2,""00010000"":6,""00111001"":11,""10010010"":3,""01111000"":7,""11011101"":15,""01111111"":4,""11111101"":28,""00110101"":19,""00110111"":9,""01101110"":1,""11011100"":6,""01011100"":5,""00110000"":3,""11001010"":2,""10001001"":24,""01000011"":3,""11101000"":14,""10001011"":12,""00100010"":3,""10001010"":8,""00101010"":8,""00001101"":1,""00001001"":9,""01100111"":5,""01101101"":4,""01000100"":7,""00000111"":2,""11101010"":6,""11000010"":8,""00101111"":3,""11101011"":9,""00010101"":11,""00000011"":2,""01001011"":3,""00000010"":1,""00011000"":7,""01011011"":11,""11011110"":3,""01010111"":5,""00110110"":2,""00011011"":6,""01001010"":2,""00001010"":1,""10011111"":8,""00011111"":2,""11001111"":4,""01110011"":4,""01101111"":2,""11001110"":4,""10100010"":4,""01101010"":5,""01000001"":3,""11001100"":5,""00110010"":5,""01010010"":4,""01110000"":3,""01110001"":9,""00111101"":6,""11111000"":9,""01011110"":2,""01000010"":2,""00110011"":5,""00010110"":3,""01100011"":3,""01011111"":3,""11000110"":8,""01001111"":2,""00101110"":2,""00111011"":6,""01101100"":2,""00010011"":2,""01111100"":1,""00001111"":1,""01001100"":2,""01001110"":1,""01111101"":2}"
95,x,4000,0.2935,0.012499999999999956,0.22899999999999998,-0.0685,0.05149999999999999,-0.03849999999999998,0.21599999999999997,-0.6085,"{""00101000"":8,""01100001"":10,""10101010"":60,""11100100"":13,""00101010"":21,""01101111"":3,""11101000"":33,""01100000"":19,""10001100"":84,""00100001"":18,""11100011"":21,""00100010"":30,""10001110"":41,""11100001"":19,""11100110"":15,""10001101"":46,""11001010"":38,""00100100"":13,""10100101"":13,""10100000"":51,""11101010"":69,""10000010"":69,""10101100"":46,""10001000"":23,""11101110"":14,""00101110"":6,""11101100"":55,""10011010"":81,""10000000"":62,""00000101"":3,""01101000"":3,""10100010"":39,""11100010"":29,""10001111"":27,""01001111"":3,""10101110"":9,""10000100"":38,""01101010"":7,""10010000"":56,""11000000"":14,""01100110"":2,""10000011"":33,""11001000"":10,""10101111"":14,""10001011"":37,""10001001"":25,""11110010"":36,""01100010"":21,""00100110"":4,""11000110"":12,""00100000"":17,""10001010"":81,""01101110"":2,""11001110"":8,""10111000"":16,""10100111"":14,""11011010"":39,""10101000"":27,""10000001"":44,""01001100"":9,""11111001"":12,""00111000"":11,""10100001"":18,""11000100"":18,""11101111"":12,""10000101"":22,""00000110"":6,""11001100"":24,""00000010"":7,""01101011"":5,""00101001"":6,""10011100"":59,""00100111"":2,""10000110"":19,""10000111"":10,""01110010"":17,""00010010"":13,""00100011"":13,""01000010"":6,""11001111"":4,""10101101"":27,""11111010"":53,""01001000"":7,""10101001"":22,""00001100"":3,""11000001"":9,""11100000"":38,""01101100"":8,""10100110"":15,""10101011"":30,""01100011"":7,""10010001"":48,""00000100"":5,""11101001"":21,""11010010"":28,""10011101"":30,""11110000"":25,""11011000"":18,""10010100"":37,""10100100"":21,""00110011"":12,""10110000"":35,""10111001"":10,""10110110"":26,""01111001"":5,""10111100"":40,""10110011"":16,""10010010"":67,""11010100"":14,""10011110"":24,""00110010"":10,""01111010"":16,""11110101"":13,""10111011"":23,""00111011"":3,""10111010"":42,""11011101"":11,""00111010"":12,""00111110"":8,""11111100"":47,""11110011"":14,""11111110"":18,""11101101"":24,""10010011"":38,""10111110"":14,""00010011"":9,""01111101"":8,""00110110"":4,""10011001"":23,""11011111"":9,""11110110"":12,""10011000"":29,""10010110"":18,""10110010"":40,""11010101"":4,""00011100"":8,""10011111"":11,""11010111"":6,""01110000"":12,""00110001"":15,""01011011"":6,""01110101"":2,""11010110"":11,""01001110"":1,""11001011"":13,""10011011"":29,""00100101"":5,""01101101"":5,""11100101"":11,""10100011"":20,""11100111"":7,""11111000"":34,""11001001"":14,""01000110"":3,""00001111"":2,""11101011"":24,""00001000"":2,""01111100"":14,""01001011"":6,""01000100"":5,""00101100"":9,""00001010"":8,""11000101"":12,""00101011"":6,""00001011"":3,""11000010"":25,""01000011"":6,""11111011"":29,""11110111"":5,""11111101"":19,""10110111"":12,""10110001"":18,""00111111"":4,""10111111"":15,""01100111"":2,""11010011"":20,""01110001"":6,""00011101"":5,""10111101"":22,""00011000"":4,""01110011"":7,""10110101"":8,""11111111"":10,""10010101"":13,""10110100"":19,""10010111"":12,""01011101"":4,""00111101"":10,""01110100"":10,""11011100"":25,""00110100"":8,""00010001"":4,""01011000"":2,""11110100"":14,""00111001"":7,""01100100"":6,""11001101"":8,""01000001"":6,""11010000"":8,""11000111"":2,""01010100"":4,""11000011"":8,""00000001"":4,""00001101"":2,""01111111"":4,""00110101"":7,""01001101"":4,""01100101"":4,""00111100"":15,""01010001"":3,""11011001"":8,""11011011"":13,""01111011"":10,""01010011"":4,""11011110"":4,""11010001"":4,""01111000"":6,""01011100"":7,""11110001"":12,""01010110"":3,""01001001"":2,""01101001"":2,""01110111"":3,""01010000"":7,""01010010"":6,""00010111"":1,""01000000"":5,""01011010"":6,""00011111"":1,""00011110"":3,""01111110"":4,""01001010"":10,""00000000"":4,""00110000"":11,""00110111"":3,""00011010"":2,""01011001"":1,""00010000"":8,""00011001"":3,""00001110"":1,""01010111"":2,""00101111"":3,""01110110"":6,""01011111"":1,""01010101"":1,""01011110"":3,""00000011"":1,""00000111"":1}"
96,x,4000,0.0685,-0.046499999999999986,0.10099999999999998,-0.1140000000000001,0.0595,0.08650000000000002,-0.4444999999999999,0.5825,"{""01111001"":29,""01111011"":49,""01011010"":32,""01111101"":45,""01010110"":36,""01010000"":64,""01110001"":25,""11101101"":14,""11111001"":7,""11011110"":11,""00100011"":18,""00111010"":31,""00010101"":8,""11011111"":10,""11010101"":9,""01011100"":57,""11010111"":14,""01110011"":11,""11001001"":10,""01010001"":63,""11011101"":13,""00110010"":15,""01011001"":23,""01010010"":70,""11101001"":11,""01010101"":28,""00100101"":16,""00111000"":19,""00111100"":23,""11111010"":14,""00111001"":15,""10011011"":4,""11010001"":20,""00110011"":15,""01111000"":16,""01100110"":31,""01011101"":54,""01011111"":23,""01000101"":25,""11110110"":6,""01001110"":32,""00111011"":38,""00101011"":36,""00001001"":10,""11000001"":20,""00001111"":4,""00010010"":18,""00010011"":21,""00010001"":19,""11110010"":5,""10010010"":10,""11011010"":15,""01010111"":22,""11010011"":22,""11011011"":15,""00111111"":12,""10110010"":3,""11010100"":4,""00100110"":16,""00011101"":14,""01111010"":34,""00011100"":17,""01011110"":44,""01111110"":40,""00110001"":18,""00011000"":5,""11111101"":13,""00111101"":43,""00010110"":5,""01010011"":50,""01000011"":47,""00010000"":14,""10001001"":4,""00011001"":3,""00101010"":37,""01101011"":52,""11011100"":15,""01001100"":76,""00100111"":19,""01101000"":33,""01100111"":19,""01000010"":94,""00101100"":34,""00000001"":13,""00101110"":23,""11100100"":5,""01100001"":19,""00000010"":29,""01000110"":25,""11001100"":23,""11000100"":6,""01101110"":36,""00101001"":17,""01101111"":20,""10001101"":4,""01100010"":32,""11101010"":18,""01001010"":53,""01001001"":24,""01000001"":47,""01101010"":65,""00100000"":11,""01101100"":61,""01000100"":23,""00001000"":5,""01000111"":35,""01101101"":49,""00000110"":6,""11000000"":19,""00100010"":18,""11000010"":29,""11101110"":15,""01001111"":16,""00101000"":19,""00100100"":14,""11001010"":23,""00001101"":17,""01001000"":26,""11100010"":13,""11001011"":14,""11111110"":7,""00001100"":17,""01101001"":34,""01001101"":45,""10000011"":4,""00101101"":31,""01110000"":15,""01111100"":28,""10111101"":5,""11001101"":8,""01110110"":27,""11010010"":21,""01111111"":29,""00010100"":6,""01011011"":43,""01110010"":19,""00010111"":8,""11110100"":3,""01110100"":12,""11011001"":9,""00110111"":6,""00011010"":16,""01011000"":15,""00011110"":3,""10111010"":3,""11111100"":14,""01110101"":12,""11010000"":15,""01110111"":5,""11111011"":13,""00110110"":10,""00011111"":5,""10001110"":5,""00000101"":10,""11110001"":6,""10010000"":6,""00110000"":9,""11000111"":10,""01100011"":16,""00001011"":10,""00001010"":18,""11101000"":5,""01000000"":46,""01100101"":11,""10100010"":2,""00100001"":9,""11000110"":15,""10000000"":3,""11100111"":5,""10101000"":4,""00000011"":11,""01001011"":32,""11001110"":17,""00101111"":7,""11000011"":14,""11001111"":9,""10000100"":3,""00000000"":18,""00000100"":9,""10100110"":4,""11100001"":4,""01100000"":16,""11100110"":7,""11101100"":15,""10001100"":5,""01100100"":18,""00001110"":7,""10010110"":2,""10110111"":2,""11101111"":12,""11110111"":6,""01010100"":16,""11111111"":6,""10010001"":3,""00110100"":8,""00011011"":10,""11111000"":4,""11110000"":4,""00111110"":18,""10101011"":2,""00110101"":6,""11110011"":2,""11100000"":6,""10011001"":2,""10101010"":1,""00000111"":4,""11001000"":5,""11101011"":10,""10001000"":1,""11000101"":9,""10000001"":4,""10011111"":2,""10011101"":4,""10000010"":6,""11100101"":3,""10001010"":4,""10000101"":3,""10001011"":2,""10111110"":3,""10111001"":3,""10111111"":2,""10110110"":1,""10010101"":1,""11110101"":6,""10101100"":2,""11100011"":4,""10010011"":2,""10011000"":3,""11010110"":7,""10101001"":2,""10010100"":2,""10100100"":2,""10111011"":1,""10011010"":3,""10011100"":1,""10110000"":1,""10110001"":1,""10001111"":1,""10000111"":1,""11011000"":1,""10100011"":1}"
97,x,4000,0.22899999999999998,0.6635,0.14649999999999996,0.01849999999999996,0.16500000000000004,0.049000000000000044,0.05149999999999999,0.09399999999999997,"{""10000100"":30,""00010100"":47,""11101100"":31,""11010110"":3,""11010000"":32,""10000001"":28,""11110000"":8,""11000010"":15,""00100000"":53,""00010000"":54,""01100000"":25,""00010101"":29,""11100101"":31,""01110001"":32,""01100101"":14,""11010001"":34,""10100001"":29,""11000001"":33,""10101000"":38,""11101000"":51,""10110101"":16,""10010001"":22,""00110000"":16,""00100010"":20,""11000100"":31,""10000101"":17,""00100001"":42,""01100001"":8,""01000101"":28,""11010101"":18,""00010010"":24,""10010100"":17,""10000011"":5,""01110100"":42,""11000000"":41,""10010011"":1,""01110010"":21,""10000000"":39,""11010010"":14,""01000001"":31,""00010001"":44,""11100100"":25,""00000001"":14,""00100101"":35,""10110001"":23,""11010100"":29,""10111101"":16,""00110010"":4,""00110101"":10,""11100110"":8,""10000010"":16,""10110000"":29,""00101110"":7,""01000000"":50,""01010001"":7,""01010101"":10,""01001100"":48,""11110101"":2,""11100000"":54,""01101000"":31,""01000110"":9,""00000000"":19,""01100010"":6,""10100101"":19,""01111000"":31,""10100100"":39,""00110100"":11,""10010010"":5,""01100011"":3,""01110101"":30,""10100010"":16,""01111100"":36,""01100111"":3,""10001101"":13,""01011000"":18,""10011001"":10,""10111000"":42,""10111001"":34,""10101101"":11,""00011101"":37,""11001101"":21,""11011000"":39,""10001100"":36,""00011000"":53,""01101001"":14,""01001001"":34,""11001100"":29,""01111001"":36,""10001001"":45,""11011100"":24,""11001010"":10,""11101001"":20,""11111100"":10,""10100000"":24,""11011001"":24,""01101100"":17,""00101100"":41,""11001000"":25,""00001001"":24,""00101000"":72,""01001000"":50,""10001000"":45,""01011001"":15,""10001011"":1,""01011100"":21,""10101100"":29,""11100001"":18,""00011010"":11,""00111000"":16,""01111101"":28,""00111001"":12,""01111010"":7,""10011101"":6,""00001100"":19,""00001000"":38,""01001010"":18,""11101101"":23,""00011100"":48,""11101010"":8,""01101011"":2,""11001001"":21,""00111110"":2,""00001101"":15,""11111101"":6,""00101001"":42,""00011111"":6,""00101010"":13,""01001101"":21,""10111011"":8,""00001110"":5,""00101101"":37,""00101111"":7,""10101010"":9,""10001110"":2,""10011100"":12,""10101001"":18,""00111101"":4,""10111100"":17,""00011001"":38,""11011011"":2,""10001111"":8,""01111011"":4,""00001010"":5,""01011101"":8,""00001011"":3,""01111110"":10,""10101110"":6,""00000100"":19,""00111011"":4,""00100100"":53,""01000100"":61,""10000110"":7,""00110110"":4,""00100110"":13,""00100011"":6,""10110100"":20,""10100011"":6,""00010110"":9,""11100011"":3,""10101011"":3,""10111111"":3,""01010000"":18,""10010111"":1,""11000101"":23,""01110000"":41,""10010000"":17,""11001110"":5,""00000101"":15,""11111000"":8,""01101010"":6,""10011000"":24,""10111110"":3,""10011011"":1,""10100110"":7,""11011101"":8,""11101110"":5,""01101101"":10,""00011110"":9,""11111010"":5,""01101111"":2,""00111100"":5,""11100010"":16,""10010101"":12,""01010100"":16,""01110110"":7,""11110100"":9,""11010011"":6,""01000010"":16,""01100100"":16,""01001110"":11,""00100111"":4,""10110010"":5,""00010011"":6,""01110111"":1,""10100111"":4,""01010010"":4,""11000110"":5,""01110011"":4,""00110111"":4,""11000011"":5,""00000011"":2,""00010111"":7,""11101011"":1,""11101111"":6,""11011111"":4,""10011110"":2,""10101111"":5,""01010110"":3,""00000110"":4,""01010011"":2,""01100110"":2,""11110011"":1,""10000111"":3,""01000111"":5,""00101011"":9,""11110001"":6,""01011011"":3,""10010110"":4,""01001011"":3,""01000011"":6,""00110001"":3,""10111010"":8,""00011011"":10,""11001011"":5,""00000010"":5,""11111001"":4,""10011111"":2,""11011010"":9,""11011110"":2,""00111010"":5,""10011010"":1,""01011110"":1,""01101110"":2,""00111111"":1,""01011010"":2,""10001010"":4,""01111111"":2,""10110011"":2,""11000111"":2,""11111011"":2,""10110110"":3,""00000111"":1,""11001111"":2,""11010111"":1,""11111110"":1,""01001111"":1}"
98,x,4000,-0.33499999999999996,0.24050000000000005,0.39449999999999996,-0.268,0.020000000000000018,0.13149999999999995,0.04500000000000004,-0.00649999999999995,"{""10011100"":16,""01110001"":10,""00011000"":11,""01011000"":35,""10011011"":61,""11010010"":10,""00011011"":15,""01111011"":22,""10011001"":50,""10001001"":80,""01111001"":44,""01011001"":67,""01110100"":6,""10110111"":7,""00111001"":69,""00010100"":6,""00110101"":25,""11111101"":6,""11011001"":62,""00110010"":6,""00001001"":16,""01010001"":32,""11010100"":17,""00010101"":6,""01010111"":14,""11010101"":22,""01101101"":16,""00110111"":9,""11010111"":14,""00010111"":3,""10010001"":30,""11011101"":14,""11011100"":14,""10111011"":26,""11001101"":20,""10010011"":13,""00110001"":36,""01110010"":3,""11001001"":72,""01010100"":17,""10111001"":37,""11010011"":16,""11011010"":15,""00110100"":10,""10110001"":16,""10111000"":23,""00111111"":16,""11011111"":20,""00100101"":21,""00111100"":15,""01110101"":10,""11111111"":3,""10000011"":17,""00011101"":6,""01010101"":17,""10011000"":39,""01011101"":24,""01101001"":36,""10010101"":21,""11010001"":49,""10000101"":26,""00111010"":22,""01111101"":14,""01011011"":55,""01111100"":9,""00010011"":11,""11011000"":33,""00011001"":15,""11011011"":46,""10010111"":10,""00101001"":61,""00101010"":22,""11001011"":44,""01000101"":21,""01100111"":9,""01100001"":11,""11000001"":29,""10001010"":23,""01001011"":38,""11000101"":17,""10100101"":19,""10000001"":41,""11000010"":6,""10001000"":34,""10101111"":13,""00001011"":23,""10100001"":27,""10001111"":13,""10101001"":45,""10001011"":62,""00100011"":21,""01000011"":18,""01001101"":11,""00100111"":15,""01101110"":4,""01001000"":36,""00000010"":3,""01001001"":53,""10101011"":31,""10100111"":12,""00101110"":12,""11101111"":7,""01000001"":31,""11001100"":10,""00101011"":50,""11000110"":9,""01100100"":8,""01100101"":19,""11000100"":15,""01101100"":6,""10101100"":11,""10001101"":25,""11101101"":5,""10001100"":17,""00100110"":15,""00000011"":8,""11000111"":10,""01101010"":23,""01011010"":11,""00010001"":6,""01001111"":8,""01101011"":36,""00110011"":18,""01101111"":9,""11001111"":13,""10000100"":12,""10100010"":3,""11000011"":11,""10110011"":9,""01111000"":25,""10110010"":4,""00111000"":45,""00101101"":16,""01010000"":17,""11110000"":6,""10010100"":16,""11111000"":9,""10110000"":16,""01110000"":8,""11110101"":8,""00111011"":48,""10110110"":2,""10111010"":8,""01111010"":12,""11010000"":15,""10010000"":17,""10011010"":15,""01110011"":10,""11011110"":9,""00011010"":2,""01001100"":12,""10010110"":6,""01011100"":15,""11110111"":4,""10100000"":21,""00110110"":4,""11101001"":12,""10110101"":13,""01010011"":20,""11110011"":6,""10011110"":3,""11111011"":14,""00111101"":17,""11100001"":8,""00101111"":15,""10101000"":23,""10011111"":15,""00101000"":31,""01101000"":22,""10001110"":3,""11001000"":22,""00100000"":14,""01100110"":6,""10000010"":8,""00001000"":11,""01000010"":8,""01000000"":18,""00000100"":6,""11110001"":5,""10000000"":14,""10101010"":12,""11101000"":7,""00000101"":6,""01001010"":17,""10100100"":10,""01000100"":12,""11100000"":1,""00100100"":6,""11101011"":16,""00100001"":35,""00001111"":4,""00101100"":12,""00001101"":6,""10101101"":17,""01100011"":8,""01011111"":21,""11101110"":3,""11001010"":23,""11000000"":15,""00001100"":1,""10000111"":18,""11100101"":3,""00000000"":3,""10000110"":6,""01100000"":6,""00100010"":10,""01010010"":5,""01100010"":5,""11010110"":4,""10011101"":12,""01110110"":5,""00010000"":8,""01111111"":5,""11111010"":4,""01010110"":4,""00111110"":5,""00011111"":5,""00001010"":4,""10101110"":2,""11100100"":4,""11100011"":4,""10100011"":10,""00110000"":14,""00011100"":6,""11110010"":1,""01001110"":5,""11100111"":5,""00000001"":9,""01000110"":1,""11100110"":3,""00010010"":1,""00000110"":2,""10100110"":3,""11001110"":2,""11111001"":15,""11111110"":1,""01111110"":4,""10110100"":9,""10111111"":2,""10111101"":4,""01000111"":3,""01011110"":4,""11110100"":2,""00000111"":3,""10111100"":4,""11101010"":4,""00001110"":2,""11100010"":1,""11101100"":2,""00010110"":1,""10010010"":3,""10111110"":1,""01110111"":2}"
99,x,4000,-0.08600000000000008,0.34850000000000003,0.024499999999999966,0.09950000000000003,0.025000000000000022,0.7805,0.15400000000000003,-0.18100000000000005,"{""01010111"":32,""01000101"":77,""01011000"":60,""01110011"":3,""10010000"":47,""11011000"":25,""10010101"":99,""10011000"":100,""11010110"":13,""01111001"":4,""01010010"":9,""11011001"":19,""00110100"":6,""01010110"":31,""10011001"":98,""01010100"":58,""00011000"":29,""10010110"":45,""01010101"":64,""10011010"":41,""10010100"":100,""01110101"":12,""10011011"":49,""00000110"":9,""10011100"":35,""00010100"":22,""01011011"":26,""10011111"":14,""00010111"":5,""01010001"":38,""01011100"":17,""00010101"":26,""10000001"":60,""11110000"":3,""10000000"":37,""10010111"":45,""01011110"":7,""01110000"":3,""01100110"":6,""11110100"":10,""11111001"":3,""10000100"":110,""01011001"":52,""00011011"":13,""01010000"":27,""11010101"":26,""10011101"":34,""00110111"":2,""01101011"":4,""00011100"":7,""00010001"":20,""10111000"":8,""11010100"":27,""11111011"":5,""11011100"":6,""11111000"":8,""01110110"":4,""00010000"":9,""10001001"":99,""11010001"":10,""10010010"":19,""01011101"":27,""10000011"":34,""10010001"":64,""00110011"":5,""01001101"":20,""10001110"":18,""00000111"":19,""00011010"":13,""00010011"":4,""00011111"":3,""11001010"":9,""11010000"":14,""10000110"":43,""10011110"":14,""10110101"":7,""01111111"":2,""11011111"":6,""01011010"":27,""11010011"":8,""10110010"":1,""00011001"":26,""11011011"":9,""11111111"":1,""11011101"":7,""01110111"":4,""00110101"":5,""00111011"":2,""01001001"":69,""10000101"":120,""11111101"":3,""11001111"":8,""10000010"":25,""10110111"":2,""01011111"":8,""01110001"":5,""11000101"":24,""01010011"":23,""11101001"":11,""10001111"":17,""10001101"":42,""01001011"":34,""00000101"":34,""01001000"":56,""01000111"":36,""10001011"":60,""01100101"":9,""01000011"":15,""00001001"":16,""10000111"":64,""10001010"":35,""01001110"":8,""00001011"":13,""11001110"":3,""11000110"":14,""01000001"":35,""11000111"":12,""00101110"":1,""11001000"":20,""01000100"":58,""10001000"":97,""00001000"":19,""01001100"":14,""11001001"":21,""00001010"":10,""10101000"":9,""01100011"":4,""11100100"":9,""00000001"":15,""10101001"":10,""11001011"":12,""01000110"":27,""01001111"":16,""01101010"":2,""10100100"":3,""11101011"":8,""01100000"":3,""11001100"":6,""00000100"":17,""11101000"":3,""01001010"":22,""10001100"":36,""10100001"":10,""11101100"":3,""11000100"":14,""00100101"":8,""10101110"":2,""00001101"":9,""01000000"":24,""11001101"":10,""00001100"":7,""11000011"":7,""01101110"":1,""01100100"":5,""00000000"":13,""00000011"":7,""11101111"":3,""00001110"":8,""11000000"":13,""11011010"":5,""01000010"":7,""11101010"":2,""10101101"":3,""11100011"":1,""01111110"":1,""00000010"":6,""01101001"":4,""10101011"":3,""10100111"":5,""01100010"":2,""00101000"":3,""00001111"":4,""00010110"":14,""00100011"":2,""10100000"":1,""00101101"":2,""01101100"":3,""11000001"":17,""10010011"":26,""00011101"":9,""01111101"":2,""00111000"":3,""01100001"":3,""11100000"":3,""11100101"":8,""00100111"":6,""10100101"":5,""11101101"":4,""00100001"":4,""11100111"":3,""01100111"":9,""01110100"":11,""10100110"":2,""10110110"":1,""10111101"":2,""11110101"":7,""11110110"":8,""10111011"":4,""11010010"":10,""01110010"":3,""00111110"":1,""10111001"":6,""10110100"":4,""11110001"":3,""11111010"":5,""10101010"":3,""01111000"":10,""11010111"":10,""11110011"":3,""11011110"":6,""11100001"":5,""10110001"":2,""01101000"":5,""10111111"":1,""00111001"":5,""11101110"":1,""11100110"":6,""00110001"":1,""11110111"":3,""00011110"":4,""11100010"":2,""00111100"":2,""00010010"":2,""11111100"":2,""01101101"":3,""00100110"":4,""11000010"":7,""10100010"":3,""01111010"":2,""10100011"":1,""00100100"":1,""10101100"":2,""01111100"":4,""00111101"":1,""00101011"":2,""00101010"":1,""00101001"":1,""11111110"":1,""00110000"":1}"
