image,basis,shots,e0,e1,e2,e3,e4,e5,e6,e7,counts
0,x,4000,-0.12400000000000011,0.4095,-0.04299999999999993,-0.02499999999999991,-0.3274999999999999,0.13749999999999996,-0.13850000000000007,0.263,"{""11000101"":27,""00110001"":44,""01110001"":18,""00111010"":27,""01000011"":12,""01010111"":38,""00001100"":24,""11110101"":39,""00110111"":28,""00110000"":27,""11010100"":21,""10010111"":13,""11010000"":10,""10010110"":6,""00110010"":29,""00010001"":26,""10010001"":23,""01010101"":66,""00010100"":31,""00000101"":30,""01110110"":4,""10010000"":15,""01000111"":9,""01000101"":24,""00110101"":42,""11000011"":13,""11100101"":17,""00010010"":13,""01100100"":10,""00010101"":35,""01001000"":21,""10000001"":19,""11110011"":14,""11100001"":9,""00000000"":17,""11110100"":44,""00110100"":56,""11001001"":26,""10100011"":9,""10001000"":17,""01011001"":74,""01110000"":22,""00000001"":22,""11001111"":10,""10000101"":21,""10110001"":8,""00010111"":9,""10010100"":19,""00100101"":4,""00010000"":11,""00110110"":10,""11000000"":15,""00000110"":5,""01010011"":43,""01011000"":50,""10000010"":10,""01010100"":80,""11000001"":23,""00111110"":8,""01000001"":18,""10111011"":2,""11011100"":8,""11110001"":30,""10001001"":22,""01010000"":51,""01000000"":13,""00010011"":14,""11111101"":36,""10010101"":18,""11110111"":11,""00001011"":14,""01101001"":14,""01010001"":55,""11100011"":7,""01011100"":62,""11111011"":13,""01111001"":38,""01001111"":4,""10101101"":9,""00111100"":44,""01011011"":37,""00001111"":12,""00101000"":5,""00111001"":52,""01011111"":33,""00101001"":5,""01111101"":33,""01011010"":25,""10011101"":26,""00011101"":24,""00111101"":53,""11011001"":11,""11000010"":5,""10111101"":12,""01001011"":11,""10011100"":27,""11101000"":7,""01011101"":81,""00001000"":13,""10001100"":18,""00011111"":15,""00111000"":26,""11101100"":12,""01001101"":14,""00001001"":25,""00011001"":22,""11111100"":46,""01111000"":23,""10001101"":19,""10011011"":12,""01000100"":20,""11111001"":33,""00111011"":27,""10111111"":5,""10101000"":10,""01100000"":10,""11001100"":32,""01001001"":26,""10001110"":4,""00011011"":26,""01001100"":23,""01111011"":13,""00111111"":19,""11110000"":20,""01111111"":25,""10001111"":8,""10011010"":4,""11001101"":32,""11101111"":5,""01100111"":6,""01111100"":36,""11001011"":15,""00001101"":17,""01110011"":17,""01010110"":9,""00000011"":4,""01110100"":40,""10110100"":8,""00000100"":23,""10100100"":6,""10110011"":6,""11111010"":16,""01100001"":13,""01000010"":11,""11000100"":23,""01100110"":2,""11101001"":10,""00100001"":7,""01110101"":25,""00100100"":8,""00100111"":5,""10100001"":6,""11010101"":10,""11100000"":6,""01000110"":3,""01110010"":14,""10000100"":22,""10110101"":5,""10100101"":11,""10100111"":2,""00101111"":6,""00011100"":26,""01100101"":10,""10000111"":8,""11010001"":12,""00110011"":20,""01110111"":16,""11101101"":7,""11011010"":8,""01101101"":15,""11110010"":13,""11000111"":6,""01010010"":22,""00101010"":4,""11100100"":18,""01101000"":7,""01111010"":11,""10000011"":9,""10011000"":14,""11100110"":4,""00000111"":10,""11010110"":2,""10111110"":3,""00100000"":5,""00000010"":7,""10100010"":3,""10101011"":4,""10111001"":8,""10100000"":6,""11010111"":6,""10010011"":7,""11000110"":3,""10000000"":7,""00100010"":3,""11011000"":10,""10010010"":4,""11110110"":5,""11001010"":13,""01011110"":10,""10011111"":9,""00001010"":11,""01001010"":7,""10001010"":6,""11100111"":3,""00011000"":18,""10101001"":17,""10111100"":10,""11111000"":17,""00101011"":2,""10001011"":9,""01101100"":8,""11011101"":6,""00011110"":6,""11101110"":6,""11111111"":14,""11001000"":14,""01101010"":5,""11101011"":8,""11111110"":7,""11011111"":4,""01101011"":5,""10101111"":9,""00101110"":2,""01101111"":7,""11011110"":5,""00101101"":10,""10101010"":5,""10111000"":5,""00101100"":6,""10101100"":8,""01001110"":3,""10111010"":4,""00010110"":3,""01100011"":4,""00011010"":13,""10011001"":10,""01100010"":4,""00001110"":3,""11010010"":2,""10110111"":5,""10110000"":4,""10011110"":3,""01111110"":2,""10000110"":2,""11101010"":4,""00100110"":1,""11100010"":4,""10110110"":2,""11010011"":3,""10100110"":2,""11011011"":4,""10101110"":3,""10110010"":1,""11001110"":1}"
1,x,4000,0.07199999999999995,-0.1499999999999999,0.2895,0.013000000000000012,0.12849999999999995,-0.0020000000000000018,0.08199999999999996,-0.5025,"{""10100110"":30,""01100000"":21,""01000001"":6,""10100010"":74,""10000010"":50,""00100111"":8,""10100000"":52,""11010011"":50,""01000111"":7,""10100111"":45,""11100100"":22,""10110101"":10,""11100010"":75,""01010011"":6,""10110010"":36,""11000000"":6,""10100001"":35,""00010000"":20,""10010110"":11,""11110000"":7,""10010111"":16,""01010001"":5,""10110011"":33,""10000011"":28,""11010000"":44,""11100110"":15,""10100011"":45,""00010011"":21,""10001000"":37,""10000000"":45,""01010101"":9,""11100001"":23,""10110111"":18,""11100111"":42,""10010010"":53,""00010010"":23,""11100011"":44,""00100000"":15,""11011110"":18,""01010100"":8,""10010101"":22,""11110011"":2,""00010110"":6,""10000110"":12,""00110101"":3,""10011010"":52,""00010101"":8,""00010100"":3,""00000000"":2,""01010010"":13,""10010011"":32,""10010001"":16,""11010101"":22,""01100101"":9,""00110010"":8,""00010111"":11,""11110101"":3,""00101000"":8,""11101000"":56,""10111010"":22,""01010110"":5,""11010001"":24,""11011010"":48,""11011000"":60,""01000011"":12,""01101110"":9,""11010111"":40,""11101011"":41,""10110100"":13,""10000101"":16,""01100111"":13,""11010010"":74,""11110001"":4,""11100101"":21,""00010001"":5,""11000010"":7,""01110010"":3,""01000000"":6,""01100010"":43,""11100000"":44,""00100010"":15,""01010000"":9,""10010000"":41,""01001100"":6,""11010100"":19,""10011111"":32,""10001010"":50,""01100011"":24,""01101010"":28,""10000001"":18,""00100001"":7,""10000100"":14,""10101110"":19,""10110000"":27,""01100001"":5,""01000010"":18,""00001011"":9,""10011000"":30,""11101111"":33,""10110001"":6,""00110011"":7,""10100101"":27,""11101101"":37,""01100100"":12,""11000111"":2,""00100011"":10,""10100100"":30,""10000111"":22,""01000100"":2,""11110010"":6,""01111001"":3,""10001110"":12,""11010110"":16,""00011000"":18,""10111101"":14,""11011100"":26,""01111000"":7,""00110110"":2,""11110100"":2,""01000110"":4,""10101111"":42,""10010100"":13,""11011001"":20,""11101110"":17,""10001101"":28,""11000100"":6,""10011001"":25,""11101100"":18,""01001110"":6,""10110110"":10,""11101010"":61,""11000101"":7,""00100100"":2,""11111111"":7,""10011101"":26,""11011101"":25,""10101010"":69,""00011010"":24,""01001010"":12,""01110000"":3,""01101000"":20,""10101000"":38,""01010111"":8,""00011100"":8,""01101100"":12,""11000001"":4,""00111001"":4,""10111000"":16,""01000101"":4,""01110110"":2,""10101001"":21,""11101001"":28,""00011111"":11,""10111011"":18,""00101111"":9,""11011011"":34,""00101011"":9,""11001111"":6,""01101011"":17,""00001000"":9,""10101011"":45,""01101001"":17,""11001000"":12,""00011101"":15,""01111010"":7,""10111111"":23,""01111101"":1,""10101100"":19,""10011011"":31,""10011110"":19,""10101101"":26,""10011100"":15,""00101001"":9,""01100110"":5,""00001010"":8,""01001000"":9,""01101111"":16,""10001011"":28,""11011111"":32,""01011000"":9,""00111101"":1,""01011111"":9,""10001100"":15,""00111111"":2,""01001001"":10,""10001001"":16,""01011010"":15,""11111011"":5,""10001111"":26,""01001111"":6,""00101010"":10,""11001010"":8,""11111000"":7,""00101101"":7,""11001001"":5,""01101101"":11,""00001100"":3,""11111010"":2,""01011011"":15,""01001011"":10,""10111110"":3,""11001011"":5,""01011101"":8,""00111110"":2,""00011011"":19,""00001110"":2,""00001111"":4,""00111011"":8,""00011110"":3,""00011001"":10,""11111110"":3,""00110111"":1,""11111101"":1,""00101100"":5,""01001101"":4,""11001101"":3,""11001100"":1,""01011001"":7,""10111001"":5,""01111111"":5,""00001001"":1,""00101110"":7,""11000011"":9,""10111100"":10,""00110000"":2,""01011100"":2,""01111011"":3,""00110100"":1,""00000010"":4,""01110011"":7,""00000101"":2,""01110101"":3,""00110001"":2,""00100110"":3,""01110001"":3,""11110111"":5,""00100101"":2,""11110110"":4,""01011110"":2,""00000100"":3,""01110111"":2,""00000001"":2,""00111000"":5,""11001110"":2,""00111010"":1,""00001101"":2,""11111001"":2,""00000111"":1,""11000110"":1}"
2,x,4000,-0.38450000000000006,0.595,0.10050000000000003,-0.028999999999999915,-0.534,0.1835,-0.36949999999999994,0.562,"{""01110011"":23,""01010000"":70,""11101001"":15,""00010000"":30,""11110101"":41,""01010100"":66,""01011011"":57,""10010101"":19,""01110000"":35,""01010011"":61,""01111011"":32,""00110011"":18,""11000001"":10,""00000110"":2,""11100101"":16,""01010101"":180,""10010010"":3,""01010001"":149,""01110101"":73,""01111100"":33,""10100101"":10,""11010000"":6,""00011001"":63,""00000100"":8,""01010111"":30,""11110100"":18,""01110111"":9,""01000001"":36,""11110010"":13,""11100000"":11,""10100011"":4,""00010001"":56,""00010011"":16,""01011111"":29,""11011101"":8,""01110110"":8,""01100001"":20,""01110100"":36,""01110001"":78,""00010100"":42,""01100101"":25,""01100100"":13,""00110101"":22,""01110010"":11,""00110001"":33,""11111101"":51,""01001001"":66,""01010010"":32,""01000100"":7,""01000101"":25,""00110100"":11,""01000000"":14,""00110010"":7,""10010011"":12,""01011000"":65,""10110101"":13,""00010101"":74,""01101001"":21,""10010000"":13,""01101010"":8,""00110000"":14,""01011010"":30,""01011001"":165,""11010101"":9,""00011101"":72,""01000011"":26,""00001001"":9,""11101011"":11,""00011000"":17,""00001011"":10,""00011100"":28,""10011011"":10,""01011100"":83,""01011101"":171,""01111000"":28,""11011000"":9,""10101001"":3,""11111011"":20,""11001100"":2,""01111001"":72,""01111101"":70,""11101101"":16,""00001101"":10,""10111101"":20,""00101001"":14,""01001000"":27,""00111010"":10,""11011100"":4,""11101100"":8,""01001100"":15,""10011010"":3,""01111010"":11,""00001100"":8,""11111100"":17,""01101101"":24,""00111101"":35,""01001011"":20,""11110001"":40,""11001001"":6,""00011011"":21,""00001110"":1,""11001110"":1,""11101000"":9,""10111001"":14,""00100001"":19,""11111001"":53,""00111000"":11,""01101011"":8,""10011101"":21,""01011110"":7,""00101000"":6,""10111010"":3,""01101000"":14,""10010001"":17,""10111000"":7,""10110001"":15,""00101100"":11,""10011001"":22,""00101101"":24,""01001010"":9,""00100010"":2,""11111010"":5,""01001110"":2,""00011010"":10,""10001010"":2,""00001010"":3,""11111000"":23,""00111001"":40,""11100100"":7,""10000100"":2,""00000001"":12,""00100101"":15,""00000101"":13,""11010011"":3,""11100001"":9,""11110111"":5,""01100000"":13,""01010110"":13,""00100110"":1,""10010100"":13,""00100000"":8,""00100100"":12,""10011000"":8,""01000010"":5,""00000000"":12,""11010001"":7,""11000100"":2,""10010111"":7,""10100100"":3,""01100111"":2,""10000000"":4,""11110011"":14,""01001101"":36,""00000010"":3,""00100011"":3,""10110111"":3,""00110111"":6,""10011111"":3,""11000000"":4,""00111100"":13,""01101100"":8,""10011100"":6,""10111100"":5,""10101100"":2,""10001000"":6,""00101011"":3,""00101010"":5,""11101010"":1,""00111011"":20,""11111111"":6,""00011111"":7,""10111011"":6,""10101011"":3,""10101101"":4,""10111111"":2,""11001101"":9,""00000011"":6,""11110000"":14,""10101010"":1,""10001100"":1,""11001000"":3,""10101000"":4,""10001101"":5,""01001111"":4,""11011001"":5,""11000101"":5,""11010010"":2,""01000111"":1,""11100111"":2,""01100011"":6,""10110011"":3,""00000111"":3,""10100001"":4,""10001001"":8,""11011011"":4,""01111111"":6,""00001000"":10,""10001011"":1,""00101111"":1,""11001011"":1,""00001111"":2,""00111111"":4,""10000111"":1,""10110000"":3,""00010110"":2,""11000111"":1,""10000001"":2,""00100111"":1,""11001010"":2,""10000101"":4,""10100110"":1,""00010010"":7,""11100010"":3,""01111110"":5,""11011110"":1,""11111110"":2,""10110010"":2,""11100110"":2,""11010100"":5,""01100110"":1,""11101111"":1,""11000011"":1,""00110110"":1,""01101111"":1,""10000011"":3,""00010111"":2,""11000010"":1,""10100111"":1}"
3,x,4000,0.22650000000000003,0.369,-0.565,-0.006000000000000005,-0.4285000000000001,0.06499999999999995,0.07950000000000002,-0.1279999999999999,"{""00010011"":19,""10010011"":14,""00010110"":35,""11010000"":20,""01110101"":33,""11000100"":17,""11100100"":46,""10000100"":49,""10010100"":65,""11110010"":14,""10010101"":39,""10000000"":14,""01110000"":7,""00010100"":128,""00110101"":30,""01110010"":6,""00110100"":44,""10010111"":15,""11110001"":6,""00000100"":21,""00010000"":32,""10111100"":43,""11010100"":80,""00110111"":11,""00100100"":16,""00011100"":142,""01100110"":11,""01100100"":32,""10010110"":24,""00110110"":11,""10110100"":42,""00110011"":13,""11110100"":83,""01010000"":6,""01110100"":55,""11011100"":101,""10011110"":21,""01010110"":10,""01010100"":18,""00110000"":7,""00010111"":23,""10100111"":7,""10011100"":74,""01010111"":3,""11101101"":15,""00000011"":10,""00010101"":88,""00000110"":6,""01110111"":14,""00111100"":54,""10000010"":5,""01110110"":19,""00111011"":14,""10110000"":9,""10010010"":6,""10000110"":18,""01010101"":12,""00011011"":19,""11010110"":25,""00011110"":45,""11000001"":2,""11101100"":56,""01001100"":11,""11101010"":12,""10001100"":46,""00111101"":34,""10111011"":8,""11111001"":6,""10111101"":26,""00001011"":8,""01101111"":4,""01111010"":10,""11111100"":79,""01111111"":10,""01111100"":66,""11111110"":25,""11100101"":25,""10001011"":9,""11101110"":11,""00011010"":14,""01001011"":5,""11011110"":28,""01111110"":18,""11111000"":11,""10111000"":10,""01011001"":2,""10111001"":6,""00011101"":66,""10001010"":6,""11111010"":11,""00011000"":17,""10011101"":38,""00101011"":2,""01011110"":10,""00101110"":4,""11111101"":45,""01111011"":10,""01011011"":5,""00011111"":23,""00011001"":10,""10111010"":6,""01001101"":4,""10101100"":22,""00001010"":5,""10101101"":22,""10001101"":25,""10110110"":9,""10101010"":5,""01011100"":18,""11001100"":24,""11011101"":37,""11010101"":32,""11100011"":12,""11100000"":8,""10000101"":23,""11010111"":11,""01110001"":9,""11110101"":48,""01100101"":11,""10110001"":8,""10010000"":13,""00000001"":2,""10000111"":10,""00010010"":13,""10000011"":4,""10100011"":6,""10100101"":19,""10011011"":13,""11110000"":8,""10110011"":10,""10110101"":33,""11110111"":19,""01000101"":6,""01000110"":1,""00100110"":1,""01100001"":3,""11110011"":23,""11000011"":4,""11000111"":6,""11010011"":19,""10100100"":37,""01100000"":4,""10110111"":10,""10001110"":12,""01010011"":4,""11100111"":14,""11010010"":8,""10100000"":5,""11000000"":3,""01010001"":1,""00100101"":6,""01100011"":6,""01000100"":12,""10111111"":16,""10100010"":5,""11110110"":10,""11100110"":18,""00110010"":4,""01110011"":6,""00000000"":3,""10100110"":8,""11010001"":4,""11000101"":17,""00000101"":16,""01101101"":14,""00010001"":7,""01100010"":2,""10000001"":2,""10011111"":15,""01111001"":7,""11000110"":8,""01111101"":36,""01011000"":4,""11011111"":20,""01101011"":3,""10101011"":6,""00111110"":27,""01111000"":9,""00001100"":19,""00101010"":2,""11111111"":17,""01001110"":5,""00001110"":13,""10011001"":5,""10101110"":13,""11011000"":18,""11111011"":15,""11011011"":20,""10101000"":5,""00001101"":11,""10001001"":4,""11100010"":7,""10111110"":14,""01101100"":24,""11101001"":1,""10011000"":10,""11101000"":4,""10100001"":2,""00111001"":2,""10011010"":8,""00111000"":6,""00111010"":5,""01101110"":10,""11001011"":5,""11011010"":10,""00001111"":3,""11001110"":4,""11001101"":11,""11101011"":13,""10001000"":9,""11000010"":3,""00000010"":4,""01001001"":1,""00101000"":3,""00101111"":1,""10001111"":7,""00101100"":5,""11101111"":7,""10101001"":2,""01011101"":11,""01011010"":3,""11011001"":3,""00111111"":8,""10101111"":3,""11001111"":3,""01101001"":2,""00101101"":3,""01101000"":5,""00001001"":2,""01101010"":2,""10110010"":6,""11100001"":6,""10010001"":4,""00110001"":2,""00100000"":2,""01100111"":5,""01010010"":4,""11001010"":4,""00000111"":3,""01000000"":2,""00001000"":3,""11001000"":1,""11001001"":3,""01011111"":2,""00101001"":1,""01001010"":1,""01000010"":1,""00100111"":1}"
4,x,4000,-0.11099999999999999,0.5235000000000001,-0.4424999999999999,0.045499999999999985,-0.09400000000000008,0.11150000000000004,0.16149999999999998,-0.6539999999999999,"{""10100100"":11,""11110000"":16,""11100110"":29,""01110100"":18,""11010111"":8,""10010000"":32,""10100101"":22,""11010110"":9,""11000101"":28,""10010110"":40,""00010101"":12,""10110001"":36,""11110110"":37,""10011101"":121,""10010100"":76,""11100100"":46,""11110101"":108,""10000000"":31,""11100000"":27,""00000100"":6,""11100101"":97,""11110010"":11,""10100000"":11,""01110011"":1,""00110110"":4,""10010101"":130,""10001100"":67,""00010001"":11,""01110110"":5,""10000001"":51,""11110100"":55,""10011100"":86,""10000110"":59,""10000111"":22,""10110110"":33,""10110100"":36,""11011000"":10,""10000101"":117,""00100100"":6,""10110101"":80,""10000100"":65,""11110001"":29,""00100000"":2,""10010111"":24,""11010101"":38,""11000110"":6,""10100011"":3,""00100110"":3,""11100001"":24,""00000101"":24,""00110100"":7,""00110101"":17,""11000111"":7,""10110011"":3,""01010110"":8,""10110010"":2,""00110000"":5,""00000111"":3,""11110111"":23,""00010011"":1,""00010000"":6,""11000000"":10,""10010001"":44,""00000010"":5,""10010011"":16,""00000001"":3,""01000000"":6,""10001101"":117,""10100001"":13,""00010100"":7,""11001101"":20,""10000010"":3,""01110101"":16,""11100111"":12,""10110000"":18,""01010001"":8,""01100110"":3,""00100001"":2,""10010010"":10,""11010000"":10,""01010101"":24,""11010001"":12,""11101101"":78,""11000001"":7,""10110111"":12,""01000010"":5,""01100101"":9,""01010100"":8,""11101111"":13,""10011110"":42,""01000101"":20,""01000001"":9,""11101011"":8,""10001001"":48,""00100011"":1,""10111101"":56,""11110011"":3,""01010011"":3,""01000110"":8,""11010010"":6,""01100000"":5,""11101000"":26,""01110111"":5,""00000110"":3,""11001111"":6,""00001101"":10,""11111111"":14,""11101100"":47,""11111101"":67,""11011101"":30,""01111101"":10,""11101001"":25,""11001110"":16,""11111110"":15,""01011000"":11,""01011101"":19,""10111100"":35,""10001110"":54,""00011101"":14,""10001000"":32,""10011111"":20,""01101001"":2,""00101101"":5,""11001001"":10,""11111000"":23,""11111100"":44,""10101101"":33,""00001100"":8,""00011110"":7,""10101100"":14,""00111110"":6,""01001000"":5,""11101110"":20,""10001010"":8,""11001100"":18,""10101110"":12,""10011000"":48,""01000100"":19,""01101000"":3,""01111000"":3,""01011001"":8,""10111001"":27,""10101000"":6,""01110000"":5,""11111001"":22,""00001001"":5,""00011000"":5,""11011110"":12,""10011001"":52,""10011010"":14,""01001110"":10,""00101100"":3,""11111010"":6,""00111100"":9,""10111111"":11,""10111110"":23,""00111000"":3,""00111101"":15,""10101001"":13,""01101100"":8,""11011001"":11,""01001001"":7,""10111000"":25,""01111100"":10,""11001000"":6,""01001101"":25,""01111110"":8,""00001111"":2,""01101101"":7,""00101001"":4,""01001111"":3,""00111010"":1,""10011011"":6,""01001100"":6,""00010010"":3,""01101110"":4,""00011001"":4,""00001000"":3,""00111011"":2,""01011111"":3,""10001111"":24,""11011011"":1,""10001011"":8,""00000000"":4,""10101111"":6,""10100010"":4,""11011111"":5,""01011100"":8,""11001010"":3,""11011100"":6,""11101010"":7,""01111001"":5,""01001011"":2,""00011011"":1,""00011111"":2,""11001011"":1,""00011100"":5,""01101011"":2,""01010000"":8,""00001010"":1,""01011110"":6,""11111011"":4,""11011010"":1,""01001010"":2,""00001011"":1,""10111011"":3,""10101010"":2,""01011010"":5,""01110010"":2,""01101111"":1,""11000010"":2,""01000111"":8,""01100001"":4,""11100011"":5,""10100111"":4,""11000100"":14,""00110001"":4,""01010111"":5,""10100110"":9,""01100111"":2,""00110111"":1,""00010110"":2,""00100101"":8,""10000011"":5,""00000011"":1,""00110010"":1,""01010010"":1,""11010100"":10,""01000011"":3,""11000011"":1,""01110001"":3,""11100010"":4,""00101000"":2,""00101110"":3,""00101011"":2,""00001110"":3,""10111010"":3,""00101111"":1,""10101011"":1,""00111111"":2,""00011010"":1,""00111001"":1,""01111011"":2,""01011011"":1,""00100111"":1,""01100100"":1}"
5,x,4000,-0.3075000000000001,-0.256,-0.1439999999999999,-0.028000000000000025,-0.040999999999999925,0.15400000000000003,0.0014999999999999458,-0.6065,"{""10010100"":34,""00000111"":16,""11110110"":29,""10011011"":46,""10000011"":82,""11110100"":57,""10000110"":25,""10010110"":16,""11100100"":29,""10010111"":66,""01000101"":10,""10010001"":14,""01110101"":10,""11110010"":27,""11010010"":8,""11110101"":33,""11110000"":23,""10001011"":109,""01110011"":17,""11110001"":35,""11001011"":27,""01100111"":12,""10000101"":42,""10000111"":119,""11100111"":53,""11110011"":81,""01000011"":19,""11000000"":5,""10010011"":50,""01101011"":11,""11100011"":40,""10011000"":13,""11110111"":92,""00110110"":4,""10110111"":32,""10110101"":11,""10000010"":39,""01010100"":8,""10110001"":10,""11101010"":22,""11010011"":14,""00000011"":17,""10001111"":101,""00111111"":9,""11101101"":17,""01100100"":5,""10110011"":26,""10010000"":13,""10011100"":44,""11101100"":24,""11010110"":9,""10110000"":8,""00110111"":14,""11010111"":28,""11000111"":22,""00000010"":4,""01110111"":12,""11101011"":39,""11000011"":28,""10110110"":8,""11010000"":8,""00010010"":3,""10010101"":32,""00110011"":6,""10000100"":54,""10001000"":24,""11011011"":28,""11011000"":10,""01101010"":2,""11111010"":30,""01111010"":4,""11001111"":32,""10111111"":28,""11101111"":59,""01011111"":14,""10001100"":59,""10001010"":36,""11111101"":33,""10111011"":30,""11111011"":67,""10111010"":14,""10001001"":32,""01001100"":12,""11101001"":13,""10001110"":30,""11101110"":3,""11111111"":79,""00011001"":1,""11001010"":11,""01101110"":3,""10111110"":7,""01001110"":9,""11111110"":29,""01001001"":8,""11111100"":49,""01100011"":5,""11001001"":14,""11111000"":19,""10101000"":3,""10011010"":22,""10011111"":72,""11001101"":11,""01011011"":13,""11101000"":12,""00001010"":7,""01111111"":29,""01011100"":8,""00001001"":6,""11011100"":24,""10011101"":26,""01000111"":23,""01111100"":7,""01001111"":16,""01111000"":3,""00111000"":2,""10111100"":18,""10100100"":3,""00011101"":5,""00111011"":9,""00011010"":5,""10111001"":12,""00000100"":12,""00101001"":1,""11011010"":14,""10111101"":12,""11001000"":6,""11011101"":16,""00001100"":14,""10101011"":9,""11111001"":21,""01011110"":7,""11011001"":10,""00011011"":12,""01001011"":18,""10111000"":6,""01010001"":3,""10001101"":40,""00001111"":23,""00001110"":5,""10011110"":14,""11001100"":16,""10011001"":14,""11001110"":7,""10101100"":10,""10110010"":7,""11011110"":13,""01101001"":1,""11000100"":11,""01101101"":1,""01101000"":3,""01111011"":14,""01101100"":5,""10110100"":12,""01001101"":9,""11011111"":28,""00011111"":10,""01101111"":5,""00001011"":18,""00101101"":1,""01001000"":2,""00110010"":6,""01111110"":10,""00011000"":1,""01111001"":3,""01001010"":8,""00111101"":2,""01011000"":3,""01010000"":4,""00011110"":2,""01111101"":7,""01011101"":3,""00001101"":14,""10101111"":7,""00101110"":1,""10101101"":4,""01011010"":4,""00101111"":1,""10010010"":22,""01010101"":5,""01000100"":11,""11100101"":23,""10000001"":35,""01010111"":16,""11000110"":6,""10100111"":8,""01110000"":2,""01000000"":6,""11100000"":7,""11010001"":8,""10000000"":17,""10100011"":4,""01100101"":1,""01110110"":1,""11000101"":8,""01000010"":2,""11000001"":8,""11100001"":11,""10101001"":5,""00111110"":2,""10101110"":3,""00010001"":3,""10100000"":2,""00001000"":1,""10100101"":5,""00101000"":3,""11100010"":14,""11000010"":11,""11010100"":15,""00010011"":9,""00110101"":1,""00010111"":16,""00100011"":3,""01000001"":3,""01110010"":5,""00000101"":7,""00110001"":3,""10100010"":2,""11100110"":8,""00010101"":5,""00000110"":2,""01010110"":4,""00010000"":2,""00110100"":2,""10100110"":4,""00101100"":1,""00010100"":4,""00100101"":1,""00100100"":2,""01010011"":6,""00010110"":3,""00100111"":4,""11010101"":13,""00111010"":4,""10101010"":3,""01100000"":1,""00100001"":3,""00000001"":4,""00100110"":1,""00110000"":1,""01100010"":2,""01110001"":4,""10100001"":11,""00101011"":4,""01000110"":1,""00011100"":7,""00111001"":1,""00111100"":5,""01011001"":1,""01110100"":6,""00000000"":2,""01100001"":2,""01010010"":1}"
6,x,4000,-0.016999999999999904,0.04500000000000004,-0.3779999999999999,0.010000000000000009,0.5805,-0.27,0.024499999999999966,0.12450000000000006,"{""00100101"":84,""00100110"":71,""10100101"":38,""10010000"":5,""00000001"":14,""11110101"":23,""01100101"":39,""00100111"":57,""11111110"":20,""01110010"":3,""11100110"":90,""11100011"":21,""00111011"":4,""01000101"":77,""00000111"":18,""00100010"":37,""11100100"":35,""10111001"":6,""10000110"":25,""01100100"":13,""01000110"":60,""10100110"":37,""00100100"":36,""01000001"":18,""01100001"":20,""01110111"":9,""00100011"":14,""00101110"":75,""11100001"":44,""10000111"":21,""01000111"":41,""00100000"":30,""11100101"":73,""01110001"":2,""11010111"":6,""01000100"":25,""00100001"":43,""10100000"":11,""10100001"":21,""00110001"":9,""10100111"":27,""10100011"":7,""00000110"":32,""01101010"":16,""01100111"":16,""01001111"":37,""01000000"":26,""10000011"":7,""00110101"":22,""01110101"":9,""01100000"":10,""01010110"":18,""11100010"":21,""01100110"":27,""01100010"":8,""10010011"":2,""11010101"":2,""11100000"":32,""01100011"":5,""10100010"":17,""00110110"":19,""01111110"":9,""10000100"":5,""01010111"":11,""00000000"":10,""11000110"":10,""01000011"":11,""11000101"":13,""00110111"":14,""11100111"":49,""10000001"":11,""11001001"":5,""01010000"":7,""11110001"":8,""11110110"":16,""10101111"":26,""10110111"":8,""10010111"":9,""10000101"":33,""01001110"":59,""00000101"":26,""10110010"":2,""11101111"":46,""11110010"":7,""00000100"":15,""00101111"":49,""10001011"":4,""11000111"":4,""11110111"":12,""11011111"":3,""01000010"":15,""11000100"":5,""10110110"":10,""01110110"":5,""10110000"":8,""10101000"":10,""10101101"":55,""11101110"":53,""00101000"":32,""10010110"":7,""10010001"":5,""00011101"":10,""01010101"":11,""01011101"":17,""01110000"":2,""01010001"":5,""10110001"":2,""00010011"":2,""01001101"":45,""11101001"":30,""11101101"":83,""01001001"":28,""10011101"":8,""01111010"":3,""00001100"":22,""01001010"":27,""11101010"":24,""11001000"":4,""01011010"":4,""00001010"":16,""10111000"":4,""10111101"":11,""01101001"":13,""00001110"":32,""11101011"":12,""10001010"":10,""10001100"":17,""00101001"":37,""00111101"":23,""00111111"":12,""00101100"":45,""10011001"":4,""00111110"":17,""11111010"":8,""10111110"":14,""10001110"":27,""00101101"":69,""10111100"":6,""11101000"":36,""01011100"":10,""11001110"":2,""01011001"":6,""10001001"":17,""01001100"":41,""11111100"":13,""00111100"":8,""11001101"":7,""00001000"":16,""01101000"":10,""10101100"":17,""01101110"":33,""01011110"":16,""00001101"":26,""10101110"":37,""11101100"":29,""00111000"":2,""10001000"":11,""01001000"":13,""01111001"":4,""00001011"":9,""00011110"":7,""01001011"":10,""10011110"":13,""10111111"":8,""01101101"":28,""10101010"":25,""00111010"":11,""10001111"":14,""00101010"":27,""01111111"":10,""10101001"":20,""10011100"":6,""01011000"":8,""00111001"":7,""10100100"":23,""00001111"":18,""00101011"":11,""10001101"":20,""10101011"":9,""01111100"":2,""00001001"":9,""01101100"":15,""01101111"":9,""11111101"":19,""00010111"":4,""01111000"":4,""10011111"":8,""01111101"":7,""00010101"":10,""11000001"":2,""10110011"":3,""00010110"":7,""10000010"":8,""10110101"":8,""00000011"":7,""11110100"":7,""11110011"":3,""11010100"":1,""11010000"":2,""11111000"":9,""00010010"":5,""00110100"":5,""01010010"":3,""00110000"":5,""00011010"":7,""01110100"":3,""10011000"":6,""00011000"":6,""11111001"":4,""01011111"":5,""00011001"":7,""10011010"":5,""00011100"":4,""11001100"":7,""11011100"":4,""01010100"":6,""10111011"":3,""11001111"":6,""01011011"":3,""01101011"":3,""00010001"":7,""11011101"":2,""10111010"":1,""00011111"":2,""00011011"":1,""00010000"":4,""10010101"":4,""00000010"":10,""11010110"":5,""10010100"":3,""10000000"":10,""01010011"":3,""00110010"":3,""11110000"":11,""11000000"":1,""11001010"":1,""11011010"":2,""11010010"":2,""10110100"":4,""01111011"":2,""00010100"":2,""00110011"":1,""11111111"":5,""11011001"":1,""11000010"":1,""10010010"":2,""11111011"":1,""11011011"":1,""11011110"":3}"
7,x,4000,-0.03699999999999992,0.731,-0.7,-0.00649999999999995,-0.21550000000000002,-0.131,-0.16749999999999998,0.344,"{""01011100"":56,""00001100"":25,""10001101"":61,""11011100"":15,""00111100"":102,""01011001"":12,""01001101"":42,""00111101"":111,""10001100"":59,""01000101"":68,""11001100"":56,""00110101"":117,""10101100"":23,""01111101"":168,""01111000"":32,""00111110"":27,""11111101"":49,""00110111"":16,""00011110"":9,""01011110"":9,""10101010"":1,""01001011"":4,""10111001"":6,""01101100"":30,""01011101"":68,""00011101"":20,""00001101"":31,""11111100"":54,""10111101"":14,""01001100"":58,""10011000"":2,""11001111"":9,""00101101"":26,""01111100"":155,""11110101"":56,""11111000"":13,""11000000"":8,""00111001"":9,""10010100"":21,""00001000"":4,""11001101"":61,""10101111"":3,""10011101"":22,""11001110"":3,""01111110"":29,""01111011"":7,""01101001"":3,""01101111"":2,""01111001"":26,""11001000"":11,""00101100"":36,""00010101"":25,""11111001"":6,""00001111"":3,""10101000"":8,""01101000"":1,""11111110"":3,""01101101"":29,""10100101"":23,""11000101"":68,""11110000"":5,""10000100"":67,""01110101"":181,""11110100"":42,""01010111"":16,""01100001"":4,""00111000"":16,""10100100"":22,""01111111"":28,""01110100"":142,""01010110"":11,""00100110"":5,""11010101"":13,""10000101"":71,""01110110"":21,""01110011"":13,""00000101"":37,""10110101"":17,""00110100"":85,""01000100"":54,""00010001"":6,""01010100"":58,""00100100"":25,""10001000"":17,""01100111"":3,""10010001"":4,""00000100"":22,""00010111"":6,""11100101"":9,""00100111"":4,""11101100"":14,""01110111"":17,""01010101"":56,""11000100"":53,""01100100"":29,""01000011"":1,""01110001"":30,""01110000"":24,""00100101"":40,""11110111"":4,""10000001"":8,""01010000"":6,""00100011"":3,""00000111"":5,""00110110"":14,""01100101"":31,""11000001"":11,""11110001"":5,""11000011"":2,""11000110"":4,""11110011"":4,""10010101"":19,""01100110"":4,""10100111"":6,""00000110"":5,""01000000"":9,""11010100"":9,""11101101"":7,""10101110"":2,""00010100"":25,""00111011"":6,""10101001"":3,""10111000"":3,""10111100"":27,""01001000"":11,""10011100"":18,""10001111"":5,""00111111"":11,""11011101"":12,""00011001"":5,""01011111"":15,""10001001"":11,""00101000"":5,""00110001"":17,""10110111"":3,""01011000"":11,""00010110"":5,""10010110"":1,""00000001"":8,""10010111"":3,""10100110"":3,""01000110"":8,""00000000"":3,""01000001"":11,""00011111"":3,""11100100"":6,""10000111"":6,""01010001"":15,""01011011"":5,""10000110"":7,""01010010"":3,""01110010"":7,""10101101"":18,""00101110"":2,""01001001"":7,""01001110"":7,""00011100"":25,""10110010"":2,""11001011"":2,""00001110"":8,""10001110"":5,""01101011"":1,""01001111"":5,""10110100"":10,""00110000"":11,""00100001"":4,""10110001"":2,""11100000"":1,""00000011"":3,""01000010"":1,""10000011"":3,""00100000"":2,""00000010"":4,""01000111"":4,""10100000"":3,""11010111"":3,""00010010"":2,""11110110"":3,""00001001"":3,""10010000"":5,""11101110"":2,""00101111"":3,""11000010"":2,""01111010"":12,""10111110"":4,""11101001"":2,""00001010"":2,""00010011"":3,""01011010"":2,""11010110"":1,""00010000"":3,""10000000"":2,""10100001"":1,""11001001"":12,""11011000"":3,""10111010"":2,""10011111"":1,""10001010"":6,""10000010"":2,""11000111"":5,""10010010"":1,""01010011"":1,""01001010"":1,""00101001"":5,""01101110"":5,""11111111"":3,""10011110"":3,""00111010"":1,""00110011"":4,""11010001"":1,""00100010"":3,""01100000"":3,""10100011"":2,""10001011"":2,""11100011"":1,""11100110"":1,""00110010"":3,""11010000"":2,""10110110"":2,""11101000"":1,""00011000"":2,""10110000"":3,""10111011"":1,""11101111"":1,""00101011"":1,""11011001"":1,""11001010"":1,""11111010"":1,""11011111"":1,""10110011"":1,""10100010"":1,""10101011"":1,""11100001"":1}"
8,x,4000,0.18200000000000005,0.475,-0.27849999999999997,-0.011500000000000066,-0.009500000000000064,0.022499999999999964,0.07650000000000001,0.39,"{""00111000"":14,""00001000"":47,""10111100"":54,""01110011"":27,""01111101"":88,""01111100"":154,""00011100"":58,""01001000"":25,""00011101"":31,""00000000"":53,""01111010"":25,""01001101"":29,""11111010"":3,""00001100"":111,""00111100"":26,""01111000"":57,""01111001"":36,""00000100"":106,""01111011"":46,""01011101"":11,""11101101"":2,""00001001"":24,""01111110"":35,""10010001"":12,""10001100"":55,""01110101"":96,""10011111"":2,""10001101"":39,""11111101"":5,""10101101"":8,""11011101"":6,""01000100"":44,""10001010"":16,""01111111"":24,""10101100"":22,""01001011"":11,""00011010"":11,""00101010"":5,""11111100"":16,""01101101"":22,""00001101"":65,""10111010"":9,""00111111"":2,""10111101"":29,""10111001"":9,""01101100"":23,""01101010"":5,""00011001"":13,""10001000"":33,""10101000"":11,""00001111"":19,""00001010"":15,""10011101"":14,""01001100"":39,""10011100"":23,""11011001"":4,""10011011"":5,""11100000"":1,""11001011"":12,""00010000"":25,""11001001"":7,""01110110"":40,""01101001"":9,""01001110"":11,""10001011"":9,""10000000"":21,""00010001"":13,""01100110"":4,""10010100"":21,""10110101"":21,""01110000"":62,""00100000"":12,""01010100"":17,""00010100"":40,""00110001"":12,""10110001"":14,""00000101"":65,""01000111"":8,""00100101"":9,""10100100"":28,""01110100"":160,""11101100"":11,""01110001"":49,""10100000"":11,""10000010"":10,""10000100"":48,""11110000"":4,""11100100"":9,""10100101"":25,""00110100"":20,""11110101"":4,""11000110"":5,""10011000"":14,""01110010"":26,""11000001"":11,""00110101"":14,""11000100"":23,""10000011"":10,""11111000"":4,""00000001"":33,""01000001"":16,""01000110"":8,""01100100"":36,""00000111"":24,""00100100"":32,""00101100"":19,""00000110"":14,""01010111"":7,""00000010"":15,""00100111"":6,""11110100"":12,""00110110"":3,""00000011"":22,""00010010"":12,""00010101"":22,""11000000"":9,""10111011"":13,""01000000"":20,""11010100"":8,""10000111"":12,""00011111"":13,""10111000"":17,""11101000"":6,""10110100"":25,""00011110"":9,""01011011"":6,""01001001"":8,""01011000"":11,""10101111"":6,""00111101"":8,""10110011"":6,""11111001"":4,""10001001"":11,""11111111"":1,""10001110"":13,""01101011"":8,""01101000"":11,""10101110"":6,""00001011"":28,""00111001"":5,""00101101"":17,""01011111"":2,""11001100"":33,""01101111"":2,""11101111"":3,""11011000"":5,""11011100"":10,""11001101"":7,""01001010"":14,""10101001"":8,""00111110"":4,""11001000"":6,""10111110"":11,""01100101"":19,""00001110"":15,""00010011"":9,""10101011"":3,""10011010"":5,""01011100"":18,""11110110"":3,""00010110"":8,""00011000"":15,""10010011"":4,""00100010"":10,""10100010"":9,""01001111"":7,""10000101"":30,""01100011"":9,""11001110"":6,""01101110"":5,""01010001"":2,""11100110"":1,""00110000"":6,""10010000"":11,""01110111"":30,""01100111"":7,""11000101"":8,""11010110"":3,""01000101"":37,""10110000"":18,""10010110"":8,""01100000"":5,""10011110"":4,""00101110"":6,""10101010"":2,""10011001"":3,""00011011"":17,""10001111"":8,""00100110"":7,""10010101"":11,""00101011"":6,""00110010"":3,""01011010"":5,""01010110"":3,""01011001"":3,""01011110"":3,""00111011"":8,""10000110"":12,""11001111"":5,""00111010"":3,""00101001"":6,""00101000"":5,""11010000"":5,""10110110"":9,""01000010"":12,""01000011"":12,""01010011"":5,""00100011"":6,""01010000"":7,""01100010"":4,""11111110"":3,""10111111"":9,""11011010"":1,""10110111"":9,""11000010"":5,""11010010"":2,""11110001"":3,""00110111"":3,""00100001"":6,""00010111"":4,""10100111"":5,""11100111"":2,""11011110"":3,""10110010"":6,""01010101"":2,""11000011"":3,""11010011"":1,""10000001"":11,""10100001"":9,""01100001"":6,""11010111"":2,""10100011"":7,""00110011"":3,""11110011"":2,""10010111"":4,""10010010"":3,""11010101"":2,""00101111"":3,""10100110"":7,""11101110"":3,""11101010"":1,""11010001"":3,""11001010"":1,""11000111"":5,""01010010"":2,""11100011"":1,""11110111"":2,""11111011"":1,""11101011"":1,""11011011"":1,""11100101"":2}"
9,x,4000,0.15100000000000002,0.11499999999999999,-0.0674999999999999,-0.020999999999999908,-0.238,0.04849999999999999,-0.040000000000000036,-0.31899999999999995,"{""10011100"":73,""01001101"":11,""10010101"":52,""11101101"":19,""11111110"":42,""01111100"":18,""10011101"":47,""00101110"":14,""00111001"":13,""10011110"":66,""11101110"":37,""10011000"":43,""01111101"":9,""10111100"":14,""11101010"":19,""11001010"":18,""10111000"":20,""11101100"":32,""00001111"":3,""00011100"":15,""10001010"":13,""01011110"":24,""01011101"":15,""11111101"":18,""11011111"":6,""11100100"":40,""10101100"":20,""00110001"":11,""01111011"":19,""00100100"":16,""01111000"":15,""01011001"":20,""10001001"":17,""01111010"":15,""10001000"":12,""01011000"":13,""00011101"":18,""11111001"":24,""11111011"":33,""00011110"":14,""11011100"":30,""11111000"":25,""11101000"":23,""01111001"":21,""00111010"":17,""00111000"":7,""00011000"":6,""10101010"":17,""11001100"":30,""10011011"":33,""11101001"":20,""10011001"":45,""00001011"":7,""00001001"":2,""10111101"":15,""10100110"":20,""00111101"":11,""01001010"":9,""01011010"":21,""11101011"":13,""00010100"":11,""00101101"":6,""00111111"":7,""11100010"":17,""11111100"":43,""10010001"":63,""10010111"":33,""00001100"":7,""11001011"":14,""11101111"":19,""10011010"":38,""00011111"":6,""11011010"":18,""11100000"":21,""11100101"":24,""01011111"":11,""01110101"":11,""11100001"":20,""11111010"":31,""10001101"":17,""00101011"":14,""10001100"":27,""10111111"":7,""01101001"":9,""01001011"":16,""01011100"":23,""01110110"":23,""11011001"":13,""10101000"":16,""11110001"":39,""11111111"":12,""01101000"":10,""00101000"":7,""10001110"":12,""11001000"":17,""10000101"":24,""10111010"":15,""10001111"":5,""10111110"":12,""10101110"":21,""01101011"":10,""11011110"":18,""01001100"":14,""11001001"":11,""01101101"":10,""01001000"":8,""00101111"":5,""10110111"":13,""11011011"":20,""10010011"":28,""00111100"":9,""10001011"":20,""10111011"":13,""01011011"":9,""11110000"":30,""01101010"":8,""01001001"":10,""01111110"":10,""01001110"":8,""10100100"":23,""01010100"":33,""11001111"":4,""01001111"":5,""00101010"":11,""00101001"":8,""11001110"":21,""00111110"":12,""01010001"":20,""11011000"":8,""10101001"":8,""10111001"":9,""10011111"":22,""11100110"":29,""00110110"":11,""00111011"":12,""01101110"":15,""10110110"":13,""00011010"":13,""11110011"":20,""10101011"":8,""00110100"":12,""01010110"":29,""11001101"":8,""01000100"":16,""11100111"":9,""01100011"":9,""00011011"":9,""01010000"":20,""10010000"":38,""11011101"":14,""01111111"":4,""11000101"":14,""10010110"":56,""10101111"":4,""11000110"":12,""01101100"":11,""10101101"":5,""10010100"":62,""11110010"":22,""00010101"":13,""00010011"":6,""10000010"":19,""11110110"":19,""11010100"":22,""01100101"":17,""00010010"":11,""00110000"":10,""01000010"":10,""10100011"":4,""11010110"":18,""10000100"":28,""11000010"":11,""01110001"":16,""00100010"":7,""01100000"":10,""01010101"":18,""00100000"":7,""00100111"":4,""10100010"":8,""11000001"":24,""10000001"":9,""11010101"":18,""11010010"":12,""11000100"":21,""01100100"":15,""00010110"":16,""00110010"":10,""10110100"":19,""10000000"":13,""10110010"":16,""11000000"":8,""00000000"":4,""11010111"":8,""01110010"":12,""01100001"":12,""10000110"":6,""10100101"":9,""01100010"":9,""11010000"":8,""01110100"":13,""10100111"":6,""10010010"":35,""00010000"":8,""11110100"":36,""11100011"":23,""01010111"":21,""11110101"":26,""00001010"":9,""00100001"":9,""10110000"":16,""00011001"":8,""01010010"":12,""00101100"":10,""00001110"":1,""00100110"":6,""00010111"":10,""10110001"":17,""00110101"":9,""10100000"":9,""11010001"":10,""10000111"":2,""00100101"":11,""10000011"":11,""00000110"":5,""01000011"":7,""11110111"":11,""01100110"":12,""01100111"":9,""01110000"":24,""01000001"":8,""11000111"":7,""00001101"":1,""00000101"":8,""10100001"":6,""10110101"":19,""00000100"":6,""11010011"":7,""01000000"":3,""01110111"":5,""01000110"":4,""10110011"":16,""00110011"":4,""11000011"":5,""01110011"":5,""00110111"":6,""00010001"":7,""00000001"":3,""00000011"":2,""00000010"":4,""01010011"":6,""01000101"":12,""01101111"":4,""01000111"":3,""00001000"":1,""00100011"":3}"
10,x,4000,-0.1180000000000001,0.09599999999999997,-0.09250000000000003,0.009000000000000008,0.27149999999999996,-0.01649999999999996,-0.16199999999999992,-0.17199999999999993,"{""00011001"":6,""01001111"":38,""00111110"":12,""10111101"":10,""11111101"":23,""01000000"":24,""11001110"":21,""10111001"":16,""11101001"":34,""00001111"":13,""01101101"":19,""11101111"":38,""10001110"":11,""01011000"":8,""11001000"":25,""10011101"":13,""10100011"":26,""01000101"":28,""11111001"":11,""10011011"":9,""10110110"":11,""00101011"":13,""10101000"":29,""11110101"":13,""11101011"":21,""11001001"":45,""10011111"":24,""01101011"":19,""11001010"":27,""10101101"":26,""11001111"":39,""10111100"":22,""01001100"":20,""10111111"":15,""11011111"":19,""11001101"":25,""10011001"":19,""10101111"":25,""11110000"":19,""01101000"":20,""00101000"":20,""10101001"":34,""10111010"":9,""11111100"":16,""01011101"":9,""11001011"":26,""01111111"":16,""11011001"":15,""11011110"":11,""01111100"":12,""11001100"":32,""00111011"":7,""11101100"":18,""11111111"":19,""10001111"":27,""00001001"":14,""01101111"":27,""11101000"":31,""00011011"":5,""11101101"":18,""01001001"":33,""10001101"":13,""10000001"":25,""00111010"":6,""01001000"":32,""10111110"":18,""01111011"":9,""01111000"":7,""11011000"":10,""10110011"":11,""01011111"":21,""11011100"":10,""01101110"":16,""10101010"":12,""01111101"":11,""11011101"":13,""00101110"":7,""01100111"":20,""01001110"":23,""11110001"":18,""00011110"":4,""00111001"":12,""10001100"":23,""00101111"":22,""11010001"":21,""01101001"":26,""00000111"":16,""00010111"":3,""01000010"":6,""00011100"":12,""10101110"":14,""01010110"":5,""11111000"":11,""01010101"":14,""10011000"":13,""11101110"":22,""01110000"":12,""01000011"":19,""11000110"":24,""00111100"":7,""01001010"":15,""10001001"":16,""01101100"":26,""00011111"":12,""01111010"":5,""01111110"":13,""10001000"":10,""00001110"":7,""11100000"":34,""00001011"":7,""00100101"":17,""00100100"":14,""11011011"":10,""11000111"":48,""01011110"":6,""10101011"":20,""01000111"":38,""00000110"":13,""10111000"":9,""11011010"":11,""01100110"":22,""01001101"":22,""00011010"":3,""11010111"":30,""11000001"":26,""10100000"":35,""00101001"":17,""10100100"":30,""00010001"":8,""00111000"":6,""10101100"":23,""00101100"":17,""01001011"":21,""01011001"":14,""10011110"":16,""01100010"":9,""01011011"":7,""11010000"":22,""10110000"":13,""00001000"":14,""10001011"":8,""10100010"":13,""00101010"":5,""11100101"":23,""00111101"":11,""10111011"":11,""01110111"":17,""11100111"":46,""01110101"":12,""10001010"":3,""00111111"":16,""11101010"":6,""10011010"":3,""01100011"":17,""01111001"":11,""11000011"":26,""00001100"":12,""01101010"":10,""10011100"":14,""11100100"":30,""11000000"":32,""11111010"":3,""00001101"":7,""11111110"":6,""10010111"":22,""11111011"":8,""10100110"":15,""00100110"":11,""11010110"":11,""00010101"":6,""01011100"":7,""00000001"":12,""00011101"":7,""00010000"":12,""01010111"":23,""01100101"":13,""10100101"":21,""00101101"":8,""00110111"":16,""11000101"":15,""00110100"":16,""00100000"":23,""10010011"":6,""10000000"":18,""10010000"":14,""11100011"":21,""01010000"":14,""10010110"":20,""10110101"":14,""11000100"":23,""10000111"":29,""10000100"":16,""01000100"":20,""01010100"":12,""10100111"":26,""10000110"":15,""01110001"":17,""01000110"":15,""10010001"":17,""00000011"":9,""11110011"":11,""00100111"":9,""00100011"":13,""11010101"":15,""10110111"":20,""00100010"":6,""10010010"":4,""01110100"":14,""00100001"":11,""01110110"":8,""01010011"":9,""10110001"":14,""11110100"":14,""11010100"":16,""11100010"":8,""01100000"":22,""11100001"":26,""00000000"":14,""10000101"":12,""00110001"":7,""11100110"":25,""00010100"":3,""11000010"":19,""00000100"":14,""10000011"":13,""10010101"":13,""00110110"":4,""00110011"":7,""01000001"":23,""11110111"":17,""10000010"":10,""00010010"":5,""00010011"":2,""10100001"":21,""00110010"":1,""01010001"":18,""10010100"":18,""00000101"":6,""11010011"":10,""01100100"":25,""10110010"":8,""01100001"":26,""10110100"":13,""00110000"":8,""11110010"":4,""11110110"":8,""00110101"":8,""11010010"":7,""00011000"":4,""00000010"":2,""00010110"":6,""00001010"":3,""01011010"":4,""01110011"":6,""01110010"":3}"
11,x,4000,-0.22599999999999998,0.10399999999999998,-0.10400000000000009,-0.010000000000000009,0.04949999999999999,0.08899999999999997,0.05149999999999999,-0.81,"{""11110001"":29,""11110100"":40,""11010100"":39,""11010110"":6,""11010010"":9,""10110111"":42,""10110011"":33,""11000111"":22,""00000000"":9,""10010111"":60,""10100100"":20,""00000111"":3,""11000100"":30,""10000001"":42,""11100000"":30,""11101101"":35,""11010101"":18,""10000100"":70,""00110111"":4,""11011101"":30,""10111100"":41,""11100100"":52,""10110100"":32,""11100001"":41,""10110110"":15,""11011111"":34,""11010111"":37,""11000001"":19,""11110110"":14,""11110011"":46,""10001100"":60,""10010100"":41,""10010110"":14,""11000101"":33,""10010001"":41,""10000000"":42,""10110000"":19,""10010000"":16,""11000011"":31,""11100111"":68,""11100101"":44,""10010011"":43,""10100110"":7,""10010101"":38,""11101110"":22,""10000110"":15,""10011110"":16,""10110101"":33,""10000011"":73,""10011001"":50,""10110001"":28,""11101011"":41,""00000101"":7,""10110010"":11,""01010111"":4,""00011010"":2,""10000101"":33,""11101001"":52,""00110110"":1,""10100011"":28,""11000110"":9,""11000000"":26,""11010001"":18,""10100000"":13,""01110011"":5,""11000010"":10,""11110000"":30,""10000111"":45,""11101100"":66,""10001000"":33,""11011000"":21,""00001101"":5,""10101001"":16,""10111000"":17,""11001100"":36,""10111011"":25,""10001101"":55,""11011110"":6,""10111001"":22,""10001011"":56,""10101100"":27,""01001000"":2,""11001000"":16,""10001001"":41,""10001010"":23,""11011010"":9,""10111111"":40,""11001001"":16,""10011011"":49,""11101111"":62,""11111001"":19,""11011001"":29,""10101101"":8,""00111001"":8,""11011100"":38,""01011010"":1,""01111001"":4,""11001011"":25,""01001111"":6,""10011010"":8,""01011111"":5,""11111000"":20,""11111100"":37,""10101000"":18,""10011111"":46,""10111110"":9,""10000010"":17,""11111111"":24,""10011100"":53,""10011000"":39,""10101010"":4,""00011100"":6,""00001011"":9,""11011011"":35,""10101111"":17,""11101000"":28,""00101100"":6,""10011101"":42,""11111011"":38,""11111010"":14,""10101011"":13,""11001110"":10,""10001111"":70,""00000011"":11,""00011000"":4,""10101110"":6,""01101101"":6,""01110101"":1,""10001110"":22,""11110111"":35,""00001111"":6,""11110010"":15,""11001101"":27,""01111110"":2,""10111010"":9,""11101010"":16,""01101110"":1,""10111101"":17,""00011111"":10,""11001111"":33,""11111110"":7,""01011001"":3,""11111101"":17,""00001100"":5,""01101011"":6,""01000011"":6,""00110100"":5,""01001101"":2,""10100001"":10,""00010101"":3,""11100011"":41,""10100111"":30,""11001010"":10,""11010000"":10,""00010111"":10,""01110000"":4,""11110101"":25,""11100110"":10,""00010110"":3,""00010011"":4,""01100111"":11,""11010011"":13,""00010001"":6,""00101001"":3,""00110101"":4,""01100000"":3,""11100010"":8,""01010011"":3,""01000111"":3,""00111011"":5,""01000100"":4,""01011101"":3,""01100100"":3,""00111010"":2,""10100101"":16,""01101010"":2,""00011001"":8,""00001000"":1,""01110001"":2,""10100010"":4,""01101001"":6,""00011101"":5,""00011011"":5,""00111111"":4,""00111100"":5,""00101000"":2,""01001011"":3,""01001100"":6,""00110001"":5,""01010010"":1,""00100101"":1,""00000100"":5,""00100111"":7,""10010010"":6,""01110100"":4,""01100001"":2,""01100110"":1,""00001001"":5,""01110110"":2,""01010000"":2,""00110000"":1,""00000110"":2,""00100100"":1,""01000101"":1,""00101110"":1,""01001001"":2,""01111000"":4,""01000000"":2,""01011100"":2,""01001110"":1,""00111110"":1,""01010001"":3,""01100101"":5,""00010100"":2,""00000001"":3,""01000001"":3,""01100011"":5,""01000010"":1,""00000010"":2,""01111100"":4,""01101111"":2,""01101100"":1,""00001110"":2,""01011011"":1,""00111101"":1,""01110010"":2,""01111111"":2,""01111011"":1,""01101000"":1,""00011110"":1,""01110111"":1,""01111101"":2,""00101111"":1,""01111010"":1,""00100000"":1,""00100011"":1}"
12,x,4000,0.27649999999999997,0.268,0.29700000000000004,-0.026999999999999913,-0.137,0.0004999999999999449,0.24850000000000005,-0.09400000000000008,"{""01101000"":14,""11111010"":39,""11001100"":7,""10111100"":25,""11101110"":4,""10011010"":62,""00011001"":36,""00111010"":31,""10011000"":97,""00011110"":10,""00111100"":15,""01111100"":6,""10001101"":12,""00011011"":24,""00111000"":26,""00101001"":9,""00010101"":18,""10110100"":33,""00011100"":28,""11101001"":25,""00011010"":56,""10001111"":8,""01111010"":16,""11101100"":27,""00011000"":63,""10001100"":18,""01101010"":11,""01000000"":20,""00001111"":8,""00101000"":12,""10001001"":17,""01011001"":25,""00001010"":24,""00111101"":7,""11111000"":39,""10011001"":46,""00101011"":7,""01101101"":9,""10101001"":18,""11001010"":6,""00101100"":22,""10101101"":10,""10000010"":18,""10101000"":27,""10110011"":14,""10111010"":28,""10011011"":28,""10101010"":17,""10011100"":27,""00000100"":35,""11111110"":5,""10111110"":4,""11101010"":27,""00011101"":13,""11101000"":36,""10111111"":8,""00100100"":23,""10100001"":21,""10000001"":19,""10101100"":39,""00001100"":30,""10101011"":21,""10111000"":36,""11011000"":17,""01001001"":12,""00100000"":15,""11011100"":13,""01001000"":20,""01001101"":8,""01011000"":23,""10000111"":7,""11101101"":17,""01101111"":6,""11101011"":13,""11111100"":34,""00001101"":21,""01001111"":3,""10001000"":29,""00001000"":29,""00010100"":34,""10001011"":7,""00101010"":13,""11111101"":14,""00011111"":8,""01011100"":15,""00001001"":15,""10111001"":17,""11111001"":27,""11001011"":7,""01001100"":12,""01111001"":10,""11011011"":7,""01111011"":13,""00001011"":14,""10011101"":20,""10111011"":19,""10011110"":10,""10100100"":42,""10111101"":17,""10001010"":23,""11111111"":8,""00111001"":8,""01100000"":28,""00111011"":14,""11001001"":5,""01011101"":8,""01111110"":4,""10001110"":7,""01101100"":15,""10011111"":10,""00101101"":8,""11110101"":23,""01111000"":13,""01001010"":9,""00000000"":35,""01011010"":19,""01011111"":7,""00111110"":5,""11111011"":16,""00110100"":21,""00000001"":22,""11011010"":3,""10010001"":26,""11010000"":10,""00010111"":18,""10100101"":23,""10010000"":48,""10110010"":26,""11100010"":23,""10100000"":40,""01010100"":14,""10110101"":16,""00110001"":17,""10000000"":34,""10010100"":23,""00010000"":56,""11110010"":38,""00000011"":20,""11110000"":42,""10010110"":5,""11000100"":10,""01110101"":12,""01010000"":31,""10110000"":33,""11000000"":9,""11010100"":9,""10100010"":20,""01100001"":15,""01000111"":3,""01000001"":6,""10000110"":3,""00110010"":23,""11100001"":14,""01000110"":7,""01000010"":15,""00100010"":9,""10110110"":14,""00010011"":19,""10010010"":36,""01000101"":4,""00100110"":4,""11100011"":17,""10000100"":22,""01110111"":6,""00010010"":45,""10100111"":9,""01110000"":16,""00010110"":5,""11100100"":35,""01100101"":11,""11000110"":2,""11011110"":3,""01101011"":10,""01111111"":7,""10101111"":7,""00111111"":6,""10010111"":4,""01000011"":8,""11010101"":8,""01100100"":9,""01100111"":5,""11000011"":2,""01110011"":8,""00110101"":6,""10000011"":14,""00000101"":13,""11110111"":5,""00110000"":31,""00010001"":31,""01000100"":10,""01010001"":6,""11100000"":38,""01010010"":14,""00000110"":5,""11100111"":5,""00000010"":28,""11010010"":9,""11110011"":21,""01010110"":2,""00100011"":8,""11010001"":4,""11010110"":6,""00110110"":4,""11100101"":13,""01110010"":15,""10100110"":8,""11001111"":2,""00000111"":10,""10010101"":10,""11000111"":2,""11110001"":15,""10101110"":9,""00100001"":7,""00100111"":7,""11001101"":5,""11110100"":31,""01100010"":13,""01110100"":15,""10110001"":10,""11011001"":6,""01110110"":6,""01010111"":2,""01100011"":8,""11000010"":6,""01010101"":7,""11100110"":7,""11110110"":3,""11000001"":4,""01011011"":9,""01010011"":1,""10110111"":4,""10100011"":14,""10000101"":5,""11010011"":8,""10010011"":13,""01111101"":6,""11101111"":4,""11011111"":2,""00101110"":5,""00110011"":7,""01110001"":5,""00110111"":3,""01101001"":8,""11001000"":4,""01011110"":5,""00001110"":5,""11011101"":6,""01001011"":4,""01101110"":1,""11000101"":3,""01100110"":2,""00100101"":7,""11001110"":1,""00101111"":2}"
13,x,4000,-0.244,0.3095,0.45799999999999996,-0.014000000000000012,-0.399,0.0034999999999999476,-0.11250000000000004,-0.19300000000000006,"{""00111000"":25,""11111001"":99,""10011000"":89,""11010011"":20,""10101111"":4,""10000011"":17,""10111111"":8,""11101001"":45,""11111000"":69,""11101011"":22,""10111110"":1,""01111111"":13,""10111000"":12,""00001001"":10,""10001010"":9,""10001000"":16,""10111100"":6,""00101001"":17,""01111000"":33,""01111001"":49,""10011110"":12,""11101101"":10,""10001100"":5,""10101001"":16,""10110001"":22,""11011001"":26,""11001000"":16,""01110001"":55,""11111100"":18,""01011111"":19,""11001001"":10,""01001001"":24,""11011000"":27,""01101100"":9,""10011001"":115,""00111100"":9,""01010011"":31,""01111101"":13,""00011001"":22,""11111101"":22,""11111111"":33,""10111011"":16,""00111111"":15,""00111011"":13,""01011001"":54,""11111110"":14,""11010110"":2,""11111011"":51,""01100100"":8,""00011110"":5,""01001101"":10,""00001111"":6,""10001011"":14,""10100011"":7,""10001001"":28,""11001111"":7,""01101001"":28,""11011111"":4,""00111001"":28,""01110011"":23,""01101011"":11,""00101000"":15,""10101000"":16,""00001011"":8,""01011011"":30,""10010001"":123,""01001011"":14,""11001011"":7,""01101000"":18,""01011101"":12,""01001100"":5,""10011101"":24,""11011011"":14,""00101011"":14,""11101000"":33,""11100110"":5,""10011111"":26,""11100001"":38,""00010001"":31,""00000011"":3,""11110101"":15,""00010101"":5,""11110001"":97,""01000101"":7,""01010001"":54,""01010111"":24,""10000111"":10,""00001101"":4,""11100111"":17,""00011010"":5,""10010000"":74,""10010101"":20,""11110011"":62,""00110001"":31,""01010100"":12,""00000001"":12,""00010000"":19,""11011100"":8,""01110111"":17,""11010000"":22,""10110000"":18,""01100001"":25,""10110101"":5,""00110111"":11,""11100100"":14,""10100000"":12,""11100101"":9,""11010001"":24,""10000000"":22,""00110000"":18,""10110111"":7,""11110110"":9,""01010000"":41,""10010010"":21,""10100001"":13,""11110010"":16,""01110010"":6,""10010100"":25,""11110000"":67,""01000001"":18,""00100000"":10,""00110011"":20,""01011100"":18,""11000001"":16,""10110011"":11,""00000010"":2,""11110111"":39,""01100000"":14,""11100000"":31,""01000000"":15,""10010011"":61,""00100111"":4,""01010010"":11,""10100100"":2,""00100001"":16,""11110100"":19,""00110100"":8,""00100011"":12,""01110101"":9,""01100111"":7,""00010011"":13,""11010101"":5,""00010100"":5,""11100011"":20,""01000110"":4,""00010111"":9,""10000001"":30,""10010111"":40,""10001101"":9,""01100110"":3,""00110110"":4,""11000000"":7,""01110100"":14,""11000011"":9,""01110000"":44,""11010111"":5,""10110100"":4,""01001111"":10,""01100011"":12,""00100101"":4,""01000011"":5,""01011000"":36,""10000101"":9,""01011010"":18,""11000100"":3,""01001000"":15,""11000111"":5,""10000100"":10,""00110010"":6,""01100010"":2,""01110110"":7,""10110010"":3,""00111010"":7,""10001111"":11,""10011011"":58,""11101111"":16,""00011100"":6,""00011011"":13,""10011100"":26,""01111011"":21,""11000101"":6,""00011101"":8,""11111010"":20,""00011111"":10,""00011000"":18,""00001100"":8,""11101100"":12,""01101010"":9,""10111001"":18,""10011010"":18,""01001010"":5,""11011101"":6,""01101111"":8,""01111100"":11,""00101100"":7,""11001100"":6,""11101110"":5,""00101101"":3,""00000000"":8,""00001000"":13,""10101100"":4,""00101111"":7,""10000110"":6,""00111101"":5,""11101010"":7,""00101010"":5,""01111110"":6,""01111010"":8,""01100101"":4,""11001110"":2,""11001010"":1,""01011110"":5,""11100010"":4,""10010110"":11,""00010010"":6,""00000100"":3,""11000110"":1,""01101101"":5,""10101010"":1,""10101110"":2,""10111101"":3,""11011010"":1,""01101110"":2,""00111110"":5,""01001110"":1,""00100110"":1,""11011110"":2,""01000100"":6,""01010101"":5,""00010110"":3,""10101011"":8,""10000010"":5,""00000111"":5,""00000101"":3,""00100010"":2,""00110101"":8,""11001101"":2,""10110110"":2,""00100100"":5,""01000111"":6,""11010100"":6,""11010010"":4,""10100110"":1,""10001110"":4,""10100010"":2,""01010110"":2,""00000110"":1,""10111010"":1,""00001010"":2,""01000010"":2,""10100111"":1}"
14,x,4000,-0.36949999999999994,0.38149999999999995,0.23399999999999999,-0.04299999999999993,0.496,-0.05950000000000011,0.11150000000000004,-0.8705,"{""11100101"":83,""10100101"":34,""10000111"":59,""10100111"":17,""11100001"":168,""10001110"":43,""10000100"":34,""10010011"":18,""10100000"":32,""11100000"":76,""11111011"":25,""11000000"":7,""10110001"":26,""11100111"":46,""10110011"":15,""10000001"":182,""01101101"":11,""11110100"":8,""10000000"":93,""10011000"":27,""10010000"":18,""11100011"":61,""10010111"":10,""11101001"":180,""10000101"":97,""11110010"":6,""10001001"":206,""11010001"":12,""10100110"":16,""11100110"":25,""10010001"":34,""10100100"":12,""00111001"":5,""11110111"":18,""10010101"":28,""01000001"":5,""11100010"":17,""10100011"":33,""10000011"":51,""11101101"":70,""11010000"":8,""10100001"":54,""11110001"":50,""10010110"":11,""11010010"":1,""11011000"":13,""10110101"":18,""01000101"":3,""10001101"":107,""01100001"":18,""11110101"":26,""10111001"":42,""11101110"":41,""00000011"":3,""10000010"":32,""11111001"":47,""10111101"":16,""10001000"":93,""10101011"":16,""10101100"":9,""10001011"":45,""01101111"":2,""11111110"":8,""11101111"":55,""11101000"":72,""11001110"":8,""11101011"":58,""10001111"":66,""00001111"":5,""11001111"":7,""11111101"":41,""11111000"":25,""10011101"":20,""11001001"":29,""10101111"":20,""10011001"":43,""10101001"":67,""11011111"":5,""11111100"":15,""01001000"":3,""10101101"":33,""11111111"":19,""11000001"":33,""10001010"":29,""11011101"":4,""01101110"":3,""10111111"":9,""11011001"":19,""10111010"":8,""11101100"":28,""10100010"":9,""00110011"":2,""10110010"":5,""00000101"":9,""00100000"":4,""10000110"":37,""01100101"":7,""11110110"":9,""11001101"":13,""11110000"":25,""11000011"":9,""11000111"":14,""10110111"":4,""11000101"":14,""01110101"":4,""00001101"":7,""11110011"":13,""00000111"":2,""00010111"":1,""00100001"":4,""00100101"":2,""11100100"":23,""10111011"":13,""11001011"":10,""10101000"":31,""01100011"":4,""01000111"":2,""10010100"":10,""01110110"":2,""10011100"":13,""01111001"":4,""10110000"":9,""00000001"":7,""10110110"":7,""00000110"":1,""01100000"":2,""10111100"":9,""10111000"":13,""01101001"":5,""00001001"":14,""11101010"":20,""11111010"":13,""01101000"":7,""11011100"":5,""00011001"":4,""11001000"":14,""00001011"":4,""10001100"":26,""00011100"":1,""11011011"":6,""11010101"":12,""00110000"":1,""01000011"":2,""00010110"":1,""11001010"":4,""10010010"":7,""01100110"":2,""11000100"":4,""00001100"":4,""10110100"":5,""10101110"":15,""11011010"":4,""01111000"":3,""00011000"":3,""10011110"":12,""11001100"":5,""00101101"":2,""01011000"":1,""00011101"":1,""10011111"":10,""01001101"":4,""10011010"":11,""00101010"":2,""01110000"":2,""01101100"":3,""01111111"":2,""10011011"":14,""01001001"":5,""00101001"":4,""01111011"":1,""00001000"":4,""01001111"":1,""11011110"":5,""10111110"":5,""01011001"":1,""00111101"":3,""00000000"":5,""01111010"":2,""10101010"":7,""00101110"":1,""00001110"":2,""00100111"":2,""01110001"":4,""11010110"":2,""00111011"":1,""01010000"":1,""11010111"":1,""00110101"":3,""01100010"":1,""01000000"":1,""01010001"":2,""00110110"":1,""11000010"":3,""01110011"":1,""00101111"":1,""01110111"":2,""00010000"":1,""01101010"":3,""00101000"":2,""00111010"":1,""01011101"":1,""11010100"":2,""01111101"":2,""11000110"":2,""00000010"":2,""00011111"":1,""00011011"":2,""00011010"":1,""00101100"":1,""01010011"":1,""00010001"":1,""01010010"":1}"
15,x,4000,-0.3759999999999999,-0.1904999999999999,-0.3494999999999999,0.03749999999999998,0.0044999999999999485,0.136,0.04500000000000004,-0.7395,"{""00010001"":3,""10000101"":41,""10100111"":58,""10010110"":39,""11000001"":33,""11000111"":128,""11100011"":17,""10111101"":32,""10000110"":29,""11000011"":41,""10010111"":68,""11101011"":15,""10000001"":16,""11000010"":14,""10000111"":75,""10010011"":23,""10100011"":14,""11000101"":59,""11010111"":62,""00000111"":16,""11110001"":19,""10110101"":38,""11010110"":34,""10100100"":12,""11010101"":43,""11010000"":10,""00000011"":6,""00110101"":11,""11010001"":28,""11110100"":14,""00110001"":4,""00010111"":15,""11000000"":8,""10110111"":78,""10010001"":42,""01100001"":9,""11100001"":28,""01000101"":10,""10010101"":54,""10100101"":43,""11111001"":21,""11110101"":29,""11110111"":36,""10000011"":26,""11100111"":39,""10111011"":35,""01010110"":5,""10010100"":25,""10100110"":32,""11000110"":31,""10110100"":16,""10001011"":30,""11001111"":89,""01100111"":12,""01010111"":10,""11010100"":15,""00011111"":6,""10110000"":5,""10111000"":15,""10100010"":7,""11110010"":7,""11000100"":28,""11111111"":52,""11001001"":20,""01001001"":5,""10011001"":49,""11011111"":51,""11001000"":6,""00101001"":6,""11111100"":18,""11101110"":24,""11011001"":35,""11001100"":25,""10011101"":30,""01000111"":19,""10001111"":65,""11101100"":14,""00101000"":3,""11001110"":43,""10001110"":25,""11001010"":26,""10011011"":25,""10001101"":32,""11001101"":41,""11101101"":22,""00111011"":4,""01100110"":7,""10111001"":25,""00101110"":4,""01001111"":10,""10101111"":46,""01111010"":3,""11011110"":27,""00100100"":2,""01001000"":5,""01001101"":6,""00011011"":6,""11101010"":7,""10011111"":77,""11011100"":16,""11001011"":43,""10111110"":47,""10111111"":74,""11101001"":20,""11111110"":24,""10001100"":10,""00011001"":4,""00000001"":3,""10011010"":13,""10100000"":13,""10011000"":21,""01001010"":7,""10011100"":26,""01111111"":6,""10101110"":32,""10101011"":20,""00001000"":2,""00100001"":6,""10001010"":17,""11011101"":19,""11011011"":9,""00011110"":4,""00011101"":8,""10101100"":18,""11101111"":42,""11011000"":15,""01101110"":3,""01011111"":5,""00111101"":7,""01101001"":1,""10000100"":10,""01101111"":8,""00111111"":9,""11111010"":9,""01011110"":2,""10111010"":21,""10101001"":18,""11100101"":26,""01111101"":4,""01011011"":1,""11101000"":8,""10001000"":10,""10101000"":11,""10011110"":28,""10001001"":18,""01001110"":4,""10101010"":6,""00001110"":3,""11010010"":7,""11111000"":11,""10110110"":33,""11111011"":16,""11111101"":20,""11011010"":8,""00101111"":7,""00101011"":6,""01001100"":3,""00111000"":3,""00011010"":1,""10100001"":26,""00001010"":4,""00010000"":2,""11100100"":8,""01110111"":9,""11100000"":8,""10110001"":29,""10010000"":6,""01110110"":5,""11010011"":22,""00110110"":5,""01110000"":2,""10000000"":5,""00000101"":6,""11100110"":23,""10111100"":13,""11110110"":17,""00100110"":5,""00010101"":8,""00100101"":6,""11110011"":20,""10101101"":22,""00010110"":11,""00010011"":3,""01000011"":3,""00101010"":2,""00000100"":8,""10010010"":7,""11100010"":7,""10110011"":18,""01010101"":6,""00110111"":11,""00001100"":1,""00111001"":4,""01101101"":2,""01000100"":5,""00111010"":1,""01010001"":5,""00111110"":3,""01011000"":1,""01011101"":6,""01111110"":3,""01011001"":1,""00001111"":6,""01001011"":5,""01000110"":5,""01010011"":6,""00110011"":2,""01111011"":3,""01010100"":3,""10000010"":5,""01100000"":2,""00010010"":2,""01100101"":5,""01000010"":2,""01000001"":5,""10110010"":13,""00111100"":3,""01100011"":2,""01110011"":2,""01110101"":4,""00010100"":2,""11110000"":5,""00100111"":5,""00001001"":2,""01101010"":1,""00100011"":3,""00100000"":2,""01100010"":1,""01010000"":2,""01000000"":1,""00011000"":2,""01101100"":1,""00101100"":2,""00101101"":2,""01111000"":1,""01110100"":1,""01110001"":1,""01110010"":1,""00001011"":2,""00100010"":2,""00110100"":2,""00000110"":1,""00001101"":2,""00011100"":1,""01011100"":1,""00110000"":1}"
16,x,4000,0.24150000000000005,0.506,-0.712,0.0020000000000000018,0.12,0.07899999999999996,-0.27849999999999997,-0.3320000000000001,"{""00000110"":19,""11110101"":96,""11000101"":124,""11010100"":22,""01010101"":11,""01110101"":74,""00010101"":8,""01110000"":25,""00100001"":5,""11110110"":46,""01110100"":100,""10001100"":80,""00000100"":51,""11110000"":22,""00000101"":43,""01110010"":14,""11111100"":97,""00110100"":35,""10100100"":30,""11000000"":18,""11000001"":16,""00001110"":22,""01111101"":68,""01110110"":38,""00111010"":5,""11100100"":24,""01100100"":11,""11000100"":163,""00010100"":11,""00110110"":10,""11111101"":79,""01100000"":3,""11110100"":113,""01001100"":19,""10010101"":14,""11000110"":71,""11010001"":3,""10100101"":19,""10110101"":17,""10001110"":40,""11110001"":8,""10110110"":11,""01100101"":10,""00100100"":14,""00110001"":4,""11100110"":16,""00010001"":2,""10111101"":24,""01000101"":21,""10010100"":18,""11100000"":4,""10000000"":24,""00101000"":3,""00100110"":5,""10100110"":17,""10000001"":10,""10000101"":73,""10000100"":102,""00011101"":16,""10110100"":23,""11001000"":24,""11001110"":73,""11001100"":169,""01001101"":16,""10111110"":10,""10011100"":16,""01111100"":78,""11001010"":21,""01011101"":16,""10001101"":75,""11001101"":137,""11111110"":44,""01111111"":11,""00011100"":13,""10101101"":20,""00001101"":35,""11011110"":10,""01000110"":13,""10101001"":3,""10111100"":29,""10001000"":15,""11101100"":36,""10001111"":13,""11011100"":23,""11111000"":19,""01111110"":44,""01111000"":13,""01101100"":7,""00111100"":26,""11111010"":11,""10011101"":12,""00111101"":20,""10001001"":11,""00001100"":54,""10111001"":3,""00111111"":4,""00011110"":3,""10101100"":30,""01111010"":4,""10011001"":1,""11001001"":13,""10101111"":3,""10101010"":5,""00111110"":15,""10101000"":7,""11101110"":22,""11010110"":15,""11101101"":16,""00001001"":9,""01011110"":5,""01001110"":11,""11111111"":26,""00101101"":10,""10101110"":12,""11001011"":6,""11101111"":5,""01111001"":11,""01001001"":6,""11011000"":4,""10000110"":31,""11000010"":15,""00110101"":23,""01100110"":5,""11010111"":4,""01110001"":11,""10100001"":4,""00111000"":4,""10010111"":3,""11100101"":25,""11001111"":20,""00100101"":10,""01110011"":5,""10010110"":7,""10000010"":6,""11110010"":6,""10110011"":1,""01010100"":16,""11110011"":2,""00101100"":16,""00101110"":5,""11000011"":5,""01011010"":1,""01001000"":3,""01011100"":20,""11111001"":9,""01101010"":2,""10010001"":3,""01000100"":24,""10100111"":1,""00000000"":7,""10100000"":2,""00010110"":3,""11011111"":10,""11011101"":10,""00011000"":4,""00010010"":1,""01101101"":5,""11010101"":17,""00110011"":2,""10001010"":12,""01000001"":3,""01010110"":7,""01000111"":1,""01101110"":5,""10101011"":2,""11011001"":2,""11110111"":10,""11101001"":7,""10111111"":4,""10011000"":2,""01101111"":1,""11011011"":1,""00001111"":3,""01001111"":3,""01000000"":3,""11010000"":3,""11000111"":15,""11100001"":2,""01110111"":8,""00000010"":3,""11010010"":5,""10000111"":5,""00110000"":4,""10110111"":1,""10001011"":6,""00101010"":1,""00000111"":5,""00001010"":5,""01010000"":4,""01000010"":2,""11100111"":2,""01000011"":2,""10000011"":3,""01011000"":1,""10011110"":3,""00011010"":1,""11111011"":4,""10011010"":1,""00001000"":5,""01011111"":3,""00011111"":1,""10110000"":7,""10111010"":2,""00010111"":3,""11101000"":5,""00001011"":1,""01010010"":2,""00110111"":3,""10111000"":5,""01111011"":2,""11011010"":1,""11101011"":1,""00101111"":1,""01101001"":2,""10110001"":2,""00000001"":6,""00110010"":1,""10110010"":1,""01010111"":3,""00101001"":1,""11101010"":4,""11100010"":1,""00100000"":1,""11010011"":1,""01001010"":1}"
17,x,4000,-0.11949999999999994,0.20550000000000002,-0.7004999999999999,0.013499999999999956,-0.22999999999999998,-0.10899999999999999,-0.12400000000000011,0.269,"{""00010111"":22,""11101111"":29,""11101110"":34,""10010100"":22,""01000100"":23,""00110101"":95,""10101101"":9,""00110110"":36,""10001101"":9,""11110100"":20,""00010000"":8,""00010100"":39,""01000110"":29,""01100111"":35,""00010101"":76,""00110011"":13,""11000101"":9,""01101100"":34,""11010101"":51,""11100110"":37,""00100101"":47,""10000100"":7,""01100110"":37,""11100100"":43,""01010100"":39,""11010000"":3,""01110101"":62,""11010100"":35,""10000110"":9,""01100100"":31,""11110110"":23,""01000111"":15,""11010110"":37,""10100101"":11,""00011111"":31,""10110110"":12,""01000101"":31,""01101101"":45,""11110101"":38,""01110111"":17,""01110100"":36,""00100110"":24,""00110100"":43,""01110001"":6,""01110110"":30,""00100111"":22,""01010010"":3,""00011110"":33,""11110001"":7,""11111111"":19,""10101001"":2,""01010011"":7,""11000110"":3,""10110001"":2,""11100011"":6,""00110010"":11,""00010011"":6,""00000111"":11,""11100101"":56,""10010110"":35,""01000010"":6,""01101111"":26,""01110010"":5,""11110111"":13,""00110001"":12,""00010010"":5,""00010001"":3,""10000101"":9,""11100001"":11,""11011110"":24,""01010110"":29,""10010001"":5,""01010001"":10,""01010101"":69,""10010101"":45,""01110011"":7,""10011100"":21,""10101011"":1,""10010111"":27,""10111101"":14,""10100011"":2,""11100111"":26,""10010000"":6,""01110000"":4,""11000100"":9,""01010111"":25,""11010111"":15,""10110101"":25,""00010110"":22,""10110100"":9,""10111110"":15,""00100100"":30,""01100010"":5,""00110111"":36,""11010011"":4,""01011100"":37,""01100000"":3,""01100101"":45,""00100010"":2,""10000111"":7,""10011101"":42,""11101100"":40,""00000101"":17,""00000100"":13,""00111101"":70,""00110000"":3,""11100000"":5,""11110011"":8,""01000001"":6,""01000011"":5,""11100010"":8,""00011100"":38,""01101110"":27,""01011101"":74,""00111110"":41,""00011001"":7,""10110010"":2,""11110010"":9,""00100011"":13,""11011101"":35,""10111011"":2,""00101111"":25,""01111110"":23,""01101000"":10,""01011111"":32,""10101100"":8,""00011101"":61,""01011011"":9,""00111100"":56,""01011000"":11,""01101001"":9,""10001110"":6,""11011100"":25,""11111110"":18,""01001101"":43,""01111000"":5,""11111000"":1,""11001110"":7,""00101100"":30,""00101101"":47,""10011111"":15,""10011010"":2,""01001110"":20,""01101011"":8,""00101010"":6,""10111100"":14,""01001100"":21,""10001011"":4,""00001111"":10,""10011110"":23,""11111100"":27,""10001100"":16,""00001101"":13,""01111001"":5,""11011001"":5,""11101011"":14,""00111111"":31,""11011000"":10,""00101110"":28,""01001111"":24,""01111101"":53,""00111001"":12,""01011110"":32,""10011001"":7,""11011111"":23,""01101010"":6,""10111111"":6,""00111011"":9,""11101101"":57,""01011010"":11,""00101011"":8,""00111000"":3,""01111100"":29,""11111101"":38,""01111011"":9,""00100001"":11,""10111001"":3,""11011011"":4,""01011001"":8,""11101010"":6,""00100000"":7,""11101001"":11,""01100011"":4,""00000110"":4,""01100001"":5,""01001011"":7,""00001100"":8,""01001010"":4,""10010010"":2,""10110111"":9,""10100110"":3,""11000111"":1,""11010010"":6,""11010001"":4,""01111111"":17,""00001010"":2,""01001000"":3,""10001111"":4,""10011000"":4,""11111001"":8,""00001000"":3,""11111010"":6,""00011011"":9,""00101001"":5,""10011011"":6,""10101111"":2,""00001110"":4,""00011000"":2,""00111010"":7,""01001001"":9,""01111010"":5,""11001100"":4,""00001001"":2,""10010011"":3,""11001101"":9,""10100100"":5,""01000000"":1,""11101000"":2,""01010000"":7,""00001011"":2,""11001011"":2,""10100111"":1,""00101000"":4,""11001000"":1,""00000011"":1,""11001111"":2,""10110011"":2,""10001010"":1,""10111000"":1,""10101010"":2,""11000000"":1,""10100001"":1,""11110000"":2,""10000000"":1,""00000010"":2,""10100000"":2,""00000001"":1,""10001001"":3,""00011010"":3,""11011010"":2,""10101110"":1,""11000001"":1,""11001010"":1}"
18,x,4000,0.19699999999999995,0.29900000000000004,-0.6815,0.034499999999999975,-0.0040000000000000036,-0.05750000000000011,0.05700000000000005,-0.754,"{""10010100"":58,""11110100"":58,""00000100"":15,""11110110"":48,""10110100"":87,""11110101"":58,""10100100"":64,""00110111"":4,""11111000"":23,""10111110"":71,""10110101"":109,""10111101"":69,""11000101"":104,""11010101"":30,""11110000"":17,""00000101"":18,""10110110"":66,""10101100"":78,""11100110"":39,""10010101"":51,""01110110"":6,""00110101"":6,""10100101"":78,""11010010"":2,""00110110"":15,""10100001"":18,""11011100"":34,""10000101"":40,""11000111"":39,""11000100"":110,""11110001"":8,""10000110"":28,""10010000"":13,""10100000"":14,""10010111"":22,""11000110"":101,""11010110"":32,""11100111"":12,""01100101"":5,""01100000"":2,""10100110"":49,""11010000"":7,""11011101"":36,""01000110"":10,""10010110"":38,""10100111"":22,""11101100"":46,""11100101"":42,""11100100"":35,""11111101"":46,""10110000"":32,""10010011"":2,""10000100"":31,""00000110"":13,""01100111"":2,""11000001"":16,""10110010"":8,""11010001"":4,""01111100"":11,""01101111"":2,""10011110"":39,""10111111"":21,""10101101"":55,""01011000"":1,""11111001"":8,""00101111"":2,""10001110"":16,""10001100"":33,""11001111"":33,""10011111"":19,""11001100"":100,""10101110"":48,""10001001"":4,""10111000"":23,""10111100"":83,""01111110"":8,""11111111"":17,""11001110"":79,""11001000"":29,""11111110"":46,""01111001"":2,""11011110"":31,""00011101"":8,""10101010"":7,""10011100"":52,""10011101"":69,""00111100"":14,""10001000"":5,""11111100"":70,""00011110"":11,""11001101"":83,""01011101"":5,""01101101"":6,""11011111"":10,""00001010"":3,""10001111"":7,""10101000"":16,""11001001"":13,""00111101"":15,""10111011"":5,""10001101"":22,""11101101"":28,""11101111"":6,""10111001"":17,""11110010"":6,""11010100"":29,""00001110"":17,""10111010"":15,""11000000"":18,""10000111"":10,""00010110"":11,""10000001"":7,""00000010"":1,""01110100"":7,""00011100"":18,""00100110"":6,""00010100"":5,""10110001"":24,""11100000"":8,""11101110"":31,""10110111"":38,""10010001"":6,""00010111"":4,""11100011"":3,""00110100"":7,""11110111"":20,""11000010"":10,""00100101"":6,""01000100"":6,""00100000"":2,""01100100"":10,""00010010"":2,""00111110"":9,""10101111"":12,""11001011"":6,""11001010"":9,""00001101"":15,""00101001"":1,""11111011"":4,""10011010"":6,""00111111"":2,""11101000"":9,""10101001"":7,""00101100"":11,""01001010"":2,""11101010"":5,""01001110"":6,""00001100"":14,""00101010"":2,""01001100"":11,""00011001"":2,""11011010"":3,""10000010"":3,""10011000"":27,""11011011"":4,""10100010"":8,""01000000"":1,""00110011"":5,""01010101"":3,""11010111"":8,""00100111"":2,""10000011"":2,""11100001"":7,""00100100"":6,""00000111"":3,""01110111"":2,""00101101"":4,""10011001"":6,""00101110"":7,""01101000"":1,""11111010"":10,""11011000"":8,""01000101"":7,""01101001"":1,""00000001"":3,""00010001"":2,""01100110"":3,""10010010"":3,""01010010"":1,""01100011"":2,""01101100"":2,""00001000"":8,""01001000"":1,""00111000"":3,""01111101"":7,""11101001"":5,""00101000"":2,""01011110"":3,""10011011"":3,""01001101"":2,""10100011"":6,""00001111"":4,""10110011"":6,""10000000"":6,""11110011"":10,""01000111"":3,""01010110"":2,""01111000"":2,""10001010"":2,""01000010"":2,""00111001"":1,""00001001"":2,""11011001"":2,""00110010"":2,""11100010"":3,""01110101"":6,""01011111"":3,""00010101"":4,""11000011"":2,""01010100"":1,""00000011"":1,""10001011"":1,""01011001"":1,""00001011"":1,""01000001"":2,""01110001"":2,""00100001"":1,""01110000"":2,""00010011"":1,""00100011"":1,""10101011"":1,""00011000"":2,""00111010"":1,""00110000"":1,""01001111"":1,""01111111"":1}"
19,x,4000,0.056499999999999995,0.12549999999999994,-0.718,0.0010000000000000009,0.5215000000000001,0.37649999999999995,-0.5285,0.09699999999999998,"{""01101101"":57,""01011110"":25,""01001111"":69,""00011110"":15,""11001110"":77,""01100101"":45,""00000100"":56,""01001101"":106,""01101001"":8,""10011001"":1,""11000101"":71,""11001111"":49,""01001100"":99,""00001100"":44,""01101100"":38,""01011101"":22,""01000000"":26,""01001110"":89,""11001101"":100,""10011101"":7,""11011100"":29,""11001100"":85,""00111111"":5,""11001000"":23,""01011100"":23,""01001011"":12,""10001001"":8,""01101110"":32,""01001000"":25,""10111101"":6,""11010101"":38,""11101100"":39,""00010111"":12,""00001110"":40,""00101100"":3,""01001010"":14,""00001101"":56,""01110111"":5,""10001101"":17,""00101111"":5,""11111101"":21,""10000101"":9,""00010010"":4,""11100111"":34,""11101111"":31,""10101100"":7,""00011100"":10,""01111111"":8,""11111111"":12,""00001111"":37,""00001000"":11,""11101110"":38,""10101101"":9,""11001010"":10,""11100100"":48,""01011000"":5,""11011110"":38,""11111110"":21,""11000111"":72,""01101011"":7,""10101001"":6,""11011101"":31,""01101111"":27,""01111110"":11,""10011111"":4,""11011111"":25,""00011101"":23,""01011111"":22,""01001001"":17,""00100111"":9,""00000101"":51,""01100100"":43,""01100110"":46,""10001100"":9,""10111110"":8,""11111100"":17,""00101101"":7,""10011100"":4,""01111000"":3,""11011011"":2,""01111101"":5,""00011111"":9,""11101011"":3,""01100011"":7,""00000110"":48,""10101110"":7,""10001110"":14,""00101010"":1,""01000100"":93,""00000001"":9,""11100000"":13,""11001001"":12,""01011001"":4,""01111010"":1,""01000101"":102,""01000111"":65,""10000111"":6,""10110101"":7,""01000110"":116,""10101111"":4,""01000011"":10,""01010100"":22,""11100110"":54,""11000010"":9,""00110101"":9,""10111100"":5,""11000100"":80,""11010011"":3,""11110110"":17,""01010101"":24,""11100101"":57,""11010110"":27,""01010111"":12,""01100001"":10,""01110101"":8,""11010111"":17,""00000011"":6,""10100101"":8,""00010101"":12,""00111110"":14,""01101010"":4,""00000111"":38,""11000110"":87,""11110001"":5,""11000001"":11,""01010110"":24,""11110101"":20,""00100100"":7,""11000011"":7,""01110100"":4,""11100011"":5,""00010100"":13,""01000001"":16,""11110100"":15,""10110111"":3,""10100000"":2,""11100001"":6,""01110110"":14,""11110111"":6,""00110000"":3,""00110100"":5,""01000010"":7,""00100110"":12,""11000000"":21,""10100100"":6,""00110010"":1,""01100111"":29,""01010000"":2,""11010100"":30,""10010101"":4,""00001011"":6,""11001011"":8,""00100101"":7,""10010111"":5,""10000110"":15,""11011000"":6,""10110100"":1,""01101000"":11,""10000000"":2,""11010001"":2,""11101101"":52,""10011110"":3,""10110000"":3,""10001111"":11,""00011010"":1,""00011011"":1,""11111000"":8,""10111000"":2,""00001001"":12,""11101001"":5,""01111100"":9,""00101001"":3,""11111011"":1,""11101010"":5,""00101011"":1,""00011001"":3,""00101110"":2,""10101011"":1,""10001000"":2,""00110001"":2,""11010010"":1,""10111111"":2,""11111001"":4,""01100000"":16,""10011011"":2,""01011011"":1,""11011010"":5,""00111101"":10,""10000001"":2,""00110110"":4,""00000000"":9,""00110111"":4,""00010110"":13,""11110000"":6,""10000100"":19,""10110001"":2,""10110110"":3,""10010100"":5,""00010001"":1,""01100010"":7,""10100110"":5,""00001010"":7,""00111100"":4,""11011001"":1,""10001010"":2,""01110011"":1,""10010110"":4,""10110010"":1,""11100010"":6,""11010000"":7,""10010001"":1,""11110010"":4,""11110011"":2,""00000010"":3,""01111001"":2,""01110000"":2,""00011000"":3,""00111000"":1,""10111010"":1,""10100111"":3,""00111011"":2,""10100001"":1,""01010001"":2,""11101000"":4,""00010000"":2,""00100010"":1,""00101000"":1,""00111001"":1,""00110011"":1,""10010000"":2,""10010010"":1,""10000010"":1}"
20,x,4000,0.1775,0.36650000000000005,-0.651,0.015499999999999958,0.15549999999999997,-0.0035000000000000586,-0.23399999999999999,0.4265,"{""00000010"":6,""01000000"":35,""11010100"":26,""00000100"":69,""10111110"":30,""00110100"":42,""01110110"":45,""01000100"":126,""00001000"":11,""01000110"":71,""10110100"":28,""11100110"":10,""01010111"":5,""01000101"":87,""00110101"":34,""01100100"":47,""01110000"":25,""01000010"":10,""00000110"":32,""11110111"":12,""00100100"":33,""00010000"":5,""10010100"":3,""11001100"":32,""00010100"":30,""01000111"":36,""00100111"":12,""00100000"":9,""10100110"":15,""00100110"":36,""01100101"":45,""10100100"":21,""01110111"":12,""11110100"":43,""10000110"":6,""10010110"":1,""11110000"":10,""11110101"":34,""00100010"":7,""11010111"":13,""00100001"":10,""11110110"":26,""11000100"":43,""00000101"":57,""11010110"":14,""11001101"":27,""00001100"":63,""01000001"":23,""10110000"":8,""10100001"":5,""01110101"":62,""11000110"":12,""00000111"":18,""00100101"":39,""11000101"":21,""01010110"":12,""00110110"":14,""11010000"":9,""01100010"":12,""01110100"":74,""00110111"":12,""01100110"":32,""11000010"":6,""10101110"":12,""01011101"":20,""01111100"":70,""01001100"":104,""10111000"":7,""10101111"":7,""00101010"":4,""00101101"":34,""01101110"":32,""00101111"":21,""01111101"":62,""11111101"":34,""11011010"":1,""00101100"":36,""01001000"":39,""01001111"":34,""11111011"":4,""10001101"":8,""01001110"":82,""01101101"":61,""01001101"":92,""11001110"":17,""01101100"":52,""00001111"":30,""00101001"":7,""00001101"":47,""11111001"":6,""00111100"":27,""11111100"":49,""10111100"":34,""11111111"":12,""01111110"":41,""01101001"":10,""01101000"":14,""00001001"":9,""01011100"":24,""10101000"":9,""00011101"":22,""00101011"":2,""01011001"":4,""01111000"":19,""00011100"":26,""11101001"":2,""00111110"":20,""00001110"":41,""00011000"":4,""11101101"":7,""00101110"":18,""10111101"":35,""11101110"":8,""01001011"":11,""10011110"":7,""10011100"":8,""10001110"":4,""01001010"":13,""10110101"":28,""10011000"":4,""10101100"":13,""11101000"":2,""11001010"":4,""11011100"":21,""00101000"":14,""01111111"":20,""10101101"":12,""00011110"":12,""11111110"":21,""01011110"":7,""00011001"":2,""11011110"":10,""10001100"":8,""00111101"":21,""10011111"":1,""10001111"":5,""10000111"":6,""10110110"":14,""11110001"":9,""00010001"":4,""00010110"":14,""00110000"":9,""01010100"":17,""00010011"":2,""01010101"":22,""10000100"":10,""10100000"":4,""10110010"":3,""00010101"":30,""01100000"":15,""01100001"":7,""00110001"":4,""11011111"":10,""10100111"":3,""10110001"":4,""10000001"":3,""11011000"":10,""01010010"":3,""10011101"":5,""00011111"":8,""01101011"":3,""00111000"":9,""01001001"":16,""01011111"":8,""01111001"":9,""01101111"":17,""11111010"":3,""11001001"":6,""01110011"":4,""00000001"":13,""11001111"":8,""00111001"":5,""01111010"":8,""00111111"":12,""00010010"":3,""10111111"":7,""00111010"":2,""11100100"":7,""10110111"":11,""10101001"":5,""01110001"":6,""11011001"":5,""11011101"":15,""00000000"":15,""01100111"":22,""01010001"":7,""11010101"":23,""11100111"":3,""11010001"":4,""00100011"":2,""01101010"":1,""01011011"":1,""11000111"":6,""01000011"":6,""10100101"":11,""10100010"":3,""00110010"":4,""10010101"":6,""01110010"":3,""10000010"":2,""11100101"":7,""10000000"":3,""01010000"":5,""11000000"":12,""00011011"":2,""10001001"":2,""11101100"":9,""11111000"":8,""11110011"":1,""00010111"":2,""01010011"":3,""10000101"":8,""11000001"":6,""10010001"":2,""11110010"":7,""10001000"":1,""01100011"":2,""11001011"":1,""11000011"":1,""11011011"":1,""10111010"":4,""01011000"":6,""11001000"":4,""00001010"":4,""00001011"":4,""11101010"":1,""01011010"":1,""10111001"":1,""00111011"":1,""00110011"":2,""10010111"":1,""00000011"":2,""01111011"":1,""10010010"":1,""10110011"":2,""11010010"":1,""11101111"":1,""10010000"":1,""00011010"":1}"
21,x,4000,-0.04249999999999998,0.3185,-0.2669999999999999,0.0020000000000000018,-0.37650000000000006,-0.09000000000000008,-0.20950000000000002,0.29200000000000004,"{""01010110"":38,""01010111"":33,""01010000"":35,""00011100"":29,""11110101"":55,""00010110"":17,""01001001"":16,""01010101"":77,""00000010"":6,""00100100"":26,""00000000"":2,""01010010"":30,""01100110"":24,""00110111"":28,""00110001"":30,""11110010"":19,""00110100"":56,""00000001"":8,""10110011"":4,""01111010"":8,""01110100"":38,""00010101"":22,""01010001"":59,""01110101"":33,""11110100"":72,""11100100"":10,""10110111"":14,""01110110"":20,""11110111"":23,""10010011"":5,""01110001"":17,""10000001"":6,""01100101"":31,""00100000"":8,""01111000"":13,""01010100"":72,""01100011"":14,""00000101"":19,""11100110"":4,""01110010"":16,""00011001"":16,""10010110"":5,""11100000"":3,""11110001"":35,""00010011"":3,""00110010"":20,""01100000"":15,""11010100"":10,""10010000"":8,""01000011"":5,""00010010"":11,""11010001"":8,""00000100"":25,""10110101"":13,""01100100"":25,""00010100"":20,""11110000"":40,""00100010"":7,""10110110"":10,""11000001"":12,""01000000"":8,""11010110"":4,""01110111"":10,""10010111"":9,""01000100"":21,""10010010"":5,""11010111"":7,""10011011"":6,""11110110"":24,""11000010"":8,""10000110"":10,""00110110"":15,""10010101"":15,""00100011"":4,""01111100"":37,""00101110"":10,""00111011"":11,""00011101"":18,""00011011"":5,""00111101"":77,""00101001"":16,""11111111"":32,""01011011"":26,""00111010"":29,""01111001"":20,""00101010"":9,""11001001"":9,""11111101"":56,""01011100"":70,""10101100"":8,""01011101"":80,""01101101"":40,""00101100"":15,""10011100"":10,""00011111"":14,""11111011"":13,""01011111"":34,""01011110"":35,""11111010"":27,""10101101"":22,""11011010"":10,""00101101"":13,""01011001"":43,""01101000"":6,""11111100"":60,""00110101"":59,""11111000"":31,""01011010"":42,""00001111"":13,""11111110"":29,""01111011"":9,""01100001"":25,""00111110"":20,""11001101"":12,""01111101"":33,""10001100"":9,""01101111"":17,""01001110"":10,""01001111"":11,""01101100"":20,""01111111"":20,""00011010"":4,""10001111"":8,""10001110"":8,""00111001"":38,""10011000"":7,""00111100"":51,""01011000"":26,""00111111"":29,""00001001"":9,""00111000"":21,""10111101"":19,""01001100"":15,""10111001"":14,""01101010"":7,""11111001"":50,""01000001"":18,""11000100"":17,""11000101"":14,""10000011"":5,""11101100"":9,""11100111"":2,""10110100"":17,""01000110"":19,""01010011"":23,""10110001"":13,""00000011"":3,""01000101"":30,""11110011"":17,""11100101"":7,""00100101"":20,""01000111"":13,""10000100"":10,""00010001"":8,""11000000"":3,""11010101"":13,""01110011"":7,""10100001"":8,""00110011"":14,""10111111"":9,""10001101"":20,""11001010"":9,""01001000"":12,""01111110"":12,""00001010"":10,""00000110"":10,""11001100"":19,""11011110"":3,""11101011"":2,""01101001"":18,""00101111"":5,""10111100"":11,""01001010"":3,""10011111"":6,""00000111"":9,""10101110"":3,""11101001"":4,""00011110"":10,""11011111"":7,""11101111"":1,""01001011"":6,""10111010"":6,""00010000"":12,""00100110"":9,""11000110"":9,""00110000"":32,""01110000"":10,""11000011"":2,""00010111"":8,""01100010"":11,""10000111"":5,""11000111"":8,""01100111"":11,""11011100"":14,""01101110"":11,""10110010"":5,""10100111"":3,""11011101"":12,""10011101"":24,""00001100"":17,""00001101"":18,""11101101"":9,""00001011"":8,""10111000"":9,""10111011"":6,""01001101"":23,""10001000"":8,""11001111"":3,""11101110"":4,""10101001"":5,""00011000"":6,""00001110"":6,""10101010"":6,""10000000"":3,""11101000"":5,""11011001"":9,""00101000"":4,""10101011"":5,""10011010"":6,""00001000"":5,""10011001"":9,""10010100"":12,""10010001"":10,""10000101"":13,""10110000"":6,""10000010"":6,""01000010"":8,""11001110"":3,""10100101"":12,""00100111"":7,""01101011"":6,""11011011"":6,""10111110"":5,""00101011"":2,""10101000"":4,""10101111"":2,""10001010"":4,""11010000"":1,""11100001"":4,""10100010"":2,""11010010"":3,""10100110"":3,""10100100"":5,""11001000"":1,""10001001"":8,""11101010"":2,""11010011"":1,""00100001"":3,""10011110"":4,""10100000"":5,""11100010"":2,""10001011"":3,""11001011"":3,""11100011"":2,""11011000"":1,""10100011"":1}"
22,x,4000,-0.39050000000000007,0.64,-0.6735,0.016000000000000014,-0.00649999999999995,0.026499999999999968,0.08450000000000002,-0.8115000000000001,"{""10100101"":165,""11000111"":40,""10110111"":17,""11001100"":56,""10010101"":141,""10100100"":84,""11001001"":24,""00010101"":14,""11100100"":58,""11000101"":144,""11110101"":78,""11000100"":88,""01110100"":4,""00100101"":14,""11000000"":8,""10100001"":28,""11110010"":4,""11010100"":48,""00110101"":8,""00010011"":6,""11100111"":21,""10110100"":57,""11110100"":44,""11100101"":100,""11000001"":19,""10110011"":9,""10110101"":93,""10100110"":17,""11101100"":27,""00111101"":7,""10111101"":105,""10011100"":54,""11010001"":17,""10101100"":53,""11111100"":34,""11001011"":10,""10001101"":48,""11010101"":86,""10010001"":15,""10011101"":176,""10010100"":79,""00110100"":5,""10000101"":40,""00000100"":8,""10100111"":42,""10111100"":51,""11100001"":9,""00010110"":1,""11101110"":5,""10100010"":5,""10100000"":14,""11001101"":137,""10000001"":9,""00010001"":5,""11110111"":14,""10010011"":12,""10011001"":40,""11000011"":9,""01010101"":5,""00011101"":26,""00010111"":9,""10000111"":10,""10101111"":31,""11110001"":10,""10010000"":16,""10000100"":22,""10010111"":29,""11110011"":7,""11010111"":24,""10010110"":7,""01100001"":3,""10111001"":18,""11111011"":7,""11011100"":38,""11011101"":103,""11111101"":83,""10101101"":160,""01101100"":4,""01111100"":2,""10111111"":19,""10001001"":8,""11001111"":32,""00000111"":2,""11101101"":88,""00101100"":9,""11001110"":5,""11111001"":18,""10001100"":20,""10101001"":25,""10111011"":9,""01001111"":2,""10001111"":14,""10011110"":10,""01001110"":1,""11011011"":10,""01111101"":11,""01011101"":11,""11001010"":1,""11011001"":20,""11101111"":15,""11011110"":4,""01101111"":4,""11011111"":20,""10011011"":10,""11011000"":8,""01101101"":5,""10011111"":39,""00011100"":18,""00011111"":6,""10101011"":15,""11111111"":10,""00101000"":2,""01001100"":2,""00100001"":4,""00010100"":12,""00100100"":6,""00000101"":12,""10100011"":8,""11010000"":8,""11010010"":2,""00010010"":1,""01000101"":8,""00111011"":2,""11101000"":10,""01100101"":3,""10101110"":4,""11001000"":9,""10011010"":4,""10111000"":3,""11011010"":2,""00001101"":10,""10101010"":4,""10011000"":12,""11111110"":6,""11111000"":10,""01001101"":8,""00001100"":6,""10101000"":12,""10001011"":3,""11101001"":9,""11000110"":7,""11100000"":2,""11100011"":6,""11010011"":11,""10000000"":4,""01111000"":2,""00110111"":1,""11010110"":9,""01000100"":4,""10110000"":11,""01110101"":8,""11100110"":5,""00111100"":7,""00111111"":1,""10111110"":3,""01011111"":5,""00011001"":3,""00101101"":16,""10001010"":1,""10001000"":1,""00001111"":1,""01011100"":3,""01101000"":2,""01100100"":5,""10001110"":4,""00011110"":3,""01011110"":1,""11110000"":9,""00100110"":2,""01000111"":1,""00111010"":1,""00110001"":2,""10110110"":7,""11000010"":2,""10000110"":2,""01010100"":3,""01010001"":1,""10110010"":3,""00000000"":2,""01100010"":1,""10110001"":6,""11101011"":8,""10010010"":4,""01100111"":3,""10111010"":2,""00010000"":2,""11100010"":3,""11111010"":3,""00101111"":2,""01000110"":1,""00101001"":3,""00000011"":1,""00000001"":2,""00110000"":1,""11110110"":4,""00100111"":1,""00101011"":2,""01001001"":1,""01001011"":2,""00100000"":1,""01011010"":1,""00100011"":3,""01011001"":1,""00001001"":3,""01011000"":1,""00000010"":1,""01100000"":1,""00100010"":1,""01010000"":1,""01000000"":1,""11101010"":1}"
23,x,4000,0.016000000000000014,0.138,-0.4005000000000001,0.015499999999999958,-0.33000000000000007,-0.06099999999999994,-0.10699999999999998,-0.7665,"{""11011011"":23,""01011110"":2,""11000111"":53,""10111110"":55,""00111100"":19,""00011100"":10,""10111001"":27,""10100111"":27,""11001001"":7,""10001000"":11,""11011101"":76,""10111101"":80,""11001111"":39,""11001101"":35,""10111100"":117,""11111101"":18,""11011111"":125,""10100101"":18,""10111111"":106,""10101111"":25,""10110111"":89,""11011100"":114,""11111100"":32,""10011110"":11,""11011000"":59,""10001111"":16,""11101101"":34,""10001101"":17,""10011100"":20,""00111011"":7,""10100110"":10,""10110000"":60,""11011110"":51,""00110100"":30,""11011010"":27,""00111101"":17,""11001000"":24,""00111000"":8,""10100100"":36,""00011101"":6,""11111111"":29,""10011001"":3,""11101100"":35,""10111011"":24,""10011011"":5,""11001100"":42,""10111000"":59,""01111001"":2,""11101011"":15,""10011000"":7,""10110101"":72,""00001000"":3,""11000011"":13,""00101100"":8,""00011011"":3,""10011101"":12,""01111101"":1,""10101100"":39,""00101010"":3,""00011001"":2,""11010011"":35,""11101010"":12,""10101001"":6,""10110100"":96,""11100111"":38,""11110101"":17,""11000000"":38,""11010101"":72,""10100000"":19,""00100111"":6,""00110111"":20,""10000100"":21,""11100001"":13,""10100011"":9,""11010000"":66,""10110110"":39,""10110010"":25,""11110000"":30,""10100010"":5,""10010101"":13,""11010110"":40,""10010111"":9,""01000111"":5,""11010100"":120,""01010100"":3,""11100100"":52,""00110101"":17,""11010010"":50,""11010111"":116,""01000101"":3,""11110100"":25,""11011001"":24,""11000010"":17,""10001100"":15,""11010001"":29,""00100010"":2,""00110011"":7,""11100000"":17,""00010010"":1,""01101001"":2,""10000101"":8,""11100110"":18,""10000011"":6,""11110110"":6,""11110010"":11,""00100011"":4,""11000101"":45,""10101000"":14,""10111010"":36,""11111000"":11,""11100011"":15,""11001110"":17,""11101000"":14,""10101101"":20,""11001011"":10,""00100100"":4,""00111111"":20,""00011111"":5,""11100101"":34,""11101111"":31,""00111110"":7,""00101000"":1,""01101100"":4,""00101111"":8,""10001001"":2,""11101110"":18,""10010000"":6,""11000100"":43,""10110001"":23,""01100111"":3,""10110011"":37,""11110111"":33,""11110011"":12,""11000110"":23,""01000100"":8,""11100010"":6,""11000001"":12,""01110111"":3,""00100101"":4,""10100001"":9,""00000100"":3,""00011110"":7,""10000111"":17,""10000001"":4,""01100110"":3,""00010100"":5,""10000010"":5,""00010110"":5,""01100000"":5,""10010100"":5,""10010001"":3,""10000110"":9,""00010111"":8,""00010101"":6,""00110001"":7,""01110110"":5,""01010101"":3,""01010111"":3,""01110100"":3,""10010011"":1,""10000000"":7,""00110000"":14,""01000010"":3,""01110000"":2,""01001111"":9,""00000101"":2,""00101101"":6,""11111010"":6,""11111110"":12,""11101001"":5,""11001010"":12,""01110010"":1,""00010011"":2,""00110010"":2,""11110001"":7,""00010000"":3,""10010010"":2,""00101001"":2,""00111001"":5,""11111011"":6,""01011101"":4,""11111001"":5,""01001001"":4,""00101110"":2,""01111000"":4,""01001100"":6,""00011010"":2,""10010110"":3,""00100110"":2,""00110110"":4,""00001001"":1,""00000010"":1,""01101000"":3,""01001010"":2,""00001110"":1,""10011111"":11,""01011100"":7,""01110001"":1,""10101110"":5,""10001110"":1,""00111010"":2,""10101011"":6,""10001011"":2,""10001010"":7,""10101010"":7,""01110011"":2,""01111111"":5,""00001010"":1,""01001011"":1,""01001000"":2,""01001101"":3,""01111110"":1,""00101011"":1,""00011000"":1,""01101101"":1,""01000110"":1,""01010110"":1,""01110101"":4,""01100011"":1,""01100100"":2,""00000111"":1,""01010010"":1,""00100000"":3,""01100101"":1,""01010011"":1,""01001110"":3,""01111011"":1,""01011011"":1,""01101111"":1,""00010001"":1,""01011000"":1,""00001100"":3,""00001011"":1,""01111010"":1,""00001101"":1,""01111100"":1}"
24,x,4000,0.16100000000000003,-0.2849999999999999,-0.04800000000000004,-0.010499999999999954,-0.534,-0.0774999999999999,0.18500000000000005,-0.1825000000000001,"{""01011110"":48,""10111010"":81,""00000001"":2,""01000011"":7,""10101000"":10,""01001010"":13,""01111101"":18,""00111111"":21,""10011011"":28,""11011110"":38,""00011010"":14,""00111110"":67,""00001101"":3,""10111111"":30,""11101010"":9,""11011000"":17,""01110010"":28,""00001110"":5,""01111110"":31,""01000010"":10,""11111110"":33,""10011110"":48,""11011100"":14,""11111111"":16,""01011010"":27,""10111011"":45,""10011000"":16,""01001100"":6,""11101001"":8,""10001110"":18,""11010111"":27,""01001101"":8,""00011011"":12,""01101110"":9,""00110011"":39,""00111001"":21,""10001001"":4,""11011010"":34,""01111010"":28,""10110101"":34,""00011101"":15,""11101110"":11,""01010010"":30,""10100111"":10,""10110110"":61,""10111110"":57,""00001011"":7,""11111011"":15,""10001000"":12,""10101011"":9,""11101011"":7,""10111100"":26,""11011001"":12,""01011011"":18,""00111101"":38,""00011001"":11,""11001010"":20,""11101100"":6,""10001010"":20,""10011100"":24,""01011100"":10,""11111000"":13,""00111010"":41,""10111101"":31,""11111010"":29,""10001011"":19,""01101101"":4,""00101000"":5,""00111000"":23,""11100111"":8,""11111001"":8,""10011111"":23,""11111101"":9,""10101001"":5,""10101110"":26,""10011010"":45,""01111011"":14,""10011001"":22,""10110010"":55,""11000110"":15,""10000010"":18,""00110010"":69,""00100110"":7,""00000101"":9,""01000100"":7,""10010111"":34,""11010100"":20,""10000101"":9,""00000011"":3,""11011101"":31,""11110110"":34,""11110101"":22,""10110100"":21,""00110101"":30,""10111001"":28,""10010010"":42,""01100100"":2,""01010111"":13,""00010111"":10,""11010101"":29,""00110100"":29,""00110110"":74,""10110111"":30,""10010001"":16,""10000011"":12,""10000100"":6,""11110011"":21,""01010101"":15,""00110001"":23,""11010000"":13,""10110001"":25,""11010110"":48,""00010101"":10,""11110100"":20,""01010110"":31,""11010010"":41,""01010011"":22,""01100110"":8,""10110011"":30,""11010001"":17,""10100100"":12,""10000110"":20,""01100111"":3,""11000101"":4,""11100001"":6,""01010100"":7,""11110111"":17,""01110101"":7,""00100111"":4,""11000000"":4,""10100010"":18,""00010010"":18,""11100110"":10,""10010110"":55,""10100110"":21,""10100000"":6,""10100101"":17,""00111100"":25,""01011000"":13,""00111011"":41,""01011101"":17,""10101101"":10,""00011100"":7,""00001111"":7,""10111000"":28,""11111100"":11,""10001101"":13,""10011101"":24,""10001111"":9,""11011111"":18,""11001101"":6,""01111111"":10,""00101110"":13,""01111001"":9,""10101111"":11,""11001111"":9,""01011111"":12,""00001100"":4,""01001001"":3,""00011000"":8,""00011111"":10,""11001110"":14,""11011011"":27,""01100011"":2,""11001001"":6,""01001000"":5,""01100101"":6,""01010000"":9,""01001110"":11,""01010001"":18,""01000110"":12,""10010100"":17,""10001100"":10,""01111100"":10,""00011110"":15,""01001111"":10,""11110000"":18,""00110111"":25,""11010011"":20,""00110000"":25,""01100001"":2,""00010110"":19,""11110001"":12,""10010011"":25,""10010000"":8,""10110000"":24,""00100010"":8,""11000011"":1,""10000111"":7,""01110001"":12,""11100011"":6,""00010011"":9,""01110110"":22,""11110010"":24,""00010001"":10,""10010101"":28,""01100010"":7,""00000111"":5,""00010000"":5,""00100011"":4,""11000010"":14,""00000010"":7,""11001000"":7,""11001011"":10,""01101111"":2,""00001010"":6,""00100101"":4,""11000100"":4,""10000000"":10,""00010100"":7,""00000100"":4,""11100010"":9,""11100000"":2,""01000101"":6,""11001100"":5,""01110000"":7,""10100011"":14,""00000110"":5,""01110100"":7,""01000000"":6,""01110011"":11,""01000001"":6,""01000111"":3,""01110111"":9,""11100101"":4,""01100000"":2,""01011001"":5,""10000001"":4,""01111000"":10,""00101001"":3,""10101100"":5,""00101111"":6,""00101010"":11,""10100001"":4,""00001001"":3,""11000111"":3,""01001011"":6,""00001000"":4,""00100000"":1,""11101000"":3,""00000000"":2,""00101100"":3,""11101101"":2,""00101011"":7,""00101101"":5,""10101010"":6,""11101111"":5,""01101001"":1,""01101010"":2,""11100100"":2,""00100001"":3,""00100100"":3,""01101011"":2,""01101100"":1,""01101000"":1,""11000001"":1}"
25,x,4000,-0.3779999999999999,-0.26249999999999996,0.23750000000000004,-0.01649999999999996,-0.6579999999999999,0.035499999999999976,-0.1339999999999999,-0.14549999999999996,"{""01111011"":72,""10101011"":9,""01011010"":46,""01011011"":92,""01111101"":28,""10011011"":122,""01101011"":19,""11011111"":13,""11011011"":57,""01001011"":17,""00111011"":45,""10011010"":72,""00111111"":15,""11001010"":2,""00011011"":49,""01011100"":17,""01011101"":41,""10001011"":18,""11111010"":58,""10111100"":5,""10001101"":9,""10011101"":63,""11111011"":113,""10111110"":11,""11101011"":25,""10111111"":13,""00001000"":1,""01011001"":19,""11111111"":33,""11101111"":6,""10001000"":4,""10001111"":8,""11111000"":18,""11111101"":61,""10011001"":26,""00000101"":6,""11011010"":13,""10010001"":38,""01001101"":12,""01111111"":23,""00111101"":24,""01111100"":7,""10011111"":43,""11110100"":24,""01111110"":12,""10111011"":29,""01110001"":24,""10001001"":5,""11111001"":29,""00111000"":7,""10111010"":15,""11110001"":37,""00001101"":3,""00011010"":19,""00110011"":47,""11011100"":8,""11110011"":100,""10010111"":29,""01110010"":30,""01100101"":15,""11100111"":11,""11001101"":8,""01010010"":39,""01010101"":38,""11010001"":17,""01010011"":90,""01010000"":14,""00010101"":16,""10010011"":133,""10010110"":21,""01001100"":3,""10010101"":56,""10010000"":15,""10000011"":24,""01110101"":30,""11010111"":9,""01011111"":32,""01010001"":32,""01110111"":19,""11010100"":10,""00010011"":26,""10000101"":10,""11100101"":18,""00010001"":17,""01111001"":14,""10000000"":7,""00100011"":12,""11110010"":52,""00000011"":4,""11010010"":20,""00110101"":37,""01110011"":55,""10110010"":16,""01010100"":15,""11010101"":17,""11110111"":20,""11101101"":15,""10010010"":45,""10000111"":8,""10010100"":21,""01100011"":14,""01010110"":16,""11100110"":4,""11000100"":3,""11110110"":15,""10100011"":7,""11110101"":55,""01000010"":6,""01010111"":19,""00010111"":6,""10110011"":30,""11100001"":8,""00111001"":9,""00111010"":23,""10011000"":15,""11101010"":16,""01111010"":41,""01101110"":8,""11001011"":7,""10101001"":4,""11011001"":17,""11111100"":20,""00111100"":7,""00011101"":18,""11011110"":4,""00011111"":14,""11101100"":7,""00101111"":2,""10000001"":8,""10101010"":6,""10011100"":25,""10100100"":2,""01101101"":3,""11101001"":7,""11011101"":21,""11100010"":15,""01011000"":16,""00110111"":20,""00010110"":8,""10000010"":9,""01000101"":11,""00110010"":19,""10110101"":21,""11010011"":48,""00110000"":8,""00110100"":8,""10100110"":4,""10000110"":3,""11000101"":9,""00110001"":16,""00010010"":15,""00100100"":4,""11100000"":3,""10000100"":2,""10011110"":17,""01000111"":4,""01001000"":3,""01000011"":12,""11100011"":23,""00100111"":3,""10110001"":10,""11110000"":10,""10110111"":9,""11010110"":8,""01000001"":4,""11000011"":5,""00010000"":6,""10110100"":11,""01100001"":3,""00000000"":1,""01110000"":10,""01110100"":13,""01110110"":8,""00100000"":2,""01000110"":2,""10110110"":6,""00100001"":1,""01100111"":8,""10100000"":1,""10100101"":8,""11111110"":17,""00010100"":5,""00000001"":2,""01100110"":1,""00100101"":8,""11101110"":7,""10100111"":5,""11010000"":4,""10110000"":2,""01100010"":5,""11000010"":2,""11000111"":2,""00100010"":2,""10111000"":7,""11011000"":5,""01001110"":7,""00101101"":5,""01011110"":10,""10111101"":12,""00011001"":10,""10001100"":3,""01101010"":6,""10101101"":8,""01101000"":2,""01101111"":5,""00011100"":3,""00110110"":4,""10100010"":6,""00000100"":1,""01111000"":7,""10111001"":4,""10101100"":6,""01001010"":4,""10001110"":4,""00011000"":5,""00101011"":5,""00101100"":3,""11001000"":2,""11101000"":1,""01001001"":3,""10001010"":5,""00001110"":2,""01101001"":2,""11001111"":4,""01101100"":2,""00111110"":4,""00001100"":2,""00001011"":3,""11001001"":3,""10101111"":1,""01001111"":1,""00101010"":4,""00000010"":3,""00001111"":3,""11100100"":1,""01000000"":1,""00011110"":2,""01000100"":1,""11000110"":1,""11000000"":2,""11000001"":1,""11001100"":1,""11001110"":3,""00101110"":2}"
26,x,4000,-0.0674999999999999,-0.009500000000000064,0.15700000000000003,0.020000000000000018,-0.1705000000000001,0.29200000000000004,-0.03400000000000003,0.34099999999999997,"{""01010000"":39,""01100011"":18,""00110011"":20,""00000010"":10,""01010010"":76,""01000001"":26,""00001010"":14,""01010100"":62,""10100010"":10,""01001100"":28,""01010110"":32,""10001001"":10,""01010001"":60,""01000101"":20,""10000101"":13,""10000100"":15,""00100101"":31,""11101001"":7,""00100010"":35,""11010100"":15,""00001001"":10,""00010111"":12,""11010000"":13,""01000100"":27,""00000011"":21,""11100010"":10,""01000011"":31,""01100100"":14,""00100100"":37,""00100011"":45,""10001011"":30,""11000100"":8,""01110110"":7,""10000011"":28,""10010010"":27,""00110000"":10,""00101011"":40,""10010111"":27,""11010101"":10,""10110111"":3,""01000110"":12,""01010011"":90,""01000010"":35,""01010101"":48,""01101000"":11,""00010000"":9,""01000000"":9,""00000000"":8,""01011100"":64,""01111011"":29,""00010101"":16,""00100001"":23,""10100000"":10,""00010011"":29,""11110010"":6,""01010111"":37,""00010100"":16,""10100100"":10,""11010011"":15,""11110110"":3,""11010111"":12,""00000110"":4,""01110101"":11,""10011001"":36,""11000011"":6,""10100011"":15,""10110010"":9,""11010001"":12,""10000010"":14,""01011101"":47,""01110111"":12,""01011010"":58,""11000010"":7,""10000000"":11,""00110010"":13,""10110011"":12,""00000100"":15,""00100110"":18,""01100110"":13,""10101100"":15,""01000111"":21,""10100101"":8,""10000111"":9,""11011010"":14,""10010011"":51,""10100111"":5,""00110110"":7,""00100000"":15,""11100110"":7,""00110111"":13,""10010001"":29,""11100001"":15,""00100111"":28,""01101001"":12,""10010110"":12,""10100001"":7,""11100101"":6,""11000000"":1,""00010010"":18,""01110011"":26,""01011001"":79,""00010001"":19,""11000101"":6,""10010101"":19,""11010010"":12,""11100000"":7,""10001000"":10,""10100110"":7,""01011110"":34,""10000110"":8,""11110011"":4,""00010110"":8,""01110100"":19,""10010100"":29,""10110100"":7,""11100100"":10,""00110101"":6,""01100000"":10,""00000101"":15,""01011000"":58,""10111110"":9,""10101010"":4,""10111011"":9,""00001011"":11,""10011111"":13,""11101101"":5,""00101100"":45,""00101010"":24,""00011000"":22,""01101111"":9,""01001011"":30,""00001000"":8,""11011100"":10,""00011011"":32,""00111010"":15,""01101100"":6,""01011011"":89,""10011010"":30,""10011100"":42,""11001110"":2,""01100010"":4,""10001100"":26,""11111001"":2,""11001111"":2,""10001110"":5,""10101011"":12,""00111100"":4,""01111000"":11,""10011011"":36,""01001000"":20,""10011000"":26,""01001111"":10,""00011110"":13,""11011101"":9,""00011100"":17,""01111001"":19,""00111101"":8,""10101001"":10,""10011101"":18,""00011001"":22,""01001001"":20,""00101101"":27,""00011010"":22,""01101011"":19,""01110001"":9,""01101101"":12,""00101001"":33,""01001101"":17,""00001101"":8,""00101110"":16,""00011111"":11,""00001100"":16,""00101000"":29,""01011111"":35,""10111100"":12,""01001010"":21,""11001010"":3,""11011000"":12,""00011101"":17,""01001110"":16,""01111110"":8,""00000111"":12,""00111000"":4,""10001111"":6,""10011110"":12,""10111111"":4,""11101100"":4,""10110001"":5,""10010000"":18,""11101011"":11,""01110010"":15,""11000001"":5,""01110000"":11,""11101000"":6,""01100111"":4,""10110000"":8,""00000001"":8,""01100001"":7,""11100111"":6,""10110101"":10,""10000001"":11,""11100011"":9,""01111010"":13,""11111010"":5,""01111111"":11,""10001101"":9,""11011001"":15,""01101010"":9,""01101110"":8,""11011110"":4,""00101111"":18,""10111001"":7,""00110001"":6,""11001000"":3,""10111010"":7,""10101101"":2,""11111110"":2,""11011011"":26,""11111000"":3,""00111001"":4,""11101111"":7,""11001011"":5,""00111011"":11,""00111110"":6,""00001111"":4,""11111101"":7,""11001101"":2,""11101010"":7,""01111101"":5,""11110101"":7,""10001010"":7,""11110100"":6,""11111111"":4,""11101110"":6,""10101110"":7,""00111111"":6,""10111101"":6,""01111100"":7,""00110100"":9,""11001100"":2,""10110110"":3,""11110111"":4,""11000111"":3,""11110000"":3,""11110001"":4,""01100101"":8,""11000110"":3,""11010110"":6,""11111011"":4,""10111000"":4,""11111100"":5,""10101111"":3,""11001001"":4,""11011111"":1,""10101000"":1,""00001110"":1}"
27,x,4000,0.12649999999999995,0.18799999999999994,-0.3985000000000001,0.010499999999999954,-0.0694999999999999,-0.25550000000000006,-0.03049999999999997,0.16500000000000004,"{""11111010"":18,""10001011"":6,""11111100"":63,""10110000"":12,""01001110"":67,""00011101"":24,""11011110"":7,""10111101"":20,""10011110"":15,""01111101"":5,""01001101"":64,""11001110"":9,""00111011"":25,""00001100"":10,""00001110"":15,""00111110"":85,""11111000"":26,""10011000"":13,""01100111"":7,""11101100"":20,""10011001"":10,""01011110"":25,""01101110"":19,""00101110"":35,""01001000"":26,""11111110"":86,""10111000"":9,""00111100"":35,""11101001"":11,""01001001"":30,""11101110"":28,""01001100"":50,""11111111"":15,""01101000"":8,""10011100"":13,""10101110"":17,""00111101"":72,""10111100"":21,""00011010"":5,""10100110"":26,""00111000"":35,""10001101"":18,""11111001"":33,""01101011"":7,""10011101"":22,""00111001"":32,""10100001"":7,""10001000"":9,""01001011"":16,""11011010"":1,""01100101"":19,""11110111"":25,""00101100"":29,""10111111"":2,""01011001"":9,""11111011"":23,""01010100"":8,""00001101"":29,""01001010"":13,""01000101"":69,""00001001"":7,""01101001"":14,""10001111"":5,""11110101"":69,""10110110"":19,""10101100"":15,""10111010"":7,""11001001"":6,""11010001"":2,""01000100"":55,""10101000"":5,""01010001"":9,""11000010"":5,""11111101"":87,""11011100"":10,""11101101"":32,""11100110"":30,""01000001"":39,""00110111"":22,""11000110"":8,""10100000"":10,""01000010"":18,""10100100"":20,""00110101"":84,""00110001"":42,""00100110"":47,""01000011"":11,""10000110"":19,""01000000"":31,""01100001"":8,""00000000"":9,""10010110"":13,""01010110"":28,""00100101"":34,""01000110"":74,""00110100"":57,""00100001"":24,""00110110"":100,""00110000"":41,""00000101"":14,""11110011"":19,""00110010"":19,""11100101"":26,""00010111"":5,""11110100"":60,""00100111"":11,""00000010"":2,""10110111"":9,""10110001"":7,""11110110"":76,""01110110"":13,""00000110"":12,""10010001"":7,""10000011"":4,""10000001"":7,""11110001"":30,""01010101"":19,""10110100"":17,""11110000"":42,""00010101"":16,""00010110"":14,""01100110"":20,""01100010"":5,""11000100"":8,""10000100"":9,""00101101"":30,""00101010"":9,""10101101"":14,""00101000"":14,""11101010"":8,""01011100"":15,""11101111"":8,""01011011"":6,""11100001"":10,""11011111"":3,""00111010"":21,""00101011"":4,""00001111"":3,""01011101"":22,""01101010"":5,""10110101"":21,""00101111"":12,""01001111"":24,""00111111"":24,""11101011"":5,""11001101"":10,""01011000"":11,""00011110"":15,""11101000"":10,""00101001"":10,""00001000"":9,""10101011"":4,""01111001"":3,""10001100"":14,""01101100"":10,""01111100"":5,""01101101"":14,""00011000"":9,""10011011"":3,""10101010"":6,""10011010"":3,""01100100"":12,""10101001"":9,""10001110"":9,""00010100"":19,""00011100"":16,""00100000"":17,""01110011"":2,""11110010"":7,""01010011"":3,""00000001"":6,""10000000"":7,""11000111"":7,""00100100"":28,""01100000"":5,""00000011"":1,""10111110"":18,""11100100"":23,""00000100"":19,""11000011"":4,""01110100"":4,""00010000"":12,""11000000"":4,""10010100"":7,""10100010"":8,""11000101"":8,""11011101"":5,""10101111"":5,""00010001"":3,""00010011"":3,""01100011"":4,""00001011"":3,""00011011"":3,""10100101"":13,""01000111"":17,""11010101"":5,""10000111"":4,""10110010"":5,""10000101"":15,""11100111"":5,""10110011"":4,""10111011"":4,""11100000"":10,""00100011"":10,""10100011"":3,""10010000"":1,""00000111"":6,""01010010"":3,""11000001"":5,""01010111"":2,""00010010"":3,""10010101"":5,""01110101"":6,""11010110"":12,""00100010"":10,""01111000"":2,""10011111"":5,""10111001"":5,""11001111"":2,""10001001"":4,""01111110"":7,""00110011"":14,""11100011"":5,""11001000"":6,""10010010"":2,""01010000"":3,""11010000"":2,""11011000"":1,""00011001"":8,""00011111"":4,""01011111"":4,""11010100"":6,""11001100"":7,""01110010"":4,""10010111"":3,""10000010"":3,""11001010"":2,""11011011"":2,""01110111"":3,""01101111"":5,""11100010"":4,""00001010"":1,""11011001"":1,""10010011"":2,""01110001"":2,""11010111"":3,""01110000"":1,""10100111"":2,""11010011"":1,""11010010"":1,""11001011"":1,""01111011"":1,""10001010"":1,""01011010"":1,""01111111"":1}"
28,x,4000,-0.04600000000000004,0.03849999999999998,-0.30299999999999994,-0.0035000000000000586,-0.29699999999999993,0.033499999999999974,0.06299999999999994,-0.3285,"{""10101000"":8,""01111101"":65,""10001101"":78,""11111110"":71,""10011100"":42,""10111101"":8,""01001101"":32,""00111000"":6,""11111000"":33,""10011111"":29,""01111110"":37,""10001110"":53,""10111010"":6,""11011011"":11,""10001001"":13,""00111011"":9,""11111101"":83,""11011101"":31,""01011001"":4,""00011111"":2,""11101010"":6,""00111101"":16,""10001111"":26,""01111011"":39,""10011011"":41,""10011101"":86,""10000011"":41,""00001011"":7,""01101110"":9,""01111111"":25,""01011111"":6,""11111100"":37,""11101110"":6,""10011010"":31,""10011000"":31,""00001110"":10,""00011011"":10,""00101110"":6,""01110011"":25,""10101101"":28,""11110101"":84,""11111010"":21,""10011110"":64,""11111111"":33,""01101001"":3,""10001011"":38,""00010100"":7,""00101011"":3,""01011110"":19,""00111111"":7,""10000010"":30,""10101001"":6,""10101110"":25,""10001000"":34,""11110011"":50,""00111110"":9,""01000101"":20,""01110110"":54,""10111100"":15,""10111111"":11,""10010110"":71,""01111010"":16,""10101011"":12,""00111100"":9,""00111010"":6,""11001011"":2,""11011110"":11,""10000000"":33,""01110101"":58,""11110111"":31,""01100101"":8,""10010101"":79,""01110111"":28,""11110010"":30,""11111001"":19,""10010111"":27,""10010011"":47,""10100110"":22,""01100010"":3,""10100101"":36,""01100001"":5,""00110001"":7,""11100111"":4,""10110001"":4,""00011110"":15,""00010110"":16,""10000101"":81,""00010001"":5,""01010101"":26,""00010101"":12,""10010001"":13,""10110011"":12,""11110001"":11,""00000101"":13,""10000100"":34,""01111001"":18,""01000100"":12,""00000110"":5,""10010000"":34,""10000001"":13,""00110110"":14,""01001110"":14,""01100110"":10,""11010110"":11,""11010111"":10,""10110101"":26,""10000110"":65,""00010010"":4,""10000111"":23,""00000000"":5,""10110110"":12,""01010100"":7,""10100000"":11,""11010101"":16,""11110110"":53,""00110011"":9,""00100011"":6,""11100101"":7,""01110001"":19,""00110101"":14,""11010000"":7,""00110100"":13,""10100111"":12,""01110000"":20,""11101101"":10,""01010010"":6,""10010100"":50,""01110100"":27,""11110100"":40,""10100011"":17,""10110111"":8,""10010010"":26,""01100111"":4,""01110010"":18,""11101011"":7,""11000110"":5,""01010110"":15,""00100100"":8,""11100010"":3,""00010111"":5,""11010011"":7,""11000101"":8,""01000110"":14,""10001100"":37,""10100100"":16,""11000111"":1,""00110000"":7,""10110100"":9,""10110000"":16,""11100110"":4,""00000001"":2,""00110010"":4,""01101000"":5,""01001111"":10,""01101101"":10,""01000010"":6,""11000011"":3,""11000000"":1,""10100001"":5,""11100000"":6,""01100011"":6,""11010001"":5,""00000111"":6,""00010011"":8,""10100010"":9,""11000100"":2,""01000001"":3,""11100001"":5,""00011001"":3,""01000111"":7,""01010000"":5,""01001001"":5,""11100011"":5,""11010010"":4,""11111011"":39,""00110111"":6,""01100000"":3,""11110000"":21,""11000001"":5,""01000011"":7,""01000000"":4,""10110010"":4,""01011011"":6,""01011101"":21,""01010111"":6,""01010001"":7,""00010000"":4,""00100110"":7,""10001010"":27,""01001010"":5,""00011100"":6,""11001010"":2,""11001001"":2,""11011100"":7,""00001000"":7,""11011000"":11,""00100101"":3,""01111000"":26,""10101010"":4,""11011111"":11,""01011100"":15,""01001100"":8,""01101100"":4,""10111011"":8,""01101010"":4,""00011000"":9,""01111100"":31,""11010100"":8,""01100100"":7,""00100000"":2,""01010011"":8,""11101000"":7,""00000100"":4,""11001101"":6,""10101111"":13,""11101111"":8,""00011101"":19,""00001100"":5,""01101011"":9,""01101111"":7,""11001110"":5,""10111000"":4,""10011001"":15,""00000010"":4,""00101000"":4,""01011000"":5,""00101101"":4,""00001010"":3,""10111110"":14,""01001000"":9,""01001011"":7,""00111001"":6,""11011001"":3,""01011010"":3,""00001101"":12,""00001001"":4,""10111001"":2,""11011010"":4,""11101100"":4,""10101100"":13,""00101010"":2,""00001111"":5,""11001111"":1,""00000011"":3,""00100001"":1,""00100111"":3,""11001100"":4,""11100100"":2,""00011010"":4,""00100010"":1,""11000010"":2,""11001000"":3,""00101111"":2}"
29,x,4000,0.08199999999999996,-0.4675,-0.38149999999999995,0.00649999999999995,-0.3154999999999999,0.07350000000000001,0.17000000000000004,-0.51,"{""00010100"":5,""10010010"":52,""10010001"":13,""00110111"":9,""11110001"":10,""11011011"":8,""10100010"":25,""01000100"":4,""10110010"":62,""10000100"":7,""10100110"":50,""01110111"":26,""10110110"":101,""10100111"":42,""00010010"":14,""01110110"":32,""01010111"":21,""11010011"":13,""11010111"":67,""10110001"":25,""10110111"":87,""10010011"":21,""01110010"":19,""10001110"":31,""00010011"":7,""11100010"":12,""10010110"":77,""11100110"":22,""11111110"":31,""10010100"":17,""11000010"":35,""11110010"":18,""10100101"":16,""10010111"":79,""10011111"":74,""11000111"":34,""00110110"":9,""10111010"":57,""01111111"":19,""10010101"":38,""01010010"":21,""00000010"":9,""11001110"":45,""11010010"":37,""10000001"":7,""10110101"":35,""11010100"":15,""11000001"":22,""10000111"":22,""00010001"":5,""10000110"":25,""10110100"":31,""01110011"":7,""11011111"":52,""11100001"":2,""11100111"":20,""10111100"":25,""10011010"":71,""00000100"":5,""01000010"":8,""11010110"":55,""01100110"":13,""11000110"":47,""10100100"":19,""01010110"":16,""01111110"":17,""10000010"":12,""01100111"":8,""00010000"":4,""01010101"":7,""01111100"":7,""10111101"":32,""00001010"":13,""00001011"":4,""11101010"":10,""11011010"":39,""10011110"":88,""10001101"":17,""10101110"":73,""10111011"":16,""10111110"":89,""10101111"":48,""11001000"":3,""11011110"":52,""01000111"":7,""01001110"":9,""11001111"":29,""10011100"":20,""11111111"":24,""00101010"":7,""00011111"":22,""10111111"":75,""00111110"":16,""00011010"":23,""01011110"":31,""10011101"":50,""11110110"":31,""10011001"":20,""00001101"":5,""01011010"":18,""10111001"":18,""00100111"":17,""10101010"":19,""11001010"":18,""10001111"":14,""00101110"":17,""11011101"":23,""11011100"":27,""01011101"":8,""11010101"":23,""00001110"":14,""11001101"":23,""10001000"":3,""00011100"":8,""11101100"":6,""11001001"":20,""11111100"":7,""00010111"":17,""00101111"":16,""11001100"":10,""11101001"":7,""00011110"":28,""11100101"":11,""00010110"":23,""11010001"":16,""00000111"":12,""10100000"":3,""10110011"":23,""00000110"":9,""11110011"":9,""11000011"":8,""11111010"":18,""10000011"":3,""11110111"":23,""01110100"":4,""11110100"":7,""01000011"":2,""11110101"":13,""00110011"":2,""10100001"":10,""01010011"":5,""01110101"":7,""00110001"":2,""11000000"":6,""10100011"":8,""01000110"":8,""11000101"":16,""10110000"":12,""11110000"":4,""01000001"":2,""00100100"":4,""11101110"":17,""01111011"":4,""00100101"":6,""10000101"":8,""11100100"":4,""00001111"":9,""00100010"":10,""01110001"":5,""10101101"":17,""11111011"":5,""00110000"":1,""00110100"":2,""11101111"":16,""11011001"":19,""01011111"":27,""00001000"":2,""01111010"":16,""01011100"":7,""00101001"":5,""00100110"":13,""11000100"":13,""00100001"":8,""00011101"":8,""01011001"":5,""11001011"":10,""00000101"":5,""00100011"":4,""00110101"":4,""01100101"":4,""01100010"":8,""01001111"":9,""01001101"":4,""10001010"":13,""01010100"":7,""01010001"":5,""01100100"":3,""01101110"":13,""00001001"":3,""00111010"":8,""01111101"":10,""00111011"":6,""00111111"":4,""11101101"":7,""00010101"":7,""00110010"":4,""00011001"":6,""10010000"":6,""00011011"":4,""10111000"":7,""11010000"":4,""10101001"":9,""01001100"":3,""01111001"":6,""00111100"":1,""01011011"":3,""00101000"":1,""01101100"":3,""10011011"":16,""11111001"":3,""10101100"":8,""11111101"":11,""00101101"":3,""01001010"":5,""01001011"":2,""00111101"":4,""01101010"":3,""10001100"":7,""01101101"":4,""11100011"":3,""11100000"":1,""01100011"":2,""10001011"":5,""00101100"":3,""11101000"":1,""11111000"":2,""10101000"":3,""00011000"":2,""10101011"":3,""00001100"":5,""10001001"":4,""01000000"":1,""10000000"":1,""01101111"":11,""01111000"":4,""11101011"":2,""01110000"":1,""10011000"":2,""01100001"":1,""00000000"":1,""00000011"":2,""01001000"":3,""11011000"":3,""01101001"":2,""00111000"":1,""01101011"":1,""00101011"":1,""01000101"":1,""01011000"":2}"
30,x,4000,-0.22550000000000003,-0.488,-0.008999999999999897,-0.044499999999999984,-0.07699999999999996,0.10499999999999998,0.13949999999999996,-0.27849999999999997,"{""11010110"":26,""10100011"":28,""01010111"":22,""11100011"":23,""00110000"":6,""01110111"":24,""01010010"":11,""01000000"":8,""10010011"":38,""00000011"":18,""10010111"":54,""10110111"":66,""10100100"":3,""10000110"":34,""00000000"":7,""10000111"":46,""10100000"":9,""01011011"":27,""01010110"":24,""10000011"":44,""01000011"":37,""10110011"":61,""11001111"":31,""10110000"":23,""11000101"":7,""01001011"":32,""00100111"":2,""00110111"":21,""10100111"":37,""11110111"":15,""11100001"":15,""11110110"":11,""01000001"":13,""01010101"":8,""01000101"":14,""11100111"":23,""11100110"":14,""11010011"":33,""01000010"":22,""00100101"":2,""10010110"":30,""10001001"":22,""10110001"":18,""10001000"":18,""10010101"":7,""11010000"":14,""01100111"":22,""00110110"":17,""01110110"":17,""00010111"":22,""01001111"":28,""00000010"":7,""10001110"":31,""10110110"":42,""10100101"":7,""00010110"":13,""00010010"":15,""11000011"":24,""01100110"":13,""01111110"":22,""11011110"":41,""10110010"":29,""11110000"":6,""10111011"":74,""11110011"":14,""01000111"":26,""10011111"":46,""01110001"":11,""00100011"":4,""00100001"":4,""10111110"":51,""11110001"":9,""00011111"":25,""11000010"":15,""11100010"":9,""10100010"":15,""11001001"":22,""11010010"":22,""01011110"":24,""10000000"":19,""11110100"":3,""10010010"":20,""11001011"":29,""10111001"":28,""01010001"":10,""10111101"":13,""10010100"":3,""10000001"":20,""10100110"":21,""11000000"":13,""00101111"":11,""01000110"":26,""00000111"":25,""00010011"":19,""01110010"":8,""10010000"":7,""00000100"":3,""10001011"":51,""01110011"":15,""10000101"":7,""00000001"":10,""11111010"":4,""11000110"":18,""10010001"":24,""10110101"":18,""10000010"":21,""11001110"":24,""10011011"":31,""01001001"":11,""10101001"":18,""10101111"":44,""10001101"":14,""10111111"":94,""00111101"":5,""00011110"":18,""11101010"":6,""10001111"":52,""01101011"":17,""10011110"":26,""11011000"":16,""10101011"":27,""11011111"":33,""11101011"":20,""01011111"":29,""10101101"":7,""10101010"":16,""01111111"":22,""11001100"":5,""11010111"":32,""11011011"":26,""00001101"":7,""10100001"":12,""01011001"":13,""10011010"":17,""00011011"":20,""01001000"":6,""00001011"":19,""01101000"":7,""00001100"":3,""01001101"":7,""01111011"":22,""11001101"":9,""11101111"":26,""10001010"":28,""01111000"":8,""10111010"":45,""11111000"":8,""01101111"":26,""11011101"":10,""00111001"":5,""00101011"":10,""00111011"":25,""01101010"":6,""11101001"":6,""00011000"":9,""11111011"":9,""11101110"":28,""10101000"":5,""11011001"":17,""00001111"":24,""11011010"":9,""00001010"":21,""10111000"":30,""00001110"":11,""01001010"":19,""00011100"":2,""11001010"":21,""10011101"":12,""01101110"":13,""10101110"":22,""01111010"":11,""10001100"":10,""01001110"":17,""10111100"":10,""11001000"":13,""00011101"":6,""11111100"":2,""00111100"":2,""10011001"":20,""10101100"":7,""01101001"":7,""11000111"":28,""00001000"":5,""00011001"":9,""11101000"":6,""00101110"":3,""00111110"":15,""00111111"":27,""01011101"":8,""00111000"":10,""01101101"":4,""10011100"":6,""00011010"":10,""01010011"":17,""01110101"":5,""00110001"":9,""11111110"":1,""10000100"":14,""01101100"":4,""01100001"":9,""00111010"":14,""00101000"":2,""01100011"":12,""01111001"":12,""01111100"":5,""11111001"":4,""00100000"":3,""11101101"":3,""11111111"":13,""01011000"":3,""00101100"":1,""10011000"":4,""01010000"":3,""11100100"":2,""01011010"":11,""11011100"":4,""01111101"":3,""11101100"":3,""01011100"":3,""00010100"":5,""11000001"":14,""00101001"":2,""00010000"":5,""11010100"":5,""01110000"":4,""00100100"":2,""00110010"":11,""11100101"":7,""11110010"":6,""11110101"":2,""00000110"":12,""10110100"":11,""00010101"":3,""11010101"":15,""01100010"":13,""01000100"":3,""00001001"":5,""01100000"":2,""00010001"":3,""11010001"":8,""00110011"":15,""00100110"":5,""00100010"":4,""00110101"":4,""01100100"":2,""00000101"":4,""00110100"":1,""11100000"":3,""01110100"":1,""11111101"":3,""00101010"":3,""00101101"":2,""11000100"":2,""01100101"":1,""01010100"":1}"
31,x,4000,-0.01200000000000001,0.08299999999999996,-0.4155,-0.02200000000000002,-0.016999999999999904,0.05500000000000005,-0.24150000000000005,0.35450000000000004,"{""01001100"":66,""11101110"":11,""00111101"":17,""10100000"":4,""01101100"":27,""00111001"":13,""01111100"":38,""01111111"":82,""00001000"":13,""11111111"":50,""11111000"":23,""01111101"":24,""00101011"":4,""01011100"":30,""00111000"":31,""11011000"":3,""01101110"":18,""01001101"":46,""01111000"":38,""00001110"":12,""10001111"":51,""00001111"":41,""11111100"":35,""10111000"":5,""11111110"":24,""11101101"":12,""10011010"":3,""00111100"":24,""01111110"":36,""11101000"":12,""10001110"":17,""10001101"":18,""10011100"":27,""11011100"":11,""00011100"":16,""11111101"":23,""11101111"":28,""00001100"":29,""10101111"":7,""01101111"":46,""01011111"":63,""10011000"":9,""01011010"":11,""00001010"":12,""00011000"":9,""01011000"":26,""00100101"":12,""11001111"":9,""11111010"":7,""10011111"":19,""10000000"":21,""11011111"":10,""01001000"":52,""00001101"":15,""10101000"":6,""01000111"":69,""01001010"":11,""00111111"":32,""01000110"":27,""00101010"":4,""11101001"":7,""01011110"":28,""01001110"":38,""01001111"":89,""01000100"":56,""01010000"":23,""10101101"":5,""11001010"":2,""10001001"":14,""00011110"":9,""10111111"":5,""00010100"":20,""10001100"":31,""11001110"":4,""01001011"":10,""10011101"":12,""01100111"":45,""11100001"":6,""10001011"":9,""11110000"":30,""11110011"":8,""10001000"":11,""00101111"":19,""11111001"":12,""01000101"":44,""10000111"":34,""11001100"":3,""01101001"":10,""01010101"":26,""10010110"":13,""10010111"":29,""00100110"":10,""00111010"":5,""01001001"":18,""10000001"":12,""00101100"":18,""00011010"":5,""11101100"":24,""01011101"":28,""10101110"":4,""01011001"":15,""00100100"":17,""11100111"":31,""01101000"":21,""10011110"":19,""11000010"":3,""11001000"":4,""00100000"":17,""10101001"":5,""00111110"":16,""01111001"":16,""01110100"":30,""01100101"":18,""11101010"":7,""11110001"":13,""11011110"":5,""00110111"":30,""01010100"":42,""11001101"":6,""00001001"":17,""00101000"":14,""00101101"":12,""01110110"":22,""01110010"":11,""01011011"":4,""01010001"":22,""10110110"":3,""10101100"":5,""00110101"":17,""00001011"":5,""11011011"":1,""10011011"":1,""00110100"":27,""00011101"":12,""01101101"":19,""10111001"":2,""00100111"":30,""11100110"":16,""00000100"":23,""01100110"":12,""11110100"":28,""00010001"":10,""00110011"":3,""10110011"":1,""10000100"":31,""11100101"":8,""01100100"":34,""10010010"":4,""11100100"":21,""00010000"":17,""01010110"":29,""00110110"":20,""10110000"":9,""00010111"":17,""10110101"":3,""01010111"":65,""10000110"":9,""01110101"":17,""01100011"":3,""10000011"":4,""01010011"":10,""11110110"":11,""01110111"":72,""00110001"":13,""11010100"":10,""11000100"":10,""00000111"":29,""11010111"":9,""00010101"":11,""10010100"":21,""01110000"":35,""01000000"":54,""10110111"":8,""00010010"":5,""10010000"":9,""11110101"":21,""11100000"":14,""11110010"":11,""00110000"":25,""11100011"":2,""10100101"":5,""00000101"":16,""00011111"":19,""11000110"":6,""01111010"":9,""00011001"":7,""10100100"":5,""01110001"":22,""00101110"":10,""11011101"":5,""10100111"":10,""10111100"":5,""01111011"":4,""00000001"":12,""10101011"":1,""10111101"":4,""11011001"":4,""00101001"":6,""10010101"":16,""11111011"":4,""10000101"":15,""11001001"":3,""00000000"":24,""00000010"":4,""10000010"":3,""01000001"":20,""11010101"":8,""01110011"":8,""00100010"":4,""11000111"":5,""11110111"":41,""00000110"":15,""01100000"":16,""10010001"":7,""00010011"":4,""00010110"":14,""10100011"":3,""00100001"":7,""11010011"":1,""11000101"":5,""01100001"":8,""10110001"":2,""10110100"":10,""01101010"":5,""01000011"":6,""01100010"":2,""01000010"":6,""00000011"":1,""10111011"":2,""11010110"":3,""10011001"":4,""01010010"":7,""00110010"":8,""11000001"":2,""10010011"":4,""01101011"":5,""11101011"":3,""11011010"":2,""11001011"":1,""10001010"":2,""10111110"":1,""00111011"":3,""00011011"":2,""11000000"":2,""11010000"":4,""11010010"":2,""11010001"":2,""11100010"":1,""00100011"":2,""10110010"":1,""10100110"":1,""10111010"":1}"
32,x,4000,-0.36149999999999993,0.7615000000000001,-0.6025,0.019000000000000017,0.19499999999999995,-0.012499999999999956,-0.014000000000000012,-0.3205,"{""00100101"":74,""11000101"":178,""11100111"":17,""10000111"":13,""00110101"":102,""10000101"":90,""11000001"":55,""10010101"":18,""11000100"":84,""10000001"":16,""10100111"":5,""11011100"":33,""01100101"":34,""01001001"":8,""11110001"":14,""00100000"":12,""00000110"":3,""10100001"":20,""11010001"":15,""11010101"":82,""10100000"":12,""10110011"":1,""10110101"":85,""00010001"":10,""11001101"":192,""00110100"":44,""11010100"":35,""11100100"":40,""00110001"":29,""11001100"":72,""11001111"":19,""10100101"":50,""01100000"":6,""00000100"":11,""11110100"":15,""01001101"":35,""00000101"":35,""10111101"":98,""00100001"":20,""10000100"":35,""11011101"":100,""10010110"":3,""00010000"":2,""01110101"":28,""11010111"":6,""10101101"":48,""00010100"":14,""11110101"":36,""11000000"":23,""01110001"":10,""11111111"":2,""01100100"":23,""00010101"":43,""01110100"":9,""00000000"":3,""10101111"":10,""00111001"":18,""11000110"":17,""11100000"":18,""01101101"":24,""00000001"":5,""00100100"":24,""11101101"":91,""10001101"":102,""10110111"":9,""00010011"":3,""10100010"":2,""10011110"":3,""01000101"":31,""10110100"":37,""00010010"":4,""10000110"":10,""00101111"":5,""01100011"":1,""10000000"":10,""11100101"":72,""01000100"":16,""00001101"":25,""00110111"":11,""01110011"":1,""11100110"":7,""00100111"":7,""01100110"":2,""10111110"":10,""10110000"":11,""00111100"":43,""00000111"":2,""10010100"":9,""10100100"":26,""10000011"":6,""10110110"":6,""00111101"":86,""10111010"":1,""01011110"":3,""00111110"":8,""01111100"":13,""11111100"":21,""01100001"":5,""11111110"":5,""01111101"":29,""10101100"":20,""11111001"":17,""00101101"":89,""10011100"":12,""00101100"":41,""10001000"":13,""00101110"":5,""11011001"":20,""11011111"":15,""00010110"":4,""00011101"":20,""11101001"":21,""10011101"":18,""10001100"":42,""01001100"":14,""01001111"":5,""00101001"":10,""10001110"":8,""10111001"":19,""11001011"":9,""11001001"":30,""00011111"":3,""00011000"":2,""11101100"":42,""01101001"":9,""11110011"":1,""10111100"":31,""11101111"":9,""01011101"":11,""11111101"":43,""01111011"":1,""10001111"":2,""10001001"":24,""00001001"":7,""11010110"":6,""11011110"":9,""00001100"":9,""01101100"":15,""11100001"":18,""00101011"":4,""10001011"":4,""10101001"":9,""01000111"":2,""01010011"":2,""11000111"":20,""11110000"":3,""01110110"":2,""10100110"":3,""01000011"":3,""10110010"":1,""11000010"":6,""10110001"":29,""01000110"":5,""10010001"":5,""00110010"":1,""11010010"":2,""10111111"":11,""10101110"":7,""00011001"":7,""00111000"":8,""01100111"":3,""11010000"":9,""01111000"":1,""00101000"":7,""11001000"":13,""10011111"":3,""11111000"":2,""01001000"":4,""01011011"":1,""00001111"":2,""00011100"":18,""11101010"":1,""01010100"":4,""00101010"":2,""01110000"":2,""01001110"":5,""01010101"":13,""00100110"":11,""11011000"":9,""11101110"":4,""11001110"":11,""01011001"":1,""10111000"":8,""01101000"":4,""00110000"":10,""11100011"":2,""11101000"":7,""00111010"":1,""11011010"":1,""11111010"":2,""01101010"":2,""01000000"":2,""01101110"":2,""01000001"":10,""00100010"":1,""00010111"":3,""10000010"":1,""11110010"":3,""11110111"":4,""00100011"":3,""01011000"":2,""11100010"":1,""10011001"":5,""10011011"":1,""00110011"":2,""00001011"":3,""11000011"":8,""10010111"":1,""10010011"":1,""01001010"":2,""00001000"":5,""11101011"":2,""10111011"":3,""10011010"":2,""01010001"":3,""10100011"":2,""01111110"":2,""01111111"":1,""00111011"":1,""00111111"":3,""10001010"":1,""00000011"":1,""00000010"":1,""01010000"":1,""01110111"":2,""11110110"":2,""10101011"":1,""01101111"":3,""01111001"":4,""10011000"":1,""10101000"":3,""01101011"":1,""00001110"":2,""01011100"":2,""11001010"":1,""10010000"":1,""01010111"":1,""00110110"":4,""00011110"":1,""11010011"":1}"
33,x,4000,-0.38549999999999995,-0.30699999999999994,0.30900000000000005,-0.008000000000000007,-0.2124999999999999,0.01200000000000001,-0.05499999999999994,-0.1845000000000001,"{""11110000"":27,""00110110"":3,""11110110"":24,""00010001"":29,""10000001"":12,""00110010"":9,""01010011"":60,""01000111"":22,""10100010"":20,""10100011"":41,""01010000"":8,""10000010"":13,""01000011"":41,""01100011"":31,""00110001"":9,""10010101"":29,""01000001"":19,""10110001"":15,""00010000"":6,""10000011"":35,""10001110"":18,""10010011"":73,""00000001"":9,""11110101"":29,""10000100"":4,""00101111"":12,""00000101"":9,""10010000"":18,""00000011"":20,""11110011"":86,""10010001"":46,""00010011"":38,""10010111"":50,""10100100"":3,""11010000"":4,""11100000"":8,""01100001"":12,""00010110"":12,""10000111"":18,""11110010"":38,""01110110"":7,""10010010"":31,""10100001"":16,""01010010"":22,""00100010"":7,""01010111"":26,""11101101"":4,""10011001"":46,""01110111"":11,""11100010"":13,""01111001"":27,""11100111"":29,""00100000"":4,""11100011"":49,""11110001"":44,""00110111"":11,""11110111"":31,""00101110"":9,""10011011"":79,""01010110"":15,""01100111"":15,""01011011"":52,""01000000"":14,""11111111"":41,""01000110"":14,""11000001"":11,""01011010"":27,""01110001"":36,""10010100"":10,""10010110"":26,""00110011"":20,""01110011"":33,""11000010"":10,""01100101"":7,""01000010"":12,""10011010"":40,""10100101"":11,""11100001"":16,""11010010"":15,""11111011"":116,""00011010"":18,""01011001"":33,""11111000"":24,""00011101"":16,""11111001"":69,""10011111"":26,""10011110"":24,""11001100"":1,""10001011"":40,""10111000"":11,""01111000"":11,""11101011"":35,""01001011"":33,""00001001"":8,""10101110"":18,""11011001"":10,""00011110"":11,""11001010"":8,""10001111"":28,""01100100"":1,""00111011"":13,""00011001"":20,""10001000"":7,""10111011"":14,""10101010"":16,""00101101"":3,""10011101"":41,""00001000"":4,""11011011"":20,""11001110"":6,""00111101"":8,""10001001"":18,""11101111"":27,""00011011"":38,""10011000"":18,""10111010"":11,""01011101"":24,""01111110"":7,""11010001"":8,""01011000"":7,""10101011"":34,""01001000"":11,""01101111"":11,""00111010"":12,""01111010"":14,""10011100"":13,""01011110"":11,""00101010"":9,""11111110"":23,""10110111"":9,""11011000"":4,""10101001"":22,""11101001"":9,""01011111"":27,""11111010"":40,""01101001"":12,""10001010"":18,""00100110"":8,""00100111"":12,""10100110"":15,""00010010"":9,""10000110"":11,""01010001"":17,""11000111"":9,""01111011"":41,""01110010"":18,""00100011"":30,""10110010"":10,""00110000"":7,""01000100"":2,""10000000"":10,""11000011"":18,""10000101"":16,""10100111"":25,""11010011"":16,""10110011"":21,""11100110"":16,""00010111"":14,""11111101"":22,""00000010"":7,""10100000"":8,""01010101"":10,""11001111"":7,""01100010"":9,""10110110"":7,""11000000"":4,""00000111"":9,""00110101"":8,""11110100"":5,""01100000"":5,""00101011"":23,""10101000"":11,""10001101"":18,""00111001"":18,""10110101"":5,""01000101"":12,""00101000"":3,""11011110"":6,""10111101"":9,""11001011"":22,""11001101"":5,""00001011"":13,""11111100"":7,""01001001"":15,""11101110"":17,""00011111"":15,""11011010"":4,""01001101"":12,""01111100"":2,""01001010"":12,""01111101"":7,""11011111"":5,""01011100"":5,""11101010"":9,""01111111"":13,""10111111"":13,""01001110"":9,""11010101"":3,""01001100"":4,""01110101"":6,""00100101"":9,""01101010"":5,""01100110"":9,""01110000"":12,""00001101"":4,""01010100"":3,""00100001"":8,""00001110"":4,""10101101"":10,""00000110"":4,""11100101"":8,""00000100"":1,""00011000"":4,""01101110"":8,""01101100"":2,""10111001"":15,""01001111"":17,""11001000"":7,""11101100"":3,""10101111"":14,""00101001"":4,""01101011"":17,""11101000"":6,""11001001"":9,""01101000"":8,""00001111"":7,""10101100"":4,""10111110"":7,""11011101"":5,""10001100"":5,""00010100"":2,""00001100"":1,""00111100"":2,""01101101"":6,""00111000"":4,""00011100"":5,""00111110"":5,""00111111"":2,""00001010"":7,""00010101"":7,""11010111"":5,""01110100"":2,""00000000"":4,""11000110"":1,""11000100"":2,""11100100"":2,""11000101"":3,""11010110"":3,""10111100"":2,""11011100"":1,""00101100"":2,""00100100"":1,""10110000"":2}"
34,x,4000,-0.4295,0.30500000000000005,-0.4475,-0.00649999999999995,-0.15999999999999992,-0.08000000000000007,-0.0515000000000001,-0.43300000000000005,"{""10011110"":15,""11111101"":72,""10011100"":36,""11001101"":26,""10011101"":87,""11111010"":6,""11011101"":73,""00011101"":24,""11101011"":5,""10111111"":27,""11111110"":25,""11101101"":53,""11010001"":43,""11011111"":50,""11100001"":16,""00011110"":4,""11011001"":35,""10101001"":37,""01101101"":22,""01010111"":20,""11001001"":16,""11011000"":19,""10001101"":23,""10011001"":45,""00101111"":25,""00111110"":6,""00001011"":1,""00111100"":8,""10100001"":35,""00101001"":14,""00010001"":10,""10101101"":72,""11100110"":10,""10111010"":2,""10101111"":60,""01011111"":17,""00111001"":15,""01101111"":19,""11110001"":34,""11111111"":56,""11101110"":11,""11011100"":23,""01101000"":9,""10110111"":28,""11001110"":17,""11101111"":12,""10001010"":5,""10101110"":21,""11000101"":57,""01011101"":49,""01100001"":17,""11111001"":41,""11010111"":45,""00101110"":7,""11111011"":13,""10111001"":25,""10010111"":43,""01101001"":8,""10011000"":15,""11101010"":2,""11001111"":29,""10111100"":15,""00101100"":9,""10001001"":10,""10011111"":44,""10010000"":3,""10110101"":39,""10010101"":73,""10100101"":91,""10010110"":20,""11000001"":21,""10010011"":10,""10100111"":56,""01100101"":35,""10010001"":34,""01110001"":17,""01000100"":3,""11100111"":30,""11100101"":57,""00100101"":31,""01100111"":20,""00100110"":11,""10100100"":34,""10110011"":7,""00010111"":7,""11110101"":74,""01100110"":5,""11010101"":68,""10110100"":17,""01010100"":12,""00000110"":2,""01110110"":4,""10000111"":11,""10110001"":14,""00000100"":6,""10100110"":15,""11000011"":3,""10111101"":40,""11000100"":23,""00000111"":9,""11110110"":13,""00011100"":13,""00001101"":12,""11110100"":24,""00100001"":17,""00110101"":15,""10010100"":33,""01010101"":31,""01100100"":14,""10110000"":9,""00110111"":13,""01010001"":15,""11110111"":43,""10100010"":6,""11000000"":13,""00010101"":23,""00100111"":19,""10110110"":11,""10100011"":14,""11011110"":17,""01101110"":7,""10011011"":16,""00101101"":23,""00111101"":22,""01011001"":12,""01001001"":3,""01101010"":4,""01110101"":19,""00001111"":3,""11111100"":25,""10111110"":6,""10101100"":33,""01111000"":8,""11111000"":17,""00100100"":16,""00111111"":9,""00011111"":12,""01011011"":6,""11001000"":11,""11000111"":23,""01001101"":7,""10110010"":2,""01001111"":7,""10001111"":13,""11011011"":17,""11101001"":16,""11010100"":35,""01111010"":6,""10000101"":20,""01110100"":17,""01111101"":22,""00110100"":5,""01000101"":14,""11010000"":10,""01010110"":7,""11000010"":7,""00011001"":11,""10000100"":6,""00000101"":11,""01110011"":6,""00100000"":4,""11000110"":13,""11110000"":7,""00010010"":1,""10111011"":6,""11010010"":5,""11100010"":3,""01111110"":8,""11101000"":5,""01010000"":6,""11100100"":19,""11010011"":11,""10000001"":9,""10000000"":3,""01110111"":14,""00010100"":9,""00010000"":4,""11110010"":5,""11001100"":12,""10000110"":9,""00001001"":6,""01011100"":10,""01101011"":4,""11001011"":8,""01001100"":6,""01111001"":14,""10011010"":5,""00101011"":4,""10101000"":8,""10101010"":9,""01011000"":6,""11011010"":8,""11101100"":11,""00101000"":8,""10001110"":7,""00111010"":2,""01001000"":2,""01111111"":19,""01111100"":6,""01101100"":11,""01011110"":6,""10001000"":2,""00011010"":2,""10101011"":10,""00001100"":3,""00001110"":3,""10001100"":10,""10111000"":5,""00011000"":5,""01100000"":5,""11010110"":27,""01010010"":3,""00010011"":5,""00110001"":12,""00100010"":2,""00110000"":3,""11110011"":7,""00110011"":3,""01001011"":2,""00010110"":6,""01010011"":4,""01100010"":2,""11100000"":9,""00000010"":1,""10100000"":11,""00100011"":5,""01011010"":4,""00111011"":2,""01100011"":3,""00001000"":1,""00111000"":4,""01111011"":3,""01000001"":1,""00110110"":3,""10010010"":2,""01000011"":3,""11100011"":2,""00110010"":3,""10000010"":2,""00000000"":1,""01110000"":4,""00001010"":1,""10001011"":2,""01001110"":3,""00011011"":2,""01000111"":3,""01000110"":1,""00000001"":1}"
35,x,4000,0.04149999999999998,0.03849999999999998,0.3235,-0.00550000000000006,0.35850000000000004,0.18200000000000005,0.44799999999999995,0.07799999999999996,"{""00000101"":38,""11100011"":7,""01010010"":5,""10010010"":34,""01100010"":29,""10110001"":3,""00110100"":18,""00110000"":22,""00110010"":59,""10000010"":105,""00010100"":6,""10110010"":10,""10011010"":46,""00100010"":92,""10010001"":26,""11011000"":6,""10100101"":2,""00000010"":71,""00110110"":6,""00100001"":55,""00000001"":38,""10110101"":7,""11110100"":5,""00110101"":23,""10011001"":35,""00100101"":55,""11001110"":8,""10000100"":36,""11110010"":10,""10001110"":22,""11000000"":27,""01100011"":7,""10000110"":15,""11000001"":24,""10010110"":13,""01110101"":7,""10010101"":16,""10001001"":43,""11110001"":5,""10000000"":39,""00010101"":10,""11000010"":45,""10000001"":37,""10111010"":12,""11110111"":1,""10010000"":15,""00100100"":29,""01100000"":13,""01010100"":4,""01100100"":11,""11010110"":5,""10000111"":30,""11110000"":3,""10010100"":14,""00010010"":38,""00010000"":8,""10110110"":1,""10011101"":15,""11100001"":15,""00101110"":17,""10000101"":49,""11001010"":31,""11000011"":22,""11100000"":11,""11010010"":27,""11000100"":21,""01110000"":5,""11000101"":34,""11011110"":5,""10110000"":7,""11011010"":37,""11010100"":9,""01000010"":8,""00100011"":31,""10110100"":3,""00001000"":31,""01000100"":6,""11100010"":10,""11011011"":12,""10001010"":72,""00100000"":22,""11010001"":21,""11010000"":10,""10000011"":36,""00000000"":39,""01110010"":9,""00001110"":15,""00010001"":19,""11000111"":8,""00000011"":39,""00000111"":16,""00101010"":110,""10110011"":5,""11010011"":7,""01110011"":3,""11100101"":11,""00110001"":17,""01000101"":9,""01100001"":17,""11100111"":5,""11110101"":5,""01110110"":1,""11010101"":11,""10100000"":2,""10100010"":14,""11101100"":7,""01111010"":11,""00110011"":22,""10100011"":6,""11101001"":16,""11100100"":4,""00100110"":15,""01100111"":5,""00001101"":39,""10011111"":3,""00001010"":72,""10011011"":12,""00101101"":48,""11101111"":8,""00111011"":29,""00101001"":71,""11101011"":6,""00011101"":9,""11011001"":25,""00011001"":21,""11001011"":17,""11111010"":4,""10001011"":51,""10011110"":8,""11101010"":17,""01001001"":12,""10001111"":22,""01001101"":7,""00011000"":11,""00011100"":12,""01101101"":17,""00101111"":18,""00111100"":11,""00101000"":38,""11001100"":15,""00001111"":12,""01101001"":24,""10001100"":34,""01101000"":7,""01011010"":8,""10001000"":32,""00111101"":33,""01100101"":17,""11111001"":5,""10101010"":8,""00001001"":58,""01111011"":2,""00111000"":28,""10101001"":10,""00001011"":29,""11011111"":3,""01111000"":1,""11000110"":7,""00111001"":13,""10001101"":53,""01101010"":22,""11001000"":18,""10011100"":15,""10011000"":23,""00011010"":24,""00101011"":38,""01001110"":1,""00111010"":42,""01001000"":7,""00100111"":17,""00101100"":26,""11001101"":22,""10111001"":8,""10101100"":5,""11111101"":6,""00111110"":5,""11011101"":10,""01111101"":6,""00011110"":8,""11001001"":24,""11111100"":6,""00001100"":17,""10111101"":5,""11011100"":6,""01101011"":8,""01011011"":1,""10111000"":7,""10111011"":2,""10111110"":1,""00011011"":8,""11101101"":11,""01001100"":2,""11001111"":8,""11111110"":2,""00110111"":11,""01111001"":5,""10101011"":2,""00111111"":14,""01000111"":3,""10111111"":3,""11111011"":3,""01101111"":7,""00000100"":28,""01011100"":2,""00000110"":10,""01010110"":1,""00010011"":6,""01000011"":3,""10100001"":6,""01010000"":2,""10100111"":2,""01011101"":2,""01001111"":2,""01101110"":1,""10101000"":6,""01001010"":6,""01101100"":5,""01011001"":9,""11111000"":4,""01010011"":2,""10110111"":3,""01100110"":3,""10010111"":7,""01010001"":7,""01000001"":2,""01110001"":4,""01010101"":5,""01110100"":2,""10010011"":10,""11010111"":2,""11100110"":3,""10101111"":3,""10100100"":3,""01011111"":3,""01001011"":4,""00011111"":6,""00010111"":3,""01111100"":1,""01011000"":2,""10101101"":3,""11101000"":6,""01111110"":1,""01111111"":1,""11110011"":1,""01011110"":1,""10111100"":1,""11110110"":1,""00010110"":1,""01000000"":1,""10100110"":1}"
36,x,4000,-0.3965000000000001,0.47650000000000003,-0.36850000000000005,-0.03249999999999997,-0.08699999999999997,0.12050000000000005,0.023499999999999965,-0.7175,"{""10010011"":38,""00110101"":15,""11110101"":173,""01110011"":7,""10000110"":7,""11110110"":11,""11100101"":90,""10110101"":64,""10000101"":187,""11000011"":11,""10001101"":167,""11100001"":11,""01000100"":6,""10000000"":14,""00001101"":28,""11000101"":38,""01110111"":5,""11100100"":24,""01010011"":3,""11010010"":7,""11110001"":27,""10000011"":66,""01010101"":12,""10000111"":23,""11010101"":66,""00111100"":7,""11110100"":52,""10111011"":24,""11010100"":29,""01110101"":16,""11000001"":13,""10000010"":18,""10010111"":11,""10010101"":112,""10110001"":6,""11011101"":69,""01000101"":19,""00000101"":27,""11010001"":16,""01100100"":7,""11110111"":30,""10110011"":22,""10000100"":67,""01110001"":7,""10010000"":11,""10000001"":40,""11110000"":17,""01100110"":2,""11100011"":26,""11100111"":7,""00010101"":13,""10010001"":16,""10001001"":42,""11010111"":7,""01100101"":12,""00010100"":3,""11101001"":14,""11000111"":5,""11010011"":22,""10011101"":110,""10111101"":81,""10100001"":7,""10011100"":60,""11001101"":53,""11001011"":20,""10011001"":22,""01011101"":22,""11111011"":51,""10001010"":31,""10001011"":57,""11111101"":165,""10011011"":32,""01111011"":7,""10111001"":14,""01101100"":7,""10001100"":84,""10111010"":9,""00111011"":3,""10001111"":15,""10011111"":10,""10111100"":30,""01111101"":19,""11111001"":28,""01011111"":3,""11101100"":38,""11011010"":13,""11110010"":18,""10101101"":17,""10111000"":4,""11001100"":30,""01011011"":5,""11101101"":83,""11011011"":23,""00011011"":4,""11101111"":7,""01001100"":10,""11001001"":11,""11011100"":18,""10101011"":7,""10101100"":8,""01101101"":14,""11011001"":12,""11010110"":8,""00101101"":10,""11111100"":65,""10101000"":4,""01101000"":1,""00011101"":8,""11000100"":18,""11011110"":4,""11111010"":26,""10001000"":28,""11111111"":20,""01111111"":4,""11111000"":16,""11111110"":9,""11101010"":6,""10010100"":50,""10111111"":7,""11000000"":4,""10100100"":10,""10100011"":7,""11110011"":41,""10100101"":28,""10010010"":18,""01100011"":1,""00001001"":8,""00000001"":2,""00100101"":4,""00010001"":7,""00000011"":6,""11101011"":26,""01110100"":13,""11100010"":11,""11010000"":2,""00010011"":6,""01101011"":2,""10101001"":4,""10001110"":11,""10011010"":12,""01001011"":7,""01101010"":1,""00101010"":1,""01100111"":1,""10011000"":14,""01101001"":2,""01111100"":11,""00111111"":2,""00111101"":13,""00010110"":1,""10110000"":5,""10110010"":9,""00110000"":5,""01010100"":5,""01110000"":3,""01011110"":1,""00100110"":1,""11100000"":2,""00000000"":3,""00001100"":14,""01000001"":4,""01100000"":1,""00001000"":6,""11001000"":6,""00011110"":2,""01001000"":2,""11101000"":10,""11101110"":6,""01111010"":6,""00011100"":7,""00001011"":5,""11001010"":8,""00011000"":2,""10101010"":1,""00000100"":5,""01111000"":3,""00011010"":3,""00101100"":2,""01001001"":4,""01001101"":14,""00000110"":2,""11000010"":5,""00110011"":3,""01110010"":5,""01000011"":6,""10010110"":7,""10110100"":20,""11000110"":3,""00110100"":3,""10100110"":2,""00110111"":1,""00001010"":7,""01011100"":5,""10110110"":3,""11100110"":5,""00000111"":2,""01000010"":3,""00111010"":3,""10111110"":2,""11011111"":4,""10101110"":3,""00011111"":1,""01001010"":2,""00010010"":3,""11001110"":1,""11011000"":4,""01010010"":2,""10110111"":5,""10011110"":2,""01010001"":3,""00001111"":2,""00111001"":1,""01011000"":2,""10100111"":1,""00100011"":1,""00101000"":1,""00011001"":1,""00110010"":1,""00101111"":1,""01011001"":1,""01001110"":3,""01110110"":1,""00010111"":1,""10101111"":1,""00100100"":2,""00000010"":1,""01001111"":2,""11001111"":3,""01111001"":1}"
37,x,4000,-0.04299999999999993,-0.4125000000000001,0.629,-0.014000000000000012,-0.56,0.006000000000000005,0.0655,-0.7330000000000001,"{""10111011"":102,""01111011"":23,""10110110"":9,""11010010"":75,""11111101"":9,""11100101"":5,""10100011"":65,""10110010"":83,""11110010"":100,""10110001"":28,""11000011"":18,""10100010"":33,""10010010"":106,""00010011"":28,""10010011"":120,""00010010"":22,""11010000"":36,""11000110"":3,""10110111"":8,""11100000"":7,""00110010"":8,""11100010"":13,""10001000"":15,""11010110"":14,""11110011"":144,""00010100"":3,""11010111"":19,""01110011"":11,""10110000"":39,""00110111"":2,""10111010"":68,""11110000"":58,""10110011"":85,""11010011"":109,""10110100"":13,""11101100"":6,""01110111"":1,""11110110"":17,""10010001"":26,""10010000"":49,""11101010"":20,""10101010"":34,""10010101"":15,""11011001"":46,""10100000"":22,""11110001"":28,""11000001"":6,""10011001"":31,""10001011"":38,""11110111"":17,""11110100"":20,""00010110"":6,""10000100"":6,""10010111"":30,""11011101"":16,""11010001"":30,""10000010"":15,""10100100"":13,""10101011"":51,""10111111"":15,""01001011"":4,""11001000"":6,""11011000"":35,""10011011"":134,""11011111"":22,""10011100"":19,""11111011"":131,""11111100"":22,""11101011"":27,""01111101"":2,""11111000"":43,""01011000"":4,""00001010"":6,""10011111"":14,""11011010"":94,""11011011"":105,""11111111"":29,""01101111"":2,""11101000"":6,""10011010"":114,""10111001"":25,""10101000"":16,""00101000"":9,""01111001"":3,""00011010"":43,""00000000"":2,""10111100"":16,""10001001"":10,""00001011"":5,""11111110"":15,""11111001"":23,""11001010"":19,""11111010"":102,""00011111"":8,""01111000"":6,""00100011"":12,""01111110"":3,""01010010"":8,""11100001"":9,""10000111"":9,""10011110"":17,""11100011"":21,""11000010"":9,""01000000"":3,""11010101"":11,""10000011"":31,""01010001"":1,""10010110"":10,""00000010"":5,""10100001"":13,""01110000"":7,""01110101"":3,""11110101"":16,""01110010"":17,""10010100"":21,""11000000"":6,""10110101"":7,""00100000"":4,""01110110"":3,""11100111"":4,""01111010"":14,""10100110"":3,""11010100"":16,""00100010"":5,""01000011"":2,""10100101"":5,""00010000"":14,""11101111"":4,""10101001"":10,""10001010"":29,""00011011"":37,""10111000"":28,""00001111"":1,""00001001"":2,""01011011"":6,""11101001"":7,""11011110"":17,""10001110"":5,""11001011"":18,""00011110"":2,""10001100"":6,""01001010"":6,""11011100"":18,""10111110"":11,""10101110"":7,""10011000"":23,""00011001"":8,""11001110"":1,""01100010"":2,""00011000"":12,""01101010"":1,""11001001"":3,""10011101"":14,""00101010"":7,""00010001"":8,""10000000"":12,""00110110"":1,""01010011"":6,""10100111"":12,""01100001"":1,""10111101"":4,""00010111"":6,""01100011"":1,""00000011"":8,""11100100"":4,""00111010"":6,""00111100"":2,""10101100"":6,""10001111"":5,""00101001"":3,""10101111"":10,""10101101"":7,""00111011"":5,""00011101"":3,""11000101"":3,""00000101"":1,""10000001"":8,""10000110"":2,""11001101"":4,""01101000"":2,""00111001"":3,""01011111"":1,""10001101"":3,""00101101"":1,""01101110"":2,""00101100"":1,""00111111"":2,""01101001"":2,""00100111"":1,""01111100"":3,""01011001"":4,""00100001"":2,""00110011"":5,""01010111"":1,""11000100"":2,""00110100"":2,""00100101"":3,""11100110"":5,""00101011"":11,""01011101"":1,""00011100"":5,""00010101"":2,""01010000"":1,""00110000"":2,""01110001"":8,""01000010"":4,""10000101"":3,""00100100"":1,""01011010"":6,""00110101"":1,""11001100"":2,""00000111"":1,""00101111"":3,""01111111"":2,""01000100"":1,""01110100"":4,""01001000"":3,""11101110"":1,""01101011"":1,""01000101"":1,""11000111"":2,""00111101"":1,""01011100"":2,""00000001"":1,""00001110"":1,""01000001"":1,""01010110"":1}"
38,x,4000,0.122,0.14,0.03049999999999997,-0.011500000000000066,-0.03499999999999992,0.007000000000000006,0.27349999999999997,-0.4175,"{""10011011"":36,""10101010"":22,""01111111"":11,""01101000"":24,""01100000"":16,""10100000"":74,""10101101"":46,""00101101"":8,""10111000"":52,""01011000"":23,""10010110"":30,""01111000"":12,""11101011"":16,""00011100"":17,""10111011"":47,""11001110"":20,""10111101"":25,""10001011"":20,""11001000"":30,""10001110"":14,""01111100"":21,""10101110"":44,""01011111"":7,""10000100"":25,""10101000"":75,""10111110"":35,""00001101"":7,""01000011"":6,""10101100"":57,""10011000"":51,""10011010"":19,""10011001"":16,""10011100"":35,""01101100"":15,""10111100"":57,""10011101"":23,""10111010"":29,""01111011"":10,""10111111"":16,""01001100"":13,""11001011"":28,""00101111"":6,""10011110"":44,""10001000"":31,""11111011"":14,""11001010"":12,""10001010"":11,""11111000"":11,""01001011"":6,""11101100"":18,""11011100"":24,""10011111"":24,""11011000"":26,""11001101"":14,""00011110"":17,""00001011"":9,""01101111"":11,""11011010"":10,""10100010"":16,""10001001"":15,""10100111"":22,""11111100"":13,""10000011"":22,""10001100"":27,""00001110"":7,""11101000"":21,""01101011"":15,""00001000"":15,""10101011"":55,""01001000"":12,""10110111"":29,""11010110"":15,""10100011"":71,""11011011"":20,""11101111"":8,""00000101"":11,""10110001"":13,""00101110"":12,""00010011"":13,""10110011"":34,""00100110"":8,""10010011"":63,""10110110"":24,""10110000"":50,""10010111"":25,""10010100"":56,""01010010"":14,""11000111"":13,""11100111"":11,""10000010"":6,""00010001"":10,""11000000"":22,""00010110"":12,""10000110"":19,""11100010"":4,""10100110"":29,""00100100"":13,""01110011"":4,""00010101"":18,""10000000"":20,""10100101"":34,""11010101"":17,""11010100"":23,""10101001"":25,""10110100"":34,""11100101"":12,""00100000"":10,""01100011"":17,""11000110"":23,""11100001"":6,""10010000"":66,""10010001"":26,""11110000"":18,""11000011"":36,""00110110"":5,""11000010"":9,""10110010"":8,""01000001"":7,""00111011"":9,""00010100"":18,""01110101"":9,""11000001"":16,""01110001"":5,""10010101"":39,""11010011"":11,""11111001"":6,""10000001"":10,""11100011"":14,""01100111"":5,""01010011"":21,""11110011"":15,""11101110"":9,""00001100"":12,""00011011"":11,""01011011"":22,""11001001"":11,""00101100"":14,""01001101"":2,""01111101"":8,""00111000"":11,""01010101"":16,""00101010"":3,""11010111"":8,""01011101"":11,""11010000"":27,""11101101"":8,""01001110"":9,""01100001"":6,""00011101"":7,""01011110"":10,""00011000"":18,""00101011"":7,""11011101"":8,""10001101"":8,""11100000"":16,""11011001"":6,""01111110"":14,""00011111"":5,""10100100"":55,""00100001"":7,""00011001"":5,""10010010"":19,""10111001"":21,""00111111"":3,""10101111"":18,""01011001"":11,""00001010"":6,""00000001"":4,""01101101"":14,""00101000"":12,""00001111"":5,""11001100"":16,""00111110"":11,""11111111"":8,""11111101"":11,""01011010"":9,""01011100"":25,""01001111"":6,""00111100"":8,""11000101"":26,""11101010"":9,""01010100"":13,""01101110"":5,""01001001"":4,""00100010"":1,""10100001"":39,""01100110"":7,""00000000"":21,""01110000"":5,""11110100"":19,""01000000"":6,""11110001"":4,""00000100"":8,""00110011"":8,""01110110"":6,""00110001"":4,""01010110"":14,""01100101"":8,""11110101"":2,""10110101"":21,""01000100"":9,""00010111"":10,""01100100"":9,""00100111"":5,""01100010"":3,""00000011"":9,""10000101"":20,""01010000"":18,""01110010"":2,""01000110"":5,""00111010"":6,""11111010"":2,""00110000"":8,""11100110"":8,""01000101"":7,""00010000"":15,""00011010"":5,""10001111"":4,""00001001"":7,""11101001"":4,""00111101"":3,""11011110"":13,""00000110"":7,""01110100"":14,""00000111"":6,""01010111"":14,""11010001"":5,""01010001"":10,""10000111"":10,""00101001"":5,""11010010"":9,""00100011"":10,""01000111"":5,""11100100"":8,""00010010"":5,""00110101"":5,""01110111"":3,""11000100"":14,""00100101"":5,""11011111"":6,""00110100"":7,""11110010"":2,""01111010"":4,""11001111"":2,""01001010"":3,""01101010"":2,""11110111"":4,""01101001"":3,""00111001"":1,""01111001"":2,""11110110"":2,""00000010"":1,""01000010"":1,""11111110"":1}"
39,x,4000,0.27349999999999997,0.542,-0.712,0.006000000000000005,0.09599999999999997,-0.19300000000000006,-0.01200000000000001,-0.347,"{""11110100"":78,""00010000"":3,""10101101"":65,""10101100"":95,""11101101"":39,""11111000"":12,""00110100"":50,""00110110"":14,""01100100"":33,""11111100"":95,""11101110"":15,""10110000"":24,""10100110"":26,""00100100"":38,""11000101"":66,""10100101"":60,""01100101"":27,""00010110"":7,""11000001"":12,""11000100"":87,""10110010"":6,""11100100"":63,""10010100"":45,""01110110"":21,""11100010"":3,""11010100"":39,""11000010"":11,""11011110"":22,""10100100"":78,""10110100"":87,""10011100"":34,""00000101"":37,""10000100"":61,""10000110"":26,""00100110"":15,""01010101"":13,""01100000"":5,""10110001"":11,""11000110"":42,""10110101"":53,""11110101"":52,""01110100"":47,""10010110"":12,""01010100"":11,""11010110"":17,""00100101"":28,""10000111"":10,""00110101"":23,""10100000"":12,""11110010"":7,""01000100"":22,""10110110"":30,""11100101"":24,""00000100"":45,""11110000"":14,""11010101"":21,""01100011"":1,""10011110"":9,""11001110"":27,""01001101"":14,""10111110"":28,""11011111"":7,""00111100"":27,""11001010"":5,""00001101"":22,""11001000"":20,""11110001"":9,""01101110"":29,""10111010"":3,""00101101"":34,""11001100"":118,""00111101"":33,""11001101"":73,""01001100"":15,""01111001"":11,""01101100"":36,""00001110"":16,""00001100"":37,""11111101"":56,""01011100"":21,""10001100"":50,""01111100"":50,""01111101"":29,""10011000"":7,""10111111"":11,""10011101"":19,""01100001"":2,""11001001"":15,""11011000"":3,""10101110"":39,""10101000"":7,""01000110"":5,""00100111"":5,""10111100"":79,""11011100"":45,""00101100"":38,""11101100"":53,""10101011"":4,""11000000"":16,""11001111"":9,""01011000"":6,""01001111"":3,""01011101"":12,""01101101"":28,""11111010"":3,""01001110"":7,""10001101"":20,""10111001"":3,""11101001"":7,""00001111"":4,""10111101"":55,""00001000"":10,""00101111"":5,""01111111"":3,""10001110"":12,""11101010"":4,""10001001"":4,""01100110"":18,""10111000"":13,""11111111"":13,""10101010"":10,""10111011"":4,""10001111"":12,""01111000"":5,""11111110"":25,""10011001"":5,""10101001"":9,""00111111"":7,""10011011"":1,""01101111"":4,""01000010"":2,""10000101"":35,""01001001"":5,""10000011"":3,""11110111"":4,""00110001"":8,""11100111"":7,""01110101"":23,""00000000"":3,""11100110"":18,""11000111"":7,""00101110"":15,""01000101"":14,""10000001"":6,""10100001"":4,""00000110"":17,""00010101"":10,""00110010"":2,""10100111"":14,""10110111"":7,""00100001"":5,""00110111"":11,""10010000"":8,""00010111"":1,""11110110"":28,""00100011"":2,""10010101"":27,""11100001"":8,""11011101"":31,""11111001"":7,""00111010"":2,""10011111"":3,""10101111"":12,""01101011"":2,""10011010"":2,""01111110"":19,""00011000"":3,""00111110"":13,""00110000"":11,""01011110"":7,""01101000"":6,""00010100"":13,""00111000"":5,""00011100"":9,""01111010"":2,""11101000"":10,""10001010"":4,""01110000"":9,""01101010"":1,""00011101"":7,""01101001"":7,""00101011"":1,""10001000"":4,""11000011"":3,""01111011"":1,""00000001"":3,""00101000"":5,""01010000"":4,""00111001"":5,""00111011"":1,""00001011"":1,""01011111"":2,""01110011"":4,""11010001"":7,""01010010"":1,""00000010"":3,""11100000"":10,""11010111"":6,""01110001"":9,""01000111"":4,""00101001"":1,""01000000"":3,""10100011"":4,""10010111"":1,""10000000"":17,""00101010"":3,""00011110"":3,""01110111"":4,""10100010"":5,""00100000"":3,""01010110"":8,""11010000"":6,""01010111"":1,""00110011"":2,""01100010"":3,""00000111"":2,""01110010"":2,""11010011"":3,""01010001"":2,""11101111"":5,""01000011"":2,""00100010"":1,""11011010"":1,""10010011"":1,""01011010"":1,""11011011"":1,""00001010"":1,""11101011"":3,""10110011"":1,""00001001"":1,""11011001"":1,""01001010"":2,""00011010"":1,""00011001"":2,""11010010"":1,""10010001"":1,""00010001"":1,""10000010"":1,""10010010"":1,""01010011"":1,""01100111"":1,""00000011"":1}"
40,x,4000,-0.133,0.27849999999999997,-0.5965,-0.007500000000000062,-0.07250000000000001,-0.1359999999999999,0.19599999999999995,0.3205,"{""10001110"":19,""11001111"":4,""00001101"":130,""00001110"":85,""11111101"":43,""00001100"":38,""00111001"":24,""01101101"":45,""11011001"":3,""00011001"":15,""00111101"":114,""10100101"":30,""10100000"":2,""00111110"":88,""01101110"":36,""11101101"":42,""01101010"":6,""11101011"":4,""10011101"":24,""11011111"":11,""11101100"":12,""01110001"":22,""01111110"":38,""00011101"":59,""00011110"":36,""00011000"":10,""10111111"":7,""11001101"":14,""00111111"":22,""11111001"":6,""00000000"":13,""00101101"":33,""01111101"":83,""11011110"":27,""00101110"":19,""01111111"":16,""11011100"":10,""01011111"":3,""10101101"":23,""00000101"":120,""01101000"":4,""11011101"":32,""11101110"":34,""10001001"":5,""11111110"":19,""10001101"":32,""01001101"":22,""10111001"":12,""00001001"":41,""01011101"":23,""11010111"":8,""01101001"":14,""01111001"":21,""11101001"":10,""01101011"":2,""10011110"":17,""00000111"":21,""10111000"":6,""11100101"":38,""01110101"":82,""00110001"":31,""00000100"":41,""11010101"":37,""01110111"":13,""00100101"":43,""00100110"":20,""10100001"":9,""01110000"":7,""00110101"":121,""10000101"":19,""00010110"":22,""00000001"":40,""00001111"":27,""11110101"":26,""01100101"":48,""01110011"":10,""10010110"":13,""00110110"":67,""01010001"":4,""01010100"":5,""00100001"":15,""11010100"":10,""01100100"":18,""11100110"":33,""01010101"":18,""11000001"":11,""01110100"":28,""10110010"":8,""01010110"":15,""11100001"":8,""00000110"":73,""01110110"":35,""11110100"":6,""11111011"":7,""10010101"":24,""00010101"":55,""00010011"":8,""00010100"":21,""11000110"":18,""10100110"":24,""10111110"":24,""00001011"":6,""01000110"":10,""10110100"":19,""01100001"":12,""00110111"":13,""11010110"":22,""00110100"":38,""10110101"":46,""01100110"":17,""10110111"":6,""11010011"":1,""10110110"":31,""00101000"":3,""11010000"":5,""10100011"":3,""11110000"":8,""00100100"":13,""10111100"":19,""10100010"":6,""00010010"":6,""00110000"":13,""10100100"":7,""11100010"":7,""01100010"":3,""11100100"":21,""10010001"":2,""00001000"":10,""11110110"":27,""00000010"":18,""11100111"":9,""11110001"":10,""10000100"":7,""01000101"":20,""10010010"":2,""10001111"":2,""00010111"":5,""01100000"":4,""10110000"":4,""11001001"":6,""00011100"":23,""00101001"":7,""01111100"":28,""11001110"":11,""00111100"":39,""01001111"":5,""00101011"":4,""01001100"":6,""01001110"":13,""11001100"":10,""10101110"":15,""00111000"":10,""11101000"":11,""01011110"":9,""10101100"":9,""00101100"":14,""01011011"":4,""10111101"":41,""00111011"":6,""00001010"":8,""01011100"":7,""11111010"":3,""00101111"":6,""10001100"":5,""11101111"":3,""11001010"":5,""00101010"":2,""01100111"":9,""10000111"":5,""00011010"":4,""01111000"":8,""01001001"":4,""01001011"":3,""10010100"":9,""10101001"":7,""01000001"":8,""11000101"":29,""00100111"":9,""10000000"":1,""11000010"":4,""11100000"":4,""10000001"":6,""01000100"":5,""10010111"":2,""00100011"":5,""11110011"":5,""01000010"":6,""01010111"":5,""01000111"":5,""11110111"":5,""11111100"":13,""10011100"":6,""01011001"":5,""01111011"":10,""10000110"":8,""00010000"":8,""10100111"":4,""01010000"":2,""01000000"":2,""00100000"":4,""01110010"":4,""00110010"":7,""00100010"":4,""00110011"":10,""01101100"":12,""11010010"":4,""10111011"":3,""00011111"":8,""10011010"":3,""11000100"":6,""01101111"":3,""01111010"":8,""10001000"":1,""10111010"":2,""10011001"":10,""00111010"":10,""00011011"":3,""01011010"":2,""11010001"":5,""00010001"":4,""11000111"":3,""11000000"":1,""10000010"":2,""10110001"":4,""10101011"":1,""01001000"":2,""11100011"":3,""10110011"":3,""01000011"":1,""01100011"":1,""11000011"":3,""11110010"":5,""10101111"":6,""11111000"":5,""11101010"":2,""11001000"":2,""10011111"":1,""11011010"":5,""11011000"":2,""01010011"":1,""10001011"":2,""10011000"":1,""11001011"":2,""01001010"":3,""11111111"":1,""11011011"":2,""10010011"":3,""00000011"":4,""10011011"":2,""10010000"":2}"
41,x,4000,-0.39250000000000007,0.27149999999999996,-0.15399999999999991,-0.01649999999999996,0.039000000000000035,0.09250000000000003,-0.22100000000000009,0.3235,"{""01110101"":42,""01100100"":16,""01110111"":16,""00110011"":18,""00000101"":55,""01000101"":83,""01010010"":13,""01110011"":37,""01000100"":46,""11000011"":4,""00000011"":23,""01000000"":26,""11100101"":49,""00010100"":19,""00001101"":58,""10001111"":7,""01010011"":32,""01000010"":29,""11010011"":9,""11110001"":20,""10110101"":16,""00010111"":11,""01111001"":19,""11001001"":1,""01010101"":66,""00100011"":10,""01010000"":16,""01011101"":73,""01110100"":10,""00010101"":25,""11110101"":54,""11100011"":23,""00110001"":11,""00110111"":13,""00011001"":10,""00110101"":45,""00100000"":4,""11100001"":16,""10000001"":15,""10010011"":11,""01010100"":24,""01100101"":49,""00110110"":4,""00000111"":20,""10000111"":11,""01000011"":51,""00000001"":33,""11110010"":13,""10110111"":7,""00100001"":17,""01100110"":7,""10010101"":27,""01001100"":49,""01001001"":47,""01101010"":9,""11000101"":14,""11110000"":16,""10110011"":10,""01000111"":29,""10000000"":8,""01010111"":23,""01101101"":44,""10110100"":5,""11111000"":12,""11110011"":31,""11101010"":7,""01000001"":51,""11010100"":8,""00011011"":18,""00011101"":38,""01100111"":9,""10110001"":10,""00010011"":11,""01000110"":14,""00010001"":17,""10011011"":11,""10010111"":9,""11101011"":26,""01101100"":22,""10010100"":12,""01001111"":28,""01110110"":9,""10100110"":3,""11100100"":14,""10110010"":4,""11000001"":6,""10100011"":8,""01001101"":91,""11010101"":9,""10011100"":13,""00100010"":2,""11100010"":9,""10000101"":27,""01100010"":8,""01010001"":35,""01110001"":30,""01001010"":24,""00100101"":25,""00111100"":14,""10000011"":15,""11100110"":5,""10000100"":7,""00001001"":31,""11000100"":6,""01111100"":18,""01111101"":49,""01010110"":10,""11101001"":17,""01100001"":18,""00110000"":11,""00100110"":5,""01100011"":17,""11110110"":11,""10001101"":30,""01111000"":11,""01111011"":28,""11011011"":5,""00001111"":20,""10101101"":14,""11101110"":6,""10111011"":10,""11101111"":12,""10111010"":5,""00001011"":26,""10011101"":30,""01111010"":9,""00111011"":22,""00011010"":3,""01111111"":13,""01101111"":13,""01011100"":43,""11111100"":25,""01001000"":17,""11111001"":25,""01001011"":45,""00101111"":9,""01110000"":8,""00011111"":7,""11111010"":15,""00001010"":13,""11111101"":66,""00001000"":13,""11111111"":18,""00101110"":3,""00101011"":13,""00111000"":2,""10011010"":11,""11111011"":19,""10111101"":21,""11101100"":13,""01101011"":21,""01011011"":38,""00011100"":19,""11101000"":7,""00101100"":8,""00111001"":15,""11011010"":5,""00111101"":30,""10001000"":6,""00001100"":32,""01011000"":8,""11001010"":2,""10111111"":9,""01011010"":18,""10001011"":26,""11011001"":5,""11001101"":14,""10000010"":13,""00101101"":32,""01011111"":21,""00111010"":13,""10001001"":20,""10010001"":6,""11011101"":15,""10011000"":8,""10101010"":5,""00111111"":12,""01001110"":14,""00101010"":6,""11001100"":5,""00001110"":13,""10001010"":9,""11011100"":7,""10011001"":7,""11101101"":38,""10100001"":8,""10100101"":12,""11000111"":3,""11111110"":11,""00110100"":9,""11110111"":15,""01011001"":17,""00000100"":22,""11000010"":2,""11100111"":17,""10110000"":6,""00110010"":8,""10010000"":3,""00101001"":9,""01101001"":16,""10111100"":8,""11011000"":3,""01110010"":7,""01101000"":8,""11001011"":2,""01011110"":6,""00011000"":4,""00011110"":5,""10101011"":7,""10011110"":2,""10011111"":3,""01111110"":8,""10111001"":5,""11001111"":3,""01101110"":5,""00100100"":12,""11110100"":15,""10010110"":3,""11010001"":6,""10100100"":6,""11011111"":2,""00101000"":6,""11011110"":1,""10101111"":5,""10101100"":4,""11010110"":1,""00000000"":10,""10000110"":3,""11010010"":3,""00010110"":3,""00000010"":8,""00010010"":5,""11100000"":5,""00010000"":7,""10110110"":2,""00100111"":4,""00000110"":5,""10001100"":8,""10101000"":3,""00111110"":6,""10010010"":3,""11000000"":3,""10001110"":3,""10101001"":2,""10111000"":3,""01100000"":2,""10100010"":1,""10101110"":3,""10111110"":4,""10100000"":1,""11001110"":1,""10100111"":2,""11001000"":1,""11010111"":1}"
42,x,4000,-0.0674999999999999,-0.6245,-0.7455,0.031000000000000028,-0.00550000000000006,0.06499999999999995,-0.10899999999999999,-0.7825,"{""10101111"":18,""11111100"":43,""10001110"":140,""11111110"":144,""11111111"":179,""11001110"":64,""10010110"":39,""11011111"":75,""11001011"":6,""10011011"":7,""10001111"":147,""11110111"":180,""10011001"":2,""10101110"":20,""10011000"":2,""10111111"":65,""11011110"":52,""11001111"":70,""10111100"":15,""11101110"":70,""11101111"":66,""10110111"":72,""10001011"":15,""11000111"":111,""11110110"":120,""11001100"":17,""00111100"":3,""10001101"":22,""01111000"":2,""11011001"":5,""10111110"":64,""00001100"":7,""11101100"":23,""11111001"":4,""01100111"":7,""10000111"":173,""00101110"":7,""10011111"":45,""11111000"":8,""10011110"":38,""00001111"":26,""01011101"":1,""10010100"":15,""01001110"":9,""11001101"":10,""10001010"":22,""01110111"":21,""10010111"":51,""10110110"":38,""11100101"":11,""11110010"":18,""11010011"":8,""10100100"":3,""11100111"":96,""00000110"":23,""01110110"":8,""01010111"":10,""11010111"":86,""11000000"":7,""11100011"":9,""10100110"":19,""11000110"":72,""11000010"":9,""00000101"":6,""11110011"":21,""11010110"":48,""01110011"":1,""01100110"":5,""10000101"":38,""11100100"":39,""10001100"":44,""11110101"":28,""11100110"":57,""10000110"":119,""00011000"":1,""10010010"":3,""10110100"":15,""11110001"":4,""00000001"":3,""01000111"":11,""00110111"":20,""11000101"":17,""11110000"":11,""11100010"":9,""00010110"":10,""10110001"":3,""11110100"":33,""11010000"":4,""11010010"":12,""10100000"":2,""01111010"":4,""00011111"":13,""10111011"":8,""11111010"":18,""11000100"":13,""10010001"":2,""11011100"":20,""00100111"":3,""10001000"":9,""00010111"":6,""11011000"":2,""10011100"":13,""00011100"":4,""11001010"":11,""10111101"":10,""11001001"":4,""10101101"":2,""10101100"":1,""00000111"":34,""11111101"":29,""11011101"":11,""11101010"":8,""00010100"":3,""10100111"":16,""10000011"":28,""10000000"":10,""10010011"":8,""10000100"":36,""10100010"":1,""10000001"":5,""10010000"":6,""11000011"":13,""11010001"":1,""00011110"":12,""01101111"":6,""11011011"":12,""01111111"":12,""11101001"":3,""10101010"":3,""11011010"":9,""00111111"":9,""10101011"":3,""11111011"":19,""01111101"":1,""11100000"":6,""00111110"":12,""01011111"":3,""01111011"":2,""00001110"":17,""11101000"":5,""10111010"":4,""00111010"":2,""01101000"":1,""10011101"":6,""01111110"":9,""11001000"":3,""11101101"":7,""00111101"":3,""01001111"":6,""00100011"":1,""00001010"":6,""01001011"":2,""10001001"":2,""11101011"":2,""10000010"":13,""10110101"":11,""01110010"":2,""10110010"":12,""01101110"":2,""11010101"":13,""11000001"":3,""10010101"":10,""11010100"":12,""00110110"":5,""00000100"":7,""01010100"":2,""00001101"":2,""00101101"":1,""01011100"":1,""00101011"":3,""10110011"":5,""01110000"":2,""10100011"":6,""00101111"":5,""00011011"":2,""00110011"":3,""00000010"":1,""01010110"":2,""00000011"":7,""10100101"":2,""00010010"":4,""01000000"":1,""00010101"":2,""10111000"":2,""00011101"":2,""00001011"":2,""00111011"":1,""01000110"":3,""01100100"":1,""00001000"":1,""00100110"":2,""10110000"":2,""01000101"":1,""00001001"":1,""01101011"":3,""10011010"":2,""01100010"":2,""10111001"":1,""00110000"":1,""01100011"":2,""00100101"":1,""01000011"":1,""01011110"":1,""00010000"":1,""00110001"":1,""01110101"":1,""00010011"":1}"
43,x,4000,-0.05699999999999994,0.0004999999999999449,0.01649999999999996,0.008000000000000007,0.06000000000000005,0.243,-0.0129999999999999,-0.11450000000000005,"{""01101101"":5,""01001010"":13,""01001001"":43,""10001111"":66,""01011110"":31,""10001000"":55,""00101111"":9,""10011111"":58,""11111000"":46,""01001000"":58,""01011001"":30,""01011010"":12,""01111000"":22,""10011000"":58,""10011110"":29,""01101111"":16,""10101111"":30,""01011000"":42,""10011101"":7,""01101110"":11,""01100100"":5,""10001100"":29,""11111001"":37,""11110111"":44,""00001000"":20,""01111111"":27,""10011100"":12,""01101011"":8,""10110111"":17,""11001111"":16,""00001100"":8,""00111101"":1,""10001001"":45,""11111010"":4,""01111011"":8,""11101111"":27,""01101010"":9,""10010000"":43,""11001100"":4,""10001010"":12,""00101110"":9,""00001110"":17,""00001001"":17,""10000110"":49,""10001110"":43,""01011111"":31,""11111011"":15,""01111001"":14,""10111111"":17,""00011010"":7,""11111111"":44,""11101000"":31,""01001111"":48,""00111000"":18,""11101100"":9,""00011000"":23,""11000110"":16,""10111001"":14,""11000011"":7,""00101000"":6,""01010000"":28,""10011001"":34,""01010110"":22,""11010111"":14,""01110010"":3,""10101100"":5,""11011110"":5,""01001101"":14,""10101011"":9,""00111110"":7,""10000111"":70,""11111110"":26,""10011011"":22,""11011100"":3,""11001101"":4,""10101000"":25,""01100101"":4,""01001100"":14,""00011111"":14,""01111010"":3,""11110110"":24,""11011001"":7,""11110100"":9,""10000000"":57,""00001011"":7,""11111101"":8,""00001111"":26,""11101101"":12,""00101001"":6,""10100100"":5,""01101000"":15,""10101101"":3,""10010001"":54,""01001011"":13,""10111100"":5,""01001110"":34,""00101011"":5,""11001110"":10,""11101010"":6,""11101001"":14,""10010010"":7,""10001101"":14,""10010111"":48,""01101100"":3,""11011111"":8,""11011000"":5,""00001010"":9,""01111100"":3,""11000001"":10,""01000110"":35,""11100100"":10,""01000101"":10,""01000100"":23,""11110000"":34,""01110110"":16,""01010100"":13,""01110101"":5,""01000011"":14,""10010110"":35,""11110001"":44,""01000000"":57,""01010111"":31,""00000111"":24,""10100110"":19,""10000001"":54,""00000100"":10,""01110100"":6,""10111000"":10,""00110001"":13,""11100111"":32,""01100000"":17,""00110110"":20,""10110110"":7,""11100011"":14,""01010101"":7,""10010100"":20,""11100000"":26,""00110100"":6,""00000001"":26,""10010011"":24,""11010011"":7,""10000100"":18,""10100111"":24,""00110000"":13,""01000010"":11,""00000011"":10,""10100000"":17,""01000001"":38,""01011101"":11,""01110011"":6,""00010110"":13,""00010001"":16,""11010100"":5,""11110010"":9,""10000010"":12,""11000000"":12,""00100001"":4,""01000111"":64,""10000011"":18,""01100111"":14,""11010110"":5,""00000000"":22,""00100111"":5,""10110000"":13,""00110011"":9,""11100110"":15,""11010000"":8,""10110001"":11,""10110010"":3,""10010101"":13,""00100101"":4,""01100011"":9,""00100110"":3,""00000110"":19,""01010010"":7,""00110111"":14,""01110000"":20,""11011010"":4,""11010001"":3,""00111001"":9,""01010001"":34,""11000111"":20,""00010000"":13,""00010111"":14,""10100011"":8,""00010011"":7,""11000100"":1,""11101110"":25,""00100100"":3,""01110111"":24,""11110011"":9,""11100001"":19,""00000101"":5,""01100110"":6,""00000010"":7,""10100101"":4,""10100001"":18,""10000101"":18,""01100010"":5,""10110011"":3,""01100001"":18,""11100101"":7,""10101110"":12,""00100011"":5,""11001001"":10,""01110001"":15,""10111011"":5,""10101001"":18,""01011011"":11,""11001010"":4,""00101010"":3,""00111011"":5,""00111100"":4,""00011001"":18,""01111110"":14,""11111100"":11,""11110101"":8,""10011010"":11,""00111010"":2,""01111101"":5,""00111111"":11,""11100010"":4,""00110101"":3,""10001011"":10,""00010010"":2,""01011100"":12,""11101011"":10,""11011011"":3,""11001000"":14,""10111101"":7,""10100010"":7,""00010101"":5,""11000101"":6,""11000010"":5,""00011100"":7,""10111010"":3,""10101010"":2,""01101001"":9,""10111110"":6,""11001011"":3,""00011110"":10,""00011101"":4,""00011011"":8,""10110101"":1,""01010011"":16,""11010010"":2,""00100000"":4,""00100010"":1,""00010100"":3,""00110010"":2,""10110100"":2,""00101100"":2,""00001101"":2}"
44,x,4000,-0.16399999999999992,0.688,-0.687,0.044499999999999984,0.344,0.3105,-0.15250000000000008,-0.2144999999999999,"{""11001100"":103,""10100101"":24,""11001101"":172,""10111101"":38,""10000101"":125,""11101110"":6,""00111100"":6,""10001100"":74,""11010101"":53,""10011001"":7,""10101101"":17,""11110101"":35,""10111100"":29,""11011101"":52,""11111001"":3,""11111101"":32,""11001110"":29,""00001100"":62,""11101111"":8,""11001000"":17,""00101101"":32,""00001101"":78,""11000100"":131,""01100001"":12,""00101001"":4,""10001101"":101,""11111000"":5,""00101100"":23,""00000101"":86,""10001001"":13,""01000000"":5,""10010100"":26,""01101100"":35,""11000101"":207,""10111110"":7,""10011100"":23,""11011010"":3,""01001100"":28,""01001101"":45,""01001001"":5,""00010100"":27,""10011101"":35,""11111100"":18,""01111101"":73,""01101111"":9,""11011100"":33,""10110101"":30,""11111010"":1,""10010000"":6,""11100110"":12,""01111111"":10,""01101101"":54,""01100101"":54,""00011100"":31,""10001110"":16,""00001001"":16,""11101101"":56,""01011100"":8,""00001010"":2,""11101100"":26,""11100101"":47,""11000111"":26,""10010101"":40,""01100100"":28,""00100000"":6,""10000100"":70,""11000000"":29,""11010000"":6,""11100000"":8,""11010100"":40,""00000000"":12,""01000101"":46,""01101000"":7,""01110100"":46,""00100001"":7,""00011111"":6,""00100100"":27,""11110100"":35,""00010001"":7,""00000100"":63,""10000110"":16,""00000010"":5,""00010101"":29,""11010111"":7,""11010110"":9,""11000110"":30,""11000001"":29,""01100000"":4,""10110010"":4,""11000010"":4,""11010001"":6,""10110000"":2,""00010011"":1,""10010110"":8,""01110101"":70,""10100000"":2,""10000011"":6,""11110110"":4,""00110100"":6,""01100111"":7,""11110001"":5,""00010110"":7,""11100100"":38,""00000011"":2,""10010001"":10,""00001110"":10,""10011110"":7,""01101110"":8,""00111000"":2,""11111111"":8,""01001110"":8,""11011011"":6,""01101001"":9,""11001010"":8,""00001111"":9,""11111110"":4,""01111010"":1,""11100011"":3,""01111001"":9,""11001001"":32,""00011101"":30,""01111000"":7,""00100101"":47,""00101000"":2,""10111010"":2,""11011110"":9,""11011001"":14,""01111100"":42,""01001111"":6,""00101111"":6,""01111110"":6,""10101111"":3,""00001011"":8,""01011000"":1,""01010100"":9,""00000110"":14,""01000100"":28,""10000000"":10,""10110001"":4,""10010010"":4,""10000111"":14,""10000010"":7,""10110011"":1,""10100001"":5,""00100011"":2,""00000001"":14,""11100001"":7,""11010010"":4,""11000011"":5,""11110111"":4,""01110000"":7,""10100100"":10,""01000110"":8,""11100111"":8,""10110111"":5,""10110100"":16,""11011000"":9,""11001011"":11,""01011011"":1,""10001010"":4,""00011001"":7,""11001111"":23,""10101100"":6,""00001000"":8,""10001000"":7,""11101001"":8,""10011111"":4,""10011000"":6,""01010101"":13,""10001111"":11,""00101010"":1,""11011111"":5,""00100111"":6,""10101110"":3,""01000001"":12,""11111011"":1,""10100111"":3,""10000001"":19,""01110001"":8,""01010001"":6,""01000111"":3,""01100110"":6,""11101000"":4,""00101011"":2,""01011101"":11,""01110110"":8,""01001000"":5,""00101110"":6,""11010011"":3,""10100010"":2,""00110101"":10,""01111011"":2,""11100010"":3,""10110110"":4,""10101000"":2,""10111000"":4,""01110010"":3,""00111101"":7,""00010111"":3,""10111111"":5,""00000111"":13,""10100011"":3,""01000011"":1,""01110011"":2,""00100110"":5,""10011010"":3,""00011000"":5,""00010000"":5,""01000010"":1,""10010111"":4,""10111001"":3,""01010011"":1,""01101010"":2,""10001011"":2,""01110111"":3,""01011001"":1,""11110010"":2,""10011011"":1,""00111110"":2,""01010110"":1,""01010000"":1,""00110111"":1,""00011011"":3,""00011110"":2,""10010011"":3,""11110000"":3,""01101011"":2,""01011110"":2,""10101011"":1,""10111011"":1,""01001010"":2,""10101001"":1,""01010111"":1,""00100010"":1,""01100010"":2,""11110011"":1}"
45,x,4000,-0.1200000000000001,0.30400000000000005,-0.274,0.019499999999999962,0.20550000000000002,0.14449999999999996,-0.020999999999999908,-0.4315,"{""01011101"":3,""11001101"":111,""00101101"":19,""01101111"":13,""11001001"":54,""11011010"":17,""11001111"":52,""11101000"":16,""11001100"":92,""01111111"":9,""10011100"":9,""10001100"":58,""10011110"":5,""11101100"":19,""00101001"":17,""10101001"":10,""11101101"":24,""11011111"":20,""00111101"":12,""11111101"":12,""10101100"":32,""01111011"":11,""01101101"":17,""10111011"":19,""11011100"":40,""01101011"":6,""00111010"":6,""10110111"":47,""10111101"":58,""01110100"":18,""11001010"":42,""00111000"":6,""10111100"":44,""00101011"":7,""11000001"":38,""10011111"":9,""00101100"":29,""01101100"":22,""00100101"":33,""00111100"":9,""11101010"":7,""10001000"":21,""10101101"":28,""10001111"":31,""11011000"":24,""00101000"":12,""00001101"":24,""10111010"":19,""11011101"":48,""10101111"":10,""11111111"":5,""11101111"":8,""10101011"":11,""00011001"":6,""00001001"":13,""10001110"":14,""10110011"":18,""10111001"":30,""10111000"":23,""00111001"":4,""11110101"":16,""10011011"":2,""10001011"":21,""01111101"":28,""11000100"":79,""11111011"":8,""10000100"":53,""00111011"":8,""11011110"":8,""00011100"":14,""11101011"":9,""11001011"":28,""11001000"":47,""10101010"":7,""10001010"":22,""10011010"":5,""00011010"":8,""01001010"":4,""01011100"":4,""11111010"":5,""11000011"":35,""10001101"":47,""11111110"":4,""11000000"":44,""10101110"":8,""11000111"":81,""11011001"":16,""11001110"":24,""01111010"":10,""10111111"":27,""00110101"":19,""11101110"":2,""10000011"":16,""10011101"":14,""10101000"":10,""11111001"":8,""11110100"":20,""10000001"":30,""00011000"":6,""11011011"":16,""01111100"":22,""10001001"":14,""00101010"":8,""01011001"":2,""01111000"":8,""01110000"":11,""01001000"":6,""11111100"":11,""11000101"":106,""00001000"":7,""10000101"":67,""11110111"":7,""01001101"":5,""00100100"":26,""10110001"":29,""00101111"":10,""10011000"":6,""11101001"":4,""01001001"":5,""00011101"":8,""10110101"":62,""00101110"":11,""10111110"":11,""10110100"":36,""10100100"":21,""01100100"":13,""00010000"":9,""01100000"":5,""00100000"":9,""11000110"":28,""11010111"":27,""11000010"":36,""11100101"":17,""00000100"":13,""00010011"":10,""10010000"":7,""11010100"":41,""01110111"":10,""01010111"":4,""10010111"":19,""10100011"":15,""01000101"":21,""11010101"":39,""01110011"":14,""11100010"":7,""00100010"":9,""10000111"":34,""00000111"":12,""01100001"":10,""11010001"":22,""00000011"":9,""10000000"":34,""10010010"":3,""01100010"":7,""00000101"":20,""01110101"":33,""10100111"":10,""10100101"":32,""10100001"":12,""01100011"":7,""10100010"":10,""10100000"":5,""01100101"":25,""10010101"":14,""11110011"":7,""00000001"":10,""00100001"":9,""11010011"":12,""10010100"":13,""11111000"":4,""00010010"":3,""01011010"":1,""01100110"":7,""11100111"":7,""00110010"":8,""10000010"":13,""10110110"":12,""00000010"":6,""11100100"":16,""11110000"":6,""10110010"":19,""00110011"":8,""10000110"":13,""11100001"":6,""11100000"":7,""11110001"":5,""00110111"":9,""00010101"":5,""00110100"":20,""00000000"":6,""00010100"":22,""01010100"":2,""10110000"":14,""00100111"":19,""01110010"":8,""10010110"":2,""01010101"":4,""11010000"":13,""01110110"":4,""11010110"":13,""01001100"":10,""00010001"":6,""01000111"":4,""01010000"":1,""00001111"":11,""00001100"":20,""10011001"":8,""01000000"":6,""00011011"":4,""00001010"":5,""00011110"":6,""00001011"":7,""01101000"":9,""01000001"":5,""00111111"":3,""01111110"":6,""01010011"":3,""00110001"":7,""11010010"":18,""11110010"":5,""00010111"":10,""01100111"":11,""01000100"":9,""01110001"":8,""10010011"":6,""11100011"":5,""10100110"":4,""00100110"":6,""00110110"":2,""00100011"":6,""00011111"":7,""10010001"":5,""01001110"":5,""01011011"":2,""01001111"":2,""11100110"":5,""00111110"":3,""01101001"":5,""01111001"":11,""01000010"":1,""00110000"":6,""01101110"":3,""01101010"":3,""11110110"":2,""00000110"":2,""01010001"":2,""01000110"":1,""01011000"":1,""00010110"":1}"
46,x,4000,-0.3899999999999999,-0.05950000000000011,-0.24449999999999994,0.007000000000000006,-0.32499999999999996,-0.03499999999999992,-0.21300000000000008,0.4295,"{""11111111"":43,""10011011"":13,""01101100"":8,""01011111"":55,""11101111"":21,""00111011"":25,""01111111"":93,""11011101"":6,""00001001"":25,""00011000"":12,""00011110"":18,""10011110"":19,""10000111"":19,""01111001"":63,""11011110"":3,""00111111"":65,""00111110"":37,""11111110"":31,""01001011"":20,""11111101"":34,""00001111"":36,""11101011"":7,""01111110"":45,""00011001"":24,""00111001"":36,""01101010"":4,""11001111"":15,""10001111"":17,""00101101"":11,""01111000"":32,""10011101"":19,""01111101"":46,""00011101"":19,""00011111"":26,""10011111"":16,""00000010"":6,""11001101"":6,""11101000"":11,""01000111"":56,""01011001"":31,""11001011"":6,""01011101"":31,""00110001"":28,""00010111"":42,""01011110"":35,""10010001"":16,""01101110"":8,""00101111"":10,""00001110"":18,""11110101"":42,""10001011"":2,""11111010"":13,""11101101"":11,""00111100"":23,""01001101"":32,""00101001"":9,""01001111"":44,""11111000"":18,""01011011"":25,""11110100"":16,""01010111"":47,""10101000"":2,""11101110"":13,""01111010"":16,""01011100"":18,""01011010"":16,""01011000"":13,""10111010"":3,""11011111"":8,""00101110"":11,""11001110"":10,""01111100"":15,""00001011"":13,""11100011"":14,""11101001"":13,""00111000"":24,""11111001"":20,""00110111"":63,""00001010"":9,""01101101"":19,""10111001"":4,""01001001"":30,""01010001"":48,""01110110"":46,""11001100"":3,""00101100"":6,""01110011"":44,""00011100"":7,""01001000"":17,""01001100"":14,""00001000"":12,""11111011"":14,""10011000"":9,""00110100"":13,""01100110"":7,""00111101"":33,""11011001"":3,""00110011"":27,""00001100"":13,""11100111"":19,""11111100"":15,""10011001"":21,""10001001"":4,""11101100"":8,""11000011"":8,""01111011"":40,""10001101"":6,""00001101"":23,""11011100"":2,""01001110"":32,""10001110"":10,""01110101"":67,""01101000"":6,""01101111"":10,""10101101"":5,""11010101"":15,""00010011"":20,""00101011"":5,""11001001"":8,""10111011"":2,""01010101"":42,""10001100"":6,""10011010"":5,""10101110"":3,""01001010"":7,""00101000"":2,""11011011"":5,""00101010"":5,""00011011"":11,""10101111"":12,""11001010"":4,""11100001"":22,""01100101"":20,""00011010"":9,""10010101"":31,""01000101"":56,""01101001"":3,""01100100"":8,""00000011"":16,""00110010"":11,""10101001"":8,""00010101"":55,""00000111"":31,""00010100"":5,""10111101"":1,""01000011"":25,""10010111"":26,""01010110"":21,""11110001"":25,""01110111"":95,""00100111"":11,""00000101"":24,""10100001"":4,""11110110"":12,""00010010"":6,""10010011"":18,""00110101"":53,""01010000"":13,""01000010"":9,""01110001"":47,""11110111"":51,""00100101"":13,""10100111"":6,""11010011"":2,""00100001"":6,""00010000"":8,""10110101"":6,""10000101"":7,""11000111"":16,""01000000"":12,""01110000"":16,""00100000"":5,""11110000"":10,""10000100"":4,""01110100"":21,""11010001"":5,""00100110"":5,""00000100"":6,""01110010"":17,""11000101"":14,""01010010"":11,""11010111"":7,""01100001"":6,""11000001"":10,""10000010"":3,""11100110"":7,""00100011"":10,""01100000"":2,""00110000"":13,""01000100"":16,""01100011"":8,""11110010"":12,""00010001"":33,""01000001"":17,""10010000"":5,""00000001"":13,""11110011"":19,""10100010"":5,""11011000"":2,""00010110"":17,""11000000"":2,""11010010"":5,""01010100"":6,""01000110"":25,""00110110"":25,""10000000"":4,""00000110"":11,""10010100"":3,""01100111"":8,""10110110"":1,""10110011"":2,""10110111"":2,""01010011"":41,""00111010"":3,""11010110"":2,""10010110"":4,""11100101"":19,""11100000"":2,""11000110"":6,""10110010"":4,""10110001"":3,""10111100"":4,""10010010"":4,""00100010"":3,""11010000"":1,""00000000"":4,""10100101"":2,""10110000"":1,""10000110"":4,""00100100"":4,""01100010"":4,""10110100"":4,""10000011"":2,""11001000"":4,""10111111"":5,""10111000"":2,""10001010"":2,""10111110"":3,""11101010"":4,""10101011"":2,""01101011"":3,""10011100"":2,""10001000"":4,""11011010"":2,""11100010"":2,""11000100"":2,""10000001"":3,""11100100"":1,""10100000"":1,""11010100"":2,""10101100"":1,""10100110"":1,""11000010"":1}"
47,x,4000,-0.3480000000000001,0.25,-0.4710000000000001,0.006000000000000005,-0.03649999999999998,0.02300000000000002,0.42500000000000004,-0.675,"{""01110110"":3,""01100110"":1,""01010000"":2,""11100101"":26,""10100101"":64,""11010101"":32,""10100011"":14,""00100001"":7,""10100110"":26,""11110111"":20,""10000111"":76,""10000110"":34,""10011111"":45,""10010111"":57,""10010110"":33,""00001000"":4,""10011101"":84,""01000101"":20,""10010001"":46,""11110000"":6,""00000101"":17,""10110100"":47,""10110000"":22,""10100001"":52,""11110001"":21,""00000111"":7,""10010101"":79,""00010111"":12,""11000101"":58,""11000001"":12,""11110101"":42,""10000100"":55,""01101101"":10,""01000100"":13,""10100111"":48,""11010000"":6,""10000000"":11,""10111101"":109,""00000100"":8,""00100110"":6,""11000011"":6,""10000001"":39,""10111111"":79,""11000111"":35,""11000110"":10,""01010100"":7,""10100100"":34,""10110101"":104,""11101100"":14,""11110110"":10,""11100111"":17,""00010100"":5,""01010101"":12,""10010100"":26,""11011111"":15,""10000101"":106,""11110011"":9,""00010101"":13,""10100000"":26,""01100100"":3,""11100001"":11,""00110110"":2,""10110111"":82,""11000000"":6,""01010111"":13,""11010111"":18,""11100110"":5,""10110110"":35,""10101100"":32,""11011100"":10,""01011110"":5,""10111000"":33,""10011110"":58,""01111110"":4,""11101101"":23,""01111101"":13,""00101011"":3,""01001101"":15,""10001110"":33,""10001101"":101,""00001111"":15,""11111101"":34,""10011001"":38,""10101000"":19,""11111001"":15,""10111011"":18,""10001100"":51,""10101001"":37,""10011100"":43,""10111110"":51,""00111101"":11,""10001001"":28,""10101111"":47,""10101101"":67,""11001001"":17,""01101001"":4,""10011000"":18,""10111100"":68,""00101100"":6,""10101110"":35,""11111100"":18,""10101011"":21,""00001001"":6,""11001100"":16,""00101001"":10,""10011010"":2,""11111000"":3,""01000000"":6,""10111001"":39,""00001110"":4,""01011100"":5,""11001101"":47,""00001101"":14,""01111000"":6,""00011110"":10,""00011111"":6,""00101101"":14,""00010001"":8,""00111001"":7,""10001111"":64,""01111011"":2,""11001110"":11,""10001011"":12,""10011011"":10,""11111010"":7,""11011011"":8,""00011101"":12,""10101010"":8,""11011110"":9,""11001000"":5,""01011111"":7,""01000001"":10,""01011001"":7,""00011100"":7,""10110011"":19,""10110001"":41,""01000011"":3,""10010000"":12,""11111011"":8,""00110101"":10,""11011101"":15,""01100101"":13,""01010001"":7,""11100100"":7,""00000001"":8,""00011011"":2,""01110101"":11,""11110100"":15,""00100000"":1,""11000010"":5,""01110000"":4,""00110111"":9,""01110111"":9,""00100100"":3,""11010010"":1,""11000100"":13,""11100010"":3,""01110011"":5,""00000000"":3,""11010100"":9,""11010001"":6,""11100000"":2,""11001011"":5,""10000011"":13,""01111001"":6,""10010011"":20,""01111100"":5,""01011000"":4,""11011001"":21,""01101110"":7,""11101010"":1,""11001111"":15,""00001100"":9,""00100101"":5,""10111010"":8,""10001010"":5,""10110010"":2,""10000010"":6,""01100111"":6,""10001000"":18,""11101000"":2,""01001010"":2,""01110001"":6,""11111111"":24,""10100010"":9,""11101011"":3,""00101000"":2,""01001001"":4,""00011001"":4,""11011010"":1,""01111111"":5,""10010010"":10,""11010110"":7,""11101111"":8,""11101001"":11,""01001111"":10,""11100011"":7,""11011000"":7,""00111000"":2,""11111110"":12,""00101111"":5,""01011011"":2,""00110000"":2,""11110010"":5,""01000111"":5,""01000110"":6,""00110100"":2,""00100111"":3,""11010011"":2,""00000011"":1,""00101010"":1,""01011101"":9,""01010011"":2,""00111010"":1,""01001011"":3,""01100001"":2,""01011010"":2,""01110100"":5,""00110001"":3,""01010110"":4,""01000010"":1,""00000010"":2,""01101111"":2,""00111111"":5,""00010000"":1,""00000110"":5,""01001110"":5,""11101110"":4,""00101110"":2,""00111100"":4,""01110010"":1,""00010110"":4,""00100011"":1,""00010011"":1,""00001011"":2,""00011000"":1,""01101011"":1,""01101000"":1,""01100011"":1,""00010010"":1,""01100000"":1,""00001010"":1,""00111110"":1,""01001100"":1}"
48,x,4000,-0.034499999999999975,0.15149999999999997,0.04849999999999999,-0.008000000000000007,0.02849999999999997,-0.05950000000000011,0.32499999999999996,-0.2529999999999999,"{""01000001"":24,""11000011"":15,""11100011"":5,""10110001"":38,""10100011"":18,""10010101"":13,""11110110"":11,""01100100"":4,""10111100"":45,""10110101"":45,""10000100"":31,""01100001"":10,""10101101"":26,""01000100"":18,""10011001"":18,""10110111"":40,""11011010"":8,""00110101"":25,""00110010"":18,""01110001"":6,""01000000"":22,""01100010"":4,""00001001"":11,""00010101"":5,""00110000"":49,""11110000"":13,""11000101"":23,""10000101"":48,""10000000"":42,""11100101"":14,""11000000"":15,""00110001"":29,""11111011"":10,""10011010"":12,""00110100"":23,""10010000"":12,""10000011"":27,""10111000"":51,""10000001"":41,""10001001"":51,""01010001"":17,""10000010"":21,""01010110"":7,""01010100"":9,""10100101"":36,""01010000"":16,""10110011"":43,""11110001"":14,""10110000"":52,""11010000"":17,""11010011"":13,""10110010"":22,""11101100"":10,""01001101"":16,""10100010"":19,""01001011"":22,""01000010"":18,""10100110"":24,""01000110"":17,""01000011"":17,""10100111"":22,""01110010"":5,""00100101"":12,""10111001"":47,""11000111"":18,""10010100"":11,""01010101"":12,""10000110"":39,""10110100"":38,""11100110"":6,""00000001"":13,""00110011"":26,""00100100"":11,""01010011"":16,""00000100"":10,""00100000"":18,""10010010"":10,""10110110"":31,""00110110"":17,""01000101"":30,""00100111"":13,""11110011"":14,""11000001"":24,""10100000"":26,""10100001"":21,""10001000"":49,""10100100"":31,""11100111"":11,""10001111"":32,""11010111"":12,""11000010"":9,""01110000"":5,""00100110"":15,""10010110"":7,""10111111"":49,""10101001"":34,""00000101"":7,""01100011"":10,""00010100"":7,""11001111"":19,""11010010"":6,""01100101"":4,""00010001"":11,""11010101"":5,""01000111"":19,""10010001"":17,""00101100"":24,""00100001"":17,""10111101"":45,""11101011"":6,""11100001"":6,""00000000"":5,""10010111"":9,""11110111"":12,""11010001"":15,""00010000"":8,""11001001"":16,""11011111"":9,""10011101"":9,""00111010"":35,""00111101"":19,""11001010"":8,""01001100"":24,""11001110"":9,""01111110"":4,""00111000"":37,""10011100"":14,""10001110"":45,""01001111"":23,""10101111"":16,""11001100"":13,""10111011"":38,""00001101"":10,""01001000"":24,""11111110"":5,""11101001"":12,""10011110"":6,""01001001"":16,""10001011"":36,""11101111"":5,""00101110"":5,""00111110"":25,""00101001"":18,""10101000"":32,""01001010"":9,""01001110"":13,""00111100"":21,""01101100"":8,""11111100"":9,""11111000"":16,""11111001"":12,""00111001"":35,""10011000"":17,""10001100"":25,""10101110"":18,""10001010"":31,""10001101"":30,""01111001"":4,""11101010"":3,""00101101"":11,""10101011"":14,""01111000"":8,""11111111"":10,""11001101"":19,""01101111"":4,""11111101"":9,""10011011"":16,""11011101"":11,""10011111"":9,""00110111"":19,""00000111"":6,""10000111"":32,""10111010"":32,""01101101"":5,""01101011"":8,""01110111"":2,""01100000"":7,""01110110"":7,""11001000"":19,""01100111"":6,""11110100"":16,""00011100"":7,""00000110"":7,""00000011"":11,""10111110"":42,""10101010"":24,""00000010"":1,""11010100"":5,""00010111"":3,""11100010"":5,""11110101"":11,""11000100"":11,""10010011"":9,""01011110"":6,""00111011"":23,""01111111"":1,""00111111"":15,""11011011"":14,""01011011"":14,""00101000"":14,""11011000"":17,""01111101"":8,""10101100"":33,""00001111"":4,""00001100"":11,""11101000"":10,""11011001"":13,""00011011"":2,""00011001"":5,""11001011"":7,""01100110"":5,""11010110"":8,""11100100"":7,""00101010"":5,""01011010"":11,""11011100"":13,""01011001"":22,""01010010"":5,""00101111"":12,""01011000"":23,""01111011"":6,""11101101"":5,""01110100"":4,""01010111"":7,""00001110"":9,""00001000"":11,""01101001"":6,""11000110"":10,""11111010"":5,""00011010"":4,""00101011"":11,""00011111"":6,""00011000"":4,""01011100"":9,""00001010"":5,""00001011"":3,""01011111"":6,""01101010"":5,""00011101"":4,""01101110"":5,""00100011"":12,""01101000"":5,""01111010"":4,""00011110"":5,""01111100"":5,""01011101"":7,""11011110"":4,""00010011"":4,""00010110"":6,""00100010"":7,""00010010"":3,""01110101"":1,""11101110"":2,""11100000"":4,""11110010"":2}"
49,x,4000,-0.38949999999999996,0.48,-0.5409999999999999,-0.0020000000000000018,-0.5209999999999999,0.038000000000000034,0.1795,-0.3105,"{""10011101"":102,""00111101"":92,""11001011"":8,""10111101"":185,""00101001"":4,""11011100"":31,""10111100"":68,""11001100"":16,""11111101"":36,""10111110"":42,""01001011"":6,""10110101"":191,""11101011"":3,""10010100"":30,""11011010"":13,""11001101"":49,""00111111"":19,""11011101"":127,""10101011"":10,""11011001"":27,""11001110"":13,""10111111"":26,""10011100"":43,""10111011"":29,""10101110"":17,""01111101"":16,""01011010"":5,""10101000"":4,""11011000"":12,""11101001"":5,""01001101"":24,""10111001"":46,""10101101"":43,""01101111"":1,""10101100"":11,""11101101"":9,""01011101"":97,""01011100"":33,""10101010"":2,""10011110"":24,""10001111"":3,""11101100"":4,""11010110"":31,""00011101"":42,""10110000"":18,""01011110"":15,""01011111"":16,""10011010"":13,""00111000"":4,""11000100"":17,""10010001"":20,""01101101"":10,""00111011"":17,""11111000"":3,""10011111"":17,""11111100"":16,""11001111"":5,""01001000"":5,""11011110"":42,""10101111"":5,""01011001"":20,""01110100"":4,""00001101"":13,""01011000"":13,""01000101"":28,""00111100"":37,""11011111"":27,""01001110"":4,""11010100"":36,""00011001"":12,""11011011"":11,""01111100"":10,""10001110"":5,""11001001"":9,""10001101"":22,""00110101"":133,""11111110"":4,""10001100"":9,""00111110"":19,""10111000"":15,""01011011"":11,""11110111"":9,""11010111"":28,""00111001"":23,""00101101"":24,""11111011"":2,""00101100"":11,""00100110"":8,""00100111"":4,""00010100"":11,""10010101"":87,""00010101"":28,""11010001"":40,""00110001"":15,""00100101"":28,""10100100"":20,""10110111"":34,""11110100"":9,""00000010"":1,""10110010"":11,""10110100"":41,""01010101"":71,""01010001"":24,""11010101"":138,""10110011"":21,""10010111"":13,""11110101"":41,""11010011"":22,""00110011"":12,""01001111"":4,""10100111"":8,""00000101"":15,""00110111"":17,""00110110"":34,""01110111"":3,""10100001"":11,""10100101"":43,""10110110"":33,""10000101"":41,""01111001"":1,""10010110"":20,""11000101"":61,""00010001"":7,""10100110"":8,""10110001"":45,""11000110"":6,""11010000"":13,""00010110"":3,""11100001"":4,""01000100"":9,""10001011"":6,""10010000"":5,""01110001"":7,""10100010"":3,""11100100"":7,""10111010"":11,""00001010"":2,""01001100"":6,""00001011"":1,""10101001"":11,""00100001"":6,""10011011"":9,""01101110"":1,""11111001"":9,""00010010"":4,""10000100"":17,""01010011"":12,""11010010"":8,""10011000"":9,""01111111"":4,""00011100"":10,""01001010"":2,""01000011"":4,""11111111"":4,""11000001"":10,""11000011"":10,""01110101"":15,""11110000"":4,""11100011"":1,""01000111"":6,""01000110"":4,""10000001"":10,""11000111"":11,""10000111"":7,""00110100"":29,""01110000"":2,""00100000"":4,""01010110"":10,""00000000"":1,""01100000"":1,""00100010"":1,""10010011"":11,""00110000"":6,""01010100"":19,""11001010"":5,""00000001"":3,""11000010"":5,""01010010"":7,""11100111"":1,""00100100"":9,""11110001"":6,""01110011"":2,""10000010"":2,""10010010"":4,""00110010"":3,""11110110"":7,""01100101"":7,""11100101"":12,""00001111"":3,""00001110"":2,""00010011"":2,""01000001"":11,""10000011"":6,""01010111"":11,""00010111"":6,""10000110"":2,""10100011"":9,""11100110"":2,""00100011"":4,""01010000"":6,""00101110"":7,""01101100"":3,""10001000"":2,""00101011"":5,""10011001"":11,""00000110"":3,""01100110"":3,""00000100"":4,""00011000"":3,""10100000"":2,""00101000"":3,""00001100"":3,""00011110"":7,""00111010"":5,""11101000"":4,""10001001"":4,""00011011"":2,""01111110"":1,""00101111"":2,""01100111"":1,""01101001"":3,""01110110"":3,""00000111"":1,""00101010"":1,""11001000"":2,""11101010"":2,""01001001"":4,""11110010"":1,""01000010"":3,""01000000"":1,""00010000"":1,""01101000"":2,""00011010"":1,""01111010"":3,""01111011"":2,""11101110"":1,""00011111"":2,""11110011"":1,""01100011"":1,""11000000"":2,""10000000"":1,""11111010"":1,""00000011"":1,""01101011"":1,""00001001"":1}"
50,x,4000,-0.38450000000000006,-0.15450000000000008,-0.06150000000000011,-0.0015000000000000568,-0.11549999999999994,-0.15850000000000009,0.28400000000000003,-0.621,"{""10100001"":45,""10111010"":19,""10101010"":20,""00001011"":9,""11001010"":8,""10111011"":58,""11101101"":36,""10001111"":53,""01101100"":1,""01000110"":4,""10111111"":76,""10001100"":17,""10001011"":82,""10111101"":46,""10101011"":30,""10101101"":27,""00111111"":19,""01111101"":8,""10010011"":34,""10101001"":37,""11011111"":19,""11111011"":49,""11111111"":50,""10011110"":25,""11100001"":17,""00111010"":3,""10100000"":15,""10011011"":31,""00110101"":9,""10011100"":13,""11011010"":10,""01111111"":10,""11111110"":16,""10001101"":31,""11001001"":4,""11100111"":50,""11011101"":8,""11111000"":19,""01011110"":4,""00011001"":9,""10001110"":21,""10111001"":64,""00101111"":14,""00001010"":3,""10001010"":24,""11001101"":16,""10111100"":14,""11101111"":38,""00111011"":8,""10011101"":29,""00100110"":4,""11111101"":33,""10101110"":18,""11111010"":18,""10000001"":45,""10011001"":42,""11011011"":19,""01111011"":12,""11001111"":17,""10110101"":64,""01001110"":7,""10111110"":34,""01111100"":5,""11101110"":16,""11100101"":31,""10101000"":11,""10010111"":80,""01111000"":5,""10101111"":64,""10011111"":59,""01001011"":12,""00111101"":12,""10001001"":41,""11101010"":13,""00110011"":12,""01101011"":7,""10001000"":14,""01001001"":5,""00001001"":14,""11001011"":9,""10000101"":35,""10110111"":64,""11011001"":14,""01111010"":4,""10111000"":20,""11101001"":28,""00111001"":9,""11101100"":4,""01101111"":8,""11001100"":5,""01011000"":6,""00111110"":5,""00011011"":7,""11111001"":46,""01111001"":7,""01001101"":10,""00011010"":5,""01001111"":3,""10010110"":33,""00000000"":5,""00101001"":8,""11101011"":20,""01011101"":4,""10101100"":11,""10100111"":50,""10100011"":27,""00001110"":9,""00011111"":14,""10000111"":36,""01110011"":15,""01011001"":4,""11110010"":21,""00101101"":8,""11110011"":58,""01100111"":10,""01101101"":4,""10010101"":33,""11110111"":53,""00010111"":19,""10011010"":13,""10010001"":38,""01011100"":3,""01010001"":6,""00001111"":7,""10110110"":40,""01111110"":3,""11001110"":3,""01000100"":1,""11011000"":11,""00001101"":9,""10110011"":47,""11100110"":24,""00001000"":7,""00101000"":1,""10100101"":24,""10100110"":28,""00110111"":24,""00100011"":7,""11010111"":16,""10010010"":14,""00010011"":8,""01001010"":10,""11000010"":7,""10010100"":17,""00110001"":8,""11000011"":12,""01000001"":5,""11010000"":9,""10110001"":37,""10110000"":27,""01110001"":5,""10000011"":43,""01100000"":6,""11110001"":27,""11100000"":17,""00000011"":10,""11110100"":14,""11110110"":27,""10110100"":21,""10110010"":26,""10100010"":26,""11110101"":35,""00000111"":11,""01010111"":8,""10000010"":18,""11000111"":13,""11110000"":17,""00010000"":5,""10000110"":29,""10100100"":12,""00100111"":5,""10000100"":23,""00100101"":6,""00000001"":6,""10011000"":14,""11010010"":8,""11000001"":3,""01101000"":2,""11101000"":5,""11111100"":12,""11011110"":6,""01001000"":1,""01011111"":12,""00010101"":6,""00011101"":9,""00111000"":9,""01000011"":5,""01100100"":4,""11100011"":20,""00000010"":4,""11010101"":7,""11010100"":3,""01000101"":4,""00100010"":5,""01010110"":4,""00110010"":5,""11000110"":9,""01100001"":4,""00010001"":7,""10010000"":18,""10000000"":21,""00000101"":10,""00000100"":6,""01100101"":1,""00010010"":2,""11000100"":4,""11100100"":10,""00100001"":7,""01010101"":7,""01100011"":4,""00100100"":1,""01110111"":13,""11010001"":16,""01010100"":2,""00110000"":2,""11100010"":7,""01110000"":4,""11010011"":6,""01100110"":6,""11010110"":11,""01110101"":7,""11000000"":6,""00010110"":4,""01010000"":3,""01000010"":4,""00000110"":4,""00110110"":7,""00110100"":5,""01000000"":3,""01110010"":2,""01101010"":2,""00011000"":5,""11011100"":2,""00101110"":4,""01110110"":4,""01100010"":2,""00010100"":1,""00100000"":2,""01101001"":3,""00011110"":7,""01011011"":2,""00101011"":4,""00001100"":3,""01011010"":1,""01010011"":3,""01001100"":2,""11000101"":1,""01000111"":3,""01110100"":2,""00101010"":1,""11001000"":1,""00011100"":1}"
51,x,4000,0.21350000000000002,0.32499999999999996,-0.6595,-0.0015000000000000568,0.10650000000000004,-0.07299999999999995,-0.38149999999999995,-0.1735,"{""01001100"":104,""00001101"":11,""11111100"":125,""01001110"":75,""01010101"":13,""01000100"":98,""11111101"":111,""10101101"":33,""11001100"":59,""01001101"":74,""10001101"":39,""01111101"":25,""10001010"":9,""10001111"":12,""11101101"":22,""10101001"":7,""01111100"":43,""10011101"":8,""11111001"":18,""11000100"":52,""11011110"":24,""00111100"":51,""01101101"":17,""11100110"":23,""11111110"":85,""10101110"":30,""10101100"":43,""11001101"":48,""01110101"":31,""01001010"":19,""00101100"":13,""11011000"":5,""00111110"":26,""00001100"":17,""11110000"":22,""11101000"":9,""01001000"":16,""11110101"":109,""11001110"":24,""10001110"":37,""11011100"":38,""10111101"":15,""10000101"":36,""00001110"":13,""00011000"":2,""11001000"":6,""01000000"":27,""01001111"":26,""00100100"":16,""00111101"":37,""01101010"":2,""00101001"":2,""01011110"":9,""00011011"":2,""11000101"":40,""11110100"":106,""01001001"":22,""10100110"":31,""01111110"":21,""11110111"":30,""11101100"":41,""11011111"":9,""01100100"":25,""10001100"":43,""01000101"":99,""00101000"":4,""11111000"":20,""01010110"":9,""11101110"":21,""11100010"":5,""00001010"":1,""10101000"":9,""01011101"":14,""11011101"":27,""11110110"":89,""01111011"":3,""01101110"":12,""00110000"":5,""11001111"":10,""01101100"":32,""10111100"":17,""01011100"":7,""11111111"":34,""00110110"":29,""10011111"":5,""00011101"":6,""11000110"":38,""01001011"":2,""10011100"":12,""01111010"":4,""11000001"":10,""01000001"":18,""10100101"":33,""11100100"":33,""11110001"":22,""01000010"":14,""11100001"":11,""10000000"":10,""11110011"":10,""00010110"":8,""11100000"":14,""00110100"":30,""01000110"":79,""00010100"":13,""00010011"":2,""01110000"":7,""10100100"":34,""10110111"":4,""01110100"":23,""01100101"":29,""01000111"":36,""01110110"":23,""11000111"":12,""01011111"":1,""00000101"":12,""01010100"":7,""10110100"":20,""01110011"":4,""11000000"":12,""00110001"":10,""11010110"":19,""01100110"":19,""11010010"":4,""10100000"":6,""00110011"":6,""11100101"":38,""00110010"":5,""10000110"":34,""11011010"":3,""00101110"":6,""10111110"":7,""00000011"":1,""11001010"":3,""11101001"":8,""01101001"":5,""01011001"":2,""00111001"":8,""00111010"":7,""10101111"":8,""00111111"":12,""11111010"":17,""01111001"":9,""00101010"":2,""11001001"":7,""00111000"":6,""01111000"":4,""10001001"":5,""10000011"":8,""10110110"":9,""11010100"":23,""00110101"":18,""11010101"":25,""10110101"":9,""10100001"":7,""01110111"":5,""00000110"":9,""00101101"":11,""10010101"":11,""00000111"":5,""00100110"":8,""10010110"":10,""10110000"":4,""10000111"":7,""10000100"":45,""10010100"":11,""01101000"":4,""11010111"":4,""11110010"":16,""10000001"":10,""01100011"":2,""10010111"":2,""00100101"":4,""11101010"":6,""11000010"":9,""00000100"":8,""01000011"":7,""10100111"":11,""01110001"":5,""10010001"":3,""00011100"":7,""00110111"":7,""00100111"":2,""01111111"":7,""10011110"":10,""10111111"":2,""01100111"":5,""01011000"":2,""11111011"":6,""10011001"":2,""01101111"":3,""10011010"":2,""11101111"":5,""10101011"":3,""10111000"":2,""11010000"":4,""00100010"":3,""10000010"":9,""10100010"":4,""10100011"":2,""11100111"":3,""01100010"":4,""00101111"":4,""01110010"":4,""11011001"":4,""01100000"":5,""00000010"":1,""01100001"":4,""00001001"":1,""00001000"":2,""11011011"":2,""00011001"":1,""10101010"":3,""00001111"":3,""11001011"":2,""11010001"":4,""01011010"":1,""00000001"":5,""00010000"":2,""10001000"":11,""00011110"":3,""10111011"":1,""10011000"":2,""01010011"":1,""00000000"":4,""00010101"":3,""10010011"":1,""01010010"":1,""00111011"":1,""00100011"":2,""00100001"":1,""11100011"":2,""10110011"":1,""01010111"":1,""10110001"":2,""01010001"":1,""10010000"":2,""11000011"":1,""00100000"":2,""11101011"":2,""10001011"":1,""10110010"":2,""00010001"":1,""01010000"":1}"
52,x,4000,0.30900000000000005,0.483,-0.7430000000000001,0.014499999999999957,0.276,0.24350000000000005,0.09550000000000003,-0.07600000000000007,"{""00001011"":2,""11000100"":118,""11110101"":25,""10110000"":12,""11001000"":20,""10000001"":10,""10110101"":54,""00000100"":96,""10000100"":90,""01000101"":84,""10110100"":70,""10010101"":18,""01000001"":14,""01001101"":65,""01000110"":52,""11110010"":3,""00110101"":43,""00000110"":57,""10000101"":64,""11111110"":31,""10100101"":29,""00000010"":13,""10111101"":55,""00000101"":70,""11100101"":11,""01000111"":12,""01001110"":49,""11000000"":18,""10010100"":22,""10110110"":40,""01000100"":113,""11110100"":47,""11010101"":15,""11000110"":49,""00110110"":39,""00100100"":15,""01010110"":6,""10100100"":36,""01100100"":14,""01100101"":11,""11000111"":11,""01110100"":20,""00110001"":11,""00100101"":16,""00010111"":3,""10010000"":4,""10000011"":4,""11000101"":88,""10110001"":13,""11000010"":5,""10111111"":15,""00000111"":11,""01101110"":10,""00001100"":105,""00001101"":63,""10111010"":6,""10001100"":91,""00110100"":43,""10101110"":22,""01001100"":106,""11001010"":9,""10101100"":33,""01011000"":3,""10111100"":83,""11001110"":62,""00010100"":22,""00111101"":35,""11110110"":10,""10001110"":42,""11101110"":5,""01011110"":9,""00111000"":7,""00001110"":34,""00111100"":75,""00011110"":7,""10111110"":43,""11001100"":127,""01001000"":22,""01001111"":13,""01111101"":9,""00101101"":10,""00111110"":27,""01101001"":3,""10001101"":43,""00101100"":20,""00100110"":7,""10001000"":13,""10001001"":8,""10101101"":29,""11001101"":60,""01101101"":15,""01011100"":18,""10101111"":9,""10100010"":3,""01111100"":13,""11111100"":46,""01111110"":15,""00011000"":3,""11011110"":8,""01000000"":27,""11111010"":5,""10011101"":19,""10011110"":10,""01111001"":2,""11011100"":11,""01001010"":4,""11111101"":27,""10001010"":6,""01111011"":1,""00011100"":24,""00001000"":12,""10111001"":6,""11001011"":2,""10011100"":21,""10000110"":33,""00010101"":21,""01010100"":13,""11000001"":6,""11100000"":2,""01000010"":8,""01100110"":8,""10000111"":12,""11010111"":2,""00000001"":4,""10010110"":9,""10100001"":3,""11110000"":9,""10110111"":9,""01011101"":11,""10100111"":8,""01110111"":2,""01100001"":4,""01110101"":17,""01010001"":1,""10100110"":14,""00010001"":3,""11111001"":7,""11010100"":19,""11110111"":5,""00010110"":7,""10000000"":8,""01001001"":7,""10001111"":6,""00101110"":6,""11011101"":12,""10111000"":12,""11001111"":12,""00011001"":3,""01101100"":14,""01111010"":1,""11111111"":4,""10001011"":4,""10010001"":2,""11010001"":3,""01110010"":2,""01110110"":11,""01010101"":3,""00110000"":7,""00000011"":2,""11100110"":4,""11110011"":1,""11110001"":6,""00110010"":6,""10100011"":1,""01110011"":2,""00100001"":1,""10000010"":5,""10011010"":1,""11010110"":6,""11100100"":10,""10010111"":3,""11100010"":1,""01110000"":4,""00000000"":13,""00100000"":5,""11101101"":13,""00001010"":8,""00101001"":2,""00111111"":6,""11001001"":5,""00110111"":4,""10010010"":3,""10100000"":3,""11000011"":1,""10110010"":6,""01101111"":1,""11101100"":15,""11111000"":6,""01111000"":2,""00001111"":7,""10101000"":6,""00011101"":7,""00001001"":5,""10011001"":2,""01011001"":3,""01100000"":6,""10011000"":1,""00110011"":4,""01000011"":3,""00011010"":2,""00011111"":3,""00111011"":1,""11101000"":1,""00111010"":5,""11101001"":1,""10101001"":3,""11100001"":1,""00100111"":1,""11011000"":1,""01011011"":1,""10011011"":1,""10101010"":2,""01101010"":1,""10010011"":1,""11111011"":1,""10111011"":1,""00101000"":2,""10011111"":2,""00111001"":2,""01010000"":2,""01101011"":1,""01001011"":1,""01110001"":1,""11011001"":1,""01011111"":1}"
53,x,4000,-0.038999999999999924,-0.1180000000000001,0.281,-0.00649999999999995,-0.32600000000000007,-0.10650000000000004,0.7415,-0.8765000000000001,"{""10111111"":64,""10011000"":71,""10000011"":28,""10101101"":50,""10111010"":98,""10101001"":38,""10111000"":74,""10111001"":94,""10101111"":29,""10101011"":85,""10001101"":26,""10111110"":69,""10011111"":61,""10011010"":112,""11001001"":8,""10011011"":102,""00111010"":3,""10111011"":112,""10110011"":82,""10001001"":25,""11101001"":7,""10001111"":13,""11011010"":15,""11011001"":11,""11011011"":23,""10110001"":80,""01011000"":2,""10010110"":63,""10011001"":71,""10101010"":63,""10001110"":10,""10100101"":77,""10100010"":76,""01101110"":2,""10011101"":66,""10001010"":25,""10010010"":116,""10110111"":55,""10001000"":20,""11101000"":4,""11001011"":7,""00111101"":3,""10010111"":38,""00000010"":2,""10001011"":36,""11000011"":5,""10111100"":26,""10111101"":61,""11111011"":10,""01001011"":3,""01111001"":3,""10100001"":35,""01011001"":4,""00011000"":3,""10011110"":51,""00100100"":3,""00111011"":3,""00011101"":5,""10100111"":22,""11100111"":3,""11111111"":4,""10010101"":73,""00101000"":2,""10110010"":134,""10101110"":22,""11011111"":14,""00111111"":3,""11111110"":5,""11001101"":8,""01011011"":3,""01111010"":3,""10000111"":24,""00010111"":4,""11111000"":7,""10110101"":54,""11101111"":4,""11011110"":8,""00011010"":3,""01101000"":1,""10010011"":71,""10101000"":66,""11011100"":3,""11000010"":16,""10100000"":56,""11010000"":14,""00010110"":4,""10110110"":71,""11000001"":4,""11100011"":4,""10100011"":58,""01110000"":4,""10110100"":27,""11010010"":20,""10000010"":44,""10101100"":18,""00100101"":5,""10000101"":17,""11100010"":7,""10010000"":65,""10000000"":29,""10000001"":29,""11000000"":11,""11100000"":6,""00101010"":4,""10100100"":23,""10010001"":52,""10110000"":88,""11110100"":2,""10100110"":19,""00110010"":7,""01010001"":3,""11000101"":6,""00100111"":3,""11110111"":3,""00000100"":1,""11010011"":10,""11111001"":5,""00111110"":3,""01101111"":1,""10001100"":5,""00011011"":5,""01111101"":2,""00011001"":7,""00111001"":2,""01111000"":4,""11110011"":7,""01111111"":1,""11101101"":8,""10000110"":18,""10010100"":23,""01010101"":4,""11110010"":13,""01011111"":3,""01100010"":3,""11100001"":7,""01100100"":2,""00110110"":3,""11001110"":5,""01101101"":2,""00001011"":1,""11010001"":12,""00010001"":4,""11111010"":13,""00100011"":4,""11010111"":8,""11010110"":4,""00010011"":5,""00001000"":3,""10011100"":15,""01000000"":3,""11011101"":8,""00001110"":1,""11101010"":5,""11001111"":2,""11011000"":5,""01110001"":1,""00010100"":2,""00110000"":3,""11100110"":3,""01110010"":3,""01100011"":2,""00000101"":4,""00110011"":4,""11000110"":3,""11010101"":7,""11010100"":4,""01000111"":1,""01110110"":3,""11000111"":1,""00110001"":6,""10000100"":10,""01110100"":1,""01001000"":1,""00101100"":3,""01011010"":1,""11101110"":3,""01001001"":1,""11101100"":2,""00001001"":2,""01101011"":3,""01100000"":1,""00010010"":3,""01010010"":4,""11000100"":3,""00011110"":2,""11111100"":1,""00101011"":3,""00101101"":1,""00011100"":1,""00001111"":3,""00001010"":1,""11110001"":4,""11110101"":4,""01110111"":3,""01000110"":2,""11001000"":8,""11101011"":3,""11001100"":2,""01010100"":1,""01011101"":2,""11001010"":6,""01010000"":1,""00001101"":2,""11111101"":3,""00110101"":3,""01110101"":1,""01010111"":1,""01010011"":1,""00100000"":2,""01101010"":2,""01111100"":1,""01111011"":1,""11110000"":4,""00110111"":2,""01011110"":1,""00010101"":3,""00100010"":1,""11100100"":2,""11100101"":2,""01000011"":1,""01010110"":1,""01000010"":1,""01001101"":1,""01101001"":1,""01110011"":1,""00100001"":1,""01100110"":1,""11110110"":2}"
54,x,4000,-0.12400000000000011,0.5785,-0.486,-0.0040000000000000036,-0.20999999999999996,-0.1160000000000001,0.07850000000000001,-0.7885,"{""11111101"":111,""11010101"":110,""00010000"":3,""11110100"":63,""10010100"":90,""11110000"":26,""11010000"":16,""11011000"":19,""11000000"":6,""10010101"":102,""10100001"":20,""10000011"":5,""01110100"":10,""00011000"":3,""10100100"":103,""11100100"":44,""10110100"":52,""10100101"":141,""01010011"":2,""11000101"":54,""11000001"":10,""01101101"":6,""11110101"":111,""11000100"":46,""10101101"":132,""11110111"":18,""10111010"":10,""00010111"":4,""11100000"":10,""11110001"":22,""10110101"":91,""10110000"":17,""10010000"":16,""11101101"":64,""01110101"":15,""00010100"":19,""10010001"":17,""10010010"":21,""00110101"":3,""10000100"":28,""11100101"":75,""00011101"":31,""11100010"":13,""11000010"":6,""11001001"":10,""10010011"":17,""11000111"":7,""10010111"":11,""11010100"":73,""00111100"":6,""11110110"":9,""10101100"":84,""01100100"":5,""00000101"":4,""11000110"":4,""10110010"":17,""11011111"":19,""11111110"":10,""11111011"":22,""11111100"":92,""10111000"":15,""10101110"":14,""11011011"":13,""11011100"":81,""11011101"":120,""01011101"":7,""10011100"":76,""11111010"":20,""10111101"":81,""00011100"":19,""10101001"":18,""11011010"":21,""01111100"":8,""11101110"":7,""10011101"":116,""00011011"":5,""10011011"":28,""10101011"":25,""10000101"":28,""10011001"":14,""11001100"":20,""11001111"":7,""11101000"":14,""10011000"":21,""11101100"":35,""10001001"":11,""11001011"":7,""00001101"":10,""01001010"":2,""10111100"":59,""11111000"":16,""00101110"":1,""00111101"":10,""10111111"":8,""10011110"":11,""10001101"":35,""00011010"":13,""11001101"":35,""11101001"":14,""10111001"":9,""10111011"":17,""10100010"":28,""10100111"":13,""00100100"":13,""11010001"":16,""00010101"":26,""00101101"":19,""01010111"":1,""10110011"":17,""11010111"":11,""10000001"":5,""11110011"":12,""10101000"":23,""01101100"":5,""10011010"":19,""01001100"":2,""00011111"":5,""00011110"":2,""10011111"":18,""11010010"":16,""11001010"":12,""11100011"":11,""11110010"":22,""10001010"":5,""10101010"":27,""10100110"":15,""11010110"":10,""10001100"":16,""11101111"":4,""00100001"":2,""10001111"":6,""11011110"":11,""00001100"":5,""11011001"":14,""00101100"":9,""00110000"":2,""01011011"":1,""10111110"":8,""00110111"":1,""01100110"":1,""10100000"":17,""10010110"":10,""10100011"":19,""10001000"":4,""00000000"":1,""00100101"":11,""00110100"":2,""10000000"":5,""01010100"":3,""10001011"":4,""10000010"":9,""11000011"":3,""01010101"":8,""11100001"":8,""00100111"":2,""01000100"":3,""01011100"":5,""10101111"":14,""11111111"":13,""11111001"":20,""01111101"":10,""00101010"":2,""00101000"":4,""00101111"":1,""11101010"":12,""10110001"":13,""01101001"":3,""10110111"":9,""00101001"":7,""00101011"":3,""00001011"":1,""01001101"":3,""11100111"":5,""00100010"":4,""00010011"":6,""00110010"":2,""00100110"":1,""00011001"":2,""01101010"":1,""10001110"":2,""00001110"":1,""10000111"":1,""00010110"":1,""00000100"":5,""01100111"":2,""11001000"":3,""01011001"":2,""01000011"":1,""00111001"":1,""01100010"":1,""11010011"":9,""01110000"":4,""01000101"":4,""01110001"":4,""11100110"":5,""00010010"":4,""01100101"":4,""01010010"":1,""00000011"":3,""11101011"":7,""10000110"":2,""00100000"":3,""01101110"":1,""01110111"":2,""00001001"":1,""01001111"":1,""10110110"":3,""11001110"":1,""01111001"":2,""01011000"":2,""01111111"":1,""01100000"":1,""00010001"":1,""01101011"":1,""01000000"":1,""01110011"":1,""00100011"":1,""01010000"":1}"
55,x,4000,-0.39349999999999996,0.6955,-0.24249999999999994,0.005499999999999949,0.1785,0.18200000000000005,0.039000000000000035,-0.5625,"{""01110101"":21,""10000101"":150,""10110100"":27,""11010001"":29,""10000001"":84,""10100001"":21,""11000110"":19,""10110000"":35,""10000110"":14,""01000100"":20,""10110001"":70,""00010110"":2,""11110101"":53,""01000101"":36,""00000101"":42,""11110100"":40,""10010001"":19,""11000101"":119,""11010101"":34,""10000100"":79,""11000111"":20,""11001100"":52,""00010100"":9,""00010101"":16,""00000001"":25,""01000001"":28,""11100101"":29,""00010000"":5,""11010000"":6,""11100111"":8,""11000000"":28,""00000100"":24,""10100101"":40,""10110101"":81,""11001101"":129,""11000001"":85,""11111111"":16,""11000100"":62,""01010101"":14,""01110100"":12,""10110011"":10,""10000000"":44,""10111000"":21,""00110000"":1,""01110011"":2,""11100001"":27,""10110111"":15,""11011101"":39,""11000011"":11,""11111101"":83,""11001111"":21,""11111100"":31,""11100000"":8,""11100110"":4,""00010001"":8,""00100111"":2,""00100000"":7,""10010000"":12,""10010101"":16,""10110010"":9,""00011101"":28,""00111101"":14,""11101001"":22,""00100101"":10,""10001101"":164,""10111001"":76,""10101001"":31,""10111101"":87,""01011001"":7,""10001000"":28,""10001001"":84,""10001011"":9,""10001110"":11,""11101101"":37,""01111100"":9,""10011001"":18,""01001101"":46,""11001001"":64,""01111000"":7,""11011100"":18,""01100001"":7,""01111001"":18,""10001111"":30,""11111110"":8,""00001001"":17,""11001000"":28,""10111011"":11,""00101111"":4,""10111111"":25,""11011001"":36,""11011111"":19,""10101101"":41,""01001100"":13,""00101011"":4,""11011000"":11,""11111000"":19,""01101111"":2,""10111100"":42,""11111001"":50,""10101110"":4,""11001110"":12,""10001100"":35,""10011101"":24,""00011110"":2,""11101111"":4,""00011111"":4,""11100100"":18,""11110000"":16,""11110001"":43,""01000111"":8,""11010010"":2,""01110111"":1,""11110111"":14,""10100110"":5,""00010111"":4,""00000000"":12,""01010001"":9,""11100011"":4,""01011000"":5,""10000010"":8,""01100101"":12,""11101100"":20,""10000111"":21,""01110000"":14,""01111101"":19,""10010100"":13,""01100111"":2,""11110010"":2,""10110110"":18,""01010000"":1,""00100001"":9,""00110101"":13,""00010011"":3,""00000010"":2,""01110001"":19,""10100111"":6,""00110100"":4,""00110111"":1,""00110001"":8,""01001000"":12,""01000110"":4,""01000000"":9,""11010011"":5,""10101000"":7,""11110110"":11,""00001101"":39,""10100100"":12,""10000011"":7,""11000010"":2,""01100000"":2,""11101000"":7,""00101000"":2,""01100100"":2,""01000011"":2,""00110010"":1,""11100010"":2,""11010100"":7,""01000010"":2,""11010110"":5,""00001110"":11,""11111011"":8,""00101001"":4,""00001000"":8,""10011000"":7,""10001010"":6,""11101011"":2,""00111001"":10,""00111110"":2,""10100010"":1,""00001100"":17,""10101111"":5,""00011100"":8,""10111010"":5,""01101000"":4,""01001001"":14,""00101101"":4,""10101100"":11,""10111110"":6,""01101001"":5,""10101010"":3,""00011011"":1,""10011100"":9,""00011001"":9,""00001011"":5,""01011101"":2,""01100011"":1,""00000110"":3,""11010111"":5,""00111100"":4,""00110011"":1,""01011111"":2,""10011111"":4,""00101110"":1,""01101101"":8,""00111000"":4,""10011010"":2,""01011110"":2,""01001010"":4,""00001111"":4,""11101010"":4,""01111111"":3,""01111010"":1,""11111010"":2,""01101100"":2,""01001111"":6,""01010100"":3,""10101011"":5,""00111011"":1,""01001011"":2,""01101011"":2,""11001011"":7,""01011100"":2,""10010111"":3,""00000111"":4,""11110011"":4,""11011110"":2,""11011010"":3,""10100000"":6,""00000011"":2,""10100011"":1,""00101100"":3,""10010110"":2,""01010111"":2,""01111011"":3,""00100110"":3,""10010010"":3,""01110110"":2,""01111110"":4,""10011110"":1,""01100110"":1,""00011000"":1,""11001010"":3,""01001110"":2,""00111111"":1,""11011011"":1,""10011011"":1}"
56,x,4000,0.23750000000000004,0.09750000000000003,0.029000000000000026,0.02949999999999997,0.11099999999999999,-0.20500000000000007,-0.08800000000000008,0.262,"{""01001100"":22,""11110100"":13,""01100100"":26,""10010101"":11,""10100110"":25,""01110001"":35,""01100110"":72,""01100000"":66,""10000110"":35,""01100101"":29,""10110010"":16,""00010110"":11,""01000010"":26,""00100000"":37,""11110110"":10,""10100111"":10,""10000001"":15,""01010101"":15,""00110111"":20,""01100011"":20,""01110110"":45,""10100101"":15,""00101110"":51,""10010001"":24,""00100111"":15,""01000111"":23,""00100011"":8,""01000001"":31,""00010000"":12,""10110001"":18,""10110011"":9,""00011010"":8,""01101000"":63,""11000001"":11,""11000110"":16,""01110111"":18,""10100000"":13,""00111010"":20,""11010000"":10,""01110011"":9,""10010110"":28,""00100101"":22,""10010111"":14,""10100001"":16,""00100010"":27,""11110101"":8,""11110001"":15,""00101001"":22,""00010111"":3,""01100001"":54,""00101011"":9,""00110001"":28,""01010110"":22,""01010001"":19,""00101111"":9,""00100001"":31,""01100010"":24,""10000101"":16,""10000111"":20,""10010011"":7,""01011001"":22,""10010000"":32,""01110101"":14,""01000110"":39,""01010010"":13,""01111110"":42,""00110101"":19,""01110100"":17,""11100111"":7,""10001110"":30,""10110110"":21,""01010100"":12,""01000000"":34,""11110000"":20,""01111101"":14,""00110010"":11,""11100101"":8,""01011101"":13,""01011010"":17,""01101001"":42,""01000101"":26,""11011010"":5,""01101100"":19,""00101101"":15,""00111100"":21,""01101110"":66,""00100110"":27,""01111010"":27,""10011101"":20,""00111000"":28,""00001110"":11,""01001000"":36,""11111000"":15,""10001000"":17,""01011110"":25,""00101000"":43,""00111001"":12,""00111110"":30,""01001001"":34,""10111100"":15,""01001110"":52,""00000001"":12,""00011000"":11,""10011010"":12,""10011110"":22,""00111101"":22,""00101100"":13,""11001001"":6,""11111101"":13,""01101011"":11,""11110010"":8,""01101010"":37,""10111010"":14,""11101000"":19,""10111000"":20,""00001000"":9,""10011100"":15,""10100010"":12,""00001100"":5,""10111101"":3,""01101101"":37,""10011000"":41,""01110000"":43,""10111110"":25,""10101110"":21,""10110000"":16,""00011110"":9,""11111001"":16,""10001101"":16,""01001101"":27,""01011100"":17,""00001111"":5,""01101111"":14,""10001100"":17,""10111011"":3,""01111100"":17,""00010011"":2,""11111110"":16,""10001111"":6,""00010001"":13,""10101011"":5,""10101001"":13,""11111100"":9,""10111111"":8,""00011100"":4,""11111111"":12,""11101001"":8,""10011001"":17,""01111000"":27,""11101100"":6,""11101011"":8,""10101000"":15,""01011011"":10,""01010011"":7,""10101101"":12,""01111111"":13,""11101110"":22,""01111001"":16,""00001001"":10,""11111010"":15,""00110000"":32,""11011101"":3,""00000110"":12,""01011111"":10,""01001111"":10,""00101010"":24,""10001001"":16,""01001010"":14,""01011000"":31,""01100111"":26,""10011011"":4,""11001000"":9,""10001011"":4,""10010010"":15,""01110010"":20,""01010000"":38,""11110111"":6,""10000000"":22,""00110011"":9,""11100000"":24,""00110110"":33,""11110011"":4,""01000100"":11,""11000011"":3,""00110100"":12,""00000100"":5,""10110100"":10,""10000010"":16,""10111001"":13,""10000100"":10,""11000000"":11,""00000000"":13,""11100001"":16,""10110101"":19,""00010010"":5,""11010111"":2,""11100010"":11,""00000010"":1,""11100110"":17,""11000100"":4,""11010100"":1,""00000101"":4,""11011110"":4,""01000011"":10,""01111011"":5,""11001010"":11,""01010111"":6,""11001110"":12,""10100100"":7,""00111011"":7,""01001011"":7,""00010100"":3,""11001101"":6,""11101010"":8,""11010101"":7,""00000111"":4,""11000111"":8,""10100011"":6,""00010101"":4,""10000011"":6,""11000010"":3,""11000101"":6,""00100100"":6,""10010100"":8,""11010011"":3,""10001010"":19,""10101111"":5,""00011011"":2,""11001111"":3,""00001010"":9,""00011101"":3,""10101010"":12,""11001011"":2,""11100100"":8,""10110111"":7,""10101100"":7,""11101101"":7,""11011100"":3,""11101111"":4,""11011000"":7,""00001101"":7,""00111111"":10,""11100011"":2,""11011001"":2,""00011111"":3,""00011001"":4,""11001100"":3,""11011011"":3,""10011111"":1,""11111011"":3,""11010110"":2,""11010010"":2,""11010001"":3}"
57,x,4000,-0.389,0.741,-0.643,0.0004999999999999449,0.1795,0.006000000000000005,0.13949999999999996,-0.3405,"{""11011001"":20,""00111101"":145,""00101101"":101,""11001110"":14,""11101001"":8,""10010011"":4,""11111101"":20,""10111101"":95,""10101101"":81,""11001101"":192,""00110101"":133,""10110101"":90,""11001100"":84,""11000111"":29,""01001101"":24,""10001010"":6,""10101001"":19,""01011100"":2,""11111100"":14,""10001110"":8,""11011101"":99,""00111111"":19,""10011101"":31,""10001101"":98,""01101101"":27,""10000101"":111,""10001100"":55,""10111110"":9,""00111100"":48,""11010101"":99,""11011100"":54,""00111001"":24,""01111101"":12,""00111110"":5,""11101100"":21,""01100101"":29,""00011101"":18,""00001101"":18,""10111100"":40,""11101101"":43,""01101001"":8,""10011111"":4,""00100101"":101,""11011111"":17,""00101100"":44,""10001111"":14,""11011000"":13,""10101100"":36,""11010111"":8,""00101001"":17,""01010001"":2,""10100111"":12,""00100001"":21,""10000100"":49,""11000101"":186,""00000001"":3,""10100100"":30,""10100101"":72,""01000101"":27,""10000111"":11,""10010101"":36,""01110001"":5,""11010100"":40,""01100001"":5,""10100110"":5,""10110100"":40,""10000010"":4,""00110000"":10,""01010101"":6,""01000100"":10,""10000001"":21,""10110111"":17,""00110111"":20,""10110001"":25,""11000100"":93,""10010001"":13,""00100100"":43,""00100111"":17,""11100101"":40,""11000001"":53,""00110011"":9,""00010101"":18,""11000110"":17,""01110111"":2,""00110001"":25,""00000101"":12,""11000000"":20,""11010001"":25,""11110101"":18,""00110100"":36,""11010000"":10,""11010010"":1,""10000000"":13,""11100100"":13,""00110110"":9,""00100000"":9,""10011100"":17,""11100110"":8,""11001001"":44,""00010100"":9,""10010100"":12,""10110000"":8,""11100001"":11,""10100001"":17,""11100111"":9,""00100110"":6,""10000011"":4,""11010011"":4,""11001111"":23,""00000100"":5,""10110110"":7,""10001000"":4,""01100100"":14,""10000110"":7,""01111110"":2,""11110001"":4,""11000011"":6,""11000010"":5,""10010110"":3,""00010000"":2,""00101111"":13,""01110100"":8,""01100111"":4,""00000111"":3,""01101100"":10,""01110011"":1,""00110010"":4,""01000000"":3,""00010001"":5,""00101110"":10,""10111001"":13,""01110000"":1,""10010111"":2,""10001001"":23,""01110101"":12,""00011001"":3,""11001011"":5,""01011101"":14,""11011110"":4,""11101111"":8,""00101011"":4,""11001000"":20,""01101110"":2,""10011001"":7,""00111000"":14,""01101000"":3,""00001100"":8,""10111000"":8,""10011000"":3,""01000001"":5,""11110100"":4,""11100000"":3,""01100011"":2,""01010111"":2,""00100010"":3,""00010110"":1,""01010100"":5,""10010000"":1,""11110110"":2,""10110011"":1,""10001011"":4,""10100000"":4,""00101000"":10,""01111100"":5,""10101110"":6,""00001110"":2,""01001100"":6,""10111011"":4,""10101000"":8,""00011011"":1,""00001001"":4,""10111111"":15,""11111000"":1,""11101110"":6,""10101111"":6,""11010110"":5,""01001001"":2,""10101011"":2,""01101111"":1,""00011000"":3,""01111001"":2,""00011100"":5,""11111001"":1,""01001111"":2,""01100110"":2,""11110111"":2,""00111011"":2,""00000011"":2,""01111011"":1,""01101011"":2,""11101000"":3,""10101010"":1,""10011011"":1,""00011110"":2,""11101011"":2,""00001011"":3,""10011010"":2,""00010111"":2,""01110110"":3,""00000000"":1,""01000111"":1,""11110011"":1,""01011110"":1,""01010110"":1,""01100000"":1,""10011110"":2,""11100011"":1,""10110010"":1,""10010010"":1,""10100011"":1,""01001000"":2,""00101010"":2,""01000110"":1,""01011001"":1,""01111111"":1,""11111111"":2,""00001111"":1,""01001110"":1,""11100010"":1,""01001010"":1,""11001010"":1}"
58,x,4000,0.04800000000000004,0.19399999999999995,0.10250000000000004,-0.014999999999999902,-0.5549999999999999,0.09250000000000003,0.19899999999999995,-0.19700000000000006,"{""10010010"":25,""10000000"":26,""10110001"":53,""10100111"":4,""10010000"":54,""10110111"":37,""01010111"":26,""01110110"":17,""00110010"":5,""01010000"":41,""10110011"":31,""10110100"":56,""11011101"":13,""11001001"":8,""10010101"":24,""00010100"":31,""01110111"":25,""10111000"":75,""00010011"":23,""11110011"":22,""00000111"":5,""01100001"":7,""00011100"":41,""10111101"":44,""10010110"":27,""10000001"":18,""11110101"":18,""00010110"":17,""11110100"":26,""11010101"":14,""00000100"":6,""11010001"":23,""01010001"":41,""00011011"":27,""11011000"":23,""10000011"":22,""11100111"":4,""10110000"":60,""10100101"":7,""10010100"":31,""01110001"":26,""11010010"":10,""10001011"":14,""01110000"":20,""11110001"":32,""00100100"":5,""01110010"":13,""00010010"":21,""11010110"":12,""01100111"":6,""10010001"":57,""10110110"":31,""11110010"":17,""10000111"":21,""10110010"":32,""11000001"":9,""10001001"":23,""00010111"":30,""01110011"":15,""10000101"":19,""11100101"":6,""00100000"":7,""11010011"":7,""01010100"":21,""01100100"":10,""10100001"":10,""00011001"":41,""11110110"":13,""01000111"":1,""01010110"":29,""00101000"":11,""01011011"":21,""11010100"":14,""10011111"":15,""00110000"":4,""01010101"":22,""11100001"":8,""11110111"":23,""00000000"":16,""11110000"":31,""01110101"":19,""11100100"":5,""00000011"":4,""10000010"":17,""10000100"":18,""11000010"":1,""10110101"":38,""00011010"":34,""11111011"":24,""00011110"":20,""11000111"":2,""10010111"":30,""01100110"":4,""00000010"":5,""00110100"":1,""00100110"":7,""00100011"":5,""11010111"":18,""01011001"":46,""10100100"":5,""00100111"":6,""10011001"":45,""00111001"":4,""10011011"":22,""00010000"":39,""10010011"":26,""10000110"":21,""00010001"":39,""11010000"":20,""10111111"":45,""00110101"":3,""01110100"":20,""00010101"":19,""10011000"":42,""01100011"":7,""01011010"":23,""10011101"":21,""01111001"":34,""00001010"":6,""00100010"":3,""00110111"":5,""01100101"":4,""01100010"":3,""01011000"":42,""01000101"":3,""11111111"":17,""01000001"":6,""10100010"":10,""10111011"":31,""00000101"":7,""00101001"":7,""01011100"":35,""01010010"":16,""11111010"":19,""10111100"":51,""01000000"":2,""00001001"":8,""10100000"":10,""10111010"":35,""10101111"":4,""00111010"":4,""10011110"":31,""11000011"":2,""00011111"":18,""11101001"":6,""10011100"":44,""00011101"":22,""01011111"":16,""10111001"":44,""01111010"":21,""11011001"":21,""00011000"":49,""11111001"":22,""11011100"":20,""11011011"":8,""11011010"":12,""11111101"":15,""10001100"":16,""01111111"":14,""01101000"":7,""10101011"":7,""01111100"":21,""00101110"":5,""00101010"":1,""00101100"":9,""10101000"":12,""00101101"":7,""10101100"":11,""11111100"":24,""10101101"":11,""10001000"":34,""00001101"":10,""11011111"":15,""01101100"":4,""10001111"":20,""10001010"":19,""11001111"":4,""01101111"":2,""10101001"":9,""01011101"":20,""11111000"":39,""01101011"":4,""11001110"":4,""11000000"":2,""01100000"":10,""10001101"":11,""00100001"":4,""01010011"":16,""00100101"":6,""00110011"":3,""01000100"":2,""10100110"":1,""00001111"":8,""10111110"":36,""01111000"":34,""11000101"":5,""10100011"":11,""11100000"":5,""00001000"":6,""01111110"":15,""10011010"":37,""11101110"":3,""00111100"":5,""11001010"":3,""10001110"":14,""10101010"":5,""11111110"":18,""01011110"":15,""01111011"":11,""00101011"":3,""11101011"":1,""01111101"":10,""01101110"":7,""10101110"":7,""00001100"":7,""11011110"":10,""01001001"":3,""11001100"":3,""00110001"":5,""00111000"":7,""11101100"":5,""01101001"":13,""00001110"":7,""00111110"":3,""11101000"":5,""11101101"":6,""11001000"":6,""01101010"":4,""00111101"":6,""00111111"":2,""11001101"":5,""11101111"":3,""00101111"":6,""01001110"":2,""01001100"":2,""00111011"":1,""01001101"":2,""00110110"":6,""11100011"":3,""00000110"":4,""00000001"":2,""01000110"":1,""11100110"":2,""11100010"":1,""11000110"":3,""00001011"":3,""01001000"":6,""01101101"":2,""11001011"":2,""01001111"":2,""11101010"":4,""01000010"":2,""11000100"":1,""01001010"":1,""01000011"":1}"
59,x,4000,0.16500000000000004,0.4095,0.15049999999999997,0.013000000000000012,0.11099999999999999,-0.17999999999999994,0.4445,-0.25849999999999995,"{""01110100"":20,""10010001"":13,""10010100"":32,""10100000"":124,""11100000"":30,""10010010"":14,""01100100"":9,""10000010"":15,""10101110"":22,""10010000"":51,""10101000"":79,""10100100"":88,""01010000"":8,""01100101"":4,""10010111"":10,""10110100"":58,""00000100"":35,""00100000"":30,""10000101"":18,""10110000"":92,""10000000"":36,""10100101"":35,""01000110"":8,""00010010"":2,""11110000"":22,""11010000"":6,""11110100"":14,""00110001"":14,""10100011"":25,""10011000"":40,""10010101"":19,""00100011"":12,""10101101"":49,""10000100"":42,""01110000"":24,""10110001"":30,""10100111"":31,""01010010"":6,""00010000"":18,""01110010"":7,""01100010"":8,""00011000"":21,""01000100"":32,""00000000"":55,""10110101"":28,""01011011"":6,""00010110"":2,""10110010"":25,""10101100"":73,""01000000"":31,""10111100"":58,""11110001"":7,""10011001"":28,""00101100"":21,""10111010"":17,""00000001"":18,""10000001"":24,""10110111"":18,""01100000"":11,""00000011"":19,""00100100"":17,""11100100"":13,""10111101"":42,""01110011"":9,""01000001"":18,""00100010"":11,""00010100"":9,""10110011"":26,""10111000"":79,""00110100"":28,""10100001"":43,""01110111"":5,""11110110"":9,""11100111"":10,""01011101"":5,""01000010"":8,""01001100"":21,""00110111"":12,""11100110"":5,""11000111"":5,""01010111"":1,""01100110"":2,""10000011"":16,""11010101"":2,""10100010"":31,""01001101"":11,""01011001"":11,""00100001"":19,""00101001"":17,""11010001"":4,""11111100"":27,""01001111"":2,""01000011"":15,""00001010"":16,""00110000"":21,""11110010"":16,""10110110"":18,""00010011"":7,""11000011"":10,""10001000"":32,""00110101"":10,""01100001"":10,""00100101"":13,""10010011"":14,""11111000"":17,""01100011"":3,""01000101"":13,""01110101"":9,""11110011"":9,""01010100"":8,""01110001"":9,""11010100"":7,""01001000"":17,""11000000"":16,""11110101"":11,""10000111"":7,""00000110"":7,""10100110"":17,""00110010"":4,""00111010"":12,""01010001"":4,""01011100"":13,""10101011"":48,""11000110"":3,""11000001"":14,""01010011"":7,""10011010"":9,""00110110"":4,""11000010"":4,""00111011"":13,""11100101"":5,""11100010"":6,""11000100"":16,""00011110"":1,""11111011"":15,""00010001"":7,""11011000"":5,""10010110"":8,""11111101"":12,""10111011"":42,""10101001"":43,""00011101"":8,""10101010"":27,""00011001"":14,""11001100"":12,""00101000"":24,""10101111"":16,""01111011"":13,""00101101"":15,""01111001"":7,""00111001"":15,""10011101"":21,""01101001"":8,""00101110"":6,""00011100"":14,""00011111"":5,""00001001"":22,""11001000"":24,""00100111"":9,""11011110"":2,""01001010"":9,""10011111"":13,""10111111"":18,""01111101"":22,""11011011"":3,""00001111"":4,""11011101"":3,""10001111"":13,""10111110"":9,""00001000"":36,""10011011"":21,""01101000"":10,""00111100"":17,""10111001"":39,""11101111"":2,""11001111"":6,""01111000"":16,""11101011"":7,""11111010"":9,""10001101"":21,""00001100"":31,""01001001"":16,""00101011"":9,""00111101"":15,""11011001"":5,""00011011"":11,""01010101"":3,""01101101"":10,""00110011"":14,""01000111"":10,""11010011"":4,""00000010"":9,""01010110"":1,""00111111"":6,""10011100"":39,""11001110"":3,""11111001"":11,""00111000"":22,""10001011"":18,""11001101"":12,""11101000"":9,""00101010"":7,""11001001"":8,""01001011"":22,""00000111"":5,""10001100"":27,""10001001"":20,""01111100"":12,""11111111"":2,""11101110"":4,""11011100"":4,""11101101"":5,""01111110"":4,""01101100"":13,""00101111"":9,""00111110"":5,""11001010"":9,""10001110"":7,""00001101"":20,""01011010"":5,""01111111"":5,""00001011"":21,""00001110"":7,""11001011"":4,""10001010"":14,""10011110"":4,""11101010"":3,""00011010"":8,""01011000"":13,""11110111"":4,""11101001"":13,""11010111"":3,""01111010"":3,""00000101"":13,""01001110"":5,""11101100"":8,""01101010"":3,""01101011"":2,""01101111"":1,""10000110"":6,""01011111"":2,""00010101"":5,""00100110"":2,""11000101"":6,""11100001"":6,""00010111"":4,""11010110"":1,""11100011"":2,""11011010"":1,""01100111"":3,""01101110"":1,""01110110"":1,""01011110"":1}"
60,x,4000,-0.36450000000000005,-0.246,-0.29600000000000004,0.035499999999999976,-0.05400000000000005,-0.1765000000000001,-0.0015000000000000568,-0.4225000000000001,"{""10100001"":32,""00111111"":41,""11001100"":7,""11111111"":67,""01000001"":10,""10011011"":12,""10001111"":78,""11011111"":59,""10111111"":112,""00001110"":16,""10011001"":12,""10011100"":5,""00111001"":16,""11011101"":14,""01111101"":7,""11111001"":44,""10101101"":15,""01001111"":34,""11001111"":49,""10101000"":15,""01001010"":2,""11010001"":39,""01101111"":27,""10001000"":14,""11000111"":72,""01111100"":13,""01000111"":37,""11101000"":9,""11101111"":49,""11001001"":17,""11101001"":19,""10101001"":28,""10000111"":77,""01011101"":5,""11111000"":22,""10111110"":50,""00011110"":6,""10101110"":28,""10101111"":53,""10011111"":21,""01111110"":22,""11111110"":40,""11101011"":7,""00001111"":24,""01011111"":12,""11001110"":23,""10001100"":13,""10101100"":15,""10110111"":145,""11011011"":11,""00101001"":7,""10001010"":6,""10100010"":7,""01001000"":5,""01111010"":3,""01111001"":16,""11011001"":28,""10111101"":18,""11100111"":51,""11111101"":12,""11011100"":6,""11010111"":68,""11101110"":25,""00110111"":40,""01111000"":10,""10110100"":16,""10000110"":25,""10100101"":8,""01110100"":9,""10100100"":6,""10100111"":69,""10110001"":56,""00110101"":14,""11111011"":17,""10100000"":18,""10000100"":9,""00100001"":5,""01000110"":18,""10110110"":51,""11110111"":76,""11000100"":8,""00010111"":24,""10100011"":19,""10010111"":14,""01010011"":2,""01110101"":11,""01110001"":23,""01001001"":24,""11010101"":5,""10001001"":40,""11110000"":16,""00000111"":39,""01000000"":11,""01100000"":13,""00000100"":2,""00000000"":4,""11100100"":4,""10110101"":12,""11110001"":38,""01110111"":51,""10100110"":38,""00000001"":16,""11110110"":36,""11000101"":17,""11010010"":5,""01010001"":6,""11010110"":29,""00110110"":15,""01100001"":21,""11011010"":3,""10001011"":12,""00100111"":17,""10000001"":38,""11000001"":24,""10010011"":3,""00010001"":9,""00010011"":3,""00100011"":1,""01111111"":52,""11101101"":13,""01101001"":18,""11110101"":15,""10011000"":8,""00111000"":6,""00111101"":7,""10111010"":13,""01100111"":26,""10111011"":21,""01110110"":24,""11011000"":9,""01101011"":5,""01100110"":9,""00011111"":12,""00101111"":7,""11001101"":16,""00001001"":7,""11011110"":18,""11101010"":5,""00101110"":4,""10001110"":27,""00011010"":4,""00011001"":11,""11100011"":9,""10001101"":15,""11100101"":11,""10111001"":44,""00011000"":6,""11100110"":22,""10111000"":22,""11001010"":4,""01101101"":3,""11001011"":9,""11101100"":6,""00001011"":6,""10101011"":9,""10011110"":12,""11100000"":15,""00101000"":3,""01001110"":8,""10010101"":10,""11111100"":10,""01001101"":5,""00011011"":5,""00011101"":2,""10110010"":4,""11010000"":22,""01011001"":5,""11111010"":8,""01001011"":10,""00110001"":16,""10101010"":5,""00001101"":6,""00000110"":9,""10111100"":8,""11001000"":7,""10011101"":7,""11100001"":25,""11000110"":32,""00011100"":2,""00111011"":5,""00111110"":8,""01111011"":5,""10110000"":30,""01010101"":4,""00001100"":2,""01100011"":6,""00110100"":4,""01000011"":5,""01000101"":6,""00010000"":9,""01010000"":3,""11010011"":6,""01110011"":3,""11110011"":13,""10000011"":8,""11000011"":9,""10000101"":9,""10110011"":14,""11000000"":16,""01110000"":8,""00000010"":2,""00100101"":3,""11100010"":6,""00111010"":7,""00111100"":2,""00101101"":1,""01101110"":12,""01101100"":3,""11000010"":6,""00110000"":9,""00010010"":4,""11110100"":6,""01010111"":7,""00010110"":4,""00100110"":5,""11010100"":5,""00110011"":5,""01000010"":2,""10000000"":22,""00010100"":3,""11110010"":7,""10010001"":6,""00010101"":3,""10010010"":2,""01000100"":3,""10010100"":5,""01101000"":8,""01010110"":2,""10010000"":1,""10000010"":4,""10010110"":3,""00100000"":2,""01100100"":2,""01011110"":2,""00001000"":4,""01101010"":3,""01011100"":2,""01011000"":2,""00101100"":1,""01011011"":2,""00110010"":1,""01100101"":3,""01001100"":3,""01010100"":2,""00001010"":2,""01100010"":1,""01010010"":1}"
61,x,4000,0.0695,-0.024499999999999966,-0.3979999999999999,-0.01550000000000007,-0.5845,-0.1200000000000001,-0.04499999999999993,-0.5905,"{""11111100"":54,""10011101"":65,""11111101"":92,""11110100"":59,""01011100"":15,""00111111"":5,""10111111"":31,""10111110"":60,""10111101"":92,""10001101"":19,""11011001"":10,""10111001"":17,""01011111"":9,""00111101"":22,""10011110"":57,""01110110"":15,""10101101"":30,""11111110"":69,""10110001"":16,""11011101"":69,""11011111"":30,""10001110"":15,""00111001"":10,""10111011"":42,""10111010"":44,""10110011"":31,""11111010"":46,""10011011"":31,""00111000"":1,""10111100"":74,""01111100"":11,""11011100"":57,""11011011"":33,""10000110"":12,""01111101"":24,""10101100"":17,""01111111"":6,""10101010"":17,""11101101"":23,""11010001"":15,""10101110"":23,""01101101"":9,""11110110"":96,""11110111"":40,""11110011"":46,""11011110"":55,""01110100"":16,""00011110"":12,""11101100"":5,""01001101"":9,""10001010"":10,""00001111"":3,""11000110"":24,""11001010"":11,""10011100"":29,""00111110"":22,""11111001"":11,""11001011"":12,""01011110"":21,""10101011"":11,""00011111"":4,""00101001"":1,""00011101"":18,""11101110"":17,""01011011"":8,""11111111"":31,""11111011"":35,""10011000"":7,""11011010"":32,""01011010"":11,""11001111"":13,""10011001"":12,""00111010"":15,""11001101"":16,""10001100"":8,""00101101"":4,""01111110"":13,""11001001"":4,""01100000"":1,""01101100"":3,""11111000"":15,""00011000"":3,""10001000"":3,""00111100"":26,""11011000"":10,""00001011"":2,""11010101"":66,""00011100"":6,""01011001"":4,""01001110"":3,""10011111"":12,""01111001"":5,""01011101"":23,""11010100"":68,""10110110"":68,""01101010"":3,""11110010"":46,""11010110"":52,""10110111"":21,""00110011"":9,""10100101"":17,""10110101"":94,""10000101"":12,""11010000"":10,""11010111"":21,""11110101"":66,""01010111"":6,""10010101"":52,""00000011"":2,""11000001"":2,""10010110"":43,""00100010"":3,""10110100"":63,""01110101"":18,""10110010"":36,""01100101"":3,""10010011"":19,""01110011"":5,""10010111"":15,""11000101"":19,""11010011"":25,""00010010"":7,""00000100"":2,""11100111"":8,""01010010"":16,""10100100"":14,""00010011"":10,""10100010"":14,""00000101"":6,""11100101"":16,""00110010"":11,""01010101"":18,""00010110"":6,""00110101"":19,""11000111"":11,""01110111"":6,""11000010"":14,""11100011"":5,""00001100"":2,""10001001"":3,""11001100"":17,""00111011"":7,""10010100"":45,""01001100"":4,""10111000"":11,""01111010"":9,""00101110"":5,""11000100"":22,""01001011"":1,""00010101"":13,""00011001"":2,""10001011"":5,""00101100"":5,""10011010"":20,""01101111"":5,""11101010"":5,""10101000"":4,""10101111"":15,""00001101"":4,""11010010"":40,""00011010"":7,""01000111"":1,""10001111"":5,""00011011"":9,""00001010"":2,""00010111"":4,""01101011"":2,""10100110"":23,""11001000"":2,""01110010"":12,""00101000"":1,""11001110"":19,""00000111"":5,""01101001"":2,""00010100"":12,""10110000"":7,""11100100"":19,""10000100"":14,""01010100"":10,""10000000"":3,""01111000"":2,""10000010"":7,""01100100"":4,""01010110"":21,""11110001"":17,""00100101"":5,""10010010"":46,""10010000"":9,""10010001"":7,""00110100"":11,""11110000"":17,""00100100"":6,""00110111"":12,""11000011"":3,""00000110"":6,""01010011"":11,""00110110"":29,""11100001"":11,""01100011"":2,""11100010"":12,""01000010"":1,""00000010"":2,""10000111"":7,""11100000"":3,""01100111"":2,""01100110"":4,""01110001"":5,""11000000"":6,""10100111"":5,""00001110"":4,""00100111"":2,""01111011"":9,""00001000"":1,""00110000"":3,""01011000"":4,""00101011"":3,""01000011"":1,""01000110"":2,""10100011"":3,""10000001"":3,""10000011"":7,""11100110"":6,""01101110"":3,""01010001"":4,""10100001"":4,""10100000"":1,""01001010"":1,""01001001"":1,""11101111"":7,""11101011"":6,""00101010"":2,""00110001"":5,""11101001"":2,""01001000"":1,""01101000"":1,""01001111"":3,""11101000"":1,""01000000"":1,""00100001"":2,""01010000"":2,""01000101"":2,""01000100"":1,""01100001"":1,""00010000"":1,""00100110"":2}"
62,x,4000,-0.3055000000000001,0.563,0.2825,-0.007500000000000062,-0.252,-0.06299999999999994,-0.252,0.474,"{""01110001"":105,""11010001"":13,""00000000"":33,""01100100"":19,""10100001"":22,""00010001"":45,""01000011"":14,""01110000"":80,""00100011"":5,""01111011"":39,""01000110"":5,""10110000"":9,""00100000"":11,""01100000"":26,""01000111"":19,""00110001"":65,""00100001"":26,""01000001"":64,""01010001"":90,""11000000"":23,""10110100"":4,""01000000"":32,""01110011"":26,""00100100"":5,""01010101"":37,""00001101"":28,""11000011"":8,""10110001"":22,""00110100"":28,""11100100"":7,""11110100"":15,""11000001"":41,""01010000"":56,""01110101"":50,""10100000"":13,""01110111"":23,""11011101"":13,""01010100"":20,""11110000"":22,""00000001"":45,""00110101"":34,""00110111"":13,""11111000"":19,""11001001"":29,""11010011"":6,""01011001"":86,""01010110"":7,""01110100"":41,""10100101"":13,""00100010"":2,""01000010"":9,""11110001"":53,""00100101"":7,""01111000"":53,""00011101"":26,""00110000"":46,""01111101"":54,""01000100"":20,""10100100"":5,""01100101"":24,""01000101"":31,""11010000"":15,""10010111"":6,""00110011"":17,""00010101"":16,""11111001"":33,""00001001"":43,""01001101"":40,""11101001"":21,""11001000"":21,""00011011"":18,""11001101"":15,""01111111"":27,""00011000"":24,""00001010"":6,""11010101"":11,""00001011"":17,""00101011"":13,""00111101"":38,""01001011"":16,""01101001"":45,""01001111"":13,""10111111"":10,""11111011"":10,""01001001"":59,""01111001"":110,""10101001"":15,""01011000"":39,""01101000"":17,""11111101"":28,""01011101"":45,""10101111"":5,""01111100"":35,""00111011"":25,""10101101"":11,""11111111"":12,""00101001"":19,""01001000"":41,""10111000"":16,""00111001"":79,""11011001"":25,""10111101"":13,""10111100"":10,""10100110"":2,""11001111"":8,""01101100"":7,""01011011"":25,""00010110"":3,""10111001"":29,""01011111"":19,""01101101"":24,""11101111"":7,""10001001"":7,""01101111"":12,""11101000"":9,""11111010"":7,""10010001"":10,""00101010"":2,""01100001"":37,""00111111"":15,""00010000"":32,""00000100"":20,""10100011"":5,""11100001"":21,""00000101"":23,""10111011"":10,""00100110"":1,""11110101"":14,""11011000"":8,""00000011"":14,""11000101"":13,""01010111"":14,""00010100"":16,""11110010"":8,""00010011"":10,""11101011"":6,""01100111"":12,""01010011"":16,""00001100"":9,""11000100"":8,""00011010"":5,""10110011"":7,""01010010"":9,""10010000"":7,""00010111"":5,""00101111"":4,""10110111"":3,""10010100"":3,""00000111"":7,""00101000"":10,""01011010"":9,""11100000"":8,""11100101"":8,""00100111"":2,""00000110"":6,""00111010"":8,""11010100"":8,""11110110"":4,""11100111"":3,""01111010"":20,""00000010"":2,""11100011"":4,""01110110"":6,""10100111"":10,""11110011"":9,""00010010"":10,""10010101"":6,""10110010"":4,""00111000"":36,""10011011"":2,""01111110"":11,""00011001"":48,""01001100"":15,""01100011"":7,""11101010"":3,""11101110"":2,""01101110"":1,""10001000"":5,""00001000"":17,""00111100"":25,""00011100"":18,""11101100"":7,""10101011"":4,""11011100"":6,""01011100"":24,""10011010"":1,""10101100"":3,""11101101"":7,""10011001"":9,""11111100"":11,""11001100"":7,""11000111"":4,""00011110"":4,""00111110"":4,""11011010"":2,""10011100"":7,""11011111"":3,""00011111"":9,""11001011"":10,""01001010"":5,""10010110"":2,""10000001"":7,""11010110"":1,""10110101"":5,""10000101"":3,""11110111"":8,""01110010"":6,""10110110"":2,""10011000"":8,""00101110"":1,""00101100"":4,""01101011"":6,""00001110"":6,""10111010"":3,""10111110"":3,""00101101"":6,""01101010"":2,""00001111"":8,""10101000"":7,""01011110"":6,""00110110"":3,""11000010"":1,""00110010"":3,""01100110"":3,""11010010"":2,""11100010"":2,""10000111"":1,""10000000"":2,""11000110"":3,""11011011"":3,""10000100"":1,""11010111"":1,""10011101"":4,""11100110"":1,""11001010"":6,""01001110"":2,""10011111"":2,""10001011"":2,""10101010"":3,""10001101"":2,""11001110"":2,""11111110"":1,""01100010"":3,""10001100"":1}"
63,x,4000,0.25,0.28400000000000003,-0.7175,-0.025500000000000078,0.13049999999999995,0.09450000000000003,0.0695,-0.7304999999999999,"{""01001101"":15,""11001000"":22,""10110101"":76,""11101101"":42,""11111111"":11,""10111110"":68,""10111101"":76,""11101110"":63,""10001110"":63,""11011110"":38,""10111000"":23,""00001010"":1,""11011001"":4,""11011100"":42,""01001110"":13,""10111100"":72,""11111100"":47,""01100101"":10,""11101010"":2,""10011101"":62,""11111110"":25,""10001111"":15,""00101100"":6,""00001101"":13,""11011101"":30,""00001110"":16,""00011100"":8,""11001100"":85,""10101010"":4,""01101110"":8,""11001111"":22,""10011110"":73,""10011111"":18,""11110101"":33,""11011111"":12,""11001110"":81,""11101100"":73,""11001101"":85,""10101101"":55,""01001100"":25,""11000111"":21,""11111101"":20,""10001010"":7,""10000101"":63,""01111110"":10,""10001101"":79,""10101111"":14,""00011101"":8,""01101100"":11,""01000000"":2,""11001011"":4,""10101100"":75,""11000011"":8,""11100010"":12,""11000001"":15,""11000101"":70,""11001010"":14,""01111111"":4,""11000110"":75,""10011010"":7,""10111001"":9,""01011001"":3,""00111101"":11,""11100100"":72,""01010100"":6,""01101111"":3,""11101111"":8,""00111100"":9,""10011100"":58,""10001100"":72,""10010101"":54,""10001011"":2,""11001001"":12,""10001000"":16,""01000001"":3,""11111001"":10,""10101110"":47,""01000101"":13,""10011001"":8,""00000111"":4,""10110111"":21,""10101011"":3,""00101101"":7,""11100101"":67,""01101101"":9,""00010000"":3,""00111000"":4,""10010001"":8,""11010101"":35,""11010100"":40,""10110110"":53,""00011110"":5,""10010110"":53,""01011010"":2,""10110001"":12,""10111010"":6,""01011101"":7,""01001000"":4,""10110000"":13,""11000000"":14,""00110100"":5,""00111111"":4,""11111010"":7,""01011100"":5,""11000100"":89,""00000110"":16,""10000100"":66,""01111100"":7,""01111101"":6,""01011000"":1,""00001100"":13,""10011000"":11,""11111000"":6,""01011111"":2,""10100110"":57,""10111111"":14,""11101000"":7,""10000000"":10,""10100001"":10,""10010100"":61,""00010100"":10,""11010001"":7,""11110000"":9,""10110100"":70,""10100100"":43,""10010000"":16,""11010110"":26,""11110001"":6,""10100101"":46,""11100111"":11,""10100011"":1,""01100100"":8,""00110000"":3,""00000101"":16,""11010111"":13,""00010101"":10,""10000110"":53,""11110100"":34,""10100111"":9,""00000100"":8,""01100001"":1,""11110110"":28,""10010010"":12,""10010111"":10,""00010110"":13,""11100001"":5,""00110101"":8,""11100110"":44,""01110100"":12,""00110110"":4,""11000010"":20,""00100110"":4,""11100000"":11,""11101011"":2,""11010000"":12,""01010101"":8,""10100000"":8,""01101001"":1,""11110010"":3,""10110010"":7,""10100010"":7,""10000001"":13,""10110011"":4,""00000010"":3,""10000111"":16,""00011111"":2,""01011110"":5,""00101110"":7,""10101001"":3,""11101001"":2,""01001111"":2,""01110000"":1,""10101000"":7,""01010111"":1,""11110111"":9,""00010111"":2,""00100100"":12,""01100110"":9,""10000011"":6,""00010010"":1,""01010110"":5,""00110111"":2,""00010001"":1,""11100011"":1,""10000010"":13,""00100001"":1,""01101000"":3,""01000110"":8,""01010010"":1,""01110110"":5,""01000010"":1,""01000011"":1,""01000100"":10,""01100000"":2,""00100101"":2,""11010010"":4,""00011010"":1,""00111110"":6,""11011000"":9,""00001111"":3,""01111001"":2,""01100111"":2,""11011010"":4,""11110011"":2,""11011011"":2,""00111001"":1,""10011011"":2,""10001001"":6,""00001001"":1,""01001001"":1,""00101111"":1,""00101010"":1,""00011000"":1,""01001010"":1,""01101010"":1,""00011001"":1,""00001011"":1,""01010001"":1,""11010011"":3,""10010011"":4,""01110101"":6,""01100011"":2,""10111011"":1,""00100000"":1,""00000000"":2,""00110010"":1,""00110001"":1,""01000111"":2,""00010011"":1,""00000001"":1,""00001000"":1,""00101001"":1}"
64,x,4000,-0.383,0.7185,-0.6535,0.0014999999999999458,0.09150000000000003,-0.21300000000000008,-0.1725000000000001,0.245,"{""11011101"":32,""01001101"":119,""00111101"":106,""01111101"":112,""10001100"":36,""10011111"":6,""00101100"":63,""11001111"":2,""01111110"":13,""00111100"":48,""01110101"":124,""10111101"":11,""11101101"":80,""00111111"":20,""00011100"":22,""00101011"":5,""01001100"":55,""11010101"":35,""00100101"":134,""11111101"":86,""01101101"":52,""00101001"":22,""11010011"":3,""00000101"":43,""00010101"":30,""00101111"":11,""11101100"":49,""10001111"":8,""00101101"":103,""00001100"":17,""11001101"":41,""10011101"":33,""10111100"":4,""00111001"":26,""01101001"":17,""01001001"":28,""01111001"":22,""10001101"":62,""11101111"":14,""11111001"":11,""10100100"":7,""01111100"":47,""00001101"":23,""01011101"":41,""01111111"":19,""01000010"":3,""01001111"":11,""11111111"":11,""00011111"":5,""00110101"":101,""10100101"":29,""01011110"":5,""11001001"":9,""10011100"":11,""10000101"":57,""01110111"":21,""00100000"":7,""01110100"":46,""01000100"":58,""10100111"":5,""01010000"":2,""01000101"":116,""00100100"":50,""01110011"":4,""11100101"":107,""01010101"":47,""10010110"":5,""01110010"":1,""00000111"":5,""01010001"":6,""01100111"":8,""11110101"":87,""10000111"":7,""01000001"":26,""10000110"":3,""00100111"":16,""01101110"":3,""01100101"":63,""00100001"":31,""10000011"":3,""00100011"":5,""00110001"":16,""11000111"":7,""00101000"":13,""00010110"":3,""00110111"":13,""11110111"":9,""10110101"":14,""11100100"":32,""11000101"":39,""01011100"":25,""00000110"":3,""01100011"":3,""11100111"":15,""01110001"":20,""00100010"":2,""10000001"":16,""01010100"":18,""00010111"":6,""00101010"":2,""01110000"":7,""11101000"":10,""01000000"":11,""10111111"":4,""01011000"":8,""10000100"":23,""11101010"":6,""01001110"":10,""00011101"":27,""01101100"":27,""10101111"":4,""00001001"":5,""01101000"":9,""11111100"":33,""11101110"":8,""11010100"":18,""01101011"":5,""01011001"":4,""11110001"":23,""01010110"":3,""10001010"":3,""11101011"":7,""10001000"":6,""00010100"":14,""00101110"":6,""01001010"":2,""00001011"":3,""10011001"":11,""11001100"":16,""11111110"":15,""00011110"":4,""01111000"":9,""00111011"":7,""11111011"":5,""11101001"":13,""11011000"":3,""00111110"":9,""11001000"":3,""01110110"":8,""10001110"":5,""11000100"":14,""10010101"":29,""00110100"":40,""11100001"":19,""10010011"":1,""10010010"":2,""00000100"":11,""11110100"":33,""10010000"":4,""10010111"":9,""00110000"":5,""00110011"":6,""11000000"":4,""10000000"":4,""11010000"":3,""10110001"":2,""01001011"":5,""11000001"":14,""10101101"":12,""01100100"":24,""01000110"":10,""10101000"":3,""11111000"":9,""11011001"":8,""00111000"":7,""10011000"":4,""11111010"":3,""01011111"":8,""10101110"":3,""11010001"":7,""00011001"":7,""11011100"":16,""01011011"":4,""00011000"":2,""00001111"":2,""01000111"":16,""10101100"":7,""10001001"":10,""00100110"":11,""00110110"":4,""10010100"":4,""00000001"":10,""01100110"":7,""11010111"":5,""11110110"":8,""01100001"":6,""10101001"":7,""01101111"":4,""01001000"":4,""10011011"":1,""01101010"":1,""00001110"":1,""10011010"":1,""10110100"":3,""00000010"":1,""10000010"":2,""11110000"":4,""11000110"":2,""10100001"":4,""11100110"":7,""00000000"":3,""01010111"":3,""11011111"":2,""10111000"":2,""01111011"":2,""00001000"":3,""00010001"":4,""00110010"":3,""01100000"":6,""10110000"":1,""00010011"":1,""11100000"":2,""11010110"":2,""10011110"":4,""10001011"":3,""10010001"":7,""01010010"":1,""10100110"":1,""10111110"":1,""00001010"":1,""11011011"":1,""11110011"":4,""11100011"":4,""11100010"":1,""10100011"":1,""10100000"":2,""01100010"":2,""11000010"":1,""01000011"":1,""11011110"":1}"
65,x,4000,0.11650000000000005,0.5900000000000001,-0.6725000000000001,-0.009500000000000064,-0.07650000000000001,0.020000000000000018,-0.020999999999999908,0.15249999999999997,"{""01001010"":6,""01001101"":58,""10010100"":14,""00001100"":72,""01011110"":20,""11001100"":94,""01111000"":11,""01101101"":17,""00001011"":3,""00101101"":19,""11001101"":96,""10111100"":95,""00000100"":72,""00001010"":9,""01001001"":14,""00111000"":30,""11011000"":4,""01001100"":59,""01111111"":2,""11011101"":28,""01011100"":49,""00011001"":1,""11101101"":24,""00111100"":125,""01111100"":51,""11001000"":15,""01011101"":46,""01101100"":32,""11101100"":17,""10101110"":1,""00111001"":18,""11001011"":4,""00110100"":95,""00111110"":52,""00001110"":31,""01011001"":5,""00111101"":104,""11010110"":11,""11101001"":4,""10111101"":69,""11111101"":19,""11011010"":2,""10111110"":30,""11111111"":2,""01001110"":20,""11010000"":4,""11111110"":6,""11011100"":37,""00011100"":10,""01001000"":13,""11111100"":27,""10101100"":7,""10111000"":15,""10101101"":11,""10011101"":18,""11000010"":10,""11000100"":94,""10000000"":4,""01110111"":4,""01100110"":8,""01010100"":46,""00000101"":65,""00010101"":16,""01000101"":54,""11000101"":82,""01000100"":64,""01110100"":32,""00100100"":19,""10110101"":86,""10110110"":29,""01010001"":11,""10110001"":12,""00110110"":35,""01010101"":51,""10110100"":73,""01000011"":2,""11010101"":34,""00010100"":18,""11100100"":23,""00011101"":18,""10110011"":5,""01110001"":15,""01100001"":4,""10100101"":16,""10000101"":13,""11000110"":29,""00110101"":115,""11000000"":17,""11100001"":4,""00111111"":9,""10110111"":13,""01100101"":23,""10100100"":13,""00110001"":22,""01010111"":9,""01010110"":15,""00100110"":10,""10010101"":17,""11000001"":23,""00000111"":8,""01000001"":15,""11110101"":19,""11110100"":22,""01000000"":11,""00001001"":8,""11010100"":26,""11010001"":4,""01100100"":28,""00100101"":19,""00001101"":63,""01111101"":49,""01111110"":15,""10011100"":12,""00001000"":7,""00011010"":3,""11001111"":10,""00011000"":4,""01011000"":12,""11001110"":41,""11011110"":11,""10001101"":15,""10001100"":11,""00101100"":21,""10001111"":2,""00101110"":6,""10111010"":6,""10111001"":9,""00100000"":8,""00111011"":2,""10111111"":8,""10011111"":4,""11111000"":3,""01101111"":9,""00001111"":5,""10001110"":4,""01001111"":5,""01101000"":3,""01011010"":4,""01111001"":7,""00111010"":11,""10001001"":3,""01110110"":21,""01101110"":9,""11001001"":16,""11101110"":10,""00110010"":12,""10001000"":2,""00011011"":1,""11111010"":2,""00101010"":2,""01110101"":39,""11000111"":22,""01011111"":4,""00110000"":16,""10011011"":2,""00000110"":19,""10000001"":3,""00000001"":13,""00101001"":1,""01000110"":15,""10110010"":6,""10000100"":18,""10000110"":8,""01010010"":8,""00110011"":6,""01000111"":5,""00100010"":2,""10101000"":3,""01010000"":6,""11010010"":3,""01100000"":5,""10010001"":4,""00000000"":15,""00010110"":3,""01110000"":6,""01110010"":3,""00100001"":4,""00110111"":14,""11100101"":22,""01110011"":2,""10100000"":2,""01000010"":5,""00000010"":7,""10010111"":2,""11011111"":3,""11100111"":5,""11001010"":11,""11111011"":2,""01011011"":3,""11101000"":6,""11010011"":1,""10110000"":7,""11011011"":2,""00010010"":1,""00000011"":1,""10100110"":4,""11010111"":3,""11110011"":1,""11000011"":4,""11110010"":5,""11110001"":3,""11100110"":7,""11110110"":6,""01101011"":1,""10011110"":7,""01111010"":2,""11101010"":2,""11011001"":7,""11101111"":2,""01101001"":4,""00101000"":1,""01001011"":2,""10011000"":2,""00011110"":1,""01101010"":2,""11111001"":2,""10001010"":1,""00010000"":5,""10010000"":1,""11100000"":2,""10010110"":5,""00100111"":2,""11110111"":2,""10111011"":1,""01100011"":1,""10010010"":2,""00010001"":2,""11100011"":1,""11110000"":1,""00101011"":1,""10100011"":1,""01100111"":1}"
66,x,4000,-0.37349999999999994,0.499,-0.5820000000000001,0.00649999999999995,-0.10699999999999998,0.03200000000000003,0.045499999999999985,-0.7470000000000001,"{""10110111"":27,""10101101"":75,""10110101"":50,""10100101"":61,""11111101"":82,""10110110"":5,""11110101"":109,""10010101"":174,""11000001"":24,""10010001"":44,""11000111"":21,""11100101"":135,""10010110"":16,""11010101"":84,""11110011"":24,""11000101"":56,""11010111"":31,""11100001"":20,""00111101"":11,""00000110"":1,""00110100"":2,""11110110"":7,""10100001"":21,""10000111"":23,""11110111"":42,""10110100"":38,""11001100"":41,""10110011"":7,""10100000"":13,""10010111"":56,""11110100"":52,""11110000"":8,""10111101"":61,""11100111"":39,""11000100"":23,""11100011"":14,""11011100"":38,""10000110"":2,""10010011"":21,""10000101"":63,""10000100"":19,""10101011"":12,""11001101"":59,""11010010"":1,""01010101"":22,""10010100"":65,""10001100"":65,""11100100"":57,""10011111"":54,""01110101"":19,""00100001"":2,""01000111"":6,""10000011"":14,""10100100"":32,""00010100"":14,""11111111"":34,""11110001"":28,""10010000"":11,""01110111"":11,""00100101"":11,""10100011"":17,""00010101"":25,""10100111"":26,""01010100"":6,""11101111"":29,""11101101"":87,""01001101"":8,""10011100"":101,""11010000"":3,""10011001"":27,""10000001"":20,""11100110"":8,""00000011"":2,""10001010"":6,""01010111"":4,""11000000"":6,""00010111"":6,""11100010"":4,""00110000"":3,""10011000"":13,""00110101"":10,""10001110"":8,""01110001"":2,""00011111"":9,""10111001"":10,""11111100"":59,""00100111"":6,""11010001"":12,""11110010"":4,""11010100"":26,""10001111"":25,""00000101"":11,""00000111"":4,""10010010"":9,""01001011"":1,""10100010"":2,""10000000"":9,""01000101"":16,""01101101"":13,""10000010"":4,""11100000"":13,""10011101"":164,""00000001"":2,""11010110"":10,""10001101"":71,""10110001"":20,""01110110"":2,""01100101"":10,""01110011"":1,""10111111"":20,""01111101"":10,""01000010"":1,""11000010"":5,""10110000"":4,""11011111"":26,""01100111"":3,""10101000"":8,""01011101"":18,""11000011"":11,""01111111"":4,""11011101"":49,""01111100"":7,""10111100"":36,""11101001"":19,""10001000"":18,""10011011"":16,""11001001"":17,""10111011"":12,""01110000"":2,""11101100"":56,""10101001"":20,""11111000"":16,""01001111"":4,""11001000"":12,""11111110"":9,""01001100"":4,""10101100"":47,""00101111"":4,""11101011"":8,""01011110"":4,""11101000"":14,""10101010"":5,""00010001"":4,""00110011"":1,""00110111"":4,""00011101"":16,""00100000"":1,""10101111"":16,""01010011"":2,""11001111"":16,""01100100"":4,""10001011"":9,""00010011"":1,""01110100"":3,""00001100"":6,""00011100"":12,""11111001"":19,""01101111"":2,""00001101"":8,""11101010"":6,""10011110"":13,""10001001"":18,""10111110"":8,""00011001"":3,""10101110"":11,""01011111"":7,""01101100"":10,""01001110"":2,""10111000"":5,""11011001"":10,""01001000"":5,""00011010"":1,""01101011"":3,""11001011"":7,""11011110"":5,""00001110"":2,""00001111"":2,""10011010"":9,""11101110"":12,""11011010"":1,""10110010"":1,""11111010"":5,""01011100"":8,""11111011"":12,""00111110"":2,""11001110"":4,""00101100"":11,""00011000"":1,""11011000"":6,""10111010"":3,""00111100"":9,""11001010"":4,""00101001"":2,""00011110"":2,""01000011"":1,""00001001"":3,""01001001"":3,""00011011"":2,""00000100"":2,""01010001"":2,""01111011"":3,""00101101"":12,""01111001"":3,""01011010"":1,""11000110"":1,""01110010"":2,""11010011"":7,""10100110"":6,""00111111"":3,""01100011"":2,""00100011"":1,""01100000"":1,""00100100"":1,""00110001"":2,""00001011"":3,""00001000"":1,""00001010"":1,""11011011"":1,""01111010"":2,""01000001"":3,""01000100"":1,""00101110"":2,""01101001"":3,""01011001"":3,""01010000"":1,""01100001"":2,""01001010"":1,""01101000"":1,""00100110"":1,""01010110"":2}"
67,x,4000,-0.008000000000000007,0.25849999999999995,-0.631,-0.010000000000000009,0.15400000000000003,-0.050000000000000044,-0.09349999999999992,0.24750000000000005,"{""01101101"":55,""10001111"":18,""00001110"":19,""01101001"":14,""11001101"":60,""01001110"":23,""01111101"":36,""00001100"":40,""00101000"":20,""11011101"":23,""00111101"":60,""11001100"":54,""10111101"":11,""01111100"":28,""00001010"":3,""00100110"":31,""01001001"":7,""11111100"":29,""10101100"":19,""11111101"":22,""11001001"":19,""01001111"":25,""00111100"":78,""00100101"":51,""01101111"":32,""10000100"":22,""10111110"":17,""00001111"":26,""10111100"":16,""01101100"":46,""11001000"":8,""11011111"":12,""01001101"":28,""00101101"":54,""01011100"":48,""00101100"":57,""10011100"":15,""01001100"":34,""11011100"":19,""10001101"":16,""01100101"":51,""01100100"":49,""11101100"":13,""00001101"":38,""10011101"":24,""00011100"":22,""11101011"":1,""10101111"":15,""01101110"":34,""10101101"":23,""10101110"":16,""10110001"":6,""01000111"":26,""11001010"":9,""11110111"":16,""01010110"":21,""11001111"":50,""00111001"":13,""01010100"":32,""01011110"":11,""11011110"":20,""00110101"":46,""00111111"":37,""01011111"":21,""11101101"":4,""00101111"":28,""11000100"":62,""10010101"":11,""11001110"":35,""00000100"":49,""10100001"":6,""00010101"":21,""00000110"":26,""01100111"":33,""01000101"":38,""01010111"":12,""01000100"":33,""00100010"":7,""01100001"":13,""11110101"":19,""00100100"":55,""11000000"":14,""00000101"":32,""01110110"":21,""10000101"":23,""00100111"":35,""11000111"":50,""00110100"":36,""11100101"":12,""10000111"":11,""10000001"":5,""10010100"":11,""01100110"":25,""00010100"":11,""01100000"":15,""00000001"":7,""11000011"":10,""00010111"":15,""00110111"":36,""11000001"":20,""11010110"":13,""11010000"":4,""11000101"":49,""00000111"":16,""11010101"":25,""10000110"":10,""00110000"":16,""01110111"":26,""00110011"":8,""10000000"":7,""11000110"":43,""11010100"":17,""01111110"":18,""01110101"":38,""01001010"":4,""01010101"":33,""01100011"":6,""00111110"":27,""00101010"":5,""00100000"":19,""11111110"":19,""01110000"":14,""10100100"":17,""01111111"":28,""00110001"":14,""00001001"":13,""00011101"":12,""11110001"":5,""01000110"":20,""01110001"":7,""11111001"":6,""00011111"":12,""01011101"":30,""10010111"":7,""00011110"":9,""11011011"":2,""01101000"":10,""11101010"":1,""00111000"":14,""00101001"":14,""10001100"":22,""01111000"":8,""10100111"":17,""00110110"":19,""00010110"":11,""01010000"":5,""00010001"":3,""01100010"":10,""10011010"":2,""00100011"":8,""11000010"":6,""10001010"":2,""10110101"":8,""10100000"":9,""10110111"":6,""01010010"":7,""01110100"":43,""10100101"":21,""11110100"":29,""00010010"":3,""11110110"":14,""11100100"":16,""00100001"":8,""10100110"":16,""11110000"":11,""11110011"":3,""01110010"":4,""11100110"":7,""00001011"":7,""10011011"":3,""01101010"":7,""10011001"":3,""11111010"":4,""10011110"":6,""00111010"":9,""10001110"":13,""00011011"":2,""11111011"":5,""01000010"":3,""11111111"":19,""11011010"":4,""11110010"":1,""01011001"":11,""11001011"":10,""00101011"":6,""11111000"":6,""01111011"":6,""10110110"":10,""11010111"":14,""01000001"":15,""11100010"":3,""11100011"":3,""10011111"":10,""01000000"":10,""10010010"":3,""00000000"":8,""10000011"":2,""01000011"":2,""00101110"":25,""11100000"":3,""10110100"":14,""11010011"":2,""11010010"":1,""00001000"":8,""01001011"":4,""10101001"":4,""01111010"":7,""10111111"":5,""01001000"":8,""11101111"":3,""10101011"":1,""11010001"":6,""10110000"":3,""11100001"":5,""10010001"":10,""10000010"":1,""11101110"":5,""01011000"":5,""11011001"":9,""10111001"":3,""11100111"":3,""10100010"":1,""00010000"":3,""00000011"":1,""10010000"":2,""01010011"":4,""01101011"":1,""01111001"":8,""11011000"":1,""10111000"":2,""10010011"":1,""00110010"":3,""11101000"":3,""10010110"":4,""10001000"":2,""00111011"":3,""10101010"":1,""10001001"":4,""01011010"":3,""10111010"":1,""00011000"":1,""00011010"":2,""10111011"":2,""00011001"":3,""01010001"":7,""10110010"":1,""00010011"":1,""10001011"":2,""00000010"":3,""01110011"":3,""10100011"":1}"
68,x,4000,-0.10899999999999999,0.39949999999999997,-0.389,-0.01849999999999996,-0.37349999999999994,0.235,0.15749999999999997,0.23099999999999998,"{""01001010"":1,""11101101"":35,""00011101"":171,""11111100"":31,""01101010"":6,""00011110"":43,""01111101"":61,""11011100"":81,""01111000"":9,""00101100"":19,""00011100"":131,""00011011"":70,""10011010"":7,""11101010"":7,""00111100"":38,""11001000"":3,""11000101"":30,""10011011"":23,""11101011"":14,""01101101"":21,""00011000"":15,""00101010"":7,""00111011"":32,""01011100"":11,""10011100"":28,""00001101"":51,""00010100"":131,""01111111"":4,""11011101"":67,""00100101"":37,""00111010"":6,""11011110"":25,""00110100"":47,""00001100"":55,""11111110"":11,""01101011"":7,""10011101"":43,""00100100"":32,""00001110"":18,""00011010"":31,""00010110"":35,""11111101"":41,""00011001"":32,""00111101"":54,""11011111"":6,""11100101"":34,""11101100"":24,""10011110"":9,""11001010"":4,""11100110"":8,""10001100"":8,""00111000"":9,""11001100"":26,""01111100"":38,""11101001"":3,""01011010"":4,""11001110"":8,""00010101"":165,""01011101"":9,""11011011"":29,""00000100"":29,""00101110"":5,""01110100"":32,""01111110"":11,""10000010"":5,""01011011"":8,""10011000"":10,""00111001"":15,""01010101"":14,""01100100"":22,""00001000"":17,""01011001"":1,""01011000"":1,""01000101"":5,""10100111"":2,""11001101"":33,""00001010"":12,""00001011"":22,""01111011"":19,""11100010"":7,""10101010"":5,""11111011"":16,""10011001"":8,""10111100"":7,""11011010"":17,""00001001"":12,""10010110"":12,""01000011"":6,""00101001"":7,""11010100"":64,""10010001"":5,""11001011"":17,""00000001"":18,""01000010"":2,""00000101"":49,""10000100"":15,""10000011"":3,""01110110"":18,""11010101"":85,""00000110"":16,""00010011"":59,""01110101"":48,""00010010"":26,""01110011"":25,""11110000"":5,""11010110"":15,""11000001"":9,""11000011"":13,""01110000"":9,""11100100"":22,""00110011"":23,""10000110"":4,""10010011"":14,""10000111"":3,""00010001"":27,""11010010"":12,""00110010"":12,""10010100"":34,""11010011"":31,""01111010"":15,""10000000"":4,""00110101"":61,""11110100"":31,""10010101"":37,""01010100"":12,""00110001"":11,""00000011"":17,""00100010"":7,""00100011"":16,""00000000"":7,""00000010"":13,""00110110"":11,""11110101"":35,""10010010"":4,""11110010"":5,""01100110"":5,""11000110"":5,""10101110"":2,""11110111"":4,""01010000"":2,""00010000"":17,""10010111"":3,""11110110"":4,""01100101"":25,""01000100"":5,""00101101"":40,""11010001"":13,""11000111"":1,""10000101"":20,""10100100"":9,""00000111"":2,""00100111"":5,""00100110"":10,""11000100"":31,""10100010"":2,""01010110"":1,""11100000"":3,""01110001"":13,""01010010"":2,""11000000"":7,""10110100"":6,""11111001"":6,""10100101"":6,""11010000"":13,""11000010"":4,""11110011"":10,""00110111"":6,""11110001"":10,""10110101"":7,""11011000"":8,""11101110"":6,""10001001"":7,""10001010"":2,""00011111"":14,""11011001"":19,""10001110"":6,""01001101"":5,""00111110"":10,""01001000"":2,""01100011"":10,""01101001"":5,""11111010"":4,""11101000"":4,""00110000"":4,""10111101"":6,""10101101"":5,""11100011"":11,""10111011"":5,""00001111"":4,""10001011"":6,""11111111"":7,""00101011"":10,""00010111"":11,""01100010"":6,""11010111"":8,""01001110"":2,""10110010"":2,""11100111"":1,""01010011"":7,""00111111"":11,""01100001"":2,""11100001"":5,""00100001"":8,""01110111"":7,""01101100"":16,""10110011"":4,""01010111"":1,""10110000"":2,""01111001"":13,""00101000"":3,""11001111"":5,""11001001"":6,""11111000"":6,""10001101"":9,""10001000"":4,""01001100"":4,""10111110"":2,""01101000"":2,""10101100"":6,""10011111"":1,""00100000"":4,""01110010"":9,""10100011"":1,""01100000"":3,""10101001"":1,""10101011"":3,""10111001"":2,""00101111"":2,""01101110"":5,""10010000"":5,""01011110"":4,""01000001"":1,""10000001"":3,""01010001"":2,""01100111"":2,""10111000"":1,""10001111"":1,""10110110"":1,""10111111"":1,""10110001"":1,""10100001"":1}"
69,x,4000,0.040000000000000036,-0.14450000000000007,0.17100000000000004,-0.0024999999999999467,0.014499999999999957,-0.20399999999999996,-0.19799999999999995,0.4185,"{""11111101"":8,""11001001"":7,""01111100"":28,""10101101"":5,""00111010"":37,""10101010"":8,""10011001"":3,""11111010"":19,""11001000"":13,""01111011"":33,""10011101"":4,""00110010"":46,""11001101"":7,""01111010"":61,""11101110"":11,""00011111"":12,""01111111"":59,""10100111"":15,""01001011"":30,""01000010"":49,""01101110"":30,""11111011"":9,""00001100"":11,""00101101"":20,""00101000"":24,""01001000"":32,""01101000"":41,""00111000"":36,""11011010"":9,""00001001"":11,""01001010"":33,""01011110"":13,""11011111"":10,""11101000"":14,""10101100"":5,""01010111"":20,""11111100"":9,""11000010"":18,""00111011"":23,""00011010"":12,""00111001"":33,""01101101"":28,""10111101"":4,""01001110"":20,""11111000"":15,""01101111"":32,""00111100"":24,""01010110"":9,""01111000"":62,""10111000"":14,""00000010"":29,""00000011"":24,""00111110"":22,""01110111"":38,""01001101"":19,""00101011"":23,""01000011"":39,""01111101"":16,""01011011"":16,""11101111"":17,""01110100"":26,""00001000"":24,""11111110"":12,""01011001"":7,""11111111"":16,""10111111"":13,""10101000"":10,""00001011"":16,""00001010"":29,""00101001"":10,""00111111"":27,""01101011"":15,""01001111"":31,""11001100"":11,""01100111"":43,""01011010"":20,""01101010"":32,""01111001"":41,""00110110"":12,""11110000"":17,""01100001"":19,""11100010"":24,""11110111"":18,""00000100"":13,""00110000"":44,""01010001"":14,""01100011"":23,""00010010"":19,""00110011"":32,""00000000"":30,""01000100"":12,""11110011"":16,""00010101"":9,""11000101"":6,""00110001"":20,""00100111"":11,""10010011"":7,""10010000"":6,""10111001"":7,""11010101"":8,""01100101"":30,""11010111"":4,""11000111"":17,""11110001"":11,""00010111"":9,""01110101"":19,""11100111"":19,""00000111"":22,""01110011"":69,""01000000"":34,""01010011"":18,""11010110"":7,""01100000"":28,""11010001"":11,""00101010"":26,""11110101"":5,""11110010"":16,""11100110"":11,""10000011"":7,""10000000"":8,""01100010"":31,""01010101"":5,""01000001"":14,""01000111"":27,""01111110"":26,""11000000"":18,""00010000"":12,""11000100"":10,""01110000"":49,""01010010"":22,""01101001"":17,""11010011"":8,""01110010"":63,""10100011"":8,""01010000"":19,""11100011"":12,""01110001"":15,""00101111"":29,""10100010"":6,""00010001"":3,""00100010"":30,""00100000"":11,""11000011"":15,""01100100"":11,""10101001"":6,""11101011"":15,""00011101"":11,""00011000"":13,""11001010"":19,""10110010"":14,""01011101"":8,""11001111"":19,""01101100"":12,""10001011"":7,""01001100"":29,""01011111"":17,""10101011"":5,""11011000"":15,""00101110"":10,""10011010"":4,""10111011"":7,""11101101"":8,""10011011"":7,""00001101"":5,""00011001"":13,""00111101"":20,""11101010"":13,""10001111"":12,""11101001"":11,""10011100"":3,""11101100"":13,""10110001"":11,""10001000"":4,""10001010"":13,""10101110"":5,""00001111"":20,""11001011"":7,""10111100"":11,""11111001"":7,""10111110"":2,""00011110"":9,""01000101"":15,""10000111"":7,""10011111"":14,""11001110"":6,""01001001"":24,""00100001"":23,""00101100"":13,""00100101"":15,""00011011"":6,""11011001"":8,""10001110"":4,""11011101"":11,""11100101"":1,""11011110"":7,""01011100"":9,""01100110"":27,""10101111"":6,""11011100"":5,""11011011"":9,""10001001"":5,""10111010"":12,""00011100"":3,""11100000"":13,""10000001"":7,""10000100"":11,""11100001"":11,""00110101"":13,""10011000"":3,""00110111"":30,""01011000"":9,""01110110"":19,""10110000"":16,""10110011"":17,""01000110"":17,""11110110"":7,""00010100"":7,""00110100"":14,""00100011"":20,""11010010"":12,""00000101"":9,""10100100"":2,""00000110"":12,""10100000"":7,""11010000"":9,""00100100"":11,""00100110"":17,""10000110"":8,""00001110"":13,""10110111"":13,""10110110"":6,""10000010"":12,""11100100"":5,""11000001"":14,""10010110"":5,""11110100"":1,""10001100"":3,""10010111"":8,""11010100"":4,""10010101"":5,""01010100"":6,""10100110"":5,""10000101"":6,""00000001"":15,""00010011"":7,""00010110"":3,""10110101"":6,""10110100"":3,""10010100"":1,""10010010"":2,""11000110"":8,""10001101"":3,""10100101"":4,""10100001"":2,""10011110"":1,""10010001"":2}"
70,x,4000,-0.09800000000000009,0.121,0.12749999999999995,0.02200000000000002,0.10350000000000004,-0.21550000000000002,-0.26449999999999996,0.534,"{""00100001"":31,""01110110"":49,""10011001"":4,""00100000"":24,""00110111"":46,""01100111"":49,""01110000"":74,""01000010"":13,""00111000"":36,""11010100"":9,""01000000"":35,""10010110"":8,""01100001"":58,""01010101"":9,""01001011"":20,""11010000"":16,""01000101"":20,""00010001"":16,""11100001"":34,""00110000"":58,""01000110"":33,""00000001"":38,""00010111"":13,""00010100"":6,""01110111"":84,""01001100"":21,""11100111"":17,""01000100"":28,""00000011"":17,""01110001"":81,""11000000"":15,""01000011"":20,""00110001"":62,""01000001"":56,""00000100"":19,""01101101"":17,""01110100"":16,""01100011"":23,""01110101"":18,""11100100"":18,""00010000"":11,""01110011"":37,""01100100"":20,""10100001"":10,""10010101"":3,""01011100"":5,""00100100"":10,""00111010"":9,""10100111"":8,""11010001"":29,""00000110"":31,""01000111"":40,""00100011"":9,""01010000"":16,""01100000"":43,""10000001"":12,""00110101"":10,""11110000"":11,""00010011"":6,""01110010"":15,""00000000"":20,""00100110"":15,""01100101"":16,""11000001"":14,""11110011"":5,""00001010"":12,""01100110"":41,""10010010"":3,""01111001"":66,""00000111"":27,""01100010"":17,""01001010"":21,""00111100"":20,""00111001"":68,""01001001"":49,""01111101"":17,""01101001"":69,""00111110"":26,""10001110"":6,""01101000"":61,""01101111"":40,""00001100"":15,""00001000"":30,""00001011"":13,""01111110"":44,""00111011"":20,""01111011"":35,""01101110"":55,""01001110"":35,""10001111"":6,""01101011"":24,""01111100"":17,""01111111"":47,""10111111"":6,""11011000"":15,""00011111"":10,""00000101"":13,""00111111"":39,""11101011"":13,""01011011"":9,""01011101"":5,""00101110"":15,""00001111"":33,""01011000"":14,""00101001"":23,""01001000"":48,""00001001"":54,""00111101"":11,""11001111"":10,""00011101"":6,""11101001"":48,""00001101"":10,""11011001"":15,""11101101"":9,""10001100"":4,""01101010"":23,""00101011"":5,""00100101"":10,""10011111"":9,""00101010"":9,""01101100"":21,""11011100"":7,""11001110"":4,""11100110"":15,""01001101"":16,""00101101"":7,""00010101"":7,""00011001"":18,""11001100"":3,""11011011"":4,""00101100"":9,""00110010"":10,""01111000"":57,""01011001"":26,""11100101"":6,""00011010"":8,""00001110"":26,""11111111"":8,""10101111"":10,""01001111"":31,""00011110"":8,""11001001"":14,""11101111"":22,""01111010"":9,""10101001"":11,""11010111"":16,""11101000"":25,""10101110"":6,""00101000"":17,""11111001"":9,""10011000"":8,""11100010"":6,""11111011"":4,""11101100"":12,""10001001"":13,""11011111"":6,""11111010"":3,""11001101"":6,""11110001"":18,""00000010"":11,""11010101"":3,""01010111"":6,""01010100"":6,""10100000"":4,""10010111"":10,""00100111"":14,""11000100"":5,""11100000"":24,""10010001"":9,""00010110"":8,""10110000"":5,""11000011"":9,""10110101"":1,""00110110"":31,""11110111"":13,""11001010"":1,""11111110"":6,""11101110"":12,""10001000"":8,""01011010"":10,""01011110"":8,""11011010"":3,""10101100"":3,""11101010"":12,""11001011"":5,""11111100"":5,""00101111"":16,""10100110"":7,""11000111"":3,""00110011"":15,""01010011"":6,""11010110"":11,""10100010"":2,""10000000"":8,""11110110"":4,""00100010"":5,""01010001"":12,""10010000"":9,""00110100"":7,""11010011"":5,""10000010"":3,""10100100"":4,""11100011"":8,""10010011"":2,""11000101"":2,""11000110"":9,""11010010"":7,""10001010"":2,""11001000"":7,""10011110"":5,""10101000"":5,""10100011"":2,""10111110"":3,""10000011"":4,""10000110"":8,""10110010"":2,""01010010"":5,""11110101"":5,""01010110"":5,""10110110"":5,""11110010"":3,""11011110"":11,""10101010"":1,""10011011"":1,""00011000"":10,""10101101"":3,""10111001"":3,""10000100"":2,""11111000"":5,""10011100"":1,""00011011"":3,""10000111"":5,""11011101"":4,""11111101"":3,""01011111"":3,""10001011"":3,""10001101"":3,""11000010"":1,""00010010"":2,""10011010"":1,""00011100"":6,""10111000"":1,""11110100"":3,""10110111"":2,""10110001"":6,""10000101"":1,""10111010"":1,""10010100"":1,""10100101"":1,""10101011"":2,""10111100"":1}"
71,x,4000,0.0695,-0.3354999999999999,-0.045500000000000096,-0.0024999999999999467,-0.1825000000000001,-0.127,0.476,-0.4684999999999999,"{""01011101"":7,""10111110"":79,""11011010"":15,""10001010"":38,""01001101"":4,""10111001"":16,""00101011"":13,""00110011"":28,""11001000"":6,""11001010"":37,""10101111"":19,""10101110"":36,""10101100"":24,""10001110"":32,""10111100"":52,""11001001"":7,""10011001"":15,""10011100"":25,""10111011"":66,""10101000"":11,""00011101"":11,""10010111"":24,""00001010"":26,""00111101"":18,""01111101"":5,""11001011"":29,""10010011"":39,""10111000"":30,""11111000"":15,""00111100"":12,""10011010"":57,""11100101"":10,""10011110"":41,""10001101"":15,""00001011"":25,""01111000"":4,""10111111"":63,""10101011"":30,""11111110"":22,""10111010"":116,""01111010"":11,""01111100"":6,""00000110"":33,""11001100"":13,""11001110"":15,""00001100"":11,""00111111"":14,""10001011"":31,""11011111"":8,""11111101"":15,""10011011"":39,""00111110"":26,""00011001"":3,""10011111"":33,""10111101"":57,""10001100"":18,""10011101"":25,""00011000"":4,""01101010"":6,""00101101"":12,""00001110"":31,""11011110"":9,""11111100"":13,""10101010"":40,""11111001"":9,""10110110"":89,""11111010"":22,""01111111"":5,""01101111"":2,""11010111"":11,""00111000"":7,""01101101"":3,""00101110"":10,""00111001"":13,""11011001"":3,""10100010"":34,""11000101"":25,""10100111"":26,""01111011"":9,""11111111"":15,""11101101"":9,""01100011"":4,""11001101"":14,""01011110"":11,""00011010"":11,""01101001"":1,""01001010"":5,""10011000"":19,""00001111"":18,""10000010"":27,""10110101"":55,""11100010"":9,""10101101"":25,""00001001"":7,""10001111"":24,""00011110"":11,""00101100"":8,""11101100"":9,""10110001"":36,""00011011"":14,""01110010"":6,""01011010"":6,""00011111"":6,""00111011"":32,""11000111"":15,""01011000"":4,""00110110"":22,""00101010"":5,""10110010"":99,""00001101"":13,""10000110"":32,""00011100"":7,""11000000"":10,""10010010"":42,""11000011"":31,""11010010"":18,""10110100"":39,""10000101"":19,""10010110"":35,""10000001"":5,""00110101"":16,""10100100"":16,""00100001"":1,""11110110"":19,""11010110"":7,""10110111"":53,""10100110"":35,""01111110"":7,""00010101"":9,""10110011"":81,""11010011"":15,""01000011"":2,""10100011"":30,""11100001"":5,""10000011"":25,""01010010"":12,""11110011"":23,""10000111"":40,""11000110"":33,""00100101"":15,""01000110"":6,""01100010"":8,""10000100"":14,""00000101"":18,""10010100"":13,""11110000"":7,""01000111"":7,""11010100"":14,""11000010"":26,""01001011"":4,""01110011"":7,""00110001"":10,""11100100"":4,""11000001"":9,""00110010"":32,""11110111"":11,""00000011"":25,""11110010"":18,""10100000"":9,""10010101"":27,""11101110"":14,""10010001"":12,""11100011"":9,""11010101"":9,""00110100"":7,""11110101"":15,""01001100"":1,""00010011"":12,""00000010"":16,""00100010"":13,""11000100"":13,""01100100"":4,""10100101"":33,""00100111"":12,""11110100"":9,""00010001"":5,""01000100"":4,""10110000"":44,""00100110"":14,""00000100"":21,""01110110"":7,""00110000"":7,""11100111"":6,""10010000"":11,""11010001"":1,""11011011"":8,""01110001"":3,""00010110"":5,""10000000"":5,""11100000"":3,""00010111"":6,""00000001"":6,""00000111"":19,""11100110"":17,""00010010"":8,""11010000"":6,""01000000"":1,""01100111"":2,""01010111"":7,""00010100"":4,""01111001"":2,""00000000"":8,""00100011"":6,""11110001"":7,""11111011"":18,""01110100"":4,""01011111"":5,""01010101"":4,""00110111"":15,""01110111"":7,""01010011"":2,""01100000"":1,""10100001"":3,""00100000"":2,""01000010"":6,""00100100"":9,""00111010"":20,""11101010"":13,""11101000"":4,""01101110"":5,""01001110"":3,""11011101"":7,""01100110"":4,""11101111"":5,""11011000"":3,""01101011"":3,""11011100"":3,""01001000"":1,""01001111"":3,""11101011"":5,""01010100"":3,""01000101"":3,""10101001"":9,""11001111"":7,""00101111"":1,""01011011"":5,""00001000"":6,""01001001"":1,""10001001"":8,""01011100"":5,""01101100"":4,""01110101"":4,""00010000"":2,""01100101"":1,""01110000"":2,""10001000"":5,""00101000"":1,""01100001"":1,""01011001"":1}"
72,x,4000,0.009499999999999953,-0.23150000000000004,-0.09050000000000002,-0.01649999999999996,-0.21900000000000008,0.0014999999999999458,0.12450000000000006,-0.13549999999999995,"{""11101110"":23,""11011010"":62,""10100111"":1,""11111000"":7,""01111011"":17,""00111110"":47,""00111010"":66,""10001000"":14,""10110101"":32,""11011111"":47,""11101111"":22,""01011111"":7,""01101111"":8,""11011001"":15,""11011011"":44,""10111110"":39,""00001001"":10,""11101010"":34,""00111100"":31,""11111011"":5,""10001100"":15,""11000011"":8,""00111101"":51,""00111111"":39,""11111010"":20,""10111011"":27,""11110110"":16,""10001111"":31,""11101011"":12,""01111010"":25,""00011101"":16,""00001111"":21,""01110110"":15,""10001101"":24,""01001111"":6,""00110111"":52,""00001011"":29,""01111100"":13,""11011100"":22,""10111010"":40,""10000011"":24,""11011110"":35,""11111101"":8,""10011000"":11,""00101010"":12,""00111001"":20,""10011010"":20,""11100101"":32,""00110110"":41,""00001101"":27,""01111111"":18,""01011010"":14,""00101111"":10,""01111101"":18,""11001001"":7,""11100111"":24,""01101010"":11,""10111101"":30,""01101110"":12,""11101101"":29,""11001110"":16,""11001101"":11,""11001010"":23,""10111000"":20,""00011000"":2,""00101011"":5,""00111011"":30,""10000001"":9,""00011100"":12,""00110100"":20,""10010101"":10,""00000100"":17,""10110110"":30,""11010000"":20,""10010011"":13,""10000010"":25,""11100100"":9,""10110111"":25,""11010010"":59,""01110010"":16,""01100111"":9,""01001110"":6,""00110101"":33,""00100010"":18,""00000010"":34,""00100100"":4,""10000110"":32,""00010011"":12,""11100010"":36,""00000000"":10,""11010001"":18,""10000101"":38,""11010100"":22,""11000111"":16,""00100110"":9,""11100110"":37,""01000110"":9,""11110000"":9,""11110100"":2,""10011110"":13,""00000011"":24,""00100001"":5,""00010010"":14,""11010110"":38,""00110010"":36,""11010101"":50,""10010110"":23,""11000100"":8,""10010000"":5,""10010010"":14,""11110101"":9,""10110010"":46,""10110100"":19,""10010001"":6,""01110111"":13,""01110001"":9,""01000101"":1,""01010010"":12,""10000000"":7,""00010000"":3,""01100110"":8,""10110011"":31,""00010110"":11,""01100000"":3,""10100010"":4,""01000000"":3,""00000111"":19,""11000101"":20,""11101000"":11,""00001010"":37,""00001110"":17,""11011000"":21,""10010100"":9,""10111001"":19,""10011001"":5,""10001001"":13,""10011011"":10,""10001010"":24,""11011101"":44,""01101101"":8,""10111111"":36,""00011011"":9,""11111100"":3,""11101001"":8,""01100100"":6,""11111111"":18,""10101010"":5,""01101000"":6,""00000110"":26,""01100011"":7,""00101110"":14,""00101001"":3,""00001100"":23,""01011101"":9,""00011001"":10,""10111100"":16,""00011111"":18,""10001110"":33,""00100101"":9,""01010011"":9,""01101011"":5,""11010111"":37,""00110011"":37,""11110111"":15,""01100101"":11,""10100100"":4,""01010101"":9,""00011010"":15,""00000001"":25,""01110100"":9,""10011100"":7,""10000100"":13,""11100011"":10,""00110000"":16,""10010111"":20,""11100001"":15,""00010001"":6,""01000011"":5,""11100000"":7,""00100011"":9,""01010110"":11,""10110001"":20,""11010011"":28,""11000110"":19,""11111110"":14,""00110001"":27,""00010101"":10,""01111110"":14,""01010111"":9,""11110010"":21,""00101100"":5,""10100001"":2,""00000101"":29,""01000111"":2,""01100001"":4,""01010100"":4,""01110101"":18,""00011110"":9,""11000010"":25,""00010100"":9,""10011101"":18,""11001111"":7,""01110000"":4,""11001011"":11,""11000001"":10,""01100010"":4,""00100111"":8,""01010001"":5,""10000111"":20,""10100011"":2,""11111001"":4,""10110000"":11,""11110001"":6,""11110011"":12,""01010000"":4,""00010111"":11,""01111000"":7,""01000010"":2,""11101100"":13,""10011111"":11,""01001101"":6,""01101100"":2,""00111000"":25,""01001011"":4,""10001011"":16,""11000000"":5,""10100110"":3,""01110011"":10,""10101001"":2,""01011110"":10,""01011011"":5,""00101101"":9,""10100101"":6,""01011000"":3,""11001100"":7,""11001000"":7,""01111001"":7,""00101000"":5,""00001000"":18,""01001000"":1,""10101000"":2,""10101110"":4,""01101001"":6,""10101100"":3,""01001100"":4,""10100000"":2,""10101101"":1,""01011100"":6,""10101111"":3,""01001001"":3,""01011001"":3,""01001010"":2,""00100000"":2,""01000100"":1}"
73,x,4000,0.024499999999999966,-0.05800000000000005,-0.43199999999999994,-0.016999999999999904,-0.26849999999999996,0.015499999999999958,-0.39349999999999996,-0.1180000000000001,"{""00010001"":3,""11000111"":24,""01110001"":21,""01010110"":61,""10110101"":13,""11110111"":44,""00110101"":15,""11100110"":26,""11010111"":51,""01010111"":36,""00000110"":8,""11010000"":16,""01011010"":21,""01010101"":42,""11010010"":20,""01010100"":54,""11110110"":55,""00100011"":6,""10000111"":20,""01010001"":31,""10100100"":14,""01110100"":28,""00000100"":9,""01000111"":7,""11010100"":52,""10000110"":24,""00100111"":18,""11000101"":30,""01000101"":16,""10100001"":9,""01110110"":45,""10000010"":11,""11101000"":7,""01010010"":18,""11100111"":11,""00001010"":7,""01000100"":7,""11010110"":42,""01000010"":4,""01100000"":3,""10110010"":4,""11100101"":22,""10010111"":7,""10000000"":8,""10100110"":31,""11110101"":41,""01000000"":4,""11110000"":8,""01000001"":7,""00110111"":8,""11110010"":26,""01000110"":17,""11100000"":4,""01100111"":9,""11000110"":28,""00110110"":12,""01010011"":11,""01110111"":32,""01110010"":21,""00010111"":14,""01011100"":45,""00101110"":22,""10001100"":16,""01010000"":17,""00001100"":8,""10100000"":13,""11110001"":12,""10010110"":14,""11010011"":21,""01110101"":59,""11010101"":56,""10110001"":5,""11011010"":38,""11110100"":40,""00010110"":14,""10100111"":32,""10000101"":12,""01100010"":7,""11010001"":22,""10110011"":5,""10000100"":15,""01100011"":1,""11100001"":5,""10100010"":10,""01100100"":9,""00100110"":20,""10000011"":7,""01110011"":15,""10101111"":22,""11000001"":8,""11000000"":10,""11110011"":10,""10110111"":13,""00100100"":16,""01111100"":41,""11000010"":12,""11011001"":19,""00100010"":9,""00110010"":2,""11011111"":45,""00100101"":18,""01100110"":9,""10010010"":7,""11011101"":51,""01110000"":11,""10100011"":9,""01011111"":36,""11111111"":42,""11111101"":36,""00010100"":8,""10010101"":4,""10110100"":8,""10101001"":15,""10100101"":27,""11100010"":3,""10010000"":4,""11000100"":14,""01111110"":54,""01011110"":72,""11100100"":18,""10110110"":14,""01111101"":51,""01011011"":24,""00011010"":8,""10000001"":8,""01001010"":7,""00000011"":4,""00000111"":6,""11100011"":4,""10010100"":9,""10001000"":3,""11101001"":11,""10011110"":14,""00110001"":3,""00010101"":13,""11111000"":15,""10111001"":5,""10101101"":40,""00100001"":3,""11000011"":11,""10101110"":39,""11001010"":16,""01011101"":51,""11011110"":56,""00100000"":3,""11001101"":31,""10001110"":24,""11001100"":23,""11101110"":18,""10011101"":8,""10001010"":12,""00001101"":10,""01111111"":56,""01011001"":25,""11011011"":22,""11011000"":11,""00011101"":5,""01111010"":21,""11001001"":11,""11001110"":24,""10111010"":6,""01001101"":12,""01101111"":11,""00011100"":15,""00101000"":8,""10101100"":24,""10111110"":10,""11101101"":14,""10001111"":15,""01111001"":17,""10111000"":4,""11011100"":45,""10111111"":7,""11001000"":12,""01111000"":11,""00111010"":7,""00101010"":11,""01111011"":19,""10111101"":14,""00111100"":6,""11111100"":38,""10101011"":9,""00011111"":16,""10111100"":10,""01001110"":11,""10101010"":14,""10101000"":7,""11001011"":6,""01101101"":9,""10011001"":2,""10001101"":17,""00101001"":7,""11101100"":13,""00111111"":10,""11111110"":49,""11111001"":17,""11101111"":13,""00101101"":13,""00111001"":2,""11111011"":15,""11101010"":18,""01011000"":18,""11101011"":6,""10011111"":6,""11001111"":16,""00001011"":3,""00101111"":8,""01101110"":6,""01001011"":3,""01001000"":3,""00010011"":5,""00101100"":14,""00011110"":9,""01100101"":9,""10011010"":3,""01001111"":9,""01101100"":7,""00011000"":4,""11111010"":24,""00111101"":8,""01001001"":7,""00001111"":4,""01100001"":4,""00011011"":4,""10001001"":4,""00111011"":3,""01101011"":5,""01101001"":2,""00001001"":6,""00111110"":10,""01001100"":7,""10001011"":8,""00001110"":6,""10011100"":3,""10111011"":2,""10011000"":1,""00011001"":7,""10010001"":1,""00000101"":5,""00010010"":5,""00110100"":4,""00101011"":3,""10011011"":1,""00000001"":3,""10010011"":4,""01000011"":1,""00010000"":1,""00000010"":2,""01101010"":1,""00110000"":2,""01101000"":1,""10110000"":1,""00110011"":2}"
74,x,4000,-0.135,0.4215,-0.2769999999999999,-0.01200000000000001,-0.2909999999999999,-0.07699999999999996,0.41700000000000004,-0.8300000000000001,"{""10010111"":7,""11010110"":28,""10100101"":53,""10100000"":14,""11110000"":11,""10110001"":64,""10110011"":35,""00000001"":4,""10010101"":82,""10000001"":26,""11010101"":109,""10000010"":18,""00010101"":5,""01110101"":14,""00110010"":9,""10110101"":200,""10100001"":21,""11011101"":83,""10100010"":16,""10000011"":23,""11100101"":31,""10000101"":97,""11000110"":12,""10110000"":50,""11010001"":37,""10101010"":15,""00100110"":3,""01110100"":2,""10110010"":41,""11010100"":44,""00110110"":5,""10010011"":18,""10011101"":80,""10010100"":44,""11101110"":12,""10110100"":112,""10110110"":61,""11001010"":8,""10110111"":21,""10001001"":37,""11110001"":12,""11100111"":3,""10100110"":24,""00111101"":14,""11110101"":30,""01101001"":3,""11110100"":13,""11010011"":17,""11010010"":20,""10100011"":14,""10000000"":25,""10100111"":10,""11110010"":9,""10010001"":30,""11000111"":6,""01110000"":3,""10010000"":15,""10000100"":46,""10010010"":18,""10011110"":27,""11011001"":24,""01010111"":2,""00110100"":7,""10101001"":43,""11110110"":11,""00000101"":3,""10000111"":12,""11000101"":24,""11101101"":30,""10111001"":81,""11100011"":5,""11010000"":17,""01110010"":2,""10010110"":27,""10011100"":34,""10111101"":218,""10111000"":52,""10100100"":24,""11110011"":5,""00110101"":13,""11011010"":24,""10111011"":38,""11111101"":30,""10111110"":66,""11100000"":6,""01000011"":3,""11000100"":11,""10000110"":30,""00100001"":3,""11100110"":8,""11010111"":9,""01110001"":2,""11111001"":9,""10011111"":4,""11101001"":14,""10001101"":107,""10001110"":36,""10001011"":16,""01001110"":4,""10011001"":38,""10111111"":13,""10111010"":66,""10001000"":27,""10101000"":21,""10101100"":38,""10111100"":81,""11001100"":11,""11001101"":30,""11001001"":15,""10011000"":21,""00011010"":2,""11011111"":8,""01111001"":5,""00111100"":8,""11000010"":3,""11101000"":7,""00111110"":8,""10001010"":18,""11111100"":10,""11011011"":9,""01011101"":4,""11011110"":26,""10011010"":16,""10001100"":33,""10011011"":19,""10101101"":66,""01111110"":5,""10101110"":22,""00011100"":3,""11000001"":15,""11100001"":14,""00010100"":5,""11100100"":8,""00100000"":1,""00101001"":3,""00110000"":4,""01110110"":2,""00111011"":5,""11111010"":6,""11011100"":32,""11001011"":7,""11011000"":25,""00111000"":6,""11101111"":4,""00101011"":8,""01001001"":2,""01010010"":2,""00000100"":2,""00101110"":2,""01010101"":2,""11000000"":12,""01000101"":6,""01100101"":2,""01111101"":6,""00000110"":1,""01010100"":5,""00000010"":2,""01101000"":3,""00100100"":2,""00101010"":5,""01011110"":4,""01001101"":4,""00111010"":7,""00011101"":6,""01111000"":4,""10001111"":9,""11101011"":7,""00001101"":4,""11101100"":15,""11111110"":11,""11001110"":9,""00011000"":4,""00100101"":4,""00011110"":2,""01101100"":2,""00011011"":1,""01011100"":2,""01001011"":1,""01011011"":1,""00110011"":1,""00111001"":8,""00101101"":7,""00110001"":5,""01100100"":2,""00100010"":2,""00010110"":1,""11001000"":4,""11101010"":6,""10101011"":7,""01100001"":1,""11000011"":2,""11100010"":6,""01101101"":3,""10101111"":3,""00111111"":2,""11001111"":5,""11111011"":3,""01111100"":4,""01001100"":2,""01010110"":4,""00010010"":1,""00010001"":1,""11110111"":3,""01000001"":2,""00001111"":1,""00000000"":3,""00110111"":1,""11111000"":3,""01000110"":1,""00101100"":1,""01001000"":1,""01010001"":1,""01000000"":2,""00011001"":2,""00101111"":1,""00001000"":1,""01011000"":1,""00001110"":1,""01110111"":1,""01011001"":2,""00001100"":1,""01101010"":1,""00101000"":1,""01100011"":1,""01010000"":2,""11111111"":2,""01111011"":1,""01000100"":1,""01110011"":1,""01111010"":1,""01101111"":1,""01011010"":1,""00001001"":1,""01010011"":1,""00100011"":1,""01100110"":1}"
75,x,4000,0.008499999999999952,0.22399999999999998,0.23099999999999998,-0.016999999999999904,0.19199999999999995,0.0024999999999999467,-0.08099999999999996,-0.4504999999999999,"{""11110101"":31,""10000010"":28,""11110010"":32,""01110000"":11,""11000010"":20,""10100001"":29,""00100101"":5,""00010100"":7,""11110011"":42,""11010010"":7,""01010101"":3,""10110100"":18,""11010001"":9,""10000000"":36,""11000110"":9,""10000100"":61,""11100100"":57,""11000000"":21,""01000010"":11,""11010101"":10,""11111100"":49,""10010100"":44,""10110000"":14,""11110100"":39,""10010101"":25,""10010011"":45,""01010100"":10,""10000001"":52,""10001110"":3,""10100100"":30,""10000110"":17,""11100011"":40,""10110011"":27,""10100010"":20,""01000000"":18,""00110011"":10,""11110000"":36,""00000001"":9,""00110001"":3,""00101010"":8,""01010000"":10,""01100010"":17,""11110111"":10,""11100110"":10,""00010000"":6,""10000011"":40,""00111011"":8,""11110001"":36,""11010011"":11,""11000100"":34,""11100001"":34,""01100011"":21,""10001010"":25,""11101010"":28,""00000110"":4,""11000011"":35,""11111010"":29,""11101011"":48,""10010001"":33,""00100100"":18,""00000101"":8,""10100000"":29,""01100100"":17,""11000111"":7,""11100010"":24,""00110000"":9,""11011100"":15,""00000010"":4,""10010110"":7,""10010000"":35,""10110010"":12,""11100111"":15,""01010001"":14,""10100011"":36,""11101101"":26,""01000011"":22,""01000001"":17,""11100000"":31,""01100000"":15,""11001101"":24,""10001111"":11,""10001001"":37,""10001100"":54,""10001000"":34,""01001100"":22,""10111100"":12,""01011100"":16,""10011011"":38,""11011011"":17,""10001011"":49,""11001011"":39,""10111111"":1,""11101001"":35,""01111011"":14,""10001101"":29,""00111001"":4,""11011000"":14,""01011011"":11,""11001100"":37,""11011101"":9,""11011010"":13,""01001101"":16,""00101001"":12,""01001010"":16,""11001001"":37,""01101011"":22,""11111101"":25,""11101100"":63,""10011010"":25,""11111001"":45,""01011001"":24,""11111110"":14,""11101110"":16,""10011101"":26,""01101100"":27,""11011001"":14,""01110011"":14,""10011110"":6,""00001010"":7,""01101000"":14,""01001000"":17,""00101101"":5,""01111001"":13,""01001001"":20,""00101100"":14,""11111000"":30,""11101000"":24,""10101000"":26,""11001010"":19,""10011001"":30,""01111100"":13,""10111000"":11,""11111111"":8,""10011000"":29,""01101010"":10,""10101011"":33,""01001011"":18,""10101100"":36,""00001100"":16,""00011100"":11,""01101101"":14,""10011100"":35,""00101011"":16,""00001001"":9,""10101010"":24,""01111010"":8,""01000101"":9,""01011101"":9,""11111011"":45,""01111111"":3,""10111101"":6,""11001111"":7,""00011001"":10,""11010100"":15,""00001000"":7,""01001110"":2,""11101111"":9,""00001011"":9,""10111010"":7,""10111011"":16,""00111111"":1,""01101111"":2,""11000001"":34,""01100101"":9,""00100000"":9,""10010010"":20,""01100110"":6,""00100011"":13,""01100001"":15,""00100010"":6,""10000101"":20,""00000011"":17,""00000000"":11,""10100111"":8,""11001110"":9,""01110100"":8,""11110110"":8,""10101001"":32,""00000111"":3,""00010110"":2,""01100111"":3,""11010000"":5,""00101110"":3,""01111110"":5,""01011010"":7,""01101001"":13,""11001000"":30,""00001111"":3,""01010110"":3,""10101111"":6,""00010001"":7,""01011111"":2,""11100101"":16,""10100101"":7,""10110001"":13,""00100001"":5,""01011000"":7,""10110111"":5,""00110100"":11,""00000100"":13,""10101101"":17,""10110110"":5,""01110110"":2,""10110101"":8,""01010011"":14,""10101110"":9,""01110101"":4,""00101000"":10,""10111110"":3,""01111000"":6,""11011111"":3,""00011011"":8,""00110010"":1,""10011111"":5,""00101111"":3,""00110101"":3,""10010111"":7,""10111001"":6,""00010011"":7,""00001101"":5,""01110001"":4,""00111100"":6,""00011101"":3,""00100110"":4,""01000100"":23,""00010010"":4,""11010111"":5,""00100111"":2,""01110111"":3,""11010110"":3,""00011010"":5,""01001111"":5,""01000110"":3,""01110010"":8,""10100110"":4,""11000101"":12,""00011000"":11,""01010010"":4,""00111010"":5,""00011111"":2,""00010101"":3,""00111110"":2,""00111101"":4,""10000111"":6,""01101110"":3,""01010111"":3,""01111101"":3,""00001110"":1,""00110110"":1,""00010111"":1,""00111000"":2}"
76,x,4000,-0.357,0.271,-0.20700000000000007,-0.010000000000000009,-0.363,0.026000000000000023,0.09550000000000003,-0.827,"{""11011011"":15,""11001000"":12,""11001001"":29,""10111111"":38,""00011010"":5,""10001111"":21,""00011100"":8,""11111001"":51,""10011010"":23,""10101101"":56,""10011101"":117,""10101110"":16,""10100101"":65,""00011000"":2,""10011001"":88,""10011111"":64,""10001101"":21,""11111100"":30,""11001111"":20,""11100001"":21,""00011111"":8,""11001010"":9,""10111001"":50,""11101001"":20,""01011001"":7,""10110001"":48,""10011000"":30,""11111000"":27,""10011110"":45,""10011011"":34,""11101101"":32,""11011110"":24,""11011001"":55,""10111000"":21,""11001101"":36,""10110101"":67,""10101100"":22,""10001001"":18,""11001100"":18,""11101011"":7,""00101101"":4,""10111101"":57,""00001100"":2,""10101010"":9,""01011100"":5,""11111111"":51,""11101111"":14,""00010101"":14,""10100001"":41,""10110110"":20,""10111011"":24,""01010010"":2,""01101001"":3,""00001111"":4,""11101010"":6,""10000001"":15,""11001011"":11,""10111010"":13,""11101100"":7,""11011111"":41,""11000111"":31,""10100000"":17,""11011100"":38,""11000100"":17,""10101000"":16,""11011101"":67,""11111101"":88,""01101011"":2,""11111010"":23,""11100010"":7,""00101100"":5,""10011100"":48,""11010010"":15,""11111110"":20,""11001110"":14,""10101011"":15,""10100111"":31,""11110111"":42,""11110101"":88,""11110100"":33,""10000110"":6,""10000101"":27,""10000111"":8,""11010111"":31,""11110011"":34,""10010110"":37,""11010001"":36,""10010111"":48,""10110011"":18,""11000110"":13,""10010001"":83,""11000001"":29,""01010100"":2,""10010100"":35,""10110100"":20,""10010101"":111,""11110001"":53,""11010100"":27,""01110000"":4,""11010000"":17,""10000100"":13,""11100101"":37,""11010011"":29,""10010010"":23,""10100011"":24,""10010000"":35,""11000101"":53,""10000000"":4,""10100110"":16,""11000000"":8,""11100000"":13,""00100111"":4,""00100101"":7,""11100011"":9,""11000011"":4,""10100100"":24,""10110010"":15,""10110111"":44,""11100100"":13,""01110100"":4,""01110101"":5,""10111110"":13,""10101001"":40,""01111100"":4,""01101111"":1,""11110000"":18,""01111000"":2,""10111100"":26,""00101001"":4,""00111000"":2,""10110000"":26,""01011111"":5,""11111011"":15,""10101111"":32,""11010110"":28,""01101010"":1,""01010011"":2,""01010101"":7,""00011011"":8,""00001001"":3,""11011000"":26,""00111100"":3,""11010101"":60,""01100101"":4,""01000101"":1,""00100011"":3,""00010111"":5,""10010011"":37,""00000111"":4,""11100110"":11,""11110110"":27,""00010011"":9,""11100111"":16,""00101010"":1,""00100001"":8,""00100110"":2,""01000001"":2,""01110001"":1,""11110010"":17,""10000011"":5,""01100001"":1,""10001011"":11,""00110101"":4,""01110011"":3,""00010100"":8,""10100010"":11,""01010111"":2,""11011010"":13,""01111111"":5,""10001100"":8,""10001110"":10,""11101110"":10,""00011110"":4,""00111111"":5,""00111101"":6,""00101111"":2,""11101000"":13,""00011001"":7,""00001010"":2,""01001011"":1,""10001010"":4,""00011101"":14,""00111001"":7,""01011110"":2,""01011101"":5,""00100100"":4,""01111101"":3,""00001110"":2,""01100000"":1,""00110001"":3,""01000111"":1,""00010001"":4,""01100110"":1,""01111011"":3,""01101101"":1,""00001101"":1,""00101011"":1,""01010001"":2,""01110111"":4,""00000001"":3,""01001101"":5,""01111010"":1,""01101000"":2,""01111001"":5,""00000110"":1,""00000100"":3,""01100010"":2,""10001000"":3,""00110110"":2,""00110100"":4,""10000010"":4,""00000101"":3,""00100010"":4,""01001100"":1,""01011000"":1,""00101110"":1,""11000010"":4,""00111110"":2,""00010110"":3,""00110000"":1,""01001001"":1,""00101000"":1,""01101100"":2,""00010010"":2,""01001010"":1,""01011011"":2,""01100100"":1,""01100011"":1,""01100111"":1,""01110010"":1,""00100000"":1}"
77,x,4000,-0.12450000000000006,0.35450000000000004,-0.46950000000000003,-0.0044999999999999485,0.22950000000000004,0.1845,-0.2144999999999999,0.14600000000000002,"{""01000101"":187,""01001001"":39,""01001101"":168,""11101101"":30,""01011001"":9,""10101001"":6,""11001100"":10,""01111011"":11,""11111110"":30,""10001101"":65,""11001101"":50,""10111100"":21,""01001100"":81,""01111001"":21,""10101101"":24,""10111101"":26,""11101000"":6,""01111111"":9,""10011001"":3,""01001110"":75,""00001101"":62,""00001001"":25,""00101101"":8,""00101011"":6,""01011101"":25,""11001110"":23,""01111100"":30,""11011101"":18,""00001110"":22,""10011101"":12,""10001010"":12,""00111101"":58,""11111100"":29,""01010100"":15,""00001000"":5,""00011111"":1,""10001100"":40,""01111101"":41,""00110011"":9,""11111101"":81,""11111111"":8,""11011100"":6,""00111111"":6,""01001011"":38,""11001111"":8,""01001111"":40,""01111110"":24,""00111110"":26,""10001110"":27,""11110110"":39,""00001100"":39,""11111001"":17,""10001011"":14,""10000111"":15,""10000101"":83,""01101010"":1,""11101100"":23,""10001111"":14,""00101100"":9,""11011001"":6,""11110101"":74,""10000100"":45,""10110110"":12,""01000001"":34,""11000000"":5,""10100100"":16,""11000101"":45,""00000100"":36,""11110100"":47,""00000110"":29,""11110011"":16,""01000111"":31,""01110111"":8,""01100001"":5,""10000011"":15,""01110101"":46,""01110110"":25,""10000001"":25,""11100100"":18,""01000011"":25,""00000001"":15,""01100110"":5,""10110100"":15,""10110101"":19,""11010100"":8,""01000100"":105,""00110101"":38,""11000100"":19,""10000000"":13,""00110100"":31,""01010101"":21,""10111001"":5,""01010111"":3,""10100111"":6,""01000000"":22,""10110111"":4,""11000011"":7,""00100000"":4,""01000110"":73,""11100010"":9,""01110100"":25,""11110111"":11,""10010101"":15,""00110110"":18,""01100011"":3,""11100101"":36,""01010010"":5,""01000010"":22,""00111100"":35,""00000101"":53,""10010110"":7,""01110000"":10,""10110010"":4,""10000110"":20,""10100101"":16,""00010110"":5,""10010001"":6,""11110000"":13,""01010001"":3,""11101011"":12,""11001000"":4,""11011111"":2,""01001000"":32,""01101100"":6,""10001001"":15,""01011111"":2,""01011100"":9,""01111010"":7,""00110000"":8,""00011110"":4,""11001010"":13,""11111010"":13,""00011001"":4,""11111011"":12,""11011110"":2,""00011101"":15,""00001011"":17,""00111000"":5,""00100011"":6,""10011011"":4,""11100110"":18,""11001001"":9,""00111011"":12,""10011110"":5,""01111000"":14,""01011000"":2,""01001010"":18,""11100111"":5,""10011010"":3,""00011100"":9,""11011010"":1,""00011010"":2,""11111000"":12,""00111001"":17,""00011011"":5,""11011011"":2,""00111010"":9,""01101101"":15,""01101011"":1,""10101000"":5,""01011110"":6,""01011011"":7,""01101000"":2,""00110001"":17,""11101001"":10,""10111011"":2,""11000010"":6,""10010011"":6,""01101110"":3,""10011100"":8,""10010100"":9,""00000011"":6,""11000001"":11,""00100110"":5,""00110111"":9,""11110001"":18,""11100011"":6,""01110011"":9,""10000010"":13,""10100110"":10,""10100011"":5,""10111010"":5,""11010110"":7,""00000010"":10,""11010101"":12,""11000110"":16,""00010001"":3,""01010110"":11,""11101110"":10,""00000000"":9,""00100101"":8,""00110010"":6,""01100010"":3,""11110010"":3,""10010010"":5,""00000111"":9,""01110001"":21,""01100111"":2,""11000111"":2,""01110010"":9,""10100010"":3,""00010011"":4,""10110011"":3,""10011111"":6,""00001010"":6,""10110001"":5,""00010101"":9,""10100001"":4,""00101001"":6,""11101111"":8,""01100100"":3,""10100000"":3,""00101111"":4,""00101110"":5,""10101111"":5,""01100000"":3,""10101100"":7,""00010111"":1,""00100100"":11,""01100101"":5,""01010011"":8,""11100001"":4,""10010111"":2,""10111110"":8,""00100111"":2,""11010011"":2,""11010111"":2,""01011010"":4,""10101110"":5,""10011000"":2,""11001011"":9,""00101000"":4,""10001000"":9,""00001111"":5,""00010010"":1,""10110000"":4,""01010000"":3,""00011000"":2,""01101001"":2,""11101010"":5,""10101011"":1,""11010000"":2,""10111000"":2,""11010001"":3,""00010100"":2,""00100001"":1,""10010000"":2,""11100000"":1,""10101010"":2,""01101111"":2,""11010010"":1}"
78,x,4000,-0.39250000000000007,-0.008000000000000007,-0.09400000000000008,0.01100000000000001,0.139,-0.16149999999999998,0.31000000000000005,-0.909,"{""10010011"":99,""10010101"":108,""10011101"":89,""11011101"":27,""01100110"":1,""10101101"":115,""11101111"":51,""00111010"":1,""11001010"":6,""10010100"":39,""10111111"":24,""11011100"":7,""10001101"":40,""10101011"":80,""10001011"":38,""10101111"":77,""10011010"":35,""11101000"":15,""11010100"":13,""11100101"":84,""11011010"":16,""10011000"":7,""10101100"":51,""11111111"":17,""10001010"":21,""10001111"":41,""11101011"":66,""10001110"":18,""10001001"":40,""01011101"":4,""11111110"":2,""10111001"":26,""10101110"":40,""11010101"":31,""10011111"":40,""10101010"":40,""11101110"":26,""11101100"":30,""11101001"":40,""11011111"":17,""11101101"":85,""00111001"":4,""11001011"":18,""10111100"":14,""10011001"":32,""10011110"":18,""10101001"":62,""10011011"":85,""10001000"":13,""11100010"":33,""10011100"":35,""11101010"":26,""10111101"":35,""00011010"":1,""10010010"":47,""00001011"":3,""10101000"":28,""10001100"":30,""10000111"":53,""10000110"":28,""11100111"":51,""11100000"":7,""10110111"":36,""11110110"":7,""10100000"":29,""10010001"":35,""11100011"":61,""10110001"":19,""10100111"":78,""10010111"":44,""10100001"":54,""11111101"":28,""11110111"":23,""10110000"":15,""11100100"":22,""10100011"":99,""11010000"":3,""10100100"":37,""11000111"":12,""10110101"":52,""11010011"":27,""11111001"":26,""11110101"":36,""10000001"":33,""10100101"":92,""10010110"":21,""10010000"":16,""11100001"":35,""11110001"":17,""10000010"":12,""10000101"":32,""10110100"":26,""10000011"":18,""10110010"":17,""11010001"":13,""11110011"":15,""10110011"":35,""01100001"":3,""00010101"":7,""11000101"":15,""01010011"":5,""10000000"":11,""10100110"":36,""11000000"":4,""10100010"":43,""11100110"":20,""11000001"":9,""00010001"":3,""11000100"":7,""10110110"":11,""11010111"":14,""11010010"":14,""11111011"":18,""01010100"":4,""10111010"":16,""11111010"":14,""11001101"":11,""11001110"":2,""01011110"":2,""11011011"":16,""11011110"":9,""00001111"":2,""11001000"":1,""00011101"":5,""11011000"":7,""11001111"":14,""10111011"":27,""11111000"":12,""11110010"":9,""11110100"":15,""00010111"":3,""01111010"":2,""01100011"":3,""01001000"":2,""11010110"":12,""01000000"":1,""10000100"":14,""00110010"":2,""01100101"":3,""11000011"":10,""11110000"":10,""11111100"":11,""01100100"":1,""00100101"":3,""00100011"":4,""00000101"":1,""00010010"":2,""11000110"":8,""00001000"":2,""11000010"":5,""00100010"":1,""01110001"":1,""00010011"":4,""01110111"":2,""00101011"":2,""00110000"":1,""00010100"":1,""01010110"":1,""00000111"":1,""11011001"":19,""01011001"":1,""01111111"":2,""01111101"":3,""01101011"":3,""11001001"":14,""01011010"":1,""00000010"":2,""10111110"":8,""00011001"":2,""00011111"":1,""00011011"":3,""01010000"":1,""01100111"":1,""01010101"":4,""01101110"":2,""00001101"":2,""01011111"":2,""10111000"":7,""00001001"":2,""01000101"":3,""00111111"":1,""00111011"":1,""00101010"":2,""00101111"":2,""01101101"":1,""00001100"":1,""00011100"":1,""00101101"":2,""01111001"":2,""01011011"":2,""01001101"":2,""00111000"":1,""01110011"":2,""01010010"":1,""01100010"":1,""00000011"":2,""00101100"":1,""01101100"":1,""00101110"":2,""00100100"":1,""01101111"":3,""01100000"":1,""00100111"":1,""00110011"":1,""00110101"":1,""00011110"":2,""00000100"":1,""01010001"":1,""01000111"":2,""00001010"":1,""01000010"":1,""01110101"":2,""00000001"":1,""11001100"":4,""00101000"":1,""01101010"":1,""00011000"":1,""00111101"":3,""00110111"":1,""01110110"":1,""00100001"":1,""00001110"":2,""01001011"":1}"
79,x,4000,-0.1319999999999999,0.2865,-0.6575,-0.03649999999999998,0.05400000000000005,-0.11099999999999999,-0.15700000000000003,0.346,"{""11100101"":30,""01001100"":31,""00110100"":33,""00010111"":18,""01000111"":26,""00010110"":6,""01100101"":54,""10000110"":18,""01100111"":35,""10010110"":12,""11110100"":27,""01000100"":30,""01100100"":52,""10001000"":8,""11010100"":5,""01010001"":11,""10001101"":37,""01000101"":32,""10010100"":22,""00100001"":14,""10010101"":28,""01110110"":37,""01110101"":54,""10000100"":20,""00100100"":36,""11110011"":2,""11110111"":21,""00110101"":74,""00111000"":7,""01110100"":49,""01011101"":64,""00100101"":43,""00101000"":11,""01100110"":27,""00100111"":18,""11110110"":21,""01001011"":7,""01011111"":43,""10111111"":3,""01101101"":112,""10000111"":17,""11000101"":25,""01000110"":22,""01010110"":32,""00101111"":36,""10000101"":36,""10110100"":15,""00101101"":62,""00010101"":22,""00110110"":28,""01110000"":13,""00110111"":21,""01110010"":4,""00000110"":11,""10110001"":5,""01011000"":10,""01010100"":42,""01110001"":23,""01010000"":14,""01010010"":5,""10110101"":15,""01010111"":45,""11110101"":34,""10000001"":9,""00111101"":62,""00110000"":8,""00010000"":7,""00010100"":14,""11100110"":9,""00100110"":25,""01000010"":7,""01001000"":12,""10001111"":20,""01111101"":48,""00111100"":30,""00101100"":43,""00001101"":25,""01011100"":49,""10111110"":4,""01111011"":4,""10101100"":15,""01111100"":52,""01101100"":65,""10101001"":4,""01101111"":43,""01001111"":29,""01101110"":36,""10001100"":28,""11101111"":10,""11001111"":24,""00001100"":24,""11111100"":16,""01111001"":13,""00001111"":10,""10101101"":24,""00011001"":2,""11101101"":25,""01001101"":58,""01101001"":22,""10011101"":31,""01001001"":8,""11001101"":40,""01010101"":68,""01111110"":26,""11111101"":28,""01111111"":35,""01000000"":13,""10101111"":9,""10001001"":10,""01001110"":20,""00001110"":16,""01101000"":7,""10011001"":4,""00011111"":15,""00111111"":32,""10001011"":7,""11011110"":8,""01111010"":6,""11101100"":19,""10010001"":6,""00111110"":25,""00101001"":14,""11111110"":17,""11001100"":23,""00111001"":11,""00011101"":26,""11011101"":14,""11111111"":13,""10011110"":15,""10101110"":7,""10011000"":5,""00000100"":19,""10001110"":31,""00011011"":4,""00101011"":7,""10100110"":14,""10111101"":12,""01101010"":7,""11001011"":2,""01011110"":22,""01011001"":11,""00000101"":20,""10011100"":16,""01011011"":11,""00011110"":7,""01000001"":12,""10100101"":21,""10000000"":8,""10010111"":10,""10000011"":4,""11000000"":8,""01110111"":32,""11000001"":6,""11101001"":5,""01110011"":9,""10100111"":11,""10100001"":7,""11000111"":15,""11000110"":18,""01100001"":10,""10110111"":8,""10100100"":15,""11010101"":11,""11010010"":1,""01100010"":6,""00010010"":3,""00000111"":13,""10110110"":5,""10100011"":2,""00101110"":22,""00011010"":3,""10101011"":2,""11001001"":8,""11001110"":17,""01001010"":3,""11101110"":10,""11011100"":4,""01101011"":8,""01111000"":12,""00100000"":10,""00010011"":1,""10111100"":11,""00110001"":13,""11100100"":15,""00110010"":2,""11110000"":9,""11100111"":12,""11100001"":2,""00110011"":1,""01100000"":19,""00011000"":1,""00100010"":3,""11100011"":2,""10100000"":5,""01100011"":10,""01010011"":5,""00000001"":6,""00011100"":13,""11101000"":6,""10011111"":21,""00001010"":3,""10011010"":2,""10011011"":2,""11111001"":6,""00111010"":3,""11011111"":11,""11000100"":18,""00000000"":7,""11110001"":5,""10010011"":2,""00000011"":3,""00010001"":3,""11010111"":2,""00001001"":3,""00001011"":3,""11001010"":3,""11001000"":6,""10111001"":2,""10110000"":2,""11100000"":4,""10100010"":2,""10010000"":4,""11000011"":1,""00111011"":4,""11111000"":5,""10111000"":4,""11010110"":3,""11110010"":2,""00100011"":3,""01000011"":5,""10111010"":3,""10001010"":3,""00001000"":1,""10000010"":3,""11000010"":2,""10111011"":1,""11011001"":2,""11111011"":2,""10101000"":4,""10010010"":2,""00101010"":2,""11011010"":1,""01011010"":2,""00000010"":1}"
80,x,4000,-0.09949999999999992,0.04500000000000004,0.38949999999999996,-0.010499999999999954,0.11150000000000004,0.06000000000000005,-0.08699999999999997,-0.2390000000000001,"{""10000001"":44,""01000010"":20,""10110001"":36,""01000000"":5,""00010100"":7,""10110110"":16,""01111000"":9,""01000011"":9,""01000101"":9,""00000001"":47,""11010001"":28,""10000101"":18,""10110011"":32,""10001100"":11,""01000001"":17,""01000100"":2,""11110000"":32,""11000001"":72,""00111100"":9,""00011001"":18,""11110101"":32,""00110101"":7,""00000101"":12,""11101011"":13,""10110010"":34,""10011010"":10,""11110011"":27,""11100110"":7,""11111011"":43,""10110000"":16,""11110010"":38,""00000111"":12,""01100001"":35,""11000011"":48,""11000000"":40,""00001001"":39,""10100010"":20,""10000010"":30,""11000010"":60,""00110011"":10,""01010010"":9,""01001100"":4,""10010100"":3,""10001011"":32,""11010011"":18,""10110101"":19,""10101100"":12,""10010000"":6,""10000000"":21,""11000100"":15,""01010000"":12,""01100011"":12,""10100011"":22,""11110110"":15,""11110100"":16,""10101010"":25,""00110010"":17,""11100010"":19,""11110001"":43,""11100001"":25,""10000111"":7,""01010100"":5,""00010000"":11,""00010110"":14,""00010010"":17,""11010100"":4,""11000110"":35,""01100101"":10,""10000011"":19,""00011000"":7,""11000101"":49,""00111101"":9,""01110100"":9,""10010010"":7,""11010110"":12,""00000110"":19,""10101110"":10,""11100101"":4,""00101011"":7,""00100001"":9,""10001001"":44,""11010010"":18,""11100011"":11,""01110001"":22,""11001100"":14,""00000010"":35,""11110111"":21,""00001111"":16,""01100000"":26,""10111010"":36,""00000000"":23,""01100110"":15,""10010110"":8,""11111110"":19,""00110001"":14,""10100101"":9,""01000110"":6,""10110111"":11,""10100001"":26,""10000110"":12,""01110011"":11,""01010011"":13,""00110110"":9,""01100100"":5,""01011001"":19,""10010011"":6,""00001000"":25,""00100010"":11,""01100010"":22,""01000111"":3,""00110000"":12,""01110010"":15,""00000011"":23,""11011110"":14,""11001101"":45,""11100000"":8,""00100000"":5,""01010110"":4,""00001101"":19,""00010101"":13,""10011000"":5,""10111001"":48,""01001001"":16,""00001010"":40,""11111001"":45,""10111011"":31,""11001001"":78,""00011100"":3,""00001100"":7,""01101001"":39,""11001010"":64,""11101000"":9,""01011000"":5,""10101101"":15,""00011101"":10,""01111100"":4,""01001010"":14,""00011110"":7,""11011001"":29,""10010001"":9,""00111001"":22,""00011010"":19,""01101000"":18,""01001000"":13,""01011101"":4,""10101001"":33,""01111010"":15,""00010001"":20,""00101110"":3,""01111001"":19,""10101011"":15,""11011101"":11,""01111111"":9,""10011001"":19,""01001011"":13,""10001101"":21,""11001111"":19,""00111010"":22,""11111010"":36,""10001000"":21,""11011011"":12,""11001000"":33,""01101011"":17,""01101010"":22,""01011010"":12,""10001111"":8,""00001011"":26,""11001011"":47,""10111111"":9,""01001101"":14,""11011010"":27,""00110100"":5,""11111100"":11,""10110100"":10,""11010000"":20,""10100000"":17,""00010011"":12,""10101000"":19,""11101001"":14,""11000111"":11,""10100110"":12,""10111000"":24,""10111101"":19,""01010111"":4,""00000100"":11,""11010111"":7,""01011011"":11,""11001110"":19,""01101100"":9,""10111110"":17,""11111000"":10,""00011011"":6,""10111100"":8,""11011000"":11,""11011100"":3,""00101010"":7,""01110000"":9,""01111110"":7,""00111000"":12,""01101101"":20,""10011110"":8,""01111101"":15,""00111011"":15,""11111101"":23,""10001010"":22,""11111111"":10,""01111011"":16,""10011111"":3,""01010101"":9,""10000100"":6,""00001110"":14,""01101110"":11,""00111110"":9,""10011011"":12,""10001110"":10,""01101111"":13,""00101000"":3,""11101101"":7,""01011110"":3,""00111111"":7,""01010001"":8,""00101111"":2,""11010101"":12,""10100100"":5,""01100111"":9,""01110101"":5,""01110110"":9,""10011101"":4,""01001111"":3,""00011111"":3,""11011111"":2,""10101111"":2,""00101101"":1,""11101110"":4,""11101100"":3,""11100100"":1,""01110111"":7,""00110111"":3,""00100011"":4,""00010111"":2,""00100100"":1,""11101010"":11,""00101001"":8,""10010111"":1,""10010101"":3,""11100111"":1,""00100110"":1,""01011111"":4,""11101111"":1,""01001110"":2,""00101100"":2,""10011100"":2,""01011100"":2,""10100111"":2,""00100101"":1}"
81,x,4000,-0.19900000000000007,0.519,0.4215,0.028000000000000025,-0.04699999999999993,0.1945,0.09150000000000003,-0.8234999999999999,"{""10111010"":37,""11101110"":4,""11001001"":126,""11001010"":38,""10101001"":31,""11001100"":22,""11111100"":11,""11001000"":73,""10011000"":66,""10001001"":82,""10011001"":105,""11101000"":35,""10111001"":128,""10111000"":59,""11011001"":59,""11011100"":22,""11001101"":52,""10001010"":24,""10000101"":22,""10001000"":46,""11000000"":74,""10010010"":26,""00001010"":5,""10010000"":74,""10011101"":37,""11101001"":46,""11011000"":26,""10011100"":18,""11101100"":15,""11011101"":41,""01001001"":4,""00011000"":9,""10101101"":21,""11100001"":62,""00111001"":8,""10011010"":24,""11001011"":46,""10101100"":8,""01001111"":1,""00011010"":6,""10111011"":61,""11110000"":23,""11010100"":35,""10001101"":16,""10001011"":23,""10110011"":44,""11111001"":28,""00101010"":2,""11111101"":15,""10101000"":15,""10010001"":118,""10111111"":9,""01011000"":3,""11001111"":10,""10001100"":19,""11001110"":4,""11000101"":38,""00101100"":5,""11100000"":41,""00001110"":2,""10111110"":9,""00111000"":2,""10001110"":7,""11101101"":28,""00001000"":12,""10110101"":56,""10011111"":7,""00111100"":2,""11011010"":9,""10111100"":29,""10100010"":10,""00011001"":7,""11101011"":7,""10111101"":40,""11010101"":37,""11111000"":16,""01010001"":10,""00001001"":17,""01011100"":3,""00001101"":7,""10001111"":5,""11111011"":10,""10110000"":72,""00001011"":6,""00101001"":4,""01101001"":3,""10011110"":7,""10101010"":11,""00001100"":2,""00011110"":2,""01011001"":4,""10110001"":97,""10100000"":24,""00111101"":5,""00010101"":4,""11110001"":44,""11111010"":7,""00110001"":14,""10100001"":43,""00111010"":7,""10100101"":19,""10010111"":9,""01101111"":1,""01001000"":3,""10011011"":10,""11011011"":15,""01111001"":4,""01101100"":4,""01111000"":5,""11101010"":9,""10000100"":14,""11010001"":58,""11010000"":27,""01010000"":2,""10010101"":47,""11000001"":134,""11010011"":14,""00010001"":10,""11110101"":21,""11100100"":17,""11000100"":27,""10110100"":39,""11000111"":15,""10000001"":62,""11000010"":48,""00000101"":10,""10010110"":11,""01110100"":5,""10100100"":20,""11000110"":13,""11110011"":10,""11100110"":4,""10000000"":41,""01000001"":5,""10000011"":20,""11000011"":48,""10000010"":24,""00110101"":3,""11100011"":14,""00110010"":6,""10010011"":14,""00110000"":5,""10000110"":4,""11110100"":11,""10110010"":22,""11110010"":10,""11010110"":10,""11100101"":30,""00000010"":5,""10000111"":5,""00010111"":3,""00011011"":1,""10010100"":18,""00000000"":4,""00010000"":7,""10100110"":2,""10110110"":7,""00000100"":6,""00010100"":3,""00000011"":5,""00110110"":1,""01000000"":2,""00010110"":2,""01010010"":1,""11100010"":9,""01111101"":2,""01011101"":3,""11111111"":4,""01101000"":3,""10101011"":7,""11011110"":5,""11010010"":12,""01001011"":2,""00000001"":9,""10100111"":3,""01000101"":3,""00000111"":1,""00010011"":5,""00010010"":4,""11110110"":2,""00000110"":3,""01100101"":2,""10110111"":5,""11100111"":5,""11110111"":1,""01010011"":1,""11010111"":12,""01110101"":1,""10100011"":7,""00100001"":2,""01011011"":1,""01000111"":1,""00110100"":3,""01100001"":2,""11011111"":7,""00011100"":2,""00111111"":2,""11101111"":6,""10101111"":4,""01101011"":2,""01110001"":2,""01010100"":3,""01111011"":3,""01011110"":1,""01100000"":3,""01101101"":2,""01001100"":2,""00011101"":4,""01111110"":1,""01111010"":1,""10101110"":1,""01100100"":1,""00100000"":1,""00101011"":1,""01100011"":2,""01001101"":3,""01010110"":1,""01010111"":1,""01000010"":2,""00100011"":1,""01110011"":1,""01000011"":1,""01100010"":1,""00101101"":1,""01010101"":1}"
82,x,4000,-0.3759999999999999,-0.3154999999999999,0.09750000000000003,-0.038000000000000034,-0.18900000000000006,-0.05699999999999994,0.122,-0.2955000000000001,"{""01111101"":23,""00110001"":9,""11101111"":26,""01111111"":36,""10001011"":59,""01101011"":21,""10010001"":38,""10011011"":83,""10001110"":17,""10111111"":41,""01110011"":33,""01101001"":13,""01111100"":8,""10010010"":31,""10000011"":52,""01111110"":15,""10111100"":15,""00111111"":18,""00011111"":5,""10101001"":18,""00001011"":13,""11111001"":25,""10011100"":8,""11111000"":13,""11111111"":36,""10101011"":36,""11001110"":10,""10001010"":30,""10011010"":39,""01001010"":7,""01011001"":18,""10011111"":60,""11001010"":9,""11011011"":16,""11101000"":10,""11101011"":31,""10011000"":17,""10000110"":18,""11111110"":23,""10011101"":34,""01111001"":10,""01011011"":44,""10111110"":19,""10001111"":26,""01101110"":11,""10000001"":31,""10001001"":23,""10111011"":63,""10001101"":25,""00111010"":15,""10101111"":43,""10001100"":10,""11111010"":16,""00000110"":5,""01111011"":36,""10011110"":39,""00001010"":3,""10101110"":18,""00101110"":10,""00111011"":33,""11111011"":39,""01011111"":32,""00101101"":6,""01011101"":28,""10111101"":25,""10011001"":40,""11101001"":16,""01001111"":11,""11101101"":16,""10101010"":17,""11011000"":3,""10100110"":24,""10010101"":34,""01101101"":9,""00011101"":6,""10110001"":20,""10111001"":21,""00100101"":4,""01100110"":11,""11110000"":7,""01100011"":22,""01000000"":6,""01001011"":15,""01000001"":12,""01010111"":28,""10010011"":87,""01010011"":53,""11010000"":6,""11110010"":11,""10000010"":19,""10000101"":22,""01100010"":15,""11000000"":6,""01010110"":17,""10010111"":56,""10010100"":25,""11100111"":18,""01010010"":13,""11100011"":29,""10100001"":31,""01100001"":15,""00110101"":10,""10110111"":35,""00100011"":18,""01010101"":13,""10000000"":12,""01100100"":4,""01100000"":4,""10110011"":52,""11010011"":15,""10110010"":28,""10110101"":19,""10000111"":17,""11000001"":8,""11010111"":16,""10100101"":23,""11000011"":15,""01110010"":20,""11100010"":21,""00110000"":4,""10100000"":12,""00111001"":16,""00000000"":4,""11011001"":12,""10010000"":15,""10010110"":31,""01001000"":3,""10100011"":39,""01110111"":23,""11100100"":6,""11010100"":4,""11110011"":37,""11001011"":14,""00110011"":27,""01110100"":7,""01100111"":27,""00100000"":5,""00100111"":14,""11110111"":28,""10110110"":11,""11100110"":9,""00110111"":17,""01000011"":21,""11100101"":11,""11110110"":11,""01010001"":21,""00010011"":13,""10100111"":30,""11101110"":12,""00010001"":6,""10100100"":11,""11011010"":8,""00100110"":4,""00110010"":6,""11100001"":10,""01000110"":5,""00010110"":6,""11000100"":4,""10000100"":4,""00110110"":7,""11111101"":19,""11011111"":21,""00010101"":6,""01101111"":20,""00111100"":5,""01111010"":16,""10101000"":10,""10101101"":24,""00101111"":18,""11011101"":7,""00011001"":4,""11101010"":15,""00111101"":12,""00101011"":15,""11001001"":7,""11101100"":8,""01001101"":9,""11010001"":5,""00010000"":2,""11110100"":6,""01100101"":12,""00000011"":8,""01110110"":12,""11000111"":10,""00010111"":7,""11110101"":27,""01011010"":12,""01110101"":14,""01110001"":13,""11000010"":6,""11110001"":14,""01000101"":7,""10100010"":8,""11111100"":11,""01000010"":12,""01011110"":15,""11010010"":4,""10110100"":11,""00011110"":3,""11010110"":6,""10111000"":7,""11100000"":7,""00011011"":15,""11000101"":5,""00100010"":5,""11001100"":7,""10111010"":23,""01001100"":2,""00111110"":7,""11001101"":10,""01101000"":5,""01111000"":6,""00101001"":5,""10101100"":9,""00101100"":4,""01101010"":7,""11001000"":2,""11001111"":7,""00001110"":4,""01010100"":9,""00000111"":5,""01000111"":6,""10110000"":8,""11000110"":3,""00011010"":6,""00011000"":4,""01001001"":7,""00101010"":6,""10001000"":9,""00001001"":5,""01001110"":5,""00101000"":3,""00001111"":4,""00111000"":2,""00110100"":2,""11010101"":9,""00000010"":8,""01010000"":4,""00010010"":8,""01011000"":4,""00001101"":2,""01011100"":6,""00001100"":3,""00100001"":7,""01110000"":9,""11011110"":4,""01000100"":2,""11011100"":2,""00000001"":6,""01101100"":3,""00100100"":1,""00000100"":1,""00011100"":2,""00001000"":2,""00010100"":1}"
83,x,4000,-0.3205,-0.3095000000000001,-0.1785000000000001,0.007499999999999951,-0.08699999999999997,0.16449999999999998,0.08650000000000002,-0.8145,"{""10100001"":26,""10110110"":36,""10000110"":29,""10000111"":82,""11010110"":30,""11110011"":25,""10010001"":55,""10100111"":58,""01100101"":1,""10100010"":4,""00010111"":22,""11010111"":67,""11000110"":30,""10001111"":87,""11110111"":56,""10100110"":33,""10010000"":42,""10010010"":22,""10110101"":15,""10010111"":122,""10010110"":73,""10000000"":11,""10010100"":29,""11000010"":21,""11110001"":26,""11000000"":19,""11110110"":17,""11010000"":25,""11100111"":65,""11010010"":16,""10110111"":54,""00010101"":3,""10011111"":117,""11100010"":19,""11010001"":30,""11110000"":10,""11000100"":20,""10110000"":19,""10110100"":16,""10110001"":34,""10000011"":23,""11100001"":29,""11100101"":5,""01010111"":7,""10100100"":16,""11000011"":24,""01010000"":2,""11000111"":65,""10000001"":24,""10100101"":6,""11001111"":72,""01000001"":3,""10100000"":6,""10110011"":25,""11111011"":26,""11101111"":72,""10010011"":48,""11100110"":39,""00111000"":2,""10111110"":30,""11110100"":12,""01011000"":3,""11011111"":79,""10000101"":6,""00111110"":3,""10111001"":33,""11001110"":26,""11110101"":16,""11010100"":21,""10001011"":40,""10001110"":21,""11000001"":25,""00100111"":6,""10100011"":16,""10111011"":27,""00110000"":1,""00100011"":3,""10001001"":43,""10011110"":49,""00010000"":4,""10111100"":17,""11100100"":17,""11010101"":16,""10000010"":13,""00110111"":7,""01110001"":1,""10011001"":53,""01111111"":8,""11011011"":37,""10111111"":76,""10101011"":20,""11111100"":9,""11101001"":28,""00110011"":2,""11111001"":24,""11101011"":29,""11001000"":10,""00010110"":6,""10011011"":51,""01101011"":4,""00011100"":6,""11101100"":18,""11001001"":47,""11111111"":61,""01101110"":5,""11001011"":44,""10101111"":56,""11011110"":24,""11101010"":8,""11101110"":23,""11001101"":10,""10000100"":22,""10011100"":17,""11111101"":12,""11111000"":11,""10101001"":23,""10011101"":17,""00000111"":12,""10111101"":9,""00000001"":4,""10101101"":14,""10101110"":24,""00011001"":8,""10001100"":12,""01001111"":6,""10111010"":10,""01101111"":9,""11011001"":32,""00001111"":4,""11101000"":15,""00001000"":3,""00001100"":3,""00001110"":2,""00111011"":6,""11011000"":19,""01001001"":4,""01011001"":3,""11011100"":17,""11111110"":25,""10101000"":9,""01010001"":5,""10011000"":21,""10010101"":15,""11001010"":14,""10101010"":7,""01101101"":2,""00010001"":11,""00100100"":2,""01001011"":4,""00101001"":3,""00100001"":2,""00110010"":1,""00100110"":3,""11100011"":26,""01000111"":5,""11010011"":28,""10110010"":11,""11100000"":24,""00000110"":6,""01100001"":3,""10001000"":11,""00110100"":1,""00001001"":6,""00101100"":1,""00101000"":2,""11101101"":6,""00011010"":5,""11001100"":18,""10111000"":16,""10011010"":10,""00011011"":4,""10001101"":8,""01001110"":3,""11011101"":16,""01000100"":1,""01100111"":4,""11110010"":7,""11000101"":7,""00101111"":6,""01110011"":1,""00000010"":3,""00100000"":2,""00110001"":1,""11011010"":5,""00011110"":5,""01111011"":5,""00011101"":4,""01011111"":4,""00111111"":2,""10101100"":12,""10001010"":15,""00001011"":7,""00011111"":12,""00001010"":1,""11111010"":9,""00000011"":5,""01100010"":3,""01111110"":1,""00010100"":3,""00011000"":4,""01101010"":1,""01111001"":2,""01100000"":3,""00000101"":3,""01111100"":1,""01101001"":5,""00010011"":4,""01100110"":6,""01001100"":1,""01111101"":1,""01011011"":3,""00000000"":1,""01110110"":4,""01111010"":1,""00111001"":2,""00000100"":1,""01110111"":4,""01010110"":3,""00110110"":2,""01010011"":3,""01100100"":1,""00101101"":1,""01011110"":1,""01101000"":1,""00111101"":1,""01000011"":2,""01000010"":1,""01000110"":1,""01110101"":1,""00101011"":2,""01110100"":1,""00101010"":1}"
84,x,4000,0.30200000000000005,-0.32400000000000007,-0.36450000000000005,-0.0004999999999999449,-0.2789999999999999,0.04749999999999999,-0.1995,-0.1379999999999999,"{""01010110"":21,""11011010"":15,""10001001"":4,""00111110"":61,""11101110"":47,""00011100"":28,""11101000"":6,""11001101"":21,""11010111"":20,""01001110"":51,""11011110"":87,""01011110"":28,""00101110"":32,""01111110"":44,""00011001"":8,""11101010"":12,""11001100"":18,""11111000"":36,""00011110"":78,""00001010"":8,""11111111"":29,""10111000"":2,""11010010"":17,""00111001"":4,""10001110"":32,""01011010"":6,""01111100"":12,""01110110"":39,""11011100"":17,""11111110"":135,""00110010"":14,""00011000"":12,""11011111"":18,""11111010"":35,""00001110"":23,""00010110"":67,""00111100"":21,""11001111"":19,""01111011"":13,""10011011"":16,""00101100"":8,""00000011"":14,""11001110"":65,""10101100"":6,""11111011"":37,""11011011"":29,""00001011"":17,""11111001"":14,""01001100"":13,""01011100"":9,""00101101"":6,""11101101"":8,""00111011"":12,""00001000"":10,""11010110"":79,""01110011"":17,""00111101"":16,""10111110"":19,""11110110"":150,""11111100"":39,""10001011"":6,""10011000"":12,""11111101"":34,""11110101"":34,""01101010"":4,""11101001"":5,""11011101"":17,""10011110"":45,""11001010"":12,""00011101"":17,""10001100"":6,""01101100"":13,""01010111"":10,""11110011"":46,""01111001"":6,""01111000"":10,""00111111"":13,""00011111"":24,""01001101"":9,""10011111"":11,""00100010"":6,""01001010"":11,""10101110"":21,""10110001"":2,""01111101"":15,""01011011"":9,""01011111"":6,""10011101"":10,""01101000"":7,""00011010"":14,""11101011"":14,""11011000"":22,""00011011"":24,""11101100"":9,""11000111"":13,""10111001"":3,""01101111"":6,""10011100"":11,""01001011"":18,""00110110"":61,""10010010"":12,""11110111"":30,""00110101"":25,""00101001"":4,""00111010"":9,""00010011"":25,""10100110"":20,""01101110"":17,""00100101"":5,""11011001"":5,""00010100"":33,""11110100"":31,""11001000"":18,""10011010"":7,""11001011"":19,""00101011"":5,""00001100"":11,""00001001"":3,""11100001"":2,""00100001"":3,""10101011"":6,""01011101"":10,""01111111"":8,""10010001"":2,""00110011"":18,""11100111"":6,""10100000"":6,""11100000"":10,""00110100"":19,""10000111"":11,""01000110"":41,""00000110"":30,""00010001"":12,""00000010"":11,""11000000"":13,""11010011"":24,""11100110"":39,""00010000"":18,""01110101"":15,""11000010"":10,""11100011"":21,""00000111"":7,""10000101"":16,""10000011"":13,""11000100"":16,""11000110"":65,""01100010"":3,""01110100"":6,""00010111"":15,""00110000"":12,""00010101"":27,""01010000"":4,""11010101"":33,""00100011"":6,""11110001"":18,""10000110"":17,""00000101"":9,""10010111"":8,""10100011"":7,""11000101"":15,""01000111"":9,""10110110"":16,""00110111"":12,""01100110"":20,""11100010"":6,""01110111"":14,""01100101"":8,""10010110"":51,""01010100"":6,""10001101"":4,""11000001"":9,""01000011"":7,""10000100"":7,""00100100"":5,""00100110"":24,""00000100"":20,""01010101"":8,""11000011"":31,""01110000"":12,""11100101"":5,""11110000"":27,""00010010"":10,""11110010"":27,""00100000"":6,""10100100"":7,""10100010"":3,""00100111"":5,""11100100"":14,""11010100"":21,""11010000"":19,""10100111"":3,""10000000"":4,""10110111"":1,""01101001"":2,""01110010"":8,""01110001"":4,""10010101"":17,""00000000"":5,""01000000"":14,""00101010"":6,""00110001"":8,""01001111"":7,""10110011"":5,""10110101"":6,""01000100"":12,""10110000"":4,""10010100"":11,""01000101"":7,""10010011"":13,""01010011"":5,""00000001"":1,""10111100"":7,""11010001"":7,""01100001"":5,""10110010"":3,""01100011"":6,""10100101"":6,""01000001"":3,""01010010"":7,""10100001"":1,""10000010"":3,""10001111"":4,""10001000"":8,""10000001"":2,""01001001"":2,""10001010"":3,""01100000"":2,""01100100"":4,""01001000"":8,""00101111"":6,""01011000"":3,""10101101"":9,""10101111"":5,""01111010"":8,""00101000"":4,""00111000"":8,""01101011"":3,""11001001"":5,""10111010"":5,""00001111"":2,""01101101"":6,""00001101"":9,""10111111"":2,""11101111"":6,""10111011"":2,""10101010"":4,""10101000"":4,""01011001"":1,""10011001"":4,""01000010"":6,""10110100"":5,""10010000"":3,""10111101"":2}"
85,x,4000,0.15000000000000002,0.5329999999999999,-0.716,-0.0020000000000000018,-0.10000000000000009,-0.254,0.36450000000000005,0.4135,"{""00000101"":54,""00010100"":61,""00100000"":19,""11100110"":11,""11001101"":38,""00100110"":36,""01000110"":19,""00000100"":53,""11110000"":7,""00000000"":8,""00000110"":25,""00100001"":21,""10001101"":27,""00110000"":31,""00000011"":1,""11000101"":37,""00010101"":61,""00001100"":48,""00110100"":186,""01110100"":23,""00110110"":80,""11101101"":20,""00100010"":3,""11110100"":74,""00010110"":38,""11010100"":19,""10010100"":10,""11000100"":27,""00110001"":22,""10100100"":21,""00110101"":141,""11101111"":4,""11110001"":9,""00011010"":9,""11110101"":66,""00110011"":10,""10100110"":4,""11000111"":6,""11110110"":26,""11100100"":19,""00100101"":100,""00101010"":9,""00100011"":6,""00100100"":92,""01111110"":10,""00111100"":213,""11000110"":13,""01100111"":2,""11101100"":29,""01101100"":11,""01000010"":6,""00111110"":71,""11011100"":18,""00101100"":110,""00110010"":9,""01000100"":41,""10000100"":17,""01100100"":10,""01000101"":60,""00010000"":11,""11100101"":17,""01100001"":3,""10100111"":4,""10000111"":3,""10000101"":24,""10111000"":2,""00011110"":28,""10010001"":5,""10100010"":2,""10010111"":3,""00111101"":147,""00011100"":54,""10011110"":5,""10010000"":2,""00010111"":7,""10100101"":17,""00101101"":88,""10111110"":8,""11010001"":3,""01000111"":6,""11111110"":29,""10101101"":12,""01001101"":37,""10000011"":1,""00011001"":9,""00010001"":11,""01110101"":31,""00110111"":19,""10010101"":7,""00001011"":1,""00111111"":29,""01111101"":16,""11111101"":56,""11001100"":33,""10111100"":21,""00111001"":23,""00011101"":62,""00001001"":14,""11111111"":5,""00011111"":7,""01101110"":2,""00111011"":6,""10001100"":20,""01001110"":18,""10101110"":9,""00101111"":16,""11111000"":10,""11111010"":3,""01001001"":2,""00001101"":56,""11001001"":10,""11111100"":59,""01011100"":4,""01111100"":26,""10011101"":12,""01000000"":12,""11011110"":3,""00001110"":32,""11001000"":5,""10110100"":12,""01101000"":2,""10110101"":16,""10110110"":6,""11010110"":6,""01010100"":3,""00000001"":5,""10000110"":9,""00000111"":11,""01100000"":1,""00111000"":36,""00100111"":17,""00111010"":13,""01001100"":53,""01100110"":5,""00101110"":50,""11011101"":13,""01001010"":3,""10001000"":2,""10011111"":1,""10011000"":5,""00101000"":12,""10111101"":16,""00011000"":12,""01001000"":10,""00001000"":13,""11001110"":14,""11010101"":12,""11110111"":9,""10111011"":1,""10100000"":3,""10110111"":3,""10100011"":1,""01010101"":6,""01010001"":1,""11100111"":4,""11101000"":3,""00001010"":2,""01011110"":2,""10101100"":13,""01001111"":10,""10111010"":4,""11101010"":3,""11011000"":5,""11011010"":2,""01011101"":3,""00101001"":13,""11101110"":11,""10110001"":3,""11000001"":5,""01110110"":11,""01111001"":1,""10011100"":6,""10001011"":1,""11011001"":2,""10001110"":5,""11011111"":2,""11111001"":8,""00001111"":6,""10101111"":4,""01101101"":4,""01011111"":1,""01100101"":5,""10011001"":3,""10000001"":3,""10111001"":2,""00101011"":4,""01110111"":6,""11100010"":3,""10111111"":2,""11000010"":1,""01110011"":1,""10010110"":5,""10101001"":1,""01001011"":1,""11001111"":3,""10101000"":2,""11000000"":2,""01011010"":1,""11001010"":1,""11111011"":2,""01011000"":1,""11110010"":4,""10000010"":3,""10001001"":4,""01010110"":2,""10110000"":1,""00000010"":3,""10110010"":2,""01110010"":2,""10110011"":3,""10010010"":1,""10101010"":1,""01011001"":1,""11110011"":4,""11100001"":3,""10001010"":2,""01000001"":4,""10100001"":1,""11101001"":3,""01010111"":1,""00010011"":2,""11010000"":1,""00010010"":4,""11000011"":2,""01010000"":1,""10010011"":2,""01110001"":1,""10011011"":1,""01111000"":2,""00011011"":1,""10000000"":1,""01111111"":1,""10011010"":1,""11100000"":1,""01111010"":1}"
86,x,4000,-0.32499999999999996,0.136,-0.3939999999999999,0.02300000000000002,-0.15749999999999997,-0.08850000000000002,0.04700000000000004,-0.8285,"{""10111111"":62,""10101101"":52,""11101100"":21,""10101100"":53,""01101001"":2,""11111111"":79,""01111111"":5,""10101010"":3,""10011111"":110,""11110001"":47,""11111101"":44,""11011111"":93,""10111101"":36,""11111011"":13,""11111110"":15,""10011101"":57,""11001111"":53,""10010111"":72,""11101101"":19,""10011100"":44,""11001001"":29,""10111100"":34,""11101001"":12,""11001100"":35,""10111000"":37,""11010010"":8,""10100111"":88,""01001101"":3,""11100011"":2,""10100100"":61,""11101111"":63,""10101011"":13,""11011001"":50,""01011001"":2,""00111001"":5,""01101111"":5,""10111001"":35,""11111000"":21,""11111100"":44,""01001111"":4,""00111111"":8,""10100101"":60,""10010101"":52,""10101111"":92,""10110100"":45,""11111001"":52,""10010011"":17,""00100111"":8,""10111011"":12,""11011110"":11,""10101001"":35,""01111000"":2,""01111101"":3,""11011000"":22,""10011000"":20,""10101000"":18,""11010001"":31,""11100111"":53,""10001001"":11,""11010111"":71,""00000101"":6,""11011101"":43,""01111001"":2,""00110101"":3,""10001111"":27,""10011001"":35,""10011010"":2,""11011100"":38,""10011110"":23,""11000011"":11,""00110110"":2,""10001101"":9,""10100000"":36,""10001100"":10,""11001110"":17,""10001011"":4,""11000001"":19,""11110111"":91,""01011000"":1,""00011100"":8,""10010001"":46,""00111000"":1,""10001000"":8,""11000111"":67,""11000100"":38,""10110111"":67,""11110101"":34,""11000101"":39,""10100001"":51,""11010110"":17,""11000000"":23,""11100000"":18,""10110011"":17,""11110100"":39,""11100110"":9,""10010000"":28,""11100101"":41,""00010011"":2,""10110110"":17,""10010110"":20,""10010100"":47,""00000111"":3,""01110111"":2,""11100100"":29,""10100011"":22,""00000100"":4,""10100010"":4,""11010011"":11,""10100110"":33,""00010000"":7,""01110000"":4,""01000000"":2,""10110001"":40,""10110101"":46,""01110100"":5,""00010111"":16,""11110000"":40,""00010100"":5,""01000001"":4,""11010100"":44,""11000010"":4,""10000101"":10,""10110000"":26,""00100101"":7,""11000110"":21,""01101101"":3,""11001011"":7,""00101111"":10,""00101100"":3,""11101010"":2,""00101001"":5,""00001111"":4,""00011001"":5,""11001101"":35,""11101000"":9,""00011111"":14,""11001010"":4,""11010101"":30,""00010101"":4,""00110111"":3,""01010111"":5,""10000100"":12,""01010001"":4,""11010000"":24,""01100111"":6,""10000111"":17,""11011011"":10,""01111100"":3,""10101110"":27,""00001101"":9,""11001000"":16,""00001001"":3,""10111110"":13,""11101110"":12,""10011011"":10,""00011011"":5,""11011010"":5,""10110010"":5,""00010110"":3,""01011110"":3,""11101011"":9,""10000011"":5,""01111011"":1,""00111101"":1,""00100001"":9,""00111100"":2,""01110110"":2,""01000110"":2,""11110011"":12,""00010001"":9,""01000011"":2,""01000100"":1,""00000110"":1,""00100000"":3,""11110110"":9,""11100001"":17,""01010101"":1,""01100100"":3,""10000001"":10,""00001100"":2,""01011101"":1,""01101011"":2,""00011101"":6,""00101101"":7,""00101110"":4,""11100010"":4,""00100100"":6,""01110101"":4,""00000001"":4,""10000110"":3,""01101100"":2,""01000111"":3,""10001110"":5,""01110001"":2,""10000000"":4,""01010011"":2,""10111010"":3,""11111010"":5,""01001100"":2,""00101011"":1,""01100011"":2,""10010010"":3,""00110001"":5,""00011000"":3,""00001000"":2,""11110010"":2,""00011110"":1,""00101000"":3,""00001011"":2,""00110100"":2,""01011111"":3,""00000000"":1,""01000101"":1,""01100110"":2,""00100110"":2,""01100001"":2,""01100101"":1,""00111011"":1,""01001001"":1,""01111110"":1}"
87,x,4000,-0.3979999999999999,0.32399999999999995,0.09199999999999997,0.016000000000000014,0.18799999999999994,0.11150000000000004,-0.1915,0.264,"{""00010101"":54,""10000011"":11,""01100101"":63,""01000101"":43,""01110010"":9,""01010001"":41,""10000100"":14,""01100001"":59,""10010111"":12,""10000101"":29,""01100010"":26,""00100001"":49,""01010111"":19,""01011011"":31,""10010101"":27,""01110111"":4,""01000001"":70,""00010000"":8,""00100100"":22,""00010001"":33,""01100100"":29,""11010001"":9,""10011101"":38,""11100001"":30,""10110101"":13,""01010101"":78,""10100101"":22,""00101001"":25,""11010010"":3,""01010100"":22,""11011111"":4,""00010011"":15,""11111100"":13,""10001000"":12,""11100110"":6,""10111010"":6,""01000011"":47,""01011101"":63,""00100011"":22,""00110101"":11,""01000100"":25,""11110111"":3,""00000101"":13,""01110011"":18,""11100100"":18,""10010100"":24,""01010011"":33,""11100101"":44,""11001000"":4,""00000000"":13,""11010101"":26,""10000110"":3,""00110001"":16,""00000100"":8,""11010011"":10,""01110101"":18,""11100111"":10,""10011111"":7,""10110011"":11,""10010001"":9,""00100111"":9,""01100111"":11,""00000011"":16,""01100011"":37,""01000000"":24,""10000010"":13,""01110001"":28,""00100110"":6,""11010100"":14,""11000010"":9,""00010100"":12,""01011000"":26,""01100000"":22,""01001101"":57,""01111110"":3,""00011101"":49,""00011011"":19,""10011011"":9,""00101111"":8,""10101011"":20,""10001101"":27,""11001101"":19,""01001010"":19,""10110111"":2,""01001001"":61,""00101100"":10,""00001001"":39,""11101011"":19,""01101001"":36,""10111001"":16,""11111101"":23,""01001011"":53,""01101110"":8,""00001111"":11,""01011001"":32,""00001011"":32,""11101100"":15,""10101001"":16,""11011101"":22,""11111010"":10,""00001101"":23,""01001111"":26,""10100111"":9,""11101110"":7,""10111101"":13,""10001001"":31,""01101101"":60,""11001011"":24,""00001000"":19,""00101011"":25,""01101011"":27,""11011011"":10,""10101000"":6,""01011010"":17,""11101001"":32,""10111000"":4,""01001000"":33,""11111011"":11,""11101101"":48,""11111001"":24,""10101101"":15,""00011001"":19,""00101110"":6,""00011010"":11,""01001100"":16,""11101111"":9,""11100011"":12,""00100000"":10,""00001100"":11,""10000001"":32,""10001011"":23,""10111011"":8,""00110011"":10,""00000001"":27,""00010010"":13,""10100100"":9,""01010000"":13,""11000101"":13,""10010000"":5,""11100000"":7,""11110101"":20,""11000001"":24,""00100010"":22,""01111001"":20,""10110001"":9,""01000111"":16,""01011100"":28,""00100101"":41,""10100001"":13,""00000111"":9,""11110000"":6,""11100010"":13,""00011100"":14,""01010110"":8,""11110011"":13,""01011111"":14,""00010111"":7,""10111110"":1,""11000100"":8,""10001010"":11,""00110100"":5,""11000000"":6,""00000110"":4,""00110010"":7,""01000010"":19,""11110010"":12,""01111011"":21,""11000011"":16,""01010010"":12,""01100110"":8,""11110001"":23,""10100011"":11,""01110100"":13,""00101000"":9,""00110000"":5,""01110000"":10,""01101000"":17,""11011001"":16,""10000000"":9,""00011000"":8,""10110100"":8,""10010011"":14,""10110110"":2,""00000010"":10,""00001010"":10,""11001111"":7,""10011010"":8,""10101110"":2,""01111101"":16,""01111100"":6,""01111000"":5,""10111111"":6,""11101010"":8,""11001001"":17,""10011110"":5,""01001110"":10,""01111010"":11,""10011001"":12,""00101101"":37,""01011110"":6,""00011110"":5,""00111100"":5,""00111001"":12,""11111000"":17,""00011111"":6,""00101010"":13,""01111111"":1,""10001110"":3,""10000111"":2,""01000110"":12,""01101111"":12,""01101010"":15,""01110110"":1,""00111011"":7,""11011100"":6,""10111100"":4,""11111111"":5,""10011000"":8,""10110000"":5,""11010110"":1,""11010111"":2,""10101010"":4,""11011110"":3,""10011100"":11,""11111110"":5,""11011000"":6,""10101100"":6,""10001111"":6,""11011010"":2,""10010010"":2,""11101000"":7,""10101111"":11,""01101100"":15,""10100010"":5,""00111000"":2,""00111010"":3,""10100110"":2,""00010110"":2,""11110100"":6,""11000111"":5,""10100000"":6,""00110110"":2,""11010000"":3,""11001010"":7,""10110010"":4,""00111111"":1,""11001100"":7,""00111110"":1,""10010110"":2,""00110111"":2,""11001110"":1,""10001100"":4,""00001110"":2}"
88,x,4000,0.3095,0.506,-0.7055,0.006000000000000005,0.20950000000000002,-0.011500000000000066,0.11750000000000005,-0.3374999999999999,"{""10100100"":111,""00100100"":41,""10010101"":34,""11111110"":27,""00100101"":19,""11100100"":63,""01110101"":20,""10101100"":72,""10000010"":6,""01110100"":36,""10100110"":30,""00000100"":60,""10000100"":102,""11000100"":85,""01100000"":4,""11100101"":27,""10110100"":58,""11110100"":78,""11000110"":26,""10010110"":32,""10100101"":51,""00000101"":45,""00000110"":27,""01000100"":39,""00000001"":8,""10110111"":11,""11100010"":4,""00010110"":15,""11110110"":39,""10000101"":50,""11100110"":28,""01111110"":13,""01010000"":3,""00010100"":28,""10000001"":20,""01100100"":32,""01000101"":15,""01000000"":2,""10010100"":49,""10000011"":3,""00110100"":25,""10000110"":49,""11010110"":8,""10001100"":98,""01010100"":13,""11000010"":7,""01110110"":15,""10110101"":37,""10110110"":21,""00010101"":18,""10010000"":13,""10100001"":7,""11111100"":90,""01111100"":40,""01100101"":17,""01100010"":4,""10110000"":9,""01111101"":28,""10011100"":48,""10111100"":42,""11111000"":7,""00001101"":39,""10101101"":50,""00011101"":20,""01001000"":3,""11001011"":4,""01001101"":19,""01001100"":28,""10001110"":38,""10001101"":80,""10101000"":15,""00011100"":26,""10011101"":43,""10011000"":6,""11101100"":65,""11111101"":46,""01001110"":14,""00101101"":17,""11101110"":39,""11101101"":45,""00101100"":37,""11010100"":13,""11001101"":49,""01011101"":18,""10011110"":21,""11001001"":7,""11001000"":15,""00001010"":5,""01001001"":6,""10111110"":18,""10011001"":5,""11111111"":11,""10100010"":5,""11011111"":3,""10111011"":2,""01110111"":5,""01101100"":23,""01001111"":6,""00001000"":11,""00001100"":56,""00001111"":9,""00111101"":18,""10001001"":9,""11001100"":81,""11011101"":11,""10101111"":9,""10111101"":38,""10011111"":10,""11001110"":32,""01101101"":20,""01111000"":13,""10111111"":7,""01110000"":7,""00011010"":1,""00111100"":14,""11101000"":13,""00111110"":11,""01101001"":4,""00001110"":31,""11111010"":4,""11110101"":56,""11010000"":3,""00101110"":16,""01111111"":9,""10111001"":7,""10101110"":28,""10101010"":3,""11011110"":6,""11000000"":7,""11001111"":9,""11011010"":2,""10111010"":3,""10001111"":7,""00111000"":6,""10101011"":2,""00111111"":3,""10100000"":15,""10000000"":20,""10010011"":1,""00110110"":7,""11110001"":7,""11000101"":41,""00100001"":2,""11010001"":4,""00110101"":16,""10001000"":18,""10010010"":9,""11110010"":5,""11110000"":16,""11110111"":5,""01100110"":14,""00000000"":11,""01100111"":2,""10001010"":6,""01011100"":15,""11000001"":3,""11011000"":5,""11001010"":10,""10011010"":4,""00100110"":9,""01001011"":2,""00011111"":4,""00000010"":9,""01101110"":9,""01101111"":3,""00011110"":9,""01001010"":1,""10001011"":5,""00011001"":1,""01111001"":4,""11011100"":9,""11100111"":6,""10111000"":9,""01011000"":2,""01011110"":5,""01111010"":2,""01010101"":9,""10101001"":9,""00000111"":5,""00101001"":3,""00001001"":8,""00101000"":6,""01011001"":2,""00111001"":2,""00011000"":5,""01011111"":4,""01101010"":2,""01101011"":1,""01101000"":1,""11101001"":7,""00101111"":5,""11101010"":3,""11011001"":2,""11111001"":9,""01000110"":11,""00010010"":4,""11010101"":8,""00100000"":3,""10010001"":6,""11100011"":2,""10110010"":3,""01000111"":3,""00010000"":6,""11010010"":1,""11100000"":13,""11000111"":7,""10100111"":4,""10010111"":8,""01010111"":1,""01110001"":5,""11110011"":3,""10110011"":2,""00100010"":3,""11000011"":2,""01010010"":2,""01000010"":3,""01010110"":6,""00010001"":3,""10110001"":1,""00100111"":5,""01000001"":3,""00010011"":1,""00110000"":4,""11100001"":4,""01010001"":2,""00110111"":3,""11010111"":3,""01100011"":1,""11111011"":1,""11101111"":1,""10011011"":1,""01110010"":5,""00010111"":3,""00100011"":2,""10000111"":5,""11010011"":1,""11101011"":1,""00000011"":1,""10100011"":1,""00110011"":1,""00011011"":1,""00110010"":1}"
89,x,4000,-0.1795,0.01649999999999996,-0.10749999999999993,0.033499999999999974,0.1895,-0.15149999999999997,0.30800000000000005,-0.6735,"{""11010111"":23,""11100110"":22,""10011011"":12,""00100001"":13,""10100001"":122,""00111011"":2,""10010110"":44,""10110110"":40,""00000101"":9,""00010111"":14,""11000001"":65,""10010111"":31,""00110110"":4,""11011110"":34,""00110001"":4,""10000001"":16,""10111010"":23,""10110100"":20,""11011101"":19,""01001000"":3,""10100110"":137,""10110001"":47,""11010011"":14,""00100110"":9,""10100101"":114,""11100001"":23,""10010000"":19,""10000101"":22,""10100111"":92,""10111111"":31,""11010001"":36,""00000011"":3,""10111001"":46,""10100010"":50,""10000100"":7,""00101110"":12,""11110101"":9,""11010000"":20,""10110111"":23,""11000011"":12,""01100000"":8,""10100011"":44,""10100100"":51,""01100001"":21,""00100101"":13,""10110010"":12,""00010001"":16,""11100111"":19,""10111011"":15,""01010011"":6,""11011000"":12,""11010110"":36,""01111101"":1,""10110101"":37,""01000111"":2,""10000111"":13,""11001000"":13,""11110111"":4,""10010101"":26,""10101111"":104,""01100101"":7,""10010001"":39,""00110100"":1,""01100100"":4,""11100100"":5,""00100011"":4,""11000111"":28,""00010011"":8,""01000101"":1,""10111101"":32,""11100000"":14,""10010010"":11,""11000100"":10,""11100101"":17,""11000101"":24,""00100000"":7,""11100011"":6,""10110000"":10,""10100000"":41,""01010110"":7,""01110111"":9,""11100010"":2,""01100111"":11,""00000001"":9,""11110100"":3,""10010100"":13,""11101000"":8,""00110101"":3,""11111001"":12,""10011101"":30,""10001001"":17,""10000011"":10,""01010101"":3,""01100110"":11,""10000000"":13,""11000000"":9,""11010101"":33,""10000110"":16,""00110111"":4,""10000010"":10,""10011111"":30,""01000110"":4,""01111010"":4,""10111100"":7,""10101010"":45,""10011000"":15,""11110000"":4,""01011110"":6,""01000100"":2,""00100100"":11,""00010000"":3,""11000010"":20,""11111010"":10,""00000010"":4,""01000001"":3,""00100010"":13,""11010010"":22,""11110001"":11,""00110000"":2,""10001111"":23,""01100010"":9,""01110000"":2,""01011111"":8,""01110001"":5,""00010110"":12,""00000110"":9,""10101001"":126,""11001010"":20,""00100111"":10,""11000110"":39,""00000100"":1,""01000000"":1,""11001100"":11,""00001110"":9,""11101001"":30,""10010011"":9,""01110110"":5,""11010100"":20,""10011100"":22,""10011010"":18,""10101011"":45,""10011001"":62,""01010111"":7,""00110010"":3,""11011010"":21,""11011001"":48,""00101010"":6,""10101110"":93,""11101010"":8,""00010101"":8,""10111110"":45,""01101111"":12,""11111101"":7,""11011100"":19,""01011001"":9,""10101101"":71,""01101001"":15,""11110110"":7,""11011111"":37,""01111001"":6,""00011111"":10,""11101111"":15,""11001101"":21,""10011110"":40,""10101100"":31,""01001101"":2,""11101110"":25,""11001110"":30,""01001111"":3,""10001110"":17,""00101001"":13,""11101011"":7,""00001001"":7,""11001001"":44,""11001111"":22,""00011001"":15,""00011101"":7,""00001010"":4,""10110011"":5,""10101000"":33,""01101011"":3,""11111110"":9,""11001011"":12,""00101101"":14,""11111011"":7,""00111100"":2,""11111111"":16,""10111000"":16,""01101101"":6,""00111111"":1,""10001101"":17,""01111110"":4,""00101011"":6,""11101101"":17,""00010100"":8,""10001000"":8,""01010001"":8,""01100011"":3,""01010100"":1,""00011110"":7,""11110011"":3,""01111000"":2,""00001101"":5,""11111000"":3,""00111110"":3,""00101000"":4,""01011101"":5,""01011100"":1,""01010000"":1,""10001100"":4,""01001001"":5,""10001010"":8,""00011000"":5,""00101111"":13,""10001011"":6,""01111111"":3,""01101010"":6,""01011010"":3,""01101100"":4,""00011100"":3,""01011000"":3,""00001000"":2,""00111001"":5,""01101000"":2,""00101100"":4,""00011011"":3,""01101110"":5,""11110010"":4,""00110011"":2,""00010010"":2,""01010010"":3,""11111100"":2,""00000111"":2,""00001011"":1,""00011010"":3,""01110101"":1,""01110010"":1,""11011011"":6,""00111000"":1,""01110100"":1,""01001110"":1,""01111011"":3,""00001111"":2,""01110011"":1,""11101100"":2}"
90,x,4000,0.05049999999999999,-0.13250000000000006,0.11850000000000005,0.008000000000000007,0.12,-0.1884999999999999,-0.006000000000000005,0.029000000000000026,"{""01000111"":19,""11000100"":17,""01011011"":24,""00111110"":32,""11111111"":28,""01011110"":16,""10101110"":25,""11100000"":27,""01111110"":24,""00101110"":20,""01011010"":9,""10001100"":16,""11011001"":2,""10011000"":18,""01111010"":17,""01111101"":13,""01110000"":19,""11101101"":6,""01101000"":29,""01001000"":36,""00001001"":2,""10111011"":22,""01111111"":19,""01011000"":22,""01001101"":14,""10111111"":23,""00110111"":22,""10101000"":23,""10001011"":44,""11001000"":21,""01101001"":13,""11000000"":26,""11111010"":9,""01111011"":27,""00011011"":10,""00111001"":13,""00101001"":18,""11111011"":25,""01111000"":22,""00011001"":4,""00111100"":19,""00100101"":12,""01000101"":10,""10111001"":11,""01000010"":26,""00101100"":23,""01101011"":33,""01001011"":49,""10000111"":14,""00011100"":5,""00011000"":15,""00101011"":43,""00101000"":24,""00101010"":23,""11001100"":13,""10111110"":13,""01110010"":14,""10001111"":11,""10001110"":24,""01000110"":28,""10011110"":20,""00100000"":42,""10011111"":18,""11101110"":10,""01110101"":10,""10101100"":20,""11101010"":12,""01111001"":14,""11101000"":16,""01101110"":14,""01101010"":7,""11001011"":19,""00111000"":28,""00111010"":18,""00101101"":15,""01001111"":30,""11011000"":3,""10001101"":12,""01011100"":13,""01001010"":19,""01111100"":15,""00110100"":23,""01010100"":17,""11001101"":9,""01001110"":18,""11111100"":24,""10011100"":14,""01101100"":12,""10010000"":22,""10011011"":21,""11111110"":19,""01011001"":14,""11101111"":14,""01001100"":13,""01000100"":13,""10011101"":8,""01101101"":12,""01100101"":7,""00101111"":26,""10101111"":24,""11100010"":12,""11101100"":11,""10101010"":20,""00011111"":4,""10001001"":11,""11111101"":10,""10001000"":21,""11001010"":16,""01011111"":13,""01000011"":38,""11001001"":7,""10111100"":11,""11101011"":24,""10100010"":16,""11001110"":19,""10111101"":10,""10101001"":13,""00111101"":15,""10110011"":18,""11101001"":9,""00001011"":9,""10100100"":20,""00110001"":15,""10000010"":24,""11110000"":26,""10010011"":20,""01010000"":26,""01100000"":30,""00100011"":40,""01010110"":18,""01100100"":15,""00010110"":3,""01010010"":10,""11100110"":14,""11110111"":13,""00110101"":12,""11100101"":11,""10100001"":14,""11000010"":12,""10100000"":45,""01000000"":34,""01010101"":2,""00111011"":36,""10010101"":9,""11000011"":40,""11110101"":23,""10000100"":22,""01010011"":23,""00100100"":14,""01010111"":13,""11010110"":9,""00110000"":41,""01110110"":15,""01110011"":33,""00110011"":36,""01100001"":9,""10110010"":11,""00010011"":3,""10000011"":25,""10110000"":15,""11110100"":25,""10010110"":16,""10100111"":15,""11100111"":15,""10011001"":5,""11010011"":7,""00000000"":3,""00110010"":19,""10010001"":7,""00000110"":6,""10000000"":28,""11011111"":5,""11000110"":15,""11100011"":18,""10010010"":13,""10000110"":33,""11110011"":32,""01010001"":6,""11110110"":23,""00100010"":25,""10010100"":8,""01110111"":18,""01100011"":23,""11010010"":9,""11001111"":14,""01101111"":21,""10101101"":14,""10001010"":12,""01001001"":13,""10101011"":27,""11111000"":17,""00001110"":2,""11011110"":4,""01011101"":4,""00111111"":20,""00001111"":3,""00001000"":6,""10111000"":15,""10100011"":42,""01000001"":15,""11111001"":16,""00100001"":8,""00010010"":5,""11010000"":6,""11000101"":11,""01100111"":17,""00110110"":22,""01110100"":13,""00000010"":4,""01100010"":13,""00100110"":25,""00100111"":22,""00010000"":12,""10100101"":11,""10000001"":12,""10010111"":20,""10110100"":11,""01100110"":20,""00010100"":3,""00000011"":6,""00011010"":3,""10011010"":10,""10111010"":5,""00000101"":5,""00011110"":4,""00000100"":5,""00011101"":5,""11000111"":15,""11100001"":7,""10110111"":13,""00010001"":2,""11010101"":2,""11110001"":9,""11000001"":9,""00000001"":3,""10100110"":21,""11100100"":11,""10110001"":4,""11110010"":12,""00000111"":4,""10110110"":10,""11011100"":3,""00001100"":3,""11011011"":4,""10110101"":3,""00010101"":4,""01110001"":5,""11010100"":3,""00001010"":1,""11010111"":2,""00001101"":4,""11011101"":2,""10000101"":5,""11010001"":2,""00010111"":1}"
91,x,4000,-0.07600000000000007,-0.27849999999999997,-0.45799999999999996,-0.006999999999999895,0.129,-0.21350000000000002,-0.23399999999999999,-0.21599999999999997,"{""10110111"":38,""01100000"":7,""11100100"":25,""11100111"":85,""11100101"":18,""00001000"":3,""11000101"":32,""01111001"":14,""11000111"":119,""01010101"":2,""00110100"":21,""01110111"":52,""10100100"":20,""10100111"":47,""00000110"":20,""00100111"":37,""11100001"":17,""11000000"":13,""00010111"":9,""11000100"":45,""10011000"":3,""11000110"":53,""10010101"":5,""00110111"":57,""11100110"":32,""00100110"":25,""11000011"":21,""11110111"":61,""10111000"":6,""01100111"":44,""11010111"":56,""11010101"":12,""10101111"":45,""01100100"":23,""10101001"":12,""11110101"":10,""11110001"":14,""00000101"":8,""00000100"":7,""01100110"":33,""00000111"":21,""01010111"":16,""00100101"":11,""10100000"":6,""11110110"":31,""10000101"":3,""00100100"":15,""10000001"":4,""11001010"":28,""10110101"":18,""10000011"":2,""10110100"":16,""01101001"":10,""01100001"":20,""10100110"":22,""10110110"":28,""00110110"":31,""01110101"":11,""11000001"":26,""01100101"":11,""00110001"":21,""01110110"":29,""00111101"":11,""00100010"":2,""00101100"":24,""00010110"":7,""10010110"":10,""01110100"":19,""11001011"":15,""01011000"":4,""10101110"":26,""10001010"":9,""11011100"":34,""11101110"":38,""11011010"":21,""01011111"":9,""00001001"":8,""11011001"":16,""00111010"":17,""10111101"":3,""01111101"":4,""10101101"":7,""01101111"":46,""00011001"":1,""01111000"":8,""11111110"":31,""10111011"":9,""10111010"":17,""01101010"":21,""00101110"":39,""00101111"":45,""10101100"":24,""01111100"":21,""11111100"":17,""11101001"":23,""01011110"":7,""10111001"":19,""00111110"":32,""01101000"":9,""11001110"":72,""01011001"":4,""11111111"":29,""11101101"":9,""00111100"":29,""11101111"":53,""10001000"":2,""01111110"":32,""10111110"":16,""11001100"":61,""00111111"":44,""11001000"":14,""11001001"":27,""11001111"":93,""11011111"":62,""01011011"":1,""00011000"":1,""10000110"":12,""01111111"":45,""00001111"":27,""11011110"":39,""10001110"":10,""00001110"":15,""11010100"":21,""00101000"":15,""00101010"":16,""10001100"":10,""00000001"":10,""01101110"":37,""11001101"":11,""01101101"":15,""10101011"":7,""01101011"":13,""00001100"":11,""10111100"":16,""01001011"":3,""10011101"":2,""10001111"":15,""00100011"":7,""11110100"":15,""10010111"":24,""11010110"":27,""01010100"":7,""11100011"":9,""01100011"":11,""10110001"":11,""11010000"":2,""00110010"":7,""10110000"":6,""01000111"":12,""10010001"":4,""10000111"":21,""01000101"":4,""01110010"":8,""10111111"":28,""10010000"":5,""11010011"":9,""11010001"":26,""00100000"":7,""00100001"":7,""00110101"":14,""11100010"":12,""11111011"":10,""10011111"":14,""11010010"":9,""01110001"":17,""00110000"":7,""01000110"":11,""10100001"":18,""11100000"":8,""00000011"":2,""00001011"":4,""11110000"":3,""00010000"":5,""11000010"":14,""10011110"":11,""11101100"":37,""01100010"":6,""11110011"":12,""01110000"":8,""11101010"":17,""00101001"":13,""01001110"":5,""01111011"":7,""00001010"":5,""01001111"":10,""11111000"":5,""00011110"":6,""10101000"":11,""10011100"":11,""00111001"":19,""10000000"":5,""01000011"":2,""10100101"":14,""10110011"":8,""00110011"":9,""10000010"":2,""10110010"":6,""10010100"":8,""00111011"":8,""01110011"":11,""01000100"":4,""01010110"":5,""11101011"":10,""01011100"":6,""01001100"":9,""00011111"":5,""11111001"":17,""11101000"":11,""11011000"":11,""01101100"":21,""11011101"":8,""00101011"":6,""00111000"":4,""01000010"":3,""00000010"":4,""11111010"":10,""01001010"":5,""10001101"":4,""00011101"":1,""01001101"":2,""00011100"":6,""01001000"":3,""01000001"":2,""11111101"":6,""10011010"":2,""10100010"":4,""10000100"":6,""11011011"":15,""01011101"":3,""01001001"":4,""00101101"":3,""10010011"":3,""01111010"":9,""10011001"":3,""11110010"":7,""01010011"":2,""10001001"":5,""10100011"":6,""01011010"":2,""01010001"":3,""01010010"":1,""10010010"":1,""10101010"":6,""10011011"":2,""00001101"":2,""00010010"":1,""01010000"":1,""00010100"":2}"
92,x,4000,-0.39349999999999996,-0.09149999999999991,-0.7,0.05700000000000005,-0.15749999999999997,0.22250000000000003,0.08099999999999996,-0.8185,"{""10011101"":81,""11111100"":19,""11001100"":24,""11011001"":23,""11011100"":31,""11111101"":47,""01011101"":7,""11001111"":61,""11011111"":101,""10111111"":61,""10000111"":121,""10001001"":18,""11110101"":57,""10100001"":10,""10101111"":46,""10110111"":76,""11001001"":9,""11111011"":5,""11011101"":81,""10101100"":11,""11101110"":33,""10111110"":36,""11101111"":53,""10011110"":56,""10001101"":63,""10010101"":91,""11011110"":46,""00101111"":8,""10011111"":109,""11001101"":48,""10111101"":52,""10001111"":80,""10000101"":82,""11111111"":62,""00011000"":1,""11100111"":57,""10010111"":117,""00001101"":7,""10011000"":7,""10101001"":11,""10001110"":40,""11110001"":13,""00011111"":14,""00011001"":4,""11010101"":68,""10111100"":15,""10011001"":12,""00101110"":4,""11010111"":120,""01111111"":3,""00000100"":6,""00001001"":3,""11101101"":49,""10011011"":7,""10001011"":6,""10111001"":20,""11101011"":5,""00011011"":2,""11111001"":20,""11010110"":60,""00001111"":7,""11101001"":13,""11011011"":14,""11010011"":19,""11011010"":2,""10111011"":8,""10100110"":21,""10001010"":1,""00010101"":16,""10010110"":61,""11101100"":17,""01001100"":5,""11000000"":6,""10101110"":13,""10001100"":28,""10011100"":37,""00101101"":4,""10000000"":13,""10110101"":52,""11111110"":32,""11011000"":10,""11001110"":18,""10000100"":32,""00111111"":5,""10100101"":44,""11110100"":13,""11110111"":61,""00000000"":2,""11000100"":12,""11100100"":18,""11010000"":12,""00100101"":5,""10100100"":28,""00110111"":4,""11000101"":29,""11010001"":24,""10110001"":24,""10110110"":32,""11100110"":26,""10100111"":58,""10000001"":20,""01000111"":7,""00010111"":25,""11110011"":8,""00000101"":8,""10010100"":33,""01100101"":6,""00000110"":2,""11000001"":8,""11010100"":32,""10101010"":3,""11000111"":57,""10101011"":4,""00011110"":7,""10101101"":25,""01101101"":6,""01111101"":8,""10010001"":22,""00011101"":11,""01001101"":4,""10010011"":15,""01001111"":5,""10000011"":10,""11010010"":13,""10000110"":46,""11100010"":5,""11000110"":29,""11110000"":6,""11110110"":27,""01100000"":1,""01010101"":9,""01100100"":3,""10110100"":22,""00100111"":7,""11100001"":7,""10110011"":6,""11100101"":35,""00010110"":8,""01000101"":4,""00010001"":6,""01000100"":6,""11100011"":9,""01110011"":2,""10110010"":5,""01100011"":1,""00000001"":2,""00111101"":4,""00001000"":1,""00001100"":5,""01101110"":2,""11001010"":5,""11111000"":7,""01001110"":2,""00111011"":1,""00101001"":1,""01011001"":1,""00000010"":1,""10011010"":3,""01111100"":4,""10111000"":6,""11001000"":3,""10010000"":10,""01010010"":4,""00110100"":2,""11100000"":6,""11110010"":4,""01100110"":3,""00110101"":3,""01110111"":6,""10100011"":5,""10100010"":5,""00000111"":11,""01010110"":3,""10100000"":3,""01101001"":1,""10001000"":8,""01111110"":2,""01011111"":4,""00111100"":2,""11000010"":4,""11000011"":5,""00100110"":1,""01000110"":3,""10000010"":1,""10101000"":4,""01110100"":2,""01101111"":6,""01101011"":2,""01001010"":1,""00011100"":4,""00000011"":1,""01010111"":2,""00110011"":1,""00010100"":2,""10010010"":3,""00110001"":1,""01011010"":1,""01001001"":2,""11111010"":2,""11101000"":2,""00101011"":1,""11001011"":2,""00100001"":2,""01110101"":3,""01010001"":1,""01000001"":2,""01101100"":2,""00001110"":2,""10110000"":3,""01100111"":3,""00010010"":2,""01011011"":1,""01011110"":1,""01110110"":1,""00010011"":1,""00111110"":1,""00110110"":1,""00110000"":1,""11101010"":1,""01101000"":1}"
93,x,4000,-0.22249999999999992,-0.133,-0.7150000000000001,-0.012499999999999956,-0.3540000000000001,0.04500000000000004,0.16149999999999998,-0.607,"{""11111111"":115,""00110101"":15,""10101100"":7,""01111100"":20,""10011111"":114,""10000101"":56,""10001110"":58,""10001011"":21,""10111001"":12,""11111110"":43,""11111011"":16,""10110111"":103,""10011100"":50,""10011110"":50,""10111111"":125,""10111110"":62,""11111101"":67,""10010101"":51,""10001101"":52,""11111001"":14,""11001100"":17,""11011110"":24,""01111101"":19,""11101111"":24,""01010110"":17,""11111000"":14,""01011101"":5,""01101100"":2,""11111100"":52,""10101110"":7,""10000111"":105,""00101101"":1,""01011011"":4,""10101111"":14,""10001100"":44,""00111110"":7,""10111101"":61,""10011000"":15,""11001101"":15,""01001110"":10,""01101110"":5,""10001111"":107,""10111100"":68,""01011111"":34,""01101011"":2,""10011011"":15,""10111010"":11,""11011100"":20,""01011110"":13,""11101110"":11,""01111111"":26,""11110100"":54,""11010111"":48,""01010100"":16,""11001011"":6,""10010110"":47,""11011101"":13,""10011001"":13,""10101011"":4,""01111110"":12,""01111011"":4,""01011100"":17,""11011111"":43,""10000110"":55,""10110010"":8,""01001111"":27,""00111010"":3,""00101111"":6,""00111100"":10,""11101100"":15,""01010111"":34,""11110110"":44,""11001110"":17,""10010111"":122,""11110111"":91,""10110101"":72,""10110100"":63,""11110000"":7,""11101011"":2,""11010101"":28,""10010100"":65,""11110010"":5,""01000011"":3,""11100111"":25,""01000001"":2,""11110101"":52,""10010010"":5,""01110100"":18,""10000001"":13,""11010100"":21,""10000100"":47,""11000100"":13,""01010000"":5,""10011101"":50,""10010000"":13,""10100100"":14,""00000001"":1,""00010111"":12,""10001010"":8,""11000101"":14,""10000010"":9,""10010011"":12,""11110001"":12,""00100101"":3,""00110110"":6,""10010001"":14,""01000111"":19,""01110110"":13,""01010101"":22,""11010110"":13,""00110111"":17,""00000110"":1,""00000100"":5,""00011100"":7,""01000100"":16,""11110011"":7,""01110111"":28,""00000101"":10,""11000111"":26,""10100111"":21,""11100101"":12,""01110101"":13,""01100101"":3,""11100100"":15,""10100101"":6,""10000011"":9,""01100111"":15,""00010100"":4,""01010010"":2,""10110110"":45,""10110001"":20,""11100110"":11,""11010000"":4,""01110001"":2,""00110100"":10,""01000101"":11,""11000110"":6,""00100001"":4,""11100001"":7,""11011000"":5,""11010001"":8,""10100110"":10,""00000111"":11,""11100011"":2,""01010011"":1,""10100001"":6,""10011010"":3,""00111101"":12,""11111010"":5,""10001001"":16,""11001111"":27,""01011010"":2,""10111000"":12,""01001101"":5,""11011011"":8,""10111011"":18,""00111111"":21,""01101001"":1,""01101101"":2,""00001111"":10,""11001000"":5,""01110011"":1,""01000000"":1,""00100100"":3,""11010011"":3,""00010010"":1,""11010010"":3,""11000001"":3,""11000000"":4,""00100111"":3,""11101101"":9,""10110000"":10,""01000110"":8,""10000000"":4,""00010011"":1,""00110010"":1,""00010000"":1,""01110000"":4,""00000010"":1,""10100011"":6,""01100110"":6,""01110010"":1,""01100100"":4,""11000010"":2,""01010001"":3,""01100000"":1,""00001101"":8,""10110011"":12,""01000010"":1,""00101110"":4,""01001100"":15,""00100110"":1,""00011111"":11,""11001010"":3,""00111011"":3,""00011110"":4,""00111001"":4,""10001000"":6,""11011001"":4,""00101001"":1,""01101000"":1,""11001001"":5,""10101101"":9,""00011101"":2,""01011001"":2,""00010101"":7,""01011000"":4,""10101000"":2,""01001011"":3,""01001000"":1,""01101111"":6,""00011000"":1,""00001110"":4,""00010110"":4,""11100010"":3,""00001100"":5,""01111010"":1,""00110000"":1,""00101010"":1,""00111000"":1,""00001011"":2,""01100010"":2,""01111001"":2,""11011010"":4,""11000011"":4,""10100000"":1,""00001000"":2,""00000000"":2,""01111000"":3,""01001010"":1,""00110001"":3,""00110011"":1,""11101000"":2,""00011011"":1,""01100001"":1,""00001001"":1,""10101001"":1,""00101000"":1,""00011001"":1,""11101001"":2,""11100000"":1,""00000011"":1}"
94,x,4000,0.0665,0.028000000000000025,-0.5389999999999999,0.02300000000000002,-0.20750000000000002,-0.025500000000000078,-0.011500000000000066,-0.5814999999999999,"{""11010111"":41,""10000101"":22,""10010111"":111,""10000000"":24,""10010101"":33,""01111111"":21,""00010111"":19,""11110111"":92,""10100100"":46,""00110111"":15,""11110100"":80,""10100111"":43,""10011111"":113,""11101100"":64,""10000111"":33,""01010110"":13,""00010100"":15,""10110100"":34,""11000111"":34,""11111101"":24,""11110000"":36,""00010110"":10,""11000100"":40,""11100101"":23,""10110011"":5,""01110100"":14,""10010100"":83,""01010101"":6,""11010101"":16,""01000111"":17,""11110101"":26,""11100110"":24,""10010000"":40,""11010110"":20,""00110100"":12,""10001101"":13,""11000101"":8,""10010001"":24,""10100110"":16,""01100011"":9,""11100111"":68,""01100100"":23,""01010100"":22,""11101111"":66,""10011101"":37,""01110110"":9,""11100100"":54,""10110001"":8,""10100101"":14,""11011101"":14,""11100011"":11,""11011000"":12,""10000100"":53,""00100111"":12,""01000100"":9,""10010011"":20,""10010110"":55,""11000110"":13,""00101111"":16,""01000001"":3,""11100001"":9,""11111011"":13,""10110110"":14,""00010101"":6,""10000011"":8,""11110110"":36,""11010010"":5,""01110111"":18,""11110001"":20,""10000110"":19,""11011011"":10,""01010111"":22,""10100011"":11,""11010000"":25,""11111100"":73,""00100001"":1,""10111111"":34,""11111111"":85,""11010001"":6,""01010000"":15,""01101100"":22,""10110111"":35,""01000000"":6,""01100110"":8,""11100010"":5,""11100000"":18,""00110000"":8,""10001100"":38,""01001111"":10,""11110011"":14,""10101100"":46,""10011110"":56,""11001100"":21,""01010001"":4,""10100000"":4,""00011111"":23,""01110001"":6,""00100010"":5,""10000001"":6,""00100100"":11,""11010100"":23,""01110000"":10,""11101110"":44,""00010000"":9,""01011000"":11,""00000110"":4,""11110010"":12,""00001111"":6,""00110110"":4,""10101111"":43,""01010011"":2,""10100001"":5,""00001100"":4,""10010010"":11,""01111001"":8,""10101011"":10,""00010001"":7,""10110000"":15,""00100000"":3,""01100111"":11,""00101110"":9,""01000110"":15,""00100101"":9,""00110010"":2,""11000001"":3,""00000111"":5,""00000011"":1,""11101011"":7,""00000100"":5,""11000000"":9,""01111000"":12,""10001110"":25,""11101010"":6,""00010011"":4,""10111100"":33,""10011100"":110,""11111000"":43,""01101111"":15,""11011111"":34,""01111100"":19,""11001000"":9,""01011111"":7,""11001111"":25,""01011100"":20,""10011000"":45,""11011100"":28,""10101110"":18,""10101101"":15,""11111110"":47,""01001100"":4,""00011100"":18,""01101110"":15,""00101100"":10,""11101101"":17,""10011001"":18,""10001000"":27,""11010011"":7,""11111001"":26,""10111010"":5,""00101101"":6,""10001111"":36,""11001110"":13,""01101101"":6,""00011000"":6,""10011011"":10,""00111100"":12,""11011110"":17,""10110010"":2,""01001011"":2,""11101001"":9,""01011101"":1,""11001010"":2,""11011001"":12,""00110011"":3,""00111111"":6,""11101000"":12,""11111010"":6,""10001011"":8,""01111101"":4,""00111101"":3,""10111000"":15,""00111110"":3,""01111110"":12,""00011011"":2,""00011110"":6,""10011010"":9,""10001001"":10,""01011010"":2,""00100110"":6,""00101011"":2,""10111110"":12,""01100000"":4,""00101000"":2,""01011011"":3,""01011001"":3,""00011001"":2,""10111001"":10,""10101000"":7,""01110101"":8,""01001110"":6,""11001011"":1,""00001000"":2,""01101000"":3,""10101001"":3,""01110011"":3,""10101010"":4,""11011010"":1,""00001101"":3,""01101001"":2,""01011110"":5,""00011101"":3,""10111101"":15,""10111011"":1,""10110101"":7,""00111011"":2,""01101011"":2,""11001101"":4,""00001011"":1,""00000001"":2,""01100101"":6,""01000101"":3,""11000011"":5,""11000010"":2,""10000010"":2,""01000011"":1,""01001010"":2,""01100010"":1,""00110001"":1,""11001001"":2,""00001110"":6,""00111000"":3,""01001101"":1,""00111001"":3,""01101010"":1,""01111011"":1,""00000101"":1,""00000000"":3,""10100010"":2,""00101010"":1,""00101001"":1,""00110101"":2,""01100001"":2,""01110010"":1}"
95,x,4000,0.11250000000000004,0.523,-0.653,-0.011500000000000066,0.3305,0.3085,-0.4315,-0.3194999999999999,"{""10010111"":5,""01000101"":66,""00111011"":2,""11000101"":141,""11001110"":55,""11000100"":182,""11100001"":11,""10110101"":20,""01110100"":31,""01100001"":10,""11000000"":40,""01100101"":31,""10100101"":21,""01010101"":31,""11110101"":46,""11001100"":164,""00110000"":5,""11110001"":11,""01100110"":16,""10000101"":63,""11111100"":71,""01000100"":73,""11100100"":46,""11010111"":5,""11011100"":50,""11100110"":22,""10001111"":14,""01010110"":18,""00000100"":28,""10000000"":15,""01110010"":1,""10000110"":30,""11010100"":47,""01001011"":3,""01100100"":34,""11000011"":16,""01010000"":6,""11000001"":30,""01000111"":8,""11010101"":38,""01010100"":25,""01110101"":23,""11001101"":151,""10000100"":78,""11110100"":66,""11110011"":3,""10000001"":10,""01010001"":5,""11110110"":23,""01001101"":62,""11111001"":10,""11100000"":7,""10000011"":6,""00100101"":5,""10110110"":12,""00110100"":15,""01000000"":6,""10100110"":2,""10010101"":23,""00100110"":5,""11011101"":48,""11000110"":58,""10000010"":16,""01111100"":19,""10110000"":8,""00000000"":4,""00100010"":1,""11110000"":8,""10010110"":7,""11010110"":17,""11011111"":6,""11110111"":16,""01000010"":9,""01101001"":12,""00011110"":3,""00000101"":33,""00001100"":26,""11000010"":13,""10010100"":18,""10100100"":11,""11000111"":18,""10110111"":3,""00011101"":9,""00000110"":8,""10011100"":25,""01100011"":4,""00110101"":16,""11101100"":48,""10110100"":9,""11100101"":37,""11100010"":8,""10001100"":58,""11110010"":5,""01001100"":62,""01001001"":17,""01011100"":28,""11010010"":3,""00111100"":27,""00111010"":5,""10001001"":14,""01101101"":36,""01001110"":34,""01011010"":2,""10011110"":11,""10111011"":2,""01001000"":18,""00111110"":9,""11001011"":13,""11111101"":49,""11001111"":31,""01101111"":9,""10011101"":22,""11101101"":46,""00001101"":32,""10001110"":31,""10001000"":13,""00011100"":8,""01011101"":39,""10001011"":8,""00111111"":4,""11111000"":7,""01111101"":30,""11011000"":9,""11001010"":22,""11101000"":8,""10101101"":13,""01001010"":7,""11111111"":13,""11011110"":16,""10111101"":15,""10001010"":3,""10011111"":3,""10001101"":61,""01101011"":5,""11101010"":6,""01101110"":15,""01001111"":14,""10101110"":8,""10111110"":7,""01101100"":45,""11111010"":3,""11001000"":22,""01101000"":4,""11101110"":20,""00101110"":6,""00001001"":5,""10111100"":20,""10011011"":1,""01111110"":10,""00001110"":8,""11111110"":18,""01111010"":4,""11001001"":32,""10101100"":11,""10111001"":3,""00101101"":7,""11111011"":5,""00001111"":4,""01111001"":4,""00110110"":8,""11011001"":4,""00101100"":10,""00111101"":17,""11101001"":6,""10111111"":2,""01000110"":18,""01011110"":9,""01011111"":3,""10011000"":5,""00101010"":1,""00111001"":3,""00101001"":2,""01111011"":2,""00100001"":3,""00011000"":1,""00000111"":3,""10100000"":4,""01100000"":7,""00001010"":1,""01111000"":2,""11011011"":6,""01011000"":3,""01110110"":6,""11010000"":7,""11101111"":7,""00010100"":5,""10101000"":2,""00001000"":4,""10011001"":4,""00100011"":1,""10000111"":15,""01010010"":4,""11100011"":4,""01000011"":6,""00100100"":16,""10010001"":4,""01100010"":3,""11010001"":5,""01110001"":2,""11100111"":2,""01010011"":3,""00110001"":3,""00010101"":4,""01000001"":7,""10010000"":3,""01100111"":6,""01110011"":3,""00000010"":3,""00100111"":2,""00000011"":2,""01110000"":4,""00000001"":4,""01011011"":3,""00110011"":1,""00010000"":1,""01101010"":1,""01110111"":2,""01010111"":3,""10101011"":1,""10110001"":1,""00110010"":1,""01111111"":2,""10011010"":1,""11011010"":2,""00111000"":2,""10111010"":2,""00001011"":3,""11101011"":2,""10101111"":1,""00101000"":4,""10101001"":1,""10100111"":1,""10100011"":3,""01011001"":3,""10110011"":2,""00011111"":1,""10010010"":1,""10010011"":1,""00010110"":2}"
96,x,4000,-0.36149999999999993,-0.03750000000000009,-0.05899999999999994,-0.006000000000000005,-0.14149999999999996,0.03649999999999998,0.3435,-0.6234999999999999,"{""10010001"":94,""10110100"":21,""01010101"":10,""10110111"":58,""01110111"":5,""10000111"":41,""10011011"":66,""10010010"":18,""10010111"":71,""11110010"":2,""10100111"":69,""10110010"":19,""10100001"":90,""10010011"":46,""10100011"":34,""01110011"":5,""01010001"":24,""11100001"":13,""11001111"":23,""01010000"":4,""00110101"":3,""11001000"":9,""10110110"":29,""10110000"":17,""11000111"":38,""10100101"":46,""00010111"":23,""10110011"":34,""10110101"":49,""00110111"":5,""11010010"":9,""11000100"":16,""00000111"":12,""10110001"":45,""11010100"":13,""10111111"":45,""01000101"":6,""11000011"":22,""11010111"":32,""10111011"":61,""10010000"":37,""10101001"":80,""10100100"":21,""01001101"":2,""10011101"":42,""11110111"":23,""10011010"":20,""10011111"":81,""01110101"":10,""10010101"":39,""10000011"":16,""11110101"":13,""10001110"":24,""11011101"":14,""10100110"":39,""01100001"":6,""10000110"":16,""11000110"":22,""00100001"":8,""10000001"":23,""11110100"":8,""00010101"":11,""11110000"":13,""01010011"":10,""00011101"":8,""11010011"":15,""01100101"":4,""11001011"":18,""00001101"":13,""00111001"":7,""10001101"":22,""11111011"":17,""10111101"":48,""00101011"":5,""10101011"":29,""10101111"":98,""10001111"":35,""10001011"":16,""11101111"":16,""11011001"":46,""11101001"":20,""10011100"":22,""10111100"":27,""11001001"":20,""01111111"":12,""10101010"":20,""11101010"":3,""10111001"":41,""11001101"":9,""11011111"":38,""10011110"":35,""10100000"":42,""01011001"":17,""01111011"":5,""10011001"":86,""00111101"":5,""00111010"":3,""10101000"":21,""01011101"":7,""01100111"":15,""11101100"":7,""11111101"":13,""11101101"":11,""10101101"":29,""01101000"":1,""01011000"":5,""00001011"":9,""11011010"":10,""01101111"":14,""00001010"":5,""00011110"":13,""00001000"":3,""00011011"":8,""00111111"":10,""01001011"":5,""11110001"":20,""00011010"":3,""11011110"":20,""11010001"":40,""01010110"":7,""10010100"":28,""11000001"":22,""00000100"":3,""11001010"":7,""00100111"":9,""11000000"":13,""00100000"":5,""00000011"":2,""00010011"":13,""11100101"":10,""00011001"":21,""00100011"":3,""10000100"":10,""11111100"":12,""01100110"":11,""00000001"":4,""11100100"":5,""10000101"":17,""11100000"":9,""10010110"":48,""00000000"":2,""11100111"":22,""11000101"":18,""01000011"":3,""10011000"":31,""11010000"":11,""11100010"":8,""01010111"":11,""11100110"":10,""01000001"":2,""01011100"":6,""01010100"":5,""11010101"":9,""11110110"":8,""01111101"":8,""11110011"":7,""11001100"":10,""01110010"":5,""10111010"":26,""00100010"":4,""11010110"":15,""11011011"":27,""10111000"":21,""00100100"":3,""10100010"":20,""01100000"":3,""00010110"":4,""00101111"":11,""00000110"":5,""01011111"":16,""01110000"":2,""11101110"":6,""00011100"":5,""01111001"":9,""00110011"":8,""00000101"":11,""11101011"":10,""10101110"":38,""00001111"":9,""11111001"":17,""10101100"":20,""10111110"":28,""00011111"":16,""01001110"":4,""00101000"":4,""01011011"":8,""10001000"":6,""10001001"":19,""01101110"":7,""11001110"":10,""00001001"":8,""11111111"":16,""01110110"":2,""11111000"":7,""01100100"":2,""11111010"":10,""11111110"":8,""10001100"":13,""11011100"":7,""00010001"":15,""01000100"":5,""00101010"":3,""10000000"":8,""01111010"":7,""00111110"":3,""00010000"":7,""01101100"":3,""01000111"":11,""00010100"":4,""01111100"":5,""01001100"":2,""01011010"":5,""11011000"":17,""01001010"":4,""01101001"":8,""00101001"":5,""10001010"":7,""01000000"":2,""01101011"":4,""01111110"":2,""01111000"":2,""00101100"":2,""01011110"":6,""01010010"":2,""01110100"":5,""11100011"":5,""00100101"":4,""00101101"":4,""01001001"":3,""01101101"":6,""11101000"":7,""01001111"":4,""01001000"":1,""10000010"":7,""01000110"":1,""01100011"":6,""00100110"":4,""00110110"":1,""00111100"":1,""00001110"":3,""00001100"":4,""00111011"":2,""11000010"":2,""00110001"":1,""01101010"":1,""00011000"":2,""00101110"":4,""00111000"":2,""00010010"":1,""01000010"":1,""00110000"":1,""00000010"":1,""01100010"":1}"
97,x,4000,-0.35749999999999993,-0.02499999999999991,0.14,0.023499999999999965,0.07799999999999996,0.021499999999999964,0.10450000000000004,-0.5825,"{""00010000"":4,""11010001"":19,""10011011"":71,""11100011"":96,""10000011"":65,""11100100"":48,""10000101"":71,""11100000"":11,""11100101"":80,""10100101"":49,""10000010"":41,""10110101"":59,""11010101"":48,""11110011"":29,""10110100"":23,""11111101"":9,""01100011"":20,""01010101"":10,""10001001"":24,""01010010"":9,""10101101"":38,""10111011"":60,""11010100"":25,""10110011"":72,""10010010"":23,""11010111"":13,""01110011"":8,""01000101"":18,""01100100"":8,""10100011"":59,""00010011"":25,""10100111"":13,""10101001"":29,""10010100"":24,""01100000"":4,""00110100"":3,""00100011"":7,""01010011"":19,""11011111"":16,""01000011"":10,""01101011"":22,""01011011"":15,""10000111"":17,""11100001"":42,""00010100"":8,""10011000"":16,""01100101"":16,""10100100"":22,""10110111"":16,""10100010"":19,""10000100"":26,""10011001"":34,""00010101"":16,""10010011"":75,""01100010"":11,""10010101"":51,""11000111"":6,""11110100"":9,""10010111"":17,""00110101"":7,""11100111"":21,""00100010"":6,""01100001"":4,""10110001"":17,""10000000"":12,""11000011"":24,""10010000"":16,""11100010"":36,""10010001"":22,""10100000"":15,""00011111"":7,""01010001"":5,""00010111"":9,""11111111"":5,""10000001"":22,""10000110"":8,""11010011"":64,""10110000"":16,""00000101"":9,""00010001"":13,""11000101"":20,""10011110"":7,""11110001"":5,""11110101"":12,""10110010"":28,""10110110"":4,""10101011"":53,""01110100"":9,""01010000"":3,""11000010"":11,""01000100"":11,""10100001"":20,""01010111"":4,""01110010"":1,""01001011"":26,""10001100"":26,""11101101"":50,""10101100"":23,""11101011"":94,""11101111"":23,""10001011"":73,""11011100"":19,""11111011"":18,""01001110"":2,""11101100"":38,""01111101"":9,""10101000"":13,""00011011"":29,""10111100"":20,""10111101"":48,""11101010"":40,""00101010"":5,""00001111"":4,""00111010"":4,""11001100"":10,""11011101"":34,""10001101"":59,""11111010"":6,""11011010"":25,""10001000"":10,""11111000"":3,""10111110"":11,""10011101"":44,""11001011"":24,""00011001"":11,""00101111"":3,""10011100"":24,""10001110"":5,""10001010"":38,""01011101"":13,""11011000"":6,""11011011"":52,""11101000"":23,""00110111"":3,""11011001"":16,""11010110"":7,""00101100"":9,""10111001"":23,""01111100"":5,""01011100"":9,""10011010"":32,""10011111"":17,""01101010"":8,""10111000"":12,""01100111"":5,""00001001"":4,""10010110"":5,""11010010"":23,""00100101"":11,""10101111"":15,""00110010"":1,""00010010"":10,""11100110"":14,""11110111"":5,""10001111"":12,""00111001"":5,""00010110"":3,""11000001"":10,""00110011"":6,""01110000"":2,""11001010"":11,""01100110"":2,""01001000"":6,""00000001"":3,""01010100"":6,""00110001"":7,""11110010"":13,""01000010"":7,""10100110"":4,""11010000"":10,""00001101"":8,""00001010"":10,""10101010"":13,""11101001"":29,""01001001"":13,""00100110"":1,""11001001"":14,""00101001"":4,""01111010"":8,""11101110"":15,""11011110"":7,""01111001"":3,""00100001"":5,""00111000"":1,""01101000"":4,""10111111"":18,""01111011"":9,""00011101"":14,""01011010"":8,""11001101"":14,""00111101"":5,""11111100"":6,""11111001"":6,""00000111"":3,""01101101"":12,""01011001"":3,""10101110"":4,""00001011"":10,""01101100"":6,""00111111"":4,""00001110"":3,""01001101"":10,""01101001"":7,""00011110"":5,""01011111"":3,""01000110"":4,""11001000"":10,""01001010"":5,""01101111"":4,""10111010"":16,""00011010"":7,""01001111"":2,""00111110"":2,""01011110"":5,""00101101"":7,""00111011"":4,""01011000"":2,""00101000"":3,""01001100"":8,""00011100"":11,""01101110"":4,""11000100"":6,""01000111"":8,""11000000"":6,""00100100"":5,""00001100"":5,""00011000"":6,""00101110"":2,""01111000"":1,""00101011"":11,""00110000"":2,""01110111"":2,""00000000"":3,""01000001"":2,""11110110"":3,""00100111"":3,""00100000"":1,""11110000"":1,""00000011"":9,""01010110"":2,""01110101"":2,""00000010"":2,""00111100"":1,""11001111"":3,""11001110"":1,""01111111"":1,""00001000"":1,""11000110"":2}"
98,x,4000,-0.375,0.03700000000000003,0.09850000000000003,-0.02950000000000008,0.14700000000000002,-0.0694999999999999,-0.22199999999999998,0.3155,"{""01000110"":23,""01010000"":9,""00110011"":25,""01000111"":35,""00010001"":11,""00100000"":15,""00110111"":29,""00100111"":10,""00100011"":20,""10000011"":27,""10010100"":3,""01110101"":62,""00110010"":9,""01000010"":19,""00010010"":2,""11000100"":8,""11100101"":29,""01100011"":66,""01000001"":44,""11100010"":12,""00000010"":11,""00000111"":25,""11110001"":6,""11000111"":16,""01100101"":30,""01010011"":20,""01100000"":11,""11100111"":12,""00010101"":6,""10000111"":20,""01110110"":23,""01100110"":11,""01100010"":25,""00001101"":21,""01101101"":28,""11010011"":24,""00000000"":14,""01110010"":20,""00101011"":40,""01000101"":50,""10100011"":12,""00110101"":46,""01110000"":23,""00101111"":11,""00110001"":21,""01100001"":28,""11110011"":5,""11110010"":3,""10101111"":6,""11010111"":11,""01100111"":23,""11100110"":11,""01100100"":18,""01010110"":11,""01110111"":42,""01101011"":68,""11000011"":15,""00000101"":26,""10010011"":12,""01111011"":44,""00000110"":5,""01010001"":18,""00001011"":29,""11010001"":11,""10000101"":28,""01000000"":19,""11100011"":22,""10100101"":9,""00011000"":7,""10011001"":20,""10010101"":9,""00111011"":43,""11001101"":13,""10101001"":11,""00000011"":22,""00110100"":13,""11101111"":20,""01110001"":42,""00101000"":21,""11011101"":22,""11101011"":48,""11001001"":9,""01001000"":22,""00100010"":13,""01011010"":7,""10001100"":11,""01110011"":47,""00111001"":28,""01001010"":17,""01101001"":51,""01001110"":27,""01111000"":14,""11111001"":5,""10001111"":6,""00101010"":17,""11011011"":33,""10001011"":21,""01001001"":52,""00011111"":6,""10101101"":5,""01111101"":38,""10001101"":27,""11111101"":27,""01111001"":31,""10111100"":8,""11011010"":13,""00111101"":38,""01101000"":23,""00001001"":24,""10101000"":7,""10011011"":19,""00101001"":36,""11001011"":11,""00111010"":7,""01111110"":20,""01011001"":31,""01101100"":18,""11101001"":27,""10111110"":4,""11101010"":20,""01011111"":13,""01001011"":43,""00111100"":17,""01001101"":35,""10111011"":11,""10111101"":10,""01101111"":23,""01011101"":15,""01101110"":9,""00001000"":10,""11101101"":24,""01111100"":17,""01001100"":25,""00011001"":13,""00011010"":7,""01111111"":27,""10111001"":6,""00001010"":9,""11011110"":8,""10100111"":8,""10001010"":8,""10001001"":26,""00111111"":18,""00111000"":8,""11101110"":7,""00110000"":7,""01000011"":44,""11010010"":9,""10100010"":2,""11100100"":7,""10000001"":24,""01000100"":23,""00100001"":17,""10100001"":14,""11110111"":4,""10011111"":14,""11010000"":8,""01010010"":16,""00101101"":24,""01110100"":22,""11010110"":7,""11000101"":14,""01010100"":7,""00100110"":6,""11100001"":24,""00000001"":19,""10010000"":9,""11000000"":6,""10011010"":7,""00110110"":9,""11110101"":16,""11001100"":11,""10000100"":6,""10110101"":11,""10010010"":4,""10110111"":7,""10100100"":2,""10110100"":7,""01001111"":42,""10010001"":16,""10101010"":8,""01010111"":14,""10000110"":9,""11010100"":8,""01010101"":14,""11000110"":7,""10110000"":5,""01101010"":23,""11101100"":9,""10101110"":5,""10001110"":11,""01011000"":14,""10011000"":8,""11011000"":6,""00001111"":15,""11101000"":15,""11111111"":6,""11011100"":11,""11001110"":5,""11011001"":27,""01111010"":19,""00011101"":6,""00111110"":9,""00101100"":10,""10011100"":3,""00011110"":3,""00011100"":4,""00101110"":8,""11010101"":16,""00010011"":8,""00010100"":6,""10000010"":10,""00011011"":10,""10110011"":8,""11110100"":3,""10010110"":9,""00100100"":6,""10000000"":13,""11110000"":3,""00100101"":15,""11000001"":13,""10110010"":4,""10110110"":4,""00010110"":4,""00000100"":6,""11110110"":6,""11100000"":6,""00010000"":6,""10011110"":2,""10001000"":8,""01011100"":5,""11011111"":7,""10100110"":2,""11001000"":4,""11001111"":8,""10101011"":10,""11001010"":2,""11111011"":3,""01011011"":19,""10011101"":11,""11111110"":3,""00001100"":8,""11000010"":4,""11111100"":5,""10101100"":3,""10111010"":1,""10111111"":5,""01011110"":7,""10110001"":4,""10100000"":2,""10010111"":4,""00001110"":6,""10111000"":5,""11111000"":2,""11111010"":1}"
99,x,4000,0.0595,0.478,-0.6495,0.028000000000000025,0.1915,-0.020999999999999908,-0.05499999999999994,0.2825,"{""01100111"":12,""00100101"":75,""01100100"":60,""01110110"":25,""00110101"":66,""01100010"":10,""10101101"":30,""10000101"":37,""11110100"":22,""10110101"":16,""00110000"":14,""00110110"":52,""00000011"":4,""10000100"":35,""11000101"":95,""00010101"":19,""00100100"":55,""11110110"":18,""11000100"":72,""01100110"":44,""00110100"":62,""10010001"":5,""01000100"":44,""01110100"":48,""10100110"":16,""00010111"":4,""00000111"":6,""01100101"":54,""01110101"":41,""11010110"":16,""01000101"":52,""00111100"":66,""10100100"":12,""10010100"":13,""01101001"":12,""11001101"":71,""00011100"":13,""11111010"":4,""01111110"":31,""10100000"":5,""11110010"":3,""00000001"":11,""00010001"":5,""00000000"":9,""11000000"":21,""01010100"":43,""10000110"":22,""00000100"":39,""01010101"":40,""01010110"":17,""10000001"":7,""11110000"":5,""01000110"":24,""10010101"":21,""10001110"":16,""01100001"":11,""00000110"":26,""01101110"":26,""11000110"":42,""11010001"":3,""01010000"":14,""00010110"":14,""10010110"":11,""10100101"":31,""00100110"":38,""01110001"":9,""01111101"":40,""10011101"":23,""00110001"":15,""11010100"":14,""01010001"":14,""10000111"":3,""01100000"":11,""00010010"":1,""11111111"":2,""00111101"":93,""00100001"":20,""01110011"":3,""10110100"":7,""00001000"":6,""10100001"":6,""11000001"":22,""00111011"":1,""11010111"":6,""01010111"":4,""00010100"":14,""10110111"":2,""11000111"":9,""11110101"":27,""10110010"":1,""10110110"":6,""01110000"":10,""00000101"":39,""00001101"":61,""00011000"":5,""11100010"":1,""11110111"":5,""00111110"":30,""01101100"":44,""11000010"":8,""01000111"":6,""01000000"":11,""01000010"":9,""10110011"":1,""11010101"":22,""01110111"":5,""01100011"":3,""00101100"":62,""00110010"":4,""11111101"":33,""10110001"":6,""10011111"":4,""01111000"":7,""00111111"":10,""01101101"":58,""01001101"":53,""01111100"":36,""11001100"":73,""01011101"":47,""10011100"":11,""01011001"":12,""11011100"":14,""00111001"":17,""01101111"":16,""01001110"":25,""00101101"":89,""01011110"":29,""00001001"":11,""11111000"":4,""10001100"":28,""00011101"":18,""10101111"":6,""00001110"":21,""11101110"":4,""00001010"":3,""11111001"":5,""11111100"":18,""11011011"":2,""10001101"":47,""01011100"":33,""11100101"":14,""10011110"":9,""10111100"":9,""11001001"":21,""00100000"":12,""01001001"":12,""01011000"":10,""11001110"":39,""01111011"":3,""10101100"":22,""00101001"":18,""01001100"":46,""10000000"":6,""10101110"":9,""00101010"":10,""01101000"":11,""00101000"":9,""11111110"":20,""00001100"":34,""01001000"":6,""11011101"":20,""01001111"":5,""10001011"":2,""11101100"":11,""00101110"":42,""00001111"":8,""11101101"":7,""10111101"":10,""11001111"":5,""10011000"":4,""00111010"":5,""10001111"":8,""00001011"":2,""00101111"":7,""01101011"":2,""11011110"":12,""11011000"":1,""00111000"":13,""00100111"":13,""00011110"":7,""10001000"":7,""11101000"":3,""11011001"":3,""11100111"":3,""01110010"":8,""00000010"":6,""11100100"":13,""10110000"":7,""11001000"":9,""11110001"":9,""10100111"":2,""01010010"":10,""11100110"":3,""00100010"":2,""00011001"":7,""10101001"":5,""10001001"":8,""01011111"":5,""00011111"":4,""11011111"":4,""01111001"":9,""01111111"":6,""10101010"":1,""10101000"":3,""01011010"":1,""10001010"":4,""01001011"":1,""01111010"":3,""10111000"":2,""01001010"":2,""10011001"":3,""11010000"":2,""10010111"":1,""00110111"":7,""10000010"":5,""01101010"":2,""11100001"":3,""01000001"":7,""10011010"":1,""10000011"":4,""00100011"":1,""10010000"":2,""11101001"":1,""11101011"":1,""11001011"":6,""01000011"":4,""01010011"":1,""10101011"":1,""00110011"":3,""10010010"":4,""10100010"":1,""00101011"":4,""10111110"":2,""10111111"":1,""11101111"":2,""11001010"":2,""00010000"":5,""11000011"":2,""11101010"":1,""00010011"":1,""11010010"":1,""11100000"":3,""10100011"":1,""11111011"":1}"
