image,basis,shots,e0,e1,e2,e3,e4,e5,e6,e7,counts
0,x,4000,-0.3939999999999999,0.034499999999999975,-0.08000000000000007,0.01749999999999996,-0.08299999999999996,0.6515,0.124,-0.12949999999999995,"{""00011110"":24,""10011101"":38,""00011111"":61,""01111101"":6,""11101011"":10,""00001111"":19,""10110101"":14,""10011000"":23,""11011100"":26,""01011001"":24,""00010011"":53,""01001100"":14,""11001001"":23,""11101001"":18,""10111111"":14,""01001001"":17,""00001011"":34,""11011010"":22,""11101101"":28,""11111001"":2,""11001100"":13,""00000101"":33,""00011000"":25,""10011010"":19,""00011101"":50,""10001001"":26,""11011000"":26,""11011001"":39,""11001101"":33,""10001101"":49,""10011001"":56,""00011010"":25,""10001100"":27,""00001001"":32,""10101000"":2,""01101001"":11,""01101100"":4,""10001011"":34,""11001011"":23,""10010101"":56,""00111011"":3,""00001110"":22,""10101011"":6,""10001000"":22,""01011111"":24,""00001101"":38,""11011011"":37,""01001101"":20,""10011011"":35,""01001111"":22,""01011010"":14,""10011100"":23,""01110011"":7,""00011011"":51,""10001111"":32,""10111100"":5,""11000110"":16,""00101001"":6,""00100101"":5,""00011001"":52,""00010110"":32,""10001110"":15,""11001010"":10,""01111111"":8,""01011110"":8,""11011111"":39,""00101101"":5,""01101111"":16,""01000111"":25,""00011100"":32,""10000001"":34,""01111110"":2,""01111011"":8,""00001000"":12,""11100011"":18,""01101101"":15,""01010111"":22,""11001000"":18,""10011111"":28,""11011110"":17,""11011101"":52,""10011110"":17,""01101000"":7,""10111001"":10,""00000100"":14,""01101010"":4,""11010101"":52,""11001110"":16,""11101100"":7,""01001011"":23,""10000011"":42,""01000101"":27,""11010100"":14,""11101010"":9,""11101000"":11,""11000101"":46,""01001000"":4,""00101011"":7,""10101101"":4,""01011000"":5,""10101010"":3,""01011101"":22,""10111101"":9,""01000000"":8,""10000101"":51,""11010011"":52,""10010111"":52,""01011011"":15,""01011100"":7,""00000111"":45,""00001100"":19,""11101111"":22,""01010101"":20,""01010001"":18,""01111000"":3,""10111010"":2,""11010110"":19,""00000010"":12,""11100101"":17,""10010010"":23,""10010001"":48,""11111101"":3,""10000110"":22,""10010011"":47,""01010110"":11,""11100111"":28,""10010000"":22,""10110111"":18,""00010000"":20,""11100110"":10,""11000100"":17,""01000110"":5,""00010001"":61,""11010000"":18,""11000011"":21,""01010100"":8,""01100001"":11,""00010101"":72,""11010010"":12,""11000000"":18,""00010111"":56,""00010100"":31,""11010001"":41,""10000000"":25,""00010010"":19,""01100010"":4,""01000001"":15,""10110010"":1,""11000111"":45,""11100001"":13,""01100111"":10,""00000000"":15,""10010110"":14,""10000111"":38,""00110101"":2,""11010111"":46,""01000010"":5,""01000011"":12,""00000001"":16,""11111100"":1,""01100011"":10,""01111001"":3,""00110011"":4,""10111011"":11,""01101011"":7,""10110000"":3,""10001010"":7,""11111011"":3,""00001010"":12,""10111000"":8,""11001111"":23,""10101001"":7,""00000110"":19,""00000011"":17,""10100111"":9,""11100010"":9,""11000010"":9,""10100100"":6,""10000010"":20,""01110111"":8,""10100001"":5,""01000100"":11,""00100011"":3,""11000001"":20,""11110111"":3,""01100101"":16,""10100011"":9,""10110011"":8,""10010100"":14,""10110001"":5,""11110011"":4,""10100101"":6,""00110001"":3,""11110100"":2,""01010011"":18,""10100110"":1,""11101110"":10,""00110111"":4,""01110110"":1,""10000100"":14,""01100000"":7,""01100110"":4,""01100100"":5,""01010010"":10,""10110110"":3,""00100110"":1,""01110101"":4,""01001110"":3,""00110000"":2,""11110001"":3,""00111111"":4,""01101110"":5,""01010000"":5,""11100000"":3,""11110101"":1,""10101111"":5,""00101111"":2,""10111110"":2,""11111110"":3,""01001010"":2,""01110010"":2,""11111111"":2,""10101100"":1,""01111100"":2,""00111101"":5,""00101100"":1,""00111001"":1,""11111010"":1,""00100001"":2,""01110100"":3,""00110100"":2,""00100100"":2,""10100010"":1,""01111010"":4,""00111010"":1,""10101110"":1,""00110010"":2,""11100100"":1,""01110001"":4,""00100111"":1,""01110000"":1,""10100000"":1,""11111000"":1,""00111000"":2,""00101010"":1,""00111100"":1}"
1,x,4000,0.4375,-0.038999999999999924,-0.02750000000000008,-0.030000000000000027,0.37050000000000005,0.05249999999999999,-0.601,0.22250000000000003,"{""10001010"":25,""01001100"":71,""01001010"":100,""01111100"":24,""01011010"":16,""01001110"":91,""11001000"":40,""01111000"":25,""00101110"":6,""00111010"":13,""01001000"":83,""11011100"":15,""01011000"":19,""11111110"":21,""00001110"":21,""10111011"":2,""01101110"":78,""01000100"":62,""01101001"":40,""01101000"":66,""01101010"":69,""10101000"":11,""01011001"":14,""00101100"":2,""01111111"":19,""01101100"":48,""00001100"":13,""01111010"":26,""11011101"":11,""11101110"":24,""01111001"":23,""11001101"":13,""11001010"":44,""11001110"":43,""00101010"":8,""10111101"":6,""00111110"":5,""01001111"":39,""00001000"":9,""01110110"":59,""00001101"":4,""00011001"":2,""01001011"":17,""01000011"":12,""11011111"":7,""01111110"":31,""10001001"":9,""10101110"":13,""00110110"":7,""00001111"":6,""11111001"":8,""00111100"":4,""10101001"":11,""01100101"":25,""11010110"":18,""10011001"":6,""10001100"":13,""01001001"":44,""11101010"":25,""01101111"":27,""01111101"":9,""10011100"":5,""10011110"":4,""01011100"":22,""11101001"":17,""11001001"":25,""01010010"":25,""11011110"":18,""11111010"":9,""11001011"":10,""11111000"":16,""11101100"":24,""00001010"":13,""00011000"":3,""00000100"":7,""11101000"":33,""10111100"":8,""01011101"":10,""01010110"":47,""10101111"":6,""10111010"":11,""10001110"":22,""10101100"":17,""01011110"":20,""11001100"":28,""11000000"":26,""10001000"":18,""11011001"":8,""11111101"":7,""10110110"":26,""11101111"":7,""01100000"":60,""10111110"":13,""01111011"":8,""01110000"":35,""01000110"":97,""11000110"":45,""11010111"":7,""01010100"":27,""01100010"":60,""10100000"":17,""01000000"":62,""11000001"":16,""11100000"":27,""10100010"":18,""01100001"":28,""10110010"":7,""11010101"":9,""01000001"":43,""01100011"":15,""10110100"":12,""01100110"":60,""01110100"":32,""10000000"":19,""11000101"":18,""11100111"":11,""01001101"":16,""01000111"":32,""01010011"":7,""01000010"":63,""10010110"":7,""00110010"":11,""11110000"":17,""01010111"":13,""00110100"":5,""11110010"":8,""01110001"":15,""11110110"":33,""11110100"":22,""00000110"":19,""11000100"":24,""10100111"":6,""00111111"":1,""01010000"":24,""11100100"":20,""10110000"":8,""00000000"":8,""00000101"":9,""11010001"":5,""11000010"":36,""10110011"":6,""11000111"":6,""11011010"":11,""11100001"":15,""01100100"":39,""11100110"":36,""11000011"":6,""11010100"":15,""11100011"":8,""00100010"":3,""10000100"":11,""01000101"":30,""10010010"":5,""11100101"":4,""10111000"":8,""00000010"":5,""10000110"":18,""01011111"":12,""10000011"":5,""11110111"":11,""10101011"":5,""11110001"":5,""10000101"":6,""10000010"":13,""11010011"":3,""01010001"":17,""10100011"":5,""11100010"":25,""11101101"":8,""10001101"":6,""00111000"":6,""01101011"":17,""01101101"":12,""00111001"":3,""11111100"":10,""10001011"":6,""00001001"":7,""01011011"":8,""01110111"":16,""11011000"":17,""00111101"":3,""11111011"":6,""00101000"":4,""00101011"":2,""10111111"":6,""10000001"":7,""01110011"":4,""10010001"":2,""01010101"":16,""01100111"":24,""10000111"":8,""10100110"":19,""00100110"":2,""01110010"":15,""00110000"":11,""10100101"":2,""11011011"":4,""11001111"":15,""10111001"":7,""10101010"":13,""00001011"":4,""10110001"":6,""00100011"":2,""11010010"":5,""11110011"":1,""00110111"":2,""00100001"":1,""00110011"":2,""00010011"":1,""11010000"":8,""00110101"":2,""00010111"":2,""01110101"":7,""00100100"":4,""10110111"":4,""00000111"":5,""00010110"":1,""10010101"":4,""00100000"":4,""00011111"":1,""10001111"":6,""11101011"":6,""11111111"":4,""00011110"":1,""10100001"":2,""00101111"":2,""10100100"":7,""10010011"":2,""00011100"":1,""00101001"":3,""10010100"":3,""11110101"":3,""10101101"":4,""00111011"":1,""10011000"":4,""10011011"":2,""00101101"":1,""10011111"":2,""10011010"":3,""00010100"":1,""00010001"":2,""00100111"":1,""00000011"":2,""00000001"":1,""10110101"":1,""00011010"":1}"
2,x,4000,0.51,0.6094999999999999,0.252,0.0024999999999999467,0.16600000000000004,0.7145,-0.3334999999999999,-0.3085,"{""10011000"":74,""00001100"":46,""01101100"":4,""00011010"":7,""00111000"":11,""01001110"":10,""11111000"":35,""11011000"":143,""01011011"":6,""10100001"":3,""01111000"":10,""00001010"":14,""11001000"":118,""01001101"":24,""00010110"":3,""00001000"":65,""00001001"":20,""11001011"":14,""11001100"":125,""10001101"":26,""10011101"":10,""10011001"":17,""11011100"":49,""00000000"":67,""11001101"":56,""00011100"":11,""11111010"":9,""11001001"":57,""10111110"":4,""11101001"":11,""10011100"":21,""00001011"":8,""01001001"":20,""01011100"":25,""11000100"":127,""10101000"":9,""11011010"":34,""01011101"":4,""11111011"":10,""10010100"":19,""11001010"":42,""11101000"":23,""01001100"":62,""11011001"":48,""11000001"":43,""01011010"":8,""01011000"":72,""11001110"":20,""01010001"":10,""10001110"":5,""01000100"":68,""10011111"":5,""00001110"":4,""11101010"":5,""11011101"":21,""10111101"":2,""10001111"":3,""00011001"":18,""01011111"":6,""10011010"":15,""11100000"":32,""00011101"":5,""10101100"":3,""01010000"":57,""00011000"":34,""11100100"":21,""01000000"":78,""10000100"":70,""00010000"":38,""11000011"":16,""11010110"":14,""11000000"":178,""11110100"":18,""10010000"":64,""00000010"":22,""11011011"":14,""11010011"":14,""01000010"":35,""11110000"":36,""10000000"":61,""11010100"":52,""10110001"":4,""00010001"":13,""00000100"":43,""11010000"":149,""00010010"":11,""11000010"":37,""11111100"":19,""01000101"":14,""10000110"":17,""00010100"":19,""01010100"":21,""01110110"":2,""11000110"":22,""10100000"":7,""00000111"":2,""10000101"":18,""11100101"":10,""10000001"":14,""01110100"":3,""00000101"":13,""01000011"":6,""11000101"":32,""01010010"":9,""00000110"":11,""00000001"":14,""11001111"":7,""11010010"":30,""00001101"":15,""01100010"":1,""11000111"":11,""10110000"":4,""10001000"":59,""11110110"":8,""10000111"":1,""01100001"":1,""10010010"":10,""00110000"":9,""01000001"":13,""10110111"":2,""01001000"":74,""00110011"":2,""11010001"":37,""11010101"":18,""11111001"":13,""11101100"":22,""11100010"":15,""00000011"":6,""00100100"":3,""00010011"":2,""10010101"":8,""01010101"":2,""01011001"":26,""01010011"":9,""10001100"":41,""10010001"":16,""00010111"":4,""00010101"":3,""00111101"":4,""01000111"":2,""00100010"":3,""10110100"":3,""10001010"":14,""10110011"":1,""10000010"":18,""01100100"":6,""10100101"":2,""11110001"":8,""10000011"":6,""10100111"":1,""01111110"":3,""10100100"":5,""11110010"":5,""11010111"":3,""11101111"":2,""11100110"":2,""11111101"":8,""10111100"":7,""00011011"":3,""00011111"":2,""10010011"":4,""00100000"":9,""01110000"":4,""01010110"":6,""00110111"":1,""01110111"":2,""11100001"":4,""01010111"":3,""00110100"":5,""11100011"":4,""01011110"":5,""00100110"":1,""01100000"":4,""00110110"":1,""10011011"":4,""11110101"":6,""10001001"":14,""11111111"":1,""01101000"":5,""00101100"":2,""01001010"":11,""00001111"":5,""11101101"":9,""00101010"":1,""11111110"":4,""01111100"":4,""10111010"":2,""00111001"":6,""11011110"":10,""10001011"":7,""11101110"":2,""10111000"":5,""01001011"":5,""00101000"":4,""10010110"":2,""01101101"":1,""00101001"":1,""00101110"":2,""10011110"":6,""01110001"":4,""00100101"":1,""00110010"":1,""01000110"":12,""01101011"":2,""00101011"":2,""00111100"":2,""11101011"":5,""00111111"":1,""00011110"":2,""10111001"":1,""11110011"":2,""01110010"":1,""10101110"":1,""10110010"":2,""01111010"":4,""10110110"":1,""11011111"":4,""01101110"":1,""10100010"":2,""10010111"":1,""01100101"":2,""10110101"":1,""11100111"":1,""01101001"":1,""01001111"":1,""00111011"":1,""00111010"":4,""01111001"":1,""00111110"":1,""01101010"":2,""00100011"":1,""00101101"":2}"
3,x,4000,-0.1339999999999999,-0.08850000000000002,0.16949999999999998,-0.0024999999999999467,0.1885,0.3225,0.11099999999999999,-0.6054999999999999,"{""10101011"":47,""11011001"":35,""00001100"":5,""11101001"":22,""11001011"":61,""10001011"":74,""11011010"":33,""10011000"":23,""01001110"":6,""00111100"":4,""10011100"":25,""11111000"":15,""11011110"":38,""10111101"":11,""00001111"":10,""11011100"":31,""11101000"":16,""10111010"":13,""11101111"":14,""01011100"":6,""00011010"":8,""10011011"":44,""10001100"":38,""11001001"":55,""01011101"":3,""10011101"":15,""01101101"":7,""10010100"":25,""11001000"":20,""00001000"":12,""10001000"":49,""10001010"":43,""11010101"":24,""10111001"":24,""11101101"":12,""00001001"":13,""00101100"":14,""10011010"":38,""11001110"":37,""11001010"":35,""10001110"":41,""10010101"":20,""00101000"":9,""11010001"":37,""10001001"":57,""11111100"":10,""10111110"":7,""10000110"":49,""11001101"":26,""10000001"":56,""11011101"":14,""00101010"":8,""11111001"":15,""10001101"":41,""00101001"":18,""01001100"":4,""10011001"":30,""10111011"":27,""11111110"":12,""11111011"":20,""10101010"":37,""00001010"":8,""00011111"":11,""00011000"":6,""00100011"":19,""11001100"":33,""00111000"":5,""10101000"":20,""00011011"":8,""00101101"":9,""11111010"":16,""00001110"":11,""00111010"":7,""11101011"":20,""11011111"":14,""10111100"":7,""11111111"":15,""01111000"":4,""01101011"":7,""00011100"":8,""10011111"":23,""10000100"":44,""00101110"":11,""11010100"":29,""01101100"":5,""11000011"":62,""10111111"":12,""11000101"":29,""01101010"":5,""01101001"":5,""11011000"":14,""11000100"":33,""00011110"":3,""00101011"":8,""01100011"":15,""00100110"":8,""01001111"":6,""01001101"":4,""10101101"":11,""11011011"":28,""00001011"":10,""00011001"":13,""10101001"":24,""11110001"":21,""10001111"":32,""01011110"":4,""10111000"":13,""11111101"":9,""11000111"":40,""10000000"":26,""00111110"":2,""11000110"":43,""00101111"":5,""10101111"":15,""00011101"":4,""01111001"":2,""00000101"":8,""01001011"":9,""00111101"":3,""10110011"":28,""01101000"":6,""10010000"":25,""10100111"":14,""11000010"":22,""10100011"":30,""11100110"":10,""11100100"":15,""10010110"":28,""11010110"":26,""01110010"":4,""10110010"":9,""00010011"":13,""10100101"":11,""10100110"":7,""10000011"":79,""11000000"":27,""11110111"":10,""10010011"":55,""10000111"":50,""11010010"":22,""10110001"":25,""00000011"":20,""11100011"":34,""11010011"":46,""01000111"":5,""11110010"":9,""00010001"":5,""00100000"":5,""01010110"":3,""01010011"":8,""11100000"":13,""10000101"":31,""01110001"":6,""11100001"":21,""11000001"":41,""10010010"":35,""11110000"":6,""00110001"":10,""10101110"":6,""00010000"":2,""00000000"":6,""00100100"":9,""10010001"":31,""00010010"":10,""10000010"":31,""01010001"":4,""11101010"":23,""11100010"":14,""11010111"":25,""10100001"":15,""01100110"":3,""00110101"":6,""00010101"":6,""11001111"":27,""01000000"":5,""00110111"":6,""10100010"":17,""00100111"":14,""10011110"":13,""10100100"":14,""00110110"":8,""01000011"":11,""11110110"":9,""00100101"":8,""00000001"":9,""10010111"":26,""00100001"":12,""11100111"":14,""01000100"":6,""00010110"":5,""11110011"":17,""00000111"":10,""00000010"":8,""00000100"":5,""01000001"":10,""10100000"":13,""10110101"":9,""00010111"":4,""11101100"":9,""01011010"":2,""01011111"":5,""01101111"":3,""01110100"":4,""11110101"":11,""11101110"":11,""00110100"":2,""01111010"":3,""01001001"":8,""10101100"":9,""01001000"":4,""00111111"":2,""01001010"":4,""01101110"":5,""01100111"":5,""01011000"":4,""10110110"":13,""11110100"":9,""11100101"":14,""10110100"":14,""10110111"":10,""00111011"":8,""01100000"":4,""01011011"":8,""01010010"":1,""00100010"":7,""00000110"":13,""00010100"":5,""01010000"":2,""01110011"":7,""01000010"":6,""11010000"":18,""01010111"":5,""01100100"":5,""01000110"":3,""10110000"":11,""01010100"":1,""00110000"":3,""01110111"":2,""01111011"":2,""01111101"":1,""00111001"":8,""01011001"":8,""01010101"":5,""01100101"":5,""01100001"":4,""00001101"":3,""01000101"":1,""01110101"":1,""00110011"":2,""01100010"":2,""01111111"":1,""01110000"":2,""01111100"":1}"
4,x,4000,-0.4675,0.08799999999999997,0.008000000000000007,-0.0024999999999999467,0.27949999999999997,0.0020000000000000018,-0.1895,0.5345,"{""11011111"":5,""01000100"":41,""00010001"":14,""01101011"":73,""01000001"":59,""00000100"":11,""00110001"":14,""10000001"":25,""01100100"":25,""01110011"":45,""01000101"":81,""01000110"":20,""11000101"":12,""01010011"":16,""10110111"":10,""00100101"":45,""00011101"":25,""01100101"":86,""01001001"":57,""01001101"":78,""00100000"":13,""01110100"":19,""01000111"":29,""10110011"":12,""10100011"":11,""00000101"":29,""01101101"":61,""01100010"":33,""01110101"":57,""01000000"":26,""10000011"":39,""01110000"":18,""00101101"":40,""00000111"":16,""00100111"":25,""01010101"":37,""01100011"":77,""10010111"":5,""10110001"":6,""01110010"":14,""11010001"":3,""01100001"":62,""10000111"":22,""00100100"":15,""01101010"":34,""11000010"":4,""01100111"":31,""11010101"":6,""00110100"":8,""11000111"":5,""01110001"":33,""00110011"":15,""00100010"":18,""01101001"":49,""01100000"":19,""10011100"":7,""10110101"":22,""10000010"":15,""01000011"":77,""01110110"":13,""00000010"":12,""00010100"":8,""10100100"":4,""11110001"":5,""01010111"":20,""00100110"":13,""00100001"":36,""10010100"":8,""10000101"":41,""00000001"":17,""11011011"":8,""00010011"":14,""11110100"":2,""11010011"":9,""01100110"":17,""01000010"":34,""10010001"":14,""11010100"":5,""10001001"":18,""00101000"":9,""01011100"":9,""00001111"":15,""10100001"":4,""10100101"":11,""01111101"":81,""01010001"":11,""11000100"":6,""01010010"":8,""11110011"":4,""10011011"":17,""11000011"":9,""01111011"":62,""10011001"":15,""11010111"":6,""00001011"":35,""00010101"":12,""00000110"":2,""00110000"":4,""01101111"":27,""01111111"":37,""00100011"":43,""01110111"":27,""10110010"":8,""10111011"":12,""11100101"":10,""11110101"":5,""10111001"":5,""01001111"":29,""00000011"":25,""00110101"":14,""01111100"":29,""10000100"":12,""00010010"":7,""10100000"":2,""10010011"":5,""10010101"":20,""00110111"":8,""10001111"":19,""10100010"":6,""10110000"":3,""11110110"":1,""10011110"":3,""01011101"":38,""11100010"":2,""10001010"":14,""00001101"":44,""01001011"":81,""01001010"":35,""11000001"":5,""10011111"":7,""10011101"":22,""10101011"":11,""01101110"":13,""00010111"":14,""10101101"":13,""11100001"":2,""00110010"":3,""00000000"":6,""10110100"":4,""01101100"":30,""10001101"":43,""01010100"":11,""10001110"":7,""10000000"":3,""11000000"":2,""01010110"":12,""11011100"":7,""00101011"":51,""10111101"":17,""01011010"":14,""10010000"":8,""10010110"":2,""11010010"":3,""00001100"":18,""00110110"":3,""10001011"":34,""10100111"":3,""00111000"":4,""01011011"":23,""00011011"":22,""00011111"":10,""11111101"":6,""11101011"":9,""01111001"":45,""01001000"":17,""00001001"":25,""00111101"":22,""11001111"":4,""00101001"":31,""00111011"":16,""01011111"":11,""10111111"":7,""00111111"":6,""00011001"":9,""01001100"":29,""10101010"":4,""01111010"":24,""10011010"":7,""11100011"":5,""00010110"":3,""00010000"":3,""01010000"":8,""11110111"":2,""00001110"":9,""00101010"":13,""11011001"":5,""10001100"":9,""11001011"":11,""10010010"":1,""10000110"":9,""11101101"":4,""11111011"":7,""10111100"":9,""00011100"":4,""11001101"":23,""10101001"":7,""11011010"":6,""11001001"":9,""00101100"":10,""00101110"":5,""01011001"":9,""10101110"":1,""11011101"":14,""00111001"":9,""00101111"":21,""00001010"":7,""10011000"":3,""01101000"":12,""11101001"":4,""11001100"":5,""00111100"":8,""00111110"":1,""01111000"":10,""11111010"":1,""11011110"":3,""01111110"":12,""00011000"":1,""11101111"":4,""01001110"":10,""10101100"":2,""00011010"":9,""11010110"":2,""00001000"":3,""11111100"":1,""10100110"":1,""11110010"":2,""01011110"":5,""00011110"":1,""11101100"":4,""00111010"":6,""11111110"":1,""10001000"":5,""11011000"":2,""11100100"":3,""11100111"":1,""10110110"":1,""10101111"":4,""10111000"":2,""11111000"":2,""11100110"":1,""11111001"":1,""10101000"":1,""11001110"":1}"
5,x,4000,0.049000000000000044,0.025499999999999967,-0.10850000000000004,0.015000000000000013,0.25,0.35550000000000004,0.37949999999999995,0.058499999999999996,"{""00000101"":55,""10010001"":9,""01001000"":6,""01110011"":5,""11010110"":13,""00110100"":29,""10000101"":31,""11110100"":26,""00000010"":44,""10100010"":3,""01110111"":8,""10000100"":45,""00000100"":96,""11000011"":36,""11110000"":24,""00110000"":23,""00001111"":87,""11110011"":17,""10011110"":11,""10000110"":32,""00100001"":5,""11010100"":10,""00000011"":82,""10110100"":24,""11010111"":13,""10110111"":14,""10010110"":6,""01110000"":12,""01000100"":15,""10000111"":43,""10001011"":37,""00100011"":17,""00010101"":12,""00001101"":56,""00010110"":16,""00100110"":12,""01010001"":2,""10110001"":5,""00010001"":15,""00000000"":84,""10001110"":36,""00000110"":70,""00010000"":31,""00100101"":3,""11000001"":19,""11000000"":41,""10000001"":17,""00110101"":22,""00110011"":12,""10110000"":15,""00000001"":43,""11000100"":32,""00010111"":26,""00100111"":15,""01011001"":2,""11100100"":11,""00100000"":13,""11001101"":16,""01000111"":8,""00000111"":83,""10010011"":10,""11011111"":6,""01100111"":6,""10111011"":14,""11000101"":17,""10011000"":14,""01000101"":7,""11100011"":10,""11100111"":3,""00001001"":29,""10000011"":20,""11100000"":13,""01110110"":9,""11111101"":9,""10010010"":4,""00010011"":15,""10100000"":11,""01010100"":6,""01000000"":10,""00011101"":16,""00111111"":24,""10010000"":25,""11010000"":9,""10001000"":43,""10000000"":39,""11110111"":17,""00100100"":16,""01011111"":7,""10010111"":12,""10101110"":5,""11000010"":15,""01100001"":2,""00111101"":14,""00110110"":14,""00110001"":8,""01100110"":3,""11110010"":9,""11110110"":12,""10100111"":8,""00010010"":8,""00110111"":27,""11000111"":28,""10110101"":10,""01100101"":4,""01110010"":7,""00001011"":82,""10100011"":6,""11100110"":8,""11010010"":4,""11001111"":41,""01010000"":7,""10010101"":10,""11100101"":8,""11001100"":45,""10111001"":7,""10011011"":8,""00001100"":77,""00011000"":26,""10111010"":13,""11111011"":13,""11011000"":13,""00001000"":77,""00001110"":50,""01011000"":2,""11011100"":10,""01010110"":1,""01001100"":8,""00011110"":23,""11101101"":8,""00111110"":20,""01101010"":3,""00111011"":22,""00111100"":28,""11110101"":17,""00111010"":9,""11101001"":4,""10001001"":28,""11101110"":2,""00011011"":17,""10001010"":16,""00101011"":13,""11001011"":24,""00101100"":13,""11001000"":19,""00101000"":9,""10011100"":16,""10001100"":46,""01001111"":10,""11001010"":16,""01011110"":5,""11001110"":19,""11111111"":30,""11111110"":11,""10001111"":46,""11001001"":26,""11101111"":12,""00111000"":20,""10111000"":14,""11101000"":5,""11111001"":12,""00111001"":8,""01111000"":9,""10011101"":4,""01111110"":3,""10000010"":20,""10110010"":14,""01010111"":3,""00010100"":8,""10110110"":12,""10110011"":14,""01110100"":9,""10100110"":4,""01000010"":2,""11000110"":19,""01000001"":2,""10111110"":10,""10010100"":12,""11010001"":4,""00011001"":12,""10100100"":7,""00011111"":34,""01011100"":3,""01101001"":4,""00011010"":10,""11011011"":9,""10111100"":22,""00011100"":23,""11111000"":15,""10101000"":9,""10111101"":7,""11011110"":4,""11010101"":6,""00001010"":33,""01101100"":9,""01011011"":3,""10001101"":23,""00101111"":9,""01101111"":8,""10011111"":7,""01111111"":10,""01101101"":3,""11010011"":4,""11011101"":4,""11110001"":7,""10011010"":6,""01000011"":6,""01010010"":3,""01001011"":6,""01110101"":8,""11100010"":4,""01110001"":2,""10100001"":2,""01000110"":7,""00110010"":9,""01111011"":8,""11011010"":5,""11101011"":10,""10101100"":10,""10101010"":5,""11101100"":9,""00101110"":11,""01001001"":3,""11111100"":26,""01111100"":9,""11011001"":8,""11111010"":12,""01010101"":5,""00101010"":5,""10111111"":16,""00101101"":5,""01100000"":2,""01010011"":1,""00101001"":8,""01001010"":5,""10101101"":2,""01101000"":4,""11101010"":5,""01001101"":3,""01111001"":3,""01101011"":5,""01111010"":6,""01100100"":3,""01011101"":3,""01011010"":2,""01111101"":8,""10101011"":6,""10011001"":4,""11100001"":4,""10100101"":3,""01100011"":3,""10101111"":2,""00100010"":1,""01101110"":1,""01001110"":3,""01100010"":1,""10101001"":1}"
6,x,4000,0.484,-0.046499999999999986,0.12649999999999995,-0.0024999999999999467,0.04800000000000004,0.688,-0.1080000000000001,0.17600000000000005,"{""01000111"":31,""01010000"":56,""11100100"":4,""00010000"":40,""11100110"":5,""00001100"":45,""01000000"":96,""01000100"":48,""10100001"":4,""10010100"":24,""00000010"":49,""00010010"":26,""01010111"":38,""01010100"":49,""01010011"":19,""11000111"":16,""01010110"":49,""01000010"":74,""00000011"":18,""11000011"":12,""01011000"":71,""01100101"":2,""01011110"":46,""10000110"":17,""00000100"":35,""10000010"":41,""11100000"":10,""10010000"":35,""01100110"":7,""01010010"":59,""11001110"":20,""00000001"":7,""10100010"":13,""01110101"":4,""10010110"":36,""11010010"":34,""01000110"":56,""11000000"":31,""00000000"":40,""10110010"":9,""10000000"":43,""00110000"":8,""00000111"":13,""10010010"":40,""01001110"":43,""00100111"":6,""11110000"":2,""11010000"":26,""01011100"":64,""01100010"":10,""01001111"":37,""01001000"":77,""11010100"":24,""11000010"":45,""01100000"":7,""11001010"":35,""00100000"":9,""10010011"":16,""00001010"":42,""00100110"":6,""00000110"":31,""10110000"":12,""10000011"":22,""11100010"":8,""01000011"":31,""10110111"":5,""10101010"":10,""00010100"":26,""01010001"":13,""11001100"":26,""00011100"":29,""11011110"":23,""01101010"":10,""00011000"":32,""01011010"":84,""00001111"":15,""00011001"":14,""00011101"":5,""10011100"":45,""10111111"":5,""10001110"":23,""01101100"":7,""00111100"":5,""11011010"":34,""10000100"":18,""01001010"":63,""00011010"":37,""11101100"":11,""11111100"":6,""01111010"":15,""11011100"":32,""11001111"":11,""10011111"":18,""11001011"":12,""01001100"":67,""01001011"":24,""00011110"":16,""00111000"":9,""01001001"":8,""00001011"":21,""01011111"":27,""00111010"":11,""10101111"":3,""01111100"":9,""11000001"":11,""10011110"":20,""11001101"":7,""11011000"":31,""10111000"":10,""10011000"":41,""10111100"":11,""00001000"":38,""00101010"":7,""00011111"":10,""01101110"":2,""10101011"":4,""00101100"":8,""00010111"":19,""01011011"":20,""00000101"":10,""11010110"":18,""11110010"":7,""11111010"":7,""00110101"":3,""01000001"":18,""10000111"":27,""10011010"":34,""11010001"":9,""11010111"":15,""10100111"":7,""10010001"":7,""00010110"":23,""11100101"":1,""01110011"":2,""00010001"":13,""11000110"":23,""10110110"":4,""00100010"":9,""01110010"":9,""11010011"":3,""11110011"":4,""10010111"":19,""11100111"":3,""10000001"":10,""10110100"":9,""10100110"":9,""01110000"":9,""00110010"":10,""10001100"":30,""10100000"":9,""00110100"":8,""00010011"":8,""01110100"":7,""10110011"":6,""00101001"":2,""11000100"":17,""11001001"":9,""01111111"":1,""00001101"":5,""10001101"":6,""11011101"":3,""10101100"":10,""10111010"":17,""10011001"":11,""01001101"":17,""10001000"":32,""10111101"":3,""10101110"":6,""00001001"":15,""11001000"":44,""00001110"":20,""11101111"":7,""01111011"":4,""11111110"":3,""01011101"":12,""11011011"":7,""11101001"":3,""01111000"":6,""11011111"":11,""10011011"":10,""01101000"":9,""11000101"":9,""10100011"":5,""01101001"":5,""11100001"":3,""10010101"":9,""11010101"":9,""11110100"":4,""01100001"":3,""01000101"":8,""10001111"":14,""00100100"":6,""10110001"":1,""01011001"":11,""01100111"":2,""00110001"":3,""00110110"":3,""01110001"":4,""10001010"":36,""01100100"":4,""11101110"":3,""10101000"":11,""00101000"":6,""00101110"":3,""00011011"":14,""10001011"":18,""11111111"":1,""11111000"":4,""10001001"":7,""10011101"":4,""11111011"":3,""01101101"":4,""00111111"":5,""11101101"":1,""11110111"":2,""11110110"":1,""01010101"":9,""00010101"":5,""01110110"":3,""01100011"":1,""10110101"":2,""01101011"":4,""11101011"":4,""00111110"":6,""10111110"":2,""11011001"":6,""11101000"":5,""10100100"":3,""01111110"":5,""10111001"":4,""01101111"":3,""10100101"":1,""00110111"":2,""00100101"":1,""10000101"":4,""00100011"":2,""01110111"":1,""00101111"":2,""11111001"":3,""00111001"":1,""00110011"":1,""00101101"":1,""10111011"":2,""00111101"":1,""01111101"":1,""10101101"":1,""11101010"":1,""10101001"":2,""11110001"":1,""00101011"":1,""00100001"":1,""11100011"":1}"
7,x,4000,-0.403,0.124,0.06000000000000005,-0.0040000000000000036,0.27149999999999996,-0.4185000000000001,0.17100000000000004,0.4585,"{""00100100"":19,""01000111"":13,""01100101"":85,""01000011"":23,""11100111"":15,""01100001"":76,""00010001"":25,""11010001"":1,""00100101"":57,""00001001"":28,""11100011"":11,""00110011"":42,""00000101"":45,""00110101"":29,""10000000"":3,""01100010"":38,""10010010"":7,""01110011"":34,""10100001"":43,""01110101"":27,""00001101"":39,""00000110"":9,""01100011"":64,""00010011"":21,""00110100"":18,""01110010"":14,""10100000"":13,""00000100"":41,""00000111"":20,""00010100"":17,""10100111"":25,""10000001"":6,""10111100"":19,""01001100"":11,""00100111"":34,""00000001"":33,""11100101"":15,""01000000"":11,""01110111"":16,""10111011"":26,""11100010"":4,""11110101"":5,""10110011"":21,""10100011"":34,""00110010"":9,""00010101"":25,""01101001"":97,""10011000"":3,""10100100"":24,""01110001"":18,""01000010"":6,""10010111"":4,""10110001"":22,""01101101"":72,""01100100"":47,""00110001"":33,""01000001"":19,""00100001"":36,""11110111"":5,""00010010"":12,""00011101"":27,""11100100"":5,""01100000"":31,""00100000"":21,""01000101"":19,""11110100"":3,""10100010"":20,""00101111"":30,""11010111"":1,""11000011"":7,""01010001"":8,""01100111"":41,""01001110"":4,""01101011"":74,""01101010"":39,""00101011"":41,""10101100"":15,""00001111"":29,""01111101"":40,""10111001"":45,""01101111"":48,""10100101"":59,""00001100"":12,""00101101"":44,""10111000"":12,""00101100"":20,""00011001"":25,""00011010"":10,""01101110"":15,""00111101"":45,""00111010"":12,""01001001"":26,""00001011"":46,""11101101"":10,""10101010"":17,""10101000"":11,""11101001"":6,""10011111"":3,""00101110"":12,""00111000"":12,""10111101"":40,""00101010"":22,""01001101"":28,""00010110"":11,""00111011"":39,""10101011"":44,""10101001"":43,""01101000"":22,""00111001"":44,""10000101"":8,""10011001"":10,""01111010"":15,""00001110"":8,""11111100"":6,""10101111"":20,""00111110"":12,""00101001"":38,""00000010"":18,""01001000"":9,""10101101"":44,""11011101"":4,""00011011"":28,""11001000"":1,""00011000"":9,""01111001"":27,""01101100"":22,""01111111"":19,""11110001"":8,""00101000"":17,""10101110"":7,""01111011"":30,""11101100"":3,""00111111"":22,""01001111"":24,""01111100"":20,""10001011"":4,""01001011"":31,""11111010"":5,""00110111"":25,""10001010"":3,""11011011"":1,""00001010"":23,""11101000"":2,""01011000"":3,""00000011"":42,""10111111"":19,""11110000"":3,""00010000"":7,""01010100"":7,""00111100"":9,""10110000"":11,""01011101"":10,""11001011"":3,""00001000"":15,""11001100"":2,""11111001"":12,""01011110"":2,""11111111"":4,""10110101"":18,""01111000"":7,""00011111"":10,""00100011"":33,""01110100"":18,""00010111"":7,""01100110"":23,""01010101"":6,""11010011"":2,""00000000"":21,""10110111"":16,""01000110"":3,""01010011"":6,""11000001"":3,""10111110"":8,""10000111"":5,""00100010"":15,""11100001"":7,""00100110"":17,""01000100"":9,""11101111"":8,""11111011"":5,""10111010"":10,""10010011"":4,""10011100"":3,""10011101"":4,""01010000"":3,""01011001"":6,""11101011"":8,""01001010"":6,""10001101"":5,""01011111"":4,""00011100"":9,""11001111"":1,""01010010"":2,""01011011"":7,""10010000"":2,""00011110"":8,""01111110"":10,""10011011"":8,""01011010"":1,""10001111"":1,""11001001"":6,""10100110"":9,""11110010"":6,""11110011"":5,""10110010"":11,""01110110"":8,""10110100"":14,""10000011"":3,""11010110"":1,""11100000"":5,""00110000"":6,""10010100"":5,""01011100"":3,""11111000"":3,""11101110"":1,""11010101"":3,""10010001"":8,""11110110"":6,""11100110"":7,""01110000"":6,""00110110"":9,""11000111"":3,""11000101"":3,""11001010"":2,""10010101"":4,""11000000"":2,""10110110"":6,""11000010"":1,""10011010"":2,""11011001"":1,""10001001"":4,""10000110"":2,""11101010"":2,""11001110"":1,""11001101"":1,""10001000"":2,""11000100"":2,""01010110"":1,""11111101"":1,""01010111"":1,""11010000"":4,""10000100"":1,""11010100"":1}"
8,x,4000,0.43000000000000005,-0.050999999999999934,-0.25950000000000006,0.0024999999999999467,0.138,0.3115,-0.5785,-0.12250000000000005,"{""10011101"":7,""11001011"":21,""11101000"":21,""01001010"":40,""11110100"":33,""11111110"":47,""01111100"":34,""01001000"":14,""01011110"":40,""11000010"":70,""01001100"":66,""01101110"":16,""11111010"":25,""11011110"":62,""11001101"":40,""11001100"":70,""11101110"":36,""01001011"":22,""01011101"":10,""01111010"":25,""01001110"":75,""01010010"":35,""01111000"":14,""01110100"":39,""01011011"":12,""01011000"":19,""11101100"":37,""11011000"":33,""11001110"":84,""11011010"":39,""00011010"":7,""10111100"":6,""11101101"":17,""11101111"":13,""11001001"":13,""00001100"":15,""00101010"":2,""11001010"":46,""11011100"":40,""11100000"":20,""01011111"":12,""01111110"":36,""11000100"":83,""00111010"":4,""01011100"":31,""00011100"":14,""11001111"":28,""10001110"":25,""00001000"":8,""01101100"":19,""01101101"":12,""01001101"":32,""01011010"":23,""01101010"":15,""10011100"":15,""11001000"":28,""11101010"":19,""10001101"":17,""00001110"":8,""10000111"":6,""10011010"":7,""01000001"":7,""10100000"":4,""11010110"":40,""01100101"":12,""01000100"":76,""01100100"":22,""01000101"":49,""10010100"":7,""11011111"":12,""11000110"":93,""11000000"":42,""11010000"":15,""00110100"":5,""00110000"":6,""01010000"":29,""01000010"":48,""01000000"":37,""11110000"":9,""11100110"":39,""11100010"":27,""00100110"":7,""10101100"":10,""00110110"":13,""11110001"":7,""11010100"":30,""01010110"":25,""11110010"":18,""11010101"":22,""01110101"":12,""00010000"":6,""10110000"":6,""10000000"":13,""11000101"":40,""11010010"":22,""01110001"":6,""10000110"":35,""00000101"":6,""10100010"":6,""10100101"":4,""11100011"":9,""01111101"":16,""01100010"":13,""01000110"":80,""00010100"":9,""11000111"":22,""10000101"":19,""10110010"":11,""00101101"":4,""10101110"":5,""01110010"":26,""00000100"":13,""10010000"":8,""10100001"":2,""11110110"":42,""11010011"":12,""01000111"":21,""10000010"":18,""11110011"":6,""01001111"":22,""10101101"":6,""10111010"":5,""11111100"":44,""10110110"":10,""01101111"":9,""00001111"":3,""00101011"":2,""11000001"":22,""10001001"":3,""01001001"":10,""11100111"":7,""00001010"":13,""00011000"":4,""11111000"":18,""11101011"":9,""11011101"":17,""11111001"":7,""10011110"":15,""10111001"":3,""01111111"":17,""11011011"":14,""10001111"":8,""10011111"":3,""10011011"":5,""00010110"":11,""10101000"":2,""10001010"":24,""00111100"":17,""00111101"":6,""01010011"":6,""01100110"":20,""01100011"":6,""00110101"":4,""11000011"":28,""00111111"":3,""11110101"":17,""01100111"":10,""10010110"":13,""01110110"":25,""10010010"":10,""00110010"":12,""10011001"":7,""10110111"":3,""10010111"":3,""00010101"":3,""01100001"":6,""11100101"":19,""10000001"":8,""01000011"":16,""00010111"":6,""00010011"":5,""00110011"":2,""01110000"":17,""00000110"":17,""11100100"":19,""11100001"":10,""11010001"":8,""00000000"":7,""00001011"":4,""10100110"":6,""11111101"":18,""11010111"":18,""10110011"":3,""01010100"":24,""10000100"":19,""00110001"":4,""01010111"":10,""00000011"":2,""11111111"":7,""01110111"":8,""01110011"":6,""00011111"":4,""01101000"":11,""01011001"":13,""10111000"":3,""00011001"":1,""01111011"":7,""00111110"":15,""00011110"":11,""00001101"":2,""00111000"":7,""11101001"":7,""10001100"":17,""10001011"":7,""10111110"":11,""00011011"":3,""10100100"":5,""10101010"":3,""01010001"":10,""00101100"":1,""01100000"":8,""11111011"":9,""10110100"":6,""00111001"":4,""00000010"":14,""11110111"":9,""00010010"":8,""10010011"":3,""10111111"":5,""01010101"":14,""00100000"":3,""10110101"":4,""11011001"":10,""01111001"":7,""10001000"":14,""10000011"":4,""10110001"":3,""01101011"":3,""00011101"":7,""10010101"":10,""10011000"":4,""00010001"":3,""01101001"":3,""10111101"":4,""00100101"":1,""00100100"":4,""10101111"":3,""10101001"":1,""00100010"":1,""00000001"":1,""00101110"":2,""10101011"":1,""00000111"":1,""10111011"":1,""00001001"":1,""00110111"":1}"
9,x,4000,0.07899999999999996,0.015000000000000013,-0.1915,-0.0129999999999999,-0.03849999999999998,0.7415,-0.5685,-0.21300000000000008,"{""01000100"":43,""01000010"":43,""01000101"":53,""11010101"":66,""11000101"":44,""11010000"":35,""10010000"":17,""01000111"":47,""01010010"":58,""11000011"":31,""10000010"":17,""11000111"":52,""01010011"":29,""01010000"":37,""10110010"":5,""10101100"":8,""01010111"":50,""10010001"":14,""11010100"":45,""01010100"":63,""11010010"":59,""11010001"":25,""11011110"":62,""01010001"":27,""10010100"":25,""01011010"":49,""10100001"":4,""11000110"":44,""01110001"":2,""10010101"":20,""10010111"":29,""01100111"":2,""10010011"":10,""10000110"":17,""11000100"":57,""01010101"":63,""10000000"":13,""10000001"":13,""11010111"":60,""01000011"":26,""01001111"":47,""11100011"":4,""11110100"":5,""11010011"":26,""11010110"":46,""11100100"":13,""11011010"":61,""10011100"":18,""11000010"":45,""00100110"":3,""00100000"":4,""11110010"":5,""10000101"":25,""11011011"":30,""01000001"":33,""11011100"":73,""11001111"":53,""01000110"":25,""11100010"":7,""00000101"":5,""00000110"":5,""01100101"":6,""10000111"":27,""11000001"":29,""10000011"":17,""01001000"":28,""01110100"":4,""00001010"":2,""11100110"":10,""01000000"":29,""10110001"":4,""00011110"":3,""00000000"":2,""11000000"":36,""11011111"":67,""11101100"":13,""00100001"":3,""01011100"":48,""10010010"":26,""01001100"":70,""01010110"":36,""11110001"":5,""01011011"":16,""01110111"":3,""00110000"":5,""10111001"":4,""11111001"":7,""11100000"":7,""10100011"":1,""01011110"":35,""00110011"":4,""11110101"":11,""10100111"":3,""11101101"":9,""11110111"":9,""10100100"":4,""10110111"":6,""11011000"":54,""00010010"":5,""00000111"":7,""10000100"":23,""01100100"":2,""10111110"":4,""11011101"":74,""10101101"":6,""10001100"":26,""10001110"":18,""10110101"":9,""10110110"":3,""10011110"":21,""10100010"":6,""01100110"":3,""00010100"":4,""10010110"":17,""11001011"":36,""10100101"":2,""10001011"":5,""10011011"":10,""00110100"":7,""01001011"":22,""11111000"":8,""11001110"":48,""01011111"":45,""11001000"":34,""11101110"":17,""11001010"":44,""01101000"":4,""01001001"":34,""00001101"":3,""11001100"":65,""00101010"":5,""11001101"":62,""11001001"":25,""01001010"":46,""01001110"":54,""11111010"":8,""00001100"":7,""01110010"":3,""01011000"":44,""01011101"":47,""11111100"":5,""11111101"":9,""11011001"":28,""11101111"":7,""01111100"":2,""01011001"":30,""00110101"":4,""00110001"":6,""00100100"":4,""11110110"":2,""11100101"":5,""10100000"":2,""00011000"":2,""10011101"":15,""11110000"":9,""00010101"":2,""00010110"":4,""00000010"":2,""00010111"":1,""01110110"":7,""10001101"":20,""01110011"":2,""01111010"":5,""10100110"":4,""11100111"":3,""10110000"":3,""00110111"":3,""01001101"":37,""10111101"":7,""10111111"":6,""01101010"":3,""01101100"":3,""10011010"":26,""00111010"":2,""00111100"":2,""00011010"":6,""10101110"":7,""00101110"":2,""10001000"":12,""10011000"":11,""11101000"":8,""00111000"":3,""10011001"":9,""10001111"":18,""11101011"":6,""00111111"":3,""00101101"":4,""10111100"":5,""10001010"":15,""11111110"":6,""11101001"":8,""11111111"":10,""00011101"":6,""01111101"":2,""10011111"":18,""10111011"":1,""00111101"":3,""10101111"":4,""00011001"":3,""01101110"":5,""00101100"":6,""00001011"":2,""00001000"":1,""00111110"":1,""10101000"":2,""00110010"":4,""10101011"":2,""11101010"":6,""11100001"":2,""00000001"":2,""01100010"":2,""01100011"":1,""10101010"":2,""01101111"":3,""00101011"":1,""10111010"":4,""01101101"":4,""00111011"":2,""00001111"":2,""00011111"":2,""00101001"":2,""10001001"":7,""01100000"":2,""00010000"":5,""01110101"":1,""00010001"":1,""00000011"":4,""11110011"":4,""00100101"":2,""00100010"":1,""10110100"":1,""00011100"":4,""00101111"":1,""01100001"":1,""00110110"":2,""10111000"":1,""01111011"":2,""01111111"":1,""11111011"":3,""00001001"":1,""00100111"":1,""00000100"":1,""01111000"":1}"
10,x,4000,-0.37850000000000006,0.527,0.21750000000000003,-0.02499999999999991,0.235,0.761,-0.1160000000000001,0.534,"{""10101011"":2,""10011011"":15,""01011111"":14,""01001001"":158,""00011101"":31,""10001001"":41,""00001001"":105,""00111101"":13,""01000100"":78,""11001110"":2,""00001111"":24,""01001101"":123,""01011101"":50,""01011001"":109,""00000010"":14,""01000101"":136,""00001100"":38,""00101001"":9,""01001111"":34,""01001011"":50,""01001100"":69,""10011010"":8,""11101001"":6,""00001011"":46,""11001001"":27,""01111101"":5,""01111010"":4,""10011001"":36,""01011110"":8,""00011111"":14,""00001101"":61,""01111011"":8,""10001011"":19,""01001110"":15,""01000001"":155,""10101101"":3,""00000100"":26,""10100001"":8,""10001100"":24,""01011100"":22,""11001101"":22,""10010001"":23,""11001000"":11,""10111001"":5,""10011101"":13,""10100101"":2,""00011000"":24,""01011000"":56,""01101111"":3,""00001000"":35,""11011001"":11,""01101101"":7,""11111001"":12,""10001101"":37,""01001000"":79,""00010001"":58,""01010000"":43,""01100001"":14,""00100001"":10,""10000101"":38,""01010100"":28,""11000010"":4,""11000001"":24,""00000001"":106,""00000000"":50,""00110000"":3,""10010101"":26,""01000011"":60,""00000101"":78,""00010101"":34,""01000110"":12,""11000110"":3,""10010100"":9,""11101101"":4,""10110001"":5,""01110001"":18,""00010011"":21,""01111000"":7,""01000000"":74,""01010001"":91,""10000001"":43,""01011011"":35,""00110101"":10,""10010000"":14,""00010000"":30,""00000111"":20,""11000011"":13,""00010111"":10,""01010011"":28,""01100000"":9,""01010101"":48,""01110000"":11,""11110011"":4,""00000011"":50,""01110101"":13,""11011000"":8,""11010011"":6,""11110001"":12,""10000011"":20,""11010000"":8,""00000110"":8,""00100011"":3,""01000111"":31,""00010100"":21,""11010010"":1,""10010011"":10,""01010111"":15,""01100101"":9,""10000100"":14,""11010001"":9,""00011001"":77,""00111011"":5,""11100110"":2,""01110011"":5,""01101001"":18,""00011011"":33,""01000010"":25,""11000111"":6,""00100101"":4,""00100111"":2,""01010010"":7,""00110100"":3,""01010110"":4,""10001000"":29,""10001111"":13,""00111000"":10,""11001100"":6,""11011011"":6,""10101001"":5,""11000100"":3,""10000110"":4,""10011000"":16,""11001010"":2,""01001010"":24,""00001010"":15,""01111100"":10,""11111000"":6,""00111100"":5,""00101100"":5,""01011010"":12,""00011100"":14,""10001110"":4,""11011111"":4,""00011010"":5,""01101000"":4,""11111100"":5,""11010101"":8,""01111001"":13,""11011100"":3,""10101010"":1,""00101000"":2,""10001010"":7,""10011100"":13,""01101100"":4,""10000010"":9,""11001011"":8,""00111001"":14,""00001110"":6,""11111011"":5,""11110111"":4,""10011111"":3,""11011101"":10,""00111111"":3,""00011110"":1,""01111111"":3,""10111100"":4,""00111010"":1,""00101101"":3,""11111101"":9,""10100000"":1,""10100100"":3,""10000000"":19,""10110000"":3,""01110100"":2,""11010111"":4,""10000111"":7,""11000000"":6,""01100011"":4,""11001111"":5,""11111010"":2,""11101100"":1,""10101000"":3,""11011110"":3,""00101010"":1,""10111101"":4,""01101110"":2,""01110111"":2,""11011010"":4,""10111000"":3,""11000101"":12,""10010111"":3,""11100001"":5,""00110001"":6,""01100111"":2,""00010010"":8,""10010110"":2,""10010010"":1,""01100010"":1,""01111110"":2,""11010100"":5,""11110000"":4,""11110101"":7,""11100101"":2,""11110100"":4,""00110011"":4,""01100100"":3,""11100100"":1,""01110010"":1,""10110100"":1,""00110111"":2,""10110101"":4,""01110110"":1,""11010110"":1,""10011110"":1,""01101011"":3,""00111110"":1,""11101110"":1,""11111110"":1,""11101011"":3,""00110010"":2,""11110010"":2,""10110011"":1,""10101111"":1,""00100010"":2,""11100011"":1,""11110110"":1,""11100000"":1,""10100111"":1,""11101000"":1,""00100000"":1}"
11,x,4000,-0.4710000000000001,-0.0774999999999999,0.242,-0.031500000000000083,0.5085,0.43999999999999995,-0.028999999999999915,0.09450000000000003,"{""11000110"":10,""11000011"":34,""11110011"":22,""10001011"":63,""01000001"":81,""00001111"":80,""11001011"":42,""00000001"":114,""11100001"":52,""00000011"":102,""11101111"":34,""10000101"":33,""10000010"":18,""00000100"":12,""01000011"":58,""00000000"":23,""01000101"":32,""00000111"":71,""10010001"":20,""10000011"":44,""00110001"":17,""00000110"":18,""11010101"":6,""01010010"":4,""11110101"":10,""01001111"":45,""10000110"":17,""10000000"":7,""11100110"":16,""11100101"":37,""11000001"":44,""10010011"":9,""00001011"":116,""01000010"":37,""01100111"":3,""01110001"":18,""01110000"":11,""00110110"":3,""00100011"":5,""01001011"":72,""10010101"":12,""00010011"":20,""10000001"":45,""10100001"":11,""11010110"":4,""11100011"":40,""10100000"":2,""11110001"":20,""11111011"":21,""11000111"":27,""01111111"":14,""01100101"":4,""10000111"":30,""01010001"":15,""11011000"":5,""11000010"":23,""10110011"":8,""00110101"":8,""11000101"":22,""01100011"":4,""10110001"":5,""00001001"":110,""01110111"":16,""11011111"":14,""10001001"":77,""10001111"":36,""00001110"":27,""10001110"":14,""00011111"":6,""11011011"":4,""01001101"":46,""01011111"":12,""01111011"":22,""11111001"":20,""11101001"":48,""01011011"":13,""10111101"":2,""10001010"":26,""00001010"":61,""11001001"":43,""10001000"":16,""00001000"":23,""11001010"":22,""11111000"":9,""10101101"":5,""01000111"":47,""01001001"":70,""10111011"":9,""11101011"":43,""01001010"":37,""10101011"":13,""11101100"":5,""00001100"":16,""00011001"":12,""00001101"":54,""00000010"":58,""11111101"":10,""01011000"":2,""11011010"":3,""10111110"":3,""10101001"":10,""00101000"":3,""01111100"":4,""00111001"":9,""11111111"":15,""01111101"":10,""01001110"":16,""10101010"":9,""11101101"":27,""11011101"":5,""10001101"":39,""11001110"":11,""10111111"":5,""11101110"":19,""11001101"":22,""11011001"":8,""11010010"":3,""00000101"":44,""01110010"":10,""11100100"":4,""11010011"":11,""11010001"":14,""11010111"":7,""10100111"":10,""10100100"":3,""11010000"":2,""10011101"":11,""01101101"":3,""00100001"":12,""10011001"":11,""11100111"":22,""11000100"":8,""00110010"":2,""01100110"":2,""00010001"":13,""01110101"":10,""10100101"":7,""11110000"":6,""11100010"":21,""10100011"":10,""01010110"":10,""01010011"":17,""10010000"":3,""01101001"":10,""00100111"":5,""01010000"":4,""11000000"":9,""11100000"":12,""10010111"":8,""01110100"":6,""10010110"":6,""01000100"":9,""10111001"":7,""00101111"":6,""11001111"":28,""01001000"":28,""10111010"":4,""11111010"":10,""10011111"":10,""00101001"":3,""10011110"":7,""01110110"":12,""11101010"":19,""01101011"":4,""10011011"":10,""01011101"":11,""01101110"":1,""10010100"":4,""00011110"":6,""01111010"":18,""01111001"":23,""00111101"":4,""01101010"":4,""10101111"":9,""01000110"":14,""00011100"":2,""01001100"":14,""11001100"":14,""01011001"":18,""11111110"":4,""11101000"":11,""01011110"":8,""00101110"":3,""11001000"":10,""00100110"":3,""10111000"":1,""01111110"":5,""10001100"":7,""10011000"":5,""10101110"":3,""00011011"":11,""00011101"":6,""00111011"":10,""10000100"":11,""00111111"":3,""01011100"":3,""01000000"":13,""10011100"":3,""00110000"":6,""01011010"":2,""11110111"":11,""00100101"":3,""00010000"":4,""11110100"":2,""00010110"":5,""01100001"":5,""01010101"":19,""01010111"":12,""00111010"":1,""10011010"":3,""01101100"":2,""00101010"":2,""10101100"":4,""00010100"":2,""01110011"":13,""11110010"":8,""10110000"":1,""00111000"":1,""11110110"":4,""00100100"":1,""00010111"":9,""10110111"":3,""00100010"":3,""01100010"":4,""10010010"":6,""00110011"":9,""01100000"":1,""10100110"":3,""00010101"":9,""00110111"":4,""11010100"":2,""10110010"":3,""01101111"":2,""00011010"":4,""01111000"":5,""00101011"":2,""10100010"":2,""00101100"":1,""00111110"":2,""11011110"":2,""10101000"":3,""01101000"":1,""00100000"":1,""11111100"":1,""10110110"":2,""00010010"":3,""10110101"":1}"
12,x,4000,-0.1080000000000001,-0.0605,0.2855,0.008000000000000007,0.22650000000000003,0.597,-0.056499999999999995,-0.33499999999999996,"{""11000101"":30,""00100111"":9,""00110011"":7,""11010101"":13,""11000011"":122,""10100110"":9,""10110111"":6,""11001011"":96,""11000001"":44,""11010000"":41,""11010011"":43,""00100101"":7,""11000100"":41,""11000111"":32,""11010001"":24,""10000011"":116,""00000010"":12,""11000000"":70,""01110101"":5,""01110110"":6,""10100011"":16,""10110011"":11,""00000011"":29,""01000001"":23,""10011111"":39,""10011000"":48,""10001111"":36,""11100011"":2,""10101111"":7,""10011011"":39,""01001100"":18,""10000111"":31,""10010011"":29,""11110001"":7,""10010101"":8,""10010111"":20,""01010101"":14,""11010010"":15,""00011000"":4,""00000000"":14,""11000010"":44,""01000011"":60,""11010111"":33,""00010011"":15,""00010110"":5,""10000010"":45,""11010100"":18,""01000100"":19,""11110010"":6,""01010001"":16,""11110011"":14,""10010001"":25,""00110111"":9,""01100101"":1,""10000110"":26,""00000001"":14,""01110010"":4,""01000101"":19,""00110001"":5,""10010110"":14,""00000101"":10,""00110000"":5,""10000101"":21,""10100111"":10,""10010000"":31,""10110001"":8,""10000000"":66,""01000010"":29,""00001001"":8,""00001000"":12,""11111010"":14,""10001001"":32,""10001100"":25,""01001010"":15,""10101100"":8,""01001111"":15,""10001000"":80,""01101011"":8,""11011001"":18,""10111000"":11,""10001110"":27,""10101010"":4,""11111100"":3,""11001000"":57,""00101011"":14,""10101011"":19,""00011100"":6,""00001101"":8,""10001011"":85,""11011011"":36,""11111000"":15,""01111011"":26,""00001111"":10,""00001011"":29,""11101100"":3,""00001100"":13,""10011010"":20,""00101000"":17,""00111011"":11,""11011100"":16,""00011101"":5,""11011000"":44,""01011101"":7,""01001000"":41,""00111010"":3,""01011011"":25,""10001101"":34,""01001011"":35,""11001110"":30,""01011001"":16,""00101010"":6,""11011110"":25,""11001100"":41,""11111111"":6,""11001010"":25,""10001010"":31,""00100010"":7,""00000111"":12,""11100001"":5,""01001001"":26,""10011100"":14,""10100001"":13,""11011101"":19,""10100101"":7,""11001001"":41,""10011101"":20,""11001111"":39,""10111100"":9,""01011100"":11,""00010001"":10,""10000001"":45,""00100001"":11,""01000110"":16,""01110011"":15,""01111110"":3,""11110000"":10,""11011111"":22,""10000100"":26,""10100000"":8,""01010100"":11,""00100000"":9,""00010111"":3,""10110010"":6,""10010010"":5,""01000000"":35,""11000110"":24,""01100010"":2,""00100011"":18,""01010000"":32,""00110010"":3,""10111011"":15,""10010100"":14,""10110100"":6,""10110000"":8,""11100110"":3,""01010111"":13,""00011110"":4,""01101110"":2,""01011010"":9,""11111011"":16,""10011001"":19,""01001110"":13,""10011110"":23,""01111010"":3,""01111101"":4,""01111100"":4,""11001101"":17,""11101110"":4,""01001101"":13,""01011000"":27,""00111001"":5,""01110001"":2,""10111010"":6,""01011111"":15,""00111101"":12,""01100000"":5,""10100100"":3,""00010010"":5,""01111111"":7,""01110000"":5,""10110110"":2,""00000100"":9,""01010110"":7,""11010110"":15,""01101000"":1,""01100011"":3,""01110111"":6,""01100100"":2,""00111110"":6,""00111000"":9,""10101000"":9,""00011001"":3,""11111101"":6,""00101100"":4,""00101110"":7,""01111000"":7,""11101001"":4,""00011011"":18,""10101110"":9,""11101101"":5,""11111001"":7,""01101001"":5,""00101001"":8,""00111111"":5,""10101001"":8,""00001110"":9,""00001010"":10,""00101101"":6,""10111101"":3,""11101000"":6,""10111111"":2,""11110111"":8,""10100010"":10,""01011110"":6,""11100100"":2,""00110100"":3,""01010011"":21,""01000111"":19,""00011111"":7,""00010000"":9,""00010100"":6,""00111100"":5,""11101011"":5,""11011010"":13,""11110100"":3,""11100010"":2,""01100110"":1,""00010101"":6,""11110110"":4,""11100101"":3,""01111001"":6,""00101111"":8,""10111001"":5,""00100110"":2,""01100111"":2,""11100000"":4,""01010010"":8,""01110100"":9,""01101111"":1,""00100100"":6,""10101101"":5,""01100001"":1,""11101111"":5,""00000110"":6,""11111110"":5,""00011010"":7,""11110101"":6,""00110110"":3,""00110101"":1,""11100111"":1,""10110101"":1,""01101100"":1}"
13,x,4000,-0.40549999999999997,-0.010999999999999899,-0.21399999999999997,0.02200000000000002,0.35050000000000003,-0.13250000000000006,-0.6214999999999999,-0.10749999999999993,"{""01101100"":24,""10101100"":6,""11001111"":43,""01111010"":12,""01111000"":15,""11111110"":24,""01101000"":15,""01001011"":48,""11001110"":17,""01001101"":67,""11101001"":29,""11101101"":84,""01101101"":59,""01101010"":19,""11101011"":45,""11001100"":27,""01101011"":42,""01000001"":25,""11101111"":66,""11111001"":15,""11101100"":20,""01101111"":40,""01001110"":13,""01011101"":13,""11001101"":67,""01110101"":40,""11001011"":35,""00100111"":4,""01111101"":64,""01001111"":58,""01001100"":25,""11111101"":48,""00001101"":12,""01101001"":25,""10001011"":11,""11011001"":7,""10101110"":2,""01000101"":72,""01001001"":21,""10001111"":23,""10101011"":15,""01011010"":3,""11011111"":19,""11111011"":35,""01001000"":14,""11111111"":38,""00001100"":5,""10101001"":14,""00101111"":4,""00101100"":6,""11001001"":12,""11011100"":10,""10011101"":6,""01100010"":11,""01000000"":26,""11111010"":17,""10101101"":21,""00111100"":3,""10111001"":5,""01111111"":32,""10001001"":9,""10111010"":5,""00000101"":18,""11101000"":12,""01001010"":14,""01011100"":11,""10001000"":9,""10101111"":11,""00000011"":14,""10001101"":22,""01111011"":31,""00100011"":5,""01010011"":14,""10101000"":7,""10100001"":9,""00101101"":5,""11110011"":28,""10111101"":10,""01011011"":9,""01100101"":77,""10101010"":7,""11001000"":18,""11001010"":16,""11011010"":5,""11101010"":13,""11110001"":18,""01111100"":15,""11010100"":7,""11011101"":14,""11011011"":9,""00001011"":10,""11100101"":76,""01000111"":64,""01110001"":9,""01111001"":15,""00011101"":2,""11111000"":15,""10110111"":14,""00001001"":4,""01011000"":6,""00101011"":3,""01010111"":13,""01011111"":18,""01111110"":14,""10111000"":3,""01100111"":49,""01100011"":48,""10111111"":13,""01101110"":16,""11101110"":29,""01000011"":40,""00011011"":3,""01011001"":7,""10001010"":8,""11111100"":21,""00100001"":2,""10011010"":3,""10011100"":6,""00011010"":2,""00001010"":4,""11011110"":6,""01000110"":23,""10111110"":10,""00001111"":8,""11000111"":51,""10011111"":11,""00000111"":9,""01010001"":9,""11000010"":18,""10000101"":21,""01110011"":28,""10000011"":20,""01110111"":35,""00000110"":3,""10110101"":11,""11110100"":21,""11100100"":36,""01010101"":11,""11100011"":54,""00100110"":1,""11000101"":56,""10110010"":2,""01110010"":15,""00100000"":5,""01000010"":38,""11000110"":15,""11000001"":29,""00000000"":5,""10110001"":4,""11110010"":19,""10110011"":10,""11110101"":49,""01100001"":25,""00100101"":18,""01110000"":8,""11100000"":21,""10000111"":14,""11110000"":9,""11000011"":43,""11100010"":21,""10100011"":12,""11100111"":60,""00010111"":2,""10100100"":4,""01100110"":16,""10000000"":9,""01010010"":3,""11100110"":21,""11010001"":10,""01110100"":8,""01000100"":25,""11110110"":22,""11110111"":53,""11000100"":22,""10010010"":1,""11010101"":20,""01100100"":22,""11100001"":32,""00010110"":3,""10100101"":13,""11010011"":15,""10011000"":3,""01011110"":4,""11011000"":3,""00001000"":5,""01110110"":11,""01100000"":13,""00100010"":2,""10010111"":5,""10000010"":8,""00000001"":6,""00110011"":1,""01010100"":3,""00100100"":6,""10110000"":3,""10100000"":6,""10010110"":4,""10000001"":13,""00110111"":6,""10010101"":7,""10100010"":9,""00111001"":1,""10001100"":3,""00110101"":5,""10011001"":3,""11010010"":5,""10000110"":8,""11010000"":8,""11010111"":14,""10100111"":12,""00000010"":3,""00110000"":1,""11000000"":15,""00010011"":3,""11010110"":3,""10000100"":10,""10100110"":7,""10010011"":7,""10110100"":2,""10001110"":5,""10110110"":7,""10010001"":6,""10111011"":6,""00000100"":1,""00101000"":3,""00001110"":2,""00111101"":7,""01010000"":1,""10011011"":6,""00111110"":1,""00111111"":1,""00111011"":5,""00011000"":1,""00011001"":2,""00101001"":2,""01010110"":2,""10010100"":2,""00011111"":2,""00110010"":2,""00010000"":1,""00101010"":1,""10010000"":2,""00010101"":1,""00111000"":1}"
14,x,4000,-0.044499999999999984,0.6295,0.16200000000000003,-0.01550000000000007,0.05500000000000005,0.20099999999999996,0.15600000000000003,0.05300000000000005,"{""00000001"":70,""00110001"":48,""11010001"":17,""11000000"":35,""00010000"":51,""01000100"":27,""01000010"":6,""10110100"":16,""01000001"":26,""11110000"":23,""01000000"":36,""11000100"":31,""10110000"":26,""00000000"":52,""11001000"":23,""10110010"":10,""00110011"":13,""00000100"":57,""00110000"":32,""11010101"":11,""00010101"":39,""11100000"":36,""11110100"":18,""00001001"":55,""10110011"":16,""01010001"":32,""11110001"":31,""01100100"":6,""10000100"":22,""10110001"":45,""00010111"":14,""11000010"":10,""10011101"":17,""10000000"":14,""11110011"":9,""00010001"":47,""10011001"":24,""00110010"":3,""11100101"":38,""01010100"":21,""10100111"":6,""00110100"":30,""11000101"":27,""10100101"":28,""10100000"":26,""11001101"":29,""10110101"":30,""01010010"":7,""11100100"":39,""01010000"":31,""00001000"":85,""10111001"":41,""00000101"":69,""00010011"":12,""10100100"":18,""00100000"":8,""11100001"":34,""10010010"":2,""10000001"":22,""10100001"":24,""10101101"":17,""10010000"":22,""00000011"":23,""00110101"":24,""00100100"":7,""01001001"":29,""01100011"":1,""00000110"":5,""01010011"":9,""11010011"":4,""11110010"":5,""00010110"":5,""10010101"":17,""11000001"":29,""10001000"":18,""11110101"":10,""11010000"":17,""00111100"":24,""00010100"":28,""00001011"":29,""00000010"":10,""01001000"":34,""01000101"":23,""11001100"":29,""10001001"":14,""01000110"":3,""00111101"":21,""11111001"":30,""00011101"":25,""01010101"":28,""10111000"":50,""00100001"":9,""11100111"":8,""11100011"":11,""11101001"":48,""01011011"":13,""10000101"":25,""01110001"":5,""00011001"":47,""00011100"":44,""11101000"":57,""11101110"":6,""10001100"":15,""01001100"":30,""11011001"":15,""11111100"":18,""10101111"":5,""00111111"":3,""00001100"":71,""11101100"":37,""00011011"":16,""11101101"":28,""00101000"":10,""00101011"":3,""00111001"":40,""10011100"":12,""01001110"":5,""01111000"":8,""11111110"":1,""00111000"":41,""11111111"":4,""01111001"":8,""01011001"":33,""10101001"":16,""11001001"":31,""11111000"":27,""10101000"":29,""10111100"":24,""11101011"":16,""10111101"":16,""10101011"":9,""10011000"":17,""11111011"":12,""01011000"":52,""01001010"":4,""00011000"":63,""10011110"":3,""01011100"":15,""10001111"":4,""00101001"":9,""11011100"":6,""00111110"":4,""11101111"":5,""01011101"":20,""00111010"":8,""01001011"":6,""11011011"":3,""10101100"":16,""00001010"":14,""11100010"":4,""10001101"":24,""11111101"":14,""00111011"":11,""11011111"":2,""00011010"":7,""10011111"":8,""00011110"":9,""00001101"":53,""10111110"":4,""00001111"":18,""11000011"":14,""01100111"":2,""11000111"":10,""00000111"":11,""10110111"":8,""00110111"":5,""10010100"":11,""11001011"":13,""11110110"":2,""10000011"":5,""01000011"":16,""10010011"":6,""10010001"":18,""01100101"":6,""11010111"":4,""01101000"":3,""01111010"":2,""01111100"":3,""11101010"":7,""11011000"":18,""01101110"":2,""11010100"":11,""11001010"":8,""00001110"":5,""01001111"":9,""01001101"":20,""10111010"":10,""11111010"":3,""01011110"":6,""01101100"":7,""01010111"":6,""00101111"":2,""00011111"":7,""01111101"":1,""10111011"":8,""11011101"":14,""01110111"":4,""11100110"":4,""10010111"":2,""00101110"":1,""01011111"":4,""01101101"":6,""01101001"":6,""00101101"":8,""10100011"":7,""01011010"":7,""01101011"":3,""00101010"":2,""01111011"":1,""11001111"":7,""10000110"":3,""00110110"":2,""10100110"":3,""10001010"":3,""01100000"":3,""01000111"":10,""01110011"":4,""00100101"":4,""10000010"":4,""10011011"":9,""10001110"":3,""00101100"":7,""00100010"":1,""10100010"":3,""01110100"":5,""01110101"":1,""01010110"":3,""00010010"":7,""11000110"":6,""10111111"":7,""10001011"":5,""11110111"":1,""10110110"":3,""10000111"":1,""11001110"":1,""01111110"":2,""11010110"":2,""00100111"":2,""01101111"":1,""10101110"":2,""01110000"":8,""01100001"":3,""11011010"":1,""01111111"":1,""10101010"":2,""00100011"":2,""00100110"":1,""10010110"":1,""11010010"":1,""10011010"":3}"
15,x,4000,-0.4784999999999999,0.10550000000000004,0.35250000000000004,0.03200000000000003,0.477,-0.45799999999999996,-0.5005,0.478,"{""10000000"":5,""00101000"":7,""01111100"":25,""01101001"":172,""10111001"":10,""01001010"":28,""01001111"":16,""01111011"":73,""10001011"":30,""10101101"":16,""11001001"":8,""10000010"":5,""10101000"":15,""00101101"":11,""01101111"":58,""01101101"":128,""11011100"":2,""01111001"":73,""01101000"":67,""00001000"":8,""00101001"":9,""01111101"":36,""01111111"":13,""01101100"":46,""01101011"":186,""10011011"":17,""01001001"":45,""11011001"":3,""01111010"":21,""01110000"":22,""10111101"":5,""11101100"":4,""01001101"":35,""01110111"":17,""10101111"":12,""01000001"":44,""10101011"":43,""10001100"":6,""11101101"":8,""11000001"":13,""01000000"":19,""00001011"":10,""01110011"":61,""01101010"":81,""01101110"":29,""01001011"":54,""10010001"":13,""01011001"":7,""11111101"":4,""10011100"":1,""00001001"":9,""10011110"":3,""01001000"":19,""10011101"":11,""01110101"":52,""11011011"":5,""01111000"":37,""11111001"":4,""00011101"":3,""10101010"":11,""01110001"":86,""10011010"":10,""11100101"":10,""11001010"":7,""11111010"":3,""00011111"":3,""11101000"":4,""01011101"":11,""10111111"":5,""01100101"":145,""00101010"":8,""10001001"":26,""10001000"":8,""01100011"":223,""11001100"":3,""10100011"":39,""00111100"":4,""10101001"":41,""00101011"":14,""10100001"":49,""11110101"":10,""11111110"":1,""10111010"":4,""01010001"":11,""01100001"":214,""11011101"":5,""11000011"":13,""00011011"":4,""00001101"":3,""00111010"":3,""01011111"":5,""10100100"":7,""11111000"":4,""00001010"":2,""01100000"":57,""10111000"":4,""01000011"":53,""10011001"":12,""11101011"":16,""10111011"":4,""10011111"":4,""00111001"":6,""11111111"":2,""00100011"":20,""00111101"":4,""11101111"":6,""10100000"":15,""01000101"":39,""11110000"":4,""10100010"":10,""11001011"":9,""00000000"":3,""01100100"":38,""00110001"":1,""01001110"":4,""01100010"":75,""11111011"":8,""10001101"":9,""11010011"":9,""01010101"":8,""00101111"":5,""00011001"":8,""11101001"":11,""11100001"":16,""01011011"":10,""10101110"":6,""10110001"":9,""01001100"":17,""10100101"":27,""10001111"":6,""10101100"":10,""00111011"":6,""11110011"":11,""01111110"":3,""01110110"":13,""11011111"":3,""00100101"":10,""00100001"":14,""10011000"":4,""11000101"":8,""10010100"":3,""01011000"":4,""01011110"":2,""11001101"":7,""00101100"":3,""01011010"":4,""10001010"":9,""10000001"":33,""11110100"":3,""01110100"":21,""11001000"":3,""00010011"":9,""01010011"":9,""11101010"":2,""11101110"":1,""10001110"":3,""10000101"":21,""11100100"":4,""10010011"":21,""01110010"":31,""10100111"":16,""01100111"":66,""00001111"":3,""10100110"":1,""10000100"":8,""10110101"":5,""00000101"":5,""01000010"":13,""00000011"":15,""00110111"":2,""00000001"":10,""10010111"":6,""10000011"":31,""01100110"":17,""00010101"":2,""11000010"":4,""01000100"":13,""10010101"":10,""11000100"":4,""11100010"":9,""11100011"":17,""11010100"":4,""11000110"":1,""00010100"":3,""11010001"":7,""11010000"":3,""01010111"":3,""10000111"":9,""00110011"":5,""10110011"":10,""00100000"":7,""00000111"":3,""10110110"":2,""11010010"":1,""11010101"":4,""10000110"":3,""11100111"":7,""10010010"":2,""11110111"":2,""10110111"":4,""01010100"":1,""01000110"":3,""10110000"":3,""00100100"":2,""00100110"":3,""01000111"":7,""00100010"":3,""11100110"":1,""00000010"":1,""10010000"":2,""00110000"":2,""11010110"":2,""11110001"":6,""00000100"":4,""11100000"":7,""10110100"":2,""01010010"":3,""00001100"":4,""10111100"":1,""11011010"":1,""01010000"":2,""00001110"":1,""00111110"":1,""11001111"":3,""00011000"":1,""00101110"":1,""00011100"":2,""00111111"":1,""11000000"":1,""00100111"":2,""00010001"":4,""00010111"":2,""00010000"":3,""11000111"":5,""11110010"":3,""00110010"":1,""00000110"":1,""10110010"":1}"
16,x,4000,0.268,0.538,-0.09850000000000003,0.04149999999999998,0.605,0.21950000000000003,-0.6479999999999999,-0.15749999999999997,"{""01111001"":6,""11101000"":46,""11001110"":42,""11100100"":60,""01001100"":69,""10001101"":20,""01001000"":61,""11001000"":99,""11101101"":39,""01100000"":65,""01111000"":5,""11101010"":16,""01001001"":53,""11001010"":40,""01101100"":90,""01101000"":56,""01011100"":15,""11001100"":109,""11001001"":44,""10011000"":5,""01100010"":20,""01001110"":36,""11101111"":11,""01011101"":7,""01101110"":21,""01011011"":3,""01101001"":38,""01001101"":59,""11000001"":76,""00101101"":8,""10101100"":9,""11001111"":10,""00000100"":12,""00001110"":4,""11101110"":24,""10001010"":7,""11111100"":27,""10000001"":18,""11011000"":28,""11011001"":14,""11011110"":10,""01000010"":26,""11000110"":52,""00001101"":7,""11101100"":49,""11100101"":40,""01111100"":14,""10101111"":2,""01011001"":19,""01011000"":15,""11101001"":31,""10101000"":9,""11001101"":92,""01001010"":22,""10010101"":8,""11011101"":28,""11011100"":36,""11000100"":109,""00001100"":9,""11010001"":26,""11000000"":111,""11011010"":7,""11001011"":11,""01101101"":46,""01110000"":9,""10101101"":11,""01111010"":1,""11111000"":17,""10001001"":16,""01101010"":26,""01000100"":88,""01000000"":59,""10001000"":31,""01011010"":5,""11011011"":5,""00101000"":10,""00101100"":13,""01101011"":7,""11100000"":57,""01111110"":4,""11100010"":21,""10011101"":3,""10001100"":25,""01101111"":9,""01001011"":10,""01110001"":9,""01100100"":87,""00011000"":2,""11111001"":13,""00101011"":1,""11101011"":7,""00101110"":5,""10011001"":7,""10101001"":10,""11010000"":26,""01000110"":36,""00101010"":4,""11010101"":24,""00111000"":2,""01000101"":44,""10111000"":2,""10000111"":6,""00101001"":8,""11000101"":87,""11111101"":12,""10100001"":10,""11100001"":27,""01100101"":46,""00110100"":3,""00000011"":1,""10000100"":41,""11000010"":50,""01010100"":22,""01100001"":31,""10000101"":24,""01010000"":24,""11100011"":4,""00100010"":6,""10100100"":21,""01000111"":12,""10010100"":10,""00100100"":22,""01100110"":36,""10000000"":29,""11100110"":18,""11110101"":15,""01000001"":43,""00010101"":3,""10100110"":7,""10000110"":11,""00010100"":4,""00100011"":1,""00100000"":14,""11000111"":17,""11110011"":3,""11010110"":12,""11010100"":27,""01010110"":9,""01110100"":11,""01010101"":11,""11010010"":10,""10010000"":10,""00100111"":2,""11110000"":8,""01100011"":3,""00010001"":1,""11010011"":5,""01010001"":10,""01000011"":6,""11100111"":4,""01100111"":9,""10110010"":3,""01110110"":2,""10001110"":17,""10101010"":2,""00011011"":1,""00000000"":7,""10101011"":2,""00011111"":2,""00101111"":2,""10111001"":1,""01011110"":4,""01001111"":10,""00111001"":2,""10111101"":4,""10001111"":5,""10100101"":4,""10011010"":3,""01111101"":10,""00001011"":3,""10111110"":2,""11110100"":17,""10101110"":3,""10111111"":1,""00011010"":2,""01110111"":2,""10000010"":14,""00110010"":1,""10100000"":13,""01010010"":7,""10010111"":1,""11110110"":5,""10100011"":6,""10110001"":3,""00100101"":11,""01110011"":2,""11000011"":10,""00110001"":3,""11111010"":4,""10110000"":6,""10100010"":4,""01110101"":6,""10000011"":6,""00000010"":5,""10100111"":2,""00000101"":7,""11110010"":5,""01110010"":3,""11110001"":12,""11110111"":3,""10010001"":5,""00111100"":1,""11111110"":5,""10111100"":2,""00011001"":1,""10001011"":2,""00100001"":6,""00110000"":2,""11010111"":6,""01010111"":2,""10110100"":2,""00000001"":4,""10010010"":1,""00001000"":5,""10011100"":7,""10011110"":3,""11011111"":2,""01111111"":2,""11111111"":2,""01011111"":2,""00000111"":1,""10110101"":5,""00110011"":1,""00000110"":3,""11111011"":3,""10110110"":1,""00100110"":3,""10010110"":1,""00011100"":1,""00111101"":1,""00001001"":2,""10011011"":1,""01111011"":1,""10010011"":1}"
17,x,4000,0.30400000000000005,0.7175,0.09499999999999997,-0.004999999999999893,0.375,0.764,0.251,-0.12850000000000006,"{""00001001"":86,""11110000"":15,""00000101"":64,""01000101"":3,""00000011"":12,""11000110"":9,""10000000"":100,""11100010"":5,""11010000"":57,""00010000"":58,""11011101"":18,""11000000"":116,""00010001"":25,""00000000"":169,""00010101"":39,""11010100"":53,""11001000"":133,""10010001"":18,""11000100"":93,""01001100"":13,""00000001"":78,""10010000"":47,""00001100"":129,""11110101"":3,""00101000"":13,""10000001"":40,""00001110"":17,""11000101"":47,""11111001"":11,""00000111"":9,""11000111"":14,""00001010"":22,""00000100"":132,""01000000"":10,""10000100"":65,""11100101"":11,""11010101"":33,""11000001"":57,""11010001"":29,""10010011"":5,""10110000"":3,""01101000"":6,""00010100"":60,""00011100"":61,""11011001"":34,""00110000"":6,""01110100"":2,""10010101"":22,""00100000"":8,""00010010"":20,""10001001"":65,""01001000"":22,""11101101"":11,""10000011"":5,""11100001"":12,""01000001"":7,""10000010"":13,""10000101"":48,""00010111"":8,""11101001"":8,""10000110"":11,""00000110"":23,""11000010"":10,""11010010"":6,""00100111"":2,""11010110"":6,""00100100"":11,""11110001"":9,""00001000"":185,""11001110"":11,""10001000"":107,""01100100"":9,""11110100"":5,""11100110"":5,""01010100"":7,""00010110"":8,""00001101"":49,""10001100"":83,""01000100"":13,""11001100"":77,""10000111"":12,""01000010"":1,""01100101"":4,""00000010"":18,""00001011"":15,""11011100"":38,""10010100"":22,""00100001"":5,""11010011"":6,""01110000"":4,""11100100"":26,""10100000"":4,""10100100"":7,""00001111"":16,""10101100"":9,""00011101"":34,""11001010"":15,""01111101"":3,""11011000"":46,""11111101"":7,""11001001"":55,""10011100"":39,""00011000"":56,""00011011"":8,""00111001"":5,""10011001"":16,""00111100"":6,""00101001"":2,""10011010"":8,""11111110"":1,""11001101"":47,""10011000"":34,""11101000"":15,""10001111"":17,""10101000"":8,""11011010"":12,""01101100"":6,""11110111"":2,""00011001"":29,""11111000"":18,""10011101"":14,""11010111"":9,""00111000"":10,""00011010"":10,""10001101"":38,""10011110"":5,""10101101"":1,""10010010"":9,""11101100"":17,""00101111"":1,""11111010"":3,""01101001"":4,""00110011"":1,""11110110"":3,""11000011"":12,""00100010"":3,""01110110"":2,""11100000"":15,""10010110"":2,""10100011"":2,""10010111"":5,""01100011"":1,""01100000"":4,""10110011"":1,""00010011"":3,""01100111"":2,""00110100"":4,""11101110"":7,""01100001"":3,""01001001"":4,""00100101"":5,""00110001"":3,""11100011"":5,""00100110"":2,""01010011"":2,""01010111"":1,""11001111"":12,""01001101"":6,""00100011"":2,""10001010"":13,""01100110"":1,""11101010"":3,""11001011"":8,""01111100"":4,""00111101"":2,""11011111"":5,""01011000"":3,""00011111"":7,""10001011"":10,""01111001"":3,""11011110"":7,""01101101"":3,""01011100"":8,""01101011"":2,""10001110"":7,""01011101"":2,""10100001"":1,""01010001"":1,""01110101"":1,""10110100"":4,""01001010"":1,""11011011"":5,""00101101"":4,""10111100"":1,""00101100"":5,""10111000"":1,""00011110"":2,""01011010"":1,""10111001"":4,""11101011"":2,""01111110"":1,""11111100"":7,""10111111"":1,""10011011"":2,""10101001"":2,""10011111"":6,""11111111"":2,""11110010"":2,""01100010"":1,""01110001"":2,""00111111"":1,""01111000"":5,""11101111"":1,""00101010"":2,""01111010"":1,""00110111"":1,""11100111"":2,""01010101"":1,""00110010"":1,""10100101"":1,""01110111"":1,""10100110"":1,""01011001"":1,""00111010"":1,""10111110"":1,""01001011"":1,""10110101"":1,""10101111"":1,""10110110"":1,""11111011"":1,""00101011"":1,""01101111"":1}"
18,x,4000,0.5469999999999999,0.6275,0.12749999999999995,-0.004999999999999893,0.4065,0.48050000000000004,0.14100000000000001,-0.5025,"{""10111001"":20,""11010001"":17,""10100100"":35,""01000001"":19,""10110000"":98,""11110001"":2,""01001011"":6,""10100000"":31,""11000001"":26,""11000010"":30,""11110100"":20,""10000000"":193,""11000111"":11,""11000000"":108,""01000000"":73,""00000100"":36,""11000100"":95,""11100100"":22,""01000100"":59,""10000100"":161,""10000001"":53,""10110100"":72,""11001000"":141,""01110000"":4,""01000111"":4,""00000000"":56,""11100110"":3,""11110000"":16,""00110101"":1,""01001010"":13,""11010100"":54,""00000001"":11,""10000110"":18,""01010000"":14,""11010110"":8,""11000101"":30,""01100100"":9,""10110110"":12,""01000010"":13,""01100000"":7,""10110111"":7,""11100000"":13,""00000110"":7,""10010100"":18,""01010010"":4,""11010101"":10,""11010000"":47,""00100000"":6,""10000010"":39,""10010010"":5,""10001100"":140,""11100111"":3,""11000110"":11,""10101000"":44,""11001100"":89,""10101100"":30,""10001000"":152,""10111000"":90,""11001001"":33,""10111101"":23,""00001100"":60,""01011100"":11,""10101110"":6,""10001010"":54,""11001010"":28,""11101000"":22,""11101100"":16,""01001000"":69,""00101000"":9,""11001101"":22,""10011000"":16,""00001101"":10,""10101001"":6,""11011000"":47,""10111100"":53,""11111100"":19,""00111000"":6,""11011100"":45,""10101010"":6,""01001101"":15,""10001001"":51,""10001101"":40,""11011110"":5,""01001100"":70,""11011001"":16,""10111011"":12,""10011100"":13,""00001001"":14,""10111010"":21,""00010010"":3,""00001000"":60,""10001110"":28,""01101000"":14,""11100010"":5,""01111000"":4,""10001011"":23,""10011010"":4,""00001010"":17,""01001001"":17,""01001110"":5,""00101100"":5,""10011011"":2,""01011000"":14,""11001110"":18,""00011101"":4,""00011000"":8,""01011001"":2,""10011001"":6,""11011010"":11,""10000111"":8,""11001011"":17,""00111110"":2,""01010100"":9,""01011010"":2,""11001111"":8,""10110010"":18,""10000101"":41,""00110110"":1,""10110011"":13,""01000011"":9,""01010101"":3,""00000111"":3,""10110001"":27,""01001111"":8,""11111001"":3,""01110101"":2,""10100001"":7,""11000011"":5,""11110110"":1,""10010000"":21,""10000011"":19,""00010000"":11,""00100100"":7,""01110010"":2,""01000101"":13,""00110100"":4,""00000010"":7,""01011101"":2,""00011001"":5,""11011011"":11,""10101011"":6,""10111110"":11,""11101010"":6,""00111100"":2,""01010011"":6,""10110101"":18,""00000101"":12,""10100101"":7,""00010110"":4,""00010100"":8,""00110000"":4,""11110010"":6,""10010001"":6,""00000011"":6,""11010011"":4,""10100011"":3,""11010010"":8,""10011101"":2,""00011111"":3,""10011110"":2,""11011101"":5,""00011100"":9,""10001111"":9,""10101101"":7,""00001111"":3,""00011011"":1,""00001011"":6,""11111000"":18,""10010011"":4,""10010101"":4,""11010111"":2,""10010110"":3,""01101110"":2,""10100110"":4,""00100110"":1,""11100001"":2,""11110101"":5,""01101010"":3,""01000110"":7,""01100001"":4,""01101001"":2,""01011110"":2,""00111111"":1,""11101101"":2,""00001110"":9,""00111010"":2,""11101111"":2,""10111111"":3,""11011111"":3,""00111101"":1,""11101001"":3,""00011010"":5,""11111101"":5,""01111001"":1,""01010001"":1,""10100111"":2,""11111111"":1,""01110100"":3,""01100101"":2,""00101110"":1,""01101100"":7,""00101010"":1,""10100010"":5,""10011111"":1,""01111100"":2,""01111101"":1,""00010001"":3,""01100011"":1,""00100001"":3,""00100111"":1,""11111110"":3,""01010111"":1,""11110111"":1,""10010111"":1,""00010101"":2,""11100011"":1,""00101101"":3,""11101011"":1,""00101001"":1,""00101111"":1,""01011011"":2,""00011110"":1,""01110001"":1,""11101110"":2,""11100101"":2,""01100111"":1,""00110111"":1,""01011111"":2,""11111011"":1}"
19,x,4000,0.23099999999999998,0.17100000000000004,0.132,0.008000000000000007,-0.0665,-0.48849999999999993,-0.6114999999999999,0.608,"{""11111110"":9,""01111000"":126,""01101101"":55,""01011010"":21,""11011011"":10,""01100110"":41,""11111101"":8,""00111100"":6,""11101111"":4,""01111111"":55,""01111100"":109,""01101100"":122,""11000000"":7,""11001111"":3,""01001111"":11,""01111101"":53,""10111101"":12,""01101000"":113,""01101011"":92,""01111011"":70,""01001000"":19,""01111001"":46,""11101001"":2,""01101110"":55,""01011100"":52,""00001011"":2,""11111000"":8,""11001010"":1,""01111110"":40,""10111010"":10,""01101001"":54,""00001010"":5,""11100000"":13,""01101111"":57,""10001001"":2,""01011001"":15,""11011111"":12,""01100001"":55,""11001101"":5,""00011101"":9,""00011100"":14,""10100011"":16,""10100010"":19,""00011001"":7,""11011100"":12,""01110011"":75,""00111001"":1,""01011011"":18,""11101101"":4,""11011110"":5,""11011001"":4,""11101100"":3,""10101011"":13,""01001100"":18,""01100000"":169,""01100011"":99,""00011011"":12,""01101010"":54,""11010011"":5,""11010100"":13,""10111100"":23,""01001101"":8,""10111011"":10,""01010000"":44,""01001011"":12,""01011101"":18,""00001100"":4,""01011110"":12,""01110000"":136,""11101011"":6,""01110010"":61,""01110101"":31,""00101010"":9,""10111111"":13,""01011000"":38,""00011110"":7,""10111001"":9,""00011111"":7,""00101101"":3,""11111001"":8,""00100011"":5,""10110100"":18,""01110001"":35,""00000011"":4,""11011010"":5,""11101000"":3,""10111000"":23,""00011000"":18,""01011111"":15,""00101100"":6,""01110110"":37,""00101000"":7,""01111010"":42,""10001110"":2,""01110100"":123,""00110011"":5,""00111011"":4,""01001001"":10,""10011010"":1,""00001001"":4,""10101010"":8,""00001000"":12,""11011000"":11,""01010100"":47,""00110000"":6,""01100010"":84,""10101100"":14,""00001111"":3,""10010110"":3,""10010000"":5,""10111110"":11,""10010010"":4,""00100111"":3,""00011010"":7,""10011011"":5,""10001100"":2,""11111011"":9,""10101000"":18,""01100100"":98,""00110010"":4,""11101010"":7,""10101101"":4,""01000000"":28,""10001000"":3,""10101001"":5,""01001010"":10,""00010011"":10,""01010111"":15,""01001110"":8,""00111101"":3,""11111010"":7,""10101111"":6,""11111111"":4,""10101110"":2,""01010110"":13,""11111100"":8,""01010011"":26,""10001111"":2,""00100000"":5,""01000010"":13,""10110010"":13,""01100101"":33,""11100001"":4,""00000111"":4,""01000110"":10,""11000100"":5,""01010010"":23,""00100110"":7,""01010001"":11,""11010000"":13,""10110000"":24,""11010101"":3,""01100111"":41,""00110100"":5,""11110110"":3,""10100000"":16,""11110011"":6,""11110100"":13,""00100001"":4,""01110111"":34,""00100101"":4,""10010100"":5,""10110001"":7,""01010101"":11,""10100111"":6,""11110111"":8,""11100011"":8,""00000100"":10,""00010100"":13,""11010010"":9,""01000101"":5,""11110000"":19,""10011000"":3,""11001000"":4,""11101110"":2,""10011100"":2,""00101001"":6,""00010110"":4,""00010010"":7,""00000000"":14,""10000010"":1,""00001110"":1,""00010101"":6,""00010111"":7,""01000011"":12,""10100100"":18,""00100010"":5,""00010000"":12,""10110011"":10,""00110111"":6,""10100110"":8,""01000100"":14,""10110101"":5,""10100001"":6,""00010001"":9,""11100100"":5,""01000001"":10,""11000111"":1,""00000010"":2,""00110001"":3,""11110010"":7,""01000111"":8,""10000100"":1,""11100111"":2,""10010011"":6,""00000101"":3,""10110111"":7,""11010110"":2,""10110110"":9,""10000110"":1,""11100010"":8,""10100101"":4,""11000101"":2,""10000011"":1,""11010001"":3,""00000001"":2,""00100100"":6,""11000110"":2,""11001110"":2,""00101011"":4,""10001011"":2,""00111000"":3,""10000000"":1,""00111010"":1,""11000010"":6,""10011111"":3,""11001001"":1,""11011101"":5,""00001101"":4,""10011101"":1,""10011001"":1,""10001010"":1,""00101111"":1,""11110101"":2,""10011110"":1,""11001011"":1,""00111111"":1,""10000111"":1,""11010111"":5,""11000011"":2,""10000101"":1,""11110001"":1,""11000001"":2,""10010111"":1,""10010101"":1,""11100101"":1,""10010001"":1}"
20,x,4000,-0.3434999999999999,-0.009500000000000064,0.17049999999999998,-0.026499999999999968,-0.32299999999999995,0.13549999999999995,-0.3540000000000001,0.5545,"{""01111101"":72,""01010011"":74,""10111001"":22,""01100011"":26,""01000111"":51,""00010010"":18,""00000011"":11,""01010001"":88,""01110110"":37,""01010010"":44,""10010111"":19,""01000001"":66,""01110001"":111,""01110011"":70,""10011010"":20,""01100000"":12,""10111010"":11,""10000000"":8,""01011101"":55,""00010111"":18,""01011001"":93,""00110111"":12,""00010011"":23,""01000011"":62,""00000001"":15,""01110100"":17,""01000110"":26,""10100101"":4,""10010001"":19,""00101011"":8,""11100011"":5,""01000101"":40,""11110011"":7,""00110101"":16,""10010101"":12,""01110010"":29,""01010101"":58,""01100111"":17,""01010000"":23,""00100001"":13,""00110011"":16,""01100101"":18,""01000010"":28,""00100101"":6,""01001001"":64,""01010100"":10,""10000010"":5,""00010001"":23,""01001010"":36,""11000011"":4,""11110110"":2,""01110101"":57,""01010111"":45,""10110110"":9,""10110101"":16,""10100111"":3,""00000111"":9,""01111001"":99,""10111101"":20,""01011000"":56,""01111010"":45,""00100011"":8,""10100001"":8,""10110011"":12,""11010010"":2,""01110111"":69,""01111011"":74,""01111000"":44,""10011011"":23,""00001110"":8,""00011010"":16,""00011001"":21,""00001011"":8,""01011110"":48,""10111100"":8,""10001010"":11,""01011011"":64,""01001011"":50,""00001001"":9,""01111110"":47,""10011110"":13,""01001111"":34,""01011010"":44,""11111101"":4,""01101001"":13,""11011011"":4,""01111100"":21,""01111111"":71,""01001110"":19,""00111101"":12,""10001111"":17,""00101001"":8,""01001000"":40,""11001001"":5,""01101101"":17,""10011001"":26,""10001000"":14,""11011010"":5,""11111111"":2,""00111011"":9,""01101011"":20,""11011100"":2,""10001001"":25,""01011111"":46,""11101001"":6,""11111011"":3,""01001101"":38,""00001101"":9,""10101111"":4,""10111111"":18,""10011101"":18,""11111100"":2,""11011000"":4,""00001111"":8,""01101111"":16,""00101111"":5,""10100011"":8,""01001100"":15,""00111100"":6,""00010101"":11,""10001011"":16,""01011100"":19,""00011111"":12,""01100001"":23,""10001101"":15,""00011100"":4,""01101000"":10,""00011000"":13,""00110110"":5,""10101100"":2,""00111001"":9,""10101001"":8,""01101110"":4,""11011111"":5,""01010110"":30,""11111010"":6,""00001010"":6,""01110000"":45,""11001101"":1,""11011101"":4,""00011011"":16,""10011111"":20,""00001100"":4,""01101010"":15,""00011101"":17,""00101100"":5,""10011000"":14,""10001110"":5,""00011110"":8,""00111010"":15,""11011001"":8,""11110001"":7,""00101101"":5,""10110001"":14,""11001011"":2,""00101010"":5,""00111111"":15,""10101011"":3,""10101101"":6,""11000111"":4,""10101000"":3,""11111000"":3,""10101110"":1,""10111000"":3,""10111110"":13,""10000110"":5,""10001100"":4,""10110010"":10,""10111011"":9,""10011100"":6,""10101010"":3,""00111000"":6,""11111001"":8,""10110100"":4,""00111110"":2,""10010010"":13,""10010110"":11,""00010100"":9,""11110101"":6,""10000001"":16,""11010011"":9,""00010110"":9,""11010100"":1,""10010011"":23,""00100100"":4,""01100110"":7,""11100000"":2,""00000110"":2,""10110111"":16,""01000100"":7,""00110000"":5,""10000101"":15,""00100010"":3,""10000011"":16,""10010100"":5,""01100010"":7,""11010001"":3,""11100001"":8,""11100101"":4,""10000111"":23,""10010000"":9,""11000100"":1,""00110001"":16,""00000101"":6,""00000010"":10,""00110100"":2,""01101100"":8,""00110010"":9,""11010101"":2,""00100111"":7,""11110010"":4,""10000100"":6,""11000000"":2,""01000000"":17,""11000110"":1,""01100100"":6,""11101111"":5,""11001000"":3,""11000001"":3,""11010110"":2,""11100111"":1,""11010000"":2,""10100100"":1,""10100000"":5,""10110000"":3,""00010000"":9,""00100110"":5,""11110111"":4,""11101101"":1,""11110000"":3,""11101110"":2,""00101110"":6,""11101000"":1,""00000000"":6,""11000010"":2,""11100110"":2,""00001000"":4,""10100010"":1,""11111110"":2,""00101000"":4,""11101011"":2,""11000101"":2,""11010111"":1,""11110100"":2,""11100010"":1,""11001111"":1,""00100000"":2,""00000100"":1,""11011110"":1}"
21,x,4000,-0.2875000000000001,0.16749999999999998,0.07850000000000001,-0.004999999999999893,0.12050000000000005,0.7185,0.31899999999999995,0.4165,"{""00111101"":7,""00001001"":120,""11011110"":2,""10001101"":25,""10001000"":23,""11001000"":14,""01111000"":8,""01111001"":21,""10011111"":14,""00000110"":48,""01001000"":26,""11001011"":14,""10001001"":49,""00001011"":65,""00001100"":41,""00011001"":59,""01001101"":45,""01001100"":16,""00011101"":81,""01111010"":7,""10001010"":17,""00011011"":68,""00011010"":33,""10011001"":43,""10011011"":23,""11011001"":14,""01101000"":6,""01011111"":21,""11001001"":17,""01011101"":38,""00001111"":61,""00001101"":79,""01001001"":52,""00101001"":8,""00011111"":53,""01001110"":23,""00000111"":63,""01010010"":10,""11010001"":17,""01101100"":10,""00010000"":42,""01001011"":22,""00011100"":28,""10000001"":39,""11011101"":8,""10001111"":25,""00011000"":24,""01001010"":15,""00111001"":12,""10011100"":7,""01011010"":8,""00101101"":7,""10001011"":17,""11001111"":12,""00001110"":40,""01111011"":11,""01011011"":23,""00010011"":50,""10111000"":4,""00011110"":20,""01001111"":34,""10101101"":2,""01011000"":14,""10001100"":23,""00111011"":5,""00010010"":26,""11000001"":25,""00010111"":46,""11000100"":9,""10010001"":29,""00000101"":58,""01010011"":20,""00000001"":106,""10010101"":34,""00000000"":61,""10110101"":2,""00000100"":49,""00010001"":74,""01000011"":27,""10000100"":27,""01110000"":13,""01000010"":14,""10100001"":5,""10110100"":3,""11000000"":12,""10110001"":6,""01000110"":18,""00000010"":33,""00010101"":49,""00000011"":67,""01000001"":30,""11000111"":9,""01010000"":19,""00100101"":6,""01010101"":20,""00010110"":24,""10000110"":19,""01000000"":28,""01000111"":32,""00110100"":6,""00110001"":17,""01110110"":9,""00100010"":4,""11010101"":16,""01110001"":20,""11000110"":12,""01100110"":4,""11110010"":1,""10010000"":21,""00010100"":35,""10000010"":20,""10110010"":1,""00110110"":6,""10010111"":15,""00001000"":48,""10000011"":28,""10000000"":30,""01000100"":15,""01011110"":14,""10011000"":6,""11001110"":10,""10111101"":7,""11101110"":1,""01011100"":11,""10101011"":4,""11011011"":6,""01010111"":15,""00101110"":3,""01101011"":9,""01100101"":14,""00001010"":34,""10011110"":14,""11001100"":8,""01111111"":9,""10000111"":18,""10011101"":31,""01101010"":4,""11010010"":8,""00111100"":6,""00101100"":4,""00101010"":5,""01010001"":26,""01100001"":16,""10000101"":36,""01000101"":27,""10010100"":10,""11000011"":11,""10010011"":20,""10010010"":12,""01101101"":14,""11000101"":12,""00100000"":3,""01010100"":7,""00100011"":4,""10100011"":2,""01111101"":9,""01100111"":5,""11100111"":2,""10010110"":14,""00110111"":7,""11010110"":4,""11010111"":6,""11010100"":6,""11000010"":8,""11110001"":6,""11010011"":11,""00110101"":5,""00100100"":4,""01101001"":8,""11100101"":2,""01100011"":3,""01110010"":6,""11001101"":19,""01110100"":4,""01100000"":4,""01100010"":7,""11100100"":2,""11101001"":1,""11001010"":6,""01011001"":29,""10111111"":1,""00101111"":5,""11101000"":3,""11011100"":3,""10111001"":9,""10011010"":10,""11111000"":1,""00111010"":4,""11110011"":5,""10101010"":1,""11011010"":10,""01110011"":9,""11011000"":7,""01010110"":12,""10100111"":3,""10110011"":3,""11111101"":2,""10100000"":2,""11010000"":8,""01101111"":8,""11110111"":2,""01110101"":11,""10101001"":4,""00111000"":3,""00111111"":5,""01111110"":3,""10100110"":2,""11100110"":2,""00110011"":4,""01110111"":12,""01111100"":6,""00101011"":5,""11101101"":2,""10110000"":5,""11111111"":2,""00101000"":1,""10001110"":12,""11101011"":1,""10100101"":4,""00100110"":3,""10100100"":1,""10110110"":3,""11111100"":1,""00110000"":4,""00100111"":3,""11011111"":6,""01100100"":4,""11101100"":2,""00100001"":5,""00111110"":1,""10101100"":2,""11110000"":3,""10110111"":1,""11110101"":1,""10100010"":1,""10111010"":1,""11110100"":1,""11111011"":1,""01101110"":1,""11111001"":1,""10111011"":1,""11111010"":1}"
22,x,4000,-0.5305,0.028000000000000025,-0.3819999999999999,-0.016999999999999904,0.10099999999999998,0.5775,0.579,-0.6154999999999999,"{""11100101"":20,""10010011"":80,""01010101"":19,""01100011"":9,""10010001"":40,""01100100"":6,""11000101"":28,""10000101"":240,""10010101"":114,""00110110"":8,""10100011"":12,""00110101"":14,""00110010"":2,""10010111"":99,""10110011"":22,""10010000"":23,""10011110"":52,""01000111"":17,""10000011"":80,""10010100"":40,""10000111"":154,""10000100"":68,""01110111"":6,""11010101"":10,""10010110"":45,""11100110"":7,""10100101"":37,""10001111"":173,""10001101"":233,""11110101"":9,""11010111"":21,""01110011"":4,""01000001"":14,""11110111"":7,""10000001"":73,""01000110"":12,""00010101"":15,""00110001"":6,""01011111"":21,""00000011"":9,""11011101"":7,""10110001"":8,""01010111"":15,""10001011"":85,""10101001"":11,""10011011"":95,""11110110"":5,""10011101"":131,""01110101"":14,""10000110"":65,""10111111"":32,""10011111"":138,""10010010"":16,""10110111"":30,""01100101"":10,""00100001"":5,""10100001"":2,""11000111"":13,""10000000"":23,""01001011"":14,""10110100"":9,""10001100"":53,""00111110"":4,""00000101"":13,""00010111"":10,""01001111"":17,""00000100"":7,""11010001"":3,""00111101"":22,""01000101"":18,""11100001"":6,""10100111"":18,""11000000"":2,""10110101"":24,""01100111"":6,""01010011"":9,""01001100"":8,""00001101"":15,""11101011"":8,""11111001"":6,""10111001"":15,""10001001"":78,""10101101"":27,""10001110"":57,""10011001"":47,""01101101"":11,""10011100"":45,""11001001"":7,""11001101"":13,""11111101"":8,""10101111"":13,""10001010"":24,""10111101"":32,""01011000"":2,""01011101"":23,""01111111"":4,""00111111"":9,""11001100"":4,""01011011"":12,""01000011"":8,""10011000"":22,""10111110"":7,""01111101"":8,""00011101"":17,""10101100"":9,""11101100"":3,""11101111"":9,""01011110"":9,""11011100"":2,""01010000"":4,""10101011"":10,""10101110"":4,""11010110"":6,""00100101"":6,""01010100"":8,""00000000"":1,""10100110"":11,""10100010"":1,""11000001"":5,""11100100"":7,""01111011"":7,""10000010"":22,""00010001"":9,""10110110"":4,""01100001"":6,""00111000"":1,""00000001"":5,""00110011"":7,""11000100"":7,""00010000"":2,""01000010"":3,""00001001"":5,""11100010"":3,""00010110"":3,""11010000"":3,""00010100"":3,""10111011"":20,""01010110"":4,""01011001"":11,""00101101"":6,""11001011"":9,""01101110"":3,""10011010"":17,""11101101"":15,""00001111"":8,""00001010"":4,""10111010"":4,""00111011"":4,""11011001"":11,""11001111"":15,""11111110"":1,""00001011"":5,""00011111"":11,""01001101"":24,""11111111"":10,""10001000"":10,""01011100"":6,""00011001"":3,""01101111"":7,""00101111"":6,""00111100"":5,""00001110"":6,""11011111"":10,""11011011"":10,""00000010"":1,""11100011"":4,""01111000"":2,""00000111"":9,""00000110"":4,""01101011"":12,""11110011"":4,""01010001"":4,""00010011"":6,""00011011"":8,""01001001"":5,""01000100"":8,""11101110"":3,""01001110"":6,""11001010"":3,""11111010"":1,""11111000"":2,""01111001"":2,""00001100"":1,""00011100"":2,""01101000"":2,""11011000"":1,""10101000"":6,""00111001"":3,""00100111"":3,""11101001"":5,""01101100"":2,""10111000"":4,""11100111"":7,""11001110"":3,""00101000"":3,""01111010"":1,""11011010"":3,""01001010"":3,""10111100"":7,""11110010"":4,""11010011"":4,""10100100"":6,""00110111"":8,""11010100"":5,""11110001"":5,""01110001"":3,""11100000"":5,""11111011"":5,""01000000"":3,""01111100"":2,""00101100"":2,""00101011"":2,""01110100"":3,""01110000"":1,""11110000"":3,""11101000"":4,""10110000"":3,""00100110"":3,""11000010"":2,""00110100"":2,""11101010"":2,""11000110"":3,""11011110"":2,""11001000"":1,""11111100"":1,""00100011"":3,""01100010"":1,""00011010"":1,""10101010"":2,""11010010"":1,""00011000"":2,""01011010"":2,""00011110"":3,""01110110"":1,""00100000"":1,""11110100"":2,""11000011"":2,""10110010"":2,""00111010"":1,""01100000"":1,""01101010"":1,""01111110"":1}"
23,x,4000,-0.19100000000000006,0.6679999999999999,0.14149999999999996,0.0024999999999999467,0.2875,0.7130000000000001,-0.667,-0.4990000000000001,"{""11000001"":169,""10010001"":24,""11000101"":184,""10000001"":38,""11000100"":149,""11110001"":33,""11100000"":15,""11010001"":133,""11000111"":28,""01000101"":64,""11010100"":49,""11000110"":18,""01000001"":44,""10010101"":15,""11000011"":22,""00000001"":14,""01000011"":13,""00000101"":16,""11010000"":74,""11100101"":28,""10100001"":1,""01000100"":34,""01010001"":36,""11000000"":111,""11110100"":11,""11010101"":55,""01000000"":48,""11110011"":8,""01010000"":22,""00110001"":4,""00010001"":11,""01010100"":15,""00110011"":2,""01100000"":7,""11000010"":26,""11011000"":63,""00100110"":1,""10010011"":3,""11100100"":12,""11110101"":16,""11001001"":211,""11011010"":27,""00010010"":2,""10110001"":4,""10010111"":3,""01100011"":1,""11001000"":122,""10110101"":2,""10000101"":25,""11010011"":34,""10001101"":37,""11011101"":53,""11011001"":121,""11001101"":161,""01001000"":47,""11001011"":37,""11101101"":21,""11011111"":12,""01001101"":57,""10001011"":5,""00001101"":14,""00011001"":13,""01111101"":3,""11101001"":25,""01001001"":71,""01001011"":17,""11111000"":21,""01111011"":2,""01011001"":35,""11001100"":114,""10101101"":4,""11011100"":53,""10011001"":25,""11011011"":20,""11001111"":29,""11001010"":26,""00101001"":3,""00101110"":1,""11111101"":14,""11101000"":19,""01001100"":22,""01010101"":25,""00111011"":1,""01101001"":6,""01001111"":13,""10011111"":1,""10001001"":38,""00101000"":2,""11111110"":1,""00111101"":3,""11100001"":23,""01111001"":10,""11111001"":37,""01011101"":14,""10001010"":11,""10001111"":8,""00001001"":15,""00101111"":1,""01011111"":6,""00001111"":6,""11100010"":3,""11101100"":23,""00000111"":4,""00001000"":13,""11001110"":14,""10001110"":4,""11101110"":5,""11101010"":3,""10011101"":5,""00101101"":3,""01011100"":13,""10011100"":4,""11101011"":8,""01011000"":21,""10101100"":4,""11111011"":6,""01101000"":4,""01101100"":6,""11111100"":9,""11011110"":9,""10001000"":22,""01011011"":8,""11010010"":24,""01000110"":7,""10010000"":10,""00001100"":11,""10011000"":12,""01010111"":2,""01000111"":7,""10110100"":1,""10111000"":2,""10000000"":29,""11110000"":14,""11110010"":5,""00110100"":1,""10000010"":6,""10010100"":10,""10000100"":16,""10100000"":1,""01001110"":6,""01100101"":5,""11010110"":13,""10000111"":3,""11010111"":11,""11100111"":4,""00000100"":9,""00000000"":14,""10000011"":4,""01010110"":5,""10110000"":5,""00010000"":7,""01010011"":6,""11100110"":2,""01000010"":6,""10110111"":2,""01100001"":5,""00000011"":2,""01110001"":6,""11101111"":4,""10101001"":5,""11111010"":4,""10101010"":2,""10011011"":4,""00111001"":5,""10001100"":12,""00001110"":2,""01011010"":8,""10000110"":5,""01110000"":4,""00100100"":2,""11100011"":5,""01010010"":5,""01100100"":5,""00000010"":3,""10010110"":4,""00110110"":1,""10100010"":2,""00100101"":3,""00110000"":4,""10110110"":1,""00111100"":3,""10100111"":1,""01100110"":1,""01110011"":1,""10010010"":4,""01111100"":3,""00101100"":2,""01110010"":1,""00011100"":2,""10011110"":4,""01101101"":5,""10111101"":1,""01101111"":2,""10111010"":1,""01111010"":1,""01011110"":6,""00101010"":1,""00011000"":1,""11111111"":2,""11110111"":3,""10100100"":2,""00100011"":1,""01110101"":6,""00100111"":1,""00100001"":1,""00011011"":1,""00001011"":2,""00011101"":3,""00011010"":1,""00001010"":1,""00010011"":1,""01110100"":1,""00100000"":3,""01100111"":1,""00010100"":4,""01110110"":1,""01110111"":1,""10011010"":2,""10111100"":2,""00110101"":1,""10101000"":3,""01101010"":1,""00000110"":2,""01001010"":4,""10100101"":2,""01111000"":1,""01101011"":1,""10100011"":1}"
24,x,4000,0.13149999999999995,-0.16399999999999992,0.119,0.0050000000000000044,0.05149999999999999,0.735,-0.6785000000000001,0.8075,"{""00100111"":12,""01001101"":73,""00001011"":11,""01011010"":167,""01001111"":101,""01010011"":105,""01001010"":168,""01101011"":8,""01011000"":73,""01001011"":97,""00011010"":15,""01010000"":74,""01111111"":6,""01011110"":53,""11011010"":11,""01001100"":108,""01011011"":84,""01100010"":21,""01011100"":97,""00111010"":17,""01011111"":87,""00001100"":12,""01100011"":11,""11001011"":5,""11001111"":11,""01000111"":107,""00001010"":18,""11011011"":7,""11011111"":9,""01001110"":54,""11001001"":9,""01101000"":9,""01001001"":70,""01000010"":147,""01101100"":9,""01011001"":55,""10001011"":10,""01101010"":22,""01001000"":94,""10111111"":2,""01000011"":99,""00011100"":19,""10001010"":5,""00101110"":4,""10100001"":1,""01011101"":39,""01010101"":39,""01000001"":71,""01010110"":50,""01100111"":12,""10000000"":7,""01000100"":101,""00110010"":7,""01010111"":97,""01000000"":82,""11010111"":10,""00110100"":8,""00010000"":7,""01000110"":70,""01110111"":10,""00010100"":11,""01010001"":53,""00100100"":8,""01010010"":173,""00100011"":4,""01110100"":7,""01010100"":107,""00010010"":19,""11000100"":10,""01110101"":4,""00111100"":10,""00000010"":15,""10110000"":1,""00110011"":6,""10000011"":4,""01000101"":51,""10000001"":2,""10010000"":5,""01110011"":9,""01100100"":10,""00100000"":5,""11101100"":1,""00111111"":7,""01101101"":8,""00011000"":10,""11111001"":1,""11011101"":3,""10011010"":5,""11011110"":3,""00001101"":5,""01111011"":8,""00111101"":4,""00011011"":13,""11001110"":4,""01111100"":10,""10001000"":4,""10111000"":2,""10001001"":3,""01111000"":6,""00011101"":7,""11001000"":7,""00011111"":9,""10000101"":2,""11000110"":3,""11000101"":4,""00100001"":5,""00100010"":12,""01110010"":15,""10000100"":5,""01110000"":3,""00110111"":10,""10100010"":4,""11101010"":1,""00100101"":6,""10010010"":6,""10011100"":7,""00110110"":1,""11010110"":6,""00000011"":14,""00100110"":7,""11000000"":5,""01100000"":10,""11000010"":15,""11100001"":3,""10000111"":7,""01100001"":12,""00000101"":7,""11010101"":5,""11010011"":8,""00000111"":13,""11000011"":6,""11010100"":7,""00000000"":11,""00110001"":4,""00000001"":6,""10010011"":5,""00010011"":4,""01110110"":7,""00110101"":5,""10110001"":1,""11000001"":3,""11100100"":2,""00010111"":10,""10010110"":2,""10010100"":4,""11000111"":6,""11010010"":8,""11010000"":3,""11011000"":5,""11101110"":1,""11100111"":1,""10010111"":5,""00110000"":3,""11100010"":3,""00001001"":5,""01111110"":7,""10001100"":2,""11011100"":9,""00101010"":14,""10111011"":3,""10101100"":2,""00101000"":2,""11001100"":7,""10001110"":3,""01100110"":4,""00000110"":5,""00010001"":4,""11110000"":1,""01110001"":3,""10000010"":6,""00001000"":8,""00001110"":5,""00001111"":12,""01111010"":12,""10011000"":1,""10101111"":1,""10111010"":1,""00111001"":1,""00010110"":5,""11110100"":3,""10100110"":1,""11001101"":6,""00111110"":6,""00111000"":6,""01111101"":8,""10011001"":4,""01101001"":8,""00010101"":5,""00011110"":2,""00111011"":5,""01111001"":7,""00101011"":3,""00000100"":8,""10011111"":6,""10011110"":3,""11101011"":1,""11111111"":1,""11001010"":5,""10111100"":1,""01101111"":5,""00101101"":5,""11101101"":1,""00101111"":2,""11110110"":1,""00101100"":4,""00011001"":2,""01100101"":3,""11101001"":2,""10101010"":2,""11110111"":1,""10110011"":1,""10001111"":4,""11011001"":2,""01101110"":3,""11101111"":1,""11010001"":2,""10010001"":1,""10110101"":1,""10100011"":1,""11100011"":1,""11100101"":1,""10011101"":2,""11100000"":1,""10000110"":1,""10110100"":1,""10100111"":1,""11101000"":1,""10011011"":2,""11110010"":1,""00101001"":2,""10110110"":1}"
25,x,4000,-0.10250000000000004,-0.07800000000000007,0.262,-0.023500000000000076,-0.03400000000000003,0.08399999999999996,0.08050000000000002,-0.12650000000000006,"{""10100001"":22,""01100111"":33,""10111000"":41,""11110110"":6,""10010001"":50,""01000011"":32,""01100001"":38,""01100101"":19,""10111011"":51,""10010011"":92,""10010111"":37,""10100011"":42,""10000111"":32,""11000001"":7,""10000101"":10,""11010010"":2,""10000001"":24,""00101101"":1,""01110011"":46,""10001000"":26,""10010100"":68,""10110100"":12,""10010000"":69,""10100111"":28,""01011011"":49,""11010001"":4,""10110011"":36,""10000011"":54,""11100111"":9,""11010101"":2,""01000101"":8,""10000010"":24,""10110110"":11,""01110001"":13,""00000001"":3,""10010110"":22,""10101001"":17,""11000000"":13,""10100000"":31,""01010101"":10,""00110001"":5,""10010010"":34,""10000000"":28,""10110001"":13,""01010011"":38,""01000110"":16,""01010111"":26,""00111011"":16,""01000100"":16,""01000010"":10,""01010100"":23,""01110000"":30,""00100101"":1,""11000011"":4,""10000110"":18,""01100000"":37,""10110000"":24,""01000001"":22,""01100011"":71,""01010000"":31,""00010100"":6,""10001111"":47,""10110111"":18,""11110011"":10,""10101010"":20,""11100101"":3,""11111011"":13,""01010110"":10,""10011001"":50,""11100100"":12,""10010101"":21,""11010100"":6,""01110100"":16,""10000100"":24,""11100010"":7,""11000010"":3,""01100110"":24,""11010000"":4,""10100100"":22,""01100100"":31,""00010011"":15,""10001011"":48,""00010110"":3,""10011000"":78,""01100010"":21,""01010010"":12,""10100010"":15,""00000100"":4,""10110101"":7,""01101100"":36,""00010101"":2,""00000010"":2,""10011010"":58,""01101111"":41,""11100000"":7,""11001110"":7,""01110111"":10,""10011011"":135,""01111000"":36,""00110010"":4,""11011010"":4,""10100101"":13,""00100001"":4,""10011100"":34,""00110111"":6,""00010000"":7,""00110011"":4,""00110000"":6,""01001010"":10,""00110101"":4,""01110110"":6,""00100111"":3,""01101000"":62,""01110101"":7,""01011000"":38,""01001001"":12,""10100110"":11,""10101110"":11,""00000111"":5,""01110010"":15,""01010001"":19,""01011110"":11,""01101001"":26,""10001110"":19,""01000000"":14,""11000101"":3,""10110010"":10,""11110000"":13,""11100011"":13,""11010011"":9,""11001011"":8,""00010111"":2,""11110010"":5,""11110001"":8,""01111111"":17,""00010001"":5,""01011010"":19,""10101111"":31,""11001001"":8,""00101111"":4,""01101011"":65,""10101000"":25,""01011001"":9,""01000111"":22,""11001100"":6,""11011011"":5,""01001011"":37,""10101011"":39,""00001111"":3,""10011111"":46,""01101010"":16,""11101001"":6,""01001111"":18,""10101100"":20,""10111001"":17,""11111101"":3,""11101101"":4,""00001110"":4,""10001001"":16,""01011111"":23,""01001100"":17,""01111110"":12,""00111100"":4,""11001000"":10,""10001010"":13,""10011110"":19,""01001000"":25,""11101011"":9,""11101100"":10,""10011101"":14,""00001010"":1,""00111001"":3,""10101101"":18,""01101110"":19,""00001011"":10,""11010111"":5,""11110100"":6,""11110101"":1,""01111010"":17,""11000111"":7,""01111001"":14,""01111011"":44,""01111100"":11,""01101101"":18,""10001100"":34,""00101000"":8,""00101011"":4,""10111110"":5,""01011101"":13,""01111101"":9,""00001000"":5,""00111111"":8,""00111101"":4,""11101000"":9,""00001001"":5,""11111001"":3,""10111010"":11,""11111111"":7,""00011111"":6,""10111100"":9,""01011100"":16,""11011100"":6,""00011000"":10,""00101100"":1,""11001010"":4,""10001101"":12,""00011010"":3,""11101111"":3,""00000000"":3,""11111000"":9,""00111010"":5,""00111000"":8,""00110100"":1,""10111101"":5,""01001101"":12,""01001110"":9,""00111110"":1,""00011001"":4,""00101010"":2,""00011011"":8,""11001111"":8,""11111010"":5,""10111111"":10,""11101010"":4,""00100000"":4,""00001100"":4,""00100100"":2,""11101110"":2,""11110111"":7,""11010110"":1,""11011111"":1,""11011000"":3,""00110110"":2,""11100110"":1,""00100011"":4,""11100001"":4,""00000011"":7,""00010010"":1,""00000110"":3,""11111100"":3,""11000100"":5,""00101001"":3,""11011001"":1,""11011101"":1,""00011110"":1,""11001101"":2,""00101110"":3,""11011110"":1,""00011101"":2,""00011100"":1}"
26,x,4000,0.346,-0.09000000000000008,0.17049999999999998,0.03500000000000003,-0.18300000000000005,0.383,0.4455,-0.6465000000000001,"{""10000010"":96,""11100100"":12,""10101001"":6,""00111000"":12,""10010110"":91,""00110101"":3,""11000010"":25,""10000001"":62,""10000101"":24,""10010011"":45,""10010111"":40,""10000111"":28,""10000000"":48,""01011000"":6,""10010101"":46,""11001001"":12,""10010001"":77,""11010011"":11,""00000011"":6,""10001010"":113,""10010100"":74,""11000001"":13,""10110001"":28,""10000100"":49,""10100010"":23,""11110011"":13,""11110010"":31,""01110000"":4,""11010010"":29,""01110110"":4,""11100110"":10,""01010010"":14,""11110001"":23,""10010010"":135,""10110111"":16,""00100110"":1,""10011001"":52,""00000111"":8,""00010100"":12,""11110111"":16,""11010001"":25,""10110110"":40,""00010010"":28,""01100011"":2,""11010000"":13,""01110100"":10,""10001000"":71,""10010000"":63,""11100000"":6,""01010101"":2,""00110110"":7,""01110101"":4,""11000100"":18,""00110111"":1,""11000000"":17,""00010000"":12,""10110101"":13,""11000110"":19,""10000011"":32,""10100101"":8,""11111001"":21,""01001010"":6,""10110010"":46,""11100001"":4,""10100000"":4,""10000110"":82,""10110100"":25,""11010100"":15,""01000110"":5,""11111010"":38,""10011011"":27,""10111110"":40,""10011010"":99,""11011101"":6,""10011110"":58,""10111011"":16,""11011100"":21,""10111010"":55,""10101101"":5,""10011101"":26,""11001100"":13,""10111101"":12,""10011100"":60,""10001100"":55,""11011011"":8,""10001001"":63,""00001100"":8,""11001111"":8,""00001101"":4,""10001101"":17,""00101010"":7,""11101110"":13,""00011010"":23,""00111010"":10,""11011000"":15,""11001010"":28,""11111011"":9,""11011010"":32,""10011000"":61,""01110011"":4,""00001010"":18,""01111111"":4,""10001011"":33,""11111000"":26,""11000011"":8,""01111010"":16,""00001000"":16,""00011111"":5,""10111001"":27,""10001110"":82,""10101110"":10,""11111110"":24,""11011110"":17,""11001110"":14,""00001011"":4,""00101001"":3,""00000001"":12,""11101101"":9,""00001110"":14,""00101100"":1,""00011110"":12,""00011100"":10,""01111110"":6,""00111111"":4,""01111011"":4,""10011111"":24,""01001001"":4,""11001000"":18,""10111000"":33,""01011010"":8,""11101011"":9,""01001110"":4,""10111111"":12,""11011001"":14,""10001111"":25,""00011000"":12,""10111100"":23,""01101001"":2,""01011101"":1,""10101010"":14,""11101010"":13,""00000100"":13,""01001100"":2,""10101011"":5,""11111100"":21,""11100101"":3,""01111001"":6,""11101100"":6,""00001111"":4,""10110011"":17,""00101110"":2,""00110001"":8,""11101001"":4,""01100100"":4,""01011110"":4,""10101000"":7,""01111100"":8,""11001011"":8,""01101010"":5,""00010111"":6,""11101000"":3,""00111011"":3,""10101100"":11,""10100110"":14,""11110100"":18,""10110000"":17,""00110010"":12,""11110000"":23,""00000110"":22,""00010110"":13,""11000111"":3,""01110010"":8,""11100010"":14,""00100010"":9,""10100001"":9,""00100101"":2,""00101111"":2,""01111000"":7,""01001011"":1,""00011101"":4,""11111111"":9,""00011001"":11,""10101111"":4,""01011001"":3,""01110001"":9,""01001000"":9,""00000010"":20,""11100111"":3,""00000000"":7,""11110110"":24,""11010110"":14,""01010011"":3,""00010011"":6,""10100111"":4,""01010100"":5,""00010101"":4,""01100010"":5,""01010000"":2,""10100100"":11,""01000001"":4,""11100011"":7,""11000101"":5,""01010110"":5,""01101110"":1,""01101011"":2,""00001001"":9,""00011011"":7,""00111001"":7,""00111100"":8,""00110000"":8,""00010001"":14,""11110101"":6,""00110100"":3,""01000010"":1,""11010111"":5,""11010101"":8,""00100011"":3,""10100011"":3,""01110111"":2,""11001101"":6,""01011011"":2,""00000101"":7,""01000100"":4,""01000000"":1,""00101101"":1,""11111101"":5,""01011100"":5,""11011111"":2,""01101101"":1,""01101111"":1,""00111110"":3,""11101111"":4,""01100110"":3,""01010001"":2,""01101000"":1,""01000011"":1,""00100000"":2,""01000111"":1,""01101100"":1,""01001111"":1,""00101000"":2,""01001101"":1,""01100000"":1}"
27,x,4000,-0.23550000000000004,-0.03950000000000009,-0.030000000000000027,0.02300000000000002,0.21150000000000002,0.5935,-0.7170000000000001,-0.7565,"{""11001000"":116,""11000111"":188,""11010111"":151,""11010101"":78,""11000100"":105,""11001011"":182,""11010011"":85,""11000011"":158,""11000000"":101,""00000000"":8,""00000111"":21,""11001100"":118,""01000000"":11,""11110011"":25,""10100001"":4,""11011011"":139,""01100111"":6,""11010100"":100,""11000001"":71,""10110011"":9,""10101010"":5,""10100101"":5,""11011000"":67,""11101101"":10,""11010000"":56,""11000010"":52,""11000101"":96,""11011010"":29,""11101111"":27,""00000001"":6,""11100000"":26,""11010110"":27,""11010001"":29,""11100011"":31,""11110001"":7,""11110000"":18,""10100111"":7,""01100000"":9,""01000101"":7,""00100110"":2,""00000011"":9,""01110011"":3,""01000100"":4,""10000111"":10,""11000110"":34,""01010111"":10,""10010111"":10,""01000011"":10,""10010100"":4,""00010101"":8,""11011001"":36,""00000010"":4,""11100110"":3,""11010010"":27,""10101011"":17,""01001110"":3,""10000100"":8,""11011111"":77,""10111000"":6,""00111011"":5,""11001110"":25,""10101000"":7,""11001010"":50,""11001111"":142,""10001100"":7,""11111001"":10,""11001001"":77,""00001011"":8,""11111100"":17,""11011101"":67,""11111101"":7,""00001100"":15,""11101011"":30,""11011110"":27,""01011111"":6,""01001001"":8,""00101100"":2,""10101111"":6,""11101000"":30,""11011100"":85,""10011000"":4,""00010000"":1,""10000101"":5,""11101110"":10,""01111111"":5,""11101100"":27,""10011011"":6,""11111000"":19,""00011010"":4,""01111100"":3,""10001101"":7,""11110100"":10,""10011100"":5,""01011000"":3,""11101001"":19,""01001011"":14,""00111010"":2,""00010110"":2,""00011111"":10,""11001101"":78,""01001101"":4,""11100100"":14,""10001111"":7,""00001001"":5,""11111011"":23,""11101010"":8,""00011100"":4,""00011011"":5,""01000110"":3,""01101111"":4,""10101110"":2,""11110010"":7,""01001111"":6,""10110110"":2,""01101011"":5,""01011011"":7,""00100111"":8,""01100101"":1,""10111101"":3,""11100001"":17,""00001110"":2,""01100010"":1,""01011110"":5,""11110111"":20,""10011111"":4,""00001000"":9,""11111010"":3,""10111111"":5,""10101001"":8,""01111101"":2,""00001111"":12,""01001000"":5,""11111111"":11,""11100111"":47,""11100101"":16,""10001010"":3,""00001101"":7,""01011001"":3,""10011110"":2,""10100011"":17,""10111011"":10,""10011001"":2,""10001011"":8,""00111001"":1,""01011010"":2,""11100010"":10,""10001110"":3,""01111000"":1,""01001010"":4,""10111110"":1,""10110111"":7,""00100011"":4,""00011000"":3,""00011110"":3,""00010010"":2,""01010101"":11,""01101110"":1,""10001000"":7,""01001100"":7,""00001010"":2,""10101100"":5,""10100010"":3,""01011100"":6,""10111001"":1,""10101101"":3,""10111100"":2,""00101011"":4,""00111111"":1,""01101101"":3,""00101000"":3,""00000101"":4,""10000110"":1,""10010101"":4,""11110101"":12,""00010001"":4,""10010011"":4,""00000100"":9,""01010000"":3,""10110101"":5,""10110001"":8,""10010110"":3,""10010010"":2,""01010100"":6,""01000010"":1,""10110100"":6,""10000001"":3,""10000011"":8,""01000001"":8,""10110000"":8,""00010100"":5,""00100100"":3,""01100011"":3,""10100110"":5,""10000010"":2,""11110110"":2,""00110100"":2,""01000111"":16,""00000110"":5,""10100100"":6,""00110011"":2,""01010011"":6,""00100101"":5,""00010111"":7,""10110010"":1,""00110101"":2,""10100000"":6,""00110111"":2,""10010001"":2,""01100100"":1,""10000000"":3,""00110000"":1,""00011101"":4,""00101101"":1,""01101000"":5,""00101111"":1,""10111010"":1,""01101100"":1,""10001001"":4,""01011101"":3,""00111000"":1,""00101001"":1,""00111100"":1,""10011101"":1,""11111110"":3,""01101001"":1,""10010000"":1,""00010011"":3,""01110111"":2,""01110010"":1,""01010110"":1,""01100001"":1}"
28,x,4000,0.393,-0.2689999999999999,-0.3640000000000001,-0.03299999999999992,0.31599999999999995,0.6645,-0.5565,-0.1519999999999999,"{""10001001"":10,""10011010"":5,""01011000"":25,""01001110"":127,""01001111"":52,""11101010"":9,""01001100"":58,""01011001"":11,""01011110"":69,""01001101"":34,""01010110"":67,""11001111"":59,""10001110"":57,""10111110"":3,""11011110"":98,""01010111"":28,""11001110"":177,""11010000"":18,""01110010"":6,""01001010"":49,""01011010"":31,""10000100"":23,""11011111"":18,""10011110"":34,""01101110"":38,""11001000"":63,""11111110"":14,""11001101"":46,""10001100"":22,""00101101"":5,""01111011"":3,""11001010"":59,""00101100"":12,""01010001"":11,""11011010"":31,""01011111"":21,""11001100"":70,""11011001"":12,""11001001"":14,""11010110"":80,""11010100"":29,""10101000"":3,""00111100"":5,""10011111"":10,""01101011"":2,""11111111"":11,""00111010"":8,""10001101"":20,""10111011"":2,""11101110"":20,""01101100"":15,""11011101"":20,""10000010"":30,""11000111"":70,""11000110"":164,""10011100"":12,""11010111"":32,""11001011"":20,""11011000"":26,""01001011"":12,""01011100"":28,""01001000"":41,""01101101"":8,""00100110"":10,""11010010"":49,""11000000"":36,""11110110"":16,""00000101"":7,""10010010"":6,""01000011"":24,""01100110"":23,""10000000"":18,""10010100"":6,""10100110"":8,""01110110"":8,""01000110"":111,""10010110"":23,""01100011"":3,""11000100"":59,""11110100"":11,""10110110"":5,""10000101"":16,""11000101"":40,""01100010"":7,""00000100"":11,""11110010"":2,""10000110"":44,""11000010"":60,""01010010"":24,""00100100"":2,""00000000"":7,""11000001"":23,""01110100"":2,""01010000"":24,""01000101"":26,""01000111"":47,""11100010"":12,""01000100"":51,""00111111"":6,""01000000"":28,""10110100"":5,""00001100"":14,""01011011"":16,""01100101"":10,""10010000"":9,""01100100"":12,""00100000"":2,""01010100"":30,""01111100"":6,""11100111"":10,""00111110"":5,""00001010"":8,""01010011"":11,""11010101"":27,""01000010"":42,""10010001"":5,""11010001"":8,""11100110"":22,""01010101"":13,""10100010"":2,""10000111"":18,""10100000"":1,""00000010"":7,""11100001"":2,""11100101"":7,""00010111"":4,""00110000"":6,""01100111"":10,""11101111"":10,""11100000"":9,""00110101"":2,""11010011"":7,""00110010"":3,""11000011"":30,""01100000"":7,""00010110"":13,""00000110"":14,""10010111"":16,""10001010"":12,""10000001"":6,""10100100"":2,""10100101"":1,""01000001"":18,""10110101"":1,""10001000"":19,""11011011"":13,""00000111"":6,""10000011"":10,""00110110"":15,""00010010"":2,""01111010"":3,""00100010"":5,""00100111"":6,""10100001"":3,""01110000"":3,""11101000"":8,""00110111"":3,""00101111"":4,""00000001"":3,""01001001"":15,""10001011"":12,""01110111"":3,""11110011"":4,""00000011"":6,""00100001"":1,""01110101"":3,""01011101"":14,""11111011"":4,""11011100"":29,""01101000"":9,""11101100"":13,""10101110"":10,""00101110"":10,""01111101"":4,""01101010"":7,""11111000"":2,""00001110"":27,""01111110"":12,""10101111"":1,""00011010"":4,""00001001"":1,""00001011"":6,""00101000"":3,""01101001"":5,""10010101"":7,""11100100"":14,""00010101"":4,""11110111"":2,""00110100"":3,""01110001"":1,""01111000"":2,""10110010"":4,""01100001"":3,""00100101"":2,""11110001"":1,""00110011"":1,""10001111"":28,""10011011"":6,""01101111"":9,""00001101"":5,""11111100"":6,""01111111"":4,""10111010"":3,""10101100"":4,""00001111"":9,""11111010"":7,""11101101"":7,""10111101"":2,""00101001"":1,""00011001"":1,""00001000"":3,""11111001"":3,""10101010"":5,""10011000"":10,""10111111"":1,""00011100"":1,""11111101"":3,""10111000"":1,""00011000"":5,""10011101"":4,""00111001"":1,""11110101"":2,""01110011"":1,""00010100"":1,""10011001"":5,""00011110"":6,""00111000"":1,""11101011"":4,""10111001"":1,""10100111"":2,""00010011"":1,""00010000"":3,""10010011"":1,""00110001"":2,""10110001"":1,""11100011"":2,""00010001"":1,""10111100"":1,""00111101"":1,""10100011"":1,""10110000"":1,""11101001"":1,""00101010"":3,""00101011"":1,""11110000"":1}"
29,x,4000,0.3415,0.6575,0.12150000000000005,0.026000000000000023,0.3175,0.749,-0.30200000000000005,-0.1140000000000001,"{""10010110"":10,""01010100"":65,""01110011"":2,""01000001"":81,""10001000"":123,""11010101"":26,""11000011"":13,""10000010"":24,""11100000"":18,""11000101"":45,""00000100"":19,""11000100"":53,""10000110"":13,""01010011"":8,""10000111"":11,""11000000"":95,""00010101"":9,""01010000"":47,""00010100"":11,""01000100"":91,""01000010"":16,""11110000"":10,""10000101"":35,""11010100"":46,""01110001"":10,""01000101"":46,""11000110"":13,""00010010"":4,""11000001"":73,""10000000"":105,""10010100"":57,""10000100"":91,""10010011"":11,""11010001"":29,""11010000"":41,""00000101"":17,""10010000"":39,""11001010"":22,""11100100"":26,""11001000"":106,""10000001"":71,""01000111"":16,""01001011"":13,""01011001"":27,""10001001"":57,""10010001"":29,""11100001"":7,""11010111"":7,""01010101"":39,""10100110"":2,""01000000"":108,""11000010"":17,""10100000"":4,""01010001"":34,""00110001"":4,""10010101"":30,""00010001"":9,""00010000"":8,""10000011"":9,""11111010"":4,""11010011"":7,""01110110"":2,""11100101"":17,""01001101"":30,""10001100"":88,""11001100"":68,""11001110"":15,""10010010"":13,""11100010"":5,""10011101"":9,""01001100"":102,""10110000"":5,""11010010"":13,""11011001"":19,""00000111"":4,""00000000"":28,""11100110"":3,""10011000"":39,""01011000"":55,""01010010"":18,""00000001"":6,""01111000"":16,""11110010"":4,""10001010"":24,""00100101"":1,""01000110"":23,""01100100"":22,""00100100"":5,""10001111"":6,""00001101"":6,""01101001"":10,""01001000"":179,""01100001"":7,""01010110"":16,""01100000"":16,""01110000"":5,""11100011"":1,""01101000"":24,""11100111"":2,""11110001"":12,""00000011"":3,""00000110"":2,""10100100"":5,""00000010"":5,""00110100"":3,""10010111"":10,""11011000"":41,""01100101"":10,""01111110"":2,""11001101"":23,""01011110"":12,""00001100"":20,""01011100"":76,""11011101"":18,""11001011"":9,""10001101"":27,""11111001"":6,""01011101"":23,""10011100"":41,""00001001"":6,""11011100"":27,""10011110"":9,""11001111"":2,""01011111"":5,""11001001"":51,""10011001"":26,""01001001"":59,""10011011"":4,""01001110"":26,""00001110"":5,""11101000"":18,""00001000"":22,""00111100"":4,""11101110"":3,""00101001"":2,""10111000"":6,""00100000"":2,""11010110"":13,""01110100"":3,""11111000"":13,""00110101"":4,""11000111"":5,""01110010"":3,""10110101"":2,""00101101"":4,""11110101"":3,""01001010"":40,""11011111"":4,""11101101"":6,""01111010"":3,""00011110"":2,""01101100"":15,""00101111"":1,""00101110"":4,""10001110"":13,""10101010"":3,""11101001"":7,""01111001"":7,""00011100"":17,""00111000"":5,""01111100"":10,""11011011"":5,""11101100"":22,""01101101"":5,""01101010"":3,""10011111"":1,""01011010"":12,""10011010"":17,""01101111"":1,""00001011"":2,""00011101"":2,""11011110"":7,""00011010"":3,""00011000"":15,""00101000"":3,""10101110"":1,""01001111"":8,""00001010"":3,""00011001"":5,""00101100"":2,""11101010"":4,""10111100"":3,""10001011"":10,""01011011"":5,""01111101"":1,""11111101"":3,""11111110"":1,""10100101"":3,""10101000"":4,""11111100"":2,""11101111"":1,""00011111"":1,""11011010"":6,""10101101"":2,""00111001"":1,""10101011"":1,""10101100"":7,""01010111"":8,""01100010"":1,""01000011"":5,""01101110"":3,""01100110"":4,""11110100"":2,""00100011"":1,""01100111"":3,""10110100"":1,""00110110"":2,""10110001"":2,""10100010"":1,""10111001"":2,""01110101"":1,""00100001"":2,""00110000"":2,""00101010"":1,""00111111"":1,""01101011"":1,""11110110"":1,""01111111"":1,""10111110"":1,""10100001"":1}"
30,x,4000,-0.29200000000000004,-0.18999999999999995,0.23299999999999998,0.026000000000000023,0.46599999999999997,0.263,-0.4850000000000001,0.5525,"{""00001101"":5,""10011001"":7,""01001111"":96,""01011000"":20,""10110000"":3,""00101011"":29,""01011110"":18,""10111001"":8,""01001001"":81,""01111111"":10,""01101111"":22,""01001110"":51,""00011101"":3,""01100010"":34,""01001011"":186,""10010101"":5,""01001010"":91,""01011100"":19,""01001101"":70,""01111011"":31,""01011011"":55,""01100000"":26,""00101000"":9,""01001000"":68,""01111010"":18,""10011011"":11,""10111101"":2,""01011010"":29,""10111100"":6,""00001010"":13,""11001011"":18,""00101010"":24,""01111101"":13,""10101010"":14,""01101000"":28,""01000000"":54,""10110111"":8,""10001011"":27,""10111111"":8,""10101111"":12,""10101011"":29,""01101100"":16,""01100101"":26,""11101110"":5,""01011001"":25,""01001100"":69,""10001001"":12,""01000010"":74,""00111011"":9,""01010101"":30,""00001000"":8,""00101111"":7,""01000011"":230,""00111010"":17,""01100100"":15,""01000111"":91,""01011111"":25,""00000011"":14,""10111011"":15,""10000101"":22,""10001110"":4,""01010111"":34,""10011010"":3,""11100110"":4,""01101011"":70,""10000111"":10,""11111100"":3,""01101101"":18,""10100010"":11,""01101001"":29,""01010010"":28,""11110011"":14,""10100011"":20,""11000101"":18,""01110101"":14,""01000101"":123,""01100110"":14,""01110001"":12,""00100101"":21,""11000001"":10,""10010011"":12,""10100110"":4,""00100110"":4,""01000110"":43,""01000100"":65,""01000001"":72,""00100000"":14,""11000111"":13,""10000001"":11,""01100011"":73,""11100111"":4,""01010000"":13,""01110110"":6,""01010011"":75,""11000000"":6,""00010001"":1,""01010001"":25,""10000100"":7,""00000000"":3,""00100011"":41,""01100001"":37,""11000011"":25,""10100101"":11,""01111001"":17,""11010101"":5,""10000011"":16,""01110011"":28,""00111001"":8,""00000111"":10,""01100111"":30,""11100001"":7,""11100010"":7,""01110111"":13,""01011101"":20,""10110101"":5,""00001011"":21,""10110010"":6,""10100100"":9,""11110001"":4,""00000010"":9,""00100010"":11,""00100111"":13,""01110100"":7,""11000010"":7,""00110111"":12,""00000100"":4,""00110110"":3,""01110010"":22,""00110101"":9,""00000110"":4,""11100100"":4,""01010100"":16,""00001111"":7,""11100011"":14,""00110000"":5,""11110111"":4,""10000110"":7,""10100001"":17,""11100000"":4,""00110001"":9,""00100001"":10,""10100000"":8,""01010110"":8,""10100111"":15,""11010011"":3,""01110000"":8,""00010111"":5,""00101001"":14,""11100101"":8,""00110011"":14,""00100100"":7,""10110011"":12,""00110100"":6,""00110010"":9,""11000110"":6,""10110110"":1,""10000010"":11,""01101010"":34,""00010011"":4,""00000001"":12,""11101001"":6,""10010111"":2,""10010000"":5,""11111010"":6,""10111110"":8,""10101100"":4,""11101011"":14,""11011011"":6,""11001111"":10,""10101000"":6,""10001010"":14,""11001101"":9,""10001111"":10,""01111100"":10,""11001100"":7,""11011010"":5,""10001101"":9,""00101101"":6,""11010111"":2,""11110000"":3,""00111000"":5,""11000100"":7,""10000000"":6,""00000101"":6,""11011100"":3,""10101101"":12,""11001001"":9,""11011110"":4,""11001000"":5,""00001110"":5,""11101100"":2,""10011101"":4,""00101100"":11,""01111110"":3,""00111100"":3,""11101101"":1,""11001010"":18,""00111101"":6,""00001100"":6,""00101110"":2,""10001100"":10,""00001001"":7,""11111001"":3,""00111111"":5,""11011001"":4,""10111000"":4,""11101010"":7,""00010100"":1,""10111010"":6,""11011101"":3,""00111110"":3,""11101111"":3,""10011110"":2,""00011010"":4,""01111000"":5,""10101001"":13,""11111110"":2,""10011000"":3,""11001110"":6,""00011011"":4,""10010010"":2,""11010001"":3,""11111011"":6,""10101110"":3,""10011100"":2,""11111111"":4,""10001000"":3,""11011111"":4,""10110100"":1,""10010001"":1,""11110101"":5,""11010110"":1,""11010100"":2,""00010101"":1,""11110100"":1,""11111101"":1,""10110001"":2,""10010110"":1,""10010100"":1,""01101110"":6,""00011001"":1,""00011000"":1,""11011000"":1,""00011110"":1,""11101000"":2,""11111000"":2,""10011111"":1,""11010010"":1}"
31,x,4000,0.515,0.6685,0.09150000000000003,-0.006000000000000005,0.514,0.04800000000000004,-0.19700000000000006,-0.7709999999999999,"{""10111101"":9,""10001000"":93,""10101000"":128,""10001100"":72,""11101111"":8,""11001000"":186,""11101100"":81,""11011100"":37,""11101101"":22,""11011000"":45,""11101000"":116,""11100000"":101,""11001110"":9,""11010100"":34,""10111000"":38,""11001100"":124,""10111100"":23,""11100010"":22,""10100100"":83,""10000000"":100,""10101100"":85,""11111000"":42,""01101100"":10,""10101101"":27,""10001010"":22,""10110100"":46,""11001001"":46,""11000100"":157,""10000100"":87,""11101010"":18,""11110100"":49,""10011000"":28,""01101000"":20,""11111111"":3,""10101111"":8,""11011010"":9,""01110100"":4,""01011000"":4,""10111010"":13,""00001011"":1,""11001111"":16,""10100101"":31,""01001100"":28,""10111011"":6,""11001010"":37,""10001001"":35,""10001110"":12,""11111100"":32,""10101001"":31,""10111001"":14,""01001000"":23,""01101101"":3,""10011001"":9,""11100101"":35,""10001101"":18,""11111010"":9,""10001111"":2,""11011101"":15,""11101011"":20,""11100110"":19,""11010000"":34,""10011100"":24,""11100100"":114,""10111110"":8,""11001101"":33,""00011111"":1,""10110000"":40,""11101110"":18,""00111000"":3,""10101011"":10,""10110001"":15,""01101110"":3,""01010000"":9,""01011001"":3,""00111100"":4,""11000101"":44,""11011001"":5,""00101000"":9,""01001011"":2,""01111000"":7,""01001010"":5,""00111001"":2,""10101110"":9,""00001110"":1,""11010001"":11,""11011110"":2,""01101001"":3,""10011111"":4,""01001001"":5,""01011100"":5,""00011000"":3,""10100110"":10,""10101010"":19,""00110000"":7,""10010000"":24,""11010010"":8,""11000000"":141,""11000001"":44,""01100100"":21,""01010100"":7,""10000010"":14,""10011011"":3,""11110000"":40,""10100000"":88,""11100001"":32,""10110010"":7,""00100100"":4,""10110111"":8,""11000010"":26,""01000000"":27,""11000011"":20,""11010110"":5,""11010101"":15,""11001011"":20,""10000001"":12,""00000001"":3,""00000000"":10,""01000111"":4,""01000100"":34,""10000101"":22,""11010111"":4,""10001011"":11,""11110111"":2,""00001000"":10,""11101001"":25,""11110101"":15,""10100011"":13,""11110110"":4,""11111001"":15,""01111100"":6,""10011101"":4,""00101100"":7,""10010100"":21,""00001010"":4,""10100001"":24,""11000111"":10,""10011010"":6,""01001110"":3,""11111110"":6,""11011011"":1,""00101001"":1,""00001100"":5,""11111011"":6,""00011110"":2,""11110010"":10,""00101101"":3,""00000111"":3,""10011110"":3,""11111101"":10,""01101011"":3,""01001111"":4,""01001101"":7,""01010101"":3,""01000101"":5,""00010001"":2,""10010101"":7,""00100000"":6,""00000110"":2,""00110101"":1,""10100111"":2,""10010011"":2,""01000011"":5,""10100010"":14,""11100011"":12,""11000110"":17,""10000110"":4,""00000101"":3,""00010000"":2,""10010110"":3,""01000010"":5,""11100111"":10,""00110100"":2,""00001001"":3,""01110011"":2,""10010001"":3,""01100101"":5,""01010001"":1,""01000001"":8,""01111110"":2,""11010011"":5,""01101111"":1,""10110101"":10,""01100010"":3,""10010111"":1,""10000111"":1,""01100001"":3,""11110011"":2,""00000011"":1,""10000011"":6,""01110000"":5,""01010110"":1,""10110011"":2,""01110001"":2,""01000110"":1,""00000100"":10,""01010010"":4,""01100000"":13,""01110101"":2,""01100110"":1,""11110001"":6,""00101010"":3,""01111101"":1,""01111001"":1,""00011101"":1,""00111010"":1,""00101011"":1,""11011111"":3,""10110110"":1,""00001101"":1,""01011101"":1,""00011100"":1,""01011111"":1,""01010011"":1,""00000010"":3,""00100110"":1,""00010111"":1,""00010100"":1,""00100111"":1,""00101110"":1}"
32,x,4000,-0.4790000000000001,-0.01849999999999996,-0.1419999999999999,0.027000000000000024,0.269,0.6,-0.24449999999999994,0.45799999999999996,"{""10000000"":12,""01000001"":66,""01100110"":8,""01000010"":30,""00000010"":12,""01010101"":90,""01100101"":25,""00000101"":57,""01010011"":72,""10000010"":12,""01001111"":114,""01010111"":58,""01000000"":42,""01110001"":8,""01010110"":17,""10010111"":20,""00010110"":4,""00100011"":4,""01100111"":21,""01100100"":6,""11010101"":12,""00000111"":37,""01000011"":108,""01001110"":40,""00110100"":5,""10000111"":35,""01000100"":61,""10110011"":9,""01000111"":129,""01010100"":21,""01110101"":17,""10010011"":22,""01000101"":171,""10001001"":23,""10010101"":20,""00100101"":7,""01001011"":136,""11100101"":11,""10010010"":7,""01110011"":17,""01100000"":2,""01110110"":9,""00110111"":15,""00000011"":35,""11100111"":6,""00110011"":15,""00100111"":5,""10010110"":7,""00110101"":15,""11110001"":2,""10100101"":5,""10000110"":20,""11000100"":3,""01100001"":13,""11100011"":7,""10110001"":10,""00000110"":7,""00010111"":19,""10110101"":12,""01011100"":32,""10001101"":54,""01000110"":25,""10110111"":10,""01011101"":73,""01010010"":17,""01001101"":126,""01001100"":62,""01111111"":15,""11011011"":7,""11111011"":3,""01100011"":22,""01011111"":59,""00001101"":38,""01011110"":19,""10101011"":8,""01011011"":41,""01111010"":6,""10001010"":11,""00001011"":41,""10011101"":23,""00101101"":8,""00011100"":6,""00011011"":10,""11001101"":20,""00001100"":20,""11001011"":19,""10011111"":22,""10111100"":6,""00111001"":9,""01001001"":58,""01011001"":24,""11001110"":4,""10001100"":15,""11111101"":3,""00011111"":11,""11011110"":3,""00111011"":16,""10001111"":39,""01011010"":16,""10011010"":6,""01101110"":7,""11011111"":7,""10001011"":45,""01110100"":7,""00001111"":29,""11101101"":6,""01101101"":16,""10101001"":4,""00001001"":20,""01111000"":7,""10011001"":12,""01101111"":18,""10111101"":11,""11101110"":4,""00001110"":10,""10111110"":2,""01001000"":34,""00111101"":13,""01101010"":5,""00010101"":27,""11101011"":4,""00011110"":3,""00101111"":8,""01001010"":43,""11011001"":1,""01011000"":16,""11111010"":1,""01101001"":14,""01101011"":18,""11011101"":7,""10011100"":7,""11001100"":5,""00001010"":7,""10101010"":3,""11101001"":2,""00011000"":6,""10011110"":6,""01111001"":14,""00111000"":6,""11001111"":9,""01101100"":5,""10111111"":8,""10111001"":8,""10111011"":15,""01111110"":2,""01111011"":18,""11011100"":3,""00111010"":5,""11011010"":3,""10101100"":5,""00101011"":5,""10011011"":23,""01010000"":15,""10110100"":3,""00111110"":6,""10000101"":55,""10010001"":10,""00111111"":8,""01111101"":20,""01111100"":6,""11001000"":6,""00001000"":6,""00110010"":7,""00011101"":13,""10011000"":5,""00111100"":4,""01110111"":8,""00011010"":7,""11001001"":5,""00101001"":3,""10001110"":14,""00110110"":4,""00000100"":13,""11101111"":8,""10110010"":3,""11101100"":3,""11011000"":4,""11010100"":6,""01110000"":5,""00011001"":8,""10000011"":43,""11111001"":4,""00010011"":26,""11100100"":3,""11000111"":10,""00000001"":21,""10100001"":3,""01010001"":24,""10110110"":2,""00100010"":2,""10000001"":29,""11100001"":2,""11000101"":12,""10101000"":2,""10101101"":2,""10001000"":10,""10111000"":3,""11101010"":2,""10110000"":5,""11100010"":5,""01100010"":5,""10000100"":18,""11110100"":1,""00000000"":16,""00101100"":2,""10010000"":4,""00010010"":5,""10010100"":3,""00110000"":4,""01110010"":4,""00010001"":8,""11000000"":4,""11010011"":7,""11110111"":3,""11000011"":17,""11100000"":2,""11110101"":3,""11110010"":1,""11010111"":6,""11110011"":1,""11000001"":5,""10100100"":1,""11010010"":4,""00110001"":9,""00010100"":1,""11100110"":2,""10100000"":2,""10100011"":6,""11010110"":3,""11110110"":1,""00100110"":3,""11000010"":3,""11010000"":1,""01101000"":5,""10100010"":1,""11000110"":3,""00100100"":1,""00010000"":3,""11101000"":2,""00101010"":2,""00101000"":2,""11111111"":2,""10101110"":1,""11001010"":2,""10100111"":2,""10101111"":1,""00100001"":3,""11010001"":2,""00100000"":2,""10111010"":2}"
33,x,4000,0.17900000000000005,0.6739999999999999,0.05900000000000005,-0.006000000000000005,0.006000000000000005,-0.10299999999999998,0.10499999999999998,-0.5609999999999999,"{""10111000"":79,""10001000"":83,""10011001"":29,""10101000"":41,""01011100"":18,""11011100"":41,""11011000"":42,""10001001"":49,""10000000"":72,""10011100"":32,""10011010"":8,""11101100"":57,""10111100"":75,""01111100"":5,""10101001"":35,""10011000"":34,""00011111"":2,""01001100"":8,""11001001"":20,""10101101"":26,""11001100"":19,""00011100"":14,""11011101"":36,""10110100"":54,""11111101"":22,""11011010"":9,""11101001"":44,""10111111"":7,""10001100"":65,""01111101"":4,""11111001"":35,""00101100"":19,""11111100"":36,""10000100"":59,""10101110"":11,""00111000"":9,""11111000"":42,""10111101"":45,""01011101"":14,""11001110"":4,""10001101"":40,""10000001"":48,""10111001"":43,""01111000"":14,""11101000"":81,""10001011"":14,""10111011"":14,""10101100"":46,""00101000"":21,""11110000"":35,""01111001"":6,""00011101"":4,""10001110"":15,""10001010"":20,""00001000"":5,""10101111"":7,""00101101"":12,""11010100"":61,""11100000"":60,""01101101"":8,""11011001"":25,""01101011"":2,""11011011"":7,""10010101"":23,""11101010"":13,""10011101"":34,""10100101"":29,""01111010"":4,""10110001"":33,""00011000"":17,""00011010"":4,""00001100"":6,""11000101"":8,""01000101"":10,""11001000"":24,""00101010"":5,""11101101"":35,""01101000"":20,""10001111"":5,""01101100"":12,""10111010"":12,""01001001"":5,""11101110"":5,""11001010"":6,""00001101"":5,""11100001"":44,""01101110"":3,""00101001"":20,""00111100"":12,""00101011"":7,""00011001"":4,""01001101"":10,""00111001"":7,""00001010"":3,""01011001"":15,""00111111"":1,""00111101"":6,""11011110"":7,""11110101"":30,""10101010"":12,""10000101"":57,""11010101"":34,""01001000"":7,""01111111"":2,""11001101"":12,""10110101"":50,""00001011"":1,""11101111"":3,""01011000"":22,""11111111"":7,""11010001"":38,""11011111"":10,""01110100"":18,""11111110"":10,""01101010"":2,""11000001"":17,""11111010"":5,""00001001"":9,""00111011"":2,""01011011"":5,""11100101"":36,""00011110"":5,""10011110"":3,""10111110"":9,""00110100"":19,""10010110"":9,""10011111"":7,""01101001"":11,""11101011"":8,""11001111"":4,""01011010"":4,""11100100"":55,""11111011"":7,""10110010"":16,""00100000"":24,""01001110"":2,""01001011"":2,""10101011"":4,""00100100"":19,""00111110"":6,""00000101"":10,""11010000"":48,""00110101"":12,""10100100"":45,""10011011"":5,""11100010"":13,""00110000"":16,""11000111"":3,""11000000"":23,""10110000"":67,""11110100"":38,""10110011"":7,""01010100"":19,""10000010"":10,""10000111"":6,""00000001"":7,""00010100"":14,""10100000"":58,""00110001"":10,""00110010"":3,""01100100"":14,""11000010"":6,""10100001"":21,""11000100"":16,""10010011"":5,""01100001"":13,""11110001"":40,""11110011"":11,""00100101"":22,""10100111"":4,""10010000"":38,""01100000"":14,""11010110"":10,""00010001"":8,""00100001"":19,""11010011"":8,""11000110"":4,""11110110"":6,""00000000"":12,""01110001"":5,""01110011"":2,""10110110"":14,""01010000"":17,""01010001"":16,""01010101"":9,""10000011"":12,""00010101"":7,""10100011"":8,""10010100"":25,""10100010"":8,""01010111"":2,""10000110"":5,""00110011"":4,""00100010"":8,""10010010"":7,""01010110"":2,""10100110"":4,""00100011"":3,""11110111"":6,""01100110"":1,""00000111"":2,""01110000"":6,""00000100"":7,""01000001"":5,""01110101"":4,""01100101"":10,""11010010"":10,""10010001"":21,""00110110"":3,""00010000"":10,""11100011"":10,""11110010"":11,""01000000"":7,""10110111"":9,""00000010"":3,""01100111"":2,""01000110"":3,""11100110"":10,""01000100"":6,""11010111"":12,""01010010"":1,""00101110"":3,""01110010"":3,""00100110"":5,""00100111"":3,""00110111"":1,""10010111"":3,""00101111"":2,""01101111"":1,""00011011"":1,""01011110"":4,""11001011"":2,""00001111"":1,""00001110"":1,""00010010"":4,""00010011"":2,""00000011"":1,""00010111"":1,""11100111"":4,""01100011"":1,""11000011"":1,""01100010"":1,""00000110"":1,""01110111"":2,""01111011"":1}"
34,x,4000,0.355,0.6285000000000001,0.19699999999999995,0.03300000000000003,0.23850000000000005,0.7404999999999999,0.09550000000000003,-0.15050000000000008,"{""00110000"":13,""00010011"":14,""11010000"":93,""01110000"":6,""10000100"":75,""10010010"":18,""11100011"":1,""11101011"":3,""11000000"":124,""00010000"":90,""11100100"":28,""11000110"":10,""00000000"":162,""00000101"":35,""10110000"":8,""00000100"":100,""01000100"":22,""01000000"":21,""10100010"":3,""01000011"":4,""11100000"":19,""01010111"":3,""01000010"":6,""10001000"":78,""11110000"":21,""10000001"":31,""11000100"":83,""11000001"":48,""10000101"":30,""00101100"":7,""11010100"":69,""10011100"":26,""11110001"":3,""00000011"":16,""10000000"":96,""10010000"":59,""01001000"":32,""11000010"":20,""11011000"":56,""11001001"":63,""00100101"":2,""11101100"":24,""01010010"":5,""10000010"":17,""01100100"":6,""00110010"":4,""11011100"":57,""01010100"":17,""00000111"":10,""10010110"":5,""00010010"":18,""11010001"":35,""10100000"":5,""11010010"":12,""11011011"":12,""00001100"":81,""00000001"":43,""00000010"":20,""11110101"":4,""10010001"":17,""00010100"":49,""10100100"":6,""01110001"":4,""10010111"":6,""01100101"":3,""00010101"":21,""11010101"":36,""00110100"":6,""10100101"":2,""10110001"":4,""00110101"":4,""00010001"":34,""01100110"":1,""00001000"":140,""11100001"":9,""00001001"":70,""10000011"":8,""01100000"":9,""10010100"":19,""11000111"":14,""10011001"":19,""01010001"":9,""01110100"":10,""00010111"":6,""01110010"":1,""00000110"":14,""01000111"":2,""00100100"":3,""01010000"":16,""11100101"":7,""01000001"":6,""01001100"":15,""01100010"":2,""00011000"":57,""11110100"":11,""01010101"":8,""10001010"":15,""11001000"":135,""00110001"":3,""00100010"":1,""11001011"":22,""01101001"":5,""00001101"":33,""00011110"":9,""00011111"":8,""11111100"":7,""11011001"":25,""00001011"":27,""00011100"":50,""10001111"":11,""00111100"":5,""10001100"":43,""01011100"":8,""11001101"":43,""11011110"":12,""10001001"":36,""10001101"":20,""11111001"":15,""11001010"":23,""10111011"":3,""00011001"":28,""11101001"":13,""11001110"":11,""11011101"":27,""10011010"":14,""11001100"":75,""10011000"":39,""01111000"":2,""01010110"":2,""00011101"":28,""00011011"":10,""00111000"":11,""00001110"":13,""00001010"":35,""01111001"":4,""11111000"":18,""10111000"":7,""01001110"":3,""10101101"":2,""11011010"":20,""11001111"":17,""10101011"":3,""10111110"":2,""01001001"":17,""10111100"":7,""00101000"":11,""10101110"":2,""11101000"":17,""10001011"":11,""01101000"":7,""10011101"":11,""01101110"":2,""01101100"":8,""00001111"":17,""10011111"":6,""11111010"":6,""01011101"":2,""00011010"":9,""00101001"":4,""01001011"":3,""11111101"":3,""01111100"":3,""11111110"":2,""00111111"":2,""01001010"":7,""01011011"":4,""11010110"":8,""11101101"":5,""01001101"":3,""10111101"":2,""00101111"":1,""11101111"":4,""10011011"":3,""11100010"":5,""11011111"":6,""00111011"":3,""01011000"":10,""10101001"":1,""10001110"":6,""10101111"":1,""11000101"":40,""01000101"":8,""01011110"":4,""01011010"":5,""11010011"":13,""00111101"":1,""01011001"":2,""11111111"":2,""01111011"":3,""11010111"":3,""11101010"":6,""00111001"":6,""01111101"":1,""10110100"":3,""01011111"":3,""01100111"":2,""10000110"":11,""11110011"":3,""11110111"":1,""10010101"":13,""00010110"":7,""11100111"":3,""00110011"":1,""11000011"":7,""00100000"":7,""00110111"":1,""01110011"":1,""10000111"":9,""00100001"":3,""10010011"":4,""11110010"":1,""01110101"":2,""10100111"":2,""10110101"":1,""01100001"":3,""11110110"":3,""01000110"":3,""10100001"":3,""00101011"":1,""01100011"":2,""10110110"":1,""11100110"":2,""00101110"":1,""11101110"":2,""00111110"":1,""10101000"":1,""10101100"":1,""10011110"":2,""01111111"":1,""10111010"":2,""01101101"":2,""00101101"":1,""11111011"":2,""00100110"":1,""10101010"":1,""00100111"":1,""10110011"":1}"
35,x,4000,-0.49849999999999994,0.5315,0.26349999999999996,0.0050000000000000044,-0.05950000000000011,0.013000000000000012,-0.006999999999999895,-0.10450000000000004,"{""00101000"":10,""00101011"":11,""01111000"":42,""10001010"":5,""11001001"":58,""11011100"":2,""01111101"":86,""10011101"":72,""11101001"":31,""01101101"":17,""11011001"":18,""01110100"":23,""01111100"":31,""10011100"":21,""10011001"":89,""10101001"":44,""00001001"":65,""00101001"":36,""00001000"":19,""11001011"":25,""10001001"":49,""01111011"":61,""01111001"":121,""11001000"":22,""10111011"":13,""00011011"":8,""00100001"":43,""01011001"":15,""01111110"":10,""10001101"":25,""11000011"":24,""00001101"":53,""10001000"":17,""11111101"":27,""11101100"":16,""01001101"":15,""10001100"":9,""01011000"":5,""11000100"":14,""10011000"":33,""10011011"":32,""11001101"":40,""10111101"":18,""11101101"":35,""01001011"":8,""11110111"":7,""00010101"":8,""10001011"":14,""10111000"":7,""01111010"":6,""10101010"":2,""11010101"":15,""10111001"":18,""00101101"":14,""01001000"":10,""11010011"":14,""00001011"":27,""00011000"":8,""11010100"":8,""10100001"":67,""00001100"":17,""00111010"":3,""01001100"":9,""00001111"":11,""01100101"":22,""01101001"":40,""00101100"":7,""01011010"":3,""10000101"":31,""11001010"":10,""11000010"":6,""00001010"":9,""01101100"":10,""11111111"":7,""11011111"":4,""11010000"":13,""00111101"":5,""00011110"":2,""11101000"":11,""11111011"":11,""01110001"":103,""11111100"":15,""10010101"":64,""10101111"":5,""10101100"":7,""11111001"":26,""11011101"":20,""01101011"":6,""10101101"":18,""00111111"":3,""10101000"":15,""10011111"":18,""11110011"":11,""00011101"":17,""01011111"":7,""01011100"":5,""11111000"":17,""00101010"":4,""00010100"":8,""10110101"":26,""00000011"":19,""11100100"":15,""00000001"":58,""10000111"":8,""01110101"":86,""10000001"":42,""11000000"":13,""01110000"":38,""11000111"":10,""00000100"":12,""00100111"":5,""10100100"":9,""01010000"":6,""10010001"":139,""01100011"":10,""10010011"":43,""01100111"":5,""11010010"":5,""00100101"":16,""00010110"":2,""01110011"":48,""11110001"":29,""11110101"":21,""00000010"":8,""00100110"":3,""10100101"":21,""10010111"":16,""01000101"":10,""00110011"":4,""11101011"":16,""01010101"":15,""11000101"":29,""00100000"":14,""11010001"":30,""01110110"":5,""01010001"":16,""11010111"":5,""00000101"":31,""10110001"":32,""01100000"":13,""11000001"":45,""11110100"":9,""01000001"":13,""10100011"":20,""01100001"":34,""11100011"":15,""10010000"":43,""11100000"":13,""01010011"":12,""10010100"":24,""01010100"":3,""11100101"":22,""10110000"":14,""11100001"":41,""10100000"":13,""01000111"":4,""00010011"":8,""10000000"":15,""11100111"":12,""10010010"":12,""00010001"":11,""10110011"":16,""11010110"":4,""10000010"":5,""00110001"":8,""10000100"":7,""11100010"":2,""01110111"":16,""00010010"":2,""00000000"":26,""00100011"":9,""01000011"":4,""01000010"":2,""00010000"":7,""10011010"":8,""11110010"":3,""01110010"":10,""10100010"":5,""10110111"":2,""10010110"":9,""01000000"":6,""11011011"":10,""00011100"":3,""00111001"":11,""01001001"":16,""11001100"":11,""00101111"":4,""10111100"":7,""11011010"":1,""01011011"":6,""01011101"":14,""10101011"":17,""00011001"":12,""10001111"":3,""11011000"":7,""01111111"":15,""00111011"":5,""10111010"":4,""11111110"":1,""01101000"":8,""11111010"":4,""01010111"":3,""10100111"":1,""00110101"":6,""10000011"":18,""11110000"":18,""10001110"":3,""00000111"":5,""11001111"":6,""00100100"":2,""10101110"":1,""10011110"":5,""01101010"":3,""01001010"":2,""01101111"":4,""00111110"":1,""10000110"":1,""01100100"":5,""00110000"":2,""10110010"":3,""01000100"":3,""00100010"":4,""10110100"":4,""01000110"":1,""11001110"":1,""01101110"":1,""00111100"":1,""10111110"":2,""11101111"":5,""11101110"":2,""00101110"":1,""11101010"":2,""00110100"":1,""11110110"":2,""01001110"":1,""00011010"":1,""00111000"":1,""00001110"":1,""01001111"":1,""00010111"":1,""00000110"":1,""01100110"":1,""01100010"":1,""00110010"":1,""11100110"":1,""11000110"":1}"
36,x,4000,-0.02849999999999997,-0.07800000000000007,0.28500000000000003,-0.020499999999999963,-0.2589999999999999,0.11050000000000004,-0.34650000000000003,0.487,"{""01000111"":28,""01110100"":36,""10000000"":13,""01110010"":65,""11000011"":21,""00100011"":11,""01110011"":96,""01010011"":58,""01010010"":45,""11110010"":7,""11010110"":4,""01000110"":20,""01000100"":28,""01110111"":34,""01000011"":67,""11000000"":11,""11000001"":9,""01010101"":25,""11000010"":11,""01110000"":60,""10010000"":18,""00110010"":49,""01000001"":43,""01110110"":23,""01001110"":35,""11100010"":4,""00111000"":35,""01100011"":16,""11111011"":11,""10011100"":27,""01000101"":34,""01000010"":54,""10000011"":19,""00110001"":38,""01100110"":7,""00011100"":8,""00110101"":12,""00000001"":5,""11110000"":6,""00111011"":37,""00010110"":5,""00000111"":8,""01011010"":51,""01010000"":36,""00110100"":11,""10010011"":21,""11010010"":17,""01001010"":65,""11000101"":6,""10001111"":9,""11010011"":17,""10000001"":13,""00010010"":8,""11000111"":7,""11110101"":7,""10010010"":31,""10000010"":20,""10010110"":13,""00110000"":22,""11001100"":8,""00100010"":6,""01010111"":20,""00100110"":2,""00111110"":14,""01010001"":35,""11010100"":8,""01111010"":91,""11010000"":9,""11111101"":4,""01110001"":58,""01010100"":28,""10100011"":5,""10100000"":4,""00001000"":10,""11100001"":1,""01011011"":59,""00111111"":24,""01110101"":38,""01100111"":13,""11110001"":14,""01100100"":18,""10000101"":11,""01001100"":54,""11010111"":5,""11110011"":12,""00010011"":21,""10010001"":22,""01000000"":35,""00110011"":48,""11001011"":18,""10010111"":13,""11001000"":13,""11010101"":11,""01100101"":15,""01111101"":44,""00010101"":9,""10000100"":7,""10010101"":13,""10010100"":12,""00001101"":9,""00111001"":26,""11110111"":4,""00000000"":5,""01111011"":74,""10011101"":20,""10000111"":4,""01001101"":38,""00011000"":10,""10110011"":6,""00001111"":1,""10100001"":4,""10001011"":22,""11010001"":14,""11111000"":8,""00110111"":10,""01011101"":25,""01001001"":32,""00000011"":11,""00000110"":4,""01011000"":33,""00000010"":8,""11100101"":3,""11001001"":7,""10000110"":4,""00010111"":8,""01101010"":17,""10011111"":9,""11011111"":5,""00010000"":6,""10110000"":4,""01100001"":15,""11000110"":6,""11100000"":2,""01100000"":15,""10001110"":6,""10110010"":3,""01111000"":60,""10101010"":7,""00010100"":4,""00100100"":5,""01101000"":11,""01100010"":15,""00100001"":9,""01111001"":53,""11100011"":5,""01001011"":54,""01001000"":30,""01111100"":40,""01011100"":33,""01011111"":23,""01011001"":25,""10111110"":2,""10001010"":23,""01001111"":42,""01111111"":37,""11101010"":3,""00101000"":8,""00101111"":4,""00111010"":47,""10011010"":26,""11011010"":18,""00001100"":7,""11011001"":7,""10001100"":4,""10101011"":4,""00111101"":25,""01011110"":22,""10011000"":24,""11001010"":13,""00101100"":4,""10111111"":3,""11001101"":11,""10011110"":11,""00011010"":11,""11011011"":11,""11001110"":8,""00111100"":18,""00100101"":7,""01101101"":12,""01111110"":18,""01101100"":17,""01101111"":12,""11110100"":4,""10110110"":1,""00110110"":8,""01010110"":14,""10100111"":1,""10001101"":8,""10100010"":3,""10110111"":1,""00010001"":3,""00011111"":7,""00101010"":10,""01101011"":18,""11001111"":6,""01101001"":12,""00001010"":10,""11111010"":15,""10001000"":12,""11011000"":12,""11011110"":8,""11111001"":4,""01101110"":9,""10011011"":29,""00011001"":8,""11101001"":2,""00011101"":7,""10111101"":3,""00101101"":4,""11011101"":6,""11101100"":2,""11101101"":1,""11111100"":2,""00011011"":11,""11011100"":8,""00101001"":5,""10001001"":10,""11111111"":4,""10101101"":3,""10101111"":2,""10011001"":15,""10110101"":2,""10111000"":3,""10111011"":4,""00001011"":6,""10111010"":2,""00001001"":3,""10101001"":3,""10110001"":2,""00100111"":4,""11100100"":2,""10101100"":2,""11101011"":1,""10100100"":3,""11100110"":2,""00100000"":4,""11000100"":4,""10100101"":1,""00000100"":3,""00011110"":3,""00101110"":2,""10110100"":1,""00101011"":3,""11101000"":1,""10101110"":2,""00001110"":1,""11111110"":1,""11101110"":1,""11110110"":1,""10101000"":2,""00000101"":2,""10111100"":1}"
37,x,4000,0.4305,-0.09800000000000009,-0.25750000000000006,0.01100000000000001,-0.4155,0.05400000000000005,-0.6505000000000001,-0.13749999999999996,"{""01110111"":27,""10010010"":19,""01011100"":63,""11100000"":15,""11110100"":66,""11111110"":66,""00100010"":3,""01100110"":18,""11000101"":25,""10010110"":32,""11000110"":38,""10110010"":13,""11110110"":80,""01010101"":26,""11011100"":64,""01101110"":31,""01010100"":55,""11001110"":40,""11000000"":23,""00001100"":8,""11011111"":30,""00000010"":4,""01110000"":36,""00111000"":4,""11100010"":21,""10000100"":4,""11000100"":33,""01110001"":18,""11010100"":54,""01000010"":22,""01000110"":29,""11010000"":40,""11110000"":38,""01110100"":60,""11000111"":23,""11100100"":15,""11110101"":27,""11101100"":24,""11011000"":34,""10001100"":14,""11010010"":41,""01110010"":56,""01110101"":24,""01010000"":21,""11110010"":77,""10100100"":4,""11010110"":51,""10100010"":5,""01010111"":17,""11111010"":70,""11010011"":15,""10110100"":17,""01110110"":60,""10010111"":12,""11000010"":47,""00011100"":11,""01010001"":9,""10110110"":14,""10000000"":4,""11100110"":25,""10011100"":15,""01010110"":61,""01100100"":16,""00100110"":2,""10000101"":6,""01100101"":9,""01010010"":44,""00010110"":12,""01000100"":24,""11111100"":65,""01111110"":77,""11110001"":9,""00110000"":5,""11001111"":19,""10100101"":5,""01011010"":37,""11110011"":25,""10000110"":11,""10010101"":8,""11110111"":23,""10000111"":6,""10010011"":11,""10110001"":5,""11011110"":69,""11000011"":11,""01111101"":35,""01000000"":13,""01100011"":3,""11100001"":6,""00010100"":12,""11000001"":12,""10011001"":7,""01011000"":25,""01110011"":18,""00000000"":2,""11011101"":30,""01001110"":32,""01100111"":6,""00110100"":3,""10010000"":17,""10110101"":8,""00010001"":3,""10100110"":4,""01101101"":4,""01100010"":25,""00110011"":1,""11100011"":5,""01111010"":61,""00010011"":3,""10010100"":17,""10110111"":6,""11010001"":9,""10100000"":3,""11010111"":22,""11010101"":31,""11111101"":39,""00000101"":3,""01000101"":9,""11111111"":25,""01011110"":65,""10011000"":14,""11101000"":5,""00110110"":7,""01001000"":10,""01111011"":25,""00010010"":8,""10011110"":23,""01000011"":2,""10000011"":1,""00000100"":6,""00010101"":5,""00100101"":2,""01100000"":12,""10110000"":6,""11100101"":10,""10111100"":16,""00010000"":2,""11001100"":37,""11011010"":40,""01111000"":21,""00011110"":21,""11001010"":25,""11001101"":23,""11101110"":19,""00111011"":3,""11101101"":19,""01111100"":45,""11101010"":9,""10011011"":8,""10001111"":4,""11001000"":16,""10101010"":3,""01111001"":14,""01001101"":12,""00001011"":2,""01101001"":7,""01001010"":22,""01011111"":22,""10011010"":12,""01101100"":25,""11011011"":13,""11101111"":8,""11111001"":14,""10001110"":11,""01011101"":39,""00001111"":2,""10011101"":8,""01011001"":7,""11111000"":22,""01011011"":12,""11111011"":18,""10111110"":21,""10111111"":8,""01101111"":5,""01001100"":24,""11011001"":4,""00011101"":9,""00011111"":6,""01101010"":13,""00001110"":6,""10111011"":3,""10100011"":2,""11100111"":5,""01000111"":4,""00110111"":2,""01111111"":24,""10111101"":7,""10101111"":3,""11001001"":5,""10111010"":13,""00101101"":1,""10011111"":10,""10001010"":6,""10100111"":3,""01101000"":6,""01001111"":8,""00000110"":2,""00011010"":4,""00111101"":3,""10111000"":6,""00111111"":1,""10101101"":3,""00001101"":1,""11001011"":5,""00001010"":3,""00111010"":1,""01100001"":5,""11101011"":5,""01001011"":8,""10110011"":3,""10101110"":3,""10010001"":4,""00000111"":2,""10000010"":5,""00010111"":7,""00110010"":5,""00100100"":3,""00111110"":3,""11101001"":2,""00111100"":2,""10001101"":3,""10000001"":1,""01000001"":4,""00000001"":2,""10101001"":1,""00100000"":1,""00101100"":1,""00011011"":1,""10111001"":3,""00001001"":1,""00110001"":1,""00110101"":1,""10001000"":4,""00101111"":1,""01101011"":1,""00011000"":2,""01001001"":1,""10101100"":2,""00000011"":1,""10001001"":1,""00101110"":1,""00001000"":1,""10101011"":1,""01010011"":1,""00011001"":1}"
38,x,4000,0.5085,0.619,0.18500000000000005,0.019000000000000017,0.44099999999999995,0.752,0.5780000000000001,0.14149999999999996,"{""00100100"":15,""10110000"":10,""00010000"":90,""00000000"":204,""00000110"":24,""10000101"":41,""00010100"":43,""11100100"":13,""00000001"":54,""10000100"":158,""00001000"":211,""01010100"":11,""10000000"":194,""00000100"":171,""00001100"":149,""01110000"":17,""10010000"":54,""00000101"":46,""00011010"":13,""00010011"":6,""10010100"":33,""00110010"":2,""00000010"":43,""11000101"":3,""10000001"":45,""00000011"":13,""01010001"":7,""00000111"":17,""00110100"":10,""00010110"":13,""01000100"":50,""00010101"":17,""00101000"":11,""10000010"":50,""10001110"":22,""01110011"":1,""11100000"":12,""11110101"":4,""01000000"":63,""10000111"":11,""11000100"":13,""11001101"":6,""01110100"":8,""10000011"":18,""00001001"":91,""10001010"":37,""01000101"":13,""00011001"":18,""11010000"":10,""01001011"":11,""10010101"":15,""10011011"":10,""10001001"":54,""00011000"":69,""00010001"":14,""01110010"":2,""10000110"":27,""11100111"":2,""10001000"":167,""11000001"":6,""11010100"":5,""01001001"":23,""01000011"":9,""10010001"":20,""10010011"":11,""01011000"":21,""10100001"":2,""00010010"":21,""11110011"":1,""11101100"":5,""10010110"":14,""11111100"":10,""00101100"":7,""10011100"":28,""10001101"":38,""00011100"":51,""11001111"":2,""01010010"":5,""11001000"":29,""10011000"":61,""10001100"":124,""01111000"":11,""00001010"":48,""01111001"":6,""01001000"":61,""11011001"":3,""00001011"":28,""11101000"":9,""01111100"":8,""01111110"":3,""00001110"":29,""00111000"":13,""11111000"":19,""10010010"":10,""01100100"":14,""10011001"":17,""10101000"":12,""11001100"":10,""00011110"":9,""00111011"":2,""01001100"":40,""10111100"":10,""10111101"":1,""11101111"":1,""11111001"":3,""00110000"":22,""10011010"":16,""01100000"":13,""01001010"":16,""00001101"":45,""10001011"":21,""11011101"":1,""10111000"":7,""01111010"":1,""11101010"":1,""11001001"":3,""01001101"":11,""00111101"":4,""01011101"":4,""01010000"":19,""11111101"":9,""11101101"":3,""01101100"":8,""10101001"":5,""11110100"":7,""01010110"":5,""10100000"":13,""10110001"":3,""00100000"":14,""11110000"":10,""11100001"":4,""01000010"":14,""11010111"":2,""00101101"":3,""00110101"":4,""01110001"":2,""11111011"":3,""01000111"":2,""01100011"":2,""11110110"":3,""11010010"":4,""10011110"":7,""01011100"":10,""11001010"":3,""10011101"":8,""10101110"":1,""00111001"":6,""10111001"":2,""11111010"":4,""00011011"":7,""01001110"":7,""11011000"":8,""01011001"":8,""11011111"":3,""00100010"":2,""00011101"":11,""10101010"":3,""11100011"":2,""10110100"":7,""11000000"":16,""01000110"":7,""10100010"":2,""00111110"":3,""01000001"":6,""01101000"":6,""11011100"":4,""01010011"":2,""01011011"":4,""11111110"":1,""00001111"":21,""01011110"":2,""10011111"":4,""11101011"":1,""00111010"":2,""00111100"":4,""10001111"":7,""00101010"":1,""00100101"":4,""00110001"":1,""10100101"":1,""10010111"":3,""00100011"":4,""00010111"":6,""11010001"":5,""11100010"":2,""11000010"":4,""00100001"":3,""10100100"":4,""11110001"":3,""11010110"":2,""11101001"":2,""01101101"":2,""01001111"":4,""10101101"":4,""11100110"":1,""01011111"":2,""00110110"":1,""01100001"":2,""11001110"":2,""01011010"":2,""10101100"":7,""10111110"":1,""01100110"":1,""01010101"":3,""01010111"":1,""00110011"":1,""11011010"":3,""01101111"":1,""00101001"":2,""11000110"":2,""11100101"":1,""01110101"":2,""11101110"":1,""10111011"":1,""10111010"":1,""00011111"":3,""10100110"":1,""01100010"":1,""11000011"":1,""00100110"":1,""10110111"":2,""01110110"":1,""10101111"":2,""10110101"":1,""01100111"":1,""11001011"":1,""10101011"":1}"
39,x,4000,-0.44399999999999995,-0.06400000000000006,-0.09549999999999992,0.01100000000000001,0.23550000000000004,-0.05400000000000005,-0.7505,0.8160000000000001,"{""01010110"":29,""11011101"":3,""01011111"":75,""00101110"":6,""01001001"":101,""01001101"":79,""01001110"":54,""00101010"":1,""11001111"":7,""10101111"":3,""01001100"":31,""00011001"":7,""10101011"":2,""01101111"":102,""01101001"":100,""01111000"":25,""01101101"":73,""01101100"":28,""01011100"":24,""01001111"":117,""01101011"":84,""11001110"":4,""01000010"":23,""01111001"":94,""01111101"":49,""00100100"":4,""01100100"":23,""00111011"":10,""01101010"":37,""00011011"":3,""00111001"":12,""01101110"":55,""01111011"":59,""01000110"":58,""01111110"":30,""10001110"":2,""11101110"":5,""01011110"":34,""01100001"":106,""01011101"":35,""11101101"":1,""01111010"":20,""01001000"":26,""00101101"":7,""00001001"":14,""10100111"":9,""01111100"":30,""11111011"":6,""11101000"":2,""01010011"":34,""01101000"":28,""01011001"":43,""11001100"":4,""00000100"":4,""01011010"":11,""01010111"":78,""00001111"":13,""01110010"":13,""01001011"":59,""10011011"":3,""11010111"":5,""10001101"":5,""00101011"":6,""11111101"":7,""11101111"":4,""00111101"":9,""01011011"":22,""01111111"":59,""11111111"":4,""11011001"":2,""01000111"":140,""00001101"":15,""11001011"":4,""00001011"":6,""00011101"":3,""00101001"":13,""10011001"":2,""01100011"":82,""01100111"":113,""01001010"":38,""00100101"":13,""00001010"":4,""01010001"":47,""01000000"":26,""01000001"":90,""01000101"":81,""11100010"":3,""11100001"":5,""10110110"":1,""01010101"":53,""11100111"":12,""01100101"":83,""01110011"":72,""01010100"":17,""11010001"":2,""11010101"":6,""00100110"":5,""01100010"":33,""10000111"":6,""01110110"":43,""01000011"":66,""01110101"":42,""00000010"":3,""01100000"":20,""11100011"":5,""11000011"":4,""11000000"":1,""00000111"":13,""00010111"":8,""01010000"":13,""10000110"":6,""01110001"":66,""11000100"":1,""11100101"":5,""00100001"":15,""11110101"":3,""00110110"":5,""00100000"":4,""10011010"":3,""00110111"":11,""01100110"":57,""01110111"":64,""00100111"":9,""01011000"":12,""10011000"":3,""00011000"":2,""11000111"":6,""10110111"":9,""10111001"":2,""01000100"":30,""00111000"":3,""00101000"":5,""11111010"":2,""00101100"":2,""00001110"":6,""00011111"":2,""10001001"":8,""00111110"":5,""11101001"":9,""00001100"":3,""11011000"":4,""10100001"":4,""00011110"":4,""11101011"":5,""10001011"":4,""10111101"":4,""10011110"":2,""11011110"":2,""11111001"":9,""10110100"":3,""10111111"":1,""00110011"":7,""10101101"":2,""00010001"":5,""01110100"":20,""10000001"":6,""11100100"":3,""10010110"":2,""01110000"":24,""10100100"":1,""00100011"":7,""00110101"":4,""11010100"":3,""00110100"":3,""11110111"":4,""00110001"":8,""10110010"":2,""10100011"":4,""00000001"":6,""11000101"":7,""11100110"":5,""10110001"":5,""11110110"":3,""11000110"":2,""00010011"":4,""00100010"":4,""00000101"":5,""00010110"":8,""00000011"":5,""10001000"":4,""00101111"":7,""10101100"":1,""10100101"":3,""10011111"":6,""10000101"":1,""10000011"":2,""11110011"":3,""11000001"":11,""11010011"":3,""01010010"":10,""10010001"":4,""11100000"":2,""11001001"":4,""10010111"":4,""11110001"":3,""00000000"":2,""11001101"":4,""10101000"":2,""10111011"":2,""00111111"":1,""10110000"":1,""11101010"":2,""10111000"":1,""11011111"":3,""10100110"":1,""10010101"":6,""10111010"":1,""10011101"":1,""10001111"":3,""11001000"":2,""00111010"":1,""11111110"":1,""11111100"":1,""00000110"":5,""00010100"":2,""10100000"":1,""11001010"":1,""10110101"":2,""10010011"":1,""11111000"":1,""10101001"":1,""00110010"":2,""10000000"":1,""11011100"":1,""10000100"":2,""00010101"":1,""10101010"":2}"
40,x,4000,-0.28200000000000003,-0.0040000000000000036,0.3105,-0.008999999999999897,0.09550000000000003,0.24050000000000005,0.5285,0.04600000000000004,"{""10000000"":37,""11010001"":20,""10000011"":68,""00010101"":16,""00110111"":42,""11001011"":40,""00110000"":50,""10110011"":36,""00110001"":59,""10000001"":52,""00000001"":61,""10110111"":23,""10010000"":17,""10100001"":13,""00111011"":66,""10010011"":26,""00000110"":21,""11010011"":24,""00000011"":97,""00000000"":51,""00100000"":13,""11110011"":8,""00000100"":38,""10001001"":54,""00010011"":44,""00001011"":107,""00011001"":31,""00110011"":73,""01000000"":4,""10110001"":35,""11110001"":7,""11110000"":5,""00100011"":21,""11000100"":18,""11100010"":3,""10000010"":13,""11000000"":25,""00001111"":42,""01000001"":11,""00001000"":70,""01011001"":3,""00110100"":28,""10000101"":29,""11000011"":45,""00010111"":16,""11010111"":12,""00100111"":16,""11000101"":25,""00100001"":15,""01011111"":1,""11101010"":7,""00110010"":20,""10011101"":4,""00010000"":30,""00010001"":36,""10000111"":35,""11101011"":12,""00110101"":29,""00001010"":23,""11010110"":2,""10010010"":8,""00110110"":18,""10100000"":6,""10000110"":12,""10010101"":1,""10001011"":81,""00111000"":36,""00001001"":72,""00001101"":23,""11001110"":15,""01001000"":7,""00111111"":39,""10111011"":47,""00011110"":12,""11101000"":8,""10011001"":9,""10000100"":27,""10111101"":11,""00011000"":15,""00111010"":23,""11111110"":7,""00011011"":46,""00111101"":39,""00111001"":60,""00101010"":8,""00101011"":22,""10111111"":29,""10001100"":21,""00111100"":21,""10001110"":27,""11001001"":43,""10011111"":8,""11101111"":9,""00011010"":15,""10011110"":6,""11011011"":10,""10111000"":19,""10111001"":28,""00011100"":14,""10001101"":24,""00001110"":29,""11001111"":24,""11111011"":12,""11011101"":4,""10001111"":22,""11001000"":41,""01001010"":7,""10011100"":6,""00011101"":17,""10011011"":24,""10111110"":17,""10101011"":9,""00001100"":30,""10001000"":36,""11111000"":3,""00011111"":11,""00101111"":11,""00111110"":24,""11011000"":11,""10100101"":2,""10101001"":13,""11000001"":42,""11100000"":3,""01001011"":10,""01100111"":2,""11101100"":3,""01111010"":2,""11011010"":6,""10011010"":10,""11111001"":15,""00010110"":9,""11111010"":2,""10111100"":17,""00101101"":4,""11001100"":17,""11000010"":10,""01101011"":11,""00100101"":7,""10111010"":15,""01011100"":2,""01011011"":3,""11101001"":10,""11001010"":7,""11111101"":5,""10001010"":22,""01101000"":8,""10101010"":3,""11001101"":11,""00010100"":12,""01001110"":4,""10110010"":13,""11011001"":10,""10011000"":11,""11100011"":13,""01011101"":3,""01101001"":7,""00101110"":3,""00101001"":25,""11011100"":11,""10101110"":4,""10101101"":1,""01110111"":6,""00010010"":16,""11000110"":8,""01001100"":1,""00100010"":5,""01110011"":6,""10110101"":16,""10110000"":29,""00000111"":48,""11110111"":2,""01010011"":4,""11010000"":15,""01110000"":1,""00000010"":18,""11100001"":6,""01000011"":10,""10100011"":10,""01110010"":2,""11010100"":10,""00000101"":28,""10100111"":5,""11010010"":12,""01010000"":2,""11110100"":2,""01111011"":4,""11000111"":37,""01110001"":9,""01010001"":2,""10010001"":12,""10010110"":2,""10101100"":2,""10010100"":4,""01110110"":1,""01111000"":3,""10110100"":11,""01100101"":2,""11100100"":3,""10010111"":6,""10101000"":7,""10100100"":4,""01000101"":2,""11110010"":2,""00100100"":6,""11100111"":2,""11110110"":4,""11110101"":1,""01110101"":2,""01101111"":2,""11111111"":8,""01011010"":1,""01000110"":2,""00101000"":10,""01111110"":2,""11111100"":4,""01010100"":1,""10110110"":14,""01000100"":1,""11010101"":7,""01100110"":1,""00100110"":4,""11100101"":2,""01010010"":2,""01110100"":1,""01100011"":3,""11011111"":7,""01100001"":4,""11101101"":2,""01010101"":1,""01111100"":4,""11011110"":3,""01101010"":2,""01001101"":2,""01001001"":5,""01111111"":2,""10101111"":6,""01000111"":2,""01111101"":2,""01011110"":1,""01100100"":1,""11101110"":2,""01101100"":2,""01111001"":4,""01001111"":2,""01100010"":2,""11100110"":3,""01000010"":1,""01100000"":1,""10100010"":2,""00101100"":1}"
41,x,4000,-0.385,0.050000000000000044,0.30500000000000005,-0.008499999999999952,-0.23649999999999993,-0.46199999999999997,-0.6145,-0.30899999999999994,"{""11101001"":61,""00110001"":8,""11111001"":135,""11001000"":17,""11111011"":120,""00111111"":7,""10001111"":12,""11111101"":90,""11111010"":86,""01001010"":10,""01111001"":77,""11001111"":17,""00010011"":4,""11111111"":75,""10011110"":6,""10001011"":25,""11101011"":34,""01001101"":9,""01111111"":37,""01111011"":67,""10001101"":23,""11111000"":71,""01101001"":34,""01111000"":45,""11101010"":35,""11101111"":20,""01101011"":20,""11001010"":18,""00001111"":12,""00001011"":7,""11001001"":29,""11111100"":29,""11101101"":21,""11111110"":37,""11110010"":58,""11011011"":8,""01101100"":9,""11100101"":36,""10011001"":12,""00011101"":3,""10110101"":16,""01111101"":37,""10111101"":9,""01110011"":79,""11001110"":12,""11011111"":14,""10111011"":17,""00001110"":4,""11000111"":17,""11011001"":10,""01011011"":6,""10111001"":26,""11011000"":9,""00001101"":12,""11100110"":15,""01101110"":4,""00111000"":3,""11000101"":23,""11101100"":7,""01001011"":17,""10001010"":10,""00111010"":6,""10000001"":25,""00011111"":2,""11110011"":162,""00000100"":5,""01100001"":32,""01110110"":15,""01110111"":52,""11100001"":48,""01010011"":7,""01000111"":11,""11110101"":86,""11100111"":17,""01101000"":22,""11110111"":71,""01110001"":80,""11010111"":4,""11000011"":33,""11110100"":25,""11110000"":52,""11100011"":55,""11010011"":13,""11000001"":35,""01000010"":5,""00000001"":17,""10000101"":13,""00010101"":3,""01001000"":8,""10000111"":11,""00000110"":4,""00110011"":7,""10110001"":14,""00000010"":6,""11100010"":16,""11110110"":29,""11000110"":7,""10110111"":7,""00000111"":10,""11110001"":168,""10001001"":26,""11000010"":9,""01000011"":13,""00000101"":9,""01011001"":4,""01110010"":25,""01100101"":14,""10100101"":6,""11010101"":11,""01110101"":44,""10100010"":5,""00000011"":14,""11001101"":19,""01111110"":23,""11010010"":3,""01001100"":8,""10011010"":5,""01001001"":24,""01111100"":17,""01101010"":10,""10111000"":7,""10111111"":14,""11011100"":4,""00001001"":14,""00101000"":2,""10001000"":15,""10011011"":8,""11001011"":23,""10101101"":7,""11001100"":6,""01111010"":48,""01101101"":9,""11101000"":23,""01110000"":35,""11011010"":5,""01100000"":12,""00101110"":1,""00111100"":2,""10011101"":6,""11011101"":4,""01100010"":15,""01110100"":16,""01100100"":5,""10100001"":8,""11100100"":9,""11100000"":10,""01100111"":12,""10000000"":13,""00100011"":3,""10000100"":5,""01000101"":16,""01010101"":6,""10100100"":4,""10100000"":2,""01100011"":23,""01000001"":17,""10110010"":10,""10101001"":7,""10101111"":2,""10010111"":6,""01010100"":5,""01000110"":5,""10100011"":7,""10110011"":8,""10010100"":2,""00100001"":2,""10010010"":6,""10000010"":13,""11000000"":6,""10010110"":3,""00110111"":2,""10001100"":9,""11010001"":12,""01000000"":6,""10000011"":18,""01010001"":12,""00010110"":2,""10110000"":2,""10010101"":3,""00110100"":1,""01010111"":2,""00110010"":1,""00000000"":7,""01100110"":4,""10010001"":14,""01101111"":7,""10010011"":7,""00010111"":2,""01010000"":2,""11010100"":3,""00100010"":3,""00100111"":2,""01001111"":4,""00101100"":3,""10101011"":6,""10111110"":3,""11010000"":6,""11011110"":6,""00001100"":3,""00100000"":4,""01000100"":4,""00110101"":2,""00001010"":8,""10011100"":3,""10111010"":8,""00010001"":4,""10111100"":4,""10101010"":3,""00111011"":5,""00101010"":1,""10011000"":7,""10110100"":3,""00101011"":2,""00101001"":2,""10001110"":3,""00111101"":3,""00001000"":5,""10101000"":2,""00011001"":2,""00011100"":2,""11000100"":1,""00011000"":1,""01011100"":1,""10000110"":3,""01010110"":1,""10101110"":2,""00100110"":1,""10010000"":3,""10100110"":1,""01010010"":1,""00110110"":1,""11010110"":1,""10100111"":1,""00010000"":2,""11101110"":5,""00111001"":1,""00110000"":1,""10101100"":1,""01001110"":2,""00101101"":1,""00011110"":2,""01011000"":2,""00011010"":1,""01011101"":1}"
42,x,4000,0.057499999999999996,0.023499999999999965,-0.0044999999999999485,0.0010000000000000009,-0.16900000000000004,0.11450000000000005,0.044499999999999984,-0.5945,"{""11111100"":37,""10011011"":58,""11001100"":33,""00101011"":26,""11111011"":62,""01001101"":8,""11100010"":15,""10011111"":57,""11011011"":30,""10011101"":53,""10100101"":6,""10111111"":31,""11001011"":46,""00101001"":19,""10011100"":58,""01011100"":11,""01011000"":4,""10011010"":49,""10011110"":20,""11010111"":31,""11001111"":29,""10111011"":33,""00111110"":2,""00000111"":14,""11111111"":40,""01001011"":6,""10010111"":49,""11001101"":24,""10001001"":26,""11011010"":13,""10011001"":25,""11101000"":17,""00011001"":2,""10101000"":14,""01111000"":1,""10111110"":19,""00001010"":9,""00001101"":10,""11101011"":22,""10001111"":13,""00011111"":9,""11001010"":23,""10101110"":6,""00001011"":16,""11111010"":40,""11111000"":52,""01001000"":9,""10101100"":10,""01101110"":4,""00101101"":18,""01011011"":6,""11111101"":36,""10011000"":46,""11011110"":14,""10111101"":29,""10010101"":38,""11000111"":28,""00111000"":4,""11011001"":13,""10101101"":5,""01110101"":5,""11001000"":38,""10111001"":24,""00101010"":12,""11011100"":26,""11111110"":17,""00001000"":11,""11011111"":21,""01101010"":1,""10101001"":10,""10001101"":10,""10010100"":87,""00111011"":9,""10111000"":22,""11110000"":44,""11110111"":51,""11111001"":23,""10100001"":5,""10010000"":60,""10111100"":29,""10101010"":9,""00101111"":19,""10001100"":18,""11011000"":28,""10111010"":16,""11100111"":10,""10100111"":13,""10000110"":12,""10001011"":35,""01001110"":3,""11101100"":12,""00101110"":7,""11010100"":46,""10001010"":10,""10010110"":42,""10001000"":27,""10101011"":16,""01010111"":6,""11001001"":28,""11000100"":55,""11110011"":32,""00001001"":8,""11101111"":10,""00001100"":5,""01101000"":5,""00011100"":2,""11101001"":8,""01101011"":8,""01011010"":4,""00010001"":2,""01001001"":5,""10110001"":14,""01011001"":7,""11001110"":9,""00101000"":8,""01101001"":4,""00001111"":5,""11110100"":69,""11011101"":15,""00100000"":23,""11000011"":37,""11100100"":23,""10000011"":19,""00100101"":14,""11000010"":30,""10110110"":23,""01010001"":6,""10100100"":13,""11110010"":30,""11000101"":18,""01000010"":6,""00100011"":13,""10010010"":43,""00110100"":3,""11010110"":21,""00100100"":31,""01100010"":5,""11100011"":12,""01000100"":19,""00000001"":3,""00100111"":14,""11110110"":33,""10110101"":12,""10110011"":21,""11010000"":23,""01100100"":7,""11000000"":31,""00000101"":6,""01100011"":4,""00010000"":10,""10110000"":34,""10110100"":34,""10100110"":6,""10110010"":30,""10110111"":27,""11010010"":23,""11110101"":20,""11100110"":14,""10000010"":14,""10000000"":30,""00110101"":4,""00100110"":13,""10010001"":17,""00100010"":20,""10010011"":41,""11000001"":12,""00110110"":2,""00010100"":6,""01000000"":10,""11010101"":17,""10000111"":16,""10100011"":9,""01010101"":5,""11010011"":25,""10100000"":11,""00000011"":7,""01010100"":6,""00000100"":14,""00000110"":7,""00110010"":1,""00010010"":3,""01100000"":7,""00110111"":6,""10000100"":26,""01110100"":6,""11000110"":17,""01010010"":5,""10000101"":12,""01011101"":4,""11110001"":17,""11101101"":11,""01001100"":8,""01001111"":5,""00111111"":5,""11101010"":13,""10101111"":10,""00101100"":19,""00111100"":2,""01101111"":5,""00011010"":3,""00011011"":8,""01110011"":3,""11100000"":11,""01010011"":5,""10100010"":6,""11100101"":10,""01000011"":4,""01111110"":3,""00111010"":2,""01111100"":4,""01011111"":9,""00100001"":6,""10000001"":12,""01110001"":2,""00000010"":11,""01100110"":2,""00000000"":11,""00010101"":5,""01000101"":1,""01110010"":4,""01110111"":2,""11100001"":6,""01100111"":2,""00110011"":1,""01000111"":4,""01110110"":6,""11010001"":3,""01111010"":2,""00010111"":2,""01010000"":4,""01110000"":3,""01101100"":2,""01010110"":2,""01000001"":1,""00111101"":5,""01111111"":2,""10001110"":8,""01111011"":3,""00011000"":5,""01001010"":6,""11101110"":7,""00111001"":1,""00011101"":4,""01000110"":8,""01100101"":1,""01011110"":3,""01101101"":5,""00001110"":1,""00011110"":1,""01100001"":1,""01111001"":1,""00010011"":1,""00110000"":1}"
43,x,4000,-0.36349999999999993,0.5255000000000001,0.07899999999999996,0.012499999999999956,0.09999999999999998,0.27849999999999997,0.20999999999999996,-0.554,"{""10001000"":64,""10011000"":31,""11010000"":31,""11011011"":21,""11011101"":47,""01101111"":3,""11001100"":21,""10111001"":62,""10111000"":34,""11011001"":67,""00101101"":6,""01001101"":41,""10111111"":11,""10101000"":32,""10100000"":32,""10001101"":97,""11010101"":65,""01111000"":11,""11001101"":39,""11001000"":24,""11011110"":7,""10000101"":127,""01001001"":37,""10111010"":10,""10101100"":31,""10001100"":46,""01001100"":28,""10011001"":50,""00101001"":10,""00011000"":6,""01011011"":6,""10010000"":24,""11111001"":20,""01010011"":5,""10111100"":24,""10101101"":63,""01000001"":40,""10011111"":20,""01101010"":2,""10001001"":91,""10001111"":33,""10110101"":51,""00011011"":3,""01101101"":6,""01000000"":20,""11101101"":5,""00111100"":6,""00011110"":2,""01001011"":15,""11001001"":30,""01110001"":9,""10001010"":16,""10001011"":39,""10011100"":22,""10101010"":6,""11001011"":12,""10101001"":58,""00110101"":8,""01001000"":27,""10110100"":21,""10111101"":51,""11010111"":20,""01011001"":22,""00001100"":6,""10111011"":30,""11111101"":18,""10100001"":73,""10010110"":10,""10100101"":54,""11110101"":17,""10000001"":116,""10100011"":21,""10101111"":20,""11100001"":11,""00000011"":9,""10110001"":76,""11110001"":17,""00000111"":6,""10100100"":28,""10010001"":68,""10000100"":43,""10010100"":17,""00010101"":8,""10000000"":44,""11110000"":14,""10010111"":16,""11000101"":32,""10000011"":37,""01100000"":3,""11000011"":14,""10110000"":39,""00100000"":4,""01010010"":3,""00110001"":5,""11010001"":74,""01110100"":8,""11110010"":2,""11110100"":4,""00100001"":11,""10000010"":12,""10010011"":22,""11010011"":31,""11100000"":3,""01010001"":20,""00100101"":8,""11101010"":3,""01110111"":8,""11000000"":16,""11000001"":31,""10010101"":41,""10000111"":28,""10000110"":14,""01100100"":9,""01111001"":13,""01110101"":10,""10100110"":7,""01100101"":7,""00100011"":7,""01111110"":4,""01111011"":10,""00111000"":2,""01111100"":5,""11011010"":13,""10011101"":33,""00011101"":11,""01111101"":12,""10101110"":14,""11111011"":6,""01101000"":6,""11101001"":11,""11011000"":46,""01010101"":12,""11101110"":1,""01000011"":13,""11011100"":22,""11011111"":10,""00001001"":13,""11000111"":9,""01000111"":16,""01110011"":8,""01000010"":3,""11110111"":8,""11010100"":31,""10110011"":26,""00100111"":8,""00110000"":5,""10100111"":22,""01000101"":42,""10110111"":10,""00010110"":2,""11010010"":4,""10110010"":6,""11111111"":3,""01000110"":5,""11010110"":8,""01000100"":16,""10010010"":6,""01011000"":8,""01111111"":5,""10011011"":10,""00010100"":7,""00101100"":7,""11001111"":10,""10001110"":16,""00001000"":2,""11111000"":9,""00111010"":1,""10111110"":3,""00001101"":10,""01010100"":9,""00010001"":7,""11000100"":12,""00101000"":6,""01011110"":3,""01011100"":3,""01001110"":8,""00101110"":2,""00111111"":1,""01101100"":5,""00011001"":9,""00101010"":2,""01101001"":10,""11111010"":1,""10011010"":5,""11001110"":5,""10101011"":19,""01010000"":9,""00000101"":9,""00000000"":9,""11100111"":5,""10110110"":4,""01001111"":12,""11100110"":2,""10100010"":5,""00000001"":9,""01100011"":3,""11110011"":5,""01100001"":5,""11100100"":4,""11000110"":5,""01100111"":2,""11000010"":4,""11100011"":3,""01011111"":3,""11101000"":4,""11101100"":2,""11110110"":2,""00100100"":4,""11100101"":9,""00101011"":5,""00111001"":5,""01011101"":7,""00001110"":2,""11001010"":4,""01101011"":1,""11101011"":3,""00111101"":6,""11111100"":7,""00001011"":5,""01011010"":1,""00000100"":2,""00101111"":1,""00011111"":3,""01010111"":5,""00000110"":2,""00010111"":2,""00110011"":2,""00110010"":1,""00011100"":2,""01001010"":4,""11111110"":3,""00001010"":1,""00110111"":1,""00100110"":1,""01110000"":1,""00110100"":1,""00010011"":2,""00111110"":2,""01111010"":3,""00010010"":1,""01101110"":1,""00001111"":1}"
44,x,4000,0.46950000000000003,0.119,-0.2330000000000001,-0.02299999999999991,-0.2689999999999999,-0.2024999999999999,-0.4630000000000001,-0.4179999999999999,"{""11110000"":104,""11110001"":40,""01000101"":18,""00110000"":14,""11110100"":187,""10110010"":10,""11111111"":58,""11111110"":150,""11111100"":177,""00110110"":22,""10000100"":44,""10000101"":21,""01010100"":14,""00110010"":17,""01000100"":36,""11110010"":86,""01100010"":10,""01100000"":11,""10010010"":20,""11110101"":59,""11010001"":3,""11000100"":20,""11110111"":40,""11010110"":23,""11110110"":172,""11010100"":21,""11010010"":14,""11000111"":4,""10010110"":25,""11010011"":5,""10001100"":47,""11010000"":24,""00001110"":12,""10000110"":36,""01001010"":13,""10000010"":19,""11100100"":32,""00000110"":11,""11100010"":36,""11000001"":2,""01010000"":25,""11111101"":109,""11000110"":11,""01110100"":27,""11100000"":40,""10010101"":5,""10111100"":14,""00000000"":6,""11000010"":6,""01100100"":5,""01010110"":19,""01000000"":28,""11111001"":50,""11011110"":20,""11001011"":4,""11111000"":89,""01101110"":6,""10001110"":52,""11101000"":37,""11001100"":25,""11101010"":36,""11011100"":15,""01111100"":23,""11111011"":20,""10011100"":14,""01011110"":17,""00100111"":1,""01111101"":10,""11101001"":15,""01001101"":28,""01001100"":71,""10001111"":11,""01011100"":14,""01011010"":19,""10011101"":9,""10001101"":24,""11011001"":9,""11101101"":16,""10100000"":7,""00111000"":14,""11111010"":69,""10011111"":10,""11001110"":13,""11001101"":11,""11101011"":14,""11101110"":21,""11101100"":41,""11100101"":6,""01001000"":29,""10110000"":13,""10111101"":10,""00011100"":7,""01111110"":15,""00001010"":3,""10000000"":26,""00110100"":18,""01110000"":16,""00100000"":4,""11110011"":23,""01100111"":3,""01000010"":9,""01000110"":32,""01110110"":18,""10110110"":10,""01100110"":7,""10110101"":12,""00110101"":10,""00101101"":4,""00100010"":7,""01000001"":8,""11000000"":8,""00000001"":1,""10111110"":9,""10010100"":15,""10110011"":4,""10001010"":28,""01010010"":24,""00010100"":9,""00100110"":4,""01110010"":10,""11100110"":29,""01010001"":13,""10011011"":7,""10101110"":4,""11010111"":6,""00110111"":5,""10000111"":8,""10101100"":4,""01010101"":10,""01000111"":7,""00010000"":10,""11100111"":13,""01011111"":6,""10001001"":10,""10010000"":26,""01010111"":7,""10011110"":20,""11011101"":14,""00101000"":6,""01001111"":12,""10100110"":2,""01110101"":8,""10110111"":3,""00011010"":2,""11011010"":16,""00010110"":5,""10110100"":6,""00111110"":21,""01011101"":8,""10000011"":5,""11000011"":1,""10010001"":7,""11001010"":8,""10000001"":8,""00000101"":5,""00100101"":1,""01001110"":50,""00000100"":12,""01111010"":9,""01101100"":11,""10100010"":5,""00101110"":2,""10100100"":3,""00111100"":16,""00011000"":4,""01101001"":5,""01011000"":18,""00101111"":2,""00101100"":2,""11011000"":10,""11101111"":7,""00001100"":15,""00011110"":2,""10011010"":15,""10001000"":15,""11001111"":4,""10101000"":3,""10111010"":6,""10111001"":4,""00101010"":5,""10011000"":16,""00001001"":2,""11100001"":9,""10101011"":1,""01111000"":7,""11001000"":9,""01111111"":4,""00001101"":5,""10111111"":5,""10111011"":4,""00111111"":6,""01110001"":1,""01111011"":8,""10010111"":6,""10010011"":3,""10001011"":15,""00001111"":4,""00011001"":1,""11011011"":2,""01011011"":7,""01001001"":10,""11001001"":2,""00111101"":8,""10111000"":4,""10101001"":4,""10101010"":3,""01101000"":5,""01111001"":5,""00101001"":1,""00111010"":9,""01101010"":3,""00101011"":1,""01011001"":7,""01010011"":4,""01101111"":2,""00110001"":3,""01001011"":3,""00011111"":2,""00111011"":6,""00111001"":3,""10011001"":1,""01110111"":5,""00010001"":2,""01000011"":3,""01100101"":3,""10100111"":1,""11000101"":9,""01100001"":1,""00010010"":1,""00010011"":2,""11100011"":4,""00000010"":2,""10100101"":1,""00110011"":2,""00100100"":2,""01110011"":1,""01101101"":3,""11010101"":1,""10110001"":1,""00001000"":4,""00010111"":2,""11011111"":4,""00001011"":1,""00010101"":1,""00011011"":1,""00100001"":1,""10101101"":1,""01101011"":1,""10101111"":1,""01100011"":1}"
45,x,4000,-0.4065000000000001,-0.02849999999999997,0.35450000000000004,0.0050000000000000044,0.14649999999999996,0.639,0.49150000000000005,-0.5625,"{""10001100"":37,""10001000"":64,""10001011"":201,""10011011"":133,""10111001"":24,""10001001"":178,""10011101"":64,""10101011"":10,""00110101"":2,""10001101"":66,""10011000"":61,""11010001"":10,""10001110"":26,""10000110"":30,""11001010"":8,""10101101"":14,""11111010"":10,""10010101"":51,""10101001"":11,""11001011"":9,""01011011"":30,""10001111"":66,""10000000"":85,""10110011"":25,""10001010"":67,""10011100"":27,""10111101"":7,""00100101"":4,""10010110"":24,""10011010"":47,""01011000"":9,""11001000"":5,""10011111"":54,""01100111"":7,""00001001"":6,""11111001"":13,""00001000"":7,""11111000"":7,""01101011"":8,""01001000"":8,""10011001"":98,""10101111"":7,""11001001"":13,""10111011"":31,""00001111"":6,""10111010"":10,""10000101"":88,""11101111"":9,""11101011"":20,""10000111"":85,""01001110"":10,""10010011"":143,""01001001"":25,""01001111"":11,""00011111"":4,""01111011"":11,""01011101"":17,""11011011"":9,""01001011"":34,""01010001"":31,""01011111"":8,""00111011"":9,""10101100"":4,""11100011"":17,""01000101"":17,""01101001"":13,""01100011"":10,""00111001"":10,""01011001"":24,""01001010"":21,""10000001"":162,""01101111"":5,""10110101"":6,""01000011"":34,""00011101"":4,""00011010"":5,""01011110"":4,""01011100"":10,""10011110"":17,""11111101"":4,""11101001"":8,""10110100"":4,""00001100"":2,""01001100"":10,""10111000"":13,""00101010"":4,""10110110"":7,""01001101"":17,""10010010"":44,""10010001"":81,""11011000"":3,""10010100"":26,""00011000"":4,""11101110"":2,""11101101"":10,""01000100"":9,""10000011"":207,""01111001"":5,""11101000"":4,""01011010"":8,""10000010"":61,""11011101"":3,""10010000"":58,""01101010"":4,""11000111"":6,""11011001"":9,""11101010"":5,""01010011"":33,""11111011"":8,""01101101"":6,""01111010"":5,""00011011"":7,""11100001"":17,""01110011"":6,""11110101"":5,""00010100"":5,""10000100"":48,""11000001"":11,""11100000"":8,""11000011"":16,""01100101"":3,""01000111"":21,""01010101"":16,""01010000"":8,""10100101"":11,""10110000"":9,""00110011"":10,""00000001"":7,""10110001"":13,""01000000"":16,""10100111"":7,""01000010"":13,""10010111"":47,""10100010"":7,""11010011"":7,""10110111"":15,""01110110"":2,""10100100"":5,""01100001"":3,""11110011"":8,""11001101"":7,""00010111"":4,""11100100"":4,""11000000"":3,""01000001"":32,""00000110"":2,""01010010"":9,""01100110"":5,""00110010"":2,""00000010"":2,""01100010"":2,""00100000"":3,""00100011"":6,""11100101"":9,""11000101"":8,""00100111"":4,""00010011"":7,""00100001"":5,""00000000"":5,""01010111"":9,""01100000"":3,""11111100"":5,""11000100"":4,""01010100"":2,""11010101"":3,""11100111"":8,""11010111"":3,""00000111"":6,""11110001"":8,""00000011"":9,""00010001"":6,""00110100"":1,""00000101"":5,""11100110"":4,""00010010"":6,""01110101"":2,""11110010"":3,""00100100"":1,""01111111"":2,""11110111"":4,""01000110"":10,""10110010"":4,""00110110"":1,""01100100"":1,""00100010"":3,""01110001"":4,""11100010"":7,""00011100"":4,""00000100"":2,""10100011"":10,""01010110"":4,""11010000"":5,""10100001"":6,""11111110"":3,""00111111"":2,""11010100"":3,""00111101"":3,""11001111"":2,""10111111"":12,""01111101"":3,""10101010"":3,""10101110"":2,""11111111"":2,""00111010"":3,""11001100"":3,""00001101"":4,""00011110"":3,""00111100"":1,""00001011"":12,""00011001"":6,""11110100"":1,""11011100"":2,""11000010"":4,""11011111"":6,""00001010"":2,""00101100"":1,""01111100"":1,""11011010"":3,""00101111"":4,""00101101"":2,""10111100"":3,""11011110"":2,""01110100"":1,""00111000"":5,""11101100"":1,""10101000"":3,""11010010"":2,""01110010"":4,""00010110"":1,""11000110"":3,""00100110"":3,""00010000"":4,""10100110"":5,""10100000"":4,""00110001"":4,""01111000"":2,""00110111"":1,""11110000"":1,""00010101"":2,""01101100"":1,""00001110"":1,""00101000"":1,""01111110"":1}"
46,x,4000,-0.3185,0.119,-0.17149999999999999,-0.019500000000000073,0.08799999999999997,0.044499999999999984,0.14400000000000002,-0.01649999999999996,"{""01001101"":37,""01001111"":12,""10001110"":11,""10011000"":20,""10101100"":27,""10101010"":24,""00001111"":31,""11011011"":25,""01111011"":29,""10001101"":42,""11101011"":17,""10101111"":32,""10101001"":33,""11011100"":12,""11111111"":13,""01111110"":15,""00111001"":10,""01111111"":23,""01011010"":7,""10000001"":16,""00001000"":16,""11111011"":17,""11001101"":17,""00101101"":38,""10101101"":58,""10011100"":21,""10101011"":38,""11011111"":31,""01011000"":3,""10011001"":25,""11001111"":8,""11001000"":2,""01011110"":14,""11001110"":3,""00001101"":40,""10011110"":13,""00101100"":23,""01001100"":21,""10001100"":17,""01011111"":18,""01011100"":10,""01000100"":14,""00111111"":21,""01110101"":46,""00011101"":19,""10101110"":16,""01001001"":16,""11011010"":13,""00001110"":15,""10111010"":7,""11011000"":10,""11001100"":12,""10010101"":48,""00101001"":29,""01001010"":8,""11011101"":31,""11111100"":14,""11111101"":33,""11011110"":11,""11000001"":15,""10001111"":21,""01001110"":12,""11101111"":17,""10111011"":6,""01111001"":31,""00100101"":53,""10011101"":36,""11111000"":8,""01101110"":2,""11100001"":11,""10001010"":11,""00111101"":14,""11001011"":15,""10111111"":10,""01101011"":7,""11011001"":19,""11100111"":13,""01111101"":42,""00101111"":27,""00001100"":35,""10011111"":27,""10101000"":16,""10001001"":16,""00001001"":18,""00111011"":11,""01011101"":33,""11101001"":7,""00011111"":10,""00101011"":28,""00010101"":17,""01010011"":20,""11101100"":16,""10001011"":18,""00001010"":10,""01111100"":27,""10111001"":4,""00001011"":21,""10011011"":21,""00111100"":9,""01011011"":19,""01110100"":29,""11100011"":6,""00101010"":19,""10110011"":9,""11001001"":12,""11010101"":35,""11101101"":17,""01001011"":14,""01111000"":11,""01001000"":8,""10000101"":44,""00011010"":5,""00111010"":10,""00101000"":19,""00101110"":18,""10100101"":60,""11101000"":4,""11000100"":8,""00000100"":21,""01101111"":2,""11001010"":6,""11010010"":9,""01101001"":7,""00011011"":9,""01000010"":11,""11101110"":8,""01101100"":6,""01000101"":21,""10111100"":5,""11010110"":13,""01101000"":5,""00100001"":31,""01111010"":18,""10001000"":6,""00011110"":3,""00011100"":11,""01101101"":8,""01011001"":11,""00100100"":16,""10010100"":26,""10010011"":26,""10111101"":12,""10011010"":8,""10000100"":18,""01000011"":14,""11111010"":4,""11101010"":10,""11111110"":4,""00011001"":5,""11010011"":19,""01101010"":1,""01100100"":5,""00010100"":8,""10010001"":27,""00110001"":7,""00100110"":11,""00111000"":3,""01110000"":8,""10111000"":4,""01110011"":19,""10100111"":26,""10010111"":23,""01000000"":6,""11110100"":14,""10110001"":4,""10100010"":23,""00100011"":36,""10000111"":29,""10100001"":33,""00000101"":52,""11010111"":20,""01110111"":30,""01000110"":14,""10110111"":4,""11100000"":7,""11110111"":9,""01000111"":15,""10100011"":45,""11010100"":24,""00110100"":3,""11010001"":30,""10000011"":27,""00110101"":22,""01010100"":23,""01010000"":12,""00100111"":26,""00110110"":4,""00010111"":6,""11000111"":4,""10100100"":24,""10000110"":16,""11110011"":8,""01010001"":19,""11110110"":7,""00000010"":11,""00110000"":4,""11000101"":9,""10110100"":4,""01010101"":24,""11110101"":13,""10100110"":15,""00000011"":28,""10000010"":9,""10010110"":10,""10110110"":5,""01100010"":4,""01110110"":16,""00100010"":22,""00010000"":3,""00000111"":30,""01010010"":8,""10100000"":12,""10110101"":16,""00100000"":8,""11010000"":12,""00010110"":5,""11110010"":6,""11110001"":11,""11100110"":6,""00000110"":17,""00010001"":7,""11100101"":22,""10010010"":16,""10110010"":4,""01000001"":22,""00010011"":13,""01010111"":15,""00000000"":8,""01110001"":19,""01100011"":3,""11000010"":7,""11000000"":3,""00000001"":17,""11000011"":9,""01010110"":7,""11000110"":1,""01100101"":5,""10110000"":2,""11100010"":5,""00110111"":10,""10000000"":2,""01110010"":4,""01100111"":3,""11100100"":9,""11110000"":5,""00110010"":5,""00110011"":11,""10010000"":10,""00010010"":2,""01100000"":3,""01100110"":3,""10111110"":4,""00011000"":3,""11111001"":5,""00111110"":2,""01100001"":2}"
47,x,4000,-0.5914999999999999,0.15000000000000002,0.20550000000000002,0.0,-0.08850000000000002,0.29300000000000004,-0.05800000000000005,-0.29699999999999993,"{""01100101"":5,""01011101"":30,""11001101"":42,""11011010"":9,""10011001"":67,""11101011"":21,""10001001"":58,""00001000"":3,""00011010"":8,""11111001"":79,""11001001"":53,""01011111"":14,""10011011"":61,""11111101"":42,""10001011"":74,""10001101"":52,""01001101"":37,""11001111"":21,""01001011"":43,""10010101"":73,""10011101"":69,""10011111"":30,""10001111"":30,""11111000"":15,""00000101"":24,""01101011"":12,""00101111"":2,""11001011"":46,""10101111"":6,""10010001"":73,""10001000"":8,""00101101"":4,""01011110"":8,""10101001"":19,""10111101"":18,""01001100"":7,""00001111"":9,""11111011"":65,""10101101"":16,""11000001"":47,""11111111"":21,""10010111"":30,""10011010"":16,""01000010"":14,""11011001"":18,""10101011"":28,""00111101"":12,""01011011"":33,""00100101"":4,""11001100"":6,""01111101"":29,""00011011"":25,""01111001"":27,""00101110"":1,""11011011"":22,""10111011"":16,""11000111"":29,""01011001"":40,""10110011"":20,""10000001"":72,""01000101"":37,""10110001"":28,""01000011"":37,""10010011"":47,""10100101"":16,""10000000"":18,""00010100"":5,""01000001"":44,""00010001"":24,""01101001"":10,""00000001"":16,""11010011"":14,""10100111"":10,""11010001"":14,""10000010"":16,""10010000"":17,""11011101"":17,""11000011"":32,""11110001"":55,""11000101"":50,""01010100"":10,""10000101"":58,""01010001"":33,""11100011"":15,""10000111"":17,""00110010"":5,""10000100"":10,""01110101"":25,""01110011"":23,""00000111"":6,""01010011"":37,""10110101"":29,""10000011"":45,""00010101"":22,""01100001"":8,""11000010"":15,""10010010"":21,""11100001"":21,""01110001"":34,""01010101"":27,""11110101"":50,""11110011"":57,""11000110"":9,""11010100"":4,""00100001"":7,""01100010"":3,""01000100"":14,""11110111"":23,""11110100"":13,""00110011"":7,""11111110"":9,""10001100"":11,""00000011"":16,""10010100"":10,""00010011"":18,""01100000"":3,""10100011"":18,""11100111"":10,""01010010"":11,""11010101"":20,""11000000"":9,""00010111"":9,""00001011"":24,""11100101"":20,""11110110"":10,""01100111"":5,""01010110"":5,""01000000"":14,""00110000"":3,""01110100"":8,""01110000"":15,""11100110"":2,""01010111"":15,""11110000"":14,""00000110"":4,""10011110"":6,""11001110"":7,""01111000"":6,""01001000"":8,""01111111"":6,""10101110"":4,""11011110"":1,""10001010"":20,""10101010"":5,""10111001"":17,""01001001"":39,""00001001"":29,""11111010"":17,""01111011"":26,""01001111"":8,""11101101"":11,""00101010"":2,""01011000"":5,""01101110"":4,""01011010"":6,""11101111"":6,""00001010"":9,""11101010"":5,""10011000"":19,""01011100"":5,""10011100"":12,""10101000"":5,""10001110"":6,""11011000"":3,""10111010"":6,""00111011"":10,""01111110"":6,""00110001"":10,""11010000"":6,""10000110"":11,""01110111"":12,""10100010"":6,""01000111"":8,""10110100"":6,""11100000"":5,""10100001"":9,""01111100"":4,""11111100"":10,""11000100"":10,""00110100"":3,""11110010"":14,""11011111"":12,""00001101"":21,""00111001"":17,""00011101"":19,""00011111"":9,""00101001"":7,""01111010"":8,""11001010"":15,""00011001"":16,""11101001"":18,""10101100"":4,""01100011"":8,""01000110"":6,""01010000"":6,""10100100"":4,""11010111"":4,""00000010"":4,""00010010"":3,""00100010"":2,""10010110"":17,""00000000"":4,""10100110"":2,""11010010"":5,""00001110"":2,""10111111"":5,""00101011"":6,""01001010"":8,""00010000"":3,""00010110"":3,""10110111"":8,""11011100"":4,""00110101"":9,""00011000"":5,""01001110"":2,""11101000"":3,""10111000"":3,""10111110"":3,""10110000"":6,""01110010"":9,""00100011"":4,""01101010"":1,""11001000"":6,""01101101"":4,""11100010"":4,""00111010"":5,""01110110"":5,""00011110"":1,""00100110"":1,""00111100"":1,""00000100"":5,""10111100"":3,""10110010"":4,""11100100"":3,""10100000"":4,""00011100"":2,""00101100"":1,""01100100"":3,""00001100"":2,""01101111"":4,""11101110"":1,""00111111"":3,""01100110"":1,""00111110"":2,""00100100"":2,""10110110"":2,""01101100"":1,""11010110"":1}"
48,x,4000,0.29200000000000004,0.677,0.15600000000000003,0.007000000000000006,0.405,0.7875,-0.04049999999999998,-0.04600000000000004,"{""00000010"":12,""11000000"":113,""00000001"":42,""11000100"":91,""01010110"":2,""00000000"":83,""01000100"":89,""10000100"":78,""10000000"":116,""01000000"":102,""00010000"":32,""11110000"":16,""11110010"":1,""01000101"":46,""00000100"":88,""11000010"":29,""01000001"":41,""11110111"":1,""00000011"":10,""11010000"":34,""00000101"":40,""10010000"":49,""11001010"":16,""00001000"":91,""11110100"":8,""01010001"":11,""00000111"":10,""11010101"":12,""10010101"":19,""10010010"":8,""00110100"":7,""01010000"":39,""11000011"":9,""10000101"":41,""10010100"":42,""00011000"":45,""00010100"":25,""10001000"":96,""01010100"":25,""00001010"":14,""01110100"":6,""11100101"":6,""11010001"":20,""00010011"":8,""00010010"":5,""10011000"":36,""01001000"":111,""10000111"":12,""10001010"":18,""11010100"":30,""00010110"":9,""11000001"":53,""01010010"":7,""11000101"":34,""10010001"":18,""01100110"":2,""01110001"":7,""01110000"":10,""10000001"":48,""10000010"":21,""00000110"":9,""01100111"":1,""11011001"":18,""00001001"":54,""00100100"":10,""00010101"":13,""01010101"":18,""11100111"":1,""11000111"":9,""11100100"":10,""00010001"":21,""01001100"":92,""11000110"":10,""00110000"":12,""10000011"":9,""01000010"":17,""01100000"":5,""10011010"":9,""10001110"":10,""10011011"":8,""11001000"":119,""11001100"":76,""00001101"":32,""10110011"":1,""00011100"":21,""11101100"":13,""10001101"":34,""10001001"":60,""11011011"":9,""11011000"":39,""01011101"":11,""10001100"":66,""01001010"":16,""00001100"":68,""00001110"":11,""01001001"":55,""11001101"":40,""01001111"":15,""10011101"":14,""11111011"":6,""10011110"":5,""11001011"":18,""01001101"":54,""01011000"":41,""00101100"":5,""11011111"":1,""01011010"":4,""11011101"":15,""00101000"":5,""00011001"":19,""10011001"":35,""01011001"":25,""11001111"":13,""10111000"":6,""01101011"":1,""10001011"":14,""11001110"":8,""00111000"":8,""11111000"":15,""11001001"":43,""01001110"":8,""01011111"":3,""01011100"":19,""01101000"":7,""10001111"":19,""00111010"":3,""00001011"":11,""11111010"":6,""11011110"":3,""00011101"":11,""01011011"":3,""11011010"":10,""11111101"":5,""11011100"":26,""01001011"":12,""00011011"":7,""10101000"":5,""10010110"":6,""00100101"":6,""10010011"":6,""01010011"":5,""01000011"":10,""11100000"":12,""01100001"":5,""11010010"":9,""00110101"":3,""01000111"":6,""00100110"":4,""01000110"":10,""10000110"":11,""00100000"":5,""10100101"":2,""10100001"":2,""10110000"":3,""10100010"":1,""01111010"":3,""01101001"":3,""10011100"":23,""01101100"":6,""00111111"":1,""11101001"":9,""01111001"":2,""01111110"":1,""11110001"":10,""01111000"":6,""01011110"":2,""00111011"":1,""00011010"":9,""00101011"":1,""11111001"":11,""00111001"":6,""11101101"":5,""11111111"":2,""00111101"":3,""00001111"":10,""01111101"":1,""10101001"":6,""10111101"":3,""11101000"":7,""00111100"":7,""10101011"":1,""01101101"":4,""11100011"":2,""00100010"":1,""10101100"":4,""11110101"":4,""11100001"":9,""00110001"":3,""10110001"":1,""00101111"":1,""10010111"":2,""11010011"":5,""10100110"":1,""01100100"":5,""01110101"":3,""00110010"":2,""10101010"":1,""11100010"":2,""10100000"":8,""10111100"":2,""11111100"":3,""00100001"":3,""00101010"":2,""00110110"":1,""11010111"":4,""00010111"":2,""11110011"":1,""11010110"":5,""01110011"":1,""10100100"":3,""10110100"":4,""11110110"":2,""01100101"":2,""00100011"":1,""10011111"":4,""00011110"":1,""01111011"":1,""00101101"":1,""00101001"":2,""10111111"":1,""00011111"":4,""01010111"":1,""10111001"":1,""11101111"":2,""10101111"":1,""11111110"":1,""11101110"":1,""11101011"":1,""11101010"":2,""01110110"":3,""01110010"":1,""10110110"":1,""10101101"":1,""00110011"":1,""10100011"":1}"
49,x,4000,0.13349999999999995,0.74,0.058499999999999996,0.016000000000000014,0.136,0.5515,-0.3979999999999999,-0.44500000000000006,"{""11011100"":87,""10010001"":37,""11010001"":96,""01000110"":11,""10010101"":32,""01010100"":44,""11000000"":90,""10000000"":27,""11010100"":73,""11010000"":108,""11000101"":87,""00010010"":2,""10110001"":13,""11010111"":11,""11100010"":9,""11101010"":8,""00000100"":20,""01100000"":5,""11101110"":5,""11000111"":11,""11000001"":75,""01100010"":2,""00010000"":22,""10100000"":16,""10010100"":36,""11100000"":61,""11100100"":55,""11011000"":100,""01000000"":38,""00001100"":18,""01101101"":8,""01100101"":5,""00010101"":11,""11010010"":18,""11000100"":98,""00100101"":7,""01011101"":20,""10000101"":40,""10010000"":41,""01011001"":25,""01000010"":8,""10001001"":23,""01010101"":30,""00000000"":21,""01010000"":36,""10110100"":18,""11010110"":7,""10100110"":2,""11000010"":16,""01010001"":30,""11010101"":68,""10010011"":8,""01000100"":43,""10000100"":36,""11110100"":11,""11100011"":4,""11101100"":42,""10011101"":25,""10110000"":16,""01110100"":3,""11101001"":30,""11100001"":23,""10110101"":11,""01110001"":7,""00110100"":2,""10100100"":17,""01000001"":38,""00101000"":13,""11001100"":114,""11100101"":37,""11010011"":11,""10000001"":28,""10100001"":11,""10100101"":11,""10001000"":36,""11011001"":66,""00010001"":13,""11110000"":7,""01010111"":5,""00100001"":5,""01100100"":6,""01001001"":37,""11110011"":1,""01010010"":8,""00000101"":9,""11011101"":60,""10001100"":32,""11001101"":75,""11111000"":11,""10001010"":7,""11001001"":75,""10011001"":36,""01111010"":2,""01001110"":8,""00011000"":19,""01011000"":39,""01001100"":44,""01101100"":9,""11001110"":16,""10101001"":8,""11101000"":47,""10011000"":38,""11001000"":110,""11000110"":11,""10101000"":18,""00011101"":9,""01001000"":43,""11001010"":21,""01101001"":9,""11001111"":12,""11011010"":17,""00011010"":1,""01011100"":21,""10001101"":24,""10011100"":34,""10001111"":7,""10111000"":22,""11101101"":35,""00011100"":12,""01101110"":1,""11011011"":14,""10111100"":12,""11101111"":4,""01001101"":33,""10111001"":17,""10111101"":8,""01111000"":4,""11101011"":7,""11011110"":12,""01001011"":7,""00001101"":18,""10101010"":3,""00101100"":7,""10111110"":2,""10001011"":2,""00001001"":16,""00010100"":16,""10101100"":12,""01111100"":5,""11011111"":9,""01011111"":1,""11111100"":5,""00001000"":21,""10110111"":7,""01000101"":30,""01110111"":2,""10000010"":10,""00100000"":10,""11000011"":14,""01100110"":3,""00010110"":3,""01010011"":4,""01000111"":5,""00010111"":1,""01100011"":3,""01111001"":4,""11111111"":1,""11111101"":4,""10011011"":6,""01101000"":13,""10001110"":5,""11111010"":2,""01001010"":9,""10011010"":6,""00101101"":6,""11001011"":13,""00011001"":10,""01000011"":6,""00101110"":3,""00101001"":9,""00001010"":3,""10101101"":6,""10111111"":4,""01101010"":2,""11111001"":8,""01001111"":7,""01011010"":4,""11111011"":2,""01011011"":3,""00001110"":4,""00010011"":2,""01101111"":1,""01011110"":8,""10011110"":1,""00101010"":3,""00100100"":7,""00110011"":1,""10110011"":4,""10000110"":1,""00000001"":14,""00110000"":1,""01110000"":2,""11110101"":5,""11110001"":12,""11110111"":3,""00111001"":2,""10100111"":1,""10100010"":5,""10010111"":2,""00100011"":1,""11100111"":3,""10110110"":4,""10000111"":4,""10010010"":5,""10111010"":3,""00000010"":1,""01100111"":1,""00100010"":1,""10100011"":1,""00101111"":1,""11100110"":4,""01100001"":6,""10111011"":3,""01111101"":4,""00001111"":1,""00100111"":2,""10010110"":2,""00111100"":2,""00001011"":1,""01110101"":1,""10011111"":1,""00111000"":1,""01101011"":1,""00101011"":1,""10000011"":1,""00011111"":1,""11111110"":1,""00000011"":1,""00110101"":1}"
50,x,4000,-0.21950000000000003,0.09250000000000003,-0.055500000000000105,0.017000000000000015,-0.41900000000000004,0.21399999999999997,0.22799999999999998,-0.30899999999999994,"{""10011101"":77,""10010101"":88,""01110100"":15,""01000101"":26,""10000101"":34,""11100100"":5,""10010111"":52,""10000001"":23,""10110100"":42,""10011001"":70,""01010100"":41,""10000111"":26,""10110001"":51,""10110011"":46,""10110110"":34,""10100000"":3,""10010000"":42,""01000001"":30,""10010001"":62,""01010011"":37,""10000100"":28,""10100010"":6,""00100001"":9,""10010010"":28,""00000101"":6,""01111001"":29,""00100110"":5,""01110001"":19,""11010101"":22,""11010110"":9,""01010010"":21,""10011110"":44,""10010100"":80,""10000011"":21,""01110101"":19,""00110111"":7,""10110101"":55,""10110010"":24,""10100111"":14,""10010011"":60,""01010101"":69,""11100110"":10,""10010110"":42,""01010001"":27,""10110111"":59,""10111000"":38,""10111100"":43,""10000110"":18,""01000111"":22,""01011001"":45,""10110000"":32,""00010110"":4,""10100011"":11,""01110111"":21,""11111100"":6,""11100111"":8,""01100101"":6,""11110111"":7,""10100110"":11,""11010010"":10,""10011011"":64,""11000011"":10,""10111111"":54,""01011011"":40,""01001101"":23,""11111111"":11,""10011100"":62,""01011111"":34,""10011010"":32,""00011110"":2,""01001011"":15,""00111101"":9,""10111101"":48,""10001100"":16,""10111001"":59,""01001001"":21,""11011011"":12,""10011111"":59,""10001111"":21,""10001101"":21,""01111011"":20,""00111001"":16,""01001000"":9,""10111011"":44,""10111110"":35,""01111100"":11,""01001111"":21,""00111111"":7,""11011000"":13,""11011010"":11,""11011101"":10,""10001001"":46,""11101011"":7,""11011001"":23,""00101001"":15,""01101111"":3,""00001000"":2,""11001001"":8,""11001111"":4,""11001011"":9,""10001011"":23,""01101011"":2,""01011100"":28,""00101100"":4,""01111101"":7,""01001100"":7,""10001110"":22,""10101111"":12,""00101111"":3,""10101001"":16,""01101010"":3,""01000010"":13,""00110011"":11,""00001101"":4,""01101110"":3,""01111110"":9,""10011000"":40,""10001000"":16,""10111010"":41,""11010100"":14,""00111110"":3,""01111111"":17,""01011101"":44,""01011110"":14,""11011111"":9,""00011011"":5,""11101001"":10,""11111011"":10,""11101101"":7,""01101001"":2,""00111000"":8,""11011110"":8,""11111110"":3,""10001010"":18,""00101110"":7,""01001010"":9,""00101010"":11,""10100100"":16,""10101010"":6,""10101000"":5,""01011000"":25,""00000010"":2,""11011100"":10,""11110101"":16,""01001110"":7,""00111011"":11,""01011010"":16,""11101111"":5,""00001110"":2,""00101011"":14,""11101010"":5,""10101110"":6,""11111101"":5,""11001100"":1,""11001110"":3,""00011000"":2,""00001100"":2,""10101011"":14,""10101101"":16,""01101100"":3,""00001001"":2,""11111001"":4,""00011001"":7,""00100101"":11,""01111000"":7,""11001101"":5,""00001011"":1,""01111010"":8,""00111010"":6,""11100101"":9,""01010110"":30,""01000011"":19,""11111000"":7,""00001010"":2,""00011111"":6,""01101000"":6,""11101100"":6,""01110011"":17,""11001010"":5,""10101100"":8,""00011010"":2,""00111100"":2,""11101110"":4,""01000100"":15,""11000101"":7,""10000000"":10,""00100100"":13,""11010001"":17,""11010000"":13,""11010011"":13,""01110000"":6,""01100110"":4,""00110001"":12,""00000111"":2,""11000110"":5,""11100000"":2,""11110100"":4,""10100001"":10,""01010000"":20,""11010111"":14,""01100001"":4,""00010101"":9,""10000010"":14,""11110001"":7,""11100001"":8,""11000001"":3,""01010111"":28,""01110110"":11,""00010111"":3,""00110101"":7,""01000110"":19,""11000010"":5,""00100011"":8,""00110010"":4,""00000000"":2,""11110110"":9,""00010010"":5,""00110100"":3,""11100011"":4,""00000001"":2,""10100101"":10,""00000011"":4,""01100100"":4,""01110010"":8,""00110110"":6,""11100010"":3,""11000100"":4,""11110000"":4,""11000111"":5,""01000000"":8,""11110011"":6,""00000100"":2,""00101000"":4,""11101000"":5,""00100000"":5,""11000000"":5,""11110010"":4,""00010000"":3,""00110000"":2,""00100111"":1,""00010100"":3,""00101101"":4,""00011100"":3,""00001111"":1,""00011101"":3,""11111010"":2,""01101101"":4,""00000110"":2,""00010001"":2,""00010011"":2,""01100111"":2,""01100011"":1,""00100010"":1}"
51,x,4000,-0.4455,-0.1100000000000001,0.21599999999999997,0.0034999999999999476,0.05149999999999999,0.25249999999999995,-0.6025,0.08499999999999996,"{""01100000"":23,""10100111"":3,""11000110"":16,""01010011"":66,""11000101"":23,""01110111"":36,""11110111"":21,""01000001"":47,""01010101"":37,""01111000"":13,""11000011"":54,""01000111"":44,""00110101"":12,""01000011"":66,""11110101"":16,""10010000"":5,""01000010"":34,""10001101"":10,""01100001"":49,""11010100"":10,""01010001"":54,""00100101"":2,""11010001"":45,""00000011"":10,""01001001"":75,""01001110"":18,""10110101"":9,""11011101"":22,""11100101"":14,""10000111"":14,""11010011"":48,""11100001"":26,""10000011"":24,""01110011"":28,""11000001"":53,""11110010"":8,""11000111"":39,""10010001"":16,""11110011"":10,""01010111"":47,""00110111"":17,""01100101"":13,""11010111"":34,""01000000"":28,""11101001"":29,""10000001"":15,""11101011"":33,""10100001"":8,""01110101"":19,""01100011"":41,""01111001"":34,""10010011"":15,""11010010"":28,""01010010"":34,""01000101"":37,""01010000"":26,""01011001"":53,""11100010"":16,""11000100"":17,""11100111"":19,""11110001"":19,""11100011"":32,""01110001"":16,""00110110"":5,""10000010"":15,""11010000"":23,""10100011"":15,""11100000"":6,""10010111"":9,""01101010"":23,""00000001"":5,""10001001"":19,""00110011"":10,""01100110"":17,""00110001"":11,""10010110"":3,""01001011"":89,""11100100"":7,""01100111"":37,""11110110"":9,""01100010"":16,""11111111"":21,""01010110"":11,""01100100"":9,""11000000"":13,""11010101"":25,""01111111"":41,""01110100"":8,""01111101"":16,""00100001"":9,""10010100"":4,""11001011"":42,""00000111"":3,""00110010"":2,""11010110"":12,""10010010"":7,""11111010"":9,""11101111"":25,""00010010"":4,""11000010"":22,""00111101"":10,""10000100"":6,""01101011"":52,""00010111"":5,""01000100"":23,""10110011"":7,""00000010"":5,""01001101"":33,""11011001"":48,""10000110"":4,""01001111"":44,""11001111"":34,""01010100"":14,""10000000"":4,""01110110"":9,""11100110"":4,""10110001"":8,""10100010"":4,""00000101"":2,""00000110"":3,""11110000"":9,""00010001"":4,""10010101"":5,""11111100"":6,""00011100"":1,""10100101"":2,""01000110"":22,""10000101"":9,""11110100"":6,""01101001"":57,""01001000"":19,""10101010"":5,""00111110"":2,""01001100"":20,""10110010"":4,""01101101"":19,""00100110"":2,""00010011"":7,""10110100"":2,""10110111"":9,""01111011"":32,""01110010"":14,""11011111"":34,""01101000"":15,""00010101"":4,""00101011"":9,""11011010"":15,""11011110"":10,""01111100"":6,""10101011"":11,""11111000"":5,""01011100"":13,""00101001"":10,""10111110"":3,""00011001"":5,""11001101"":27,""00111001"":5,""10001000"":10,""01011011"":61,""00111100"":6,""01011010"":29,""10011111"":7,""01001010"":21,""11011000"":18,""10101111"":5,""01101111"":30,""11001010"":18,""10111001"":10,""11001000"":14,""10111011"":17,""10011001"":14,""10111000"":5,""11101100"":5,""10001011"":26,""11011011"":65,""01101110"":9,""10001010"":7,""10001111"":17,""11001001"":44,""11111011"":16,""01111110"":12,""11011100"":7,""01111010"":10,""01011101"":33,""10011110"":5,""11111001"":17,""10001100"":5,""10011101"":16,""00001011"":5,""11111110"":5,""11001110"":20,""01011111"":39,""00101010"":4,""10011000"":6,""00001111"":9,""00011011"":10,""00011101"":5,""00000000"":2,""10110000"":3,""00100010"":2,""01110000"":11,""10100000"":5,""00101000"":2,""00111011"":10,""10101101"":2,""10111101"":4,""10011010"":5,""11101101"":6,""01011000"":15,""10101001"":8,""10111100"":3,""00111000"":2,""11101010"":8,""10001110"":5,""00001001"":8,""11101000"":5,""10111111"":16,""11111101"":14,""00111111"":7,""11001100"":10,""10011011"":17,""01011110"":12,""11101110"":7,""10011100"":4,""10101000"":2,""10111010"":4,""00101101"":3,""00011111"":8,""00001101"":5,""00011000"":2,""01101100"":3,""00011110"":1,""00100011"":5,""00110000"":6,""00100111"":5,""00110100"":1,""00010100"":3,""10100100"":3,""00000100"":1,""00010000"":2,""00101111"":4,""10110110"":1,""00111010"":2,""10101100"":1,""00001000"":2,""00001010"":1,""00011010"":1}"
52,x,4000,-0.3514999999999999,0.029000000000000026,0.011499999999999955,0.01100000000000001,0.46699999999999997,0.6054999999999999,-0.1200000000000001,-0.5405,"{""11100100"":3,""10000001"":54,""11000011"":131,""11100111"":8,""00000111"":40,""10000010"":20,""11010101"":35,""00110100"":3,""11011100"":15,""10000111"":63,""10010001"":12,""00000000"":7,""11000101"":148,""11000111"":109,""11010100"":19,""11000001"":130,""11000010"":60,""11010001"":29,""01100010"":5,""11110001"":21,""10000101"":76,""10000100"":34,""00010001"":5,""00000001"":34,""00100001"":7,""00000110"":13,""11010111"":26,""00010111"":4,""10001100"":39,""11100010"":3,""10110111"":9,""10010111"":13,""10010011"":16,""11000110"":41,""10001001"":60,""00000010"":15,""10000011"":53,""10000000"":23,""01100000"":4,""10011001"":15,""01100101"":6,""01010001"":3,""01001001"":10,""11110101"":17,""01000101"":6,""10110101"":14,""10100101"":4,""10000110"":28,""11000000"":38,""11110010"":6,""11010000"":5,""00010100"":8,""00110000"":1,""10010100"":8,""00000011"":35,""00000100"":15,""10110100"":5,""11111001"":18,""01110011"":6,""00110011"":3,""10100010"":3,""11001011"":104,""11110011"":25,""00100111"":8,""01011100"":2,""01010011"":5,""11010011"":24,""11001100"":74,""11001001"":127,""00100010"":6,""01100011"":6,""10100111"":4,""00110101"":7,""10010101"":15,""10101110"":3,""10100001"":6,""11100101"":11,""00000101"":40,""00010011"":12,""01110101"":6,""11000100"":72,""00001001"":43,""01000111"":10,""11100001"":7,""10110001"":20,""11001101"":109,""11001000"":47,""00100011"":15,""10001111"":57,""10100011"":5,""11001111"":85,""10111000"":3,""11011011"":28,""11111111"":16,""11001110"":55,""00001110"":16,""10001101"":58,""00011011"":15,""00001100"":20,""11011010"":20,""00001111"":29,""00001101"":29,""11101001"":8,""01001110"":7,""11111000"":4,""11011101"":19,""01111011"":4,""11011111"":15,""00101000"":4,""00101011"":15,""10001110"":27,""10001000"":18,""11101011"":4,""10111101"":8,""01001010"":5,""00111100"":7,""11101101"":18,""01101110"":3,""10011000"":7,""11001010"":73,""00111000"":2,""10001011"":67,""10101011"":3,""00111110"":2,""10111110"":8,""10001010"":35,""00001011"":36,""11011000"":13,""11110111"":17,""10110011"":21,""11111011"":15,""10101100"":5,""01100100"":2,""01000100"":4,""01000011"":6,""00010101"":7,""01111110"":2,""11010010"":21,""11110000"":4,""10110010"":6,""11100011"":5,""10010000"":7,""11010110"":11,""10111100"":5,""01000001"":5,""00100101"":9,""10100000"":2,""00110010"":5,""01001100"":3,""00111010"":4,""00011101"":5,""00001010"":21,""10101101"":6,""11011110"":9,""01111101"":8,""10111111"":5,""00001000"":20,""00011001"":14,""10111011"":10,""11111101"":18,""11101110"":3,""10111001"":10,""01011000"":1,""11011001"":21,""10011100"":8,""01001000"":2,""10011011"":14,""11111010"":11,""01001011"":8,""01001111"":4,""00111011"":5,""01011101"":2,""01111100"":4,""01010111"":4,""10100110"":7,""01110000"":3,""00100110"":2,""01111001"":5,""01110100"":2,""11110100"":9,""00011110"":4,""00011111"":9,""11101000"":4,""11101100"":4,""01111111"":3,""00011010"":6,""00011100"":8,""10011110"":4,""10011010"":8,""11111100"":16,""10101001"":9,""00111001"":6,""00111101"":6,""10011101"":7,""11110110"":7,""00101100"":5,""01001101"":6,""10101111"":6,""11100000"":2,""00010010"":6,""10110110"":2,""11101010"":3,""01000010"":3,""10011111"":7,""01110010"":2,""10101010"":4,""00100100"":1,""01101000"":3,""00101110"":5,""00111111"":6,""01101011"":6,""00101111"":8,""00101101"":8,""01101101"":2,""01111000"":3,""10111010"":8,""11111110"":7,""00110001"":4,""10110000"":4,""00110110"":1,""01100001"":6,""10010010"":6,""00101001"":8,""00101010"":5,""01000110"":5,""01100111"":5,""00010000"":2,""11101111"":4,""01011111"":3,""01010100"":1,""01010000"":2,""01110001"":2,""01101001"":5,""10100100"":1,""00110111"":2,""10101000"":1,""01101100"":2,""01110111"":2,""00010110"":1,""10010110"":3,""11100110"":1,""00011000"":2,""01100110"":1,""01010101"":1,""01111010"":3,""01010110"":1,""01101111"":2,""01000000"":1,""01011011"":3,""01011010"":2}"
53,x,4000,0.14700000000000002,0.681,0.17000000000000004,0.02849999999999997,0.23850000000000005,0.7845,-0.13250000000000006,-0.5925,"{""11001000"":181,""11000101"":73,""11011000"":65,""11011001"":65,""11011100"":62,""10001010"":23,""11011101"":50,""01010101"":4,""11000110"":14,""00001111"":6,""11001101"":74,""11010000"":100,""11011111"":21,""10001100"":48,""00001101"":17,""10011100"":34,""00011001"":19,""11001011"":34,""01011110"":1,""11101001"":7,""11001001"":131,""00011011"":8,""00101100"":2,""00011010"":2,""11000111"":20,""00101101"":3,""11011110"":15,""10001101"":45,""11001111"":17,""10011101"":30,""00011100"":21,""01111000"":6,""10001001"":85,""00001000"":30,""10000000"":123,""10101000"":9,""11011011"":14,""11001100"":93,""11000001"":113,""11001010"":33,""10001000"":116,""01001000"":21,""00011000"":18,""00000101"":20,""10011111"":9,""00011101"":15,""10111110"":2,""10101001"":10,""10000100"":94,""10111011"":2,""01011000"":14,""11000100"":122,""10111000"":13,""11000000"":162,""10011010"":9,""10101100"":6,""11101000"":11,""00110010"":1,""11010100"":81,""10000001"":60,""10110000"":12,""00000000"":47,""00000100"":34,""00101000"":7,""10010000"":55,""01010100"":15,""11100000"":11,""11010111"":18,""10010111"":11,""11110001"":5,""11010011"":11,""10010001"":47,""10000011"":12,""10000101"":57,""11010001"":50,""11110000"":10,""11000010"":27,""10010110"":9,""01000100"":17,""11011010"":15,""10010101"":28,""11010110"":9,""10000010"":16,""01111011"":6,""01110101"":5,""00010100"":19,""10100100"":8,""10010100"":46,""00010010"":7,""11110011"":2,""10010010"":14,""00000001"":9,""11010010"":24,""01110100"":7,""10000111"":11,""11110100"":8,""01110000"":6,""01110001"":6,""01010000"":11,""10100110"":2,""00000111"":6,""01000000"":27,""00110100"":3,""11111000"":17,""10001111"":12,""01110111"":1,""10100000"":6,""11100001"":7,""00010111"":4,""10110100"":7,""10010011"":7,""01000101"":11,""10011000"":38,""11010101"":59,""01100000"":8,""00010001"":14,""11100101"":10,""10100001"":5,""10100101"":9,""10000110"":16,""10100111"":2,""01010110"":1,""01000001"":12,""00000110"":7,""11111001"":9,""00100101"":3,""11110111"":2,""00010000"":26,""01100110"":1,""01000111"":2,""00001001"":38,""01011100"":12,""00111110"":1,""01101101"":4,""11101100"":6,""01101100"":9,""10101101"":6,""01001001"":23,""00001100"":23,""10001011"":15,""11001110"":10,""10011001"":41,""10011011"":11,""11101101"":4,""00000010"":5,""10111001"":6,""11111101"":3,""01000010"":3,""11110010"":1,""01110010"":2,""10011110"":4,""01010011"":2,""01001011"":5,""01010001"":10,""11110101"":5,""01100001"":4,""11000011"":17,""01000011"":4,""00010110"":3,""01100100"":7,""00101011"":1,""11100100"":7,""11100111"":4,""01100010"":1,""01001010"":2,""00100000"":7,""01000110"":2,""01010010"":1,""11100010"":1,""00010101"":10,""01100101"":5,""10110101"":4,""10101010"":2,""11101011"":1,""11111111"":1,""10110010"":1,""11111100"":5,""01101111"":1,""01011001"":8,""01011010"":1,""01111001"":7,""00001110"":1,""00100111"":1,""01001111"":3,""01111100"":5,""01011101"":6,""01101011"":1,""01001101"":5,""01101001"":1,""01111010"":1,""10111100"":4,""11111011"":1,""11111010"":5,""00101001"":5,""01001100"":11,""00111100"":3,""01110110"":1,""01101000"":3,""00100100"":3,""11101111"":2,""00001011"":4,""10111010"":1,""10111101"":1,""00111001"":4,""10101111"":2,""00011111"":4,""10101011"":3,""10101110"":1,""10110001"":3,""00011110"":1,""11100110"":1,""00110000"":3,""10111111"":2,""01111111"":1,""01011111"":2,""00000011"":1,""00010011"":3,""10110110"":1,""00100001"":2,""00110001"":2,""00111000"":3,""00001010"":1,""11100011"":1,""10001110"":2,""01001110"":1,""01011011"":1,""01111110"":1}"
54,x,4000,0.012499999999999956,0.519,0.27449999999999997,0.0024999999999999467,0.14349999999999996,0.771,-0.17500000000000004,0.2935,"{""01000100"":77,""11010001"":8,""11000000"":21,""10100100"":5,""10000000"":61,""01010011"":33,""10010000"":56,""01010001"":95,""10100001"":5,""10010101"":39,""11010100"":6,""10000110"":15,""00000010"":5,""01010110"":14,""11000101"":5,""01000101"":64,""01010111"":21,""00000110"":4,""01000111"":44,""01000011"":40,""10000101"":43,""01000001"":148,""10010001"":49,""01100101"":7,""00000111"":10,""10000111"":23,""01000000"":146,""11100101"":2,""10000100"":37,""01011101"":60,""00001001"":23,""11000001"":14,""10000010"":24,""10010100"":39,""10000001"":76,""01010100"":47,""10010010"":13,""00100111"":3,""11000011"":6,""01010000"":80,""00110000"":6,""01001001"":124,""01001111"":27,""01110001"":12,""11010011"":5,""10110010"":4,""10000011"":18,""10110000"":3,""01010010"":21,""10010111"":11,""11010101"":9,""01001110"":25,""00000101"":18,""01011000"":111,""00100001"":11,""01010101"":63,""01110000"":11,""11100100"":5,""00010100"":13,""11100001"":4,""00011001"":15,""10001000"":108,""11100000"":3,""01001011"":40,""01000110"":11,""01100011"":4,""00010001"":13,""11011011"":3,""01001100"":76,""00000001"":33,""01101100"":6,""00110011"":4,""01000010"":38,""10010011"":12,""01100000"":14,""11100011"":4,""00100101"":4,""01111011"":7,""10110111"":5,""10011000"":61,""01100100"":11,""01111000"":16,""01101000"":19,""11101100"":3,""10001110"":12,""01100010"":6,""00011000"":22,""00101101"":4,""11001000"":18,""00101100"":4,""10001100"":45,""01011010"":28,""01011001"":95,""01001000"":146,""00011100"":18,""01011011"":36,""01001101"":59,""11011000"":15,""10001111"":22,""01001010"":38,""10011100"":28,""10001101"":24,""01011100"":58,""01011110"":13,""10001001"":56,""01011111"":22,""11001111"":6,""01111001"":14,""10001010"":26,""00011010"":14,""10111111"":2,""10011101"":31,""10101100"":4,""10011111"":12,""11001001"":6,""10011011"":15,""10101011"":2,""00101000"":7,""10011010"":12,""00001000"":27,""01111101"":1,""10101001"":9,""01111010"":3,""01100001"":10,""11010111"":4,""00100100"":4,""00000100"":13,""10100000"":4,""00000000"":28,""11010000"":8,""00110001"":8,""11000100"":10,""00100000"":7,""10110001"":5,""00100010"":1,""00010101"":8,""01110111"":3,""01111110"":1,""00000011"":7,""11000010"":3,""00010011"":8,""00010000"":19,""00010110"":2,""10001011"":31,""11011100"":10,""00111001"":8,""11010110"":1,""00110101"":2,""00100110"":3,""10010110"":4,""00110010"":1,""10011001"":47,""00011011"":5,""00010111"":6,""11110100"":3,""01110010"":1,""10100101"":4,""10100011"":2,""11111000"":6,""10100111"":1,""10110011"":2,""00001100"":20,""01110011"":5,""00111000"":5,""11110001"":2,""11001100"":4,""01101001"":9,""10111000"":9,""10111011"":4,""00001011"":8,""11101000"":3,""01111100"":4,""00001101"":17,""10110110"":1,""10111010"":3,""01101110"":2,""11011001"":8,""00011101"":15,""10011110"":4,""10101111"":2,""00001110"":3,""11110101"":2,""11110010"":2,""00010010"":7,""01100111"":3,""10111001"":6,""01110100"":6,""00100011"":1,""11011110"":6,""00011111"":4,""00001010"":5,""00001111"":1,""00101111"":4,""01101011"":2,""10101000"":4,""00101010"":1,""00111011"":4,""11110111"":1,""01101101"":5,""11011111"":2,""11001010"":4,""11111110"":1,""11001101"":4,""11011101"":2,""10101101"":3,""01111111"":2,""11101001"":2,""00101001"":1,""00111010"":3,""00111110"":1,""11111100"":1,""11111010"":3,""11001011"":1,""10110100"":4,""10100010"":1,""01110101"":3,""11110000"":6,""00011110"":2,""11001110"":1,""11010010"":2,""11101110"":2,""11110011"":2,""00110110"":1,""00110100"":2,""01100110"":2,""11100010"":2,""11101101"":2,""11000111"":2,""10110101"":2,""01110110"":2,""11111101"":1,""10111100"":4,""00111100"":2,""11000110"":1,""11101111"":1,""11111011"":1,""00101110"":1}"
55,x,4000,0.136,0.5885,0.405,-0.0035000000000000586,0.020499999999999963,0.759,0.2975,-0.4275,"{""11000101"":22,""10010100"":61,""11000100"":27,""01010101"":4,""11000110"":7,""10010000"":155,""10001000"":145,""11000010"":14,""00011010"":9,""10000001"":100,""00010100"":21,""10000000"":153,""10000100"":62,""11010100"":21,""11010000"":78,""11001000"":67,""10010001"":100,""00111000"":10,""10000010"":36,""11010001"":36,""10000101"":45,""00011100"":24,""01100100"":6,""11000001"":58,""10110000"":12,""00010001"":28,""01100001"":17,""11000011"":14,""01100000"":14,""10010010"":35,""01110100"":5,""00010011"":19,""01101011"":2,""10000110"":9,""01010000"":24,""00000001"":40,""11000000"":88,""00000100"":21,""10100000"":17,""01010100"":15,""01000100"":7,""01000011"":9,""00100000"":10,""11111000"":6,""00000010"":13,""00010000"":55,""10010110"":12,""00110011"":3,""01010001"":20,""10001001"":104,""00010111"":5,""00110100"":4,""10011000"":130,""01000000"":20,""11101001"":7,""00000111"":5,""10010111"":11,""00000101"":12,""11010011"":16,""11110111"":2,""01011011"":12,""00000000"":51,""10000111"":16,""10010101"":27,""01001000"":13,""10011011"":32,""00100111"":2,""01010110"":1,""01011100"":8,""11010101"":17,""11110110"":1,""10000011"":31,""11010010"":20,""00000011"":9,""01000101"":5,""00000110"":6,""00110000"":4,""10011001"":100,""01000010"":7,""10001101"":55,""01000001"":20,""00100100"":3,""10001011"":34,""00010101"":7,""10110001"":10,""01110000"":10,""10110111"":1,""11011100"":32,""10011010"":17,""10111000"":14,""11011111"":12,""00011000"":57,""01011010"":12,""01001101"":7,""11001011"":17,""00111100"":9,""11011010"":13,""01111000"":10,""11101101"":2,""10011101"":41,""00011001"":40,""10011110"":8,""01011000"":17,""11011101"":23,""11001001"":40,""10111110"":1,""10101101"":4,""00001110"":8,""01111100"":10,""10001010"":25,""00001100"":21,""10001100"":57,""00111101"":4,""10001111"":20,""11011000"":75,""11001100"":35,""10101100"":6,""11001101"":37,""10011100"":51,""01011101"":6,""00001000"":60,""11101100"":2,""01001001"":19,""11011110"":10,""00111001"":5,""11001110"":9,""00001101"":15,""10001110"":15,""01001111"":5,""11011001"":51,""00011101"":8,""11011011"":16,""00100110"":3,""10111111"":1,""00001001"":25,""01001010"":7,""10111001"":10,""00101111"":3,""00011110"":4,""01011001"":14,""10011111"":13,""00001011"":12,""01101000"":11,""01001100"":8,""10111100"":7,""00011011"":11,""00111111"":2,""10110011"":4,""01101101"":7,""11111010"":2,""11111100"":3,""01111001"":9,""00001111"":2,""11110001"":4,""10010011"":25,""01011110"":1,""00011111"":8,""10110101"":3,""00110010"":2,""11110000"":5,""10110100"":11,""11100001"":3,""01110011"":3,""01010011"":5,""11111001"":6,""00100001"":7,""11100000"":7,""00010010"":10,""11001010"":12,""01110101"":2,""11010111"":12,""01110110"":1,""01010010"":7,""10100100"":6,""10100111"":2,""11100110"":1,""00100011"":4,""11000111"":8,""11111101"":6,""01001011"":3,""11101000"":6,""10101000"":13,""11001111"":9,""01111101"":9,""01101001"":7,""10101001"":8,""00001010"":6,""10101010"":4,""01001110"":3,""00101000"":4,""01101010"":1,""10111101"":3,""01101100"":6,""00111011"":3,""11110010"":1,""00100101"":2,""01110111"":1,""11100111"":1,""11110100"":2,""01110001"":10,""00101100"":1,""11100101"":1,""10100010"":2,""00110001"":3,""11101111"":1,""01111010"":1,""00101110"":1,""01111110"":1,""10101111"":3,""10111010"":3,""01111111"":2,""10111011"":2,""00101001"":2,""01111011"":3,""00010110"":2,""11010110"":2,""10100011"":1,""10110010"":2,""00111010"":1,""00101101"":3,""11111011"":1,""10101110"":1,""11101011"":3,""01110010"":1,""01100101"":1,""00110110"":1,""10100001"":2,""10100101"":1,""01100011"":1,""11100010"":1,""10101011"":2,""10100110"":1,""00100010"":1,""00101010"":1,""01000110"":2,""11101010"":1,""00111110"":1}"
56,x,4000,-0.18199999999999994,0.264,0.19299999999999995,0.015000000000000013,-0.1865000000000001,0.049000000000000044,0.10999999999999999,-0.571,"{""10001100"":17,""00101111"":7,""01101000"":5,""10001101"":30,""00011011"":8,""10011011"":51,""11111000"":37,""10010100"":44,""10001001"":39,""10111010"":21,""00001010"":9,""10011110"":12,""10101000"":15,""00100001"":31,""10100100"":22,""11111101"":42,""11011101"":34,""10011000"":52,""11011011"":32,""11101100"":10,""11001011"":23,""10101100"":18,""10101001"":34,""10101110"":9,""10111011"":34,""11111111"":16,""10111101"":30,""00011111"":3,""11101000"":7,""11111001"":78,""10111100"":31,""11111011"":40,""10111000"":31,""10001000"":25,""10101101"":19,""00100101"":23,""11001001"":48,""10011100"":32,""01101010"":3,""11110101"":45,""00111101"":2,""10111001"":51,""11001111"":12,""11001010"":14,""10101011"":17,""11000100"":23,""00101101"":18,""11011100"":19,""01101001"":7,""10011001"":77,""01101100"":7,""10111110"":11,""11111100"":27,""10011010"":20,""11001110"":9,""11011001"":63,""10000100"":29,""01001001"":12,""10011111"":29,""11011000"":37,""01111100"":4,""00101100"":18,""01101110"":3,""00011101"":6,""11011110"":9,""01001101"":6,""11001100"":8,""01001000"":15,""11000101"":23,""00001001"":28,""10100000"":14,""11010010"":18,""10010001"":72,""10110010"":18,""10010111"":26,""11010111"":14,""01110100"":4,""10000010"":27,""10010101"":38,""11000000"":28,""11110110"":23,""00010100"":5,""10000110"":13,""11110000"":53,""11000001"":19,""11010001"":39,""10110000"":29,""10000001"":33,""11000110"":7,""10110110"":17,""10100110"":7,""10110100"":31,""10010011"":35,""10100101"":27,""00010011"":12,""11100010"":7,""11010101"":34,""10010000"":35,""11110001"":52,""11100100"":9,""01100100"":11,""11010100"":26,""10110101"":42,""11110010"":21,""10000000"":24,""10010010"":26,""01010100"":4,""11101011"":10,""00100000"":17,""00000100"":9,""00100011"":17,""10010110"":19,""10100001"":24,""11000010"":15,""01000100"":4,""01110011"":4,""10000011"":27,""10110011"":45,""00111001"":12,""01010000"":8,""01010010"":4,""11110111"":30,""11110011"":53,""11010000"":26,""11110100"":47,""10110001"":45,""11100110"":6,""01000010"":4,""00000000"":11,""01100011"":9,""11100101"":7,""01110101"":3,""00100100"":23,""11010110"":10,""01011001"":8,""11010011"":17,""11100011"":7,""01110010"":5,""10110111"":18,""00001011"":7,""00101011"":17,""01110110"":2,""10100011"":23,""01000110"":4,""00000111"":4,""01000000"":10,""00101001"":15,""00000011"":6,""01100110"":4,""11000011"":38,""00100010"":12,""01101101"":4,""11100000"":10,""00010001"":11,""01100000"":6,""00010000"":5,""00010111"":3,""00010010"":6,""11111010"":22,""00001100"":6,""10011101"":37,""10101010"":7,""00100110"":8,""11011010"":14,""10101111"":10,""01011110"":2,""01111101"":6,""00111100"":4,""11111110"":11,""10001011"":25,""11001101"":18,""01010011"":5,""11101001"":11,""11001000"":23,""10001010"":12,""01011000"":8,""11000111"":11,""10000101"":22,""01110000"":1,""00110010"":1,""00000001"":7,""00001110"":4,""00000101"":7,""10100111"":14,""00011000"":5,""01000001"":13,""00100111"":12,""00110000"":3,""10100010"":8,""01111011"":10,""00001000"":9,""00111010"":3,""01001111"":5,""01001100"":8,""01010110"":2,""00011010"":4,""10001111"":19,""01111010"":4,""11101110"":7,""01110001"":9,""00111011"":1,""01011101"":4,""11101111"":6,""11101010"":3,""11101101"":8,""00101010"":10,""01011100"":3,""00111000"":4,""11011111"":15,""00001111"":1,""00010101"":6,""00110011"":4,""01000011"":8,""00110111"":1,""01010101"":11,""11100001"":8,""01010001"":5,""01001010"":4,""10000111"":7,""01000111"":1,""11100111"":3,""01001011"":9,""00111111"":4,""01111000"":2,""01011011"":8,""01111001"":3,""10111111"":18,""00001101"":6,""01001110"":3,""00101000"":12,""01011111"":6,""00000110"":5,""01010111"":2,""01100010"":4,""00011001"":14,""00101110"":5,""00110001"":6,""10001110"":6,""00111110"":1,""01110111"":1,""01000101"":4,""01100101"":8,""00110110"":2,""01111111"":1,""01011010"":2,""01101111"":5,""01101011"":3,""00011110"":3,""00010110"":3,""01100001"":6,""00000010"":6,""00110101"":4,""00110100"":3,""01111110"":1,""01100111"":1,""00011100"":1}"
57,x,4000,-0.3460000000000001,0.136,0.26149999999999995,-0.020999999999999908,-0.04849999999999999,-0.08050000000000002,-0.4655,0.5635,"{""01000111"":35,""00110001"":22,""01100110"":13,""00110100"":3,""01100111"":56,""11000111"":6,""01010010"":11,""01000001"":71,""11110011"":19,""01010011"":38,""01010100"":28,""01100010"":19,""01100001"":58,""01101101"":50,""11001000"":2,""01100000"":36,""01110011"":92,""01110000"":54,""01000011"":74,""01100100"":25,""11010111"":5,""10000100"":7,""10100110"":2,""00000110"":2,""01010000"":32,""01010110"":12,""11000110"":1,""11110001"":13,""00110000"":16,""01111010"":26,""00100001"":7,""10000011"":15,""01011010"":10,""00101100"":6,""01010101"":50,""10010001"":8,""10100001"":9,""01100011"":67,""01100101"":45,""01101011"":62,""01110010"":24,""10110100"":6,""00010100"":9,""01101001"":55,""11110100"":5,""11111011"":13,""00010011"":6,""10000001"":11,""01110111"":51,""11000011"":8,""01110101"":41,""01011000"":50,""10010000"":10,""01000000"":52,""01110001"":89,""01010001"":53,""11100101"":6,""11110000"":11,""11010001"":7,""11100011"":9,""01101000"":42,""10110011"":16,""10011010"":5,""11000000"":7,""01010111"":47,""01001001"":63,""11010010"":2,""10010110"":4,""11010101"":6,""00100111"":10,""10100000"":11,""01111001"":91,""01111011"":100,""01110100"":27,""11100111"":10,""01111111"":28,""01000101"":24,""10000000"":11,""10010101"":6,""10000111"":13,""10110101"":9,""11010100"":3,""00100011"":13,""11000010"":5,""10011001"":17,""00010111"":16,""10110000"":11,""10100101"":12,""01001011"":83,""00000101"":8,""10100011"":12,""11111111"":6,""00001001"":17,""10100111"":8,""10000110"":2,""11111101"":10,""11100100"":5,""00110101"":7,""11110111"":3,""11110101"":6,""10100100"":5,""00000010"":8,""01000100"":26,""01001000"":44,""01011011"":56,""00011011"":23,""10101000"":11,""10101101"":15,""01001100"":15,""00011111"":12,""01101110"":15,""01011001"":54,""10111101"":7,""01111110"":12,""01001010"":19,""00101000"":10,""10001010"":5,""11111000"":9,""11101001"":2,""01001111"":18,""10001111"":10,""00011100"":10,""01111000"":67,""10001000"":12,""01001101"":30,""11101011"":12,""01101111"":49,""10001011"":9,""10011011"":15,""10011000"":12,""00001111"":8,""00111011"":19,""10101010"":4,""01011100"":34,""00111101"":6,""01111101"":60,""00101011"":12,""11001110"":4,""00101110"":5,""00001011"":16,""10011111"":11,""01101100"":44,""10111000"":15,""10111011"":9,""10111001"":18,""11111100"":5,""10101100"":6,""01011111"":40,""10000010"":9,""00101001"":12,""00011001"":15,""01011110"":11,""10101111"":13,""01111100"":24,""11101000"":7,""11001101"":8,""00111110"":1,""11011101"":3,""10111010"":5,""00011000"":12,""00001100"":5,""11001010"":3,""11011010"":2,""00111010"":4,""11101101"":2,""01011101"":27,""00101010"":9,""01001110"":5,""10011100"":11,""00011101"":10,""00111001"":13,""00010000"":11,""10101011"":11,""00010101"":12,""00100101"":8,""10110001"":10,""10000101"":6,""00000011"":12,""00000111"":3,""00010001"":17,""01110110"":7,""10110010"":5,""10010100"":2,""00100010"":3,""10100010"":5,""00000001"":12,""11111010"":4,""10110111"":5,""11000100"":1,""00010010"":4,""00110011"":9,""11110010"":4,""10010010"":3,""10010011"":14,""01000010"":17,""01000110"":9,""11100110"":2,""11000001"":9,""00100000"":10,""11010000"":4,""00001101"":5,""10010111"":5,""11000101"":5,""11100001"":4,""00110111"":7,""00000100"":3,""00111000"":13,""11010011"":5,""00110010"":1,""00001110"":3,""11011001"":13,""00000000"":5,""10001001"":13,""11001001"":17,""00101101"":9,""11011111"":5,""10111110"":3,""00111111"":12,""11001100"":7,""11101111"":5,""00011010"":3,""11111110"":2,""10101110"":2,""01101010"":12,""11001011"":6,""00100100"":2,""10011101"":5,""10101001"":9,""00111100"":7,""10111100"":3,""11101100"":4,""11111001"":14,""10111111"":6,""00001000"":13,""10001101"":2,""00101111"":5,""00011110"":1,""11011100"":2,""00010110"":1,""11011000"":4,""00001010"":3,""00100110"":2,""10011110"":1,""11001111"":1,""11010110"":1,""11100000"":2,""10001100"":3,""11011011"":5,""10001110"":1,""11011110"":1}"
58,x,4000,0.11399999999999999,0.631,0.15900000000000003,-0.008999999999999897,0.30900000000000005,0.2005,0.353,-0.4205000000000001,"{""10111100"":29,""00001100"":16,""00011100"":8,""01101100"":12,""10011000"":74,""11001101"":21,""01001100"":29,""00001000"":32,""10101010"":16,""10111110"":3,""00011000"":21,""01001000"":44,""10101000"":98,""11001001"":34,""10001010"":23,""00001001"":22,""00100001"":13,""11001000"":42,""10001111"":11,""11011000"":38,""01011101"":9,""10011001"":44,""10001100"":64,""10101111"":25,""10101100"":116,""10001011"":29,""10011100"":37,""11001100"":33,""01011100"":7,""11001111"":10,""10011111"":9,""01011010"":5,""00111100"":8,""01011000"":26,""11111011"":1,""01011110"":3,""01101000"":26,""10100001"":67,""10001000"":103,""10111000"":48,""00101100"":6,""01001101"":18,""00011001"":17,""01011001"":24,""11011101"":10,""10101001"":58,""00001110"":5,""10101101"":50,""01111101"":4,""00011011"":6,""10001101"":46,""11011001"":28,""00010101"":10,""11001011"":18,""10100100"":106,""01001111"":8,""10011110"":6,""10111001"":22,""10000100"":80,""10010000"":54,""00000000"":26,""11000001"":23,""01000010"":6,""00010000"":16,""10110000"":37,""10110010"":7,""10010100"":40,""10100000"":90,""01100100"":23,""10011011"":16,""10100110"":10,""10000000"":84,""10100101"":65,""00000001"":17,""10000101"":49,""01010110"":3,""10010001"":32,""11000101"":27,""10000010"":15,""10000001"":62,""00110101"":8,""11000000"":41,""01000011"":9,""01000000"":30,""00100101"":7,""10010101"":17,""01010000"":28,""11010101"":14,""10110110"":5,""11100010"":4,""10001001"":83,""10000011"":23,""11101011"":3,""01101101"":11,""01010001"":16,""11000100"":30,""00100100"":15,""10110101"":30,""01100000"":31,""00110001"":11,""01000111"":6,""10110100"":34,""11100100"":12,""10100111"":12,""01010100"":19,""11100101"":7,""10000110"":10,""11000010"":8,""01011011"":9,""01100001"":14,""11000011"":12,""00000100"":20,""10000111"":14,""01111000"":6,""01001001"":17,""11101000"":10,""00101000"":17,""11011110"":2,""01001010"":6,""01001011"":11,""10101011"":20,""10011010"":9,""11011100"":16,""00101001"":9,""11010111"":5,""10111101"":25,""11011011"":9,""11001010"":5,""00001011"":12,""00001010"":2,""11010001"":19,""11111001"":2,""01101010"":2,""00011111"":1,""11101100"":6,""11001110"":3,""10111011"":10,""10010111"":5,""00110000"":12,""10100011"":23,""00000101"":19,""01010101"":11,""01000100"":27,""00100000"":13,""00000111"":7,""01100011"":4,""00010100"":14,""11010000"":40,""01000001"":25,""10110111"":11,""11111110"":1,""10100010"":9,""10110011"":10,""01000101"":24,""00100111"":3,""10110001"":39,""11100000"":12,""11111000"":4,""11011111"":4,""00011010"":1,""00011101"":8,""00111000"":9,""11101101"":4,""00101110"":1,""01001110"":3,""11000111"":12,""11010100"":13,""11110101"":3,""00000011"":2,""00010111"":2,""00100110"":2,""01110100"":6,""10010011"":15,""11010010"":9,""00010110"":3,""00100011"":4,""11110001"":7,""00101101"":6,""01101001"":8,""00111111"":2,""10011101"":22,""11011010"":6,""00001101"":10,""00111101"":7,""00111011"":5,""00001111"":8,""01111100"":3,""10101110"":12,""01111001"":6,""10111111"":7,""00101011"":5,""00000110"":2,""01101011"":6,""01100101"":13,""11110111"":3,""00010001"":6,""00110100"":8,""11100001"":5,""10111010"":3,""00110111"":2,""00000010"":10,""11100111"":2,""01111111"":1,""01111011"":4,""00111001"":3,""10001110"":7,""11111010"":1,""00010011"":3,""10010110"":5,""01010010"":4,""11100011"":2,""01100111"":4,""11101001"":5,""01010011"":6,""01000110"":2,""01101111"":4,""11010011"":9,""11111101"":2,""01111110"":1,""11111100"":3,""01110000"":4,""01110010"":1,""11110100"":3,""01100010"":2,""00110110"":2,""00111010"":2,""00101010"":4,""11110000"":4,""11110010"":1,""01111010"":2,""01110001"":3,""10010010"":4,""11100110"":1,""00100010"":2,""00110011"":2,""00101111"":2,""11000110"":2,""11010110"":1,""01010111"":3,""01011111"":1,""01110101"":1,""00111110"":1,""01110111"":1}"
59,x,4000,-0.49950000000000006,-0.05249999999999999,0.19799999999999995,0.009000000000000008,-0.1835,0.15000000000000002,0.04600000000000004,-0.6040000000000001,"{""11011111"":49,""01011001"":12,""11101011"":21,""10111101"":33,""11111001"":42,""10011011"":45,""00100001"":21,""00011011"":6,""10111110"":21,""10110011"":55,""11011010"":31,""11001001"":68,""10111001"":97,""10011001"":54,""11001111"":36,""11111011"":33,""11101001"":28,""00011010"":7,""01011111"":12,""10111111"":51,""10001101"":23,""10101101"":11,""00011001"":14,""11101111"":13,""10110111"":52,""11011001"":76,""00011101"":4,""10111011"":61,""00101111"":9,""11110101"":15,""10011000"":15,""00001001"":20,""10001011"":36,""00001011"":19,""00101110"":2,""01001101"":8,""00111001"":13,""01111001"":3,""10101001"":32,""11011011"":56,""10101011"":25,""01001011"":14,""10001111"":26,""11001110"":13,""00101001"":21,""11101010"":10,""00011000"":5,""10011111"":31,""10000001"":25,""11110010"":18,""11111110"":9,""10111010"":27,""11011101"":57,""10001001"":44,""10011101"":39,""00001101"":9,""11111010"":10,""10101000"":9,""01001001"":6,""11010001"":70,""11001011"":52,""00101011"":16,""00111010"":1,""10101100"":5,""00001111"":10,""01011011"":5,""00000011"":13,""00111111"":6,""11011100"":10,""00000001"":18,""11111111"":24,""00101000"":4,""11110111"":29,""00011111"":4,""10010111"":44,""00010001"":12,""11001010"":18,""00011100"":1,""10101111"":22,""01001111"":12,""00110101"":6,""01101011"":16,""01101001"":15,""00001010"":10,""00111011"":6,""00111101"":7,""10100001"":28,""11101101"":9,""10110110"":29,""01000001"":10,""01000111"":5,""10111000"":16,""01101101"":7,""11000101"":26,""11010010"":38,""10110001"":73,""10000011"":23,""10010001"":51,""10100111"":29,""10010011"":46,""10100010"":13,""11100001"":22,""00100011"":14,""11000111"":28,""11000011"":33,""10000110"":14,""01010110"":4,""10010101"":43,""11000010"":16,""11110011"":24,""11010110"":19,""10110100"":16,""11100110"":10,""00100100"":4,""11100011"":12,""10110101"":42,""11010100"":12,""00000000"":4,""01100101"":6,""10000111"":28,""00100010"":4,""10010010"":18,""11010111"":67,""11010101"":60,""10010110"":21,""01100001"":12,""00010010"":8,""10000101"":20,""11010011"":84,""11000110"":20,""01000011"":14,""11000001"":59,""11100111"":17,""11110001"":27,""01000110"":7,""10001110"":11,""11110110"":7,""10011110"":15,""01000101"":6,""11000100"":8,""00000111"":7,""01101010"":6,""10011010"":14,""00110010"":2,""10101110"":7,""11101100"":3,""11111000"":8,""11011110"":15,""11001000"":8,""11101000"":5,""11111101"":14,""11011000"":14,""10000010"":9,""01111010"":5,""01111110"":1,""10110010"":32,""11001101"":22,""11100101"":9,""00010110"":3,""11110100"":9,""01010010"":7,""01010101"":3,""00110001"":8,""10010000"":16,""01110001"":6,""10100011"":21,""01010001"":13,""10000000"":11,""00100111"":9,""11100100"":2,""10100110"":4,""10110000"":29,""00010011"":14,""01100010"":9,""01000010"":5,""10000100"":7,""11010000"":17,""01100110"":3,""00100000"":5,""01010011"":11,""00101101"":10,""01011000"":2,""01101111"":6,""10011100"":6,""11111100"":2,""00101100"":4,""01000100"":4,""00110111"":5,""00000101"":8,""01110111"":4,""01100111"":10,""10100101"":10,""01010111"":11,""01100100"":4,""11100010"":10,""00100110"":5,""11000000"":11,""00110011"":4,""00000110"":4,""10100000"":8,""01110101"":5,""10100100"":1,""01100011"":11,""00100101"":6,""01000000"":4,""11110000"":7,""10101010"":13,""01111111"":5,""00110110"":1,""00000100"":2,""10001000"":6,""10010100"":13,""01110011"":2,""01110010"":2,""01110000"":2,""00111000"":1,""00010000"":2,""00000010"":3,""10001010"":14,""10111100"":7,""01011010"":4,""00010111"":9,""00110100"":1,""00011110"":2,""00001110"":6,""01111011"":6,""01100000"":4,""00001100"":2,""00001000"":3,""00101010"":7,""01001110"":1,""01001010"":2,""01011101"":7,""11001100"":5,""01011110"":2,""11100000"":4,""01111100"":1,""11101110"":5,""00010100"":1,""00010101"":5,""01101110"":1,""01010000"":1,""10001100"":5,""01110110"":1,""01111000"":1,""01110100"":1,""01101100"":1,""00110000"":1,""01010100"":1,""00111110"":1,""01101000"":1,""01001000"":1,""00111100"":1,""01111101"":1}"
60,x,4000,0.383,0.25349999999999995,0.4175,-0.0009999999999998899,-0.01649999999999996,0.738,-0.7144999999999999,0.40349999999999997,"{""11001000"":48,""01011000"":188,""00101000"":12,""11001001"":27,""11011011"":17,""11011000"":56,""11011010"":40,""01011011"":29,""10001100"":6,""01001010"":108,""01000000"":167,""11011100"":33,""01001000"":171,""01011010"":144,""01001100"":62,""11001101"":12,""11001010"":39,""01011101"":35,""01011100"":105,""11001011"":12,""11111100"":10,""01101010"":7,""11101100"":5,""11111001"":5,""11101101"":2,""10011010"":16,""10001010"":10,""01001011"":28,""11111000"":12,""11101001"":7,""01001001"":80,""10111100"":3,""11011111"":11,""10011001"":12,""01011001"":82,""11011110"":14,""10001000"":17,""10000001"":14,""01010000"":131,""00001000"":11,""11000111"":8,""10011011"":3,""01000011"":41,""01111000"":20,""00011001"":3,""11011001"":28,""11000000"":49,""00011000"":10,""11101000"":10,""10000010"":15,""00110001"":7,""01011110"":43,""01010010"":117,""00011010"":5,""01010100"":95,""11111010"":7,""11001110"":13,""00101010"":13,""01001110"":35,""10011101"":6,""01101000"":10,""11001100"":33,""00111010"":9,""11000010"":56,""01000010"":144,""01001111"":10,""10011000"":20,""01110100"":9,""10011100"":19,""01001101"":26,""11010001"":23,""01011111"":13,""00111001"":6,""01101001"":6,""11111110"":1,""01000100"":51,""01111101"":1,""01101101"":5,""01111110"":4,""11010010"":37,""00011100"":4,""00001001"":3,""00011110"":3,""01111011"":4,""01000001"":115,""10000000"":22,""01010001"":94,""10010111"":4,""01010101"":33,""01010011"":42,""01000111"":20,""11010000"":37,""10010000"":7,""01100101"":5,""10000011"":7,""11000001"":31,""01010111"":27,""00000011"":2,""01100010"":16,""01010110"":40,""10010100"":14,""00100001"":5,""11100010"":5,""11000011"":15,""00000000"":9,""01110010"":8,""11100011"":3,""00000001"":8,""00010010"":6,""10000100"":18,""01000101"":40,""10010001"":11,""11010100"":15,""11010011"":14,""10010010"":8,""10110110"":3,""01000110"":32,""01110000"":13,""00010000"":7,""01100100"":11,""00110111"":2,""00000101"":4,""01110001"":5,""01100000"":20,""00000010"":7,""11110010"":3,""11100001"":6,""00001101"":2,""11010110"":10,""00100111"":2,""11000101"":11,""00110100"":6,""10100110"":1,""01110101"":3,""11110001"":4,""00010011"":3,""00110011"":2,""11000110"":12,""11000100"":15,""10010110"":3,""01100111"":4,""10100010"":5,""11110000"":5,""11010111"":5,""01110110"":3,""10010101"":8,""01111001"":8,""10011110"":3,""10111010"":2,""01111010"":10,""01111100"":6,""00001010"":7,""00111110"":3,""00111100"":9,""11100101"":2,""10000101"":6,""10001110"":5,""00101001"":1,""01101100"":8,""00111111"":1,""01100011"":7,""11101010"":7,""10100011"":2,""10100100"":1,""10100001"":3,""11100000"":12,""00111000"":12,""01100110"":3,""11010101"":7,""10000110"":4,""10111000"":3,""00100011"":1,""00110101"":3,""10110000"":5,""11100110"":3,""00100010"":2,""01100001"":10,""00010100"":5,""00110110"":6,""00110000"":7,""11110100"":3,""00110010"":4,""00100000"":7,""11111011"":2,""10101100"":2,""11110110"":1,""00011101"":2,""00011111"":2,""10101010"":2,""00001100"":2,""11001111"":4,""10001101"":2,""01101011"":2,""10001001"":5,""11011101"":6,""00101111"":1,""01101110"":2,""00000100"":1,""10000111"":1,""10110001"":6,""00010111"":2,""01110011"":3,""10010011"":2,""11110011"":3,""00101011"":1,""00011011"":1,""10101001"":2,""00111101"":2,""11101111"":2,""11101011"":3,""01111111"":2,""11111101"":2,""10001111"":3,""00101110"":1,""10111011"":1,""10111001"":1,""10110011"":1,""10100101"":2,""00100100"":1,""10110010"":1,""00000111"":1,""10001011"":3,""10111101"":1,""10011111"":2,""00101100"":2,""10100000"":2,""00100110"":1,""10110101"":1,""11110101"":1,""00010001"":2,""00010110"":1,""11111111"":1,""10101000"":1,""01101111"":1,""10110100"":1,""00010101"":1}"
61,x,4000,-0.45300000000000007,0.04949999999999999,-0.010000000000000009,0.007000000000000006,0.03649999999999998,0.03400000000000003,-0.19799999999999995,0.05800000000000005,"{""11110011"":35,""01001101"":81,""01001001"":48,""10111010"":8,""00101110"":18,""11100111"":17,""11011101"":69,""01111110"":5,""00101000"":21,""01101011"":14,""01111101"":15,""11011001"":82,""10101010"":11,""00101011"":44,""11010010"":44,""11011100"":33,""11011011"":52,""00001110"":6,""00111011"":17,""10101111"":18,""01101101"":34,""00001101"":24,""01001110"":22,""11111001"":30,""01001011"":43,""00011001"":27,""00011011"":13,""11111101"":31,""11101100"":10,""10111110"":15,""01111111"":9,""00001011"":10,""11001100"":5,""11111000"":15,""00111100"":7,""01000001"":47,""11010110"":23,""00101101"":48,""11101010"":10,""00101001"":47,""00101111"":37,""00010011"":12,""10111101"":33,""01111010"":4,""01011000"":7,""11011110"":28,""00010110"":5,""11101011"":15,""01001100"":18,""11111100"":10,""11001110"":10,""00011101"":19,""01101001"":18,""11100010"":8,""11001011"":11,""00111101"":21,""10101011"":13,""00101010"":16,""10000101"":12,""00101100"":11,""01110111"":5,""11111010"":15,""00011110"":7,""10011101"":3,""01100011"":32,""00000110"":5,""11001101"":14,""00111001"":22,""11011111"":52,""11011010"":24,""00100111"":25,""11011000"":26,""00001000"":5,""11100100"":6,""01100001"":18,""01000010"":26,""00010001"":19,""11110001"":30,""00100101"":59,""10110100"":9,""10100011"":26,""00110011"":18,""11010011"":62,""10100001"":20,""10000001"":5,""01000111"":67,""10110001"":33,""01100110"":11,""00100001"":32,""01000011"":65,""01001111"":47,""10110111"":19,""11010001"":63,""00100011"":48,""11100011"":17,""10100101"":24,""01100010"":10,""00100000"":12,""00110001"":22,""01110011"":7,""00110100"":8,""11000010"":8,""01000101"":71,""00000101"":24,""11100101"":16,""00110101"":24,""11100110"":5,""01010011"":12,""01100101"":29,""11010111"":41,""00010111"":17,""01100111"":11,""11010101"":82,""00000010"":2,""10001111"":5,""01101111"":10,""10110011"":27,""00110000"":8,""11000111"":3,""11100001"":14,""10100111"":20,""01000110"":28,""00000111"":14,""10101001"":10,""11110000"":4,""10000011"":9,""01101000"":7,""10100100"":6,""10111111"":20,""00010101"":20,""10000111"":6,""11110010"":10,""01000100"":12,""10110101"":28,""11110101"":34,""11001010"":6,""11000101"":13,""00010100"":7,""00000011"":16,""10100010"":9,""11010100"":15,""00000100"":5,""10010111"":4,""00100100"":14,""01000000"":25,""11000011"":12,""00100010"":21,""01010101"":11,""00100110"":7,""00110110"":9,""10100000"":5,""11101110"":7,""01110101"":16,""01010111"":12,""11110111"":18,""01011010"":5,""01001010"":28,""01011110"":10,""01101110"":10,""00001001"":11,""11101000"":6,""11111011"":22,""10100110"":6,""10011010"":2,""11000100"":1,""10101101"":20,""00011010"":5,""11001111"":12,""10001101"":7,""10111100"":8,""01101100"":5,""00001100"":7,""01111001"":6,""00111010"":10,""00001111"":14,""01011101"":10,""11111111"":19,""11110110"":13,""11001001"":6,""10111011"":20,""01001000"":19,""11101111"":15,""01011011"":5,""00011111"":13,""10111001"":20,""00110010"":8,""11111110"":6,""11101101"":27,""01111011"":10,""11001000"":2,""10001110"":2,""01011100"":6,""10111000"":9,""00111111"":9,""00111000"":5,""10011011"":3,""01011001"":9,""10110010"":4,""01101010"":8,""01100100"":4,""00001010"":10,""01011111"":7,""10011000"":3,""00011000"":10,""10001011"":3,""10001001"":5,""00011100"":6,""01111000"":2,""01010110"":4,""10001010"":3,""01010001"":14,""10010000"":2,""01110110"":3,""00000001"":13,""01100000"":4,""01110100"":1,""01110010"":8,""10010011"":8,""10000000"":1,""10110110"":7,""11010000"":12,""10101000"":4,""11101001"":11,""10011100"":2,""10010110"":3,""00010010"":6,""10010101"":10,""10110000"":6,""01110000"":3,""11000000"":1,""00110111"":9,""01010100"":2,""01110001"":5,""00000000"":6,""11100000"":3,""11000001"":10,""10010010"":3,""10010001"":2,""10000100"":3,""11000110"":3,""00010000"":6,""10000010"":2,""00111110"":5,""01010010"":3,""10101100"":4,""10001100"":1,""10011001"":1,""10101110"":3,""11110100"":2,""10001000"":1,""01010000"":2,""10011111"":1,""10000110"":1}"
62,x,4000,-0.41700000000000004,-0.052999999999999936,-0.28600000000000003,0.04149999999999998,0.36550000000000005,0.4395,-0.681,0.019499999999999962,"{""11011111"":49,""01101011"":34,""11001001"":34,""11111111"":11,""01111000"":5,""11011001"":19,""01100000"":13,""11001101"":115,""01010010"":14,""01101110"":17,""11001000"":28,""01011001"":15,""01001101"":110,""11001111"":101,""01001111"":93,""11110111"":8,""01011000"":11,""01011111"":38,""00101111"":11,""10011111"":6,""00011010"":1,""11011100"":14,""01111111"":22,""01011110"":15,""11001011"":66,""01001110"":32,""00101110"":2,""01001000"":29,""11101001"":3,""11101110"":10,""00101101"":7,""01101101"":53,""01001100"":52,""11001010"":28,""00011011"":3,""01101100"":20,""01100111"":48,""01111001"":6,""01000101"":97,""01101111"":48,""01001010"":29,""10111000"":2,""11001100"":25,""11001110"":37,""01001011"":50,""00000101"":8,""10001111"":23,""01101010"":12,""00011001"":6,""01011101"":37,""11111100"":5,""11101111"":26,""00001111"":6,""01111110"":8,""10001100"":6,""11000111"":101,""01011100"":12,""11101101"":26,""11011101"":46,""11110000"":8,""00011111"":9,""00001011"":7,""01100100"":26,""10111100"":2,""00101100"":3,""11011010"":14,""11101011"":14,""01010100"":21,""01110010"":8,""01010101"":45,""11010101"":46,""11100001"":5,""11010011"":42,""10100011"":7,""11100011"":13,""01100101"":46,""10110100"":8,""01110101"":21,""01010111"":54,""00110000"":1,""01000111"":92,""11000001"":32,""01000001"":38,""01100011"":35,""10000000"":6,""11010111"":53,""00100100"":2,""11000100"":30,""11000010"":30,""11000101"":120,""11100111"":27,""01000011"":70,""11100101"":19,""10100101"":8,""00000111"":11,""01110001"":7,""10100111"":8,""11110011"":14,""10000101"":26,""10010101"":8,""00100111"":13,""11000011"":67,""10000111"":28,""01010011"":21,""10010011"":7,""11110101"":13,""00100101"":5,""01000100"":38,""11000110"":30,""01000010"":27,""10000011"":15,""00100011"":10,""01000110"":30,""00001100"":5,""11011000"":16,""10001101"":22,""11111110"":7,""01011011"":19,""00010101"":8,""11011011"":23,""01000000"":24,""11010001"":15,""01001001"":25,""10111010"":3,""00111011"":4,""10001010"":7,""11101010"":9,""10101101"":7,""11011110"":8,""00011110"":3,""11010110"":17,""11100000"":7,""01010001"":17,""01101000"":11,""11010000"":21,""01100110"":9,""01111101"":25,""11010100"":19,""01110111"":15,""01100001"":21,""00010010"":2,""10000010"":9,""11000000"":34,""00010011"":4,""00000011"":5,""11010010"":15,""11100110"":8,""00110101"":10,""01110000"":3,""00000110"":4,""01110100"":9,""11110010"":2,""10011101"":5,""10010001"":6,""01100010"":11,""10110101"":10,""01110011"":18,""11100010"":4,""10011010"":4,""10001000"":2,""10010110"":3,""10010111"":9,""01111010"":7,""10000001"":9,""00010111"":11,""11100100"":6,""10010000"":2,""10110000"":3,""10100100"":7,""11101100"":9,""00001101"":7,""00010000"":3,""10001011"":17,""01011010"":4,""11111000"":3,""10101111"":10,""00101011"":12,""10001110"":6,""00100001"":3,""01101001"":9,""11110001"":6,""00110110"":1,""01010110"":11,""10000110"":8,""01110110"":9,""11110100"":7,""10101100"":3,""00110100"":2,""10000100"":4,""10100001"":4,""00000100"":5,""10010100"":3,""00000010"":5,""01111011"":11,""00110010"":3,""00110011"":2,""10110111"":4,""00011100"":1,""11111011"":7,""01010000"":10,""00110111"":4,""10111011"":2,""00111001"":3,""10001001"":5,""00111111"":7,""00001001"":5,""11111001"":2,""11111010"":2,""00001110"":3,""00011101"":12,""00111100"":2,""10101110"":3,""10101011"":2,""10010010"":4,""11110110"":5,""00010100"":3,""01111100"":3,""00101001"":3,""00100000"":3,""10011011"":1,""10011100"":4,""00000000"":4,""00111000"":1,""10101000"":1,""00100010"":2,""00010001"":2,""11111101"":8,""10011110"":2,""10111111"":3,""10100000"":1,""00110001"":2,""10111110"":2,""00111101"":2,""10100010"":2,""11101000"":3,""10110011"":1,""00000001"":1,""00011000"":1,""00101010"":2,""10011001"":1,""00100110"":1,""10101010"":1,""10111001"":2,""10111101"":3,""00001010"":1,""10100110"":1,""10101001"":1}"
63,x,4000,-0.3959999999999999,-0.22649999999999992,0.381,0.02400000000000002,0.23399999999999999,0.607,-0.6234999999999999,0.5545,"{""01000011"":296,""01000010"":85,""01000001"":148,""11100111"":9,""00100100"":6,""10110001"":12,""11000000"":7,""11000001"":18,""01010001"":61,""01010000"":42,""01000101"":102,""11011010"":9,""01010011"":149,""11000110"":5,""11010001"":7,""01100101"":8,""01000111"":126,""10100010"":10,""01010101"":40,""10110110"":2,""01100011"":31,""01100001"":12,""11010101"":8,""01000110"":45,""11001001"":11,""11010011"":14,""01000000"":76,""00110000"":5,""11110011"":24,""10110011"":24,""10000001"":17,""01110101"":2,""01011001"":75,""11001100"":1,""10001001"":13,""01001100"":29,""10000110"":3,""01010010"":44,""01001111"":90,""11100001"":8,""11100011"":11,""10000010"":10,""00100000"":5,""10010011"":24,""01001001"":116,""10000101"":5,""00110011"":19,""10010001"":10,""01010111"":52,""01010100"":24,""10110101"":1,""00000011"":6,""10100001"":8,""01111001"":7,""10100101"":7,""10110111"":10,""00101001"":8,""01110011"":15,""00010101"":2,""01000100"":42,""01011011"":156,""10110100"":3,""11110001"":6,""00111011"":18,""10010010"":7,""11101001"":11,""11110010"":8,""01100010"":7,""11010010"":4,""00110001"":6,""01011010"":68,""10010111"":5,""10000011"":22,""00000001"":3,""01011000"":41,""11111101"":4,""01001000"":66,""01001010"":115,""01011111"":63,""01001011"":239,""00001010"":1,""11001010"":13,""00111001"":10,""01001110"":33,""01011100"":24,""01111111"":3,""10011111"":6,""00001011"":13,""00011100"":4,""10111011"":18,""01001101"":78,""10011011"":17,""10001101"":4,""01111011"":18,""11001011"":26,""00101100"":4,""11011101"":6,""00111000"":7,""10011101"":6,""01011101"":29,""10001000"":9,""01111000"":7,""11011011"":12,""00101111"":8,""10000000"":3,""10000111"":7,""00100111"":9,""00110010"":3,""01100111"":11,""11010110"":2,""11000101"":5,""01010110"":22,""00110111"":2,""11110111"":5,""00100011"":12,""00100001"":5,""00010011"":4,""00110110"":3,""11100110"":2,""00000111"":3,""10100110"":6,""01110111"":2,""10100011"":11,""10111101"":5,""00010010"":3,""11100010"":6,""01110010"":2,""10010101"":7,""01101001"":11,""11100101"":4,""11010111"":7,""00011000"":2,""11000010"":4,""10010110"":2,""01101010"":14,""01110001"":8,""10000100"":5,""01100000"":2,""01100100"":2,""11111001"":9,""00010001"":2,""11110100"":2,""00100010"":4,""11000011"":19,""10101001"":3,""11100000"":6,""00000000"":4,""11101000"":7,""10100100"":4,""10001010"":10,""11000100"":3,""10101100"":3,""11111011"":6,""10101011"":18,""00111101"":6,""11001000"":9,""11101111"":6,""10011100"":5,""01101011"":22,""01101101"":7,""10110000"":3,""00111010"":6,""10011001"":9,""01011110"":18,""10111100"":4,""10101000"":4,""11011111"":6,""11011000"":3,""11101100"":3,""01101100"":4,""00111111"":5,""10101101"":3,""00011011"":8,""01101000"":10,""00001001"":7,""11011001"":7,""11001110"":4,""10001011"":26,""10101010"":7,""10111000"":3,""00011111"":4,""10011010"":11,""00010110"":1,""11100100"":3,""11110101"":5,""10010100"":7,""11001101"":3,""11011110"":4,""11001111"":8,""00101010"":6,""00001110"":2,""01101111"":10,""00101011"":9,""00011010"":7,""11101011"":12,""00001000"":4,""00011001"":4,""01111100"":2,""01111010"":6,""10001100"":4,""11101010"":4,""11111100"":1,""10001110"":4,""11111111"":5,""10111001"":5,""10101111"":4,""10001111"":7,""01111101"":1,""10111111"":2,""11011100"":4,""10101110"":2,""10011110"":4,""01111110"":2,""10111010"":2,""00001101"":4,""11101101"":3,""00111100"":2,""00101101"":3,""11101110"":1,""11111010"":2,""00100101"":2,""00100110"":4,""11000111"":9,""00010111"":1,""01110100"":1,""00000101"":5,""00001111"":2,""00010000"":2,""10100000"":2,""00000110"":1,""11110000"":3,""11110110"":2,""01100110"":3,""11010100"":1,""00110101"":1,""11010000"":2,""10100111"":2,""00000010"":1,""00110100"":2,""10110010"":4,""11111000"":2,""00101110"":1,""00011101"":1,""00011110"":1,""00001100"":1,""10011000"":7,""01101110"":1,""11111110"":1,""10111110"":1}"
64,x,4000,0.4535,-0.17999999999999994,-0.13749999999999996,0.026000000000000023,0.0044999999999999485,-0.272,-0.7184999999999999,0.28600000000000003,"{""10010000"":4,""01000110"":40,""01100010"":120,""01100110"":90,""10000111"":2,""01000010"":50,""01010111"":14,""01110110"":82,""01110100"":71,""01100101"":37,""11000100"":13,""01100011"":30,""10100110"":19,""11110100"":30,""01010011"":12,""10000100"":8,""11100110"":36,""11111100"":54,""01111110"":90,""11110010"":34,""01110101"":35,""11000110"":23,""01100000"":31,""01101101"":48,""01000101"":16,""10100111"":7,""11100101"":19,""11110001"":10,""11001100"":19,""11100010"":34,""01010001"":13,""00010100"":8,""01010101"":21,""00010010"":9,""01000111"":28,""01010010"":53,""01000100"":34,""01110010"":94,""00000110"":3,""10100100"":11,""01100100"":70,""10100010"":22,""11010000"":5,""11100111"":9,""11000010"":25,""11110101"":23,""11100100"":35,""11011110"":24,""11110011"":11,""11001010"":16,""00010110"":11,""10000000"":3,""10100011"":5,""01110000"":22,""01010000"":16,""11110110"":36,""01111010"":99,""11010100"":18,""11111110"":43,""10110110"":15,""11010011"":8,""01101010"":94,""10110010"":10,""00011000"":1,""01011010"":61,""11001101"":7,""01111000"":26,""11101010"":37,""01011111"":7,""11111010"":40,""11101110"":40,""01101111"":22,""01111100"":68,""01101110"":73,""01101001"":18,""11101100"":38,""01011011"":10,""11001110"":12,""01001010"":43,""10000110"":9,""01011000"":13,""01101100"":82,""10011001"":2,""10011110"":7,""01001000"":15,""10111010"":11,""01111101"":26,""11000111"":6,""01001110"":47,""10101001"":8,""10111001"":2,""01101000"":25,""01011110"":54,""01111011"":15,""10001010"":5,""10101111"":7,""11111000"":13,""01101011"":19,""10110000"":3,""11111101"":12,""01010110"":46,""01011100"":48,""11101000"":8,""01001100"":36,""01111111"":13,""00011010"":17,""01011101"":27,""01001001"":10,""00011110"":8,""10011100"":6,""10101100"":11,""11101101"":15,""00011011"":1,""11011111"":5,""01001101"":13,""11111111"":15,""00011101"":4,""00001101"":2,""01011001"":12,""10101101"":12,""11100000"":13,""11101111"":9,""10001100"":13,""10111110"":8,""00101101"":2,""11101001"":7,""10101110"":13,""00001010"":8,""11011011"":8,""01001111"":4,""00101000"":2,""01000011"":26,""10111011"":2,""10101010"":14,""01110111"":20,""00100001"":1,""11010110"":16,""11010010"":24,""00000111"":2,""01000000"":11,""11100011"":8,""10111100"":10,""10110011"":8,""01110001"":25,""01000001"":11,""10010011"":5,""11110000"":11,""11000001"":7,""01110011"":28,""01010100"":38,""00010101"":2,""00100101"":5,""11110111"":16,""10100000"":4,""11000101"":12,""01100111"":25,""11011100"":22,""11011000"":5,""11011010"":27,""00101110"":3,""11001111"":3,""00001110"":7,""01001011"":7,""10001011"":3,""11111011"":10,""10001110"":10,""00011100"":10,""11001000"":9,""00001001"":2,""00001111"":1,""01111001"":23,""11111001"":5,""10111000"":4,""00101010"":3,""11011001"":5,""10100001"":5,""01100001"":27,""11010101"":11,""10011010"":8,""11101011"":9,""00111110"":4,""10010111"":3,""11010111"":7,""10010110"":2,""10000010"":12,""11100001"":12,""10110111"":4,""00110010"":3,""11001011"":4,""00010000"":1,""00100111"":4,""00011111"":1,""00001011"":3,""00111111"":3,""11001001"":5,""10101000"":1,""00000101"":2,""11000000"":8,""11000011"":1,""10010101"":4,""10100101"":8,""00101001"":1,""10110100"":7,""00100010"":5,""10010100"":4,""11011101"":3,""10000011"":3,""00010011"":6,""10011111"":1,""00100110"":4,""10010010"":6,""00110011"":1,""10010001"":2,""10011101"":3,""10101011"":3,""10000101"":2,""00000010"":4,""00101100"":2,""10011000"":1,""10000001"":2,""00110001"":1,""11010001"":3,""00100100"":2,""10001111"":1,""00000001"":2,""00001100"":5,""00111010"":3,""10111111"":1,""00110110"":2,""00100000"":2,""00010111"":1,""00100011"":2,""00111100"":2,""00111101"":1,""00111000"":1,""10111101"":2,""10011011"":2,""00000100"":1,""00000000"":2,""00110101"":1,""10110001"":1,""10110101"":3,""00001000"":1,""10001101"":1,""00110100"":1,""00101111"":1,""00110000"":1}"
65,x,4000,-0.4484999999999999,-0.0694999999999999,-0.1180000000000001,0.0040000000000000036,-0.07400000000000007,-0.1904999999999999,-0.12850000000000006,0.30200000000000005,"{""01100011"":13,""01001111"":51,""01010001"":37,""01010111"":77,""10100111"":62,""00100101"":22,""10110011"":24,""11010111"":10,""11010001"":9,""00100110"":11,""10100010"":15,""11110001"":9,""01000000"":21,""00010110"":14,""01110110"":60,""00001111"":15,""01100101"":16,""01000100"":16,""10110111"":32,""01110100"":20,""01010011"":40,""10001010"":3,""10100001"":42,""10100011"":29,""01110001"":64,""01000101"":30,""10110000"":12,""01110011"":41,""10010111"":25,""01100111"":33,""00011111"":36,""01100001"":34,""00011100"":4,""01101111"":52,""10100000"":19,""10010101"":10,""10000011"":8,""01010010"":16,""01000010"":9,""01110101"":37,""10100110"":23,""00110010"":6,""00100011"":9,""01110111"":100,""00000001"":7,""10101011"":29,""01010100"":17,""10100101"":58,""11100011"":8,""10101010"":5,""11010011"":9,""01000001"":25,""11011101"":5,""11000110"":7,""00010111"":28,""01110000"":28,""10110101"":4,""00110111"":14,""00110110"":20,""10110110"":23,""01010110"":24,""10101111"":63,""11000111"":18,""00100001"":14,""00100010"":6,""01001100"":6,""00100111"":30,""00010001"":14,""01000110"":25,""01110010"":19,""10010001"":14,""01010000"":23,""00000100"":6,""00000111"":9,""01101011"":17,""00111001"":23,""00011101"":12,""11111111"":15,""01011101"":27,""10101110"":22,""11001001"":12,""01001011"":38,""01001001"":51,""10110001"":26,""01011011"":41,""00111111"":32,""00011000"":8,""01011001"":42,""01101000"":18,""01111101"":52,""01001010"":9,""00101000"":6,""10001101"":13,""00110001"":20,""11011010"":1,""01011100"":8,""01101101"":30,""11111101"":8,""00101110"":19,""01111011"":46,""00001110"":2,""11001011"":7,""00001010"":4,""01111111"":91,""01011110"":13,""10101101"":36,""01101001"":44,""10101001"":52,""10111011"":12,""00111101"":19,""10111000"":8,""10011110"":7,""01001101"":38,""00101011"":18,""11111001"":9,""00001001"":10,""00101101"":21,""10111001"":21,""01111000"":18,""01011000"":8,""10101000"":24,""10111111"":32,""11101001"":11,""00111110"":14,""10011101"":15,""10011111"":29,""00011011"":19,""11001010"":2,""00101001"":18,""01111001"":91,""10001001"":12,""01011111"":51,""11001101"":10,""01001000"":19,""11001111"":17,""00101111"":30,""00101010"":6,""00011001"":17,""01001110"":11,""00111011"":8,""00001101"":14,""10011010"":3,""10011000"":6,""01111100"":10,""01010101"":32,""11011000"":1,""10111110"":10,""01101110"":13,""10001000"":2,""10011100"":5,""00011110"":7,""00010101"":9,""11101000"":3,""01101010"":3,""00001011"":1,""10010110"":14,""11111011"":5,""11101111"":11,""11011011"":5,""01111110"":24,""11001000"":2,""01011010"":7,""11000101"":10,""10001110"":4,""11001110"":2,""01000111"":31,""11101101"":7,""10011001"":16,""00011010"":3,""10011011"":11,""11000001"":9,""10101100"":11,""10001111"":11,""00101100"":5,""01101100"":12,""00111000"":9,""10001011"":4,""11101011"":7,""01111010"":7,""00010011"":8,""10111101"":13,""00100100"":5,""00010100"":7,""01100100"":7,""00010000"":6,""10100100"":26,""11100111"":8,""10010100"":10,""11100110"":8,""00000011"":5,""01000011"":20,""01100110"":14,""01100000"":16,""11100100"":4,""10010000"":11,""11100000"":4,""11100001"":7,""10010011"":8,""00110100"":3,""11011111"":11,""00000101"":5,""11110000"":5,""00110011"":10,""11010101"":2,""11100101"":3,""11000010"":7,""11110101"":5,""11011001"":8,""10111010"":4,""00010010"":6,""11110111"":9,""10000010"":5,""11110011"":3,""11010110"":3,""10000111"":9,""10110010"":9,""11100010"":3,""11010000"":4,""11000100"":3,""11111000"":3,""10000000"":8,""00100000"":4,""11101110"":3,""00000000"":3,""11001100"":1,""01100010"":5,""10010010"":4,""11000011"":3,""10000100"":4,""10110100"":6,""11110010"":5,""11000000"":1,""11010010"":2,""00110000"":4,""00000110"":5,""11110110"":6,""11011100"":1,""00000010"":2,""11111100"":1,""00110101"":8,""10111100"":2,""10000110"":2,""10000101"":3,""00111100"":4,""11101010"":2,""11011110"":3,""00001100"":1,""10000001"":7,""11110100"":2,""00001000"":1}"
66,x,4000,-0.06400000000000006,-0.006000000000000005,-0.12749999999999995,0.03500000000000003,0.14500000000000002,0.7150000000000001,0.057499999999999996,0.136,"{""00001010"":14,""01101110"":9,""00001001"":28,""00111001"":4,""01001000"":35,""00011011"":14,""00111011"":2,""00101100"":4,""00000101"":26,""10011001"":31,""10001111"":69,""10010101"":35,""10011000"":19,""00101111"":11,""10001110"":46,""00011010"":17,""01011000"":25,""01011111"":53,""01001110"":41,""00001110"":27,""00101010"":6,""10001100"":46,""11111100"":5,""10001101"":65,""10100001"":4,""10011110"":26,""01001001"":41,""01001100"":60,""00001011"":17,""00001111"":28,""01001111"":44,""00010101"":14,""10000010"":53,""01011010"":33,""01011001"":33,""01101101"":5,""01001011"":25,""01000010"":34,""11001100"":16,""10000000"":33,""11011100"":5,""11011001"":10,""01011101"":36,""00011101"":17,""11001101"":18,""10011111"":41,""01101111"":11,""11101110"":1,""10000001"":45,""01101001"":7,""00011001"":24,""10011011"":28,""01001101"":53,""00111111"":7,""10001011"":21,""00010011"":13,""10001001"":45,""10011101"":33,""10011100"":26,""10111101"":6,""10111110"":5,""01101010"":6,""01110100"":8,""10011010"":20,""00001100"":27,""00111100"":4,""01111100"":13,""01000111"":64,""01001010"":41,""10001000"":26,""11001110"":12,""10001010"":39,""01011011"":28,""10111010"":3,""00110011"":5,""10100100"":7,""01000101"":47,""01111101"":9,""01111110"":8,""11001111"":16,""00110010"":4,""01000001"":54,""10010001"":33,""10111111"":5,""01111000"":7,""00001000"":11,""00000010"":13,""11001001"":12,""01010111"":44,""01100111"":17,""11011000"":4,""00011110"":17,""11011110"":9,""00011100"":20,""00001101"":22,""01101100"":7,""01011100"":33,""00011000"":9,""01111111"":11,""11000001"":9,""11001010"":11,""01100011"":4,""10101001"":5,""01101011"":5,""01000100"":52,""00111101"":6,""01011110"":28,""11101111"":3,""00010100"":18,""11001011"":6,""01000000"":36,""01010100"":37,""10101110"":4,""01010010"":55,""10010100"":28,""11000111"":24,""01010000"":29,""01100110"":9,""10010010"":33,""01000011"":49,""01000110"":39,""10010111"":39,""01100000"":10,""10100000"":3,""00100000"":2,""11010101"":13,""01100010"":8,""10000111"":60,""10010000"":30,""00000000"":17,""10110111"":5,""10110101"":9,""00010000"":15,""01110011"":2,""10010011"":30,""00010110"":12,""00000111"":45,""10110001"":7,""10010110"":26,""01100101"":9,""00000110"":22,""01010110"":27,""10000101"":51,""01100100"":10,""00000100"":23,""01010101"":31,""11110100"":2,""10000110"":56,""01010001"":34,""01110000"":5,""11011111"":9,""10101101"":6,""00110000"":3,""00111000"":3,""11011010"":8,""10111100"":5,""00101110"":3,""00100100"":2,""01101000"":6,""10101010"":5,""11011101"":5,""10101100"":4,""11000011"":6,""11010011"":9,""11010100"":6,""00110101"":10,""11010010"":11,""00011111"":17,""11111101"":4,""00100010"":10,""01010011"":34,""11000100"":18,""00010010"":25,""10100011"":5,""10000011"":23,""11010000"":12,""11010110"":6,""11110101"":3,""10000100"":46,""01110111"":7,""00000011"":17,""00010111"":19,""00100111"":8,""00000001"":25,""00110100"":5,""11000101"":12,""01110010"":7,""11000000"":11,""00100011"":8,""10110000"":4,""00110001"":5,""01110101"":6,""11010001"":19,""10101111"":8,""00101101"":3,""00111110"":3,""00010001"":8,""10100010"":4,""10100111"":8,""01110110"":6,""10100110"":5,""11001000"":6,""11100010"":2,""00100001"":2,""01100001"":1,""00100101"":3,""00100110"":5,""10110010"":5,""11000010"":13,""01110001"":8,""00110110"":2,""01111011"":4,""11110001"":1,""00110111"":4,""11101101"":2,""00101001"":5,""11011011"":2,""10111001"":4,""11100011"":1,""10111000"":2,""10110100"":7,""00101000"":3,""11101000"":2,""01111010"":5,""11101011"":1,""10101011"":4,""11010111"":7,""00101011"":1,""11111001"":2,""10111011"":5,""11110010"":1,""11000110"":7,""10110110"":4,""11111010"":2,""11111000"":2,""11101001"":2,""01111001"":3,""11100101"":1,""11100000"":2,""11101010"":2,""11110111"":1,""11111111"":1,""11110011"":2,""10101000"":1}"
67,x,4000,-0.2905,0.27,0.14149999999999996,-0.008000000000000007,-0.21649999999999991,0.2855,-0.41100000000000003,-0.4145000000000001,"{""11001001"":90,""01011001"":28,""11111101"":67,""10001101"":23,""00001111"":11,""11111000"":70,""11101011"":4,""01001101"":16,""11111010"":29,""11011101"":37,""00111111"":2,""00011011"":21,""11111001"":81,""01001011"":19,""11001000"":47,""10010010"":8,""10001000"":24,""10001011"":24,""01001001"":22,""10001001"":36,""01111011"":17,""01001000"":19,""11101111"":3,""11001101"":45,""00101001"":3,""00011101"":9,""11011000"":39,""10001100"":13,""11000111"":35,""01111111"":16,""11111111"":43,""01011011"":16,""01011100"":12,""01001111"":12,""01011000"":23,""01111100"":14,""10011011"":25,""11001110"":17,""11011111"":33,""01111101"":23,""01010011"":29,""10001111"":14,""11011110"":10,""00001101"":12,""01111000"":20,""10111000"":9,""11001100"":34,""11111011"":65,""01011101"":19,""00011001"":20,""11111100"":35,""11001111"":22,""01011111"":4,""11001011"":47,""11000001"":63,""00111011"":3,""01001100"":10,""10101011"":9,""10011101"":35,""01001110"":8,""11111110"":21,""00111001"":6,""00111000"":7,""00001011"":9,""10011001"":37,""00001001"":13,""11110101"":86,""11011100"":28,""11110001"":87,""10101100"":3,""10010000"":18,""11010011"":44,""10010011"":29,""11010100"":26,""00000101"":12,""11000101"":58,""01000001"":22,""11110111"":40,""11010000"":25,""01110110"":6,""01000101"":28,""10010111"":17,""01100110"":2,""00000111"":15,""11010001"":51,""01100000"":5,""01000110"":9,""11010101"":41,""01010000"":27,""01110001"":27,""10000101"":33,""00100010"":1,""11000000"":33,""01011010"":12,""11000011"":51,""01111010"":11,""11010010"":18,""00100111"":3,""01110010"":5,""11100111"":3,""11110000"":53,""01000011"":20,""10100100"":6,""01000010"":8,""10000100"":18,""10000011"":22,""11000110"":14,""01110101"":19,""11100110"":6,""01100001"":3,""01110011"":15,""11000100"":30,""11110100"":42,""01010101"":23,""01101001"":7,""01001010"":12,""11000010"":17,""10010100"":10,""11110010"":11,""00000011"":11,""10010101"":27,""11100001"":15,""00010101"":19,""10000111"":17,""11110011"":66,""01000000"":19,""11010110"":11,""10000010"":9,""01010110"":11,""01010001"":29,""10011000"":29,""10000001"":24,""10000000"":13,""10100101"":8,""00010001"":16,""01010100"":10,""11100101"":12,""01110000"":20,""11011001"":61,""10111111"":4,""00011111"":8,""10111101"":5,""10111100"":10,""11001010"":20,""10111011"":4,""01011110"":3,""11101101"":8,""10111001"":13,""00011010"":4,""11101001"":21,""11011011"":29,""00001000"":9,""00011000"":12,""10001110"":6,""10111110"":6,""01111001"":12,""11100100"":13,""00011100"":9,""00001100"":9,""00101100"":5,""00101101"":3,""11101100"":4,""10011100"":22,""10010001"":34,""00101111"":1,""00011110"":5,""01100100"":3,""10011010"":7,""00110101"":3,""10001010"":5,""01010111"":13,""00000001"":14,""00110011"":4,""11110110"":17,""10100000"":7,""01100111"":4,""00010111"":16,""00100001"":1,""00010000"":13,""01110111"":12,""11100010"":1,""11010111"":32,""10101000"":9,""01110100"":8,""10100001"":12,""00010010"":8,""00000100"":6,""00000000"":11,""10110101"":7,""10110110"":3,""10000110"":11,""11100000"":9,""01000111"":13,""10101001"":7,""01101110"":1,""10101101"":7,""10011110"":12,""11011010"":8,""11101110"":2,""00001110"":3,""00001010"":3,""01010010"":5,""01000100"":10,""10010110"":7,""11100011"":7,""10110010"":2,""11101000"":5,""10110011"":5,""10100011"":3,""10110100"":3,""10111010"":4,""00110100"":2,""00010011"":12,""10100110"":2,""10100010"":3,""01100011"":2,""00010110"":5,""00010100"":4,""00110000"":4,""00100101"":1,""00111100"":2,""00000110"":3,""10011111"":11,""00111101"":5,""01111110"":4,""01100101"":1,""00100011"":2,""10110001"":3,""11101010"":2,""10101010"":5,""00100000"":1,""10110000"":2,""00110001"":1,""01101011"":4,""00111110"":2,""01101111"":2,""00100100"":2,""01101101"":2,""10100111"":1,""10101110"":2,""00101011"":1,""00110110"":1,""00000010"":2,""00110111"":1,""00101000"":1,""01101100"":1,""01101010"":1,""00111010"":1,""10110111"":1}"
68,x,4000,-0.13850000000000007,-0.17599999999999993,0.14900000000000002,-0.026000000000000023,0.44399999999999995,0.525,0.07299999999999995,0.08499999999999996,"{""01111011"":11,""01001010"":56,""01001001"":32,""10011111"":16,""01001100"":47,""10001011"":101,""10001010"":65,""01111001"":3,""01001101"":55,""11101010"":5,""11011111"":6,""01000111"":79,""10011010"":21,""00001011"":45,""11011011"":8,""00101111"":6,""00111011"":18,""10001001"":44,""00011011"":15,""10111010"":9,""10001000"":51,""01111111"":16,""11111001"":6,""01011011"":37,""11110011"":10,""10011001"":10,""00111111"":23,""01011110"":11,""11001011"":19,""00001111"":39,""01000010"":53,""01011111"":18,""01111010"":5,""10001110"":24,""00101101"":4,""01001111"":84,""00110011"":5,""11011001"":6,""01101111"":24,""10010010"":22,""10111001"":7,""01100111"":23,""10011000"":14,""10111110"":6,""01101101"":20,""11001001"":10,""01001110"":32,""01101110"":8,""10101111"":12,""10000011"":99,""00001101"":21,""11001010"":13,""10011011"":36,""10001111"":82,""11101101"":4,""01001011"":75,""10100010"":10,""10101011"":11,""11101011"":8,""00101011"":16,""00001001"":20,""01101011"":34,""00111010"":5,""01111101"":4,""10000101"":30,""10101001"":7,""11001111"":16,""10000010"":81,""10001101"":51,""00011101"":5,""10111000"":6,""00111110"":3,""10001100"":55,""10110000"":9,""10000001"":59,""01011001"":11,""10111111"":9,""00001010"":22,""10011101"":9,""00001110"":10,""00011001"":8,""01001000"":62,""11001100"":7,""01111100"":5,""11111111"":8,""10101000"":8,""11011110"":3,""10111011"":14,""10000111"":70,""11000100"":16,""01010101"":9,""11111101"":4,""01111110"":4,""00001100"":18,""00111101"":10,""00000000"":27,""00001000"":19,""00111100"":9,""00011100"":4,""10101100"":5,""01110000"":6,""01101010"":10,""11100011"":7,""11000011"":27,""01000001"":37,""01100001"":7,""01000000"":56,""11000010"":7,""10010100"":7,""10010001"":17,""01110110"":5,""01000101"":29,""10000000"":72,""00100000"":8,""11111100"":7,""01010011"":28,""00110111"":14,""01100101"":12,""01110101"":4,""10010110"":10,""10100000"":8,""00000010"":27,""10010000"":17,""00000111"":32,""01000011"":85,""10110010"":6,""10110100"":3,""01110011"":13,""00010011"":18,""00110010"":5,""00110110"":3,""10100001"":7,""10010111"":13,""01100010"":16,""11100001"":3,""01100011"":16,""10000100"":39,""00011110"":3,""01010001"":10,""10110011"":8,""01010010"":18,""00000100"":20,""10100011"":8,""10010101"":7,""10100111"":6,""01000100"":43,""00000110"":11,""10010011"":22,""10100101"":8,""11100101"":3,""01101100"":14,""11010010"":7,""00101000"":7,""10111101"":5,""10011100"":11,""00011111"":8,""10011110"":10,""00101010"":9,""00111001"":3,""01011100"":16,""11101110"":3,""00101110"":3,""00100001"":7,""10110111"":13,""01011010"":17,""01101000"":13,""00100111"":10,""11110010"":8,""10000110"":34,""11110101"":6,""11000101"":11,""11000000"":8,""00110001"":4,""11100000"":2,""11000111"":16,""11010000"":6,""11010001"":6,""11010111"":4,""11100010"":4,""00010100"":5,""01010000"":27,""00010000"":11,""11110000"":8,""00010111"":11,""11110111"":7,""00100010"":7,""00110101"":3,""11101001"":2,""11011010"":4,""00000011"":32,""11011100"":3,""10101010"":7,""11011101"":4,""01011101"":4,""11001110"":8,""00101001"":8,""11111000"":6,""10110001"":6,""00010101"":5,""00010110"":3,""00000001"":17,""00000101"":8,""01000110"":32,""01100000"":19,""00010010"":5,""11000001"":6,""00110000"":10,""01110111"":10,""10110101"":2,""01100100"":13,""00011000"":6,""00100101"":3,""00100011"":16,""01100110"":4,""11000110"":8,""01010110"":11,""01101001"":5,""10110110"":6,""01110100"":2,""00100100"":3,""11010011"":6,""00110100"":5,""11110100"":3,""11101100"":1,""01010100"":13,""01010111"":4,""11100110"":1,""11010101"":2,""11010100"":5,""10101110"":5,""11111011"":7,""11101111"":6,""11001000"":9,""01011000"":11,""00011010"":8,""11110001"":4,""10111100"":4,""01110001"":6,""11001101"":8,""01111000"":5,""10101101"":3,""00100110"":2,""11101000"":4,""01110010"":5,""00101100"":5,""11111010"":3,""00010001"":5,""11110110"":3,""10100110"":2,""11111110"":2,""11100100"":3,""10100100"":1,""11100111"":1,""11010110"":1,""00111000"":4,""11011000"":1}"
69,x,4000,-0.3274999999999999,0.0010000000000000009,0.39,0.01649999999999996,-0.4590000000000001,0.32699999999999996,-0.1605000000000001,-0.8205,"{""11011101"":50,""10111010"":28,""10111111"":27,""10111001"":38,""11001011"":48,""11011001"":91,""11111001"":55,""11011100"":36,""10011001"":94,""11011011"":135,""11111000"":33,""10111011"":46,""10001101"":23,""10011000"":48,""11001001"":39,""11111011"":52,""11100010"":18,""11000001"":46,""10011101"":36,""10011111"":42,""01011111"":6,""11011010"":58,""11111100"":16,""11010010"":56,""11011110"":23,""10011010"":43,""11010011"":114,""11010001"":120,""11011111"":45,""10111110"":6,""10101010"":5,""10101111"":6,""01011011"":13,""01001111"":3,""10001011"":49,""10000101"":17,""11101000"":12,""11111111"":30,""10011011"":76,""11011000"":54,""11001010"":25,""11110110"":15,""11101011"":14,""11111010"":33,""10111100"":11,""10110011"":42,""10111101"":21,""10011100"":19,""10101000"":8,""10101101"":6,""00000010"":5,""11001111"":14,""00101011"":2,""00001000"":1,""10010010"":48,""11110001"":61,""11000111"":19,""11000011"":54,""10011110"":15,""11010111"":40,""11100011"":23,""00110111"":2,""11110010"":40,""10010011"":81,""00010011"":12,""11010101"":50,""10010000"":39,""00011011"":7,""11000010"":26,""11010110"":18,""10010111"":29,""10110111"":17,""11000000"":25,""11100000"":7,""10000011"":27,""11100101"":10,""11110011"":71,""11010000"":50,""10110010"":24,""10010001"":95,""11000100"":14,""10000000"":16,""10101001"":12,""00110000"":2,""11110000"":34,""10010101"":46,""01100100"":1,""01010101"":6,""10100000"":8,""10000010"":25,""10000001"":37,""11111101"":36,""00010001"":7,""10110100"":8,""00000110"":1,""01110001"":9,""00100001"":2,""01101010"":2,""11101111"":9,""11001101"":20,""10101100"":4,""01011101"":8,""11101110"":2,""00101001"":2,""10010110"":18,""00001101"":3,""01001010"":3,""11001000"":25,""01111100"":5,""01111111"":3,""10101011"":6,""10111000"":19,""11110111"":40,""01101111"":3,""00011001"":8,""01110101"":2,""10001110"":5,""01111101"":4,""10001001"":24,""11110101"":39,""00111110"":2,""10100001"":11,""11001110"":9,""11101001"":16,""11101010"":11,""01111000"":1,""00111001"":3,""00110010"":5,""01011010"":5,""11001100"":5,""00011010"":4,""10010100"":24,""10110000"":21,""10001010"":17,""11010100"":24,""11101101"":11,""10100101"":6,""11100001"":18,""10001111"":6,""01010011"":13,""10000111"":21,""10110001"":41,""11100111"":7,""00000000"":4,""00010101"":3,""00000001"":9,""11000101"":18,""01000001"":6,""00010010"":4,""01100001"":2,""01010001"":8,""11110100"":12,""10100011"":12,""10100110"":3,""00000101"":3,""01010000"":9,""10001000"":20,""00111111"":4,""11111110"":11,""10001100"":9,""01001011"":3,""01101000"":1,""01111010"":3,""01011001"":8,""10110101"":20,""11100100"":6,""00111011"":2,""11000110"":9,""01010110"":5,""01000011"":8,""01010100"":2,""01110000"":3,""00100011"":2,""00011000"":4,""00011100"":1,""01110011"":12,""00110110"":1,""01100010"":1,""00111100"":2,""11100110"":4,""10100010"":4,""01110010"":1,""01011000"":5,""10000110"":4,""00001001"":2,""00001011"":3,""00111000"":2,""01101001"":4,""01011100"":3,""01010111"":3,""11101100"":6,""10000100"":5,""10110110"":6,""00000111"":1,""10100100"":3,""00000011"":4,""01010010"":7,""01111001"":3,""00011101"":3,""00001010"":4,""00101000"":2,""01001000"":1,""00110100"":2,""00010110"":1,""00011111"":3,""00100010"":1,""00001111"":2,""01001001"":3,""01111011"":3,""00111101"":5,""00010111"":1,""01011110"":2,""01110111"":4,""00101010"":1,""01101011"":3,""01001101"":1,""01000101"":1,""01000000"":2,""00110011"":1,""01000111"":1,""00110001"":1,""01100000"":2,""00101111"":1,""00000100"":1,""01100011"":2,""10100111"":1,""00100101"":1,""00101101"":1,""10101110"":1}"
70,x,4000,-0.5475000000000001,0.052000000000000046,-0.03550000000000009,0.022499999999999964,-0.4315,0.245,-0.502,0.6625,"{""00101010"":8,""01011010"":42,""01010011"":135,""01111001"":72,""10111011"":23,""01001100"":8,""01011111"":95,""01101000"":3,""01001011"":34,""01011011"":111,""11100001"":2,""01011101"":171,""10100101"":5,""00101011"":24,""01111100"":22,""01001111"":51,""10001111"":10,""00011101"":20,""10011111"":10,""01111101"":95,""01000111"":57,""01111111"":44,""01011001"":133,""00011111"":10,""10101101"":8,""01101001"":15,""01111011"":103,""00011011"":13,""01100101"":22,""01001001"":35,""01001101"":47,""00001011"":19,""00110000"":4,""01011100"":42,""10001011"":9,""00111000"":2,""10010101"":24,""10111101"":17,""01011110"":48,""10011011"":13,""01111010"":28,""00111101"":10,""01010111"":111,""11111011"":7,""00111100"":3,""11101011"":6,""01110011"":64,""01101111"":13,""00101111"":14,""11111001"":3,""00111111"":7,""01000101"":57,""10011001"":13,""01010101"":189,""11110001"":7,""00011001"":9,""11001001"":2,""00101100"":5,""00111001"":11,""01010010"":48,""01000001"":36,""01110101"":91,""10010111"":19,""01000011"":26,""01010000"":45,""01110010"":28,""00100101"":24,""01100000"":10,""11010001"":11,""01010110"":54,""00000001"":8,""10100111"":9,""01110111"":58,""11001011"":5,""10010011"":13,""01110100"":22,""01010001"":155,""10110011"":16,""01000010"":9,""10010000"":6,""01110110"":21,""01110001"":55,""01000110"":19,""10000100"":5,""01010100"":36,""00101001"":22,""11110110"":2,""00100100"":10,""00100001"":25,""01100010"":4,""01100011"":15,""00010111"":17,""10110101"":21,""10000011"":8,""01100111"":14,""00010101"":16,""11000111"":6,""00100010"":7,""00010011"":14,""01110000"":21,""00000010"":2,""10011101"":18,""10001101"":14,""01011000"":37,""01101011"":16,""10111000"":3,""00011000"":3,""00101101"":27,""11001101"":2,""10111111"":12,""10101010"":3,""10101111"":3,""10011110"":6,""01001000"":9,""11011000"":3,""01001110"":12,""01111110"":10,""11011011"":10,""01111000"":17,""01100110"":6,""11011001"":7,""11101101"":5,""11101111"":3,""10110111"":7,""00000101"":9,""00110111"":8,""00110101"":8,""10010001"":13,""11010000"":4,""11010011"":9,""11111110"":3,""00100111"":10,""00010001"":11,""11010110"":5,""11110011"":4,""11110101"":7,""10011010"":4,""00100011"":21,""10000101"":10,""00110110"":3,""10110001"":11,""01100001"":19,""11000011"":4,""10110010"":7,""11111010"":3,""00110010"":3,""11000101"":7,""00010000"":6,""00000011"":5,""01101010"":3,""10100011"":5,""10111010"":7,""11100111"":2,""01000000"":6,""10010110"":7,""10110110"":4,""00010100"":4,""00000110"":3,""00100000"":9,""10101011"":13,""10111100"":4,""01101100"":4,""00111011"":8,""10111001"":13,""10110000"":1,""01101101"":19,""10001010"":1,""00001101"":12,""00010010"":6,""00001001"":9,""11101001"":2,""10011000"":2,""10001110"":5,""00100110"":7,""10000111"":12,""10000001"":6,""00000100"":3,""10100100"":1,""10010100"":2,""01000100"":7,""10010010"":2,""10110100"":5,""10000010"":3,""10000110"":5,""00010110"":2,""11100010"":5,""11011110"":3,""11111111"":3,""11111101"":6,""00011110"":1,""11011101"":8,""10101110"":4,""11110100"":3,""11010111"":7,""00001010"":5,""01101110"":3,""00111010"":1,""11001111"":4,""10001100"":4,""00110001"":2,""11010010"":2,""11000010"":1,""11000001"":2,""00001111"":7,""00001100"":4,""00001000"":2,""01001010"":8,""00011100"":3,""00001110"":3,""11011010"":2,""11101010"":1,""10111110"":3,""00101000"":4,""11001000"":2,""10101001"":2,""00011010"":2,""11001110"":2,""11100011"":3,""00000111"":8,""11010101"":6,""11100101"":3,""00101110"":4,""11011111"":7,""10001001"":5,""11110010"":3,""11110111"":4,""10000000"":3,""01100100"":1,""10001000"":2,""11001100"":1,""00110100"":1,""00110011"":3,""11010100"":3,""11101100"":1,""00000000"":2,""10100110"":1,""00111110"":1}"
71,x,4000,0.21850000000000003,0.616,0.19599999999999995,0.009000000000000008,0.18400000000000005,0.369,0.038000000000000034,0.16649999999999998,"{""01100100"":55,""10000010"":19,""01101001"":20,""00111101"":9,""01000100"":90,""00111001"":18,""10100100"":12,""10001100"":85,""10011000"":83,""01011000"":74,""00101111"":4,""10111001"":17,""01010000"":86,""01111010"":5,""01001100"":98,""01001000"":120,""00011100"":19,""00101010"":4,""00101000"":24,""10011110"":9,""00011001"":10,""01011001"":47,""11101100"":13,""10010100"":18,""00011000"":19,""01001001"":59,""01101011"":9,""01001010"":25,""00001000"":20,""01101100"":40,""10011100"":36,""01101101"":21,""01011010"":17,""10111011"":3,""01101000"":40,""10111100"":14,""00011011"":8,""10101000"":26,""11111000"":11,""01011111"":5,""11001001"":7,""10101101"":9,""10011001"":57,""10101100"":13,""01011100"":20,""11101111"":7,""10001000"":98,""01111100"":13,""01001111"":16,""10000011"":19,""00011101"":8,""10001101"":46,""10000100"":98,""00111000"":33,""01001101"":38,""01000011"":23,""01001110"":18,""00010010"":6,""10001111"":17,""01001011"":15,""11100000"":23,""10111010"":7,""01101110"":11,""11001000"":10,""10000101"":59,""10101001"":14,""10000110"":14,""01000000"":105,""11001100"":6,""10010111"":8,""00111011"":4,""10111110"":4,""11011001"":5,""10011111"":11,""11101001"":8,""00101011"":4,""10010101"":21,""10000000"":82,""11101011"":6,""10001011"":12,""01100110"":7,""01111001"":20,""01111101"":9,""10000111"":12,""00001110"":7,""01111000"":24,""10001001"":38,""10100000"":25,""10001010"":22,""00101100"":16,""00001001"":8,""00100000"":21,""10011010"":14,""00000000"":19,""10011011"":12,""11101000"":9,""01010010"":20,""00011010"":4,""01101010"":12,""11001111"":3,""01010111"":17,""11111100"":4,""01000111"":19,""10000001"":60,""01101111"":6,""11100011"":3,""10011101"":16,""00001011"":4,""00001100"":19,""01011110"":9,""00010001"":20,""10010000"":84,""11110001"":4,""01100101"":33,""01100000"":32,""00100001"":15,""01010001"":56,""01100010"":9,""00000101"":8,""11100001"":7,""11110000"":6,""00100101"":8,""00001111"":2,""00010000"":32,""01010101"":18,""11010100"":4,""00000100"":14,""10010001"":51,""01000101"":48,""01100001"":24,""01110000"":27,""00000001"":16,""01000001"":51,""11010001"":5,""10110101"":13,""01010100"":30,""00100110"":3,""01110010"":5,""01110101"":7,""10100001"":14,""00110001"":23,""11110011"":3,""11100110"":3,""10110000"":15,""10111000"":17,""00010100"":16,""00100100"":16,""11000100"":6,""00100010"":6,""10010011"":13,""00110100"":20,""01110100"":10,""00110000"":34,""01010110"":3,""00110110"":3,""01110001"":13,""00110101"":8,""11010000"":3,""00001101"":13,""10100101"":4,""00000011"":5,""10010010"":14,""10110001"":11,""11000101"":4,""11011100"":4,""01111110"":4,""01011011"":7,""11011000"":7,""10001110"":10,""11111001"":7,""00100011"":8,""01011101"":15,""01111111"":4,""00111100"":23,""11001101"":6,""00101001"":8,""00101110"":4,""11010011"":2,""11111010"":3,""00010101"":9,""11100100"":10,""01000010"":14,""10110010"":6,""10101010"":1,""10100010"":4,""01010011"":12,""00010110"":4,""00110011"":6,""01000110"":12,""10100110"":3,""10110011"":4,""11100101"":8,""01100011"":7,""11110010"":2,""10110111"":2,""10100111"":1,""00000010"":3,""10110100"":10,""11100111"":1,""00010011"":5,""00010111"":5,""00110010"":8,""11110101"":2,""00100111"":2,""11000000"":8,""10010110"":5,""00000110"":2,""01110011"":4,""11111110"":1,""10111111"":5,""01100111"":4,""10111101"":8,""00111010"":5,""00110111"":1,""10100011"":5,""11000010"":3,""01110111"":2,""00111111"":2,""11101101"":6,""11111011"":2,""00101101"":8,""10101011"":2,""01111011"":6,""11001011"":2,""11011101"":1,""11101110"":1,""11011010"":1,""11000011"":2,""10101111"":1,""00001010"":2,""11111111"":2,""00011111"":2,""11110100"":1,""11000001"":3,""11000111"":1,""11010101"":3,""11110111"":1,""10110110"":2,""00000111"":1,""00011110"":1,""00111110"":2,""01110110"":2,""11101010"":1,""11001110"":1}"
72,x,4000,-0.3174999999999999,0.046499999999999986,0.368,-0.018000000000000016,-0.050000000000000044,-0.13549999999999995,-0.012499999999999956,-0.02750000000000008,"{""11110101"":38,""00100110"":8,""11000010"":9,""01100001"":33,""01001010"":22,""01100011"":29,""00100011"":56,""01001001"":61,""01010011"":17,""11100011"":18,""10000011"":8,""10000101"":11,""00100101"":18,""10010011"":52,""11110010"":36,""01110100"":8,""01000001"":36,""01100111"":16,""01000100"":17,""11110011"":58,""10100001"":33,""00110001"":15,""00100100"":17,""00101010"":33,""00100010"":29,""00001011"":29,""11010010"":9,""11110000"":27,""11010101"":16,""01100000"":23,""00001001"":25,""10010001"":52,""00010001"":12,""10100011"":16,""00000001"":16,""10100010"":9,""10110001"":18,""10010010"":42,""01100101"":34,""00100001"":41,""00000011"":32,""10010111"":25,""00000010"":9,""01000011"":39,""00010011"":17,""11010011"":17,""11110110"":19,""10000001"":20,""11110001"":56,""10010101"":23,""00101000"":19,""00110111"":8,""01010010"":7,""01100100"":13,""00101011"":69,""01111001"":29,""11000101"":15,""01110001"":17,""01010100"":7,""01110110"":7,""00010111"":5,""01110111"":5,""01110011"":23,""00110101"":10,""01100110"":11,""11111100"":15,""01011001"":15,""01110010"":11,""01000101"":21,""11110111"":19,""10111000"":13,""00111111"":6,""01110101"":10,""10010100"":22,""00000110"":4,""10110101"":13,""01000010"":17,""01000000"":21,""11000000"":7,""10010000"":20,""01101010"":21,""11100000"":10,""00000101"":8,""01101011"":34,""11010000"":10,""00111010"":12,""10110010"":11,""10100101"":11,""11100001"":19,""00100111"":10,""00010000"":8,""10110111"":8,""01101100"":10,""01000110"":14,""10110110"":9,""10110011"":20,""10001011"":3,""11111000"":22,""01001011"":41,""10010110"":11,""00110011"":26,""00001100"":10,""01000111"":10,""01100010"":19,""11000111"":8,""11100101"":12,""10000111"":8,""11000110"":1,""11011111"":3,""11111011"":66,""10001001"":21,""11011000"":9,""10011111"":15,""01111100"":10,""00111011"":15,""00101101"":24,""00101111"":18,""10011110"":20,""01111011"":32,""10011001"":67,""11101001"":21,""10101010"":19,""01101111"":10,""01101101"":18,""11001001"":15,""01001111"":16,""10011011"":62,""01011011"":16,""01101001"":31,""01111111"":7,""01001000"":15,""00101001"":66,""00011011"":15,""10111001"":33,""01011101"":2,""11011011"":22,""01111101"":16,""11101101"":10,""11011110"":3,""11111110"":10,""11111101"":40,""11111001"":73,""10101001"":19,""10111101"":10,""01001100"":17,""11111111"":28,""01001101"":16,""10011101"":33,""00101110"":7,""00111001"":29,""10101000"":10,""10001010"":8,""00001101"":9,""00111000"":12,""10111011"":26,""10011000"":23,""11111010"":38,""10111100"":10,""11101100"":5,""11101011"":18,""11001000"":7,""01010001"":10,""11110100"":14,""11010110"":3,""00110110"":4,""00010100"":6,""11010001"":22,""11100110"":4,""01010101"":10,""00000000"":4,""00000111"":7,""01110000"":7,""10110000"":16,""01010111"":5,""10000010"":9,""11000011"":15,""11010100"":5,""10000100"":7,""00100000"":13,""10000000"":2,""11011001"":22,""11001100"":4,""10000110"":6,""00000100"":10,""00010010"":7,""11000100"":2,""11000001"":10,""10100111"":2,""10100110"":3,""00010110"":3,""01101000"":8,""10110100"":9,""00101100"":9,""00110000"":12,""11100100"":6,""11100010"":10,""11011010"":11,""10111111"":11,""10101011"":11,""10001110"":6,""01111010"":14,""00111110"":7,""00111101"":11,""10011010"":31,""00011001"":13,""11011101"":10,""10101111"":7,""01001110"":6,""10111010"":11,""10100100"":8,""00111100"":4,""00001000"":8,""11001101"":8,""11001011"":14,""10101101"":10,""00110100"":8,""11100111"":4,""01010000"":8,""00010101"":4,""11010111"":3,""10001111"":5,""10011100"":20,""01011111"":8,""10101100"":6,""00011010"":7,""00001010"":9,""11101000"":7,""10001101"":7,""10001000"":3,""10001100"":6,""10101110"":4,""11101110"":2,""10111110"":5,""11101010"":11,""00001110"":6,""01101110"":10,""01011010"":7,""01111110"":4,""10100000"":10,""11001010"":3,""00011101"":6,""00001111"":2,""00011100"":2,""01111000"":4,""11001111"":2,""00110010"":13,""11011100"":4,""01011000"":7,""00011111"":3,""01011100"":2,""01010110"":3,""00011000"":1,""01011110"":2,""11101111"":1}"
73,x,4000,-0.040000000000000036,0.6635,0.11099999999999999,-0.0044999999999999485,0.10650000000000004,0.7244999999999999,-0.3314999999999999,-0.27049999999999996,"{""11101110"":2,""11011100"":36,""10011101"":32,""11111100"":28,""11000000"":87,""01011000"":45,""11010101"":53,""11001100"":83,""11011101"":63,""11111001"":44,""01001000"":44,""01011100"":22,""01001100"":41,""11011000"":73,""01011001"":43,""11001001"":102,""11011010"":26,""00001001"":35,""11000011"":26,""00001000"":34,""11001101"":93,""00001011"":5,""01000110"":8,""00001100"":31,""11001000"":69,""11011001"":91,""10011110"":10,""01001001"":52,""01011010"":3,""11011111"":5,""01001101"":50,""10010100"":17,""10011000"":35,""11001010"":19,""10111101"":2,""10011001"":53,""00011100"":15,""00001010"":14,""10001001"":49,""00010100"":13,""10001101"":39,""00100101"":3,""10011010"":14,""11111000"":21,""11011110"":8,""10001100"":35,""00101001"":3,""11111110"":6,""01001111"":10,""11001011"":14,""10111000"":2,""01001110"":6,""11001111"":6,""10011011"":8,""10101111"":2,""11000100"":109,""00111110"":1,""01010100"":32,""11000001"":108,""11011011"":16,""01000001"":56,""10110110"":2,""01000000"":54,""10000001"":34,""11000111"":11,""11010100"":60,""11010000"":71,""11010010"":18,""00010001"":28,""00000101"":39,""11010001"":70,""10010101"":27,""11110110"":9,""11110100"":22,""10000000"":37,""11110101"":26,""01010010"":16,""11000010"":27,""00100100"":1,""10000100"":28,""11000101"":95,""10000011"":9,""10010000"":22,""11110010"":9,""00000100"":40,""01100010"":2,""11100000"":8,""01010101"":22,""01000100"":42,""00000010"":6,""01000010"":14,""10010001"":34,""01010001"":33,""00010000"":22,""11010110"":15,""01000101"":60,""00010110"":4,""01101001"":3,""00000011"":12,""11100001"":15,""11110000"":18,""01010011"":7,""11111101"":23,""00000001"":37,""10110111"":1,""01000111"":7,""00010010"":7,""11110011"":2,""00000000"":32,""01010000"":23,""01110000"":8,""00001111"":4,""11010111"":6,""11000110"":15,""10000111"":4,""10100000"":3,""10000101"":31,""00010111"":4,""11100011"":3,""11110001"":20,""01000011"":8,""10110011"":2,""00010011"":2,""10100100"":1,""01100000"":3,""10001000"":37,""00111001"":11,""11001110"":13,""11100110"":4,""11101000"":8,""11101001"":7,""01001010"":13,""01111001"":6,""00111100"":3,""00111101"":8,""00111111"":1,""01011101"":24,""00011001"":26,""10011111"":4,""10001011"":12,""11101010"":3,""01111100"":6,""10101010"":2,""01011011"":7,""10111100"":3,""00011010"":10,""01111101"":2,""00011000"":20,""00011101"":17,""00001101"":33,""10001010"":7,""10100101"":4,""10011100"":22,""00011110"":7,""00010101"":17,""01101000"":3,""01101010"":1,""11101101"":8,""11111011"":5,""10111001"":5,""01001011"":12,""10101100"":5,""11010011"":7,""11100101"":10,""10100001"":3,""00110000"":6,""10110001"":5,""01100001"":6,""00001110"":8,""11100100"":12,""10010011"":5,""00100001"":5,""00110100"":6,""00110001"":8,""00000110"":9,""01110001"":4,""10010110"":6,""10100111"":1,""11100010"":2,""01010111"":3,""01010110"":6,""01110100"":1,""10110100"":1,""10010010"":6,""01100101"":3,""10110000"":6,""00000111"":5,""10000010"":7,""10111011"":1,""00011111"":5,""10101001"":3,""10001110"":4,""00101101"":3,""01011111"":3,""01101100"":2,""00111000"":5,""11111010"":9,""10010111"":5,""00011011"":5,""10101000"":4,""00110101"":3,""00101100"":3,""11100111"":2,""01101101"":3,""10101101"":4,""01111011"":3,""11101011"":2,""10001111"":4,""11111111"":3,""10110101"":1,""01111111"":2,""00110010"":3,""10000110"":4,""00110011"":1,""01100011"":1,""01110101"":2,""00100000"":3,""11101100"":4,""10111010"":1,""00111011"":1,""01111000"":1,""00110111"":2,""11110111"":2,""10100010"":1,""10111110"":1,""10111111"":1,""00100111"":1,""10100011"":1,""01100110"":1,""00111010"":1,""01011110"":1,""01111010"":1}"
74,x,4000,-0.4950000000000001,0.3145,0.28,-0.0009999999999998899,0.10850000000000004,0.16400000000000003,0.16300000000000003,-0.6165,"{""11001001"":104,""10001001"":102,""10111001"":79,""01011101"":7,""10010011"":32,""10111011"":29,""01001001"":26,""01001101"":21,""10111101"":79,""10101010"":17,""11001010"":14,""00101010"":6,""11111001"":29,""10101101"":20,""11011001"":58,""10001101"":56,""00101011"":5,""01011000"":8,""11111111"":11,""10001110"":14,""00011001"":13,""11101000"":7,""10001000"":29,""11101011"":17,""11111101"":21,""10011000"":26,""10101111"":12,""01001111"":14,""00000000"":6,""10001100"":23,""11001111"":25,""10101001"":73,""11111010"":5,""10001111"":45,""10111010"":15,""11111011"":10,""11011011"":26,""11011000"":23,""00101001"":8,""11101001"":27,""11000101"":54,""10001011"":27,""10011011"":27,""01011100"":8,""01101110"":2,""10011001"":51,""11001110"":10,""10100011"":59,""10011101"":19,""00111010"":2,""01011001"":23,""10101110"":8,""10111111"":44,""00011111"":2,""10111100"":21,""00101101"":6,""00111111"":6,""10010001"":68,""10001010"":16,""11000001"":77,""00111101"":9,""01101001"":15,""11011111"":12,""11011101"":15,""01111101"":12,""10111000"":39,""10010111"":12,""00111011"":5,""01011111"":5,""11100001"":25,""11111100"":5,""11000011"":36,""11001000"":40,""01001110"":4,""11001100"":19,""11011010"":7,""10000011"":45,""00001000"":5,""11001101"":66,""10101000"":22,""10110001"":88,""11010000"":25,""10101011"":38,""10010000"":14,""10011111"":11,""11100011"":20,""00111001"":17,""01001000"":12,""01101111"":3,""10110100"":20,""00001111"":9,""01011011"":11,""11001011"":32,""11111000"":6,""11101111"":7,""11101010"":4,""11100101"":14,""00000111"":6,""10100101"":32,""10000010"":18,""10110111"":33,""10110101"":61,""01000001"":35,""10100001"":79,""10000001"":89,""11110100"":8,""10000101"":58,""01010011"":8,""01000111"":13,""00100111"":4,""10000000"":28,""01010101"":10,""10010101"":21,""00110001"":10,""00000001"":9,""11010010"":9,""01110111"":6,""01110101"":6,""11000111"":28,""01010001"":30,""10000111"":49,""11000100"":13,""10010110"":4,""10110011"":47,""11110000"":11,""10011010"":13,""10100000"":26,""11010001"":67,""01110100"":3,""11010101"":16,""00010000"":1,""11110011"":14,""01000010"":8,""10000100"":20,""11000000"":24,""01000101"":12,""11010110"":3,""01000011"":8,""10100111"":16,""10110000"":23,""01101000"":3,""01100001"":6,""11101101"":12,""01001011"":6,""00001001"":17,""01110011"":5,""00001101"":13,""01101101"":4,""00101111"":2,""10111110"":7,""11100111"":9,""01110001"":8,""11110001"":20,""00000101"":11,""11010011"":39,""00110101"":8,""01110110"":1,""00011101"":3,""10010010"":12,""10110110"":11,""01010000"":13,""11110111"":10,""11100010"":13,""01000000"":9,""01100011"":8,""11000010"":14,""00010001"":11,""00010101"":3,""01100101"":4,""10110010"":16,""00010011"":4,""11110010"":2,""11010100"":11,""11000110"":7,""01111000"":4,""00100001"":12,""00100101"":5,""00110111"":5,""00000010"":5,""00000011"":9,""10010100"":9,""00110011"":10,""00100010"":3,""00001110"":3,""00100011"":8,""00011011"":10,""00111000"":5,""00110010"":2,""10000110"":6,""01111111"":4,""11100100"":3,""10100010"":16,""00000110"":2,""11110101"":9,""01110010"":1,""11010111"":7,""11100000"":9,""10100110"":3,""00100000"":6,""01100000"":4,""01100111"":1,""00110110"":1,""01110000"":5,""01000110"":3,""00010111"":6,""00110100"":1,""11011110"":2,""11101100"":7,""00101110"":1,""01011010"":3,""00101000"":2,""01001010"":4,""11101110"":3,""01101011"":3,""11111110"":3,""01010010"":1,""01111001"":5,""01010100"":2,""00001100"":3,""00001011"":3,""01101010"":3,""10101100"":3,""01100010"":1,""00011010"":3,""11011100"":5,""00000100"":2,""10011110"":6,""00011100"":4,""01001100"":7,""10011100"":6,""01111011"":4,""01111100"":3,""00111100"":3,""11110110"":4,""00100100"":4,""10100100"":6,""00011110"":1,""00001010"":1,""00010110"":1,""00010010"":2,""01000100"":3,""00100110"":1,""00110000"":1,""11100110"":2,""00011000"":2,""01100100"":1}"
75,x,4000,0.07450000000000001,0.641,0.16700000000000004,-0.043500000000000094,-0.07099999999999995,0.28200000000000003,0.07150000000000001,-0.7335,"{""11001101"":34,""01001000"":10,""01011111"":7,""10111101"":34,""11101010"":7,""00111011"":3,""10101011"":13,""10011100"":90,""00011000"":19,""11101001"":48,""10011011"":31,""11011000"":67,""11101000"":52,""10011000"":131,""10111000"":42,""10011001"":108,""11001100"":57,""11011100"":39,""10101001"":46,""10001000"":47,""11011110"":3,""01011100"":19,""11011101"":30,""10100111"":4,""10001100"":53,""01111000"":7,""00111100"":8,""11010000"":80,""10011101"":77,""10001101"":42,""11001011"":29,""11011001"":59,""10101101"":31,""11001000"":62,""01001011"":1,""10101111"":8,""11001111"":4,""01101100"":6,""00011100"":6,""10111100"":37,""01011000"":18,""10100000"":42,""01111111"":2,""11001001"":61,""00101001"":2,""00101011"":2,""10010001"":85,""10001001"":28,""11111100"":8,""10011010"":17,""00011111"":4,""11011111"":10,""01101000"":13,""01011011"":4,""00011001"":4,""10101000"":50,""00001010"":1,""11101100"":47,""11100100"":49,""11000100"":43,""11010101"":36,""10100001"":30,""10000100"":32,""11000111"":10,""00110000"":8,""11110011"":2,""10000101"":26,""10100101"":14,""11000001"":46,""11010110"":5,""10010101"":55,""01110110"":1,""10010000"":124,""00010000"":9,""10010100"":88,""11110001"":6,""11100111"":16,""01010000"":18,""11000101"":36,""01110011"":2,""10010011"":31,""11100011"":15,""11010100"":50,""10110101"":19,""10010110"":14,""10100100"":35,""11100000"":58,""00000000"":4,""10010111"":14,""11000110"":3,""11000011"":27,""11010010"":15,""10000000"":54,""01010001"":15,""01010101"":10,""10111011"":11,""10110100"":33,""11100101"":36,""11010001"":40,""01110100"":4,""00010111"":1,""10111001"":41,""11100110"":6,""10110111"":6,""10110001"":20,""10000011"":12,""10110010"":5,""11010111"":7,""11000000"":61,""11100010"":11,""00111000"":10,""11110100"":10,""11100001"":49,""11101101"":36,""01100111"":2,""01000100"":7,""00010101"":9,""10111010"":10,""00111001"":7,""10111111"":9,""11111001"":12,""01111001"":9,""01101001"":11,""11001010"":9,""11101111"":11,""11101011"":14,""10110000"":46,""00001000"":2,""11011011"":13,""10101010"":6,""10011110"":16,""11111000"":9,""10101100"":26,""10001110"":8,""00011011"":2,""10001111"":4,""11111101"":7,""01101011"":5,""10011111"":17,""11001110"":11,""11011010"":7,""01111100"":7,""01011001"":9,""01101101"":11,""10000001"":30,""00101100"":5,""10001011"":6,""11101110"":7,""01011101"":5,""00101000"":5,""00111010"":5,""00011010"":2,""00001111"":1,""01001101"":6,""10000010"":9,""01010100"":17,""11110000"":6,""11000010"":10,""00100000"":3,""10010010"":21,""10110011"":12,""01100001"":6,""00110001"":8,""01010110"":3,""00010011"":5,""10100010"":7,""10000111"":5,""11110010"":3,""01100100"":7,""00110100"":5,""00110011"":3,""10100011"":10,""10111110"":3,""11110101"":6,""01001100"":2,""01011010"":3,""01101111"":2,""01000101"":7,""01001001"":4,""00001001"":1,""10101110"":4,""01100011"":5,""01100000"":12,""10110110"":5,""11010011"":21,""10000110"":5,""00100101"":3,""00000100"":3,""00010110"":1,""00111101"":6,""00101101"":1,""00001100"":3,""00010100"":4,""01000001"":3,""01110000"":5,""01000000"":7,""11111110"":1,""01100101"":6,""00100100"":3,""10100110"":2,""01010010"":1,""00110110"":4,""00000001"":3,""01100110"":1,""01000011"":6,""00010001"":3,""11111011"":3,""01010011"":6,""01110001"":3,""01010111"":5,""01000110"":3,""00110101"":3,""00100001"":3,""00100011"":3,""00011101"":4,""01101010"":1,""10001010"":4,""11111111"":2,""00101111"":1,""01111101"":4,""01001111"":1,""00111110"":1,""00001101"":3,""00011110"":1,""01111010"":1,""01100010"":1,""01011110"":1,""01000111"":2,""01110101"":1,""00110111"":1}"
76,x,4000,-0.5045,0.1725,0.23099999999999998,-0.020000000000000018,-0.01750000000000007,0.32499999999999996,-0.5035000000000001,0.5625,"{""10101110"":8,""01001111"":77,""01101011"":47,""01011000"":61,""01101101"":21,""01001001"":123,""01011111"":101,""01011101"":69,""01101111"":61,""01001110"":22,""01101110"":22,""01101001"":126,""01011001"":250,""00011001"":31,""01010001"":180,""01000011"":46,""10001001"":36,""01011100"":23,""00100111"":14,""11011001"":34,""00101101"":2,""01001000"":35,""10101001"":51,""10101111"":11,""01110100"":5,""10011001"":51,""10111001"":32,""11101001"":12,""10001010"":3,""01001011"":34,""00101011"":5,""10101101"":8,""01011010"":22,""01001100"":11,""11011110"":4,""10011100"":5,""10101000"":6,""01000101"":24,""00101001"":19,""01011011"":77,""01100011"":51,""01010111"":103,""11010001"":15,""10111101"":6,""11011000"":4,""10001110"":4,""11011011"":9,""00111111"":4,""11110111"":3,""10101011"":13,""01000001"":94,""01100111"":72,""01011110"":45,""01111110"":2,""01001101"":32,""01000111"":76,""01001010"":9,""01010101"":75,""00000111"":15,""01100001"":104,""01010110"":53,""00100001"":12,""11100010"":2,""01010010"":25,""01110101"":18,""10000110"":6,""10000010"":5,""01110111"":16,""01010011"":64,""10100101"":9,""01000110"":26,""01010100"":29,""01100000"":29,""01010000"":74,""01100101"":28,""10000111"":10,""01000000"":41,""00010011"":9,""01100110"":31,""00100100"":3,""10110000"":9,""10100110"":11,""10100111"":12,""10110010"":6,""10100001"":30,""10010101"":14,""10110011"":7,""00100011"":9,""10000000"":6,""10010110"":8,""11000001"":8,""11010000"":3,""10000100"":1,""01100010"":14,""00010101"":6,""01101010"":7,""00010010"":4,""10110001"":16,""10000011"":10,""11100001"":5,""10100011"":13,""10010000"":9,""00011011"":11,""01110110"":5,""01110001"":29,""00101000"":5,""01111000"":10,""00011111"":10,""10010011"":11,""10000001"":21,""11010010"":1,""01101100"":12,""11010101"":6,""10110110"":5,""11000101"":1,""11110110"":1,""00010111"":7,""01101000"":27,""11101111"":4,""10011111"":12,""01111001"":43,""10001111"":9,""11101000"":3,""01111101"":6,""10001101"":8,""00011010"":1,""01111111"":10,""01111011"":9,""10101010"":3,""00101111"":10,""00001010"":4,""10111111"":5,""11101110"":4,""10011101"":12,""00010100"":5,""01110000"":10,""11011101"":6,""11100000"":6,""11100011"":8,""00010000"":7,""00010001"":25,""10010100"":7,""10010001"":25,""01110011"":15,""11010011"":6,""00000001"":16,""00011110"":8,""00011000"":2,""00001001"":12,""10110101"":1,""11111111"":2,""00011101"":8,""01000100"":8,""11001001"":11,""10011010"":3,""11001000"":3,""00101010"":3,""00000011"":8,""10000101"":10,""11000110"":4,""00110111"":4,""11110000"":2,""00111001"":9,""00010110"":5,""00000100"":2,""01000010"":13,""10011011"":7,""10111011"":7,""00001101"":4,""00111110"":2,""10001011"":5,""10001000"":8,""10010010"":6,""11110100"":2,""00000010"":4,""01111100"":2,""01100100"":9,""01110010"":2,""00100110"":6,""11100101"":2,""00100000"":3,""10100010"":3,""11001111"":4,""11001010"":1,""11011111"":9,""11001100"":2,""11011100"":2,""00011100"":2,""00001000"":1,""00001111"":8,""00001100"":1,""10111010"":3,""10101100"":2,""00111101"":1,""10110100"":2,""11010110"":3,""11100111"":8,""11110011"":1,""10100000"":6,""11010100"":3,""00000110"":2,""11001110"":3,""00101110"":4,""00001011"":5,""10011000"":6,""10010111"":13,""10111100"":2,""11000011"":4,""00001110"":2,""01111010"":2,""11111001"":3,""11111110"":1,""10111000"":4,""11101011"":2,""11100110"":5,""11000010"":1,""00100010"":2,""10001100"":2,""11010111"":5,""10100100"":3,""00110101"":1,""10111110"":3,""00000101"":5,""11001011"":2,""00000000"":4,""10110111"":2,""11000111"":1,""11110001"":3,""00110001"":2,""00111011"":1,""00110011"":1,""11000000"":1,""00110110"":1,""11001101"":1,""11011010"":1,""11111000"":1,""10011110"":3,""11101101"":1,""00100101"":1,""11110010"":1}"
77,x,4000,-0.03299999999999992,0.01100000000000001,0.019499999999999962,0.0034999999999999476,-0.0734999999999999,-0.18300000000000005,0.16849999999999998,-0.121,"{""10111010"":36,""10011001"":13,""00111010"":52,""01011101"":14,""10001111"":29,""00111101"":44,""00111011"":32,""10110011"":27,""01101010"":18,""11101010"":42,""01111010"":32,""10111101"":32,""11101000"":26,""10011111"":35,""10101111"":14,""00101101"":27,""11101111"":33,""11001010"":31,""11010000"":11,""00011000"":11,""11001101"":25,""01011011"":9,""01101011"":6,""11011001"":12,""10011000"":26,""00101011"":17,""10001001"":17,""11011000"":11,""11111011"":4,""11001001"":18,""01111000"":21,""11101110"":16,""10000101"":26,""01001101"":10,""00111000"":32,""10101011"":12,""00111111"":30,""10110111"":19,""01010101"":17,""10100000"":12,""01111100"":13,""00111001"":43,""10100010"":5,""01101111"":12,""00101000"":15,""10111000"":29,""01111001"":15,""10110101"":38,""01101110"":8,""00011001"":3,""10111011"":20,""01100010"":16,""01001001"":7,""11001111"":17,""01111111"":16,""10011011"":19,""10001101"":16,""00010111"":10,""11101101"":32,""11111010"":8,""01011000"":6,""00111100"":24,""10101100"":11,""00101111"":18,""00100011"":20,""10001000"":30,""01111101"":27,""11001110"":13,""01001110"":8,""00001101"":4,""00101001"":19,""10001011"":16,""00001010"":6,""10111001"":18,""01111110"":10,""00100000"":30,""10111111"":21,""00101110"":10,""11100100"":15,""11010101"":16,""01110010"":25,""01100100"":12,""10111100"":13,""10100111"":15,""00010101"":15,""01000110"":2,""11100000"":32,""10010111"":28,""11110101"":9,""11100001"":16,""00110101"":44,""10010101"":48,""00100110"":13,""10000001"":15,""01100101"":9,""10000010"":30,""10110010"":28,""11000010"":21,""11100111"":25,""00010100"":5,""10010011"":23,""01110101"":25,""11000111"":23,""00110100"":29,""00000000"":6,""00110010"":52,""10010010"":36,""10010000"":26,""01010010"":13,""10110100"":31,""11000001"":21,""10000000"":23,""11100110"":15,""11000101"":33,""01010000"":7,""01110000"":15,""11000000"":17,""00110000"":40,""00110001"":14,""10000100"":20,""11100101"":38,""01010111"":11,""01000101"":6,""11010010"":10,""00100101"":26,""10100001"":12,""10110110"":16,""00100010"":19,""00110111"":46,""00010010"":10,""01100001"":6,""01000111"":9,""10101010"":17,""00100100"":19,""00000011"":1,""01100011"":11,""10110000"":15,""00110011"":23,""11001000"":18,""11100010"":25,""10010110"":12,""00010001"":4,""01101000"":9,""10100100"":16,""01110011"":10,""01010100"":15,""11010111"":8,""10010100"":24,""10110001"":19,""11000100"":16,""01110001"":14,""10000111"":27,""01100000"":6,""01100110"":9,""10000011"":20,""11010110"":7,""11110000"":6,""11000011"":23,""11100011"":17,""10100101"":18,""00100001"":11,""11000110"":9,""01110100"":14,""01110111"":17,""11110010"":10,""01100111"":15,""01110110"":12,""00100111"":21,""00011101"":16,""10101110"":8,""10011101"":24,""10101000"":16,""10001100"":12,""00111110"":19,""10111110"":14,""10001010"":23,""11101011"":17,""00011010"":16,""10101001"":10,""01101100"":10,""11011101"":9,""00101010"":26,""11001100"":18,""00001111"":3,""11011010"":17,""01101101"":13,""00011011"":5,""01101001"":13,""11101100"":18,""10011100"":9,""00011111"":15,""00101100"":13,""10011110"":11,""01001000"":7,""10011010"":42,""01010001"":8,""11111100"":3,""01111011"":15,""11101001"":20,""00010000"":9,""00000110"":3,""00010110"":2,""00000001"":3,""00000101"":6,""01010110"":8,""00110110"":18,""10100011"":12,""01000011"":6,""11010001"":10,""10010001"":12,""00000010"":9,""11110100"":9,""11110011"":8,""01000000"":7,""01000010"":4,""01011111"":15,""11110110"":3,""10000110"":10,""11111000"":10,""01001010"":4,""10101101"":16,""10001110"":7,""00011100"":11,""11001011"":15,""11011011"":4,""11011100"":6,""11111111"":9,""00001001"":4,""01011100"":6,""01001011"":5,""01011110"":7,""00011110"":9,""11111001"":4,""11111101"":4,""01001111"":4,""11111110"":5,""01001100"":2,""00010011"":4,""01010011"":8,""11110111"":8,""11010100"":4,""00001000"":3,""00001011"":4,""01011010"":12,""11011110"":7,""01011001"":5,""11011111"":11,""00000111"":3,""01000100"":6,""00001100"":2,""00000100"":4,""11010011"":6,""01000001"":2,""11110001"":5,""10100110"":4,""00001110"":2}"
78,x,4000,0.46299999999999997,0.683,0.046499999999999986,0.013499999999999956,0.04949999999999999,-0.09050000000000002,0.4,-0.4575,"{""10011100"":58,""10100000"":163,""00101000"":26,""10111001"":33,""11011001"":12,""10111000"":97,""10101111"":18,""11011100"":26,""10111100"":98,""11001000"":58,""01101100"":12,""10011000"":69,""01100100"":15,""01011001"":13,""11001111"":1,""00011101"":14,""01000101"":3,""10011001"":27,""10101000"":169,""10101001"":62,""10111010"":27,""11111000"":10,""10101010"":29,""11101000"":39,""01001111"":5,""00011000"":35,""10111101"":31,""11101100"":23,""11011111"":5,""00010100"":44,""10101100"":114,""11010101"":6,""10011101"":33,""11011000"":31,""10011010"":12,""00001000"":42,""10101110"":15,""10010100"":91,""11011110"":6,""11011010"":4,""00001101"":16,""10111011"":12,""10100101"":52,""10101011"":17,""10100001"":41,""11010111"":4,""01101001"":5,""11001101"":10,""00111000"":6,""11101011"":6,""11111100"":6,""00011011"":4,""01011101"":9,""01111100"":8,""00001100"":34,""00011001"":15,""11011101"":10,""01101000"":13,""10001001"":7,""00111001"":5,""00001001"":9,""00101100"":21,""01001011"":2,""10101101"":51,""01011010"":5,""11001100"":35,""10010010"":15,""01011000"":36,""10100100"":145,""11010100"":39,""00010000"":31,""10110100"":115,""01000001"":8,""11010000"":36,""00000001"":12,""10110101"":41,""10110000"":108,""11100000"":35,""10100010"":18,""11100001"":9,""01010000"":42,""00100000"":28,""11000100"":51,""11110101"":6,""01010100"":27,""10000100"":15,""00000100"":34,""10010000"":69,""11000111"":6,""11100100"":37,""00100110"":4,""11010001"":10,""11000001"":15,""10110110"":17,""00100101"":7,""11110001"":3,""10010001"":22,""11010011"":4,""01010101"":13,""10000011"":2,""10100111"":22,""11100010"":10,""00010111"":4,""00000000"":36,""10110010"":20,""10110011"":11,""01000100"":24,""01000000"":21,""11000000"":41,""10010111"":8,""00010001"":8,""00101001"":13,""10110001"":30,""00000101"":6,""11100011"":5,""11110010"":5,""01001000"":14,""11000110"":6,""01100011"":2,""10010101"":22,""01010001"":8,""10000101"":6,""10010011"":6,""00100100"":29,""11110100"":7,""00010101"":13,""10110111"":10,""00000110"":7,""11000011"":1,""10010110"":10,""00110001"":3,""10000001"":5,""11001110"":7,""00001110"":2,""10001101"":3,""11000101"":8,""01010010"":4,""11010110"":4,""01000110"":3,""10000000"":11,""11000010"":10,""00111100"":6,""10111111"":6,""10011110"":9,""01100000"":9,""01001100"":21,""10001100"":10,""11100101"":8,""00010110"":11,""01110100"":8,""01100010"":4,""00000010"":7,""11110111"":2,""00100010"":3,""00110000"":5,""11110000"":14,""01100101"":2,""10000110"":3,""11100111"":4,""01011100"":24,""00101101"":7,""10000010"":4,""10100110"":14,""01000111"":2,""11101001"":16,""01100001"":3,""10100011"":5,""01110001"":2,""00100001"":5,""01010011"":2,""10001010"":8,""01001001"":8,""01001010"":6,""10011011"":5,""11001001"":21,""11111101"":1,""10011111"":10,""01001101"":9,""01011111"":4,""11101101"":8,""00011010"":6,""00101010"":8,""00101011"":1,""01101101"":3,""10001000"":14,""10111110"":10,""00100011"":2,""00011100"":31,""00101111"":4,""01111101"":2,""01111110"":1,""11111001"":2,""00110010"":1,""01011110"":5,""00011111"":3,""01010110"":3,""11100110"":1,""00111101"":1,""01111000"":7,""00001111"":2,""00011110"":5,""10001110"":2,""11101110"":3,""00111010"":1,""01101011"":2,""01101010"":3,""01011011"":3,""11111111"":1,""11001010"":6,""01111010"":2,""00001010"":8,""10001111"":1,""00111111"":2,""01010111"":3,""01110000"":3,""00010010"":3,""01110011"":1,""11110110"":2,""11101010"":6,""01111111"":1,""01111001"":1,""10000111"":2,""00110110"":2,""01110101"":4,""11010010"":5,""00000111"":2,""00010011"":2,""01100110"":1,""01001110"":3,""00110100"":2,""11011011"":2,""11001011"":3,""11111110"":1,""11101111"":2,""00001011"":1,""01110010"":1,""00100111"":1}"
79,x,4000,0.28200000000000003,-0.033500000000000085,0.08350000000000002,0.020499999999999963,0.32099999999999995,0.55,0.08199999999999996,-0.19700000000000006,"{""01111110"":4,""10001001"":40,""10000111"":39,""00111010"":6,""11111111"":7,""01011110"":18,""01111100"":7,""11001110"":40,""11001100"":45,""01011101"":6,""10010010"":27,""00001000"":35,""00110010"":2,""10111000"":13,""01001101"":19,""00101011"":18,""01011000"":28,""11001010"":40,""11011000"":21,""10001111"":41,""10001100"":65,""01101111"":2,""10001000"":86,""00101111"":9,""10001101"":24,""11010001"":12,""00001101"":12,""10111110"":18,""11011011"":20,""00101110"":30,""00011000"":12,""01111010"":18,""11111101"":3,""01001111"":23,""11001000"":64,""00001001"":18,""01000101"":21,""11111110"":4,""10000010"":49,""11000100"":58,""11111010"":17,""11011010"":30,""00101001"":7,""00101010"":15,""00000110"":33,""00011110"":7,""01001001"":12,""10011011"":22,""01001110"":29,""11111000"":12,""11000011"":31,""10011010"":33,""00101000"":23,""10011100"":15,""00001011"":12,""00010101"":5,""10110011"":12,""00011010"":11,""11101100"":6,""10000110"":68,""11011100"":10,""10101001"":5,""01101001"":3,""01011010"":23,""01000011"":33,""10001110"":59,""00101100"":22,""00101101"":7,""10011000"":24,""01111000"":19,""10110101"":7,""01011001"":9,""10111100"":10,""10011110"":23,""10001010"":62,""01001011"":30,""11001011"":40,""10111010"":13,""00011100"":7,""00000001"":11,""01001000"":36,""01011100"":10,""11010100"":16,""01001100"":33,""00001100"":23,""10111111"":12,""10011001"":14,""11000110"":57,""01001010"":33,""01000100"":39,""10000011"":49,""10001011"":52,""00001110"":21,""10111001"":7,""01000110"":39,""10011111"":9,""01010110"":25,""01101000"":3,""00100111"":19,""11111011"":5,""11001101"":22,""11000101"":33,""11011110"":10,""00100000"":25,""11001001"":18,""10010110"":40,""01011111"":8,""00100011"":14,""00011111"":4,""00111111"":4,""11011111"":3,""11101011"":8,""00010011"":8,""10111101"":3,""01000000"":47,""10010000"":30,""00001010"":22,""11111001"":4,""11100110"":6,""00111101"":3,""00111110"":6,""00110100"":4,""11000010"":32,""00111100"":5,""10011101"":9,""00100100"":23,""01101110"":2,""00010000"":10,""00001111"":8,""11111100"":3,""10101100"":10,""10000100"":58,""01111101"":2,""11011001"":8,""10101110"":2,""11101000"":3,""00000010"":21,""00111011"":3,""01100000"":2,""01101011"":3,""10000101"":28,""10010001"":11,""01000001"":16,""00100110"":25,""11110011"":6,""01010011"":14,""11010010"":21,""11000000"":52,""11010110"":23,""00000101"":10,""10010011"":20,""10010101"":12,""11110110"":5,""11110000"":17,""10000001"":33,""01010010"":16,""11000111"":33,""10110010"":15,""11110010"":14,""11010011"":13,""00000100"":36,""01000010"":26,""01010001"":14,""00100001"":20,""00100101"":10,""01110110"":5,""10110111"":12,""11000001"":22,""01110101"":2,""01000111"":24,""00000011"":20,""00100010"":14,""11100100"":4,""01110010"":12,""11110101"":3,""10100000"":3,""11010111"":9,""01011011"":12,""01111001"":6,""10100011"":3,""10000000"":69,""11101110"":2,""00111000"":9,""00010010"":9,""11001111"":19,""01101010"":1,""10111011"":12,""00010110"":10,""01111111"":3,""01010000"":23,""10100101"":1,""10100111"":5,""10110110"":10,""00000111"":17,""01010100"":12,""01010101"":2,""00000000"":30,""11100010"":4,""01110011"":9,""00110001"":3,""11100000"":8,""00011101"":5,""10101011"":4,""11101111"":2,""10101111"":3,""00110000"":3,""11110111"":8,""10110000"":18,""00010100"":7,""10010100"":26,""10110100"":8,""00010001"":5,""11100111"":2,""11010101"":5,""01110000"":8,""11010000"":19,""10010111"":8,""10110001"":11,""01110100"":5,""11110001"":8,""01110111"":3,""01010111"":5,""10100010"":4,""11110100"":8,""01110001"":1,""11100011"":2,""00010111"":2,""01100011"":3,""00110110"":3,""00011001"":2,""10101000"":4,""00011011"":5,""11011101"":6,""10101010"":1,""10100001"":1,""01100111"":2,""01100110"":5,""10100110"":4,""01100010"":2,""01101100"":2,""11101010"":2,""10101101"":6,""01111011"":5,""00111001"":2,""00110011"":3,""11101101"":2,""01100001"":1,""00110101"":2,""11100101"":2,""00110111"":3,""10100100"":2,""01100100"":1,""11100001"":1}"
80,x,4000,0.34750000000000003,0.4155,-0.4384999999999999,-0.02750000000000008,0.18600000000000005,0.374,-0.5840000000000001,-0.08800000000000008,"{""10111100"":22,""11111000"":17,""01101100"":44,""01001110"":37,""11001100"":125,""11011101"":46,""01001101"":57,""01001000"":39,""01010100"":63,""11011100"":95,""01111111"":9,""10011110"":6,""01011001"":8,""11101100"":48,""10011101"":16,""11011011"":9,""01011101"":32,""01001100"":132,""11110100"":30,""10111101"":9,""11011001"":12,""01011100"":89,""01100011"":6,""11100100"":67,""10011111"":2,""11001001"":20,""11011110"":29,""10101100"":13,""01101101"":20,""11001010"":30,""11010000"":17,""11101101"":34,""00000100"":19,""00011001"":5,""11101000"":22,""01111001"":3,""10011011"":6,""00111011"":3,""11001101"":60,""11111010"":12,""11001000"":45,""10111111"":3,""11111100"":29,""01111000"":11,""01100110"":17,""11101011"":4,""10001100"":48,""11010010"":16,""01011110"":22,""10011000"":8,""00111101"":8,""01011111"":15,""01001001"":13,""11001011"":13,""01001111"":19,""11011111"":18,""11101110"":23,""00001010"":6,""11011010"":24,""00110101"":7,""11000100"":109,""01011011"":11,""01011010"":14,""11111001"":8,""11111101"":23,""01000000"":33,""10000100"":48,""10101101"":7,""01000100"":130,""00001100"":34,""11001110"":48,""10011100"":29,""01100101"":26,""11011000"":22,""10001110"":11,""10000000"":16,""11111110"":18,""00111100"":23,""01101000"":10,""11001111"":19,""01101010"":13,""01111100"":34,""01001010"":26,""00001101"":6,""11101001"":7,""00111111"":6,""01101111"":9,""11101010"":7,""00011100"":9,""10001101"":15,""00001111"":4,""00001000"":11,""01110111"":7,""01001011"":15,""00101100"":4,""11100011"":6,""11100001"":9,""10100000"":8,""11000010"":28,""00000000"":9,""01110100"":47,""11100010"":12,""11010100"":85,""11010110"":26,""01000001"":23,""10100100"":9,""01100100"":43,""01110101"":22,""01000110"":29,""11000011"":14,""10010100"":22,""01000101"":53,""01010001"":7,""10000011"":8,""11110110"":13,""11100111"":8,""01010101"":37,""11100000"":17,""11000101"":58,""11000001"":20,""00000101"":14,""10000110"":9,""11100101"":32,""11110000"":7,""01010010"":13,""00110110"":6,""01011000"":19,""00100100"":8,""01000010"":23,""11000000"":42,""11000110"":29,""11000111"":20,""01010011"":10,""10010101"":17,""01110000"":7,""01100010"":14,""00010111"":1,""01100111"":5,""10000010"":9,""01000111"":22,""00000010"":7,""10110000"":4,""00110100"":24,""11010001"":8,""01100000"":19,""11110101"":18,""11010101"":30,""10000001"":11,""11100110"":14,""00000111"":3,""10100111"":2,""01010110"":23,""10010010"":5,""11010111"":17,""10100101"":8,""01010000"":18,""00000011"":5,""00010100"":9,""01101110"":15,""10000101"":10,""01100001"":5,""01010111"":13,""10100011"":2,""00010000"":7,""11110010"":5,""01000011"":10,""10110011"":4,""10000111"":6,""10110101"":8,""11110111"":12,""10100110"":3,""00101101"":3,""01110110"":11,""10001000"":10,""10110100"":11,""00010011"":2,""10010000"":5,""10010110"":6,""10010011"":3,""00010110"":2,""00111001"":2,""01110011"":10,""00110010"":5,""10110001"":3,""00010101"":3,""00110111"":1,""00100101"":2,""00000001"":3,""11010011"":10,""10110010"":1,""10110110"":4,""00000110"":4,""10100001"":1,""00110011"":2,""11110001"":2,""00100010"":1,""00100000"":5,""10101110"":8,""10010111"":3,""01111110"":10,""10001011"":7,""10001001"":4,""10001010"":9,""10111110"":4,""10101000"":2,""10011010"":7,""10111010"":1,""01101001"":3,""00011000"":5,""11111111"":6,""10101010"":4,""00011101"":2,""11111011"":2,""00011011"":3,""01111101"":13,""01101011"":3,""01111010"":7,""10111000"":3,""10001111"":2,""00001011"":4,""00011010"":2,""10101001"":2,""00100001"":2,""00111110"":4,""11101111"":2,""00001110"":5,""10101111"":2,""00001001"":2,""00101110"":3,""00100110"":1,""10011001"":2,""01111011"":2,""00101000"":2,""00101010"":1,""10100010"":3,""11110011"":4,""01110001"":2,""01110010"":4,""00110000"":2,""00010010"":1,""10010001"":1,""00110001"":2,""00011111"":1,""10110111"":1,""00101111"":1,""10111011"":1,""00101001"":1,""00111010"":1}"
81,x,4000,0.32299999999999995,-0.07850000000000001,-0.07299999999999995,0.0034999999999999476,0.033499999999999974,0.057499999999999996,0.10350000000000004,-0.15799999999999992,"{""11000100"":11,""10001110"":41,""10100010"":67,""01100010"":39,""01010010"":52,""01010110"":41,""01010011"":27,""01100000"":8,""10100110"":44,""10010101"":18,""11000010"":9,""01001110"":43,""10010010"":48,""01101110"":13,""10010100"":50,""01000010"":43,""10100000"":16,""01110000"":6,""01001010"":33,""10110010"":41,""00010101"":8,""01100001"":12,""10011101"":18,""10100011"":35,""01011110"":53,""11100000"":3,""01100111"":10,""10000010"":35,""01010101"":32,""10100101"":42,""10010001"":14,""10101000"":36,""11010001"":9,""01010100"":40,""00110101"":7,""11100101"":11,""11110001"":5,""01000100"":35,""01001100"":48,""01001111"":11,""00001001"":7,""11101100"":13,""00100011"":9,""01010001"":25,""10100100"":57,""10011010"":52,""11010100"":14,""00000000"":7,""10101111"":21,""01100101"":13,""01011100"":53,""10000110"":17,""10010011"":19,""00000101"":4,""01110010"":15,""01000001"":20,""01000101"":25,""10000100"":29,""10000000"":13,""11000000"":9,""10110101"":23,""10110110"":19,""10010110"":24,""01100110"":17,""10011100"":38,""10010111"":19,""10110100"":28,""10101110"":61,""01000110"":20,""00100010"":16,""11011010"":20,""00010011"":10,""01011010"":60,""10110000"":18,""00000100"":5,""10101101"":26,""01000000"":10,""10100001"":36,""00000110"":8,""01110100"":16,""10100111"":22,""11010110"":11,""01000111"":17,""01110110"":15,""10110111"":12,""00000010"":16,""00110000"":5,""00010100"":13,""10101010"":70,""10111110"":47,""01110011"":12,""00100101"":4,""00110111"":2,""10000101"":19,""11100010"":19,""00110110"":7,""00010110"":16,""11100001"":6,""00100100"":11,""00000011"":8,""11010011"":6,""01000011"":20,""11100011"":10,""11111110"":16,""10110011"":13,""00101111"":3,""01100011"":18,""10000111"":15,""10110001"":22,""01110111"":6,""00010111"":3,""10101100"":76,""11000110"":11,""00110100"":9,""11110110"":8,""00101000"":8,""01111010"":15,""10001010"":38,""10111111"":11,""11011001"":6,""10001100"":28,""10111000"":17,""10111010"":37,""10011000"":21,""11001100"":13,""01111100"":17,""01011101"":18,""10111001"":12,""10001101"":18,""00110010"":8,""11001010"":14,""00001101"":4,""11011100"":18,""10111101"":19,""10101011"":20,""11101110"":11,""01111110"":16,""01010000"":13,""00011001"":7,""00101101"":11,""10101001"":35,""10001111"":17,""01011000"":21,""10011110"":46,""01011111"":13,""10111100"":38,""00001100"":11,""10011011"":14,""00101001"":1,""01101100"":19,""01001011"":10,""11111100"":9,""00001110"":13,""10111011"":10,""10011001"":15,""11111001"":8,""01101010"":15,""11111111"":4,""01001001"":9,""00101110"":6,""01101111"":7,""11011011"":5,""11111010"":18,""11001111"":4,""01110101"":9,""11010010"":20,""11000011"":10,""11110010"":17,""11110000"":5,""11110101"":2,""11110100"":16,""10010000"":10,""11001101"":5,""11000001"":7,""00000111"":2,""11110011"":6,""10000011"":10,""01101101"":12,""11010000"":4,""00100001"":4,""01010111"":16,""11101101"":7,""01001000"":15,""11011110"":14,""01101001"":10,""10001011"":11,""11101111"":7,""00101100"":9,""11001000"":7,""01011001"":11,""11111101"":10,""00110011"":5,""10011111"":11,""10001000"":17,""01111001"":4,""00111100"":10,""11101000"":8,""11101010"":12,""00011101"":7,""11111000"":3,""00011110"":12,""00111110"":5,""01111111"":6,""11001110"":6,""11001001"":6,""01101000"":9,""00111111"":6,""01011011"":9,""11001011"":3,""01111000"":9,""00101011"":5,""00101010"":12,""11100111"":5,""01001101"":15,""00111001"":2,""00001010"":10,""11011101"":10,""00011000"":5,""11101011"":3,""00001000"":5,""00011111"":4,""00001111"":2,""00111010"":5,""00111101"":5,""01111101"":8,""01111011"":3,""00111011"":1,""10001001"":7,""00001011"":3,""11000111"":7,""00011100"":13,""00011011"":1,""01101011"":8,""11011111"":4,""11100110"":8,""01100100"":17,""11010101"":6,""11110111"":5,""00010001"":9,""00010000"":8,""00010010"":13,""00011010"":6,""11101001"":4,""11000101"":4,""00100000"":4,""00100110"":9,""01110001"":5,""11100100"":7,""00110001"":4,""10000001"":7,""11010111"":3,""11111011"":3,""11011000"":1,""00111000"":1,""00100111"":2,""00000001"":1}"
82,x,4000,0.4395,0.21399999999999997,0.014499999999999957,-0.0024999999999999467,-0.16349999999999998,-0.021500000000000075,-0.28,-0.3899999999999999,"{""10110011"":21,""11011101"":27,""11000110"":27,""10111100"":49,""00110100"":7,""00000010"":14,""01000101"":14,""10110110"":36,""10010000"":10,""10110100"":52,""11010000"":46,""01010010"":12,""11000000"":59,""10000100"":24,""11110000"":72,""01000000"":32,""01010110"":16,""11100100"":14,""01110110"":15,""11100001"":9,""11110100"":48,""01111000"":20,""10101110"":11,""01000100"":22,""10110000"":67,""00000100"":15,""01010100"":21,""10010101"":12,""10110010"":50,""11000100"":53,""01110100"":18,""00000000"":12,""11000111"":13,""11010110"":23,""11011011"":8,""10010100"":10,""11100011"":12,""11110110"":43,""00000001"":3,""10100000"":17,""11110010"":60,""11110001"":17,""10101000"":22,""00110000"":15,""10000010"":25,""11010100"":37,""01110010"":18,""11100000"":17,""10000110"":16,""10000000"":30,""11010011"":12,""11000010"":53,""00010000"":7,""11010101"":19,""10000011"":11,""11011100"":44,""01011101"":16,""00010010"":2,""01000110"":25,""10100110"":7,""00010111"":3,""10000101"":17,""01100100"":10,""01000011"":8,""01110000"":25,""01000010"":22,""00001100"":17,""01001010"":16,""01110001"":10,""11001010"":37,""00000101"":5,""10100011"":4,""11010010"":22,""10011100"":23,""10100101"":10,""10100001"":2,""10001100"":25,""10001010"":16,""01011010"":18,""01111100"":30,""11111010"":42,""11011000"":43,""01001100"":28,""01111101"":8,""10001000"":35,""11111101"":36,""01000001"":5,""11111000"":73,""11101100"":28,""00001000"":22,""01011001"":9,""01111010"":14,""00111101"":4,""11011110"":28,""10001110"":18,""11101101"":11,""10111000"":71,""00111100"":8,""11111111"":11,""00111010"":4,""00101010"":6,""01001110"":18,""10111010"":49,""01001000"":24,""01011000"":34,""01101110"":14,""10101001"":8,""01011100"":31,""11111100"":59,""11101000"":28,""10101100"":11,""11111110"":59,""11111001"":21,""11011111"":13,""10111001"":19,""00001010"":10,""00001110"":7,""10011010"":10,""11011001"":15,""01101010"":6,""00111110"":10,""10101011"":1,""11001110"":36,""11001100"":48,""01111111"":8,""10101010"":12,""10111110"":39,""11001000"":51,""00101110"":7,""00110110"":6,""10001011"":4,""01101011"":5,""01001101"":16,""01111001"":8,""10011000"":16,""11101110"":16,""01011111"":8,""01010101"":16,""11010001"":12,""10100100"":11,""10000001"":7,""10110101"":42,""10111111"":7,""01100010"":8,""01110011"":8,""00000110"":11,""10110001"":13,""10010111"":3,""10011101"":6,""11110011"":18,""11000101"":31,""01010011"":7,""11110101"":40,""01010000"":26,""00100000"":9,""11010111"":7,""10110111"":7,""00110111"":5,""01100000"":22,""01010001"":12,""01010111"":10,""00100101"":2,""11000001"":19,""00110101"":10,""10111011"":11,""11000011"":22,""00110011"":4,""01110101"":11,""11100010"":14,""00100111"":4,""00010101"":4,""00100011"":8,""01100011"":2,""11100101"":14,""11110111"":7,""01100101"":8,""10000111"":4,""11011010"":21,""10010011"":4,""00100110"":8,""10010010"":4,""10010110"":5,""11111011"":17,""00011100"":5,""00011110"":4,""01111110"":17,""11101011"":5,""10001111"":4,""01101100"":18,""01011110"":16,""00111000"":16,""10101101"":9,""01011011"":8,""11001011"":12,""11001001"":15,""10011110"":13,""01001011"":6,""01101000"":10,""01001111"":3,""11101111"":6,""10111101"":24,""00001101"":4,""01100110"":7,""00100010"":2,""11101010"":8,""11001101"":19,""10011111"":4,""00100001"":1,""00010110"":6,""00101100"":2,""10011011"":7,""01101001"":2,""10001101"":12,""01111011"":5,""00101001"":1,""01001001"":9,""10001001"":2,""11101001"":4,""00001111"":4,""01101101"":10,""01100001"":6,""00110001"":5,""00000111"":3,""00101011"":3,""00011000"":4,""00011111"":4,""00101000"":8,""00001001"":5,""11100110"":10,""00010011"":1,""00111111"":4,""11001111"":6,""00011101"":2,""00011001"":2,""10100010"":11,""10100111"":3,""00000011"":2,""01110111"":6,""00010001"":1,""10011001"":6,""01000111"":2,""00110010"":4,""00111001"":4,""00011011"":1,""10010001"":2,""11100111"":1,""00100100"":3,""00101101"":1,""10101111"":1,""00001011"":3,""00111011"":1,""00101111"":2,""01100111"":1,""00011010"":1,""01101111"":2}"
83,x,4000,0.07150000000000001,-0.20599999999999996,-0.14500000000000002,0.007000000000000006,0.37350000000000005,0.4625,-0.7164999999999999,0.3165,"{""11100110"":10,""01010010"":48,""00010011"":5,""11100101"":10,""01000100"":125,""11000111"":56,""01010011"":54,""11010111"":24,""01000010"":76,""10000011"":27,""01010101"":22,""01100010"":42,""11100010"":13,""01100111"":45,""01000111"":70,""10000010"":15,""01000101"":45,""11000010"":38,""01100001"":9,""11010100"":33,""01000011"":101,""11100001"":3,""11000110"":43,""01100100"":57,""01010111"":38,""11100111"":13,""11010011"":16,""01100011"":41,""00100010"":6,""00100011"":6,""01000001"":17,""11000011"":34,""01100101"":22,""01010110"":50,""10100101"":2,""00100110"":5,""10010111"":7,""10111101"":2,""10000111"":17,""11000100"":52,""01001011"":105,""00100001"":1,""01000000"":49,""01101000"":16,""11000000"":14,""01000110"":69,""01010100"":64,""11100011"":13,""11000001"":9,""11110100"":7,""00100100"":5,""01110100"":12,""01001010"":80,""11011111"":22,""11000101"":25,""01100110"":35,""01110011"":21,""01001100"":122,""10110011"":2,""00000100"":8,""11111011"":6,""11001000"":15,""10010110"":9,""11100000"":7,""11010010"":22,""11111101"":4,""01001101"":66,""00110011"":4,""01111011"":19,""01100000"":28,""00000011"":3,""00100111"":9,""11100100"":15,""11011010"":21,""11010110"":19,""01101100"":39,""10011000"":4,""00000111"":7,""10000101"":13,""10110111"":1,""11001010"":34,""11110010"":4,""11010101"":13,""00010100"":7,""00000000"":2,""10000110"":11,""10000100"":20,""11111001"":3,""00110100"":6,""11010001"":2,""00100101"":5,""10100001"":1,""01011100"":59,""01011001"":8,""00000110"":3,""01110010"":15,""01001111"":99,""01011111"":48,""01101010"":27,""10100000"":4,""01001000"":46,""01010000"":10,""11110110"":4,""00011111"":2,""01011000"":21,""10100111"":6,""11110111"":3,""10011110"":6,""00110101"":1,""10110110"":1,""11110101"":2,""10010010"":8,""01101001"":8,""11001011"":50,""00110010"":3,""10100010"":10,""10000001"":2,""10010100"":11,""00000010"":2,""01010001"":8,""11001111"":41,""00101111"":6,""11001110"":34,""10001111"":22,""11001001"":9,""01101110"":40,""01111100"":17,""11101100"":16,""11001101"":26,""01101101"":31,""11011011"":29,""01011011"":58,""01111101"":11,""01101111"":33,""01001110"":64,""11011100"":23,""01011110"":27,""01101011"":58,""01011010"":54,""11001100"":40,""00101110"":2,""00111111"":3,""11101000"":7,""10001100"":15,""10101101"":4,""10101011"":8,""11011110"":9,""10011010"":7,""00101011"":4,""10011101"":3,""00001010"":3,""01011101"":33,""11011101"":7,""11101110"":8,""01001001"":27,""00110110"":4,""10001011"":14,""00100000"":3,""10110101"":1,""11010000"":4,""01110110"":6,""11011001"":4,""11111100"":7,""11111010"":5,""00010000"":3,""10010011"":6,""10000000"":4,""11110011"":3,""01111111"":11,""00111001"":2,""10011011"":12,""01111010"":14,""10011111"":5,""01111001"":3,""10001010"":16,""11101111"":11,""00011011"":3,""10001110"":9,""11101011"":10,""10101111"":7,""10011100"":10,""11011000"":10,""10001001"":6,""01111000"":1,""00111110"":3,""01111110"":5,""11111000"":1,""00111100"":3,""00001110"":2,""00000101"":3,""11111111"":5,""00011110"":2,""00011100"":2,""00101100"":3,""10101000"":2,""11101010"":10,""10111010"":2,""01110101"":7,""00101000"":3,""00001001"":2,""00101010"":5,""10001101"":11,""10111100"":3,""00111011"":3,""10101110"":2,""11111110"":2,""00001111"":1,""00011101"":2,""10101100"":7,""10111000"":1,""00010111"":4,""00111010"":1,""10101010"":1,""10001000"":7,""11101001"":2,""10010101"":4,""00010110"":1,""00000001"":4,""00110111"":3,""01110000"":6,""10110100"":3,""01110001"":1,""00010010"":2,""11110000"":1,""01110111"":2,""10100011"":2,""11101101"":5,""00001000"":2,""10100100"":3,""00101001"":1,""00011010"":2,""00001100"":4,""00101101"":1,""00001101"":2,""00111000"":2,""00110001"":1,""10111011"":1,""00111101"":1,""10111111"":1,""10100110"":1}"
84,x,4000,0.029000000000000026,0.5675,0.279,0.010000000000000009,-0.20750000000000002,0.11650000000000005,-0.17399999999999993,0.238,"{""01010000"":133,""01110100"":28,""01000100"":60,""01000001"":55,""10010011"":22,""01110001"":47,""10110110"":8,""00111011"":3,""01011001"":97,""01000111"":9,""11010100"":7,""01111010"":14,""01010100"":54,""11010110"":4,""01100100"":27,""01111011"":25,""01110000"":69,""10011000"":60,""10100000"":29,""10010111"":16,""01010001"":96,""10110001"":42,""01010011"":30,""01000000"":54,""01000101"":41,""11100100"":11,""01001100"":54,""10100100"":19,""00100100"":11,""10110011"":17,""01110101"":21,""10000000"":19,""10110100"":32,""10010010"":9,""10110000"":52,""10000100"":26,""00010000"":27,""01111001"":61,""11000000"":9,""10100101"":16,""10110010"":14,""01010111"":9,""10011010"":17,""01011000"":86,""10111100"":34,""01011100"":41,""01010101"":38,""00101010"":7,""01100010"":8,""00010001"":16,""01100101"":20,""01100000"":38,""10000001"":18,""01110011"":22,""01010010"":26,""10111111"":9,""10010000"":58,""00110000"":15,""10101100"":12,""00010011"":6,""10010101"":19,""10110101"":16,""11000001"":5,""11000100"":8,""01100110"":4,""00100001"":14,""00010111"":2,""00100010"":7,""01000011"":23,""00010100"":18,""11100010"":4,""10001001"":19,""01101000"":26,""01011101"":49,""10111101"":24,""01100001"":25,""10000010"":5,""10010100"":37,""00011000"":29,""01110010"":10,""10100010"":7,""00000001"":11,""01001101"":65,""11000010"":1,""01000010"":15,""10100110"":3,""10011011"":22,""11101101"":8,""10100011"":7,""11010000"":10,""01010110"":14,""00110101"":4,""11100000"":20,""10000111"":5,""00010110"":5,""01001000"":55,""01100111"":6,""10111001"":55,""10010001"":43,""10100111"":8,""11000101"":4,""01100011"":11,""00000010"":3,""11110000"":20,""11010101"":6,""10100001"":20,""10111000"":62,""10000101"":16,""10010110"":4,""11100101"":12,""10001100"":22,""00010101"":12,""11010001"":4,""01111101"":25,""00110001"":11,""10011001"":47,""00000000"":9,""00100011"":10,""00100110"":3,""01111000"":92,""01011010"":20,""11110001"":9,""00100000"":8,""11010011"":5,""00010010"":2,""01101100"":22,""11001000"":5,""11011111"":5,""10101111"":6,""01001001"":37,""11111001"":8,""01101001"":36,""01011111"":16,""10101000"":22,""10001111"":5,""10101010"":7,""00111101"":4,""01111100"":15,""01001111"":17,""01001011"":20,""10111010"":13,""10111011"":17,""10101001"":16,""11001100"":3,""00101001"":20,""01001110"":9,""10011100"":19,""00101101"":12,""11011101"":6,""11011001"":8,""11101011"":5,""00101100"":13,""01101101"":23,""10001011"":4,""01101011"":6,""10111110"":9,""10001000"":11,""01001010"":14,""01011011"":38,""00101000"":28,""00011011"":11,""00000110"":1,""10110111"":8,""00100101"":10,""00110011"":4,""11001001"":9,""00111000"":13,""10000011"":4,""10001010"":6,""10011101"":18,""10011110"":5,""00111001"":6,""11111000"":14,""11101010"":6,""00001101"":7,""01101010"":4,""01011110"":12,""01111111"":6,""10101101"":18,""11101000"":20,""00011110"":1,""00011100"":10,""00001001"":7,""00011101"":11,""11111101"":6,""11101001"":10,""00110100"":3,""01110110"":3,""00000111"":2,""11110100"":6,""11100111"":7,""01110111"":7,""11011011"":4,""11101111"":6,""00001011"":4,""00011111"":3,""11011100"":2,""00111100"":1,""00011010"":3,""00101011"":5,""11111111"":1,""10001101"":18,""01101111"":10,""01101110"":4,""00011001"":19,""11101100"":6,""10000110"":1,""10011111"":6,""11011010"":2,""11001010"":3,""00101111"":4,""11001011"":2,""11011000"":4,""11100011"":6,""11100001"":10,""00000100"":5,""00001010"":1,""00110111"":1,""10101110"":2,""00001100"":5,""11110101"":6,""00111111"":1,""01000110"":7,""00100111"":4,""11111100"":3,""00101110"":2,""01111110"":4,""11110011"":2,""11110110"":1,""11110010"":2,""11100110"":2,""11010010"":2,""11110111"":1,""00000101"":2,""00001000"":5,""10101011"":4,""11001101"":1,""00001111"":1,""11111011"":3,""11001110"":1,""00111010"":1}"
85,x,4000,-0.20199999999999996,0.0020000000000000018,0.09550000000000003,0.017000000000000015,0.40549999999999997,0.47850000000000004,0.04600000000000004,0.23250000000000004,"{""01011010"":28,""10101011"":7,""10011001"":28,""01001001"":89,""01101101"":17,""00000101"":41,""01101001"":10,""00011100"":4,""01001100"":35,""10001011"":37,""10001010"":63,""01100001"":17,""01001101"":94,""10001111"":38,""10001101"":59,""10011010"":25,""01000101"":80,""00001010"":32,""10001001"":57,""01001110"":33,""11001010"":12,""10000010"":73,""01001011"":47,""01001111"":41,""00111010"":12,""00101011"":15,""01101010"":15,""11101001"":9,""01011111"":23,""01001000"":31,""00111101"":15,""10011101"":31,""01101011"":12,""00001011"":23,""00101110"":12,""00001111"":26,""01101111"":9,""11001001"":15,""01011100"":18,""00111011"":15,""01110111"":8,""01000011"":72,""00111000"":13,""01011001"":38,""01000110"":44,""00100011"":26,""00000100"":16,""01011101"":40,""01101100"":7,""00100111"":24,""11100010"":6,""10101010"":14,""01011110"":27,""00001101"":41,""11101111"":3,""10111101"":11,""01011011"":21,""10010010"":21,""11001111"":9,""01000001"":65,""00110000"":10,""00011000"":2,""10101111"":11,""11101010"":11,""11101101"":13,""01001010"":63,""00001001"":35,""11001100"":7,""00101010"":17,""11000110"":10,""10011011"":18,""00001110"":13,""11101011"":5,""10011100"":14,""00110011"":14,""10111010"":6,""01011000"":9,""10000000"":29,""00000001"":37,""10111111"":4,""10011000"":10,""10101001"":11,""00101101"":21,""01100011"":11,""11111111"":2,""10001110"":25,""10011110"":17,""00101001"":21,""10101101"":16,""11000011"":12,""10000111"":41,""00111001"":19,""01111001"":4,""11111101"":1,""01101110"":9,""11010110"":4,""00010010"":2,""01000111"":53,""00000011"":24,""10010011"":25,""01110110"":3,""01000010"":86,""01010001"":38,""00100010"":25,""10000001"":57,""10010111"":13,""01100010"":13,""10000011"":58,""10000101"":56,""10010101"":18,""11100110"":5,""01100111"":10,""01010010"":33,""11100111"":6,""01110001"":15,""00010001"":6,""00100001"":23,""10010001"":26,""11110011"":2,""01010101"":41,""11100100"":7,""01110010"":8,""11000111"":7,""10100001"":9,""01000000"":28,""10010100"":8,""00010101"":5,""11010001"":5,""00000010"":43,""00100101"":17,""10000110"":24,""10010000"":8,""01110011"":7,""10010110"":12,""11001101"":15,""11100101"":11,""11000101"":8,""01000100"":27,""01110101"":8,""01111110"":6,""11011011"":5,""10111110"":7,""11001011"":6,""10101110"":7,""00101111"":6,""01111101"":6,""01010011"":35,""00011101"":10,""11010011"":2,""00111111"":5,""00000110"":12,""10110001"":7,""00011110"":4,""11011111"":3,""10011111"":22,""00001100"":15,""01111111"":10,""11001000"":14,""00011001"":5,""01101000"":5,""11101000"":3,""11111110"":5,""01111100"":4,""00101100"":5,""10001100"":21,""10101100"":7,""11111001"":5,""01111010"":5,""01111000"":2,""01100110"":9,""10001000"":21,""11111100"":3,""11000000"":6,""00011010"":4,""00001000"":19,""00000000"":10,""00010100"":3,""11011101"":2,""11111010"":3,""11100000"":3,""11001110"":5,""00011111"":5,""10000100"":34,""10101000"":3,""00111110"":6,""10111001"":6,""00000111"":16,""00111100"":5,""11000010"":11,""11101110"":2,""00101000"":10,""01111011"":4,""01010111"":19,""00110111"":9,""00010111"":4,""01010110"":20,""11000100"":7,""00100000"":10,""11100001"":8,""11110111"":3,""10100000"":3,""00110110"":11,""11100011"":7,""00010011"":1,""01100101"":14,""10110011"":2,""10100111"":11,""01010100"":12,""10100101"":12,""11010100"":1,""00110100"":6,""11000001"":14,""10100010"":18,""00110001"":18,""11110001"":4,""10100100"":5,""01110100"":1,""10111000"":4,""11111011"":2,""00110010"":14,""00100110"":6,""00100100"":5,""01010000"":15,""10100110"":5,""00110101"":12,""01100000"":7,""10100011"":14,""10110000"":1,""11010010"":2,""11110101"":4,""01100100"":8,""10110111"":3,""11010000"":4,""11110100"":3,""00010110"":5,""11011001"":2,""11011010"":1,""11011000"":1,""00011011"":1,""10110010"":3,""11010101"":4,""00010000"":2,""11011100"":1,""10111011"":1,""10110101"":1,""10111100"":1,""11101100"":1,""01110000"":3,""11010111"":2,""11110010"":2}"
86,x,4000,0.25349999999999995,-0.011500000000000066,0.019499999999999962,-0.008499999999999952,-0.5325,-0.48750000000000004,-0.643,0.83,"{""00111110"":21,""11111000"":17,""00101100"":10,""01001110"":29,""01111111"":126,""11101100"":2,""01111110"":160,""01111100"":147,""01110110"":156,""01011010"":30,""01111011"":130,""01011111"":19,""01111010"":123,""01100000"":32,""00111111"":18,""00111000"":23,""11111110"":10,""01110011"":105,""01101111"":9,""01111000"":168,""01101110"":26,""01110100"":181,""01011011"":29,""00011011"":6,""01111101"":56,""01001100"":22,""00111100"":24,""01011001"":18,""01110000"":203,""11111100"":14,""01101100"":36,""01010100"":37,""00011100"":13,""01111001"":107,""01001111"":12,""00111011"":23,""01101010"":32,""01100010"":17,""01101011"":26,""01101101"":14,""00001111"":4,""00111001"":14,""11001110"":1,""01011100"":26,""00001011"":8,""01101000"":26,""01011110"":18,""10010010"":2,""00011000"":16,""01000111"":22,""11011011"":1,""01011000"":23,""01110111"":109,""01010110"":37,""01000010"":21,""01010000"":28,""01100001"":12,""01000011"":14,""01100100"":28,""01110010"":137,""01110001"":71,""10110100"":5,""00010110"":14,""11110111"":10,""00010100"":17,""01000100"":27,""01010010"":23,""10000111"":2,""01110101"":65,""00000010"":7,""01000110"":25,""01100111"":16,""00110010"":14,""00000111"":5,""00110111"":12,""00110100"":30,""01010111"":18,""00010111"":7,""11100111"":3,""11000101"":2,""01000000"":33,""10000110"":1,""11110110"":16,""00111101"":10,""00001000"":7,""01001000"":31,""10111010"":5,""11111011"":14,""01001011"":15,""10111111"":4,""11001001"":1,""11011110"":2,""01001101"":7,""00010001"":4,""00001010"":4,""10111110"":7,""10101011"":2,""11111111"":8,""01001001"":21,""10101101"":2,""10011111"":3,""10001011"":3,""00111010"":13,""10111001"":6,""11101010"":5,""10110010"":1,""00011101"":5,""01001010"":29,""11001000"":2,""11001111"":2,""10111011"":4,""01011101"":15,""00000101"":5,""01010011"":19,""00100111"":7,""10100010"":2,""00000110"":10,""00000100"":8,""01000001"":16,""00110110"":17,""11110100"":10,""10110000"":10,""01010101"":10,""00000001"":4,""10010000"":4,""01100101"":8,""00110000"":25,""11010000"":1,""11110010"":10,""01100110"":18,""11100010"":3,""00110011"":17,""10110110"":3,""00110001"":15,""00010101"":5,""01010001"":14,""00100000"":6,""01000101"":8,""11000100"":4,""11110000"":7,""00001110"":11,""10110001"":2,""11001010"":1,""10010011"":1,""10001000"":5,""01101001"":8,""00101000"":8,""11111010"":8,""00011110"":7,""10001010"":1,""00101001"":6,""11011010"":1,""11101001"":3,""11010011"":1,""00101110"":5,""00001101"":6,""10001101"":1,""11111001"":4,""00011010"":8,""11001101"":1,""00011111"":8,""11010010"":3,""00100110"":6,""11100100"":2,""01100011"":12,""10000101"":1,""00001001"":3,""11010001"":3,""11010101"":3,""00010000"":15,""11010110"":2,""00010010"":7,""11000011"":2,""00100011"":8,""00000000"":7,""11011000"":3,""11000111"":3,""10001100"":3,""11101011"":3,""00001100"":7,""00101011"":4,""10111000"":2,""00100100"":5,""11100011"":3,""11110011"":5,""00100101"":4,""10100101"":2,""10000001"":1,""10110011"":1,""00101101"":3,""10011101"":1,""00011001"":4,""11101110"":2,""11111101"":3,""11000110"":2,""11001011"":2,""11011100"":2,""11011111"":1,""00100010"":3,""00110101"":7,""10100000"":1,""11010100"":3,""11100001"":1,""10110111"":2,""10101000"":3,""10101110"":2,""10011110"":1,""11000000"":3,""10100110"":2,""11110001"":4,""00000011"":3,""11100110"":1,""10101010"":1,""10011001"":2,""10101111"":1,""10111100"":2,""00100001"":3,""11110101"":1,""00010011"":1,""10000000"":3,""10000100"":1,""10000011"":1,""11000010"":2,""10001111"":1,""10001001"":1,""00101010"":1,""00101111"":2,""10110101"":2,""11100000"":2,""11101101"":1,""10100100"":1}"
87,x,4000,0.021499999999999964,0.09150000000000003,0.11499999999999999,-0.02200000000000002,0.27449999999999997,0.7125,0.44499999999999995,0.32699999999999996,"{""00010100"":31,""10001000"":63,""10010110"":20,""00000111"":65,""11010010"":5,""00010111"":34,""01100100"":3,""10001110"":29,""00000110"":103,""00000101"":78,""11000000"":15,""01000001"":18,""00000001"":106,""10000001"":46,""10000101"":26,""11110110"":12,""11010110"":12,""11000110"":21,""11000011"":18,""00110000"":6,""00001110"":102,""11110000"":20,""01000011"":14,""00100001"":13,""10100000"":4,""11000010"":17,""11111111"":6,""00011111"":38,""11001100"":13,""00001010"":71,""10100110"":2,""00010011"":33,""01010100"":5,""10100011"":2,""00010110"":39,""01001001"":25,""00010101"":48,""00010001"":43,""01010111"":4,""01010110"":6,""00010000"":35,""11110101"":8,""10010111"":11,""11010000"":16,""00000011"":87,""11000001"":12,""11111100"":10,""11001011"":16,""10000000"":36,""10000011"":22,""00001001"":129,""00100011"":10,""10010101"":14,""11110111"":11,""11000101"":10,""00110001"":11,""01000100"":8,""00001111"":72,""00001000"":144,""00000100"":45,""11110100"":13,""00110111"":6,""10001001"":38,""11000100"":8,""11110001"":10,""01111000"":3,""00000010"":64,""10000100"":17,""00000000"":121,""10000010"":21,""00011010"":29,""00101100"":4,""11111110"":14,""00001011"":76,""01001101"":14,""00011000"":51,""11011111"":7,""10001101"":20,""01101110"":3,""10001111"":16,""11111010"":10,""00011101"":36,""10011010"":11,""10011110"":16,""10111001"":5,""00101110"":6,""10001100"":17,""01001110"":29,""01010101"":10,""00011110"":36,""00101010"":3,""11011101"":8,""11111011"":7,""00001100"":60,""11001110"":25,""00111000"":10,""00101001"":8,""01001000"":23,""01101000"":4,""00111010"":7,""11011110"":12,""11111001"":13,""10001011"":23,""11001001"":31,""00011011"":33,""11001000"":25,""00111110"":12,""01011000"":16,""01001100"":10,""00111100"":11,""10011001"":12,""10011011"":7,""10011000"":15,""01001011"":21,""10011101"":17,""11100110"":4,""10010000"":14,""01011110"":6,""00001101"":60,""10101100"":2,""01000000"":22,""01001010"":16,""11001010"":14,""11111000"":18,""00111011"":6,""11011010"":8,""10000110"":33,""01011101"":5,""10111101"":2,""10111000"":1,""10011100"":9,""00011100"":30,""01010000"":10,""11011001"":14,""11100001"":6,""01100110"":2,""11101110"":5,""11010111"":16,""00010010"":32,""01100101"":1,""00100100"":3,""11100100"":3,""10000111"":25,""11100010"":2,""01000010"":7,""11000111"":13,""10010100"":8,""01110010"":4,""01110000"":5,""01111101"":4,""11110011"":12,""10010011"":11,""01000110"":16,""00011001"":55,""00110100"":6,""01011111"":5,""10101000"":3,""11010011"":8,""00111101"":8,""11011100"":5,""01011010"":5,""01111001"":4,""01001111"":9,""11101100"":4,""10111100"":1,""10001010"":10,""11101010"":5,""01011011"":5,""01101010"":1,""01011100"":8,""01011001"":11,""10111110"":2,""10101010"":2,""10101110"":1,""10101011"":1,""00111111"":7,""00101011"":4,""10011111"":6,""10111010"":4,""11001101"":12,""10101001"":2,""11101101"":3,""11101011"":3,""00111001"":7,""11001111"":10,""11101001"":3,""11111101"":14,""11011000"":11,""00101111"":4,""00101000"":6,""01111100"":2,""10100100"":1,""01010001"":13,""10010010"":11,""11010100"":9,""01101011"":1,""00110011"":9,""10010001"":12,""01100011"":2,""10100101"":1,""10110001"":3,""10110110"":3,""00110110"":6,""01110001"":5,""01000101"":16,""01010010"":7,""00100110"":5,""01110011"":1,""01110101"":4,""10100111"":2,""11010101"":7,""00100101"":7,""00100111"":4,""11011011"":9,""10110011"":1,""01101001"":5,""01000111"":15,""11010001"":13,""11110010"":7,""00110101"":4,""01010011"":4,""00110010"":4,""00100010"":10,""00100000"":7,""01110111"":1,""01100000"":2,""10110100"":1,""11100101"":2,""01110110"":1,""11100011"":1,""01111110"":3,""11100000"":5,""11101000"":2,""01111010"":2,""01101100"":1,""11101111"":1,""11100111"":2,""01111111"":1,""10111111"":1,""01100010"":3,""10101101"":2,""10100001"":1,""10110000"":3,""01101101"":1,""01110100"":1,""10110101"":1,""01100001"":1}"
88,x,4000,0.09750000000000003,0.26949999999999996,-0.16599999999999993,0.0010000000000000009,0.15700000000000003,0.248,0.128,-0.4119999999999999,"{""11100000"":61,""11100101"":38,""10010101"":58,""00000101"":16,""11110101"":37,""10010010"":22,""11010100"":16,""01100001"":4,""11000110"":11,""10010011"":24,""11110100"":37,""10011101"":71,""10100000"":10,""01000000"":39,""11110001"":16,""00110000"":6,""11000000"":16,""01110101"":5,""11110000"":20,""11010111"":4,""10000001"":44,""10000000"":85,""10010110"":28,""10010111"":24,""10000010"":41,""10000101"":68,""11100001"":15,""10011001"":18,""00100001"":4,""00100100"":10,""10000110"":48,""01010100"":15,""01000101"":30,""01000010"":19,""10000111"":41,""00110101"":12,""01010111"":14,""01001111"":22,""01011101"":35,""11100100"":38,""10110101"":22,""10010000"":45,""11100110"":25,""00101101"":11,""01000001"":20,""01010101"":30,""11110010"":17,""10110001"":13,""01000110"":26,""11000100"":5,""10100011"":3,""10000100"":66,""11000101"":14,""10110100"":29,""11000001"":10,""01011100"":19,""00000001"":12,""10100111"":9,""01010010"":5,""11110111"":10,""11100111"":16,""11000111"":10,""01101011"":4,""10001101"":63,""11110011"":15,""11010101"":6,""01000100"":25,""10101111"":17,""00001011"":4,""11101110"":24,""11111001"":16,""10001111"":43,""11101010"":19,""10011100"":44,""10011110"":30,""11101100"":45,""11111100"":30,""10111100"":13,""00100000"":7,""01001101"":33,""00011101"":8,""10011111"":27,""01101100"":6,""01011001"":9,""11001010"":7,""11101101"":35,""11100011"":12,""10001001"":47,""10001011"":21,""11011101"":16,""10111110"":17,""11111101"":31,""10001000"":86,""00111100"":6,""10001110"":50,""10111000"":26,""00100110"":8,""01011111"":8,""00001000"":16,""01001010"":21,""01001001"":17,""01110010"":7,""10011000"":37,""10101101"":25,""01111101"":7,""00101000"":7,""10011011"":19,""11101001"":26,""10001100"":68,""11101000"":37,""11100010"":16,""11111111"":14,""10111101"":26,""11001000"":15,""10111001"":10,""10101100"":22,""10101010"":11,""11111000"":30,""01001100"":28,""00001110"":18,""11111110"":21,""01101111"":6,""00011110"":4,""11001101"":14,""01010000"":22,""10001010"":48,""01011110"":16,""11101111"":22,""00101100"":7,""10111010"":8,""11001111"":8,""00001100"":10,""01101001"":4,""11001001"":9,""11001011"":4,""01001011"":6,""11101011"":14,""00111101"":13,""10011010"":22,""10111011"":5,""00101110"":5,""10111111"":14,""00001010"":11,""00111110"":7,""00001101"":23,""01010001"":17,""01111110"":5,""11011110"":7,""10010001"":29,""11011010"":6,""01001000"":29,""10101011"":5,""01111001"":5,""11011111"":4,""00011011"":4,""00001001"":10,""00111111"":9,""11001100"":9,""01011010"":4,""11111011"":9,""11110110"":18,""00010101"":10,""01010011"":7,""10000011"":22,""10100010"":7,""11010010"":8,""00000110"":16,""10101110"":13,""00000100"":12,""00000010"":4,""01110001"":2,""00110010"":3,""10110011"":7,""01000011"":8,""11010001"":3,""01110011"":4,""00100010"":3,""10110110"":16,""00000111"":10,""00000000"":19,""00010001"":4,""00110111"":6,""01100000"":5,""10110010"":11,""00010100"":17,""01110110"":6,""00110110"":2,""01101101"":5,""00000011"":6,""00100011"":4,""10110000"":8,""01010110"":13,""11010000"":6,""10010100"":42,""00001111"":14,""10100100"":19,""01100111"":4,""10100101"":16,""11010110"":4,""10110111"":7,""00110100"":6,""01100101"":5,""01000111"":9,""10100001"":7,""00010110"":6,""00010000"":7,""00010111"":3,""11000010"":7,""10100110"":12,""01011000"":17,""00011010"":1,""01111100"":4,""00111000"":6,""11111010"":11,""00011100"":8,""00111011"":3,""11011100"":10,""00100111"":5,""11000011"":6,""01100110"":5,""01100100"":7,""00110011"":4,""00011000"":2,""00010011"":2,""00110001"":5,""01110100"":3,""00100101"":6,""10101001"":3,""11011000"":3,""01111010"":4,""11001110"":7,""01111011"":5,""10101000"":5,""01111000"":6,""00101010"":4,""00111001"":2,""00101001"":2,""00011111"":1,""01001110"":12,""01011011"":7,""01101110"":1,""00111010"":3,""01101000"":2,""00011001"":2,""01110111"":3,""00010010"":1,""11011001"":5,""11011011"":2,""01110000"":4,""01100011"":3,""00101011"":1,""00101111"":1,""01101010"":3,""01111111"":1}"
89,x,4000,-0.38250000000000006,0.273,0.18300000000000005,-0.00649999999999995,0.272,0.75,-0.74,0.274,"{""01001101"":122,""10000110"":3,""10010001"":9,""01000001"":154,""11000001"":101,""11000011"":46,""01110001"":9,""11010001"":58,""11011101"":22,""01000011"":101,""01000101"":120,""01010111"":48,""11110011"":8,""01001111"":91,""11010101"":25,""11000101"":54,""00000001"":10,""10000001"":15,""01010001"":120,""10000010"":1,""11010011"":38,""00010101"":4,""11000000"":38,""00110011"":6,""11111101"":7,""01000100"":57,""00001000"":9,""11001101"":78,""11000100"":29,""11100011"":9,""11011111"":19,""01010101"":49,""01100001"":19,""01001011"":102,""00000101"":13,""01001001"":137,""10000011"":13,""01010011"":86,""11110101"":5,""11001000"":50,""01011011"":69,""11010010"":12,""10010000"":7,""00110101"":7,""01010000"":49,""01000010"":35,""01000000"":81,""11000010"":11,""00110000"":5,""11010111"":20,""11001001"":81,""11100111"":8,""11100100"":5,""01011100"":29,""00000000"":9,""01000111"":71,""10001001"":15,""00110010"":2,""11001100"":40,""01001110"":39,""01011000"":44,""11011001"":41,""01001000"":100,""10001011"":17,""11101101"":10,""01011111"":38,""11001011"":36,""01001010"":28,""00101111"":4,""11001111"":43,""11101111"":7,""01011001"":97,""00011111"":1,""01101101"":11,""11111011"":9,""00101000"":6,""01011101"":50,""00101001"":10,""10001111"":6,""01001100"":83,""11011100"":16,""11011011"":29,""11101011"":11,""00001010"":2,""10001110"":4,""11111001"":9,""01111101"":9,""00001101"":9,""01101001"":11,""11011010"":10,""00001001"":10,""11111010"":2,""10001010"":4,""00100111"":5,""00010001"":9,""01011110"":10,""00011011"":5,""10011001"":8,""11011000"":26,""11011110"":6,""10001100"":13,""10001000"":5,""11001010"":14,""01010100"":22,""01011010"":21,""00001110"":2,""00101110"":3,""11001110"":14,""00111001"":6,""10010011"":4,""00100000"":4,""01110111"":2,""10010101"":5,""00000111"":5,""10000000"":12,""00100101"":6,""11100001"":12,""10000101"":13,""01000110"":27,""01010110"":17,""11000111"":26,""00010110"":2,""01111100"":6,""10001101"":22,""01111001"":12,""10011011"":5,""00001011"":5,""01101111"":5,""10011111"":5,""00111101"":2,""10011000"":3,""01111111"":3,""00010010"":3,""01101011"":7,""00111010"":2,""10111000"":2,""00011110"":2,""00111011"":4,""11101100"":5,""00101101"":5,""01111011"":6,""01100011"":6,""11110001"":10,""11110100"":5,""00000011"":8,""00100011"":4,""10010010"":4,""11010100"":11,""01010010"":23,""10000111"":7,""00100001"":9,""11000110"":10,""01100010"":4,""01100111"":8,""10011010"":4,""11110111"":5,""10100001"":1,""01100100"":5,""11010000"":17,""00001111"":4,""00011010"":1,""10101001"":2,""00110001"":8,""11101001"":12,""00001100"":5,""11111100"":2,""00101100"":3,""01110011"":8,""00100100"":3,""10110001"":2,""00110111"":2,""00110100"":3,""01100101"":3,""01100000"":4,""00111100"":3,""10000100"":5,""01110010"":3,""00101011"":4,""11100101"":5,""10100100"":2,""00010111"":3,""00011000"":2,""01111000"":1,""00111000"":3,""01110101"":5,""01110100"":3,""00000100"":3,""11110000"":3,""10110000"":2,""10100111"":2,""11010110"":2,""10111110"":2,""10011100"":2,""11101000"":4,""10011110"":2,""11111000"":3,""00111111"":1,""10101011"":2,""01101100"":4,""10010110"":1,""00010011"":1,""10010100"":2,""01101000"":5,""11100010"":2,""11110010"":2,""00000110"":2,""10111100"":2,""10111001"":3,""10111011"":2,""10110011"":3,""10111010"":2,""00101010"":1,""11101110"":3,""10011101"":2,""11101010"":1,""01111010"":2,""00011001"":2,""00000010"":1,""01111110"":1,""01110000"":3,""00011101"":1,""10110101"":1,""10100000"":2,""11100000"":3,""00010000"":4,""11100110"":1,""11111111"":2,""10111111"":1,""00110110"":1,""10100101"":1,""01101010"":1,""00100010"":1,""10101000"":1,""11111110"":1,""00010100"":1,""00011100"":1,""10110010"":3,""10101010"":1,""10111101"":1}"
90,x,4000,-0.131,0.07350000000000001,0.16349999999999998,0.008000000000000007,-0.08850000000000002,-0.05750000000000011,0.029000000000000026,-0.43300000000000005,"{""10110011"":72,""10010000"":52,""11100000"":46,""10010011"":62,""11110000"":23,""00000011"":15,""01110011"":35,""00100011"":10,""10110100"":40,""01000101"":6,""10101010"":5,""10010100"":50,""00100101"":10,""11110111"":18,""01100011"":23,""11110100"":16,""01010000"":8,""00110010"":2,""00100001"":7,""11010010"":7,""01110100"":12,""11110001"":17,""11000011"":24,""11100100"":38,""00000111"":14,""01100010"":10,""01100100"":15,""11110110"":14,""10110101"":28,""01010101"":2,""10010111"":34,""01110111"":15,""11100010"":19,""10100100"":19,""01000010"":6,""00000000"":18,""10110001"":25,""00010100"":18,""01010010"":1,""11001011"":62,""01011011"":11,""10010010"":16,""00010011"":21,""11100001"":30,""01000011"":13,""11010110"":6,""01110001"":18,""01000110"":5,""11010100"":8,""00100000"":11,""01110000"":16,""01011001"":5,""10110111"":35,""00000110"":7,""00010111"":12,""11000010"":17,""10111000"":61,""10010110"":27,""10000111"":17,""00101000"":9,""10011011"":71,""10010001"":31,""11100111"":36,""01000111"":9,""11000000"":33,""11000001"":29,""11100011"":31,""00000010"":9,""00110011"":5,""10000011"":14,""11100110"":8,""01100000"":18,""00000100"":12,""00100100"":14,""00011000"":18,""10111011"":64,""10110000"":50,""11110010"":15,""01000100"":8,""11001000"":54,""00010010"":7,""01111110"":10,""10011101"":27,""00010101"":8,""11000101"":24,""10110010"":18,""10100010"":11,""10100000"":15,""11000100"":24,""00110000"":5,""11110101"":11,""11100101"":33,""11010011"":8,""01000000"":15,""11111000"":29,""01100110"":5,""11011111"":14,""10010101"":30,""11001100"":24,""10100011"":20,""10011000"":62,""01010100"":7,""11110011"":34,""11001001"":36,""10001101"":4,""11010000"":18,""00100110"":2,""11111001"":28,""10111001"":38,""11111100"":19,""01111011"":32,""10101011"":37,""11000111"":18,""10011100"":41,""10001111"":15,""11111011"":35,""01101000"":13,""01010011"":6,""11101011"":42,""11111101"":16,""01011111"":8,""10011001"":43,""11101101"":25,""10111101"":17,""00001100"":11,""10100111"":16,""00001011"":14,""10111100"":29,""00001110"":4,""10111111"":39,""11101111"":29,""10111010"":10,""01001010"":8,""11001110"":10,""11001111"":20,""10101111"":11,""01001110"":3,""01101011"":15,""00111000"":6,""01111001"":14,""10001001"":13,""01111100"":17,""00011111"":18,""10001100"":10,""01111000"":19,""01101001"":3,""01101100"":15,""01011010"":2,""11101100"":20,""01101111"":12,""11011101"":8,""10001011"":22,""01001011"":15,""10011110"":14,""11111111"":22,""10110110"":19,""01110101"":16,""10100101"":12,""10000010"":5,""10011010"":15,""01100111"":16,""01110110"":7,""10101101"":14,""00010001"":9,""10100110"":6,""00000101"":10,""10100001"":8,""00010000"":16,""00011100"":8,""10000101"":4,""10000000"":15,""00100010"":4,""01100101"":14,""11101010"":11,""00000001"":9,""00001001"":8,""00011011"":18,""01010111"":6,""01110010"":4,""00100111"":8,""01001000"":11,""00110001"":4,""10011111"":39,""11001101"":20,""11101001"":23,""11101000"":40,""11111010"":15,""10101100"":19,""00001000"":9,""00001111"":13,""01101101"":11,""10101001"":19,""00101100"":5,""11010111"":10,""11010101"":9,""11010001"":8,""11000110"":9,""01100001"":7,""10000100"":14,""00101011"":11,""01000001"":8,""11011011"":14,""11011100"":10,""00001101"":4,""11011000"":11,""10111110"":9,""00011101"":11,""00011001"":11,""11011001"":6,""10101000"":15,""00101101"":4,""01101010"":4,""00101001"":9,""00111011"":4,""11111110"":10,""01011000"":9,""01111101"":4,""01001001"":6,""10001000"":13,""00011010"":7,""01001100"":10,""11001010"":7,""01011101"":3,""00101111"":9,""10001010"":5,""01001101"":4,""01001111"":4,""10000110"":3,""01111111"":14,""01111010"":4,""00111101"":1,""00111111"":4,""00111100"":3,""00011110"":6,""11011010"":3,""11101110"":3,""01101110"":3,""00101110"":1,""00001010"":2,""01010001"":4,""00010110"":2,""11011110"":2,""01011100"":6,""00111010"":2,""00110110"":1,""01010110"":1,""01011110"":2,""10101110"":5,""00101010"":1,""10001110"":2,""10000001"":1}"
91,x,4000,-0.46199999999999997,0.522,0.15800000000000003,-0.028000000000000025,-0.05499999999999994,0.29500000000000004,-0.44500000000000006,0.41600000000000004,"{""01010110"":13,""01000100"":42,""11100101"":25,""11111001"":24,""11010001"":10,""10000010"":4,""01000001"":95,""01010011"":61,""00100100"":7,""00010001"":28,""01100001"":40,""01010010"":24,""10100001"":37,""00010011"":9,""11100001"":52,""11100110"":4,""10111001"":17,""01010101"":112,""01010001"":171,""01100101"":19,""01010111"":47,""10010100"":17,""00000101"":20,""00000100"":8,""01010100"":51,""01100111"":6,""01110001"":45,""10010001"":22,""10000101"":19,""10010101"":21,""11100011"":14,""10010110"":3,""00000111"":9,""01110011"":16,""01000101"":101,""01011001"":185,""01110101"":35,""11110101"":15,""10100110"":5,""11100111"":7,""11000001"":15,""00010101"":12,""00100101"":16,""01000000"":35,""10100101"":16,""00000011"":11,""01000111"":25,""00100001"":26,""10100011"":8,""00101000"":12,""00110101"":17,""01111001"":43,""10010011"":10,""01110111"":12,""01100011"":13,""11110100"":3,""10110101"":13,""10110111"":4,""01010000"":73,""01110000"":11,""00100000"":13,""01100000"":12,""10000001"":16,""10101001"":33,""10000000"":5,""01011000"":82,""01000011"":27,""10101000"":15,""10100111"":3,""01110100"":13,""01000010"":9,""00001101"":18,""00110110"":2,""10010000"":9,""11100010"":6,""01101110"":3,""00111001"":13,""01001101"":108,""01001001"":125,""00100010"":3,""01011011"":56,""11110000"":3,""01101101"":18,""11110001"":15,""10000100"":2,""11010011"":4,""01101001"":26,""11111010"":6,""00011001"":21,""11011011"":4,""11001011"":11,""01011101"":115,""11101011"":12,""00011000"":6,""10011010"":4,""10111101"":16,""01001000"":40,""00101001"":32,""10101101"":13,""00001011"":6,""01011100"":41,""01111101"":40,""00111100"":7,""00011110"":2,""01001100"":36,""11101100"":11,""10111100"":10,""11001001"":19,""10011001"":37,""10001101"":16,""10101100"":3,""01001111"":23,""00101101"":13,""01011110"":16,""11010101"":11,""11101000"":22,""00111010"":3,""11101001"":51,""01011010"":18,""00001100"":2,""10011100"":9,""00111101"":10,""10101011"":11,""11101010"":6,""01111111"":14,""01001010"":9,""01111011"":15,""10011110"":4,""01001011"":42,""11001101"":19,""00111000"":5,""11111101"":18,""00101100"":6,""01001110"":15,""10001011"":7,""11011001"":6,""00111011"":3,""01011111"":44,""11101101"":26,""10011101"":34,""10001001"":15,""10011011"":8,""10111010"":2,""00110001"":15,""10101010"":5,""00001001"":17,""00101111"":4,""01101010"":5,""11000111"":3,""10100000"":7,""10100100"":6,""10010111"":9,""00010000"":6,""00010100"":2,""10100010"":2,""01100100"":3,""10001000"":7,""00010111"":6,""10110000"":14,""11000010"":2,""00110011"":4,""11000101"":5,""01111010"":3,""00110100"":7,""00011101"":14,""11010111"":1,""11110011"":4,""00000001"":22,""11100000"":14,""11111100"":2,""11010010"":3,""10110010"":1,""00101011"":15,""11000011"":6,""00110000"":6,""10011000"":12,""01101100"":5,""11101111"":14,""10001100"":6,""01111100"":15,""11111000"":13,""10101111"":1,""11001100"":7,""11111011"":11,""10111000"":5,""00001111"":2,""11101110"":6,""11001111"":4,""11001000"":1,""10011111"":4,""01111000"":9,""10001111"":4,""11011000"":4,""01110110"":3,""01101011"":8,""10111011"":6,""10101110"":3,""11100100"":9,""01101111"":7,""00101110"":3,""10111110"":3,""00001000"":6,""00001110"":1,""01111110"":8,""11010000"":6,""01101000"":12,""11011101"":9,""00101010"":4,""11110110"":3,""00000000"":7,""11011110"":2,""00001010"":2,""01000110"":6,""10110001"":8,""00000110"":6,""11110111"":6,""10110100"":4,""00100111"":6,""00010110"":2,""11111110"":3,""10111111"":2,""10001010"":3,""00100011"":7,""10110011"":2,""00111111"":2,""11000000"":6,""11010110"":1,""01110010"":3,""00000010"":3,""01100010"":1,""11010100"":3,""01100110"":2,""00110111"":2,""10000011"":5,""11111111"":1,""00011011"":5,""00011111"":2,""11011111"":1,""11001010"":3,""00011100"":1,""11001110"":1,""10000111"":3,""11110010"":1,""11000110"":1,""11000100"":3,""00011010"":1}"
92,x,4000,-0.5069999999999999,-0.3819999999999999,0.1725,0.008499999999999952,-0.08200000000000007,0.3265,0.13049999999999995,-0.19799999999999995,"{""01010101"":3,""10110011"":18,""11000110"":21,""10010000"":3,""11110010"":32,""01010110"":3,""00100100"":1,""01000010"":6,""00100001"":9,""10010010"":18,""10110001"":12,""00000010"":36,""10011111"":41,""11010010"":21,""11001110"":25,""10010011"":45,""11110011"":77,""11010001"":31,""10010101"":15,""11110001"":36,""11110000"":5,""00000011"":111,""00000001"":46,""01110010"":4,""10000011"":58,""01110111"":11,""01100011"":10,""01110000"":3,""10110110"":8,""01111110"":2,""11100011"":31,""00110010"":21,""00010010"":21,""11000000"":7,""10100010"":3,""11100101"":7,""10000010"":15,""11001001"":32,""11110110"":19,""01000001"":6,""11000010"":26,""11111010"":26,""11100001"":7,""01100100"":3,""00010011"":53,""10100011"":8,""01100001"":3,""01010011"":3,""00000111"":54,""11110101"":26,""11011101"":26,""11010111"":44,""10000111"":34,""00000110"":25,""00000000"":12,""11000001"":36,""10000101"":20,""11100010"":12,""10000110"":18,""11001101"":42,""00010110"":17,""11111110"":16,""00010001"":22,""10011101"":13,""11110111"":31,""00000100"":9,""11010110"":15,""01100000"":1,""11001011"":67,""11000111"":49,""11000100"":7,""01000000"":4,""11100111"":12,""01010111"":3,""01011011"":12,""10110010"":10,""10010001"":23,""01000111"":3,""00111111"":37,""11101001"":13,""11011001"":18,""11101011"":17,""10001101"":15,""01111000"":2,""11111000"":6,""00001111"":63,""11011100"":11,""10001110"":14,""11001111"":67,""11011011"":65,""11011010"":23,""00011011"":58,""10001111"":19,""00011110"":16,""11111111"":42,""11011111"":52,""10011011"":49,""10001011"":62,""11101111"":8,""11111011"":73,""10101111"":5,""11101010"":8,""00111011"":44,""10011010"":21,""00101010"":8,""10001010"":14,""00011010"":9,""11011110"":14,""00001010"":26,""10011001"":22,""10101011"":7,""00111101"":23,""00001110"":22,""11010000"":8,""00001001"":36,""00011111"":42,""10111011"":27,""01001011"":18,""11111100"":9,""01111011"":8,""01001101"":5,""11111101"":24,""10011100"":5,""10111110"":6,""11001010"":16,""11111001"":35,""11001100"":10,""00001011"":76,""01011111"":8,""10001000"":4,""01001111"":5,""00110110"":12,""00110111"":27,""11010011"":56,""10000100"":9,""01011101"":3,""11010101"":19,""00101001"":10,""11000011"":68,""01110101"":3,""00010000"":5,""00110011"":52,""10000001"":36,""10010111"":33,""11110100"":8,""00110001"":23,""10010110"":10,""10110111"":13,""00100011"":23,""00010101"":17,""01110011"":11,""00110000"":7,""11010100"":9,""11000101"":18,""00000101"":26,""10001100"":9,""00001100"":11,""10111001"":15,""10111100"":1,""00111010"":21,""11101100"":1,""00101101"":6,""11001000"":10,""10111010"":5,""00001101"":20,""11101110"":5,""00001000"":7,""01011010"":2,""01001110"":3,""11101101"":6,""01001010"":2,""00011000"":3,""11011000"":5,""01101011"":4,""01101110"":3,""10011000"":2,""01111111"":10,""00011100"":7,""00111001"":17,""00101011"":21,""10111111"":17,""00010111"":36,""10011110"":15,""10001001"":26,""00111100"":6,""00011001"":33,""00101111"":14,""01101111"":2,""00011101"":23,""00100010"":5,""00100110"":2,""00111000"":4,""10111101"":8,""01111101"":2,""00101110"":4,""10111000"":3,""00111110"":8,""01111001"":3,""10101010"":1,""01110001"":8,""00100111"":7,""01000101"":3,""01010001"":3,""10110101"":8,""00110101"":15,""10100110"":1,""11100100"":3,""11101000"":1,""10000000"":5,""00110100"":4,""01100010"":2,""10100001"":4,""01000011"":4,""10010100"":4,""01100111"":3,""11100000"":2,""10100101"":2,""01010000"":1,""11100110"":5,""00100101"":6,""10100111"":5,""00010100"":5,""10110100"":3,""10110000"":4,""10100100"":1,""01100101"":2,""01010010"":2,""01101001"":2,""01001000"":1,""01111010"":2,""01000110"":2,""01111100"":1,""01011110"":1,""10101101"":1,""01011001"":3,""10101001"":1,""01101101"":1,""00100000"":2,""01001001"":2,""10100000"":1,""01100110"":1}"
93,x,4000,-0.03299999999999992,-0.05049999999999999,-0.06899999999999995,-0.0040000000000000036,-0.08650000000000002,0.1865,-0.06299999999999994,-0.7475,"{""11111000"":35,""11111001"":44,""10001001"":49,""01001101"":3,""11001001"":33,""10011100"":33,""11111100"":53,""10001101"":37,""10001000"":32,""11111101"":39,""11111110"":52,""10001111"":41,""10011101"":36,""10001100"":39,""10001010"":78,""10111100"":15,""11111010"":45,""01010101"":6,""01010000"":4,""10101011"":23,""11001100"":22,""10010000"":12,""01011010"":4,""11001101"":23,""10011000"":12,""10011010"":26,""10101100"":20,""11011010"":36,""10010101"":53,""10101000"":12,""10101110"":22,""11001000"":23,""10011011"":24,""11011000"":31,""00101000"":4,""01101110"":3,""00001001"":6,""11100000"":6,""10101001"":14,""11111111"":37,""11011110"":28,""10011001"":19,""11011111"":27,""10101010"":23,""10001011"":64,""11001011"":39,""10011110"":33,""00011101"":2,""10000110"":20,""11001110"":19,""01001111"":6,""11011011"":36,""01011000"":3,""11011101"":46,""10010110"":36,""00001110"":5,""11101100"":6,""11010100"":41,""11001010"":52,""00001100"":8,""00111001"":6,""00001111"":5,""10111101"":10,""01001110"":3,""11000111"":22,""11110111"":58,""01011001"":2,""00011010"":5,""01101100"":3,""10000111"":30,""10001110"":24,""00001010"":8,""11011100"":39,""01001000"":7,""00111100"":7,""10111011"":15,""11010101"":46,""01101101"":2,""00100100"":5,""01111011"":7,""10101101"":33,""10111110"":23,""10110100"":16,""10111001"":9,""11101111"":8,""00101110"":2,""11111011"":49,""01001010"":9,""00101100"":8,""10111111"":9,""00111110"":3,""11010000"":20,""01111101"":11,""11101101"":10,""10101111"":19,""01111110"":3,""01111100"":5,""11101011"":10,""10011111"":24,""11001111"":32,""00001101"":7,""01000011"":5,""11010010"":33,""00000110"":4,""10100110"":30,""10100001"":11,""11010011"":33,""11110110"":50,""11110011"":25,""11110001"":40,""11010111"":45,""11110010"":39,""11000010"":36,""01010111"":6,""10000001"":33,""10000000"":24,""11100010"":10,""10000010"":47,""10010100"":28,""10110101"":16,""11100110"":5,""00100101"":8,""11110000"":22,""11010001"":34,""10010111"":33,""10000011"":48,""10100111"":25,""10110011"":16,""11010110"":56,""01110011"":6,""00110100"":9,""11110100"":52,""11000000"":33,""10100101"":30,""11000011"":33,""11000100"":25,""10100010"":16,""10110000"":7,""01001100"":5,""10010011"":23,""10010001"":22,""01110110"":8,""10010010"":20,""00000010"":5,""00110001"":4,""00000111"":3,""00100111"":9,""00000011"":12,""00010110"":5,""11110101"":69,""10000100"":27,""00011111"":3,""00011001"":1,""01111111"":4,""11101001"":10,""00111101"":1,""00001000"":5,""00110011"":4,""11101000"":3,""11011001"":24,""10110110"":24,""00111010"":1,""00001011"":11,""11000110"":18,""00010100"":6,""00000001"":5,""11000001"":29,""10110010"":12,""01000000"":4,""10110111"":14,""11100111"":10,""11100100"":11,""10000101"":40,""01110111"":4,""11000101"":29,""00000100"":5,""01110100"":12,""00010111"":5,""00010000"":1,""01010110"":2,""01000101"":8,""10110001"":9,""10100100"":24,""00100011"":4,""10100011"":20,""00110101"":5,""01110101"":8,""00010101"":4,""00110110"":2,""01000100"":8,""01100111"":2,""00100001"":6,""11100011"":11,""01010011"":2,""00101010"":2,""01101011"":3,""00100010"":3,""01000111"":7,""00000000"":4,""00100110"":5,""00010010"":3,""01110000"":2,""01110010"":5,""11100101"":6,""01000010"":1,""01100110"":4,""01000110"":8,""01100101"":3,""01110001"":5,""00110111"":2,""01100010"":2,""00110010"":5,""01010010"":1,""00000101"":1,""00110000"":1,""01001001"":4,""01100001"":1,""01111000"":4,""10111010"":19,""01011101"":4,""00011011"":3,""01101111"":1,""11100001"":7,""01010100"":2,""00111011"":5,""01011110"":2,""01001011"":5,""11101010"":8,""01111010"":5,""01101010"":3,""10111000"":9,""00101101"":3,""11101110"":5,""00011110"":1,""01011100"":3,""00011100"":2,""00101011"":2,""10100000"":5,""00100000"":1,""00101111"":2,""01100011"":1,""01000001"":2,""00010011"":1,""01111001"":3,""00111111"":1,""00011000"":1,""01101001"":1,""01100100"":1}"
94,x,4000,-0.4384999999999999,0.5295000000000001,0.023499999999999965,0.019499999999999962,-0.133,-0.19599999999999995,0.0050000000000000044,-0.611,"{""11111101"":68,""11111000"":29,""11011011"":40,""01101001"":10,""11011101"":60,""11001000"":18,""11011001"":53,""11110101"":72,""01011011"":14,""10011001"":27,""00101101"":22,""00001001"":7,""10000101"":58,""11111011"":29,""11111111"":25,""00011001"":13,""00101001"":22,""01101101"":10,""11001101"":26,""11111001"":81,""00111011"":6,""11101000"":13,""01001011"":5,""10111101"":94,""11100001"":67,""00111111"":5,""10001001"":56,""00100101"":28,""11001100"":11,""10011101"":28,""11110001"":81,""01001100"":6,""10111011"":31,""01111100"":8,""01001101"":12,""01101000"":8,""10011011"":15,""01111001"":7,""00001100"":4,""10111100"":44,""01101100"":11,""11101101"":46,""11101110"":6,""11111010"":10,""11001001"":30,""10101101"":65,""11100101"":62,""11101011"":16,""01011000"":12,""10111001"":83,""10110101"":100,""01011111"":5,""11001010"":4,""10111000"":28,""10100001"":40,""11101111"":11,""01111101"":10,""10101000"":15,""10110111"":29,""10001011"":19,""10101001"":45,""11000101"":24,""11010000"":29,""10110001"":102,""10001101"":42,""10101111"":14,""10011000"":11,""11101100"":24,""00101100"":6,""11011110"":4,""10101011"":15,""11011010"":10,""00110101"":9,""10001000"":20,""10001110"":4,""00011101"":12,""10110100"":39,""01011001"":19,""10111110"":8,""10001010"":7,""01001000"":4,""10001100"":23,""00000001"":9,""10101100"":19,""01111011"":6,""11011100"":21,""10101110"":6,""11101001"":49,""10111010"":14,""01011110"":3,""11101010"":9,""11011000"":24,""01011101"":8,""10011010"":3,""11110011"":35,""00011000"":1,""00001111"":1,""10001111"":18,""00100100"":10,""01010100"":9,""00011110"":2,""11001110"":5,""11100011"":17,""11111100"":34,""00101111"":5,""00011010"":2,""00100001"":21,""11010001"":61,""00101011"":8,""01010101"":28,""10111111"":23,""01110001"":11,""01011100"":11,""10101010"":4,""11111110"":7,""01000101"":15,""10100000"":14,""01110100"":3,""10011111"":7,""01101011"":7,""10011100"":7,""11001011"":10,""01101111"":4,""00111001"":6,""00101000"":7,""11010101"":69,""00001101"":9,""00010111"":2,""01001111"":4,""00100000"":11,""01001001"":9,""01110101"":12,""00111100"":4,""10010001"":28,""01100011"":6,""10010010"":3,""10100101"":56,""10000011"":25,""10000001"":43,""11110000"":26,""01100101"":14,""10000000"":23,""11100100"":22,""11110111"":21,""00000101"":11,""00100111"":9,""00110100"":5,""01010001"":12,""10110011"":32,""11010011"":17,""00100110"":2,""11000011"":7,""10010000"":16,""11100010"":10,""10000111"":9,""11010111"":13,""11100111"":9,""01010000"":6,""01000011"":3,""00110001"":12,""10100111"":14,""00110011"":3,""10010111"":9,""01100001"":13,""10000100"":31,""11000001"":30,""00110111"":2,""01100111"":2,""10010101"":22,""10110000"":37,""11010100"":20,""00111000"":2,""00011011"":3,""00111101"":10,""11010010"":6,""00101010"":4,""10011110"":1,""10100011"":17,""11000010"":5,""01110011"":3,""11000111"":7,""11000100"":7,""10100110"":2,""11100000"":28,""01000001"":8,""11110100"":20,""11110010"":9,""00110000"":3,""00010100"":8,""00100011"":6,""01000100"":7,""00010101"":9,""11001111"":7,""01010011"":8,""00011100"":6,""00001011"":2,""11011111"":9,""00100010"":5,""00001110"":1,""10010100"":16,""00010000"":16,""10010110"":2,""01111000"":2,""11100110"":7,""00111010"":1,""11000000"":11,""10000110"":4,""11000110"":2,""10010011"":11,""11110110"":7,""01100100"":6,""00000011"":2,""10100100"":18,""11010110"":5,""00110110"":1,""10110110"":13,""01000111"":4,""00000000"":1,""01110000"":4,""00000100"":3,""00010011"":8,""00010001"":7,""01110111"":4,""00101110"":1,""01000110"":2,""10000010"":3,""00011111"":2,""10100010"":6,""10110010"":9,""01111111"":1,""01010010"":2,""00111110"":1,""01011010"":3,""00001010"":1,""01000010"":3,""01010111"":3,""00000010"":1,""01100000"":2,""00110010"":2,""01101110"":1,""01100110"":2,""00010110"":1,""01010110"":1,""01000000"":2}"
95,x,4000,0.43799999999999994,-0.045500000000000096,0.1855,-0.018999999999999906,0.29800000000000004,-0.03400000000000003,0.237,-0.639,"{""11100000"":35,""01100101"":3,""11100101"":17,""10100000"":49,""10010000"":22,""11000011"":18,""10000010"":139,""11010001"":5,""11100100"":30,""00110010"":19,""10010101"":5,""11100110"":19,""10111100"":39,""10000100"":107,""00110100"":12,""10000110"":58,""11000010"":41,""10100101"":21,""11101101"":22,""00111111"":5,""11100011"":25,""01100010"":23,""11100001"":23,""11111011"":11,""11100111"":13,""10010010"":32,""01100110"":5,""11010000"":21,""10000011"":48,""10001010"":140,""10001100"":100,""10100100"":36,""00100000"":12,""10000111"":27,""10110000"":28,""11000100"":26,""10110100"":24,""10101100"":51,""10000101"":42,""11110001"":12,""10111101"":7,""11000000"":17,""11110010"":27,""00100010"":15,""01111011"":10,""11010100"":8,""11110100"":36,""10000001"":40,""10000000"":59,""01110000"":12,""11101011"":15,""11000001"":14,""01011101"":1,""00100100"":7,""00000110"":5,""10011010"":57,""11110101"":9,""11011010"":28,""10100010"":64,""11010010"":16,""01110010"":16,""00000111"":2,""10100011"":22,""00010001"":5,""01100100"":10,""00111100"":19,""10010011"":9,""10010111"":12,""10110111"":9,""11000110"":8,""10110110"":18,""11110000"":11,""11100010"":64,""10110010"":34,""11010101"":2,""11101000"":36,""01010010"":13,""10100111"":16,""10100110"":21,""10111111"":8,""01001010"":14,""00010111"":2,""00110101"":8,""11110110"":13,""00101010"":23,""10110001"":17,""01000000"":4,""01010001"":5,""11110011"":9,""00000100"":6,""01100000"":13,""10010110"":17,""11010011"":5,""00100111"":3,""01100011"":4,""01111000"":13,""11001110"":10,""10011101"":7,""00010010"":9,""01111001"":4,""10110101"":14,""10101000"":37,""00010101"":4,""01110110"":10,""11111101"":9,""11111100"":44,""10101110"":27,""01100001"":7,""10100001"":15,""01110100"":8,""01101000"":10,""10010100"":11,""01010101"":1,""00110000"":3,""00110110"":7,""11010110"":11,""00100001"":4,""10001111"":34,""00110001"":6,""01011111"":1,""00001010"":12,""11101010"":70,""11111001"":13,""11111010"":36,""11101100"":47,""01111101"":5,""11101001"":17,""10001000"":56,""11011100"":21,""01111111"":2,""10001001"":24,""10111011"":8,""00111010"":17,""10111010"":42,""10101010"":99,""11011001"":13,""10011000"":28,""10001011"":36,""01001101"":2,""10111000"":25,""10011100"":23,""01111010"":21,""10101001"":19,""01111100"":13,""00001101"":1,""11111111"":4,""10101111"":15,""01001000"":2,""11011111"":2,""11101111"":9,""00011100"":5,""11001100"":29,""00111000"":8,""01010100"":5,""01111110"":7,""01001011"":3,""10001101"":36,""11011000"":7,""10011011"":14,""00101000"":18,""11001000"":15,""01001111"":2,""11001010"":48,""01000100"":7,""00000000"":3,""00010110"":5,""11110111"":6,""00110011"":7,""10110011"":11,""00100101"":3,""10011111"":12,""00010000"":4,""10001110"":46,""01110111"":4,""00010100"":4,""01000010"":7,""01010000"":3,""00000010"":5,""10101101"":12,""10011110"":18,""11101110"":16,""11001101"":10,""01101011"":7,""11111110"":17,""01011001"":3,""01101001"":2,""10011001"":15,""11011011"":6,""00101111"":4,""10101011"":21,""00111011"":1,""11000111"":4,""00011000"":4,""00101011"":7,""10010001"":13,""00110111"":2,""11010111"":8,""11011101"":4,""11000101"":5,""00100011"":8,""00000001"":3,""01101010"":19,""00001001"":1,""00101001"":3,""11011110"":5,""00001110"":5,""10111110"":13,""01001100"":8,""10111001"":8,""01001110"":2,""01101110"":6,""01011010"":7,""11001111"":3,""11111000"":15,""11001001"":12,""00101101"":1,""01101100"":7,""01001001"":2,""00011110"":3,""00011010"":3,""00011001"":2,""00101100"":5,""00111101"":8,""00001100"":2,""01000011"":1,""01000101"":3,""00100110"":6,""00000011"":2,""00111110"":6,""01011110"":2,""11001011"":9,""01010111"":2,""00111001"":3,""01110011"":3,""00101110"":2,""01011100"":3,""00011111"":1,""00010011"":2,""01011000"":2,""01110101"":4,""01000110"":1,""01100111"":1,""01110001"":3,""01101111"":3,""00000101"":1,""01101101"":1,""00011101"":1,""00001111"":1,""00001011"":1,""01000001"":1,""01010110"":1,""00001000"":1,""01011011"":1}"
96,x,4000,0.1785,-0.1359999999999999,0.12150000000000005,-0.016000000000000014,0.43000000000000005,0.22050000000000003,-0.4624999999999999,0.5900000000000001,"{""01001010"":152,""01001101"":52,""01011010"":43,""11001010"":37,""01001001"":57,""11011101"":5,""01001011"":60,""01011011"":19,""00111011"":18,""00001010"":28,""10001000"":3,""01001100"":78,""11011001"":13,""00001110"":23,""01001111"":35,""01001110"":63,""01001000"":51,""10000010"":10,""01011100"":19,""11001101"":24,""01011101"":16,""01111110"":19,""01101110"":46,""00011110"":5,""11001110"":25,""00111100"":15,""00101100"":27,""00001100"":22,""01011001"":26,""01101100"":48,""00011010"":17,""00100100"":32,""11010101"":7,""00101110"":17,""01100000"":21,""00011101"":4,""01000000"":48,""01101010"":69,""10001010"":5,""01010001"":36,""00111010"":26,""11101100"":13,""01101011"":46,""11001000"":20,""11011000"":4,""00111101"":15,""00001101"":14,""11111111"":3,""11001001"":13,""11011010"":15,""00011100"":4,""10001101"":3,""00111110"":21,""01111100"":18,""01111001"":10,""01010010"":47,""01011000"":20,""10011000"":3,""11101001"":6,""11001100"":19,""00011001"":9,""10011010"":4,""00101000"":13,""00101101"":22,""00101001"":22,""01100001"":36,""00010010"":24,""11000101"":19,""11101010"":14,""01010101"":21,""01100010"":55,""00010101"":5,""11010010"":20,""00000000"":9,""01000101"":61,""01100011"":39,""01010011"":31,""01000011"":59,""00010011"":13,""01101001"":30,""11000000"":17,""00100011"":22,""11010110"":10,""01000010"":139,""00110000"":11,""01100100"":33,""01000001"":64,""01000110"":66,""01110011"":6,""11010111"":6,""01000100"":74,""10010000"":3,""00100010"":39,""01100101"":34,""11000110"":25,""10010110"":2,""01110111"":15,""00110111"":12,""00100101"":13,""00100001"":19,""00000100"":16,""11100011"":9,""00110110"":21,""00000111"":10,""01110101"":9,""00100110"":19,""11100010"":17,""10100011"":3,""01100111"":14,""11000001"":17,""01100110"":37,""01000111"":42,""01110010"":22,""00000110"":14,""11100000"":5,""01110100"":18,""01010000"":22,""11110100"":2,""10000101"":4,""01101101"":28,""11100001"":7,""00100111"":12,""01010111"":11,""10110010"":3,""11000100"":16,""01010110"":24,""11000010"":40,""00000011"":10,""00110001"":8,""01111010"":17,""00101010"":46,""01111011"":11,""00011011"":6,""11111100"":3,""00001000"":11,""01011110"":29,""11001011"":31,""10001011"":4,""11011100"":5,""01011111"":12,""00001011"":14,""01101111"":20,""00001001"":12,""11011011"":8,""11101011"":9,""00101111"":9,""10101100"":3,""11000111"":8,""01111111"":10,""11101000"":7,""11001111"":12,""10111011"":1,""11111010"":7,""10001111"":3,""11101111"":6,""11010011"":5,""11011110"":11,""00101011"":21,""11101110"":14,""11011111"":4,""01111000"":4,""11110001"":4,""01111101"":9,""00010001"":10,""11110110"":3,""11010001"":15,""11110111"":2,""11100110"":11,""11111110"":4,""00110010"":16,""11100100"":14,""00000001"":23,""11110010"":4,""00110100"":10,""01110000"":4,""11100111"":4,""00000010"":28,""11010100"":6,""10100000"":1,""00010000"":6,""11101101"":8,""11111011"":2,""00001111"":14,""01101000"":21,""10001100"":4,""00111001"":6,""10111101"":3,""10111010"":3,""10101010"":7,""10100101"":2,""11111001"":4,""10011011"":4,""00011000"":2,""00110101"":11,""11000011"":18,""00010110"":6,""00110011"":8,""10011100"":1,""00010111"":4,""10110110"":2,""10000111"":5,""00100000"":10,""10110011"":2,""10010010"":3,""10100010"":5,""00000101"":7,""10010001"":6,""01010100"":12,""01110001"":4,""11100101"":5,""10000100"":6,""11010000"":6,""11111000"":1,""00111111"":9,""01110110"":11,""10010101"":1,""10000000"":2,""10000110"":5,""00010100"":4,""10011111"":1,""10101000"":1,""10001001"":4,""10111100"":2,""10011101"":1,""10100110"":1,""11110000"":2,""11111101"":1,""10101101"":1,""10111001"":1,""10101001"":1,""10000011"":4,""10010111"":1,""10001110"":2,""00111000"":2,""10101110"":1,""10101011"":2,""10111110"":1,""10111000"":1,""10110101"":1,""10000001"":1,""10110111"":1,""10011001"":1,""00011111"":1,""10110100"":2,""10100111"":1}"
97,x,4000,0.25849999999999995,0.6435,0.10599999999999998,-0.0009999999999998899,0.15549999999999997,0.04300000000000004,0.07550000000000001,0.0635,"{""10001001"":36,""01001100"":34,""10001111"":7,""00011101"":42,""01011101"":12,""00010101"":30,""11011101"":13,""10000000"":50,""01011001"":13,""00011100"":53,""10101000"":22,""10011110"":8,""01001000"":42,""11110000"":7,""10111110"":6,""10111000"":31,""01111100"":44,""01111101"":23,""00010000"":59,""00011000"":56,""11011000"":41,""00101101"":35,""00001001"":17,""01101100"":14,""00100000"":56,""00101000"":60,""01101110"":3,""00101100"":50,""10001101"":21,""01111011"":6,""11101000"":40,""11101101"":16,""10111100"":31,""00101001"":51,""10001011"":6,""00000000"":25,""00001000"":30,""11001100"":28,""01011000"":17,""01001101"":35,""11101001"":34,""10011001"":15,""01101000"":10,""10101100"":28,""11101010"":11,""01111001"":31,""01111110"":11,""01101010"":11,""10101001"":27,""01001110"":7,""10111011"":4,""11001010"":18,""01110000"":43,""01101101"":12,""10111010"":13,""11010001"":25,""00001010"":9,""11001101"":21,""00001100"":29,""10001100"":29,""11001001"":27,""00011001"":32,""10011000"":16,""11001011"":6,""10101101"":25,""11001000"":46,""11011001"":24,""00000001"":14,""11010100"":34,""01001111"":6,""00101011"":12,""11011011"":4,""01001011"":3,""11010000"":34,""10001000"":39,""01101001"":12,""11111010"":9,""10110010"":7,""00010001"":43,""00101010"":16,""00100110"":7,""00010100"":61,""00000100"":23,""11100001"":27,""11100100"":47,""00100001"":40,""11000000"":51,""10010000"":18,""00110110"":3,""10000101"":13,""10100100"":31,""01110010"":14,""00000101"":13,""00010010"":18,""10110000"":31,""11010110"":9,""10100000"":44,""11110010"":4,""10100110"":8,""10100011"":1,""01100101"":8,""00110000"":21,""00101111"":3,""11000110"":9,""10000011"":4,""11100010"":14,""11000001"":26,""10000100"":37,""00100010"":18,""10110100"":31,""11000100"":35,""11000010"":11,""01000100"":52,""01010011"":2,""00100101"":24,""11110100"":15,""00100100"":67,""10000001"":15,""11010010"":13,""01100000"":24,""01010000"":13,""01110100"":34,""01100111"":3,""01000110"":9,""01100001"":11,""10111001"":28,""10110001"":18,""01000000"":49,""00000011"":2,""11110001"":7,""01110101"":16,""10100101"":18,""11011111"":3,""11100000"":44,""01110001"":18,""10100111"":4,""01111000"":25,""11100011"":4,""10100001"":15,""10101010"":8,""00111100"":17,""11101100"":27,""11101110"":7,""10011010"":3,""00111110"":4,""00011011"":10,""01111010"":9,""00111101"":9,""00111010"":5,""00100011"":9,""00011010"":18,""01011010"":7,""11001110"":3,""00010111"":3,""11000101"":20,""11011100"":21,""00111001"":14,""00111000"":10,""01001001"":37,""00101110"":10,""11100101"":20,""11100111"":4,""01000001"":29,""01000101"":21,""10101110"":4,""10011100"":14,""11011010"":7,""10001010"":6,""11011110"":3,""11111101"":7,""10111101"":18,""10011101"":8,""11111100"":9,""10110110"":7,""00110100"":11,""00010110"":10,""00000010"":6,""10000110"":10,""01010100"":12,""01010010"":8,""11010111"":3,""10010101"":8,""00110101"":9,""01110110"":9,""00110010"":7,""01100100"":16,""00001110"":5,""11010101"":15,""10101111"":1,""11111001"":5,""10001110"":5,""01110111"":6,""11111110"":2,""10111111"":4,""01011011"":2,""00001011"":5,""00001101"":15,""01001010"":11,""11001111"":2,""01010001"":6,""10010100"":14,""10101011"":3,""11111011"":1,""11111000"":6,""11101111"":8,""00011110"":8,""01010110"":2,""10000010"":6,""10100010"":7,""11110101"":5,""10110101"":19,""01100110"":4,""10010110"":2,""00000110"":4,""00110001"":12,""01000010"":10,""11110110"":3,""11000111"":3,""11101011"":6,""01011100"":5,""11000011"":5,""00000111"":2,""01000011"":4,""11100110"":8,""10110111"":1,""01000111"":2,""00001111"":1,""10000111"":4,""00110011"":2,""01110011"":3,""00010011"":6,""10010010"":6,""10010001"":10,""01100010"":3,""01010101"":4,""01100011"":2,""01011110"":1,""00111111"":1,""00100111"":6,""10010011"":1,""11110011"":3,""11111111"":2,""00011111"":5,""01101111"":1,""01111111"":1,""01011111"":2,""11010011"":3,""10110011"":1,""10010111"":1}"
98,x,4000,-0.4970000000000001,0.392,0.22850000000000004,-0.02299999999999991,0.352,0.135,0.020000000000000018,-0.043500000000000094,"{""01000110"":3,""11000001"":78,""11110101"":4,""00100011"":39,""11000011"":42,""00100111"":14,""10000100"":16,""10000011"":36,""10110011"":8,""10000000"":34,""00100100"":15,""00110101"":40,""00110001"":36,""10100001"":41,""01010101"":20,""01110001"":16,""10000001"":70,""00100001"":67,""10001100"":18,""11010001"":48,""01010000"":14,""11010011"":29,""10110111"":4,""11110100"":2,""01100101"":36,""10110101"":13,""11000101"":52,""01100011"":35,""11010101"":37,""01001001"":40,""10000101"":70,""10101010"":2,""00000110"":3,""11101011"":14,""11011101"":29,""11010000"":26,""00101001"":69,""01010001"":37,""01100001"":61,""01100111"":13,""10100101"":22,""10010001"":19,""00111001"":53,""00100000"":27,""01000011"":20,""10001111"":16,""01100100"":12,""11000110"":11,""01000001"":23,""00100101"":44,""01010110"":4,""10010000"":8,""10100111"":7,""00000011"":10,""00000101"":11,""10001101"":75,""11000111"":28,""11100001"":10,""01000101"":35,""01010011"":19,""01101001"":65,""00110100"":22,""01001100"":13,""01010010"":7,""10001001"":86,""11010110"":3,""11010100"":12,""00110000"":22,""01101101"":42,""00111011"":23,""00001001"":19,""10101000"":14,""01011001"":43,""10011001"":18,""01011101"":15,""10110001"":11,""01111000"":5,""01101011"":28,""11011000"":9,""01100000"":27,""00101111"":17,""01111001"":19,""00011111"":3,""11001011"":62,""10001011"":55,""00001101"":15,""00011011"":9,""01011111"":9,""11011011"":23,""10001000"":38,""10101011"":30,""01001110"":3,""01011100"":7,""01101111"":13,""11111011"":3,""01111111"":2,""00101101"":48,""00111101"":24,""11111100"":1,""00111111"":18,""00101011"":42,""11001001"":86,""00011101"":7,""00101100"":22,""11001101"":55,""11001000"":29,""01101110"":2,""11011001"":44,""10111111"":5,""11001111"":21,""00001011"":11,""01011010"":5,""01101000"":18,""11111001"":6,""10100011"":20,""10010100"":11,""00110010"":7,""00010010"":1,""11100100"":5,""10100100"":14,""11010111"":16,""11101001"":13,""01000111"":10,""00010101"":8,""00000100"":5,""10010101"":16,""01110101"":9,""01011011"":18,""10100000"":17,""10111001"":14,""00000000"":8,""11000100"":24,""01001010"":7,""10000010"":14,""01100010"":9,""10011101"":14,""11001100"":26,""01000100"":15,""00000010"":2,""11110111"":2,""11001010"":11,""10010011"":12,""01001011"":30,""11101010"":1,""10011111"":5,""11101101"":9,""01001111"":6,""01111101"":6,""10111011"":10,""10101101"":27,""01101100"":17,""01001101"":29,""11011111"":9,""00111000"":20,""00111100"":10,""00011001"":12,""00111010"":6,""10101111"":11,""10101001"":44,""01111011"":9,""10011011"":11,""00001111"":5,""00111110"":6,""10111101"":14,""10001110"":6,""11101111"":3,""10101100"":14,""11111101"":6,""01011000"":7,""00010001"":12,""00011000"":3,""11001110"":9,""10011100"":3,""01001000"":18,""00011100"":4,""11011010"":10,""11011110"":3,""01111100"":4,""00001100"":7,""11100000"":11,""10011110"":2,""00101110"":5,""10001010"":19,""10111110"":1,""01000000"":10,""10000111"":19,""00110011"":23,""11110010"":2,""00010100"":4,""00000111"":5,""11100101"":14,""01000010"":4,""00010011"":12,""11000000"":20,""11000010"":7,""00110111"":10,""11100110"":1,""01110011"":5,""11100011"":6,""10011000"":10,""10000110"":6,""00101000"":15,""00001000"":4,""01101010"":6,""00001110"":2,""11011100"":14,""00101010"":5,""01010100"":4,""01010111"":3,""10010111"":6,""10110000"":9,""11110001"":4,""00001010"":3,""01100110"":3,""00100110"":3,""11010010"":4,""00000001"":5,""00100010"":6,""01110000"":5,""00010110"":1,""00010000"":4,""11100111"":1,""11111000"":2,""11101000"":3,""10101110"":2,""01011110"":1,""01111010"":2,""10100010"":2,""10111010"":1,""01110010"":3,""00110110"":4,""11111010"":1,""10111000"":2,""10110100"":4,""10100110"":1,""11110000"":2,""11110011"":3,""01110100"":3,""10010110"":1,""10010010"":3,""00010111"":1,""00011110"":1}"
99,x,4000,-0.14549999999999996,0.536,0.13849999999999996,0.0004999999999999449,0.394,0.7585,0.14549999999999996,-0.1815,"{""11110001"":8,""01000011"":41,""01000001"":60,""01000101"":49,""10010111"":20,""10000110"":25,""10010011"":29,""10010101"":41,""10110101"":2,""11100001"":12,""10000000"":104,""10000011"":59,""01000000"":83,""10000001"":123,""01000100"":53,""11100101"":13,""11001011"":23,""10000111"":37,""11110101"":6,""11110011"":5,""10000101"":97,""00000100"":31,""10110000"":5,""10010000"":47,""11000000"":35,""01010101"":34,""10000010"":25,""00001101"":32,""01011101"":34,""10010110"":10,""10001101"":125,""11000101"":27,""00001000"":41,""10000100"":94,""10011000"":38,""11001001"":48,""00010000"":13,""11000100"":18,""01011001"":28,""00000001"":28,""00000000"":33,""01000010"":13,""01010011"":22,""01010100"":24,""11010001"":15,""11000111"":10,""10010100"":48,""00011111"":4,""01010111"":5,""00010011"":11,""10001001"":173,""11110111"":1,""11000011"":15,""01001101"":62,""01010000"":32,""01001000"":68,""11010100"":12,""00010001"":11,""00010111"":12,""10001100"":98,""10100000"":3,""10001000"":110,""10001111"":38,""11101011"":6,""10011101"":40,""01011111"":9,""01101101"":5,""11100000"":15,""01101001"":11,""11111001"":14,""01001010"":15,""11011100"":13,""01111010"":1,""10001011"":68,""01001001"":90,""10101101"":7,""01001110"":12,""01001100"":38,""11101000"":7,""01011000"":28,""10011100"":44,""10011001"":47,""00001001"":43,""10001010"":21,""00011100"":11,""10101001"":5,""11011000"":12,""11001101"":30,""11001000"":34,""00000111"":9,""10111101"":3,""10011111"":21,""00001100"":26,""11001100"":14,""10111100"":4,""10011010"":4,""10010001"":48,""11101100"":7,""11101101"":8,""00011001"":7,""10001110"":16,""00101101"":2,""11001111"":11,""10101000"":9,""10100101"":4,""01001011"":24,""11010000"":5,""11000001"":33,""00100100"":8,""11000010"":14,""01100110"":2,""01000110"":11,""01000111"":19,""00000110"":4,""00010101"":11,""10010010"":7,""00100111"":2,""00000011"":11,""11100100"":6,""01100000"":12,""11110000"":7,""01110001"":6,""00000101"":33,""01001111"":13,""01010010"":8,""00010010"":3,""00010100"":11,""00011101"":8,""10100001"":7,""01111101"":5,""01011100"":22,""11001010"":4,""11001110"":2,""10011011"":23,""01111000"":12,""11011101"":9,""11111000"":7,""01111001"":15,""01101000"":14,""00111001"":3,""01101100"":6,""01010001"":36,""10011110"":7,""00100011"":6,""00101000"":4,""00001011"":16,""11111101"":5,""01011110"":3,""00101001"":7,""00101011"":2,""01011011"":11,""10101111"":1,""00001111"":7,""01110101"":5,""11010101"":10,""00110011"":1,""11010011"":3,""01100010"":2,""01110000"":9,""11110110"":2,""00100101"":2,""01100011"":4,""01100001"":6,""00110101"":7,""11011010"":1,""11010111"":2,""10111001"":6,""01111110"":2,""11111010"":2,""01101111"":2,""00111011"":1,""11011011"":2,""10111111"":1,""11011111"":5,""10111110"":1,""11011001"":10,""00011110"":2,""01101011"":3,""00001010"":3,""01011010"":4,""00011000"":7,""10111011"":4,""11111110"":1,""00010110"":2,""01101010"":2,""11111100"":4,""11110100"":6,""10100011"":2,""01100100"":7,""00110111"":2,""11010010"":2,""01110111"":1,""01100111"":6,""11101110"":1,""00011010"":3,""01111100"":5,""11000110"":8,""00110100"":1,""10110111"":2,""00111000"":2,""00000010"":6,""01110011"":4,""00100000"":4,""01110010"":2,""00100001"":4,""10110001"":2,""01010110"":8,""10111000"":2,""11100111"":1,""01100101"":8,""11100010"":2,""10100100"":4,""10110010"":2,""11010110"":3,""10110100"":5,""00110000"":4,""11100011"":1,""11111111"":2,""00101100"":2,""00111100"":1,""11101001"":7,""10101011"":3,""01111011"":2,""00111101"":1,""00110001"":3,""11101111"":2,""10101100"":1,""00101010"":2,""00011011"":1,""00001110"":1,""00100110"":1,""00100010"":2,""01110100"":1,""00111110"":1,""10101110"":1,""01111111"":1,""10100010"":1,""01110110"":1,""10110011"":1}"
