image,basis,shots,e0,e1,e2,e3,e4,e5,e6,e7,counts
0,x,4000,0.09399999999999997,0.23950000000000005,-0.10200000000000009,0.03749999999999998,0.20750000000000002,0.03700000000000003,-0.038999999999999924,0.673,"{""01111001"":4,""01111100"":35,""01001010"":31,""00101000"":43,""10001001"":3,""01101001"":44,""00111110"":22,""00101111"":10,""00001111"":25,""11111100"":13,""00111000"":17,""01001101"":42,""01101111"":17,""00111101"":30,""00001100"":43,""01001100"":33,""11011000"":7,""00011100"":55,""00001010"":42,""01101011"":31,""01101100"":37,""10011100"":6,""01001110"":33,""11011100"":21,""00011000"":32,""00101100"":32,""00111011"":7,""10011010"":4,""00001110"":25,""00001001"":26,""00011001"":28,""00000010"":32,""11110101"":7,""01111000"":22,""00001011"":19,""01001001"":22,""01100000"":67,""11101110"":12,""10010010"":6,""00001101"":64,""01011000"":20,""00011110"":24,""00110101"":38,""00101010"":19,""00101001"":24,""00010000"":33,""01101000"":45,""11101100"":6,""01100110"":43,""01111010"":8,""00100000"":26,""11011001"":9,""00111111"":20,""00101101"":26,""11001100"":7,""01100100"":50,""00001000"":30,""11101000"":12,""11010101"":9,""00011101"":50,""00111001"":15,""00101011"":11,""10111100"":4,""00010010"":28,""00111100"":28,""01101110"":35,""00101110"":19,""11100100"":14,""10101011"":4,""10101100"":3,""01001011"":12,""01001111"":15,""01111110"":27,""11101101"":14,""01100101"":43,""00110010"":12,""01000000"":40,""01000100"":36,""01010100"":12,""00000101"":49,""00000110"":29,""00010110"":35,""00100111"":24,""01100111"":27,""00010100"":47,""10100110"":3,""01000010"":34,""01000001"":42,""01110000"":16,""01010111"":8,""01110101"":40,""11000010"":13,""11000100"":16,""11110100"":7,""01110100"":20,""00000100"":55,""01000101"":38,""00100101"":26,""11000110"":6,""01010110"":10,""01000111"":24,""10001110"":4,""11100001"":12,""10010101"":9,""01100001"":58,""11010100"":15,""11100101"":9,""11010000"":5,""11100010"":12,""11110000"":5,""00000001"":38,""00100100"":25,""01110110"":18,""00100110"":27,""01010001"":20,""00010101"":35,""01010011"":12,""01000110"":42,""00110000"":19,""00000000"":31,""00010111"":21,""10001011"":2,""10010111"":4,""11000001"":10,""11010110"":3,""01011011"":8,""01010010"":6,""10000100"":7,""00110100"":39,""01100011"":30,""10000011"":2,""11110110"":7,""00100010"":21,""01010101"":14,""00110110"":20,""11000111"":7,""11111000"":8,""11010111"":4,""00100001"":30,""11100000"":12,""00010001"":46,""00000111"":16,""11110010"":2,""01100010"":35,""01011110"":15,""01111101"":39,""11101111"":3,""10100001"":3,""01011100"":18,""11100011"":11,""00110001"":22,""11011101"":14,""00100011"":18,""10000010"":2,""10000111"":3,""11101010"":12,""01001000"":30,""11101001"":8,""01101010"":32,""10111101"":2,""01101101"":38,""10101110"":1,""11001101"":4,""00011111"":18,""01111111"":11,""00011010"":23,""01011101"":16,""00011011"":14,""01011001"":13,""10100010"":6,""11100110"":10,""01110111"":13,""00010011"":18,""01110001"":14,""01000011"":19,""00110111"":8,""01010000"":7,""11000011"":4,""10010110"":5,""00000011"":18,""10010000"":4,""00110011"":10,""10110101"":4,""11110001"":8,""01110010"":6,""11111101"":11,""11000000"":11,""10010001"":2,""11000101"":6,""10000101"":6,""11101011"":8,""10011101"":3,""11001111"":5,""10111110"":3,""10001000"":7,""01011010"":10,""00111010"":5,""10011011"":3,""10111111"":4,""11001110"":10,""10001101"":6,""11011111"":2,""11011110"":6,""10101001"":3,""01011111"":8,""11001010"":6,""10101000"":5,""10100000"":3,""11010001"":2,""11100111"":6,""11111110"":9,""10111000"":3,""10010100"":2,""11111111"":3,""11001000"":5,""01111011"":6,""10101111"":1,""11001001"":5,""10011000"":3,""11111001"":4,""10011110"":3,""11110111"":2,""10110011"":1,""11110011"":2,""01110011"":3,""10110001"":5,""11011011"":3,""10010011"":2,""10110010"":2,""10100011"":1,""10000110"":2,""10100100"":1,""10011001"":3,""10001100"":5,""10111010"":1,""11010010"":3,""10000001"":2,""10000000"":1,""10111011"":1,""10001010"":1,""11111010"":3,""11010011"":2,""10110111"":1,""10101010"":1,""11001011"":1,""11011010"":1,""10001111"":1,""10100101"":1}"
1,x,4000,-0.34099999999999997,-0.22100000000000009,-0.3065,0.020499999999999963,0.4375,-0.050999999999999934,0.44599999999999995,-0.7549999999999999,"{""10011101"":36,""10101110"":55,""11001101"":39,""11101111"":24,""10001010"":26,""10011111"":39,""10001110"":40,""00101110"":3,""10111100"":27,""10101011"":62,""11001100"":19,""10001000"":25,""10101100"":65,""11100110"":17,""11000010"":19,""01001111"":11,""10101111"":165,""10100110"":71,""11001111"":66,""10100010"":46,""10101000"":24,""10001001"":28,""00111110"":1,""10111010"":8,""10111110"":24,""00101011"":6,""10100111"":156,""11001110"":31,""01001010"":2,""10001101"":67,""10101001"":42,""00001010"":5,""10001111"":121,""10111111"":67,""10010110"":13,""00111010"":1,""10101101"":74,""11011101"":14,""10010000"":8,""11011001"":3,""10011001"":15,""01011101"":5,""11011010"":4,""10001100"":44,""11001010"":17,""10010101"":23,""11111011"":6,""11000111"":70,""10011011"":18,""00101111"":15,""01101111"":14,""01001000"":3,""10011010"":19,""10110001"":32,""11101010"":4,""10100011"":50,""01001100"":5,""00001011"":4,""10101010"":42,""10011110"":15,""11101001"":14,""10001011"":58,""00001111"":17,""10111000"":15,""11101101"":19,""01011111"":2,""10011000"":9,""01000101"":10,""10111001"":24,""11100111"":53,""00101100"":5,""11011111"":14,""01001110"":4,""01101100"":6,""11001000"":12,""10000111"":125,""00001001"":6,""01111000"":1,""10111101"":32,""11001001"":16,""00011001"":2,""10000001"":45,""10100100"":58,""10111011"":28,""10110111"":88,""01111110"":2,""11101011"":9,""01001011"":6,""10110101"":28,""10000100"":30,""00101001"":2,""01000001"":10,""01101011"":3,""01111001"":2,""00111001"":3,""01101101"":10,""00110111"":8,""00011011"":2,""10100101"":70,""10000101"":59,""11000100"":23,""01111100"":2,""10100001"":65,""01011011"":4,""11110010"":6,""11110011"":10,""10100000"":18,""00010011"":2,""01111101"":3,""00011101"":2,""11011110"":5,""01101000"":4,""01100001"":4,""00001101"":3,""10000011"":50,""10000110"":44,""01101110"":4,""11000001"":20,""11101000"":6,""11001011"":23,""11111111"":5,""11101110"":17,""10110110"":35,""11011011"":7,""11101100"":9,""11111110"":1,""11010111"":16,""11110110"":3,""11110000"":3,""01011110"":2,""11011000"":3,""10000010"":22,""00011110"":2,""01011001"":6,""00001100"":2,""00011010"":3,""00001110"":4,""10110000"":15,""10110011"":31,""01101001"":3,""11100000"":6,""11011100"":5,""00000010"":3,""00010000"":1,""10110100"":23,""00001000"":3,""11100001"":15,""01001001"":3,""00111111"":6,""01110111"":8,""00100100"":5,""11100101"":7,""00010100"":3,""11111000"":1,""11111010"":1,""00101101"":1,""01011000"":3,""11110111"":10,""11111101"":5,""01000011"":6,""01000000"":3,""10010001"":9,""10010111"":41,""01000110"":7,""10110010"":17,""01110011"":3,""00110110"":3,""01010011"":5,""11010011"":4,""10010011"":30,""11100100"":5,""00110101"":3,""11100011"":22,""00000011"":5,""11000011"":28,""00010110"":1,""11000101"":32,""01010001"":2,""01111111"":4,""00000111"":13,""01110010"":4,""01100111"":19,""10010010"":18,""10000000"":19,""01000111"":15,""01010000"":2,""11010000"":4,""00100111"":13,""00110011"":2,""00100010"":4,""11010101"":9,""11010100"":7,""11010110"":3,""01010111"":8,""01110001"":1,""10010100"":10,""11000110"":12,""11110101"":4,""11100010"":8,""00100110"":5,""11110001"":5,""01100101"":5,""01100010"":4,""00100011"":3,""01110100"":2,""00100001"":3,""00010111"":5,""11010010"":1,""00000110"":8,""01100000"":1,""00110000"":2,""11000000"":11,""01010100"":1,""11110100"":5,""00000001"":3,""00110001"":2,""00100101"":4,""01010101"":2,""01100110"":3,""01110000"":4,""00100000"":1,""01110110"":3,""00000000"":2,""01100011"":3,""00010101"":1,""01100100"":2,""01110101"":2,""00000101"":4,""11111001"":3,""00101010"":3,""01001101"":6,""00111100"":1,""11111100"":2,""00011111"":2,""00011000"":2,""10011100"":4,""01111011"":1,""01101010"":1,""00011100"":2,""00101000"":2,""01111010"":2,""00111000"":1,""00111011"":1,""00111101"":1,""00000100"":2,""11010001"":1,""01010010"":1,""00010001"":1,""01010110"":1}"
2,x,4000,0.16500000000000004,0.11399999999999999,0.10350000000000004,0.04749999999999999,-0.20700000000000007,-0.17500000000000004,0.19499999999999995,-0.08200000000000007,"{""10111000"":50,""10001001"":15,""00010000"":12,""10110000"":44,""00111110"":30,""00111101"":18,""11011100"":26,""01011100"":17,""10111010"":36,""10000000"":23,""10011100"":21,""00101001"":17,""00111010"":40,""00111001"":23,""11001100"":6,""10100010"":20,""10110100"":52,""11101110"":12,""11001010"":16,""11011110"":18,""10101001"":18,""10001000"":37,""00100000"":34,""11000010"":8,""10011101"":12,""00100001"":39,""10111110"":41,""00011100"":11,""11101101"":6,""01011101"":13,""00110111"":23,""11101010"":11,""00011000"":18,""10101100"":22,""10001110"":29,""01111100"":13,""10111011"":31,""00101010"":22,""01010100"":29,""01111001"":9,""11011000"":28,""10111001"":35,""11111010"":8,""01101010"":15,""11101000"":16,""11001110"":8,""01101001"":23,""01111000"":10,""01011010"":21,""11001101"":10,""11011001"":23,""10011000"":19,""10011010"":18,""00101000"":28,""00111011"":26,""01001000"":6,""10101010"":19,""10111101"":25,""11010100"":44,""10011110"":17,""11111001"":5,""01001011"":10,""10010000"":25,""10011011"":11,""00011010"":12,""00101100"":21,""01100001"":25,""00100010"":20,""11111110"":17,""11101001"":14,""01101110"":16,""01110010"":16,""00101110"":15,""10101011"":8,""11111100"":13,""01101101"":20,""00011001"":11,""11011101"":19,""01010000"":19,""11111000"":6,""00111100"":36,""01101100"":20,""10101110"":15,""00110010"":40,""00110110"":37,""10111100"":34,""10011001"":16,""11001011"":13,""01001010"":11,""11111011"":10,""00101011"":10,""11110001"":12,""00001000"":11,""01010001"":13,""10001111"":8,""00001001"":6,""11011010"":18,""01111010"":15,""11011111"":18,""10101111"":7,""10001011"":15,""10111111"":17,""00101101"":14,""11101111"":4,""00001010"":14,""01001110"":6,""11000001"":8,""10101000"":15,""11100100"":11,""01011110"":11,""00110101"":23,""00011101"":6,""10100001"":28,""00011110"":9,""10001100"":15,""01011001"":16,""00111111"":11,""11010011"":19,""00001100"":3,""11001000"":13,""01111011"":13,""11001001"":7,""10010011"":16,""01101000"":16,""01111101"":8,""10010100"":31,""10101101"":15,""11010110"":21,""10100100"":21,""00011011"":7,""10011111"":5,""00111000"":22,""11101100"":14,""11010001"":38,""01110110"":16,""11101011"":10,""11011011"":12,""01101011"":10,""11110100"":7,""01111110"":12,""01010101"":30,""10001010"":15,""00110011"":29,""10110001"":37,""00011111"":5,""01110101"":14,""00000100"":10,""10010010"":15,""01010110"":19,""00101111"":10,""10000101"":13,""01111111"":5,""01100100"":14,""10110010"":34,""01100111"":6,""00110100"":33,""00001110"":6,""00000001"":9,""01011000"":20,""10110101"":34,""00001111"":4,""01001111"":3,""11111101"":13,""00001011"":13,""10100000"":23,""01100011"":11,""01110000"":13,""10000011"":27,""00010010"":10,""10010110"":14,""00110001"":36,""00110000"":26,""01100110"":12,""01100000"":30,""11010000"":36,""00010101"":6,""10100011"":14,""10110110"":46,""11000000"":5,""11010111"":13,""01100101"":13,""10100101"":9,""00000111"":4,""01110100"":19,""00000000"":7,""11000101"":5,""01100010"":18,""10000001"":7,""10000010"":14,""10010101"":18,""01010010"":21,""10000110"":8,""10100111"":8,""00100110"":19,""10110011"":26,""00100111"":5,""11100000"":18,""00000011"":6,""01000010"":9,""11100011"":11,""11110000"":6,""01110001"":12,""00010100"":20,""01011111"":4,""00010001"":11,""01001100"":5,""10001101"":12,""01011011"":9,""11100001"":22,""11100101"":8,""01110011"":16,""00000101"":2,""01000101"":5,""10000100"":9,""10100110"":17,""11110010"":11,""11010010"":19,""11100111"":4,""11100110"":9,""11110011"":8,""11110110"":9,""00100101"":17,""11001111"":5,""01010011"":9,""10110111"":25,""01101111"":5,""11000111"":5,""01000111"":3,""00010110"":9,""10010001"":28,""00000110"":11,""11000011"":13,""01000000"":7,""10000111"":9,""10010111"":8,""00010111"":11,""01001101"":4,""11110101"":6,""01010111"":9,""01110111"":9,""00100100"":21,""11010101"":7,""01000110"":6,""11100010"":8,""01000011"":4,""00100011"":11,""00000010"":5,""00010011"":7,""01000001"":3,""11000110"":5,""11110111"":3,""11111111"":2,""11000100"":8,""01001001"":4,""00001101"":2,""01000100"":2}"
3,x,4000,0.3355,0.356,-0.27449999999999997,0.04249999999999998,-0.42999999999999994,0.0615,-0.25849999999999995,-0.23399999999999999,"{""00001000"":4,""01010100"":67,""11010011"":22,""11011000"":68,""10000000"":6,""10010010"":5,""01110000"":27,""11010000"":76,""11110101"":7,""10110110"":29,""01100110"":8,""01000010"":3,""11001100"":54,""00110000"":22,""11010101"":55,""11010001"":41,""00010110"":11,""11010100"":199,""01010001"":17,""01100001"":4,""00100000"":21,""10100101"":10,""01011100"":48,""11000010"":11,""11010110"":65,""10110001"":19,""10110010"":13,""11000110"":8,""00010111"":7,""10010100"":23,""10110000"":39,""10100000"":21,""10010110"":11,""10110111"":27,""11100101"":6,""01010011"":11,""11000100"":52,""01110101"":22,""01000100"":19,""11110111"":8,""00111100"":53,""10100001"":7,""10110100"":88,""00101101"":9,""10010001"":3,""11110100"":27,""00110001"":10,""11000111"":17,""11100000"":16,""11010010"":35,""01010101"":17,""11000101"":17,""11110001"":10,""00100111"":8,""01110100"":51,""01000101"":10,""00110100"":64,""01000000"":16,""01010000"":23,""01100000"":13,""01010110"":18,""11001110"":16,""01100010"":2,""10000100"":9,""10110101"":27,""10100111"":8,""10111000"":27,""11011111"":42,""01011111"":15,""11001101"":21,""10111001"":15,""11011100"":145,""10011100"":32,""10111110"":23,""00101100"":16,""10101011"":6,""11011001"":30,""10111101"":34,""01111111"":17,""00111000"":20,""11111110"":8,""01011001"":9,""10001100"":7,""01111100"":53,""11001010"":12,""11011010"":38,""01101101"":11,""01101000"":13,""10111100"":71,""11101100"":28,""11101110"":5,""01111010"":12,""11111100"":21,""00101000"":19,""11001000"":17,""10011000"":18,""10100110"":5,""00111111"":11,""00101110"":10,""00101010"":4,""01011010"":17,""01110111"":22,""00001100"":11,""01011000"":33,""11101101"":15,""01111000"":30,""10101000"":18,""00111110"":10,""11011101"":45,""01111110"":15,""11011110"":36,""01100100"":10,""00101001"":11,""10101100"":16,""01001001"":4,""01001100"":22,""00011111"":3,""00111001"":9,""01010111"":18,""10011011"":5,""11001001"":11,""00001110"":4,""00010100"":20,""11101001"":13,""00101011"":6,""00111011"":8,""10111010"":21,""11101111"":6,""01101111"":4,""10011110"":8,""00101111"":9,""10101010"":8,""10000001"":3,""01001110"":6,""11011011"":30,""10101001"":4,""11001111"":19,""00111010"":13,""10101111"":6,""11101010"":9,""01111101"":21,""10111011"":7,""10011010"":3,""01001111"":1,""11010111"":46,""01101110"":8,""00111101"":17,""01011101"":17,""01111001"":8,""01001000"":14,""11111000"":13,""10100100"":23,""01011110"":14,""00110110"":20,""11110000"":12,""01001101"":12,""00011101"":4,""01101100"":14,""10111111"":34,""11100100"":16,""00011100"":12,""10101110"":12,""00010011"":2,""01100101"":7,""10001000"":8,""01111011"":4,""11000000"":26,""11001011"":9,""00011000"":10,""11100010"":9,""00100100"":20,""00100110"":8,""01110001"":12,""00000100"":10,""00110010"":17,""00000010"":2,""10010101"":12,""01110010"":18,""00001001"":1,""10010000"":10,""01101011"":5,""00011110"":3,""01011011"":8,""10101101"":6,""01001011"":6,""00011001"":3,""00000101"":7,""10011101"":7,""10011111"":6,""11101000"":12,""00010101"":3,""10010111"":8,""01110011"":5,""00110101"":12,""11100110"":11,""11100001"":8,""11110011"":6,""11000001"":9,""00000111"":2,""10000010"":5,""11111101"":10,""10000101"":3,""01110110"":18,""01010010"":14,""11100111"":8,""00110111"":17,""11101011"":3,""11000011"":9,""10110011"":10,""10011001"":5,""11111010"":4,""00001010"":1,""10000110"":4,""10001101"":6,""11111111"":6,""01100011"":3,""00110011"":8,""00010001"":5,""01000001"":1,""00100001"":5,""00100011"":2,""10000011"":2,""00010010"":2,""10010011"":4,""11110110"":7,""01000111"":6,""00100101"":6,""11110010"":4,""11111001"":7,""10001010"":2,""11111011"":5,""10001111"":2,""10100011"":6,""00100010"":4,""01101010"":3,""00010000"":7,""00000110"":2,""10001110"":1,""01001010"":3,""00000000"":5,""10100010"":3,""10001001"":2,""01000110"":2,""00011010"":3,""00001111"":1,""11100011"":3,""01101001"":2,""00001011"":1,""00000001"":2,""10000111"":1,""00011011"":1,""00001101"":1}"
4,x,4000,0.3035,0.274,-0.20750000000000002,0.0595,-0.1319999999999999,0.016000000000000014,-0.10200000000000009,0.43300000000000005,"{""00000100"":60,""01110000"":33,""11010110"":20,""00001000"":37,""11100101"":19,""10100110"":10,""00010010"":44,""00000110"":31,""11100100"":16,""01110011"":16,""01010000"":13,""11010010"":27,""01010111"":5,""01100100"":61,""01010010"":10,""11110100"":48,""01110001"":21,""01110100"":88,""11110111"":13,""10000000"":5,""11000000"":18,""11000010"":8,""01111100"":83,""00010000"":50,""11000110"":3,""11000100"":19,""01100110"":25,""11111000"":12,""00110100"":24,""10100100"":12,""10100111"":4,""11110001"":7,""01110101"":48,""10110100"":18,""01110110"":40,""00000000"":49,""00110010"":7,""00010101"":54,""00010100"":117,""01110010"":30,""11010100"":39,""11001101"":9,""00110101"":7,""11111001"":3,""00010111"":35,""01100011"":20,""01100000"":52,""00000010"":34,""11110101"":14,""01100101"":26,""10110000"":8,""01100111"":24,""00010110"":47,""00000101"":27,""01100010"":28,""10110101"":5,""01010101"":14,""00010011"":28,""11100110"":13,""01110111"":30,""10000110"":5,""10010101"":4,""01010100"":30,""00000001"":31,""01000000"":14,""01000111"":5,""11000001"":5,""10100000"":9,""00001100"":73,""00100111"":7,""11010111"":10,""10011100"":15,""01111000"":34,""00101100"":13,""11110010"":9,""11100111"":5,""01101001"":30,""11000101"":7,""11100011"":7,""11010011"":5,""10001100"":6,""01100001"":31,""01011101"":14,""10000100"":7,""00001111"":20,""00100100"":16,""00011010"":32,""10010100"":20,""01010110"":15,""10010111"":5,""00001010"":19,""00001101"":36,""00100000"":14,""11111100"":33,""11110000"":14,""10110011"":4,""10110110"":7,""10010010"":8,""10010001"":4,""00011100"":82,""11111101"":15,""01111101"":54,""00001001"":26,""11001001"":8,""11011110"":14,""01111010"":27,""00110011"":5,""01011010"":11,""01011011"":4,""00011101"":28,""10111110"":6,""00111101"":6,""01101111"":21,""00001110"":31,""00111111"":7,""01011100"":27,""00011111"":22,""11011101"":17,""00001011"":12,""11011011"":8,""01001100"":16,""00011001"":26,""10110010"":8,""00111100"":23,""00010001"":26,""01001011"":3,""01111011"":16,""10011000"":8,""01011000"":15,""01101100"":67,""01101110"":30,""10101011"":2,""00011110"":34,""11001100"":17,""01101101"":31,""00111010"":10,""11011100"":22,""01101000"":46,""01111111"":22,""11111111"":8,""11011010"":14,""01101011"":13,""10001000"":3,""01111110"":27,""11011111"":12,""00011011"":21,""00110000"":6,""00011000"":51,""10011010"":2,""01101010"":25,""00101010"":7,""00101001"":7,""11100001"":8,""11101100"":33,""11101000"":16,""10101010"":3,""10111010"":7,""11111010"":16,""01001000"":8,""11001111"":5,""01010011"":5,""11011001"":9,""10111100"":9,""01011111"":6,""00101000"":13,""00000011"":12,""01111001"":16,""11110011"":6,""11001010"":9,""01011110"":9,""01000010"":6,""10001011"":1,""01001110"":6,""00101011"":3,""11101110"":12,""10111000"":8,""00111001"":3,""00111000"":9,""11001000"":8,""11111110"":3,""00101101"":7,""11101101"":14,""10001101"":6,""11011000"":8,""00110110"":7,""00000111"":14,""00110111"":6,""00100101"":4,""10000111"":4,""01000100"":15,""11001110"":10,""10010110"":7,""11010101"":15,""10100010"":6,""01000101"":3,""10000101"":5,""11010001"":9,""11010000"":11,""11000011"":4,""01010001"":4,""11100010"":9,""10010011"":4,""10010000"":4,""00100010"":6,""11110110"":16,""10100101"":6,""01000011"":2,""11001011"":5,""01000110"":6,""10101101"":8,""10111011"":4,""10001110"":2,""10011111"":3,""10101100"":7,""01011001"":9,""10001111"":3,""01001101"":5,""11101111"":5,""11101001"":12,""10011101"":4,""11101010"":6,""11101011"":7,""10101001"":3,""11111011"":7,""11000111"":1,""00101110"":6,""00111011"":5,""00100110"":8,""11100000"":14,""01001001"":2,""00110001"":2,""10110111"":3,""10101000"":3,""10101110"":4,""10110001"":3,""01001010"":4,""10001001"":2,""10011110"":6,""10000001"":4,""00100011"":2,""10100011"":1,""10111101"":5,""10011011"":2,""00111110"":3,""01001111"":3,""10101111"":4,""10001010"":3,""00100001"":3,""01000001"":4,""10100001"":2,""10111111"":4,""00101111"":3,""10011001"":1,""10000011"":1,""10111001"":1}"
5,x,4000,0.35550000000000004,0.22399999999999998,0.12,0.03700000000000003,0.359,-0.6255,-0.649,0.607,"{""01100000"":296,""11110100"":22,""01111001"":36,""01100100"":162,""01110010"":64,""11100000"":55,""01100011"":80,""01100010"":165,""10000100"":10,""01110100"":80,""11100010"":28,""10000000"":18,""01100110"":51,""01010100"":9,""01010000"":23,""01110101"":25,""01110000"":82,""01110110"":42,""10010011"":1,""00000000"":19,""11010001"":3,""01010101"":3,""01111111"":38,""00000110"":8,""11101100"":41,""01001100"":23,""01111000"":63,""11100100"":37,""01010110"":5,""10110100"":4,""01111110"":52,""00010110"":6,""00100011"":4,""01000010"":16,""00010010"":4,""00100000"":12,""00010100"":10,""01110011"":38,""00110010"":4,""10000010"":15,""01100101"":54,""01101101"":125,""10011111"":7,""01000111"":4,""00000100"":9,""01001001"":9,""11110000"":16,""10110000"":4,""00000001"":5,""00100010"":23,""11100011"":16,""01101110"":52,""01101000"":158,""01101010"":116,""01110001"":21,""01100111"":49,""01110111"":25,""01000000"":31,""00010000"":7,""01000100"":17,""01100001"":39,""10100010"":8,""11110110"":11,""10100000"":17,""11100101"":15,""01111100"":77,""00100101"":2,""00011100"":19,""11010000"":4,""00000101"":1,""01001101"":17,""00110000"":7,""00110101"":5,""01101100"":183,""01010010"":7,""01000101"":8,""10100100"":9,""00110100"":14,""00100111"":4,""11111000"":10,""11101110"":3,""11000101"":3,""01011100"":10,""00110011"":3,""11110101"":4,""10000110"":5,""10010000"":8,""01111010"":39,""11100110"":7,""00010011"":4,""00000010"":10,""11110011"":8,""01010001"":7,""11110111"":8,""01010011"":3,""10000101"":3,""11000100"":1,""00100100"":12,""01101001"":78,""11011111"":2,""01101111"":65,""10010100"":11,""11100001"":11,""01000011"":10,""10110010"":4,""01000001"":7,""11111101"":7,""11010101"":3,""00001111"":3,""00010111"":2,""11110001"":3,""10000001"":6,""00100001"":3,""10000011"":6,""00000111"":5,""00000011"":12,""00101100"":9,""11110010"":12,""11100111"":4,""10100111"":4,""11000000"":6,""11010010"":1,""01001111"":7,""00010101"":5,""10100101"":1,""00001000"":14,""11101001"":11,""01101011"":75,""00001101"":6,""01001000"":17,""10101010"":4,""00001010"":15,""01111101"":30,""00101110"":2,""00001100"":10,""10101000"":6,""11101000"":34,""11101101"":18,""01011001"":6,""00001011"":10,""01011000"":9,""10001000"":16,""11111011"":9,""10111000"":4,""01011011"":5,""10101100"":11,""00111101"":4,""10001010"":14,""00111011"":2,""01111011"":37,""00011101"":9,""10101110"":3,""01001011"":11,""10101101"":2,""11101010"":10,""00101111"":4,""00101101"":5,""00011010"":3,""01011110"":7,""10011000"":7,""00101000"":9,""00011001"":3,""10111010"":3,""00101011"":8,""11011100"":4,""10011110"":3,""10011100"":6,""00111010"":3,""00001110"":5,""01011010"":9,""10111110"":2,""11101011"":12,""11111110"":9,""00111100"":6,""00011000"":5,""00001001"":7,""11111100"":14,""01011101"":4,""01001110"":4,""00011110"":4,""10001001"":1,""10111100"":6,""10010111"":1,""00011011"":5,""10011010"":4,""10001100"":3,""11111010"":4,""00111001"":3,""00011111"":4,""10001011"":5,""10101011"":4,""00111111"":5,""11011011"":2,""01001010"":11,""00101010"":8,""11001010"":2,""10111011"":1,""10011101"":2,""10001110"":3,""00101001"":7,""11011010"":1,""00111110"":6,""11111001"":5,""10110001"":1,""10110011"":2,""10011011"":1,""00010001"":3,""01000110"":3,""10100011"":3,""00100110"":3,""10110110"":3,""10000111"":3,""10010110"":3,""10100110"":1,""00110001"":2,""10010010"":3,""11111111"":4,""11010111"":1,""10100001"":2,""11010100"":1,""10010101"":1,""10101001"":3,""00111000"":4,""10001111"":2,""10111101"":1,""10001101"":2,""11001000"":3,""11001100"":1,""11101111"":7,""11001001"":2,""10111001"":2,""11000001"":1,""11011110"":1,""10101111"":1,""10011001"":1,""11000010"":1,""11000110"":1}"
6,x,4000,0.07150000000000001,-0.04049999999999998,0.20599999999999996,0.0010000000000000009,-0.119,-0.123,0.058499999999999996,0.77,"{""01111111"":44,""00100110"":21,""01011111"":16,""00001111"":29,""01110001"":70,""01111011"":72,""00011100"":12,""00001001"":50,""00001010"":34,""01011100"":13,""01101010"":27,""01011001"":31,""01111000"":67,""10001011"":11,""01111110"":72,""00001110"":61,""01001100"":11,""01101111"":17,""00111000"":46,""01110011"":59,""00101011"":24,""00011101"":16,""00010110"":27,""01001000"":14,""10110100"":7,""00011001"":26,""00111100"":12,""00111111"":18,""01011000"":26,""11111110"":2,""00000001"":46,""00101010"":28,""01001110"":11,""00100001"":18,""01110010"":40,""10011001"":3,""00111001"":35,""00111101"":30,""10110000"":13,""01100100"":18,""10111011"":15,""00110111"":12,""01111101"":39,""01100011"":47,""11001010"":2,""01111100"":43,""01001101"":18,""01111001"":48,""10111110"":5,""00111011"":29,""01011010"":27,""00100100"":18,""01111010"":45,""00101110"":20,""01101110"":19,""10111010"":9,""01000101"":12,""00111010"":38,""00000101"":20,""01010010"":39,""01011110"":17,""00101000"":24,""00101100"":15,""00101001"":25,""00111110"":49,""11001100"":3,""01011011"":19,""00001000"":57,""00001011"":53,""10001101"":4,""01101001"":20,""10001000"":7,""01101000"":27,""11111000"":3,""10101110"":4,""01100000"":37,""00001100"":40,""00101111"":13,""01101011"":30,""00011011"":24,""11100001"":1,""01101100"":18,""00110001"":39,""10001110"":9,""00100111"":16,""11100100"":1,""00110010"":30,""00011111"":18,""01001011"":16,""00011010"":26,""01010001"":27,""00011000"":19,""00001101"":20,""11011000"":2,""10100100"":5,""10110010"":10,""00010010"":31,""00011110"":17,""01010111"":15,""10101000"":3,""10001100"":6,""00100000"":32,""10111001"":10,""11001000"":5,""00010001"":33,""10011100"":3,""00010011"":30,""01010110"":21,""00000100"":21,""01101101"":10,""01001010"":6,""01110110"":64,""01100111"":13,""10101010"":8,""00100010"":36,""01001001"":13,""00000000"":44,""00110110"":14,""01010000"":31,""00110000"":38,""01100010"":29,""00000010"":40,""00000110"":51,""01110000"":75,""01110111"":27,""01000110"":17,""11100010"":3,""00100011"":32,""10110001"":6,""01110100"":47,""11110111"":2,""01100001"":25,""10111111"":9,""10010000"":8,""00110100"":22,""00000011"":38,""10110110"":10,""00010000"":32,""01000100"":11,""10000110"":5,""00110011"":23,""01010011"":33,""01000111"":14,""01100110"":17,""01000011"":19,""10000000"":4,""01110101"":31,""10100011"":5,""00000111"":28,""11101000"":4,""01011101"":10,""10111000"":8,""11101011"":2,""10010001"":5,""10101001"":1,""11011110"":3,""11001110"":2,""10000010"":6,""01000010"":16,""10110011"":9,""01000001"":11,""11110000"":3,""11000100"":2,""00010111"":19,""10110111"":7,""10000101"":2,""10010110"":2,""11000001"":1,""10110101"":4,""01010100"":13,""01010101"":14,""10001001"":7,""11010000"":2,""00010100"":12,""01000000"":17,""10100110"":3,""00100101"":10,""00110101"":14,""00010101"":7,""11011101"":3,""11011001"":3,""11111111"":2,""10001111"":6,""10100010"":8,""11111101"":4,""00101101"":5,""10101111"":4,""10000001"":10,""10000111"":7,""11110011"":5,""10100101"":3,""10100000"":9,""10010010"":1,""10111100"":6,""10111101"":7,""10000011"":4,""10000100"":7,""11000101"":1,""11000010"":1,""11110110"":2,""01001111"":8,""11100011"":2,""10010011"":7,""11010110"":1,""10100111"":2,""10100001"":3,""11010100"":2,""11100101"":2,""11010011"":1,""11011010"":1,""10011101"":2,""11001011"":2,""11001001"":2,""11001111"":3,""01100101"":10,""10011110"":2,""10101011"":2,""10011000"":6,""11000000"":2,""10011011"":2,""10101101"":2,""10010111"":2,""11010010"":2,""10011010"":2,""10011111"":1,""10101100"":3,""11111011"":4,""10001010"":3,""11101110"":1,""11011111"":1,""11011100"":2,""10010101"":3,""11100111"":1,""10010100"":3,""11110010"":3,""11111001"":2,""11101001"":2,""11110001"":1,""11000011"":1,""11000111"":4,""11010001"":1,""11011011"":1,""11100110"":1,""11000110"":1}"
7,x,4000,0.256,0.21850000000000003,-0.05950000000000011,0.025000000000000022,0.20850000000000002,-0.3320000000000001,-0.19999999999999996,0.14049999999999996,"{""01111001"":30,""11111100"":23,""01111100"":57,""01101110"":41,""01111110"":34,""11000100"":54,""00101010"":19,""00100000"":48,""00011100"":16,""10101000"":19,""00111100"":24,""11111010"":13,""11011101"":13,""11111110"":17,""01100010"":31,""01101011"":23,""11001110"":43,""00101001"":35,""11011001"":12,""11000111"":19,""11101110"":21,""01101000"":51,""11001010"":26,""11001100"":50,""11111000"":19,""01101101"":27,""00101110"":37,""01111010"":14,""00101011"":23,""10111000"":12,""00011010"":4,""11001000"":56,""11011010"":6,""11101001"":15,""11011100"":43,""00001110"":19,""01111000"":49,""11001101"":29,""10101110"":14,""00011000"":9,""11111101"":16,""10011000"":6,""11010100"":18,""11101011"":10,""01100100"":46,""10001000"":12,""01101010"":29,""00101101"":18,""00101100"":53,""11101000"":31,""10100010"":8,""01011010"":5,""00111110"":38,""00000000"":11,""11001001"":32,""10011101"":5,""01011101"":7,""00111000"":29,""01101100"":57,""11011000"":12,""00100010"":35,""01011000"":14,""00011011"":8,""01001000"":5,""01101001"":23,""00111101"":19,""01110010"":14,""00111010"":16,""11000001"":57,""00001010"":7,""10101100"":7,""00001000"":9,""01110011"":14,""11000110"":37,""00011110"":11,""01110001"":30,""10111100"":10,""01100111"":21,""00111111"":8,""11101010"":11,""00101000"":52,""10100111"":8,""11011110"":20,""01111011"":12,""01011100"":6,""10101010"":11,""11001111"":18,""11101100"":22,""00101111"":13,""01111101"":28,""11100000"":40,""10111110"":8,""10010001"":9,""10111101"":7,""01111111"":6,""00000110"":13,""00100001"":39,""10011100"":9,""00100110"":49,""01100110"":56,""10101001"":12,""01100011"":18,""11111111"":7,""10001010"":8,""10100000"":21,""11101111"":7,""11100110"":25,""11000011"":18,""01110110"":45,""00100100"":45,""01100101"":29,""01010001"":6,""00000011"":1,""11100111"":9,""11000010"":23,""00100101"":34,""11000101"":33,""00110100"":29,""10110100"":8,""11010001"":6,""01110111"":24,""10000001"":13,""10100001"":15,""01100001"":37,""00110101"":29,""10000110"":7,""00000111"":9,""01110000"":49,""10011110"":5,""10100101"":13,""00000001"":6,""00010001"":9,""11110000"":16,""00110000"":24,""11010011"":8,""01010100"":7,""11010101"":14,""00110110"":40,""00100011"":23,""00010000"":10,""11100100"":15,""01000110"":4,""01110100"":38,""01110101"":27,""11110100"":14,""01000100"":4,""10000111"":5,""10111001"":1,""10110001"":10,""11110001"":13,""11110010"":10,""11110101"":13,""01100000"":47,""10010000"":4,""10010110"":4,""11010000"":9,""00111001"":17,""01011110"":9,""01001001"":4,""10011010"":2,""10001110"":8,""10000101"":16,""00001101"":4,""10001101"":4,""10111011"":1,""00110111"":15,""10001111"":8,""00001100"":14,""10011001"":4,""00001111"":3,""00001011"":6,""10001100"":13,""11011111"":12,""00011101"":3,""11011011"":6,""01101111"":18,""10101111"":5,""01001101"":2,""11101101"":10,""10001011"":5,""00001001"":3,""10100110"":11,""10000000"":15,""00100111"":17,""00110010"":24,""10110110"":5,""11000000"":53,""11010110"":9,""00110001"":20,""10010010"":4,""10110000"":9,""00010100"":9,""01010000"":9,""11100001"":18,""11110011"":7,""00010011"":4,""01010011"":4,""01010010"":6,""11100101"":14,""11100011"":13,""01000011"":1,""11110110"":16,""00010101"":4,""00010111"":4,""10100011"":7,""10110111"":6,""00010110"":5,""11010111"":9,""00010010"":2,""10010100"":5,""10100100"":12,""01000000"":6,""10000100"":8,""10110101"":11,""11110111"":10,""01000001"":6,""11100010"":9,""01001111"":2,""01010110"":8,""00011111"":5,""00111011"":2,""11001011"":13,""10001001"":8,""10011011"":5,""11111001"":6,""10111111"":5,""00011001"":3,""01001100"":8,""00110011"":12,""10110011"":3,""10101101"":10,""01010111"":1,""10110010"":6,""00000100"":6,""10000010"":7,""00000101"":5,""00000010"":7,""01010101"":2,""01011001"":2,""01001010"":1,""01001110"":5,""01001011"":2,""11111011"":5,""10000011"":3,""01011011"":1,""11010010"":1,""10010101"":2,""01000101"":2,""10010011"":2,""10101011"":2,""01000010"":2,""10010111"":1,""10111010"":1}"
8,x,4000,-0.07800000000000007,0.09150000000000003,0.06599999999999995,0.045499999999999985,-0.034499999999999975,-0.14050000000000007,-0.00550000000000006,-0.254,"{""01000001"":23,""00010100"":6,""10000110"":35,""01110110"":27,""01010000"":5,""01001110"":15,""11110110"":21,""01110001"":48,""10000011"":41,""00100110"":4,""00000111"":9,""10110110"":18,""11110011"":25,""00100000"":5,""00000011"":5,""10010101"":28,""00010001"":13,""10010110"":26,""11100011"":16,""00010110"":5,""01100001"":24,""10010011"":20,""01100111"":16,""01110100"":23,""01000000"":27,""11001000"":11,""10110100"":26,""01100000"":20,""10000111"":46,""11110000"":55,""10001110"":28,""01100101"":22,""01110000"":30,""01000100"":3,""10100100"":19,""01100010"":20,""11000110"":12,""01000010"":8,""11000000"":15,""10010111"":17,""00110001"":11,""10110111"":27,""01110111"":23,""00000110"":13,""01100110"":14,""01000111"":12,""10110000"":42,""01100011"":19,""10000101"":25,""00100001"":3,""11100010"":12,""10000000"":35,""10001100"":22,""11100000"":20,""01111100"":30,""00110010"":8,""11110111"":37,""01011100"":8,""10010000"":43,""11100101"":16,""10110010"":17,""00000000"":13,""00110100"":5,""11110001"":42,""01111110"":28,""10010010"":18,""10100000"":20,""10000001"":53,""01110101"":25,""11110101"":25,""00000101"":10,""01000011"":14,""00010010"":7,""11000101"":6,""11110010"":22,""10110001"":37,""10111000"":28,""10100010"":16,""11010110"":5,""00100011"":2,""00100101"":2,""10101101"":11,""10001001"":35,""11100111"":14,""10111001"":30,""11011011"":2,""00001111"":9,""01101010"":12,""01101110"":23,""01111010"":16,""01111101"":17,""01111011"":24,""10111110"":22,""01101100"":16,""01101011"":19,""01111111"":32,""00111010"":3,""11001110"":7,""01001000"":19,""10111011"":25,""10001000"":23,""10101111"":17,""10001010"":23,""00101011"":5,""11001111"":18,""00001000"":12,""11111000"":29,""00011111"":6,""01111001"":31,""10111100"":16,""10111010"":17,""11101111"":16,""11111001"":39,""11111111"":32,""10011010"":22,""11101010"":13,""10110101"":24,""11100001"":17,""11111101"":37,""01011001"":4,""01111000"":23,""10001011"":25,""00110110"":7,""10011111"":26,""01001001"":27,""10101001"":25,""11101001"":19,""01101101"":21,""10111111"":34,""00001010"":10,""00101111"":7,""10011001"":27,""10111101"":30,""11111100"":19,""11011001"":5,""10100011"":9,""01101001"":37,""01101000"":17,""00001101"":7,""01101111"":29,""00001001"":18,""11111110"":23,""01001111"":19,""11101110"":14,""10011000"":26,""01110011"":28,""10001111"":45,""01011101"":7,""01011111"":5,""00011011"":4,""00011100"":4,""00111001"":7,""00000001"":21,""00000010"":11,""00000100"":14,""11010101"":7,""00100111"":3,""10000010"":31,""11110100"":25,""10000100"":26,""10100001"":19,""01100100"":12,""01010101"":3,""01010111"":5,""10010001"":31,""00110011"":6,""00010011"":2,""11000011"":9,""10100101"":17,""10110011"":31,""11000100"":10,""00110111"":7,""10001101"":28,""01110010"":29,""11010001"":8,""01010100"":5,""11101000"":13,""01001100"":12,""11011100"":2,""11011000"":9,""00111011"":5,""11101011"":6,""11001100"":5,""11001101"":11,""00001011"":11,""00011110"":6,""10011110"":14,""00111110"":3,""00011010"":5,""11111011"":31,""00101100"":6,""11001010"":6,""10101110"":10,""00001110"":8,""01011010"":2,""00111000"":7,""01011011"":8,""10011100"":22,""01010001"":10,""10011101"":27,""11001011"":3,""01001011"":10,""10101011"":18,""00101001"":2,""11101101"":13,""11111010"":16,""10101000"":17,""00001100"":9,""01000110"":14,""00101110"":4,""01001010"":8,""11101100"":11,""11001001"":8,""10011011"":14,""10101010"":9,""00011000"":6,""01001101"":14,""11011111"":6,""00011101"":2,""01011000"":6,""10100111"":8,""00101101"":5,""11010111"":5,""11011101"":11,""11011010"":5,""10101100"":18,""10100110"":12,""10010100"":16,""00100100"":4,""11100110"":13,""11000001"":13,""11100100"":9,""11010100"":1,""00010000"":8,""11000010"":11,""00111111"":4,""00111100"":7,""00111101"":7,""11010011"":5,""01000101"":11,""00110101"":5,""11010000"":12,""00010111"":6,""00110000"":9,""01010011"":3,""00100010"":3,""01010010"":5,""00101000"":1,""11011110"":2,""00010101"":2,""11000111"":5,""11010010"":6,""01011110"":1,""00011001"":3,""01010110"":2}"
9,x,4000,0.35550000000000004,0.358,-0.2430000000000001,-0.008999999999999897,0.28200000000000003,-0.37650000000000006,0.17900000000000005,0.6859999999999999,"{""00101101"":77,""01010111"":10,""00100111"":61,""01000100"":60,""00110100"":53,""00110000"":64,""11011100"":24,""11101000"":14,""00110111"":18,""00100000"":97,""00010001"":13,""11100000"":6,""01110000"":37,""11110000"":12,""11110100"":9,""01110010"":16,""00010011"":6,""01100100"":80,""00000010"":6,""10100001"":3,""00110101"":22,""01000001"":16,""01110100"":31,""11010100"":11,""00100101"":60,""00110110"":26,""01010001"":3,""01100001"":22,""00101000"":98,""00100100"":153,""01000000"":24,""11110101"":9,""01100010"":22,""00010111"":16,""01000101"":15,""01110110"":18,""01100110"":35,""00100110"":92,""01100101"":32,""11001100"":23,""00110001"":29,""11101100"":19,""00001101"":12,""11010000"":7,""10110000"":3,""00001000"":20,""00101111"":57,""10100100"":8,""01100111"":22,""00111110"":28,""01010110"":11,""01100000"":32,""01110001"":27,""00101110"":86,""00100011"":15,""11100110"":6,""00110011"":10,""00100010"":38,""11000110"":8,""01110101"":9,""01110011"":9,""00111100"":60,""01000110"":12,""00110010"":20,""00000101"":20,""00011010"":13,""11000101"":5,""11100100"":36,""11000001"":3,""00100001"":41,""01110111"":15,""00010000"":26,""10010100"":5,""11100001"":2,""00010010"":6,""11110001"":3,""00101100"":189,""10100000"":5,""11010110"":5,""00010100"":39,""11100010"":4,""01101010"":12,""00001011"":10,""01001001"":12,""10010101"":5,""00101011"":17,""10100111"":3,""11100101"":9,""01001100"":37,""11000111"":3,""10100101"":2,""10100110"":6,""00010101"":19,""10000100"":4,""01100011"":9,""11000000"":12,""01111000"":40,""00001110"":17,""10000001"":3,""11100111"":7,""10010111"":3,""01011111"":6,""10110010"":2,""01101111"":20,""01101101"":24,""11101111"":10,""01101110"":36,""10101100"":15,""01101000"":42,""00001100"":28,""01111010"":10,""01111100"":30,""00111000"":60,""10011010"":2,""00001111"":7,""00011000"":31,""01001101"":19,""01101100"":91,""00011100"":48,""00101001"":43,""11111111"":4,""10001110"":6,""01001000"":28,""01111011"":10,""00011110"":25,""01101001"":18,""00010110"":10,""11111100"":11,""00011111"":12,""01011010"":8,""10001000"":5,""01111110"":20,""10101000"":8,""00101010"":32,""10101101"":8,""01011100"":20,""00001001"":8,""01111001"":14,""10101001"":3,""10001011"":1,""00111101"":21,""10101110"":4,""11110110"":6,""00000001"":14,""01000111"":19,""11000100"":24,""00000110"":10,""00000111"":9,""01010100"":12,""00000000"":24,""00000100"":27,""01000011"":7,""00011011"":10,""10110111"":2,""01010101"":11,""00011001"":13,""00011101"":15,""01010000"":9,""10110110"":1,""11001101"":9,""01001010"":13,""10010000"":6,""11010011"":1,""10100011"":1,""10000111"":2,""11010101"":7,""01011000"":8,""10011100"":7,""01010010"":4,""01000010"":9,""10000110"":2,""10010011"":1,""00111011"":10,""11111110"":5,""01001110"":14,""00111010"":14,""11101101"":11,""01011011"":1,""11001110"":8,""11101011"":2,""00111111"":11,""10101010"":2,""01001111"":8,""10010001"":2,""10110101"":2,""10000101"":3,""11011000"":6,""11111000"":9,""11011110"":4,""11001000"":8,""10011000"":8,""10001101"":2,""00111001"":24,""10011101"":5,""00001010"":13,""11011111"":3,""10001111"":2,""11000010"":2,""11101010"":3,""11111011"":3,""01011001"":3,""11001001"":8,""10110011"":1,""11010111"":1,""01101011"":4,""11110010"":3,""11111001"":2,""11001111"":5,""10011001"":3,""11111101"":2,""01111101"":8,""10111100"":4,""10001100"":6,""11101001"":2,""10011110"":7,""10110100"":1,""11011011"":1,""10111001"":3,""11001010"":6,""11101110"":6,""01011101"":6,""10111000"":3,""11011101"":4,""01111111"":10,""10110001"":2,""01010011"":1,""01001011"":1,""11011001"":1,""10111101"":1,""10100010"":1,""10101111"":1,""00000011"":5,""11100011"":2,""10000000"":5,""11001011"":3,""11010010"":1,""11110111"":1,""11110011"":1,""10000010"":1,""10000011"":1,""10010110"":1,""10001010"":1,""10101011"":2,""11011010"":2,""11111010"":3,""10111110"":2,""01011110"":2,""10011011"":1,""11000011"":1,""10111010"":1}"
10,x,4000,0.08799999999999997,0.19499999999999995,-0.05699999999999994,0.05249999999999999,0.243,-0.052999999999999936,-0.09099999999999997,-0.08850000000000002,"{""00001010"":30,""01101101"":26,""00110000"":11,""10001000"":24,""11001010"":25,""00011110"":29,""01000011"":5,""11001101"":18,""00111100"":7,""10011110"":9,""00001111"":19,""10001010"":22,""10101110"":7,""11101101"":61,""11100101"":42,""11000011"":23,""10001101"":23,""00101101"":31,""01101100"":16,""00001011"":17,""11101111"":37,""11000000"":30,""01011111"":1,""10001011"":17,""00000100"":46,""10111101"":8,""11101000"":28,""01101010"":18,""01011101"":2,""11111010"":33,""11111101"":32,""11110001"":41,""11101010"":26,""01101000"":13,""01101001"":10,""00011101"":29,""01001110"":7,""11101110"":29,""01011011"":1,""00000001"":40,""01111010"":16,""11001001"":33,""01111110"":12,""10001001"":32,""11111100"":39,""11111001"":38,""11110011"":30,""00001110"":22,""00101000"":23,""11010110"":8,""00011010"":14,""11111110"":22,""00101010"":8,""11000100"":50,""10111010"":7,""01111001"":22,""00001101"":48,""10000100"":41,""01001001"":8,""00001001"":35,""00101100"":18,""01001100"":7,""10101101"":10,""10011111"":5,""00001100"":27,""11011110"":8,""11101100"":57,""00001000"":23,""11001110"":27,""00011100"":31,""10001100"":18,""11011001"":5,""11001000"":23,""00111110"":12,""01000111"":3,""00101111"":9,""01001000"":6,""00011000"":19,""00101011"":7,""10011000"":9,""11011101"":14,""00011011"":14,""01111101"":15,""11010100"":11,""10001110"":16,""00000000"":46,""00100001"":24,""01000101"":12,""00010100"":23,""01110000"":14,""00110100"":9,""10000101"":27,""01110001"":21,""11110101"":42,""10000001"":24,""11100110"":31,""11000001"":26,""11110111"":14,""11000101"":28,""11110100"":51,""10000010"":19,""11100001"":37,""11100100"":46,""01000001"":11,""00010000"":14,""01000110"":6,""00010010"":24,""01100110"":11,""01100010"":13,""00100100"":20,""01110101"":19,""00100101"":20,""10100110"":5,""00100111"":18,""11010101"":12,""01100001"":11,""11110000"":27,""11110110"":36,""01010101"":2,""01110100"":25,""00110001"":15,""00010101"":20,""00000011"":17,""00010110"":19,""10110001"":4,""01010110"":3,""10000000"":31,""11100111"":14,""00100110"":15,""11010111"":6,""11100011"":14,""11000110"":28,""00000101"":38,""01100100"":28,""11100000"":54,""10000110"":20,""01000100"":11,""11110010"":42,""01100000"":17,""11010011"":5,""10010011"":7,""10010101"":6,""01110110"":22,""01110011"":7,""01100011"":9,""00111001"":13,""10011100"":9,""01111011"":10,""10111000"":5,""00010001"":10,""11111011"":15,""11101011"":19,""10101011"":4,""00011111"":18,""11011010"":7,""10111110"":2,""01101011"":16,""00101001"":9,""01101111"":10,""11111111"":18,""01001011"":5,""11111000"":18,""00111010"":11,""01001111"":4,""11101001"":31,""10101001"":4,""11000111"":16,""01111111"":14,""00010111"":15,""00100011"":8,""11100010"":31,""01100101"":12,""10100111"":3,""11010001"":6,""00100010"":18,""00000110"":35,""00110101"":10,""10000111"":9,""01000010"":7,""00100000"":25,""00000111"":8,""10110100"":7,""10100011"":5,""01110111"":12,""00110010"":9,""10000011"":14,""11011100"":10,""00111011"":6,""10011011"":3,""00011001"":18,""01111100"":16,""00000010"":36,""11011011"":6,""10011101"":10,""00110110"":10,""10001111"":15,""00111111"":5,""11001011"":12,""10011001"":1,""10101100"":10,""11001100"":22,""01110010"":23,""00010011"":14,""10110101"":6,""10100001"":9,""01001101"":14,""11000010"":21,""10010111"":4,""10110000"":6,""10110011"":10,""10110010"":5,""11010000"":4,""01100111"":6,""01000000"":6,""10010001"":4,""10100010"":5,""01010100"":5,""10110110"":4,""10111001"":5,""10101010"":3,""01010111"":2,""01010000"":3,""10010110"":10,""00101110"":15,""10010100"":9,""11001111"":10,""01101110"":9,""10101000"":10,""00111000"":5,""10100000"":5,""11010010"":4,""10100101"":7,""10100100"":3,""10111100"":5,""01111000"":10,""01001010"":3,""10111011"":1,""10011010"":4,""01011010"":1,""01011000"":2,""10110111"":1,""10010010"":6,""10010000"":4,""11011000"":2,""10111111"":2,""01010010"":2,""00110011"":5,""00111101"":2,""00110111"":2,""01010001"":3,""11011111"":2}"
11,x,4000,-0.256,-0.21799999999999997,-0.008999999999999897,0.01100000000000001,0.16400000000000003,-0.23049999999999993,0.09050000000000002,-0.008999999999999897,"{""11001000"":9,""00011011"":11,""10111001"":18,""10111011"":45,""10111100"":14,""01111110"":9,""10011010"":10,""01001111"":50,""00111111"":45,""01101110"":3,""10100111"":67,""10111010"":20,""10011011"":8,""00111011"":46,""01111111"":21,""11001111"":20,""01011111"":12,""00101011"":21,""01001010"":37,""01101000"":6,""10110001"":25,""00111110"":22,""01111001"":8,""10111111"":35,""11101111"":27,""10101110"":17,""00111000"":21,""01101011"":8,""10101111"":45,""11001100"":7,""11000001"":17,""11011011"":5,""11001110"":13,""10001001"":6,""01110110"":15,""00011111"":5,""11111100"":15,""11101011"":20,""00111101"":39,""10111000"":23,""01000010"":43,""10001111"":36,""10111110"":24,""11101110"":18,""10101101"":26,""11001011"":27,""00110111"":59,""10110110"":20,""11000010"":9,""00111010"":37,""11001101"":19,""01001110"":30,""11110001"":14,""01001000"":21,""01101001"":11,""11101000"":11,""10001011"":28,""01111010"":7,""10101100"":13,""00101010"":13,""10101001"":22,""11111010"":10,""10111101"":34,""11010011"":8,""11111011"":23,""11001010"":11,""00111100"":19,""10101011"":48,""10001101"":19,""10011111"":10,""00001001"":11,""01101111"":12,""01111000"":19,""10110011"":35,""00010001"":4,""00100011"":24,""00010011"":8,""00000101"":9,""11010010"":2,""01110111"":20,""01000101"":38,""01001100"":22,""10110100"":15,""01010011"":12,""11100001"":18,""10110111"":51,""01110101"":15,""01000011"":58,""00110011"":39,""01100100"":7,""10101010"":32,""10010011"":7,""10100000"":25,""11110110"":14,""11110000"":10,""10100011"":32,""11000000"":13,""00110100"":22,""10000011"":25,""01111011"":13,""01000110"":23,""00000001"":7,""10110000"":11,""11010001"":6,""10100101"":18,""10110010"":27,""11000011"":16,""10110101"":33,""00110000"":19,""01100001"":9,""10010000"":2,""00000011"":14,""11110011"":19,""11000101"":17,""10000101"":18,""00110001"":35,""11110101"":12,""11100111"":34,""01000111"":62,""00100111"":34,""00000100"":5,""10100001"":16,""01010110"":8,""11000100"":10,""00100101"":14,""11100010"":15,""10100010"":26,""10100110"":26,""00000111"":28,""00100001"":26,""11010101"":7,""00001101"":13,""11000110"":3,""10000100"":10,""10001010"":19,""11011111"":8,""01001011"":62,""10001100"":11,""11011100"":3,""11111001"":10,""11001001"":8,""01001001"":30,""10001000"":8,""01101100"":5,""10011000"":7,""00011010"":5,""11101010"":16,""11011001"":3,""11111000"":11,""10011110"":4,""00101111"":23,""01010100"":4,""11111111"":23,""10001110"":14,""00101110"":11,""00000010"":8,""00001110"":8,""10101000"":23,""01011110"":5,""11101001"":15,""00110010"":29,""00101100"":9,""01001101"":39,""00001011"":15,""01110010"":9,""11100011"":44,""10000001"":11,""01010111"":17,""01000100"":26,""11100100"":8,""01000000"":24,""01110100"":11,""00100010"":13,""01010101"":6,""01100110"":7,""10000000"":11,""01100101"":7,""00110101"":27,""11011101"":4,""01010001"":9,""01110011"":11,""11100000"":15,""00001000"":6,""11101101"":8,""01111101"":10,""11000111"":17,""10000111"":15,""10010001"":5,""01100111"":11,""00111001"":25,""11110010"":13,""00100100"":11,""00110110"":21,""01110000"":7,""00000000"":8,""10100100"":14,""11100101"":13,""11100110"":11,""01000001"":26,""00100000"":10,""01110001"":11,""01010010"":5,""11010111"":9,""01011011"":6,""10010111"":11,""01011010"":4,""01011101"":6,""00101101"":7,""11111101"":17,""11011000"":4,""00101001"":9,""11011010"":4,""01100010"":10,""00000110"":6,""01100011"":16,""10000010"":8,""10000110"":12,""00010010"":1,""00100110"":10,""10010110"":4,""11111110"":14,""01011000"":3,""11101100"":11,""11110111"":16,""00010111"":5,""01111100"":7,""01011001"":4,""10011101"":8,""00001100"":6,""00101000"":5,""11011110"":4,""00011100"":3,""00010000"":3,""11010110"":3,""00001111"":10,""00001010"":9,""01101101"":10,""01101010"":7,""10010010"":3,""00010101"":1,""00011000"":2,""10011001"":3,""00010100"":1,""00011001"":1,""11110100"":5,""11010000"":1,""10010101"":2,""11010100"":2,""10011100"":3,""00010110"":2,""01100000"":4,""01010000"":1,""01011100"":1,""00011101"":1,""10010100"":1,""00011110"":1}"
12,x,4000,0.2965,0.3265,-0.16300000000000003,0.03249999999999997,-0.09800000000000009,-0.03649999999999998,-0.11949999999999994,-0.05600000000000005,"{""01110000"":20,""10011100"":20,""11111100"":67,""10001101"":15,""00101000"":17,""00001001"":18,""01111100"":53,""11101101"":36,""01101100"":50,""00001100"":65,""00011111"":20,""10000000"":17,""11101001"":27,""01111110"":13,""11101111"":25,""11111000"":35,""00011100"":61,""10011010"":14,""00011101"":28,""01111000"":16,""00001000"":23,""11111111"":22,""00010011"":21,""11010100"":48,""00111010"":6,""10101101"":13,""11110100"":77,""00111101"":11,""11110000"":34,""11111101"":35,""00001011"":11,""01011000"":1,""10011011"":9,""00011011"":15,""11011000"":30,""10111011"":4,""11011110"":17,""11101000"":55,""00100000"":14,""01001111"":3,""10111001"":6,""00011110"":20,""00101100"":13,""01100011"":12,""11000111"":3,""10101110"":3,""00111100"":18,""10010100"":41,""00001010"":11,""11101100"":61,""11100100"":65,""11001100"":26,""11010000"":34,""00010010"":44,""11001000"":7,""10111100"":20,""01100001"":12,""10101100"":18,""01010000"":6,""00100101"":6,""01111001"":12,""01101000"":27,""01001100"":23,""11111011"":13,""01101111"":9,""00011000"":37,""01111011"":14,""10100101"":5,""01001010"":5,""11101010"":13,""11001101"":9,""00111111"":6,""11010010"":36,""11111110"":29,""11111010"":28,""11011100"":40,""11111001"":12,""01110100"":57,""01101010"":10,""01110101"":15,""11101011"":21,""01111111"":20,""00010001"":20,""00101011"":4,""01011110"":1,""01111101"":28,""11001011"":5,""11000110"":8,""01101001"":10,""00111001"":5,""11011101"":18,""01101101"":20,""11001111"":8,""00011001"":14,""10011000"":14,""10010010"":17,""00000000"":44,""01100110"":7,""00111000"":12,""00010100"":74,""10101000"":13,""00001101"":21,""10101011"":4,""00000111"":12,""11100001"":25,""10100100"":10,""11000011"":4,""11011011"":11,""11101110"":15,""01011101"":4,""10001000"":11,""01110001"":9,""11011010"":12,""00001110"":18,""01110110"":18,""10001110"":11,""10011001"":11,""11011001"":9,""00101101"":4,""00010101"":47,""01100111"":11,""00100111"":8,""00011010"":34,""11100101"":32,""01001110"":3,""00000100"":58,""00101110"":7,""11100000"":71,""10011110"":11,""11110101"":30,""10110010"":18,""10101111"":5,""00000101"":25,""01011100"":8,""00010111"":25,""00100001"":6,""10111101"":5,""11000000"":16,""11000001"":7,""01100100"":26,""10010001"":4,""00000001"":26,""10010101"":14,""10000100"":15,""11100110"":22,""11100011"":19,""00000110"":12,""00110101"":7,""11000100"":22,""01100000"":31,""00110100"":21,""11000101"":14,""00010000"":45,""10110101"":8,""01010001"":5,""01100010"":18,""11000010"":5,""01000000"":4,""11110001"":18,""01010011"":3,""11110011"":16,""10010111"":16,""11110111"":17,""01010100"":11,""11010001"":12,""01010010"":2,""00000010"":19,""11100010"":18,""11110110"":29,""00010110"":22,""11110010"":22,""10000101"":9,""11010110"":20,""11100111"":19,""01100101"":16,""10110000"":6,""01001011"":2,""10000001"":8,""01010110"":3,""10100001"":4,""00100010"":7,""11010011"":14,""00000011"":13,""01110011"":10,""10110100"":23,""00110010"":3,""01000011"":2,""01110111"":14,""00100110"":8,""11010101"":20,""10010000"":18,""01000100"":9,""01110010"":17,""00110000"":5,""11010111"":10,""10110110"":9,""10000110"":7,""10110001"":3,""00100100"":11,""00110110"":7,""01000101"":6,""10010011"":8,""10001100"":23,""10000111"":7,""01101110"":5,""11001010"":4,""01001001"":4,""11001110"":11,""10001010"":6,""01001000"":8,""10111110"":6,""00110001"":1,""01000010"":2,""10110111"":2,""10000011"":3,""10000010"":4,""10100000"":9,""01000111"":3,""01001101"":8,""00110111"":3,""10010110"":12,""11011111"":6,""01111010"":15,""10101010"":4,""00101010"":10,""10101001"":8,""10011111"":10,""00001111"":13,""00101111"":3,""10111111"":3,""10011101"":14,""01101011"":9,""00111110"":2,""10111000"":3,""11001001"":6,""10001111"":5,""10001001"":6,""10111010"":8,""01011001"":2,""01011011"":1,""01000110"":1,""01011010"":2,""10001011"":4,""00101001"":1,""01000001"":2,""10100111"":2,""00110011"":2,""00100011"":5,""10100010"":4,""10100110"":1,""10110011"":1,""01011111"":1}"
13,x,4000,-0.21599999999999997,-0.16100000000000003,-0.06549999999999989,0.019000000000000017,-0.1705000000000001,0.22450000000000003,-0.12949999999999995,0.247,"{""11011011"":23,""01011101"":45,""01101011"":40,""10011001"":15,""01101001"":32,""10111111"":14,""01111011"":20,""10011101"":42,""10001101"":21,""01011000"":28,""00011001"":23,""01100111"":76,""01010001"":38,""10001110"":13,""10111101"":10,""11101111"":29,""01111001"":15,""11011010"":20,""01001101"":17,""01101111"":69,""11001111"":11,""01110010"":11,""00011110"":29,""01011001"":46,""01011100"":19,""11011100"":9,""01000110"":11,""00111100"":2,""01011011"":59,""00011010"":33,""11001110"":7,""01101100"":23,""11011111"":12,""10011111"":40,""01110111"":23,""11011110"":7,""01101101"":35,""01011110"":34,""11010100"":8,""01101000"":19,""10001100"":15,""01001010"":11,""00001110"":12,""11001000"":4,""00010010"":38,""11011101"":16,""11110111"":10,""10101011"":5,""00001001"":6,""11111111"":8,""01011111"":42,""11001010"":6,""01101010"":22,""10111011"":13,""00011100"":23,""01001111"":29,""00001000"":2,""10011110"":19,""10000000"":9,""11111110"":5,""00101100"":6,""00011011"":47,""00011111"":34,""10011000"":18,""11010101"":11,""10001111"":24,""00101111"":13,""00111010"":3,""11111101"":7,""01111111"":9,""11111011"":14,""01011010"":34,""00011101"":30,""10001011"":16,""01010011"":70,""11101110"":12,""01100101"":54,""10011010"":22,""00001111"":21,""10111010"":12,""10110011"":13,""10011011"":31,""01010010"":49,""01010100"":29,""10101111"":18,""10111110"":3,""00111101"":4,""00001100"":9,""10010101"":32,""10011100"":19,""10100011"":8,""11101011"":16,""01001011"":14,""11111001"":3,""01100011"":47,""10001001"":5,""00001010"":6,""01010111"":49,""11101001"":7,""00111011"":8,""10101101"":11,""00010100"":29,""01101110"":27,""11101010"":10,""11111010"":6,""11001001"":5,""00101110"":10,""10001000"":12,""11101000"":7,""01110101"":7,""11101100"":8,""01111000"":7,""01000011"":11,""11111100"":3,""00011000"":16,""10110100"":5,""11011000"":12,""01001110"":18,""10101001"":7,""10001010"":11,""00001011"":10,""00101101"":11,""01110001"":21,""00010011"":49,""01100100"":29,""00010101"":42,""11011001"":11,""01001100"":8,""00010110"":31,""11010111"":23,""11101101"":16,""00101011"":9,""10101100"":7,""11100110"":10,""01111101"":14,""01100110"":37,""11010001"":14,""00100111"":11,""10000110"":12,""00010111"":39,""11010010"":34,""01010101"":45,""10010111"":33,""01010110"":24,""01000101"":16,""10110010"":14,""10100111"":17,""10000101"":13,""10101000"":6,""11010000"":9,""00000001"":7,""01100000"":16,""00100011"":7,""11100011"":12,""10010010"":37,""11000110"":4,""00110001"":6,""11110000"":8,""00010000"":19,""00110010"":4,""10010000"":25,""10100000"":5,""10000100"":5,""00100110"":9,""01010000"":28,""01100010"":30,""00000111"":15,""11100100"":13,""11010110"":8,""11010011"":19,""01110100"":10,""00010001"":26,""10110000"":7,""10000010"":4,""10010100"":22,""10010001"":26,""11100000"":6,""11000111"":6,""00110011"":12,""10100100"":8,""01000010"":5,""10010011"":32,""10110111"":11,""11001011"":11,""11000010"":4,""00001101"":13,""11001101"":13,""01001001"":10,""10101110"":7,""11110100"":3,""01001000"":6,""10100010"":4,""11000011"":5,""01000001"":4,""10000111"":12,""10000011"":5,""00110000"":7,""00000110"":9,""11100111"":23,""00000011"":15,""10100101"":9,""00110101"":8,""01000111"":19,""00100101"":11,""01110000"":7,""01000100"":8,""10110101"":12,""11000001"":4,""11100010"":10,""11000101"":4,""00100001"":5,""10100001"":3,""01100001"":30,""10000001"":6,""11110010"":4,""01110011"":23,""00100010"":4,""01110110"":13,""00110110"":7,""10010110"":21,""01000000"":8,""00000101"":11,""00100100"":8,""11110011"":9,""11000100"":7,""10110001"":3,""11110101"":5,""11100101"":17,""00000100"":5,""10111000"":3,""00101000"":1,""00000000"":5,""00000010"":8,""11110110"":3,""11110001"":5,""00110100"":3,""11001100"":4,""00101010"":3,""01111110"":8,""10111001"":8,""01111010"":13,""00111111"":7,""00111001"":3,""11100001"":4,""10100110"":3,""00101001"":4,""10101010"":4,""00111000"":2,""00100000"":7,""00111110"":3,""10111100"":4,""01111100"":5,""11111000"":4,""00110111"":8,""11000000"":5,""10110110"":2}"
14,x,4000,0.2905,0.06000000000000005,0.04800000000000004,-0.026999999999999913,-0.06499999999999995,-0.1419999999999999,0.5529999999999999,0.7945,"{""00101010"":60,""00111001"":31,""00010100"":39,""00001101"":22,""00101101"":38,""01000101"":4,""11101110"":6,""00110111"":26,""00111011"":58,""00001000"":54,""01001101"":14,""00111000"":117,""10111101"":7,""01001011"":15,""00111111"":24,""00001001"":21,""00101111"":47,""00110001"":45,""10110111"":4,""00110010"":55,""00101001"":33,""00010111"":36,""01001100"":21,""00001110"":25,""00011111"":23,""00111010"":85,""10001010"":4,""00011110"":61,""00011000"":56,""01011001"":4,""00111110"":87,""11101010"":9,""00101110"":61,""00001010"":25,""01011000"":12,""00111100"":60,""00101000"":71,""01111001"":7,""00000000"":50,""10011011"":4,""00000101"":27,""10001001"":1,""00101011"":36,""00100100"":67,""01001001"":17,""00001011"":24,""10111110"":8,""01111110"":13,""00000111"":10,""01101111"":9,""01001000"":26,""00110000"":101,""01001110"":16,""00100101"":44,""10001110"":4,""01001010"":19,""00011011"":39,""00011010"":76,""01101101"":12,""10101110"":5,""11101111"":9,""00011001"":20,""00001111"":14,""01101000"":12,""00101100"":68,""00001100"":38,""11011000"":4,""10101001"":4,""11011001"":2,""00100001"":40,""00100010"":53,""00110100"":54,""00000110"":24,""01010000"":18,""00010011"":45,""01010101"":19,""00100111"":33,""00010001"":20,""00010110"":50,""01100011"":3,""00100110"":75,""10010111"":4,""01100000"":17,""00110110"":53,""01110011"":4,""01110100"":11,""00111101"":40,""00100011"":24,""00010000"":68,""00110101"":40,""00100000"":73,""00000001"":25,""00011101"":43,""01010110"":17,""01110010"":12,""01000111"":12,""00000100"":49,""01110111"":6,""01100110"":17,""11010010"":8,""00000011"":11,""01100010"":6,""01000010"":12,""01101011"":6,""00010010"":42,""01100111"":13,""01000011"":21,""00110011"":50,""01011010"":9,""00010101"":23,""11100010"":6,""01110000"":19,""01010010"":15,""01100101"":9,""01110101"":7,""01010111"":8,""11100110"":5,""11110100"":6,""01110001"":6,""11100101"":5,""10010010"":6,""11110000"":5,""10011000"":11,""01000001"":9,""10100110"":4,""01100001"":8,""10011010"":5,""10010000"":13,""10000100"":4,""01101010"":17,""01011101"":9,""00011100"":42,""10110000"":10,""11000100"":5,""01101110"":22,""10111011"":5,""10011100"":3,""01111101"":9,""11101011"":4,""10101010"":4,""01010100"":11,""11111111"":2,""10101011"":1,""01111100"":8,""01011100"":10,""01110110"":5,""11010110"":2,""11100000"":5,""10100000"":4,""01000100"":20,""11010000"":3,""10100010"":2,""10000000"":7,""10000001"":2,""11101101"":4,""01000000"":24,""10110010"":5,""11010100"":2,""10011111"":3,""10110100"":5,""01000110"":21,""11100111"":3,""10100100"":4,""01100100"":10,""11100011"":1,""11101000"":7,""01111111"":3,""10111000"":8,""10101111"":5,""10101100"":2,""00000010"":14,""01011110"":9,""10101000"":3,""01010001"":11,""11000000"":8,""10100011"":3,""10100001"":1,""10010011"":5,""01010011"":4,""10010100"":4,""10110001"":3,""11011110"":4,""10000101"":1,""10011110"":9,""10110110"":2,""10001000"":4,""10110011"":4,""11101100"":5,""01111010"":4,""11001110"":2,""10111100"":4,""11100001"":4,""11011100"":2,""01011111"":7,""01111000"":11,""11111010"":2,""10101101"":3,""11011101"":3,""01011011"":3,""01001111"":3,""11100100"":3,""11001011"":1,""11111101"":2,""10111001"":2,""10011101"":4,""10001111"":2,""10011001"":4,""11001000"":2,""11111000"":5,""10001011"":1,""10010110"":5,""11010111"":1,""10000010"":1,""10110101"":1,""01111011"":5,""11011011"":1,""01101100"":11,""01101001"":2,""10111010"":1,""11111110"":4,""10100111"":2,""10111111"":4,""10000111"":1,""11110011"":3,""11000110"":2,""11111100"":1,""11000010"":1,""10010101"":3,""11110110"":3,""11000001"":1,""11010011"":2,""10000110"":3,""11001100"":1,""11000101"":1,""10100101"":2,""10010001"":1,""11011010"":1,""11001001"":2}"
15,x,4000,-0.02499999999999991,-0.09800000000000009,-0.0794999999999999,0.019499999999999962,0.04200000000000004,-0.24350000000000005,-0.1279999999999999,0.49150000000000005,"{""01011110"":24,""01111111"":49,""00101000"":35,""11011111"":12,""10111110"":12,""10001101"":6,""11011001"":14,""01011100"":21,""11111100"":3,""11001010"":7,""01101110"":38,""11001110"":10,""00101111"":52,""01101100"":35,""00011010"":13,""01100000"":31,""00011100"":13,""11001100"":11,""01010001"":19,""00011011"":17,""01101101"":59,""01011011"":23,""00101011"":38,""01010110"":25,""00111000"":14,""01101111"":43,""01001010"":33,""00101010"":30,""00001110"":10,""10001011"":5,""10011100"":5,""01001100"":29,""01101010"":41,""01011010"":15,""01001110"":30,""00001101"":12,""01000011"":24,""01001111"":42,""01101000"":34,""01111110"":25,""01111011"":42,""01010101"":19,""10101101"":33,""00101110"":28,""10111010"":14,""01011111"":25,""10100111"":32,""10101110"":16,""01111101"":25,""00111111"":17,""01111000"":30,""11111101"":7,""10101010"":21,""01000101"":22,""00100000"":27,""00011001"":6,""00101101"":39,""00101100"":32,""10111100"":1,""00011000"":17,""00101001"":16,""11010010"":12,""00100101"":48,""00000000"":10,""11101111"":6,""00001100"":4,""10001111"":9,""01110111"":52,""11001101"":20,""00111011"":22,""10101000"":6,""00011101"":9,""11110111"":10,""11110010"":19,""10001010"":6,""00110111"":18,""11001011"":10,""01000001"":21,""00110000"":26,""10010000"":10,""00110011"":18,""11010011"":9,""10011101"":8,""11100010"":3,""11110100"":7,""00000101"":15,""00110110"":15,""01000100"":21,""00100110"":33,""00100111"":56,""11111110"":4,""00000110"":10,""11000010"":14,""01110100"":37,""00110001"":19,""11110000"":9,""01100101"":38,""00100011"":36,""01000000"":18,""10010110"":3,""10100000"":10,""10100100"":19,""01010100"":18,""01110000"":50,""11010110"":8,""01010011"":17,""00000011"":9,""01000010"":17,""10000100"":3,""10110111"":16,""10010101"":10,""01010111"":32,""10110110"":9,""01100110"":29,""01011000"":19,""00110010"":35,""11000101"":6,""11100111"":6,""01110010"":50,""00000111"":17,""10010111"":7,""00010110"":15,""11000110"":5,""01110110"":17,""01010010"":20,""01100010"":27,""11100101"":4,""10110010"":18,""00010010"":22,""01001101"":45,""00100100"":30,""01100111"":36,""11010100"":10,""01110101"":51,""10000110"":6,""01110001"":27,""01010000"":15,""01100011"":25,""10010001"":8,""00001010"":8,""00111010"":19,""00011111"":8,""10101111"":20,""00110101"":16,""01101011"":24,""10011111"":6,""11001111"":11,""11101101"":6,""01011001"":7,""01110011"":45,""10110100"":13,""00100010"":38,""01111001"":13,""01000110"":23,""11011101"":11,""00010100"":15,""01111010"":47,""00010000"":19,""11001000"":7,""01011101"":14,""10111111"":13,""10011110"":4,""01111100"":22,""01001001"":9,""10001110"":8,""01001011"":17,""01101001"":18,""10011011"":5,""11111011"":8,""10011001"":2,""00001111"":10,""00111001"":11,""00111101"":6,""11111010"":9,""10110000"":16,""10111101"":11,""11001001"":7,""10100101"":15,""10101011"":10,""10110001"":7,""11110101"":5,""00011110"":12,""11101011"":3,""00111110"":11,""11011011"":7,""10111000"":9,""10101100"":14,""00111100"":11,""00010101"":15,""11111000"":5,""11101000"":5,""11011100"":6,""10010010"":8,""11011000"":12,""10011000"":4,""11111111"":5,""01001000"":22,""10111011"":7,""11101001"":2,""00001000"":6,""10101001"":6,""10001000"":1,""01100100"":25,""00110100"":13,""11010111"":13,""10100011"":14,""11000011"":7,""10100010"":11,""11010001"":8,""00100001"":8,""01100001"":15,""11000100"":5,""00010111"":19,""10100110"":5,""00010011"":16,""00010001"":12,""11100000"":2,""01000111"":24,""10110011"":14,""10000111"":4,""11010101"":11,""10110101"":7,""10100001"":8,""10000000"":2,""10000101"":4,""11110001"":4,""11100001"":4,""10010011"":5,""11000111"":6,""00000001"":5,""10000001"":1,""11101010"":5,""10000011"":6,""11010000"":6,""00000100"":8,""11011010"":12,""11111001"":2,""10111001"":5,""11100100"":1,""11110110"":2,""11110011"":3,""00000010"":1,""11000001"":2,""00001011"":3,""10010100"":2,""10011010"":5,""11101110"":2,""11100110"":3,""10001100"":2,""11011110"":5,""11101100"":3,""11000000"":4,""10000010"":3,""11100011"":1,""10001001"":1}"
16,x,4000,0.363,0.3435,-0.252,0.04400000000000004,0.25949999999999995,-0.37349999999999994,0.15900000000000003,0.401,"{""10101101"":23,""00101010"":34,""00101011"":32,""00101100"":118,""01111000"":17,""01110100"":67,""11110001"":2,""11010110"":6,""00111100"":69,""00011101"":13,""00101101"":51,""01111100"":47,""00100000"":82,""00101000"":79,""10101000"":27,""01111011"":9,""00001101"":14,""00011110"":8,""01101101"":36,""00101110"":39,""01101100"":71,""01100110"":21,""00011000"":23,""11001100"":26,""00100011"":25,""11111100"":17,""01001001"":11,""11001110"":14,""01101111"":21,""00001001"":10,""01011100"":24,""01011010"":6,""01101001"":19,""00111111"":17,""10101100"":55,""10111110"":5,""01001111"":10,""10101010"":12,""00001100"":33,""00010111"":11,""10111101"":9,""01101000"":37,""00011100"":28,""00100100"":173,""10111100"":19,""01101110"":11,""00101111"":42,""00001111"":10,""01111010"":10,""01111001"":24,""01001100"":34,""10101001"":16,""00010100"":35,""01100001"":12,""00111110"":10,""01111101"":21,""00101001"":34,""00111101"":19,""00100110"":71,""11011010"":4,""01111111"":15,""01000101"":7,""11110110"":12,""11110000"":17,""01000100"":52,""01100100"":69,""11100010"":7,""00010000"":16,""00100001"":27,""00010001"":5,""11010100"":23,""01110110"":26,""01100101"":21,""10000100"":13,""01110000"":27,""01000110"":24,""00000010"":14,""00110100"":54,""01010000"":13,""10100010"":21,""11010000"":12,""10110000"":12,""01010100"":26,""11110100"":29,""11100110"":8,""11101000"":6,""00110101"":16,""10100000"":37,""01110011"":8,""00110000"":19,""11011100"":24,""00100111"":36,""10100100"":68,""01100011"":12,""11000100"":47,""10100101"":18,""00000100"":38,""01010010"":8,""11000010"":11,""10110111"":3,""01010110"":6,""01110001"":16,""01010111"":5,""01011000"":21,""10110100"":18,""11011000"":16,""10100110"":15,""00000111"":16,""11110011"":3,""10110110"":5,""01010101"":3,""00001000"":11,""11100111"":2,""01100010"":16,""00110010"":9,""10010000"":4,""01100000"":28,""00110001"":9,""00100101"":36,""11000000"":15,""11111110"":9,""10100001"":9,""01000010"":9,""10100111"":20,""00111011"":10,""10000000"":6,""10110101"":1,""10010100"":9,""00000000"":19,""10101110"":20,""01110111"":15,""00000110"":15,""00100010"":48,""10100011"":16,""11110101"":7,""01100111"":11,""11000111"":13,""11100000"":9,""00010010"":16,""11100011"":1,""10111000"":14,""11001101"":5,""10101111"":12,""00001011"":6,""11101111"":5,""11001001"":5,""01011101"":11,""11011001"":3,""11111111"":4,""01001000"":13,""10001100"":7,""11101001"":5,""10011000"":8,""11001111"":5,""11001011"":5,""00011010"":17,""11101100"":17,""00110111"":16,""10011111"":5,""11011101"":8,""01001101"":10,""00000001"":5,""10101011"":15,""10111111"":7,""01011111"":6,""11111101"":8,""01101010"":15,""10011010"":4,""10001101"":6,""11011110"":3,""00010011"":4,""11001000"":9,""00111000"":26,""00111010"":12,""11100100"":15,""00011001"":6,""00011011"":6,""01001011"":4,""10111001"":5,""01110101"":14,""10001000"":1,""10011001"":2,""01111110"":9,""11101110"":7,""10011100"":7,""11011011"":4,""10111011"":7,""11111001"":8,""10111010"":4,""11110111"":9,""00010110"":9,""10010101"":9,""01000011"":4,""01000000"":16,""00110011"":6,""10110001"":4,""11100001"":7,""10000111"":3,""01110010"":20,""11000001"":7,""00110110"":13,""11010010"":5,""10010001"":1,""00010101"":9,""00000101"":15,""01010001"":3,""11000011"":4,""01000001"":10,""11010001"":5,""10000110"":7,""01000111"":4,""10000101"":3,""11111000"":9,""00001010"":7,""10011011"":2,""10011110"":2,""00001110"":4,""11011111"":5,""00011111"":14,""01011001"":5,""10001011"":5,""10001001"":4,""10000001"":3,""10001111"":2,""11111011"":2,""10110010"":6,""11000101"":7,""11001010"":4,""10110011"":5,""11010111"":3,""11000110"":11,""10010011"":1,""11010011"":3,""11110010"":3,""01101011"":9,""10011101"":4,""11101011"":3,""11101010"":2,""01011110"":6,""01001110"":8,""11101101"":5,""11111010"":1,""11100101"":7,""01010011"":6,""01001010"":4,""10010110"":2,""10010010"":6,""10000010"":2,""11010101"":1,""10001110"":2,""00111001"":7,""00000011"":3,""10000011"":1}"
17,x,4000,-0.11699999999999999,0.0050000000000000044,-0.12250000000000005,0.046499999999999986,0.22850000000000004,-0.034499999999999975,-0.133,0.5395,"{""00101001"":13,""11011101"":9,""10011001"":4,""01111001"":30,""00000111"":72,""00100111"":29,""01111111"":42,""10110001"":5,""10101101"":11,""11111101"":10,""01001000"":19,""01000011"":19,""11001010"":12,""00001010"":23,""00000101"":68,""00111001"":5,""01100010"":22,""00101101"":24,""10111000"":5,""00111111"":12,""01111110"":27,""01101010"":22,""01111010"":37,""10101001"":4,""00111101"":5,""11001000"":10,""10001001"":1,""11001101"":18,""00000010"":32,""00001111"":53,""00001101"":51,""10110011"":4,""11101000"":9,""01101111"":45,""11110101"":15,""00001110"":34,""11001001"":12,""01111101"":28,""01101001"":33,""11110000"":9,""00001001"":27,""01011100"":13,""11011011"":13,""10101110"":7,""00001000"":32,""01110001"":28,""01111000"":25,""10111001"":9,""00001011"":33,""00011100"":23,""11011001"":6,""00101011"":18,""10001111"":10,""11111011"":7,""01110000"":35,""00011001"":18,""01110110"":29,""11001111"":17,""01101011"":46,""01000100"":27,""11101100"":15,""00011101"":18,""11101111"":14,""11011100"":9,""11001100"":16,""00111010"":5,""10001100"":4,""01110111"":59,""00101000"":19,""00111000"":7,""01111011"":30,""01011101"":17,""11110100"":4,""10111111"":5,""01011001"":5,""10111110"":9,""10101111"":6,""00011110"":26,""00101110"":25,""00100011"":15,""00011111"":27,""11010001"":5,""01000101"":32,""11011111"":10,""11000010"":18,""00010001"":18,""01100001"":37,""01000000"":28,""11000101"":27,""00000000"":34,""00000100"":34,""01100011"":29,""10110000"":8,""01110010"":35,""01011000"":11,""01100111"":48,""00010111"":34,""00010000"":17,""01110100"":36,""11100100"":12,""01101101"":36,""11100110"":10,""00100101"":24,""00100001"":18,""01100100"":31,""11100111"":15,""00010100"":20,""11001110"":17,""11000001"":16,""00010101"":29,""01100101"":47,""01110101"":55,""01000111"":45,""01010100"":6,""11100011"":8,""00100110"":16,""00110100"":4,""10100101"":6,""00110101"":17,""00010010"":22,""00010011"":23,""10110101"":12,""00000001"":49,""00110110"":7,""11000100"":11,""11100001"":12,""11010000"":5,""11100000"":16,""01100110"":27,""01010111"":8,""01010011"":16,""00101010"":14,""00110010"":6,""10010001"":2,""00000110"":32,""11010101"":8,""01000010"":20,""11100101"":12,""00000011"":30,""00110000"":8,""10100010"":3,""00011000"":20,""10100100"":5,""11010111"":6,""11110010"":6,""01000110"":16,""01110011"":29,""00110111"":20,""11000011"":17,""11010110"":2,""11100010"":8,""01010001"":10,""11101011"":10,""11000000"":21,""10100110"":4,""10100011"":10,""10100001"":5,""10110110"":9,""10010111"":2,""10100111"":7,""10010011"":2,""10000101"":4,""10000100"":3,""01100000"":28,""10110100"":10,""11000111"":25,""11000110"":10,""11010011"":6,""11110001"":4,""11101110"":13,""00100010"":16,""00100100"":27,""11110011"":6,""00110001"":6,""01010101"":5,""01001010"":21,""00001100"":37,""01101100"":44,""00111110"":13,""00011011"":29,""00101100"":15,""11101001"":7,""01101000"":37,""01111100"":32,""11101101"":8,""01011111"":10,""10101010"":4,""01101110"":37,""11101010"":6,""00111011"":5,""11011010"":3,""01011011"":7,""10111100"":1,""11111001"":4,""00100000"":26,""10111010"":4,""11111000"":8,""10011111"":3,""10001010"":3,""01001011"":15,""01010110"":5,""11111010"":3,""10110111"":14,""11111111"":12,""10000111"":3,""01000001"":16,""10010010"":2,""11110111"":10,""10000000"":2,""11010100"":6,""01001001"":24,""10011000"":4,""01001110"":20,""00101111"":23,""10001101"":4,""11111100"":4,""10101011"":8,""00011010"":22,""01010000"":11,""10001011"":3,""01001111"":24,""11001011"":7,""10111101"":3,""01011010"":8,""00111100"":7,""10101100"":6,""10110010"":5,""00010110"":8,""10010100"":3,""10011101"":4,""01011110"":9,""11011110"":4,""01001101"":18,""01001100"":13,""11111110"":5,""10101000"":4,""11011000"":4,""10011110"":2,""10000011"":2,""01010010"":3,""00110011"":8,""10001000"":1,""10011010"":3,""11010010"":2,""11110110"":5,""10100000"":4,""10011011"":3,""10000001"":4,""10010000"":1,""10010101"":2,""10000110"":1,""10111011"":2,""10010110"":1}"
18,x,4000,0.21650000000000003,0.25649999999999995,-0.15749999999999997,0.06599999999999995,-0.10499999999999998,-0.07299999999999995,-0.1479999999999999,0.39549999999999996,"{""01110100"":94,""00010111"":26,""11000111"":7,""10010100"":12,""00001100"":53,""01110101"":54,""11100100"":33,""00010000"":30,""01100100"":48,""00000110"":40,""01111111"":23,""00100000"":9,""01110110"":49,""11110100"":57,""11010010"":19,""00010100"":64,""00000000"":48,""10100001"":5,""11100110"":19,""10001010"":5,""01100001"":40,""01110000"":58,""00110110"":8,""11100101"":20,""01110111"":32,""00010110"":36,""11110110"":24,""11100010"":12,""11111011"":9,""11010101"":13,""01010010"":9,""00100010"":5,""01101100"":46,""01100000"":35,""10110100"":8,""11011100"":19,""01000101"":13,""10010110"":6,""01000001"":5,""00011000"":25,""00000100"":72,""11110101"":23,""00000011"":21,""11010111"":8,""11010100"":25,""00000001"":35,""11110010"":12,""11001000"":12,""00000101"":53,""01110010"":60,""01100101"":29,""01010101"":3,""01100111"":11,""11110111"":12,""01000010"":7,""10100110"":2,""11010000"":6,""11000000"":14,""10000110"":12,""00100001"":14,""01110001"":41,""00101000"":3,""01111100"":86,""00010010"":45,""01110011"":27,""00111110"":16,""00000010"":26,""10110101"":4,""00110001"":4,""10000010"":5,""00011110"":26,""11111101"":31,""00111000"":10,""01111101"":69,""00111100"":21,""00001111"":17,""00011010"":39,""00011011"":15,""01111001"":30,""11011001"":8,""11001100"":12,""01001101"":12,""01111110"":47,""10001001"":4,""10011001"":3,""10001101"":7,""01001000"":8,""10111100"":10,""01101000"":30,""00010001"":33,""01011000"":9,""11011111"":6,""01111000"":49,""11001110"":12,""00001101"":39,""11101100"":18,""11011101"":13,""11101011"":10,""11001111"":6,""01101110"":24,""11111001"":15,""00000111"":27,""00011100"":56,""11111110"":21,""11101111"":9,""00011101"":35,""11101001"":13,""11101010"":13,""00101101"":8,""11101101"":16,""10001000"":11,""00001001"":34,""00110100"":22,""01111011"":21,""00011111"":14,""11010110"":17,""11000101"":5,""00001110"":30,""11001001"":13,""00111010"":10,""00001000"":36,""00101100"":15,""10111000"":10,""00011001"":24,""01011110"":3,""01101010"":24,""00001010"":36,""11111100"":50,""01101001"":25,""11110011"":10,""01001110"":2,""11010001"":7,""11100111"":8,""00101010"":7,""10101011"":2,""00111101"":20,""11011011"":7,""10001100"":12,""00001011"":17,""10111111"":1,""11101110"":11,""01101101"":32,""00100101"":7,""01111010"":26,""10010000"":4,""01100010"":17,""11111000"":12,""01001011"":5,""01010100"":12,""11011010"":11,""10011101"":4,""01011100"":11,""11111010"":22,""00101001"":13,""10001011"":7,""11111111"":9,""10001110"":9,""11011110"":6,""01001111"":6,""11101000"":21,""00110101"":12,""01100110"":22,""00010101"":48,""00100100"":12,""11110001"":8,""10000100"":12,""00010011"":26,""01010011"":3,""10000000"":7,""10010010"":6,""11110000"":16,""01000000"":8,""10110111"":4,""01010001"":7,""11100001"":14,""01000100"":20,""10100010"":1,""10110011"":3,""00110011"":6,""01010110"":3,""10010111"":3,""01010000"":4,""01011101"":5,""10000001"":4,""10110010"":5,""11100000"":22,""00100111"":4,""11000100"":14,""10100011"":2,""11000110"":14,""01001100"":17,""10111011"":5,""10101101"":1,""00111011"":7,""11000010"":11,""10111110"":4,""00101110"":8,""11011000"":10,""10011110"":2,""10010101"":7,""01000110"":11,""01100011"":13,""10110001"":1,""00100110"":2,""10111010"":5,""01001010"":6,""01011111"":2,""10101000"":2,""10101001"":3,""01101111"":7,""11100011"":9,""10100000"":2,""01001001"":5,""00100011"":4,""00110000"":14,""10001111"":4,""00101011"":5,""01011001"":2,""00101111"":4,""11000001"":7,""11010011"":7,""00111111"":3,""10100101"":3,""10110110"":5,""01010111"":3,""10011100"":8,""01101011"":3,""11001101"":10,""10011011"":4,""11001010"":9,""10111101"":4,""00110111"":2,""00110010"":4,""10011010"":1,""00111001"":5,""10000111"":4,""10000011"":4,""10100100"":3,""01000011"":3,""10011111"":3,""11000011"":6,""10101111"":1,""10000101"":6,""01011011"":2,""10101110"":1,""10010001"":2,""01011010"":1,""10101100"":6,""11001011"":2,""10110000"":6,""01000111"":2,""10010011"":2,""10111001"":1,""10100111"":1,""10011000"":3}"
19,x,4000,0.235,0.20650000000000002,-0.15999999999999992,0.055499999999999994,-0.3234999999999999,-0.2024999999999999,-0.08349999999999991,-0.010000000000000009,"{""11100000"":31,""10010101"":31,""00100100"":22,""01110111"":22,""11110110"":37,""10000000"":13,""11100011"":15,""11011100"":22,""00100001"":16,""00010100"":49,""01010101"":13,""11100110"":19,""11101000"":27,""01110001"":12,""00011110"":24,""11010000"":14,""01110100"":63,""10100010"":7,""11010100"":20,""00010101"":26,""00110101"":12,""01110010"":37,""00110000"":13,""11110010"":40,""10010011"":17,""10110000"":21,""11100100"":26,""01000001"":8,""10100011"":5,""01010000"":17,""11110000"":37,""11110101"":35,""10000001"":7,""10010100"":50,""01100010"":22,""11110100"":74,""00010010"":27,""10111000"":19,""01110110"":33,""10110011"":16,""01011000"":13,""11100111"":10,""10100100"":11,""01100100"":28,""01100000"":46,""01111100"":58,""10000100"":16,""11100010"":11,""10110101"":25,""00111101"":12,""00100000"":16,""01010011"":12,""01100101"":19,""00000100"":21,""10000101"":7,""00010000"":27,""11110001"":20,""00010110"":23,""11110111"":30,""00000000"":10,""01110000"":31,""10010000"":20,""01110101"":39,""01010010"":13,""10101111"":6,""11000010"":8,""10110110"":28,""11000001"":4,""11111111"":22,""10010010"":23,""00100110"":13,""00000110"":8,""10010110"":23,""10000010"":7,""11011110"":8,""01000000"":10,""00101000"":14,""10011110"":16,""10111011"":13,""10101010"":5,""10011101"":34,""01111000"":25,""01111111"":17,""10011100"":43,""11111101"":43,""11111100"":68,""10001001"":5,""01011100"":29,""01111101"":27,""00011111"":15,""10001101"":13,""01101000"":23,""01001110"":6,""01011010"":10,""00101101"":14,""00011100"":46,""00111110"":10,""10111100"":50,""01101110"":24,""01101100"":20,""01111011"":17,""11001110"":5,""01100110"":17,""11111010"":27,""11111110"":31,""10011001"":16,""00110111"":7,""10111101"":28,""00011000"":21,""00111010"":5,""00001001"":10,""01001100"":8,""01011111"":14,""10001000"":9,""10101011"":2,""00101110"":15,""01000010"":7,""11101101"":15,""01011110"":14,""11111000"":39,""00101011"":12,""00111111"":7,""00011101"":34,""01000100"":19,""00101111"":10,""10110100"":43,""11001000"":8,""00111100"":23,""10101101"":11,""10101001"":6,""10111111"":14,""11101110"":8,""01001001"":11,""10001100"":22,""11001100"":9,""00101010"":8,""11111011"":21,""01111001"":17,""00111001"":7,""10011011"":8,""10111110"":19,""10011000"":21,""11111001"":20,""00011010"":15,""11000111"":6,""11100101"":8,""00010001"":16,""11100001"":16,""10110010"":26,""01100001"":20,""00110110"":5,""11010110"":10,""10100000"":9,""00000010"":15,""01100111"":9,""01010100"":29,""00100111"":9,""10101110"":12,""01010111"":12,""10110111"":14,""00000101"":12,""11010101"":13,""11110011"":23,""00110010"":9,""10010001"":10,""10010111"":15,""10100001"":8,""00010011"":14,""00101100"":24,""01001010"":5,""00111000"":6,""01111010"":28,""11101100"":16,""10111001"":13,""11101111"":9,""11101001"":11,""01000011"":6,""10101000"":6,""01011001"":5,""11101011"":11,""01101010"":17,""10011010"":18,""01101001"":23,""00001000"":12,""11101010"":11,""01000111"":4,""11001101"":6,""11001011"":2,""10001110"":10,""11011101"":11,""00011001"":13,""10100111"":5,""10011111"":14,""10100110"":4,""11011111"":7,""01101011"":15,""01111110"":32,""11000110"":6,""11001111"":3,""11010111"":6,""11010011"":7,""00001100"":14,""10111010"":17,""11011010"":6,""01001011"":10,""01110011"":15,""00110100"":14,""01100011"":18,""10000011"":5,""11000100"":10,""10000110"":7,""11000101"":8,""00001110"":7,""01010110"":11,""00100011"":4,""10001011"":6,""00110011"":7,""10110001"":10,""11000000"":6,""00100010"":5,""00101001"":5,""11010001"":5,""11010010"":8,""01011011"":8,""01101101"":8,""01001000"":2,""00000011"":6,""01011101"":15,""00111011"":4,""01000101"":8,""00001010"":6,""00000001"":5,""00001101"":7,""11001010"":3,""00001011"":4,""00011011"":12,""11001001"":3,""01001111"":2,""00001111"":6,""10000111"":5,""00100101"":3,""01010001"":3,""00010111"":15,""10100101"":8,""11011000"":9,""11000011"":4,""10001010"":5,""10101100"":10,""00000111"":8,""00110001"":6,""11011011"":2,""01001101"":3,""01101111"":4,""11011001"":2,""01000110"":2,""10001111"":1}"
20,x,4000,0.3215,0.253,-0.1705000000000001,0.05149999999999999,-0.2925,-0.3759999999999999,0.19799999999999995,-0.1339999999999999,"{""00110001"":28,""00110100"":112,""10010110"":10,""10011100"":32,""00100000"":40,""01010011"":6,""11100001"":10,""10110000"":34,""01100100"":12,""00110000"":36,""11110101"":18,""00010100"":18,""10010010"":17,""00110110"":30,""01110000"":14,""00101110"":13,""00100011"":13,""11010101"":21,""10110011"":14,""10100101"":12,""00110111"":28,""00110101"":38,""00110011"":22,""11110000"":33,""10000100"":16,""11100111"":10,""10000111"":9,""10010011"":5,""10110110"":21,""10100010"":29,""10010000"":26,""11100000"":26,""11000100"":22,""00000011"":8,""10110001"":11,""11111100"":72,""10100000"":53,""10110010"":22,""00000010"":7,""11110010"":23,""11011100"":44,""11010000"":20,""00010001"":6,""10110101"":28,""10100110"":21,""11100100"":24,""01111100"":38,""10110100"":71,""10010111"":12,""00000000"":11,""11011001"":14,""11110100"":74,""11110111"":22,""10101010"":17,""11100110"":8,""00010010"":7,""00100111"":6,""00000101"":6,""11000111"":11,""01110110"":16,""01100101"":6,""01101100"":7,""10100111"":20,""11010100"":55,""00000100"":17,""00111101"":46,""00010101"":4,""01110111"":10,""00111010"":40,""10111111"":23,""01010110"":6,""11000000"":11,""11110011"":12,""01110101"":8,""11111010"":20,""11010011"":11,""01100001"":6,""01000110"":6,""01110011"":6,""00011111"":9,""11111101"":33,""10100100"":46,""00010011"":5,""10111000"":24,""00111100"":117,""01111101"":19,""00100110"":18,""00100010"":14,""11001100"":15,""10110111"":25,""00100001"":6,""00100100"":29,""01010101"":6,""10111010"":18,""11010110"":16,""10000011"":9,""10100011"":20,""00100101"":17,""11000010"":11,""10101001"":19,""11111011"":15,""11010010"":23,""01010100"":22,""11000110"":8,""00000110"":6,""00101100"":19,""10000010"":8,""01100111"":7,""10010001"":6,""11000011"":7,""00101111"":3,""10001010"":8,""10101100"":32,""11100011"":14,""10111100"":91,""01001000"":7,""01110001"":6,""00110010"":45,""00101010"":17,""00111000"":49,""01011100"":17,""01111111"":11,""10011000"":21,""10101000"":30,""10111110"":29,""10001111"":4,""00001010"":6,""00111001"":21,""10111011"":9,""11101010"":7,""10101101"":16,""01001111"":2,""00011101"":6,""10001000"":15,""00001110"":5,""11001111"":8,""11101111"":6,""00111111"":36,""10101110"":20,""11001000"":13,""00001100"":23,""10011101"":10,""11111110"":21,""10011010"":13,""10001100"":14,""01001011"":2,""00101000"":28,""10011110"":7,""01011000"":10,""00011100"":30,""11011000"":25,""11011110"":12,""01111001"":6,""11111000"":22,""01001100"":12,""01101011"":6,""10001110"":3,""11111001"":14,""11111111"":14,""01111010"":9,""00011011"":2,""10010100"":22,""00011010"":4,""10011011"":8,""10011111"":11,""10111101"":32,""00101011"":10,""11101101"":9,""11011111"":12,""10001011"":9,""00101101"":10,""00101001"":11,""00111011"":25,""00111110"":27,""01100000"":24,""10100001"":15,""01101000"":12,""10101111"":11,""10101011"":19,""11101110"":13,""11101000"":18,""11001101"":6,""11011010"":12,""11101011"":13,""11110110"":21,""01101101"":5,""01001101"":4,""00011110"":6,""01001110"":2,""01010010"":10,""01100011"":5,""11000001"":3,""11001010"":4,""01111110"":9,""11011011"":16,""10011001"":6,""00001101"":2,""10010101"":10,""01010000"":12,""11101100"":10,""00011000"":8,""00000111"":11,""10000110"":7,""01010111"":11,""01110100"":40,""01101111"":5,""10000000"":16,""01100010"":6,""01000100"":11,""01110010"":12,""01001010"":2,""01011111"":7,""01011010"":2,""01101110"":8,""01111000"":13,""10001101"":7,""01001001"":1,""10111001"":11,""11100101"":9,""01000010"":9,""01100110"":2,""11100010"":10,""00010110"":3,""11000101"":6,""00010000"":3,""11010001"":9,""01011011"":2,""00001011"":7,""11011101"":15,""01101010"":3,""01111011"":6,""11101001"":6,""10001001"":4,""00001000"":5,""11001011"":1,""11110001"":9,""01010001"":3,""00010111"":5,""11010111"":16,""01000000"":7,""01000101"":7,""10000101"":7,""01000001"":2,""00001111"":4,""00011001"":4,""11001110"":3,""00001001"":3,""11001001"":1,""01011101"":3,""10000001"":6,""01000111"":4,""01000011"":1,""01011001"":1,""01011110"":1,""01101001"":2}"
21,x,4000,0.31899999999999995,0.08450000000000002,0.028000000000000025,-0.012499999999999956,0.35250000000000004,-0.484,0.257,0.5855,"{""10011000"":7,""01101110"":52,""00101111"":69,""00001011"":6,""11111001"":3,""01001101"":6,""00111000"":46,""00101110"":145,""01101111"":30,""01101011"":41,""00111100"":38,""10011010"":9,""11101000"":17,""00101100"":90,""00101001"":42,""10101110"":13,""01100110"":47,""11011110"":12,""00000001"":6,""00101011"":67,""11011011"":3,""00101101"":74,""11101101"":8,""10010111"":3,""00101000"":133,""00111110"":29,""10001001"":6,""01001000"":27,""10111001"":3,""01011101"":6,""10011110"":5,""11011101"":3,""01000001"":8,""01101001"":21,""01111010"":11,""01101000"":47,""10101000"":17,""00100000"":154,""00101010"":66,""00011000"":23,""00001100"":9,""01001100"":10,""11001110"":10,""10101100"":12,""00011011"":18,""10011001"":4,""11011000"":9,""01001110"":13,""10111111"":1,""00011110"":24,""11101110"":14,""00111001"":27,""00111101"":11,""11111101"":3,""01001001"":15,""01101100"":44,""01111110"":15,""10001100"":4,""11101111"":7,""10001010"":2,""10110001"":3,""11001111"":4,""00011010"":23,""11000010"":7,""00011001"":10,""01111111"":7,""10101101"":4,""00111111"":12,""00001001"":8,""00110000"":70,""01110000"":44,""11111100"":3,""00011101"":10,""00010100"":13,""01111001"":20,""10100110"":11,""01001010"":8,""10110000"":6,""00100110"":146,""01111011"":9,""10000111"":2,""00100001"":53,""10101001"":6,""10101111"":7,""10111100"":6,""01011111"":4,""10111000"":1,""11111000"":9,""10101011"":8,""10011111"":3,""11101011"":7,""00001101"":10,""10111010"":3,""11101100"":18,""11100110"":19,""01111000"":26,""10111101"":6,""10110110"":3,""01010111"":2,""10110010"":2,""10000101"":8,""10001000"":16,""01101010"":25,""00111010"":17,""10111011"":3,""11001101"":4,""00111011"":13,""11111110"":5,""01100000"":44,""11001100"":11,""11001001"":8,""01001111"":7,""11111111"":7,""11111010"":3,""01011110"":14,""01110110"":27,""01111100"":14,""01110001"":21,""11010001"":4,""00110111"":14,""00001010"":14,""00001000"":10,""00011111"":14,""10011101"":2,""11101001"":10,""00110001"":40,""10001110"":10,""11001000"":13,""01000100"":13,""11011010"":8,""00110100"":32,""01000000"":35,""11001010"":5,""01011000"":5,""01111101"":8,""01011100"":7,""11011111"":3,""00011100"":10,""10000001"":10,""11101010"":14,""01011010"":5,""00100111"":47,""00110110"":33,""11011100"":7,""00001110"":13,""00000100"":11,""11000001"":11,""01101101"":23,""01000110"":19,""10011011"":7,""01001011"":2,""10111110"":1,""10101010"":6,""11010110"":14,""11000000"":16,""00000000"":27,""01010001"":6,""01010110"":6,""10100100"":13,""01100001"":17,""11100000"":11,""11100100"":13,""00010001"":7,""11100010"":15,""00100010"":67,""00100100"":89,""00100101"":62,""10010100"":3,""00110010"":19,""00010000"":23,""11100111"":11,""00000010"":8,""01010010"":5,""01010100"":6,""11110010"":4,""11110100"":6,""11000011"":4,""00100011"":39,""11110000"":15,""10010110"":9,""01110100"":17,""01110010"":12,""01100010"":21,""10010000"":7,""10100000"":14,""01000010"":9,""10100010"":9,""01100111"":17,""00010101"":6,""01110111"":2,""00000110"":10,""10110100"":7,""01000111"":5,""10010010"":9,""01100011"":25,""11000110"":10,""11110111"":3,""01100100"":30,""11100001"":3,""01011001"":3,""01011011"":4,""10000010"":3,""10100101"":8,""01010000"":11,""00000011"":6,""01110011"":11,""00010110"":17,""00010010"":13,""11010011"":4,""11100101"":7,""11110001"":4,""10100111"":4,""00000101"":4,""11010101"":6,""10000100"":5,""01100101"":12,""10000000"":16,""00000111"":5,""00010111"":7,""11000111"":8,""00110101"":10,""00010011"":14,""00110011"":14,""10100001"":7,""01010011"":3,""01000101"":2,""11100011"":11,""11110110"":8,""11000101"":1,""01000011"":3,""10000110"":3,""00001111"":3,""10010101"":4,""11010100"":2,""10100011"":4,""01110101"":5,""11111011"":1,""01010101"":7,""11000100"":5,""11001011"":1,""10011100"":7,""11010000"":3,""11110011"":4,""11011001"":1,""10001101"":1,""10000011"":1,""10010011"":7,""11010010"":2,""10001011"":1,""11110101"":3,""10110011"":1,""10010001"":1}"
22,x,4000,0.1915,-0.08000000000000007,0.11099999999999999,0.0004999999999999449,-0.238,-0.127,0.36450000000000005,0.7395,"{""00111100"":57,""00001000"":22,""00101110"":64,""10101110"":7,""00110000"":77,""10101010"":8,""00100010"":39,""00101010"":45,""00111010"":66,""00111011"":92,""01011100"":29,""10101000"":9,""00100000"":66,""11101101"":1,""10100110"":10,""00011010"":22,""00011000"":38,""00101011"":50,""00011100"":29,""10001011"":3,""00101000"":79,""00011101"":16,""11000010"":3,""10001101"":2,""00111001"":42,""00111101"":44,""00011111"":8,""00011011"":37,""01011010"":46,""01001101"":16,""01001110"":26,""01010100"":28,""00101100"":42,""01011101"":17,""01011011"":28,""00111000"":64,""00100100"":33,""00111110"":100,""01011000"":38,""01011111"":14,""00001100"":22,""00000000"":18,""11101100"":1,""00100001"":48,""00001110"":30,""01111010"":15,""01001100"":21,""01111011"":18,""00101001"":32,""10011100"":8,""00001010"":19,""00111111"":32,""00011110"":36,""11111110"":6,""10011010"":10,""00100111"":32,""01011110"":44,""10111100"":5,""00010010"":26,""00010110"":32,""01111110"":18,""11011010"":6,""10111110"":17,""11011011"":5,""00001011"":22,""00101101"":22,""00100101"":19,""10001100"":5,""00000010"":16,""00110010"":67,""00110011"":67,""01010110"":48,""01110101"":9,""01010000"":62,""00100011"":49,""00110100"":50,""00000011"":19,""01010111"":21,""01010011"":38,""01100001"":5,""00110111"":38,""01110100"":15,""00110001"":56,""00010011"":41,""10110000"":10,""00110101"":43,""01110111"":12,""01010010"":44,""11100001"":4,""00100110"":65,""01000000"":21,""00010001"":25,""01100111"":5,""11010000"":8,""11111000"":2,""01010101"":31,""01000010"":18,""01000011"":21,""01001000"":20,""01110000"":20,""01100100"":4,""01000110"":22,""11111111"":3,""01010001"":36,""00010000"":39,""00010111"":20,""00110110"":69,""01100110"":7,""00000111"":14,""10110110"":9,""01000101"":4,""00000001"":6,""11100000"":3,""10000111"":2,""01000100"":12,""11010111"":1,""01000001"":9,""10010111"":5,""00010101"":20,""00000110"":17,""11100011"":3,""01110001"":6,""01110011"":15,""11110011"":4,""10100001"":8,""11010001"":3,""10000100"":2,""10010110"":11,""01110110"":25,""00001111"":17,""00010100"":28,""01100101"":1,""11100101"":1,""01111100"":10,""10100101"":6,""00000100"":13,""11100111"":1,""10010011"":7,""00101111"":25,""01000111"":14,""01100000"":8,""10000011"":3,""10011000"":11,""10001010"":7,""11011101"":3,""11001010"":2,""10111010"":6,""01101100"":7,""11101111"":2,""01001011"":20,""11011001"":3,""10101111"":6,""01111111"":3,""11001100"":2,""01001010"":26,""10100000"":10,""11011100"":3,""10111000"":6,""01101011"":5,""10111011"":9,""10011011"":9,""01111000"":13,""01011001"":27,""10011101"":4,""11001000"":3,""01110010"":15,""00011001"":25,""11101110"":8,""10011110"":9,""01111101"":11,""10101100"":6,""10001111"":1,""10000001"":3,""01111001"":6,""10111001"":1,""10011001"":6,""00001001"":9,""10110010"":9,""01101000"":6,""10101001"":7,""01001111"":11,""11001001"":3,""10001110"":3,""01101110"":3,""11010110"":3,""01100011"":4,""10110100"":5,""10100010"":6,""10000000"":5,""00000101"":9,""10000010"":2,""11110101"":3,""11110111"":1,""11010010"":2,""10010100"":3,""11000001"":5,""10100011"":4,""10111111"":8,""01100010"":9,""10010101"":8,""10110011"":7,""11110010"":4,""11011110"":3,""11010100"":2,""01101001"":4,""11111101"":4,""10101101"":3,""11111010"":6,""01001001"":8,""01101010"":4,""11111011"":3,""10010010"":1,""10101011"":3,""10001000"":1,""00001101"":4,""10010001"":6,""01101111"":2,""11100100"":4,""11100110"":3,""11110110"":3,""10100100"":6,""10110001"":3,""11110000"":4,""10010000"":7,""10000110"":3,""10111101"":4,""11101010"":3,""11001011"":3,""11101011"":2,""10110101"":2,""11101000"":1,""10100111"":6,""10000101"":1,""11010011"":6,""11110100"":2,""11000011"":1,""11110001"":3,""10110111"":1,""11011000"":1,""11111100"":1,""11011111"":1,""11001110"":2,""11010101"":1,""11000100"":1,""11101001"":1,""11001101"":1,""11000101"":1,""01101101"":1,""10011111"":1}"
23,x,4000,0.062000000000000055,-0.17300000000000004,-0.0024999999999999467,-0.020999999999999908,-0.0794999999999999,-0.15999999999999992,0.03949999999999998,-0.3305,"{""10000111"":19,""11100000"":15,""10100010"":44,""11110000"":7,""10110111"":51,""10010011"":16,""00110010"":14,""11100010"":18,""00010000"":11,""11000101"":25,""11000010"":29,""01110010"":13,""10100100"":20,""01010110"":11,""00000101"":3,""01100011"":28,""11010100"":18,""01010010"":12,""01111110"":14,""10010110"":7,""11100111"":7,""10111100"":47,""01110111"":29,""11010111"":33,""11100001"":4,""11010011"":53,""00000000"":3,""01110101"":14,""10001111"":12,""01010100"":9,""01100010"":25,""00010100"":12,""11010000"":31,""01100000"":19,""10110011"":34,""10100000"":49,""11010101"":24,""10110100"":37,""01100111"":12,""11001110"":43,""10110101"":30,""10100111"":18,""11000110"":36,""01110110"":9,""10110001"":23,""01110011"":21,""11000100"":21,""11110111"":11,""11000111"":35,""11010010"":51,""10111111"":65,""00100000"":24,""00100011"":21,""10100011"":65,""01100001"":7,""01011011"":9,""10001010"":8,""11100011"":18,""11110011"":8,""11000011"":22,""11101101"":9,""10100101"":19,""01111011"":11,""10110110"":33,""10111011"":34,""11001100"":40,""00000111"":3,""00001011"":5,""00100010"":22,""01000010"":8,""10110000"":20,""00100111"":18,""00000100"":3,""00110000"":11,""11100101"":9,""00010011"":12,""00000011"":5,""10100001"":14,""10101001"":6,""01000100"":10,""10110010"":38,""11110101"":10,""01101011"":19,""11010110"":21,""01001000"":5,""00111011"":14,""10101000"":35,""11001011"":38,""11001010"":36,""10011000"":18,""10011011"":15,""10101011"":25,""10111110"":51,""10011010"":10,""10101111"":39,""00111100"":19,""01011100"":12,""01001011"":4,""10101010"":38,""00111000"":9,""11011000"":40,""00101000"":14,""01111111"":28,""00111111"":19,""11111100"":18,""10101100"":24,""11011010"":35,""10011001"":6,""00101010"":17,""01010001"":10,""00011110"":10,""01111000"":7,""10111010"":67,""11011110"":30,""10111000"":38,""00011100"":14,""01101000"":14,""00111110"":17,""11001000"":29,""10010010"":12,""01011010"":6,""11101100"":5,""00011000"":5,""11001001"":10,""11011011"":31,""11011111"":41,""11111011"":6,""00110110"":12,""11011100"":25,""10101110"":34,""01111100"":20,""11010001"":19,""11001111"":42,""01011111"":7,""00111101"":18,""11101010"":23,""10001110"":8,""01111010"":21,""10101101"":19,""11110110"":6,""01010011"":13,""10000011"":14,""10100110"":17,""01000111"":5,""00100001"":11,""00110100"":21,""00110111"":28,""01110100"":21,""01110001"":5,""10010111"":12,""10000101"":7,""11000001"":14,""00100100"":13,""11000000"":18,""01101110"":17,""11001101"":27,""01100101"":8,""10111101"":45,""00101111"":7,""01100110"":6,""10010000"":11,""10000001"":5,""10000010"":13,""00000010"":4,""10000000"":9,""01010111"":10,""01010000"":10,""00110101"":17,""01000000"":7,""00111001"":9,""00011101"":5,""00001001"":3,""10001000"":10,""00001110"":3,""01101100"":13,""00101100"":10,""00000001"":2,""00010101"":4,""01000101"":3,""00100101"":10,""00101110"":13,""10011100"":16,""01001111"":5,""11111110"":9,""01001101"":5,""11101000"":18,""01101101"":10,""01111001"":9,""00100110"":17,""11101111"":11,""11011101"":28,""00101011"":17,""10011101"":5,""11111000"":9,""11111010"":10,""01011110"":3,""01101010"":15,""01011101"":2,""01100100"":8,""00001010"":3,""00101101"":7,""00011010"":7,""11101110"":12,""01101001"":4,""00010010"":10,""11011001"":9,""10001100"":13,""10011110"":11,""01011000"":5,""00001100"":7,""00011001"":7,""01111101"":11,""01001110"":4,""11111111"":11,""00011111"":11,""00111010"":18,""10001011"":10,""10011111"":7,""10001001"":8,""00101001"":4,""01001100"":7,""10001101"":12,""10111001"":13,""00001101"":6,""11101001"":5,""01011001"":7,""11101011"":12,""01001001"":5,""01101111"":9,""00001111"":3,""01001010"":5,""00011011"":7,""00110011"":17,""11100110"":8,""11100100"":3,""01000011"":2,""00010111"":17,""01110000"":10,""01000110"":5,""00001000"":1,""11111101"":5,""00010001"":3,""10010001"":8,""10000100"":5,""11110001"":1,""10010100"":3,""10000110"":5,""11110010"":3,""00110001"":5,""00010110"":8,""01000001"":2,""01010101"":4,""11111001"":4,""10010101"":2,""11110100"":3}"
24,x,4000,0.02749999999999997,0.14249999999999996,-0.07400000000000007,0.04949999999999999,0.07799999999999996,0.014000000000000012,-0.08800000000000008,0.548,"{""00111101"":21,""11101101"":17,""00001000"":26,""01101010"":9,""01111100"":40,""01111011"":21,""00101011"":30,""01001000"":16,""01101110"":24,""00101110"":29,""01101101"":36,""00111100"":9,""00101101"":42,""01111101"":42,""01001010"":23,""01101011"":9,""01111010"":29,""10111001"":4,""01001110"":17,""01001011"":20,""11011100"":3,""00011010"":15,""01011000"":16,""11011010"":8,""01111110"":34,""11101000"":9,""10101101"":5,""01110100"":53,""01011101"":25,""00101100"":27,""11111111"":6,""01110000"":29,""11001101"":15,""11011001"":13,""11111100"":14,""01011011"":12,""00101111"":20,""00011011"":14,""11101001"":14,""01000110"":19,""01111111"":21,""00001110"":49,""00101010"":15,""01011110"":23,""11110111"":9,""00011111"":14,""00001101"":57,""01011100"":19,""00001010"":22,""01011111"":18,""01101111"":29,""00100011"":20,""10111011"":1,""00011001"":22,""00000010"":52,""11010000"":6,""00110100"":30,""00000001"":56,""00001001"":40,""11001110"":7,""11111000"":11,""01001101"":23,""00001111"":29,""11111010"":8,""00011100"":23,""10011100"":8,""00001011"":27,""01011001"":16,""01010011"":10,""00111011"":17,""00101001"":24,""01101001"":27,""01101000"":12,""11111110"":11,""00011110"":27,""10011101"":7,""01001001"":29,""00111000"":10,""00011000"":15,""00110010"":21,""11111011"":10,""11101010"":8,""01111000"":24,""01111001"":39,""10000101"":8,""11111001"":17,""11010010"":3,""01001100"":28,""10110011"":3,""00000101"":36,""01000010"":45,""00110101"":24,""11110001"":16,""11011110"":6,""10001101"":10,""00111111"":12,""11001001"":9,""10001110"":4,""11111101"":14,""11101110"":15,""11110100"":25,""01001111"":13,""11011101"":16,""11011011"":4,""10111100"":4,""00101000"":12,""01000001"":29,""00011101"":37,""10101111"":3,""10011011"":4,""11000100"":26,""11101111"":7,""11001011"":7,""10001011"":2,""10011010"":7,""01101100"":26,""00100010"":29,""00100000"":22,""01110010"":57,""11011000"":3,""11001111"":7,""01000101"":34,""01100011"":6,""00111110"":13,""11000000"":10,""01011010"":12,""11011111"":6,""00010010"":18,""11110101"":15,""01110011"":30,""00001100"":23,""11000011"":9,""01010110"":20,""10001100"":7,""01110111"":11,""00111010"":16,""01100101"":36,""10010001"":6,""11100010"":9,""11001100"":16,""00010110"":23,""11000010"":11,""10010011"":2,""00100001"":23,""10100001"":5,""11110110"":16,""11100101"":22,""11100100"":16,""01100100"":25,""11000111"":6,""00000110"":39,""01010111"":11,""11010001"":4,""01100001"":18,""01110001"":45,""00000011"":27,""00010111"":13,""11010111"":4,""00010101"":38,""00000100"":56,""00000111"":20,""01110101"":32,""11110000"":11,""00110001"":26,""01000100"":35,""00100100"":35,""00010001"":23,""00010000"":33,""00100110"":25,""00010011"":13,""10010101"":4,""11100011"":9,""11100000"":6,""11010100"":7,""11000001"":16,""01100111"":18,""00000000"":24,""11100110"":12,""01000011"":16,""01100000"":20,""01000111"":12,""01110110"":26,""01010000"":13,""10000010"":7,""11110010"":18,""01100110"":20,""00110110"":15,""11100111"":8,""10000111"":3,""00100101"":20,""10000000"":9,""11000101"":12,""01010001"":18,""00010100"":26,""01010101"":17,""10010010"":15,""10010110"":6,""01010100"":19,""00110011"":9,""00110000"":23,""11001010"":7,""11010101"":7,""10100000"":4,""01010010"":17,""10000100"":7,""01100010"":23,""10010000"":7,""11110011"":9,""10110110"":1,""11000110"":8,""11101011"":10,""00111001"":11,""11101100"":12,""10001010"":6,""00110111"":5,""01000000"":15,""10001001"":3,""11001000"":5,""00100111"":13,""10110101"":3,""10010100"":6,""10100010"":3,""11100001"":10,""11010110"":4,""10100100"":4,""10110100"":1,""11010011"":6,""10001111"":2,""10100110"":4,""10110000"":2,""10101110"":2,""10100101"":2,""10010111"":3,""10001000"":3,""10011000"":7,""10111111"":4,""10011110"":4,""10011001"":3,""10000001"":7,""10011111"":4,""10000011"":4,""10111101"":1,""10000110"":5,""10110111"":1,""10101001"":1,""10110010"":1}"
25,x,4000,0.21950000000000003,0.32299999999999995,-0.18300000000000005,0.010499999999999954,0.15949999999999998,-0.31400000000000006,-0.14050000000000007,0.5935,"{""01011101"":34,""00011010"":23,""00101000"":59,""11101101"":11,""11001101"":5,""01000110"":12,""00000010"":12,""01111100"":50,""00011001"":12,""01111011"":17,""11101001"":4,""01101000"":49,""10110111"":6,""10110101"":4,""00001101"":25,""11011000"":20,""01011011"":9,""01001000"":21,""00100100"":104,""01101100"":81,""10100001"":12,""00001010"":18,""10101001"":12,""00111111"":6,""01011001"":13,""01111111"":29,""00001000"":18,""01111001"":24,""00101011"":14,""00011101"":26,""00101100"":63,""01011000"":26,""00101110"":39,""00000101"":13,""00100101"":45,""10011010"":2,""01100101"":45,""00001100"":29,""11011100"":28,""01011010"":13,""11001001"":8,""01011100"":37,""01001110"":18,""00100011"":14,""00111000"":16,""00101001"":33,""00101101"":57,""01101111"":26,""00100110"":46,""01111101"":32,""01100000"":48,""01110111"":27,""01101010"":43,""11101000"":15,""01001001"":15,""10100100"":32,""11011011"":5,""01101101"":55,""01001010"":7,""00111101"":16,""11011010"":5,""01110001"":40,""01001101"":16,""11011110"":3,""00101111"":29,""00111100"":22,""01101011"":34,""11111000"":9,""11001110"":9,""01111010"":29,""01011111"":12,""01101001"":31,""01001100"":24,""00100000"":50,""01111000"":54,""01111110"":30,""10111001"":4,""10101101"":13,""00111011"":5,""11101100"":21,""11011111"":6,""00001110"":7,""00001111"":5,""00000100"":47,""10101100"":33,""00011100"":40,""00011111"":15,""00011011"":10,""10111110"":5,""10000100"":3,""11001100"":12,""11111101"":7,""10001001"":4,""00111010"":8,""11001111"":6,""11100001"":8,""11101011"":3,""00111110"":9,""10011111"":3,""01100010"":28,""10111000"":9,""00001001"":17,""01110000"":43,""00100111"":42,""00011110"":11,""11111011"":5,""01010100"":48,""10101000"":15,""00011000"":20,""11101111"":2,""10001011"":1,""10101010"":11,""11111111"":10,""00110100"":23,""01101110"":29,""10101110"":5,""10101011"":5,""01000010"":9,""11110110"":8,""10001010"":4,""11111100"":13,""10001101"":1,""11001011"":3,""01000101"":19,""01100100"":96,""11101110"":3,""00101010"":27,""10111100"":5,""01000000"":17,""11111010"":2,""10001100"":5,""10100000"":11,""10111101"":5,""01100110"":37,""11001000"":6,""11100101"":9,""11011101"":10,""01010010"":18,""11100100"":18,""01000100"":26,""10011000"":4,""01000011"":6,""01110100"":84,""00110000"":14,""10111111"":2,""01001111"":6,""10011100"":5,""01010101"":27,""01010001"":8,""01110101"":57,""10000010"":4,""00111001"":4,""00100010"":36,""10101111"":6,""01011110"":7,""10111010"":5,""11111001"":3,""01010110"":13,""01100001"":37,""00010010"":13,""10110001"":3,""01110011"":20,""11000001"":6,""11010111"":3,""11000100"":20,""10100010"":8,""10010111"":2,""00110011"":5,""01010111"":12,""01110110"":32,""01110010"":34,""01000001"":11,""11100000"":11,""00000111"":10,""11000010"":10,""11010101"":13,""10000000"":4,""01100011"":22,""10100110"":10,""11000110"":6,""00110010"":4,""00110110"":3,""11010011"":4,""01001011"":1,""11010100"":10,""01100111"":31,""00000000"":14,""11100110"":8,""01010000"":19,""00100001"":31,""11110101"":6,""11110100"":6,""10010100"":6,""11010001"":4,""11100011"":2,""10001000"":2,""11010000"":6,""00010000"":30,""11110111"":7,""00000001"":10,""00010100"":25,""00110001"":3,""10010011"":2,""11011001"":5,""01000111"":9,""10110110"":5,""10110000"":7,""00000110"":13,""10000111"":5,""10100011"":5,""11100010"":7,""10110011"":2,""11000011"":3,""00010111"":9,""00110101"":9,""00010011"":6,""00010001"":13,""00010101"":22,""01010011"":6,""11110000"":8,""00010110"":8,""11000000"":7,""10100101"":12,""00000011"":6,""10110100"":8,""10010101"":5,""11110011"":4,""11010110"":4,""11010010"":4,""11000111"":5,""00001011"":4,""11001010"":4,""10001111"":1,""11000101"":5,""11110001"":6,""10000011"":1,""10010000"":2,""10100111"":5,""11100111"":3,""10011101"":2,""10011110"":1,""00110111"":7,""10001110"":2,""10110010"":2,""11111110"":2,""10111011"":1,""10010110"":3,""10011011"":1,""11110010"":2,""10011001"":1,""10000110"":1}"
26,x,4000,0.348,0.22699999999999998,-0.03849999999999998,0.017000000000000015,0.3135,-0.48649999999999993,-0.554,0.5195000000000001,"{""00001110"":2,""01111101"":32,""00101111"":7,""10101100"":10,""10101101"":11,""11100111"":13,""11011001"":1,""01111111"":21,""01111100"":80,""11001110"":3,""01101010"":92,""01101100"":215,""00111000"":11,""01101001"":49,""11101110"":15,""11101011"":15,""11101010"":17,""11101111"":15,""01011100"":32,""00101000"":16,""11101000"":35,""01011001"":11,""01000010"":15,""11100010"":24,""01111010"":27,""01100100"":159,""01101000"":156,""01100001"":52,""10011101"":2,""11101101"":13,""11111111"":2,""01000101"":9,""00100100"":18,""01101101"":77,""01101011"":74,""00001100"":21,""11111000"":21,""10011011"":5,""10101000"":10,""10101111"":5,""11111101"":5,""01101110"":73,""11111100"":13,""00101001"":4,""01110111"":27,""01101111"":62,""01100011"":79,""01001100"":25,""00101100"":17,""01100101"":52,""01011101"":13,""10111010"":3,""01110100"":74,""10111101"":6,""00011100"":23,""00001111"":3,""01011111"":11,""01011000"":19,""11111110"":8,""11000011"":4,""11101100"":42,""11011101"":5,""11011011"":6,""11101001"":3,""00001010"":8,""10111111"":3,""10001001"":5,""01110110"":30,""00000100"":14,""11100101"":9,""00010110"":7,""11100011"":23,""00100111"":2,""11110111"":11,""10100001"":1,""11000000"":11,""01010101"":10,""01110010"":27,""11100100"":44,""01100010"":100,""11100000"":49,""01100000"":194,""00110001"":3,""00010100"":19,""01110000"":53,""11110101"":6,""01100110"":52,""00100101"":9,""00111100"":18,""01010010"":12,""11110100"":17,""00010011"":8,""10111100"":12,""01110011"":34,""11100001"":11,""10110111"":3,""01000100"":32,""00110100"":23,""01100111"":56,""01010100"":42,""00110111"":7,""10010011"":5,""10100011"":5,""10000100"":18,""10100101"":5,""10100100"":8,""01000001"":9,""01110001"":14,""01110101"":19,""00010000"":10,""00000001"":4,""01010000"":15,""00000110"":7,""00000000"":12,""00100110"":5,""00010001"":7,""01010001"":8,""00010010"":10,""10011100"":10,""10001111"":6,""01111000"":37,""11111010"":9,""10001100"":8,""11001010"":3,""11011100"":19,""00001000"":8,""00111010"":6,""01001000"":11,""10000000"":13,""01111011"":16,""00011110"":7,""00011111"":5,""10010100"":15,""10001000"":7,""10011000"":6,""11111001"":4,""00111101"":12,""01011011"":4,""00111110"":4,""01001110"":8,""01111110"":23,""11001000"":7,""10101010"":3,""10011010"":4,""01111001"":12,""11011010"":4,""00011000"":14,""00101011"":11,""11011000"":8,""10111011"":4,""01001111"":5,""10001101"":8,""10010000"":4,""10001011"":4,""01001101"":8,""01000110"":13,""11001111"":5,""10101011"":11,""00011101"":4,""11001001"":3,""00011001"":5,""11000111"":2,""00001011"":4,""11000101"":3,""00100000"":20,""01001011"":7,""11110000"":11,""10100000"":17,""10000011"":14,""00010101"":3,""11110001"":5,""00000101"":3,""01000111"":10,""01000000"":25,""00100011"":8,""01010111"":11,""01010011"":10,""10100010"":8,""01010110"":12,""00110000"":14,""10001110"":4,""00111001"":3,""01001010"":9,""00101101"":8,""00100010"":8,""01001001"":2,""00011010"":7,""10000110"":7,""10110100"":10,""10010111"":5,""11110010"":12,""11000010"":4,""11010011"":3,""10100110"":3,""00000010"":17,""01011110"":16,""11000100"":12,""00010111"":6,""10111110"":6,""10011111"":8,""10110001"":1,""00110010"":9,""11011110"":2,""10010101"":3,""10110011"":3,""01000011"":11,""00000111"":6,""10010110"":3,""11001101"":3,""11010000"":7,""11010010"":3,""00000011"":4,""10110010"":2,""00101110"":6,""00011011"":2,""10000101"":4,""01011010"":13,""10000010"":9,""10000111"":7,""00110011"":4,""11000001"":1,""11110011"":3,""10010010"":5,""11010100"":3,""10110101"":2,""00100001"":5,""10101001"":2,""00111011"":8,""10101110"":6,""11010001"":2,""11100110"":3,""11000110"":4,""11011111"":3,""00111111"":5,""11111011"":2,""10111000"":1,""10001010"":4,""00001101"":2,""10011110"":2,""00101010"":3,""11110110"":3,""11010111"":2,""00110110"":6,""11010110"":2,""10000001"":1,""10011001"":1,""10110000"":1,""11001011"":2,""11010101"":1,""11001100"":1,""00001001"":1}"
27,x,4000,0.241,0.10950000000000004,-0.06099999999999994,0.007000000000000006,0.033499999999999974,-0.050999999999999934,-0.5325,-0.020499999999999963,"{""01101000"":77,""00011010"":15,""11001001"":27,""10011100"":19,""10001110"":6,""11011110"":54,""01101100"":78,""11011100"":62,""01011011"":15,""01011101"":13,""01101001"":36,""00111000"":3,""01111101"":12,""01101101"":71,""00101010"":12,""01100010"":60,""00101100"":20,""00101000"":17,""11000010"":27,""01111100"":17,""10001000"":7,""11001101"":15,""11100100"":40,""00011001"":11,""00010010"":19,""01001101"":7,""11010010"":45,""11011001"":25,""11111011"":9,""11011010"":39,""11101000"":16,""01101111"":32,""10001011"":6,""01001110"":8,""11111000"":20,""01101010"":59,""01111000"":21,""01101011"":29,""11101010"":23,""01111010"":17,""11001100"":27,""10001100"":5,""11000000"":60,""00100101"":12,""01000100"":6,""11011000"":46,""11011101"":49,""11111101"":14,""01001111"":4,""11111010"":10,""01001100"":10,""01011001"":8,""11101100"":41,""10001001"":2,""10110100"":13,""01111110"":14,""11010110"":55,""00011110"":13,""01001000"":13,""11001010"":12,""01101110"":76,""01011100"":20,""11001000"":24,""11111100"":24,""00011100"":21,""10011111"":10,""01110100"":22,""10111101"":11,""10101111"":8,""11000110"":27,""11010100"":62,""11110001"":7,""11110101"":21,""01010010"":36,""11100110"":28,""11000111"":9,""01100000"":64,""00010101"":16,""01100110"":49,""10100100"":6,""11000101"":21,""11110100"":25,""00100100"":7,""11000001"":34,""00100000"":12,""11010011"":23,""01010000"":21,""01000001"":5,""11010001"":26,""01110010"":20,""01010100"":37,""10100000"":6,""11000100"":22,""11010000"":47,""01110110"":10,""00100110"":9,""01110101"":9,""11000011"":15,""01010111"":17,""10010010"":19,""11010111"":20,""01100011"":42,""01010110"":18,""10000100"":5,""01100100"":80,""00010011"":14,""00010001"":8,""10010011"":9,""10010100"":15,""10010000"":8,""10100010"":10,""11100011"":11,""01010001"":9,""01110000"":21,""10000011"":4,""01100111"":29,""11010101"":31,""01010101"":17,""11001110"":23,""00110000"":8,""11110000"":22,""11100000"":25,""00101101"":19,""11100111"":20,""01000010"":3,""00001011"":4,""01100001"":35,""10010110"":10,""11100101"":19,""01100101"":46,""00100011"":7,""00010111"":12,""00110001"":3,""00010000"":24,""10000001"":3,""11110011"":13,""00000100"":5,""00110101"":3,""00110111"":1,""00101001"":9,""00010110"":11,""11100010"":30,""01110011"":11,""10110111"":5,""10101101"":10,""00100001"":6,""00111111"":1,""10010101"":7,""00010100"":22,""11001111"":15,""11011011"":29,""01011010"":16,""10011000"":12,""11101001"":15,""01111001"":8,""01011111"":17,""10011001"":3,""10101000"":7,""11111110"":14,""11101110"":26,""00011011"":12,""10011101"":12,""00011000"":17,""10011011"":5,""00001110"":9,""00101111"":6,""00011101"":11,""01111111"":8,""00111100"":7,""01011110"":12,""11101101"":25,""00111011"":4,""10101011"":7,""10111011"":7,""11110111"":13,""10101100"":10,""01111011"":13,""11101011"":12,""11011111"":30,""01011000"":11,""01001011"":5,""11110010"":18,""11101111"":18,""10011110"":12,""00011111"":9,""11110110"":17,""10111110"":7,""01010011"":19,""01000000"":8,""10100101"":8,""01000110"":3,""10000010"":7,""00001000"":2,""00110010"":3,""10110110"":6,""01000101"":7,""00000010"":4,""01110111"":6,""00000110"":3,""10010111"":6,""11100001"":15,""10110011"":4,""10110101"":8,""10100111"":7,""00110110"":3,""00000011"":1,""10110010"":9,""00100111"":7,""00100010"":5,""00000000"":5,""00110011"":3,""10100001"":3,""11111111"":4,""10000110"":4,""11001011"":13,""10101110"":6,""00001101"":4,""00111010"":4,""00111110"":2,""10001101"":4,""10111111"":4,""10101010"":5,""00101011"":8,""10111100"":5,""11111001"":3,""10111000"":9,""10001010"":1,""10111010"":4,""00101110"":12,""01001001"":5,""10110001"":2,""10100110"":5,""10010001"":4,""10000000"":4,""01000011"":2,""10110000"":7,""00000111"":2,""00000101"":1,""00001111"":1,""01110001"":5,""00001010"":3,""10011010"":11,""10101001"":1,""00111101"":3,""01001010"":2,""10100011"":1,""01000111"":2,""10000101"":2,""10001111"":1,""10111001"":5,""00000001"":2,""00110100"":2,""00001100"":3,""00001001"":1,""00111001"":3}"
28,x,4000,0.3425,0.344,-0.21700000000000008,0.018000000000000016,0.26,-0.139,-0.29499999999999993,0.39649999999999996,"{""01100100"":150,""01101110"":48,""01111100"":75,""01101100"":190,""11101100"":22,""11001110"":22,""11011001"":3,""11101101"":9,""01111011"":15,""10011000"":15,""11101111"":7,""01111000"":64,""10011100"":16,""01100111"":46,""00111100"":18,""01001000"":21,""00101100"":25,""00110100"":27,""10011010"":8,""01110100"":81,""01001100"":24,""01101010"":52,""01001111"":6,""10001000"":22,""10101100"":11,""01111111"":14,""01000101"":9,""01111010"":25,""10000110"":15,""01001110"":7,""00101001"":11,""00001111"":14,""01111110"":17,""11001100"":40,""10110100"":12,""01101101"":54,""10001111"":5,""11111100"":17,""00001100"":51,""10001110"":10,""11011010"":4,""01011100"":31,""10101001"":4,""10001100"":35,""00111110"":6,""00011000"":20,""01001001"":11,""00001101"":17,""11001101"":24,""00001000"":31,""10011111"":7,""00011100"":34,""00111101"":11,""00101101"":7,""00111000"":14,""10111010"":1,""01110110"":31,""10001101"":11,""01101000"":92,""01101111"":42,""00101110"":12,""00011111"":6,""11011000"":14,""01000010"":8,""10001001"":6,""11101110"":11,""11001000"":32,""00101111"":12,""00001010"":16,""10101000"":7,""01101001"":29,""10011110"":4,""01100001"":39,""01011110"":6,""11100100"":41,""11101000"":11,""00100110"":7,""00111111"":12,""00011110"":10,""11011011"":4,""01001101"":10,""10001010"":13,""10111100"":7,""11000100"":51,""00000011"":10,""10101011"":3,""11010101"":5,""00111010"":5,""01101011"":24,""00011010"":9,""00010100"":35,""10101101"":1,""00101000"":20,""01111001"":12,""11011100"":17,""00000001"":17,""11100011"":7,""00011001"":7,""00001110"":12,""11011111"":9,""00101011"":6,""01111101"":22,""01011000"":8,""01100110"":67,""01011001"":8,""10000100"":45,""00011101"":18,""11001011"":5,""11101010"":6,""11001010"":8,""01100010"":33,""10111000"":8,""10001011"":5,""11101011"":7,""11001001"":10,""10111001"":4,""01001010"":13,""11111000"":7,""00001001"":6,""11110000"":10,""00000010"":9,""00000100"":59,""00000111"":30,""01000100"":19,""01010010"":6,""10100110"":5,""00010101"":16,""01110001"":28,""10110111"":6,""00100100"":22,""01000000"":17,""01100101"":58,""10100100"":9,""11010100"":24,""00110110"":10,""01000001"":10,""00110001"":6,""11000001"":13,""01010100"":21,""01110000"":47,""11000110"":21,""10010000"":15,""01110101"":31,""00000000"":20,""00010011"":12,""00100010"":10,""00010111"":13,""00100000"":11,""01100000"":82,""00000110"":22,""10010001"":4,""01110011"":18,""11011101"":7,""10110101"":3,""11010000"":13,""01010000"":15,""10010100"":16,""01011111"":8,""01011101"":6,""11000010"":12,""11111011"":5,""10111011"":3,""00010000"":20,""10000001"":12,""01001011"":6,""01100011"":26,""00011011"":11,""00111011"":5,""11111111"":6,""01011010"":11,""01011011"":6,""10011101"":6,""00010110"":11,""11100111"":6,""11110001"":3,""01110010"":24,""11111101"":4,""10110000"":5,""10010101"":8,""11100101"":14,""00010010"":17,""11000000"":30,""10010011"":5,""11100010"":6,""10010110"":8,""00000101"":17,""00110101"":10,""10000111"":15,""10000000"":17,""01110111"":16,""10100000"":6,""00100111"":5,""11000101"":19,""10100101"":3,""11100001"":6,""01010011"":6,""11100000"":12,""00100011"":5,""10010010"":11,""11110100"":15,""10100111"":6,""11100110"":14,""00010001"":9,""11010111"":6,""11110010"":2,""01010111"":5,""11000111"":10,""11110111"":1,""11000011"":11,""10000101"":14,""11001111"":15,""11010011"":1,""00110011"":6,""01010110"":3,""01000111"":10,""11110101"":4,""00110000"":9,""10110011"":4,""00100001"":7,""10110001"":3,""01010101"":10,""00100101"":8,""01010001"":4,""11111010"":2,""10011001"":5,""10111110"":3,""10100010"":2,""11010110"":7,""10110010"":2,""11010001"":5,""10000011"":3,""00110111"":9,""10100011"":2,""10110110"":3,""10010111"":4,""11110110"":3,""11111001"":2,""10011011"":1,""00101010"":7,""11101001"":4,""00001011"":5,""11011110"":2,""10111101"":4,""00111001"":3,""11111110"":1,""00110010"":2,""10101111"":1,""01000011"":2,""10101010"":1,""01000110"":2,""10100001"":2,""10000010"":4,""10111111"":1,""10101110"":1}"
29,x,4000,0.16400000000000003,0.04300000000000004,0.09399999999999997,0.0685,-0.3899999999999999,-0.07600000000000007,-0.0040000000000000036,-0.4750000000000001,"{""10010001"":49,""10110000"":17,""00010111"":10,""11000100"":10,""10110001"":18,""01010101"":6,""01110111"":9,""01110010"":22,""10010000"":113,""01100110"":15,""01100101"":8,""00010101"":7,""10000001"":12,""11110001"":60,""11110010"":61,""11110011"":55,""10100001"":15,""10110111"":22,""10010010"":65,""10110101"":9,""00000010"":2,""10100000"":23,""10010111"":51,""01011101"":8,""11110110"":65,""00010000"":31,""01100001"":6,""01110011"":17,""01000100"":4,""11110100"":47,""11010111"":7,""11110000"":90,""00000111"":8,""00110111"":9,""01000000"":3,""01110110"":23,""10001100"":8,""01111001"":18,""00110011"":6,""00010001"":16,""10110110"":24,""11110111"":37,""01110100"":16,""11010001"":7,""11100010"":18,""01100100"":7,""10010101"":33,""00011111"":9,""01110000"":35,""01100000"":19,""00000000"":6,""11000011"":10,""10000111"":11,""10100011"":10,""10010100"":42,""11100111"":15,""11101011"":11,""01010100"":5,""11110101"":32,""11100011"":18,""11010100"":12,""10010011"":40,""10110011"":16,""01110001"":17,""01100111"":7,""01100010"":13,""11100001"":16,""00100111"":4,""10000000"":27,""11010000"":29,""11100100"":16,""10100111"":16,""01110101"":11,""10010110"":56,""00000110"":12,""10101010"":10,""01000011"":2,""11111011"":50,""10111111"":19,""11111111"":37,""11111000"":71,""01011001"":7,""10101111"":18,""10001011"":11,""11101101"":12,""10011010"":48,""00011000"":12,""11011101"":6,""10011001"":44,""00001101"":13,""01101101"":5,""10111000"":36,""01111011"":22,""00101001"":1,""01111000"":25,""10011000"":73,""11101111"":16,""01001101"":1,""01001000"":4,""10011100"":48,""11111001"":45,""00010100"":14,""00011100"":14,""10001111"":14,""00111101"":3,""10101000"":19,""01101100"":7,""11111110"":45,""10011110"":48,""01111101"":20,""11011001"":11,""01111111"":11,""11101110"":15,""00011011"":15,""01101011"":9,""01111010"":15,""10101110"":29,""11001001"":13,""01001011"":2,""11111100"":46,""10001001"":11,""10111010"":9,""00111010"":4,""11111101"":34,""00011101"":16,""10111101"":13,""01001100"":6,""10001110"":22,""11011000"":10,""00011010"":13,""11001100"":12,""10011111"":37,""10101001"":13,""01111110"":24,""10101011"":9,""01011000"":14,""11111010"":37,""11001110"":16,""10111110"":20,""01101001"":10,""11101100"":19,""11101000"":18,""10011101"":36,""11011010"":14,""11001101"":11,""00111000"":6,""00010010"":24,""00001100"":7,""11100110"":23,""01101110"":8,""11011011"":11,""01100011"":10,""00101010"":1,""11000110"":7,""10011011"":31,""11001000"":12,""11101010"":12,""11011111"":7,""00111111"":5,""11001111"":10,""01000001"":1,""00111011"":11,""00011110"":10,""10000010"":10,""11011110"":2,""00011001"":14,""00001110"":8,""10000110"":20,""10001010"":15,""01011110"":9,""00101100"":2,""01000010"":4,""10101101"":8,""00001000"":11,""10001101"":10,""00001001"":7,""01010111"":5,""01001010"":4,""10111100"":15,""01011011"":8,""01010000"":12,""11100101"":9,""00101000"":4,""01011010"":4,""01001001"":2,""01101010"":5,""00010011"":12,""00000011"":4,""01001110"":4,""10001000"":16,""01010001"":5,""00111001"":3,""01111100"":17,""10111001"":9,""10111011"":9,""11101001"":9,""00110001"":5,""10110100"":16,""01101000"":11,""00110000"":6,""10100010"":8,""11010110"":9,""11000001"":9,""00010110"":12,""10100110"":25,""11100000"":41,""10000100"":15,""11000010"":10,""01000110"":4,""00000100"":5,""11000101"":5,""00100011"":4,""10000011"":10,""10100100"":16,""11000111"":7,""00110010"":4,""00101011"":1,""10101100"":15,""01011100"":7,""11001010"":7,""01011111"":9,""10110010"":15,""00001010"":2,""00111110"":5,""00111100"":5,""00101111"":2,""00110110"":6,""11000000"":21,""00101110"":2,""11010010"":17,""01000111"":4,""11010011"":13,""10100101"":12,""01010011"":3,""10000101"":10,""00000101"":3,""01010010"":4,""01010110"":6,""00001111"":4,""00101101"":3,""00000001"":5,""00001011"":4,""11011100"":2,""01000101"":3,""01101111"":4,""11001011"":1,""00110101"":4,""00110100"":2,""00100100"":1,""11010101"":3,""01001111"":1,""00100110"":1,""00100010"":2,""00100000"":1}"
30,x,4000,0.20999999999999996,0.03949999999999998,0.16000000000000003,0.01100000000000001,0.12,-0.10949999999999993,-0.3075000000000001,0.39349999999999996,"{""10101101"":10,""01111100"":43,""01001010"":25,""11001101"":8,""01111010"":68,""01111011"":83,""00110100"":20,""01100110"":38,""01100000"":84,""01101000"":64,""00001110"":20,""10011110"":3,""01101101"":23,""01101110"":38,""01111000"":51,""11101000"":14,""11101011"":15,""01101010"":50,""01101100"":52,""11011000"":9,""00001011"":28,""11111100"":11,""01101001"":41,""11101110"":9,""11011010"":17,""00011100"":19,""00001101"":7,""01001110"":23,""01111110"":23,""11110100"":9,""10101100"":19,""00111000"":10,""10101000"":24,""01111101"":18,""01001011"":18,""00101010"":5,""01011110"":11,""00011010"":22,""10001000"":2,""10111110"":12,""10100100"":24,""00011111"":6,""01101011"":37,""10101110"":26,""00101000"":8,""00000000"":41,""01010111"":14,""00011001"":6,""00010100"":20,""01100111"":30,""00010001"":18,""11001001"":20,""01100101"":23,""11011100"":15,""10111011"":22,""10101001"":7,""00101111"":9,""10010100"":2,""01111001"":34,""01001111"":11,""01001101"":13,""01001000"":44,""10101010"":22,""00001100"":27,""10111000"":21,""01110001"":38,""00100100"":15,""11101111"":8,""01000110"":13,""01100001"":38,""01110110"":32,""01110100"":37,""00000001"":19,""11110110"":3,""10110101"":3,""11000001"":23,""01110011"":56,""00100011"":7,""00100101"":8,""00010011"":17,""11010100"":20,""00100110"":14,""11010011"":20,""01000100"":41,""01100011"":35,""01000101"":9,""10110100"":16,""00110110"":3,""01000001"":37,""01000011"":18,""11000100"":29,""10110001"":16,""01110000"":48,""11100101"":7,""00110011"":7,""00000111"":9,""01110111"":23,""01000000"":38,""01010011"":16,""00010110"":19,""01100100"":67,""00000101"":7,""01100010"":36,""10000001"":3,""01011000"":16,""01010001"":6,""00100001"":8,""10110011"":13,""10010000"":6,""01110101"":17,""11010010"":18,""01110010"":43,""00010101"":15,""01010110"":9,""00010000"":20,""10100101"":9,""00101101"":6,""01010000"":16,""10100001"":19,""01000111"":18,""00000100"":32,""11010110"":18,""10100110"":13,""11110010"":7,""11000101"":9,""11100111"":2,""10110111"":7,""00101110"":6,""00011000"":16,""01011010"":20,""10111101"":8,""01011011"":32,""00001000"":37,""10000010"":3,""01001001"":23,""11011110"":13,""01001100"":38,""00001001"":22,""10000100"":4,""00011011"":17,""10101111"":10,""11111011"":8,""10101011"":22,""01111111"":21,""00101001"":3,""11000111"":9,""11100001"":8,""10111010"":15,""00100010"":9,""11001100"":16,""01011100"":19,""00010010"":28,""11001000"":15,""11101100"":15,""11000010"":21,""11011011"":12,""11111010"":10,""11000011"":9,""10111100"":9,""00000110"":13,""00011110"":21,""11001111"":11,""00001010"":33,""11001110"":13,""11111001"":3,""01101111"":26,""10110010"":8,""11101010"":6,""11001010"":12,""11111000"":7,""11110000"":8,""11011111"":7,""10011010"":5,""11100011"":10,""01011101"":8,""11100100"":13,""10001100"":6,""10011100"":4,""11000000"":22,""10001110"":4,""00001111"":10,""10011000"":4,""00111110"":5,""00111011"":7,""00011101"":9,""11111110"":4,""11000110"":17,""11100000"":12,""00000010"":35,""00010111"":16,""11010000"":18,""01010010"":19,""10100011"":8,""11010111"":12,""00000011"":24,""01000010"":21,""10110110"":11,""00110111"":4,""10000110"":3,""10100000"":20,""00110010"":9,""10110000"":11,""00110000"":9,""10010101"":3,""01010100"":12,""10100111"":10,""11100110"":5,""00110001"":5,""10100010"":19,""10010011"":3,""11101101"":6,""11001011"":8,""10000101"":2,""11110011"":6,""11010001"":9,""11011001"":10,""01010101"":7,""00111001"":4,""00100111"":2,""11010101"":10,""00110101"":2,""10000111"":3,""11110101"":5,""10111111"":10,""11111111"":2,""00111010"":6,""11101001"":7,""00111111"":4,""00111100"":6,""01011001"":9,""00111101"":4,""10001010"":2,""10010010"":4,""10000000"":3,""00100000"":7,""11100010"":5,""00101100"":7,""00101011"":5,""10011001"":1,""01011111"":9,""10011011"":1,""10010110"":3,""11110111"":2,""11110001"":3,""11011101"":5,""10111001"":4,""10000011"":2,""10001011"":1,""10010001"":1,""10011101"":1,""10001111"":1}"
31,x,4000,0.3215,0.251,-0.0029999999999998916,0.02200000000000002,0.22699999999999998,-0.5745,-0.4205000000000001,0.6445000000000001,"{""01111011"":23,""01101011"":59,""00011100"":31,""11101110"":9,""00111000"":16,""00011101"":19,""01101000"":150,""01100000"":195,""00011000"":24,""01001000"":17,""11111011"":5,""01101010"":73,""11101111"":16,""01111100"":80,""00100010"":26,""01111000"":46,""11101100"":34,""01111111"":22,""01101101"":84,""00111101"":25,""11100100"":26,""00011010"":11,""01111010"":38,""01001101"":8,""00101010"":17,""01110010"":66,""01111110"":44,""00101001"":19,""01111001"":29,""11101000"":28,""00111011"":10,""00111110"":19,""01100111"":35,""10101010"":4,""01100011"":60,""01100001"":70,""11111111"":7,""01101110"":53,""01101111"":53,""00101101"":25,""11101001"":14,""11101010"":17,""00101100"":42,""01001100"":39,""01101100"":148,""00101000"":30,""01101001"":54,""00001010"":10,""00100011"":8,""01100010"":105,""01110001"":26,""10011101"":5,""11011110"":1,""11011011"":4,""00100100"":39,""00110010"":28,""01111101"":32,""10010100"":9,""00101111"":11,""10011111"":3,""00001011"":5,""00111111"":16,""10000111"":2,""00111001"":8,""01011011"":5,""10101111"":3,""10111100"":3,""10100010"":4,""10011110"":3,""10111011"":1,""00101110"":7,""01011110"":3,""00001100"":11,""01011000"":8,""11110011"":4,""01001010"":4,""01110000"":62,""11110010"":14,""10011000"":9,""00111100"":30,""00011001"":11,""11111000"":11,""11110000"":15,""11100110"":17,""00001111"":9,""00011011"":6,""01001110"":10,""00011110"":11,""11011000"":3,""01011111"":8,""01110100"":74,""11010100"":6,""01110101"":30,""11100000"":38,""00100001"":15,""11100101"":12,""00110110"":20,""11111010"":10,""01110110"":35,""01000010"":21,""01100100"":120,""00000101"":6,""00110111"":14,""11110100"":19,""01110111"":22,""11100011"":11,""00010001"":8,""00000110"":11,""10010101"":8,""01010101"":8,""01110011"":22,""00010111"":11,""01100110"":54,""01100101"":69,""10000001"":3,""00000011"":7,""00110100"":44,""00010000"":27,""01000100"":21,""00000010"":9,""00010100"":26,""11100001"":9,""00110000"":14,""10101101"":6,""00010010"":15,""11010010"":2,""11110110"":18,""01010100"":10,""11000101"":5,""00100110"":8,""00000001"":7,""00011111"":8,""11111100"":16,""11111110"":8,""11100010"":25,""11100111"":7,""00001110"":13,""11011101"":6,""10001000"":4,""10111000"":3,""01011010"":4,""11010000"":3,""01000000"":23,""10101100"":4,""01011001"":2,""10000011"":5,""11111101"":6,""01001111"":4,""00101011"":8,""11001110"":1,""11110101"":9,""00111010"":17,""10001011"":1,""00001000"":7,""00110001"":6,""00100111"":6,""01000110"":10,""10000110"":2,""00010101"":10,""11000010"":2,""10111110"":2,""00100000"":33,""10000010"":3,""11000110"":1,""00100101"":18,""00010110"":6,""00000100"":19,""00000000"":14,""11010101"":3,""11011010"":3,""11001111"":1,""10001010"":4,""00001101"":7,""11101101"":11,""11111001"":10,""11001011"":2,""11010001"":1,""01001011"":9,""10001111"":1,""01001001"":10,""10101110"":2,""11001100"":6,""00001001"":6,""10001110"":3,""11001000"":5,""01011100"":6,""00010011"":6,""11110001"":6,""10000000"":8,""01000001"":6,""01010010"":11,""00110101"":15,""10100100"":6,""00110011"":6,""11010011"":1,""01000011"":5,""10110000"":1,""10010010"":5,""10010110"":5,""10010000"":7,""01000101"":9,""01010000"":6,""11001101"":2,""10011100"":5,""10001100"":1,""10111001"":2,""11000001"":2,""10100101"":5,""11110111"":6,""10100001"":3,""00000111"":6,""10100000"":6,""10000100"":6,""01010001"":3,""11011001"":2,""01011101"":5,""10001101"":3,""10101001"":1,""10100011"":2,""11010111"":3,""10011001"":3,""10010111"":1,""01000111"":2,""10110010"":1,""10100110"":1,""11001001"":1,""11101011"":7,""11011100"":7,""11000100"":4,""10110100"":3,""10101011"":2,""10111111"":1,""10011010"":1,""11000000"":4,""01010110"":2,""10110111"":1,""10010011"":1,""11011111"":2,""10101000"":2,""10110011"":2,""11000011"":1}"
32,x,4000,0.266,-0.2549999999999999,0.122,0.006000000000000005,-0.2015,-0.35749999999999993,0.21199999999999997,0.6525000000000001,"{""01001110"":16,""00111000"":77,""01011110"":55,""00100000"":44,""00101110"":79,""00101100"":33,""01101111"":7,""00001010"":23,""00111010"":111,""01011010"":65,""01111100"":36,""11011100"":2,""01101000"":22,""01001001"":4,""00111100"":48,""00111110"":74,""00010000"":9,""00111101"":25,""00101011"":43,""01011100"":42,""10011000"":7,""01011000"":33,""01101010"":17,""00111111"":50,""10111110"":20,""00101000"":41,""10111111"":17,""10001000"":4,""01011111"":23,""01111011"":36,""10110110"":12,""00011010"":28,""00101010"":86,""10111100"":16,""10111010"":29,""10100010"":24,""00011110"":11,""01001100"":15,""00011000"":10,""00100101"":31,""01101110"":31,""01110001"":13,""01011101"":9,""01000010"":38,""00001110"":6,""11011010"":10,""00111001"":34,""01111110"":30,""01011011"":33,""01001010"":42,""10101100"":5,""00101111"":35,""00100011"":66,""01101100"":12,""01110010"":32,""00110010"":111,""01001000"":11,""10011010"":9,""00111011"":47,""11111100"":2,""11011110"":4,""00101001"":22,""00110101"":38,""01000100"":15,""01110100"":24,""00110100"":38,""01110000"":34,""00100111"":42,""00110000"":49,""11100100"":4,""00110011"":56,""10110010"":35,""00100110"":59,""00110110"":57,""00000000"":5,""01000101"":16,""01010100"":26,""10000101"":4,""10110011"":24,""00110111"":38,""01000011"":23,""01010110"":39,""10110100"":18,""11000110"":3,""11100000"":1,""00100010"":88,""01100000"":11,""01010000"":12,""01010111"":32,""00000010"":21,""10100101"":9,""11011001"":5,""01110101"":22,""01110110"":30,""11000001"":1,""01100001"":5,""00010010"":14,""01100011"":22,""00000011"":10,""10000100"":5,""01110011"":25,""01010010"":39,""01000110"":12,""00100100"":33,""00000101"":13,""01100010"":38,""01100100"":15,""01010011"":28,""10110111"":15,""01011001"":14,""00000001"":4,""11100111"":2,""00110001"":30,""00100001"":26,""11000010"":6,""11101110"":3,""01100110"":7,""01111010"":41,""01111000"":33,""10010100"":7,""10011011"":11,""11111010"":4,""01111111"":20,""01001011"":18,""00001111"":5,""10011110"":11,""11100011"":4,""01000111"":15,""01101101"":2,""00011011"":9,""00011100"":11,""00011001"":4,""01111101"":13,""11001111"":5,""10001110"":1,""01111001"":8,""11001000"":1,""00010100"":7,""00000100"":10,""01010101"":16,""00010101"":14,""11010101"":4,""00010011"":14,""10100100"":5,""01110111"":24,""10010010"":9,""10110001"":11,""11100101"":3,""11000100"":8,""10110000"":14,""11010001"":4,""01100111"":7,""10111000"":17,""11011111"":3,""10111101"":5,""10111011"":10,""01100101"":7,""01000000"":10,""00011101"":2,""00101101"":15,""11010000"":5,""00001100"":8,""11010010"":10,""11001101"":1,""01001101"":10,""10101011"":5,""11011011"":4,""10011001"":3,""10101111"":3,""11001011"":5,""10101101"":2,""10100110"":17,""00000111"":8,""01101001"":6,""10010110"":4,""10110101"":14,""01000001"":16,""10000000"":2,""00010110"":10,""11010011"":8,""11010100"":4,""11010110"":6,""10010000"":6,""00010111"":4,""11000101"":8,""01010001"":19,""00001000"":8,""10100011"":13,""10100111"":4,""00010001"":3,""00000110"":4,""11100110"":2,""10100000"":4,""10101110"":10,""11111001"":1,""10001010"":5,""10111001"":8,""00001101"":8,""00001011"":7,""11011000"":4,""11101010"":2,""10001011"":3,""01001111"":2,""00001001"":2,""00011111"":3,""01101011"":6,""10101001"":5,""11001010"":8,""11110110"":3,""11100010"":5,""10010111"":2,""11110010"":3,""10011100"":4,""10101010"":14,""10001101"":1,""10010101"":4,""11111110"":6,""11101011"":1,""11111011"":3,""10010011"":3,""11110000"":6,""11101100"":1,""11010111"":3,""11110100"":2,""11110101"":2,""10000011"":3,""11110001"":1,""10000111"":2,""11111111"":1,""11101101"":1,""10010001"":2,""10000110"":1,""10000010"":1,""11110011"":1,""10011111"":1,""11101111"":1,""11001110"":2,""11000011"":1,""10001111"":1,""11101000"":1,""10101000"":1,""11111000"":1,""10011101"":1}"
33,x,4000,0.19299999999999995,0.07399999999999995,-0.05449999999999999,0.013499999999999956,0.009499999999999953,-0.21350000000000002,-0.0535000000000001,0.5755,"{""00001100"":14,""01101001"":25,""01111101"":43,""00111100"":35,""01111100"":51,""00010110"":34,""00111101"":25,""10101010"":10,""00011010"":33,""01111111"":27,""10100010"":13,""01101100"":40,""00100010"":45,""00011000"":36,""11101000"":12,""01101011"":34,""01111110"":40,""00101010"":30,""00101000"":23,""00011100"":42,""01111000"":45,""01110000"":43,""10101011"":13,""10011101"":4,""01110110"":45,""01101010"":47,""01001110"":13,""01111010"":39,""01101111"":25,""01011010"":14,""11111100"":10,""01011110"":13,""11000010"":9,""01111011"":21,""01011000"":12,""11001000"":10,""11110001"":7,""00011110"":51,""01001001"":5,""00101011"":22,""01101110"":40,""00001010"":17,""01011101"":15,""00101110"":25,""11001010"":12,""11111011"":6,""01000000"":14,""11111110"":14,""00101100"":39,""11101101"":10,""01000100"":24,""00001111"":9,""01100011"":24,""10101000"":4,""10111000"":11,""00001011"":15,""00011111"":26,""10111101"":10,""01001011"":8,""01101000"":41,""00011001"":27,""11111111"":4,""11111000"":11,""00110000"":18,""01000010"":27,""11011111"":9,""01111001"":39,""11101100"":12,""01101101"":30,""01001100"":23,""00011101"":36,""00101101"":23,""10111111"":4,""01001010"":14,""00110001"":20,""00100111"":29,""00100000"":42,""01110010"":34,""00011011"":24,""00100011"":27,""01110101"":23,""00100101"":30,""00110110"":15,""10100100"":23,""00100110"":42,""01100110"":42,""00100001"":21,""10100111"":5,""00000101"":15,""01011100"":19,""00010011"":24,""01000111"":10,""01100001"":32,""01100101"":41,""00010100"":47,""11000001"":8,""00000100"":23,""01100000"":31,""00110100"":18,""01000001"":16,""11100000"":4,""00111110"":19,""01100010"":55,""10110100"":11,""10011010"":3,""10000001"":3,""01110100"":53,""00000001"":17,""01110001"":30,""01110011"":21,""00010101"":25,""10010011"":10,""01000101"":9,""10110000"":8,""00010001"":23,""00110101"":17,""00000000"":28,""00001110"":13,""00110010"":15,""10010101"":3,""01000110"":16,""10100001"":2,""01100111"":32,""01000011"":18,""11100010"":10,""01100100"":64,""10010000"":9,""00100100"":55,""00010010"":21,""01010010"":11,""01010101"":12,""11100101"":6,""10111110"":7,""11100011"":8,""11110100"":9,""11110101"":8,""11010011"":2,""00110111"":14,""10000000"":3,""00111111"":19,""11000000"":15,""00000011"":21,""10110001"":8,""00000010"":21,""10000010"":2,""11000100"":12,""11110000"":8,""11100001"":3,""11010100"":8,""01010011"":12,""01010110"":22,""10000110"":4,""11100100"":9,""01110111"":17,""00010111"":22,""10100101"":5,""11010010"":11,""11000111"":5,""00010000"":40,""10110110"":6,""11011110"":12,""01001000"":17,""01011001"":10,""00000111"":8,""11111101"":8,""11111010"":10,""00101111"":22,""11001110"":9,""00001001"":21,""11011101"":8,""00001000"":20,""00111011"":12,""10100000"":5,""10111001"":6,""11001111"":5,""10011011"":1,""10101101"":6,""11101110"":6,""10111100"":14,""10011000"":2,""11001100"":13,""11011011"":5,""10101100"":9,""01001101"":14,""00111010"":14,""00111000"":14,""10001100"":3,""10101110"":8,""01011111"":11,""00101001"":19,""11001101"":17,""10110101"":9,""00001101"":9,""00111001"":13,""11101001"":5,""11110011"":4,""01010100"":18,""11110110"":6,""00110011"":6,""10110011"":6,""10011001"":5,""10101111"":6,""10100011"":6,""11010000"":5,""01010001"":7,""10011100"":6,""10010010"":3,""11100111"":3,""11010101"":6,""01010111"":3,""11010110"":6,""10010110"":9,""10010100"":7,""11110111"":5,""01010000"":11,""00000110"":12,""11110010"":8,""11011000"":3,""10111010"":10,""10001101"":2,""11011100"":11,""11000011"":12,""10110010"":5,""10100110"":8,""11000101"":5,""11100110"":5,""10010001"":2,""11001001"":6,""11011001"":6,""10111011"":5,""11111001"":9,""11101011"":8,""01001111"":9,""11011010"":4,""11001011"":5,""11101010"":6,""11101111"":3,""10110111"":2,""10001000"":1,""10011111"":3,""01011011"":8,""10011110"":5,""10010111"":2,""10101001"":3,""11000110"":14,""10000100"":3,""11010001"":3,""11010111"":5,""10001010"":1,""10000111"":2,""10001111"":2,""10001001"":1,""10000011"":1,""10000101"":1}"
34,x,4000,0.277,-0.238,-0.0475000000000001,-0.00649999999999995,0.31200000000000006,-0.367,0.20099999999999996,0.536,"{""01011111"":21,""00101100"":73,""00011110"":13,""01001010"":15,""11001000"":7,""01111000"":13,""00101101"":46,""00111011"":28,""01111011"":8,""00011011"":10,""00010110"":11,""00111110"":40,""00111111"":13,""10101100"":23,""01011011"":29,""01111110"":14,""00111001"":10,""01110001"":7,""00101000"":71,""00101110"":143,""01000111"":21,""10111110"":13,""00111000"":18,""00100110"":122,""10101011"":24,""10101110"":41,""01011110"":31,""10010111"":4,""11111110"":6,""01111100"":13,""01101010"":25,""00100000"":83,""10100111"":10,""01101011"":40,""00101011"":109,""00111101"":8,""01101001"":11,""00101111"":67,""01011001"":7,""10000111"":5,""01101000"":29,""01011000"":21,""11011110"":10,""00011100"":7,""01011100"":33,""00110011"":34,""10011011"":5,""00001110"":9,""00001101"":8,""10101010"":28,""01001011"":20,""00100111"":59,""10001011"":3,""11101010"":11,""10001000"":5,""11000100"":14,""01001100"":24,""10111011"":8,""01111010"":10,""11101001"":1,""01111111"":10,""11101011"":4,""00101001"":25,""00111010"":26,""11101000"":8,""00111100"":30,""10101000"":20,""10011101"":1,""01100011"":34,""00110100"":41,""00110000"":41,""10000000"":3,""01010011"":36,""01100110"":44,""01010110"":42,""10100000"":25,""00100100"":74,""01100100"":27,""10010110"":10,""01110100"":14,""00100010"":82,""00110010"":27,""10110110"":18,""10100011"":22,""00100011"":79,""01110011"":11,""00000111"":10,""01000000"":30,""10010010"":4,""01000011"":25,""01010000"":12,""01000101"":14,""00110001"":12,""00010100"":7,""10110111"":7,""01100000"":24,""11000111"":6,""01000010"":29,""01100010"":31,""01010010"":21,""01110000"":11,""00000110"":15,""10100101"":12,""01100111"":19,""00110101"":9,""01110111"":5,""10100110"":31,""11000011"":9,""01110010"":12,""01010100"":26,""00110110"":53,""11100011"":6,""01000110"":40,""00000100"":10,""00010011"":4,""11100111"":4,""11010111"":5,""11001011"":10,""11011011"":8,""11001010"":9,""11101110"":15,""11001101"":3,""00101010"":90,""00001001"":3,""11101111"":2,""01001110"":33,""11011001"":4,""11001111"":11,""00001011"":7,""01101110"":44,""11011111"":5,""01101101"":13,""10101111"":20,""00100101"":25,""11011101"":3,""01110101"":6,""01101100"":35,""01011010"":33,""01001111"":14,""01101111"":29,""01011101"":10,""01001000"":13,""01100101"":9,""10011110"":8,""10111111"":8,""11010010"":9,""10111000"":8,""00011111"":7,""11011010"":14,""11000110"":12,""00001100"":6,""10101001"":12,""10011010"":7,""00001000"":10,""00011101"":2,""10011000"":8,""00010101"":6,""10001100"":7,""00011000"":6,""11011100"":15,""11101100"":4,""11001110"":10,""01111001"":9,""10011111"":2,""11111000"":3,""10011100"":8,""10010100"":4,""11110111"":2,""00110111"":23,""11001100"":4,""10101101"":16,""00010000"":7,""00100001"":29,""10010011"":6,""00000011"":7,""10010000"":6,""11010011"":6,""10110011"":6,""01010111"":16,""10000110"":5,""00010111"":5,""10000011"":5,""11100100"":7,""11110000"":2,""11000000"":9,""01100001"":6,""10100010"":25,""10100100"":21,""01000100"":23,""10110000"":12,""10010101"":3,""11011000"":5,""00011010"":6,""00001010"":11,""10111010"":11,""01001101"":4,""10000010"":3,""00010010"":8,""00001111"":6,""11110011"":5,""11000001"":3,""10000001"":6,""01000001"":13,""00000010"":6,""01010101"":14,""11010110"":9,""11010100"":7,""01110110"":14,""10110001"":6,""11000010"":8,""00000000"":8,""11100110"":11,""11111010"":1,""10001001"":1,""10111001"":1,""11100000"":4,""11100010"":3,""11010000"":7,""10100001"":2,""11010001"":4,""01010001"":6,""10110010"":9,""10000101"":1,""10110100"":4,""10001010"":4,""11110100"":3,""10111100"":9,""11010101"":2,""10110101"":2,""10011001"":2,""11111100"":2,""00000101"":4,""00010001"":3,""00000001"":1,""10000100"":1,""11100001"":1,""01111101"":4,""10001110"":4,""10001111"":1,""11000101"":3,""11111011"":1,""10111101"":1,""00011001"":1,""11001001"":1,""11111111"":1,""10010001"":1,""01001001"":1,""11101101"":1}"
35,x,4000,-0.07499999999999996,-0.03400000000000003,-0.06400000000000006,-0.016000000000000014,-0.20900000000000007,-0.22950000000000004,0.03200000000000003,-0.07699999999999996,"{""10111010"":17,""00101010"":20,""01111000"":25,""01011111"":20,""11111000"":21,""01111100"":15,""00011010"":17,""11101011"":27,""00100110"":14,""00101100"":15,""10001010"":12,""01101110"":25,""10011000"":37,""11111101"":28,""11111111"":29,""00011011"":13,""00101000"":15,""11101111"":36,""01101101"":34,""11101110"":27,""10011101"":57,""11011110"":2,""01101010"":27,""00010010"":16,""11111100"":28,""00111010"":25,""10111110"":4,""10011010"":53,""00010110"":7,""00001111"":7,""00011101"":20,""10111000"":11,""00111101"":21,""00111100"":14,""10010100"":33,""11110100"":34,""00001110"":7,""11101001"":13,""00001011"":3,""10111111"":22,""01111010"":19,""10101010"":7,""11101101"":62,""01101001"":11,""10010111"":44,""10010010"":53,""10111101"":17,""00011001"":12,""11111011"":34,""00110111"":21,""11110010"":33,""11111001"":28,""01101011"":27,""11001111"":5,""00111001"":24,""10011111"":56,""11111110"":15,""00011111"":15,""10011001"":32,""01011010"":15,""10101101"":21,""01011101"":17,""11110110"":17,""00110011"":25,""00110110"":19,""10011110"":18,""01011100"":12,""11101000"":27,""10011100"":34,""11011111"":4,""10001100"":16,""01111101"":23,""10101110"":7,""11111010"":48,""11101100"":20,""01001011"":7,""00011110"":8,""01101000"":16,""01110000"":20,""10110110"":11,""11100100"":26,""10110000"":15,""11100110"":13,""01010010"":21,""01100010"":16,""11110101"":32,""10010110"":37,""00010101"":24,""11101010"":27,""10010011"":30,""11110001"":35,""11100010"":25,""01100001"":13,""00100101"":32,""10110011"":11,""01110001"":10,""10000010"":24,""01110011"":20,""11000101"":4,""00010000"":16,""11110011"":34,""10000101"":17,""10110100"":9,""01010110"":10,""10010101"":50,""01010111"":20,""10000000"":12,""11100000"":20,""00001000"":8,""11000111"":2,""00000101"":11,""11110000"":30,""01100101"":18,""01000010"":3,""11110111"":42,""00000011"":4,""01000011"":6,""01100011"":19,""00000010"":5,""00100111"":31,""01101100"":16,""01100000"":19,""01111001"":21,""00110000"":21,""00110001"":16,""10011011"":36,""11100101"":41,""00100100"":15,""01110010"":30,""01110100"":11,""00100001"":13,""10110010"":23,""01111011"":26,""11100111"":31,""01110111"":21,""00010100"":17,""10111100"":11,""11100011"":15,""10001111"":18,""10100110"":6,""11000011"":2,""00000110"":6,""00010111"":18,""01010100"":15,""00010011"":9,""01110101"":27,""10110001"":10,""01000101"":11,""00110101"":17,""01100110"":24,""00110100"":19,""00001001"":3,""01100111"":28,""01000000"":3,""11010100"":3,""10000001"":8,""01100100"":15,""10110111"":12,""10000111"":23,""10010001"":18,""00000001"":8,""01010001"":7,""10001110"":15,""11100001"":13,""01010011"":9,""01000001"":6,""01001101"":8,""01010000"":9,""00111011"":21,""10111001"":15,""11001001"":1,""00111111"":30,""00101111"":16,""10001101"":23,""01111111"":16,""00111110"":7,""01011000"":15,""01010101"":20,""10101011"":4,""00110010"":24,""00101110"":13,""00101001"":9,""10101100"":5,""01001111"":5,""00011100"":14,""10110101"":10,""00101101"":22,""00101011"":14,""01001010"":5,""10001000"":10,""01011110"":11,""01101111"":29,""01011011"":11,""10001011"":13,""10101000"":9,""00100000"":16,""01001110"":6,""10000110"":13,""10101111"":7,""01111110"":9,""11000110"":3,""10010000"":26,""00011000"":10,""00000100"":5,""11011101"":5,""11000010"":2,""11010101"":6,""10100100"":5,""00010001"":8,""00001010"":3,""11011011"":5,""10100111"":10,""11010010"":6,""10000011"":14,""01110110"":10,""10000100"":12,""11010000"":2,""10100001"":3,""00100011"":16,""00111000"":15,""10001001"":4,""01001001"":6,""10111011"":7,""00100010"":16,""10101001"":4,""11011000"":3,""01000110"":6,""01001000"":1,""00001101"":9,""11001110"":3,""11010001"":2,""01000111"":5,""10100011"":4,""11010011"":1,""10100101"":6,""11001101"":4,""11001011"":1,""11011010"":4,""11001000"":4,""10100000"":6,""01011001"":6,""01000100"":5,""00000000"":2,""11000000"":1,""10100010"":3,""11000100"":1,""01001100"":1,""11001100"":2,""11000001"":1,""11011100"":1,""00001100"":1,""11010110"":3,""00000111"":2}"
36,x,4000,0.3315,0.11650000000000005,0.033499999999999974,-0.014499999999999957,-0.10650000000000004,-0.10050000000000003,-0.16749999999999998,0.6375,"{""01000111"":5,""01001011"":13,""00010111"":24,""11010101"":4,""01001100"":21,""10000101"":7,""00010100"":55,""10000010"":10,""01010100"":36,""00000101"":17,""01100000"":100,""00000011"":15,""11100011"":8,""10111000"":15,""00000000"":37,""10110101"":6,""01110011"":29,""11010000"":8,""00010010"":36,""01110100"":88,""01000110"":15,""10010111"":5,""01110110"":49,""00011000"":42,""01101111"":26,""00100000"":13,""10110011"":11,""01110101"":36,""00100001"":7,""01110010"":69,""11000011"":3,""01010110"":15,""01100001"":30,""00001101"":34,""10100011"":6,""01111011"":45,""01100011"":51,""11100000"":4,""01110001"":17,""00000111"":16,""00101000"":12,""10111100"":17,""10010011"":7,""11011000"":5,""01110000"":84,""00000001"":9,""00100011"":7,""00000100"":39,""01110111"":29,""00010001"":18,""01111000"":94,""00010000"":55,""00000110"":22,""01100010"":64,""00010101"":22,""00100100"":11,""10110010"":12,""00000010"":30,""00100101"":6,""11001010"":4,""01010011"":13,""10000011"":3,""01111010"":71,""00100010"":9,""10010010"":14,""10010110"":8,""01100111"":30,""01010010"":28,""11010011"":3,""01000011"":11,""11000101"":4,""00011111"":26,""01101000"":77,""11111101"":6,""10001111"":4,""00011100"":60,""10000111"":3,""10001101"":9,""11011111"":2,""00101110"":7,""01101011"":34,""01111111"":43,""10011111"":7,""11001000"":9,""00111000"":11,""00001011"":21,""01011100"":26,""00001111"":25,""10000110"":7,""01011111"":12,""00011101"":35,""01111101"":61,""01011011"":13,""01111110"":65,""11001001"":3,""01101001"":23,""01111100"":102,""10011100"":7,""10101000"":15,""11011110"":4,""11011100"":6,""00111101"":7,""10001100"":10,""01101100"":42,""10101101"":5,""00011001"":19,""10011101"":8,""00111100"":13,""10011000"":11,""10101111"":3,""01011010"":22,""10101001"":2,""10001001"":1,""00001001"":14,""01011101"":5,""00011110"":32,""00001000"":40,""10001010"":13,""01001010"":14,""00100111"":2,""10111110"":10,""10001000"":9,""00001100"":45,""11111110"":5,""00101001"":6,""10111111"":3,""00101011"":7,""01011110"":11,""10110100"":24,""00010110"":20,""00110011"":5,""10100110"":7,""10010100"":15,""01101110"":29,""01100100"":65,""01000000"":32,""01000100"":25,""01100110"":31,""01000101"":10,""10010000"":12,""00110100"":11,""00010011"":33,""01100101"":30,""10100010"":10,""11111100"":11,""01010111"":11,""11100010"":9,""01010101"":10,""10110000"":9,""00011011"":27,""10100001"":4,""00110000"":7,""01001101"":11,""01101101"":23,""10101010"":8,""00011010"":42,""00101101"":5,""01011000"":27,""11000000"":9,""10001110"":1,""00101111"":3,""10111101"":7,""01101010"":52,""00001110"":29,""00101100"":10,""01001000"":15,""01011001"":13,""11111011"":3,""11101001"":1,""11001101"":2,""11100100"":8,""00001010"":33,""11010010"":2,""10000100"":9,""10010101"":3,""11110010"":2,""00110110"":7,""01000010"":17,""10000000"":10,""11100110"":2,""00110101"":4,""11111000"":6,""00110111"":3,""01010000"":17,""11010001"":2,""11010110"":4,""01010001"":6,""11010100"":4,""11110011"":5,""10011001"":6,""10110110"":10,""00110010"":7,""10110001"":3,""11110000"":12,""10100000"":6,""11001100"":15,""10100111"":2,""11110111"":1,""00111111"":5,""01111001"":21,""10001011"":8,""00111010"":7,""00111110"":8,""10101110"":7,""11011101"":1,""10111011"":4,""11011011"":6,""01001111"":9,""10011010"":6,""01001110"":6,""11101101"":2,""00101010"":5,""00111011"":3,""10101100"":9,""11001110"":2,""11101100"":2,""10111010"":10,""10100100"":12,""11000100"":8,""11111010"":4,""10100101"":5,""10110111"":2,""11011010"":4,""11001011"":2,""10111001"":5,""00110001"":1,""11110001"":3,""11101011"":7,""11101110"":2,""00111001"":5,""01001001"":5,""01000001"":2,""10011011"":7,""11101010"":3,""11000110"":2,""11110100"":6,""11110110"":1,""11000001"":1,""11111111"":4,""10011110"":5,""11100001"":1,""00100110"":3,""11100101"":1,""11000111"":1,""11100111"":2,""11000010"":3,""11001111"":1,""10101011"":2,""11011001"":2,""11101000"":2}"
37,x,4000,0.248,0.14300000000000002,-0.13349999999999995,-0.010499999999999954,0.10450000000000004,0.029000000000000026,0.09250000000000003,0.614,"{""00000011"":15,""00100110"":55,""10000000"":6,""01010000"":35,""01010101"":29,""00100010"":29,""00010010"":26,""00000101"":10,""00000000"":35,""01001000"":49,""01100011"":10,""00101010"":43,""01100101"":13,""01011110"":28,""11000110"":16,""01000100"":43,""10010000"":2,""01101001"":11,""00110011"":12,""00100100"":78,""01010110"":28,""10100010"":4,""01010010"":21,""11100000"":7,""01110000"":17,""00010100"":44,""00010111"":21,""01100000"":16,""00110110"":47,""01110010"":5,""01110101"":9,""00001000"":28,""01100100"":28,""00110101"":23,""11001110"":15,""01010100"":52,""00010000"":32,""00110000"":52,""00000010"":14,""11000010"":11,""00000100"":26,""01000111"":21,""01001100"":47,""00100001"":25,""01101000"":19,""00011111"":32,""00111100"":42,""01110100"":25,""00010001"":18,""11010100"":17,""10100110"":5,""00010101"":21,""11110000"":1,""01000001"":10,""00101101"":54,""01010111"":30,""00101100"":89,""00110100"":52,""00000111"":21,""11100100"":10,""00010110"":17,""11100110"":8,""01100110"":10,""11011111"":11,""01010001"":18,""00100101"":47,""11000100"":14,""01110110"":15,""11100010"":6,""11010000"":11,""01000011"":22,""10000100"":3,""00001100"":20,""00001110"":19,""01011100"":45,""00101111"":45,""11001111"":7,""00101000"":60,""01011000"":32,""10011000"":5,""00001111"":19,""11001101"":12,""01000010"":29,""01000000"":55,""01101010"":14,""00111000"":32,""00001011"":13,""01011010"":22,""11001001"":5,""01101110"":14,""10101110"":6,""00011110"":23,""11101011"":4,""00011010"":25,""00011100"":40,""01111000"":13,""11111100"":3,""11001100"":20,""10011011"":2,""00101001"":32,""00111111"":19,""10110111"":9,""11011010"":20,""11011000"":21,""01111111"":5,""10111100"":10,""10111110"":8,""01111011"":4,""01000110"":30,""11011011"":8,""01001011"":23,""01001001"":17,""00101110"":41,""11000001"":4,""00011000"":33,""00011001"":13,""00111010"":23,""01001111"":24,""11101101"":4,""10001100"":9,""01001101"":37,""10101000"":10,""10110101"":6,""01111101"":7,""00001010"":12,""11011100"":17,""01011101"":13,""11001000"":20,""10001110"":1,""10011001"":1,""01001110"":40,""00011101"":24,""11101000"":7,""11100111"":11,""00011011"":27,""00110111"":25,""00111110"":39,""10101100"":13,""11011110"":13,""10101001"":5,""01111110"":9,""10010010"":2,""01001010"":38,""10001111"":2,""11011001"":3,""01011111"":16,""10101101"":8,""00111011"":20,""00111001"":16,""00101011"":26,""10111011"":3,""11111101"":2,""10110001"":7,""01011001"":13,""11001010"":9,""01111100"":9,""01011011"":14,""01101100"":37,""10101111"":7,""00110010"":20,""01101011"":13,""00001101"":19,""00111101"":27,""01101111"":11,""10100000"":9,""00001001"":12,""01110011"":3,""11111010"":5,""01111001"":6,""00100111"":36,""10000010"":5,""11101100"":9,""11000111"":9,""00000110"":22,""10010111"":2,""00100000"":46,""10000001"":4,""10100111"":5,""11010010"":9,""10110110"":7,""11000000"":19,""00110001"":26,""10001010"":1,""11010110"":9,""11010101"":9,""10111001"":4,""10111000"":6,""10000111"":3,""01101101"":19,""11101111"":4,""11101010"":5,""10101010"":5,""01000101"":27,""11001011"":5,""01100111"":13,""11010001"":5,""01010011"":10,""01110001"":9,""11100101"":7,""11011101"":10,""01100001"":8,""10010110"":3,""11000011"":7,""11100011"":3,""00010011"":8,""01100010"":12,""10100101"":4,""10001101"":4,""10001011"":3,""11111011"":3,""11010011"":6,""00100011"":28,""10110000"":10,""10010001"":3,""10100100"":7,""10000101"":5,""10100011"":3,""11100001"":5,""10110010"":5,""11010111"":9,""10010100"":2,""11000101"":7,""10110011"":3,""10110100"":8,""01110111"":7,""11110011"":2,""10100001"":4,""11110001"":3,""11110111"":3,""10111111"":7,""01111010"":11,""11101110"":3,""10011101"":1,""11110100"":3,""11110110"":4,""10011100"":4,""10001000"":2,""00000001"":10,""11111000"":4,""10111010"":3,""11111111"":3,""10011110"":1,""11111001"":2,""11101001"":1,""10001001"":1,""11110101"":2,""10010101"":2,""10111101"":3,""11111110"":2,""11110010"":1,""10011010"":2,""10000011"":1,""10000110"":1}"
38,x,4000,0.33199999999999996,0.35550000000000004,-0.1645000000000001,0.03300000000000003,0.3125,-0.5980000000000001,-0.6054999999999999,0.5965,"{""11100001"":10,""11100010"":20,""00100000"":19,""01110100"":126,""01100000"":188,""00110111"":5,""11101100"":57,""01100101"":92,""00000001"":8,""11100100"":41,""00100100"":25,""01100011"":50,""10100011"":1,""10101100"":9,""00000111"":6,""10100001"":1,""01000000"":21,""01100010"":81,""00000010"":9,""11100111"":14,""01100100"":229,""11101101"":26,""01011100"":12,""11100101"":20,""11100000"":32,""01101100"":246,""11110100"":31,""01110110"":53,""01101101"":108,""01000111"":8,""01110000"":72,""01110010"":37,""00101111"":8,""11100110"":14,""11000100"":4,""01110111"":36,""00100010"":12,""01111010"":31,""00010101"":10,""01111011"":21,""01110001"":32,""00000110"":5,""10010000"":8,""11110010"":8,""01000100"":30,""11111101"":9,""10010101"":6,""11110001"":11,""00000000"":11,""01101000"":151,""01000011"":6,""00100111"":6,""00010011"":3,""01101111"":58,""11110101"":6,""10000111"":7,""11100011"":10,""00010100"":18,""01111111"":22,""00100001"":6,""10000001"":3,""00101101"":17,""01101010"":78,""10010110"":5,""00011110"":2,""01101110"":68,""01111100"":85,""00101000"":13,""10001000"":7,""01001000"":19,""11111000"":10,""01111001"":40,""01111000"":47,""01111110"":51,""00001100"":17,""01101001"":52,""01101011"":45,""00001110"":5,""00001101"":8,""11111100"":14,""10011100"":20,""01001101"":10,""11001100"":5,""00001001"":3,""11111001"":9,""00111011"":1,""00110000"":11,""00011101"":8,""00101110"":4,""11101110"":11,""00011100"":22,""01001100"":31,""00111000"":7,""01010111"":6,""00100110"":6,""01011001"":4,""01100110"":59,""01000101"":12,""10000100"":21,""01110011"":25,""00000100"":17,""01100111"":56,""01010100"":15,""01011011"":3,""11000101"":3,""01011110"":6,""11110000"":14,""01010000"":11,""01010110"":10,""00101100"":25,""00010001"":5,""10000000"":4,""10100000"":5,""00110100"":16,""00100101"":10,""01100001"":55,""01000001"":7,""11110110"":6,""01110101"":41,""10000011"":6,""11111011"":5,""10001111"":6,""01001001"":6,""11101001"":15,""10001100"":13,""10101000"":4,""10011000"":10,""01011010"":7,""01010101"":13,""11000000"":4,""00011010"":4,""11101011"":9,""00001000"":13,""11101010"":16,""10011011"":1,""00111110"":9,""11101000"":24,""10111001"":3,""11011010"":2,""01111101"":41,""10011101"":7,""00110101"":7,""01001111"":8,""10011111"":2,""01001011"":7,""10010100"":13,""10111000"":5,""10100100"":6,""00010000"":5,""01000010"":8,""11001000"":3,""00100011"":4,""11010111"":1,""11101111"":9,""10101010"":4,""00000011"":5,""11110011"":7,""11111110"":3,""10110111"":1,""00101010"":8,""00001010"":7,""10001101"":10,""11011100"":2,""10001011"":3,""11000110"":4,""10111110"":2,""01011000"":8,""00011011"":2,""01011101"":7,""11011000"":3,""00111100"":13,""10101101"":6,""00111111"":7,""00011000"":12,""11001001"":4,""11111111"":6,""10101011"":2,""00111010"":6,""10101111"":1,""10111100"":2,""10101110"":5,""01001010"":4,""00110010"":7,""10111111"":1,""10010010"":6,""10100110"":3,""10000110"":3,""00010110"":4,""01010010"":5,""10010111"":1,""10000101"":9,""10010011"":5,""00001011"":3,""11111010"":3,""01001110"":4,""01000110"":5,""11011101"":1,""00011111"":9,""01010001"":2,""00010111"":2,""00110011"":2,""11010100"":2,""11110111"":4,""10001001"":5,""00101011"":2,""00101001"":4,""00001111"":4,""10111101"":1,""01010011"":6,""11011001"":1,""00111101"":4,""10111011"":1,""00010010"":8,""00000101"":4,""11010010"":1,""11010101"":2,""10000010"":5,""10110100"":3,""11000011"":1,""10010001"":2,""10100010"":3,""11000010"":4,""10001110"":5,""10110010"":1,""10100101"":3,""11001010"":2,""10011110"":1,""00011001"":3,""00111001"":4,""00110110"":3,""11000001"":1,""11001110"":1,""01011111"":2,""11001011"":1,""10011010"":6,""10001010"":1,""10110011"":1,""00110001"":1,""11010110"":1,""11001111"":2,""11010000"":1,""11011111"":1,""11001101"":1}"
39,x,4000,0.279,0.012499999999999956,-0.02299999999999991,-0.013500000000000068,0.19999999999999996,-0.2935000000000001,0.46799999999999997,0.6685,"{""00011101"":60,""01110110"":13,""00100100"":82,""01100110"":32,""00111101"":27,""00100010"":93,""00110101"":35,""10100010"":7,""10111010"":8,""00010001"":18,""00101111"":43,""01101110"":40,""00101011"":34,""01000111"":7,""01111111"":4,""00100110"":61,""11100010"":25,""01110100"":9,""00110010"":65,""00000101"":24,""00100001"":34,""11010111"":1,""00000110"":26,""10001000"":7,""01100000"":41,""00001110"":39,""01010100"":10,""11110011"":6,""00100000"":74,""00110000"":47,""11110010"":8,""00000100"":22,""11011110"":4,""10110010"":6,""01100100"":27,""00110011"":41,""00110100"":59,""00011100"":40,""01000010"":14,""11100110"":17,""00010111"":13,""00000011"":19,""00000010"":36,""00100011"":54,""10101110"":5,""00010011"":17,""01100111"":18,""10110100"":5,""00110001"":23,""10100110"":5,""00010010"":33,""00110111"":26,""11100111"":9,""00000001"":32,""01010000"":9,""00001101"":18,""01100010"":49,""01100011"":21,""00010100"":50,""01110011"":5,""10000010"":18,""10011110"":11,""00000000"":59,""01110010"":10,""00111000"":30,""00010101"":22,""11100101"":10,""01001000"":7,""10101000"":4,""00111111"":28,""00101101"":74,""01011011"":1,""01101011"":14,""00101100"":99,""01101001"":11,""01111011"":5,""00011111"":20,""00001000"":41,""00001001"":21,""00101110"":90,""10111100"":3,""00111110"":52,""01001111"":5,""00001111"":18,""11101100"":14,""01011101"":8,""00111100"":58,""00101000"":82,""10101101"":5,""01001011"":5,""10011001"":4,""00101001"":46,""01101100"":30,""00011110"":52,""10011000"":12,""00011000"":35,""00011010"":28,""00100111"":31,""01111001"":1,""00001011"":19,""00011011"":20,""00001010"":36,""10011101"":20,""00111011"":26,""01101000"":36,""00111001"":32,""00101010"":75,""11111101"":5,""00110110"":42,""10001100"":4,""01001010"":22,""01111100"":8,""01101111"":21,""00111010"":59,""11001000"":4,""10011011"":3,""10101111"":3,""01111000"":3,""01001110"":8,""11101010"":23,""11101000"":12,""11111100"":4,""01101101"":21,""11111001"":4,""01111110"":6,""01101010"":31,""10101100"":7,""01001101"":8,""00001100"":29,""10111110"":8,""11101011"":10,""01011111"":3,""11011100"":5,""01010001"":5,""00011001"":15,""10101010"":5,""11101111"":8,""01001001"":4,""01001100"":6,""10001111"":2,""10011010"":6,""10010001"":4,""01011000"":3,""11010010"":4,""11101110"":16,""01111010"":10,""10111111"":6,""11001110"":3,""10111011"":7,""10001110"":4,""01011110"":7,""00100101"":64,""10001010"":9,""10011100"":15,""11110000"":8,""01011100"":7,""10111001"":3,""11111110"":5,""11101101"":7,""11000110"":4,""11100100"":10,""01011010"":7,""11111010"":3,""01000000"":16,""11101001"":6,""01010011"":6,""10010011"":6,""10010110"":8,""01100101"":24,""10010101"":6,""10000100"":4,""01010111"":6,""01000101"":5,""11010100"":5,""00000111"":14,""11100000"":20,""11011000"":2,""10111000"":3,""11011001"":1,""00010000"":20,""11111000"":1,""11001111"":2,""10110000"":4,""11110111"":1,""10010100"":15,""10110111"":4,""10000111"":2,""01000100"":12,""11110100"":6,""10000110"":5,""00010110"":24,""01010110"":8,""10010000"":4,""10000011"":5,""10100000"":1,""10000000"":8,""11100011"":7,""11010001"":2,""10100101"":1,""10100111"":3,""11110001"":5,""10000101"":6,""11010000"":3,""01000001"":3,""11000001"":1,""11100001"":6,""01110000"":4,""01110001"":3,""10110001"":5,""10010111"":7,""11110101"":2,""10110011"":3,""10000001"":2,""10010010"":4,""11011101"":2,""01110111"":1,""10110101"":4,""01100001"":10,""11001100"":1,""11111011"":4,""01010010"":4,""10100100"":3,""11110110"":3,""01000110"":5,""01010101"":2,""11011111"":3,""11011010"":5,""10011111"":4,""11001101"":3,""01011001"":2,""11000111"":3,""11000011"":1,""10001011"":1,""01000011"":5,""11111111"":3,""11001010"":1,""01110101"":1,""10111101"":2,""10001101"":2,""01111101"":2,""11010101"":3,""10110110"":1,""10100011"":1,""11001011"":1,""11010110"":1}"
40,x,4000,-0.36650000000000005,-0.28049999999999997,-0.20900000000000007,0.0050000000000000044,0.11099999999999999,-0.2370000000000001,-0.10450000000000004,0.08850000000000002,"{""00011111"":35,""11001100"":16,""00101011"":20,""10111111"":30,""11111101"":39,""11111011"":26,""00001111"":39,""11111111"":66,""11001111"":38,""01101111"":68,""01111100"":17,""00011110"":13,""11111000"":14,""10111110"":15,""01101110"":18,""01101011"":59,""01001001"":6,""00001010"":18,""01111010"":16,""10101010"":5,""00111001"":13,""01110100"":27,""11101001"":18,""01111011"":38,""10111101"":19,""10011011"":11,""01111111"":55,""00011101"":12,""10001100"":21,""10001111"":44,""01110010"":19,""01101100"":26,""11111001"":16,""10111011"":24,""00001110"":23,""01101001"":35,""01001111"":26,""00001101"":20,""10011111"":18,""01101010"":25,""01110110"":21,""11111010"":22,""11110110"":12,""10001011"":27,""10111010"":19,""10101110"":7,""01111101"":32,""00001000"":10,""10001000"":3,""10001101"":14,""00001011"":32,""01101000"":17,""00001001"":12,""00101111"":33,""00000001"":7,""10000111"":52,""11111100"":19,""11001001"":12,""10011010"":9,""11100011"":19,""01001011"":8,""10101111"":10,""10000110"":16,""00010110"":11,""01111001"":11,""11001010"":21,""11011110"":6,""01111110"":16,""00100010"":10,""11101111"":32,""00011010"":11,""11000101"":21,""01100101"":40,""00100101"":21,""01100011"":54,""01110101"":20,""10100111"":16,""01100111"":93,""00000010"":11,""01000011"":17,""01100001"":28,""00011100"":10,""10010011"":5,""11100101"":18,""10101011"":12,""11010010"":5,""01110011"":32,""00100111"":50,""11100111"":41,""00010100"":8,""11110111"":59,""01011101"":2,""01100010"":26,""11000010"":9,""00000000"":9,""11000111"":39,""10010010"":7,""10000011"":22,""00000111"":52,""10100110"":7,""11010000"":8,""01000111"":27,""01100110"":16,""01110001"":23,""00100110"":15,""00110101"":15,""10110000"":4,""00100001"":20,""00100100"":7,""10100101"":4,""10110100"":16,""00110100"":9,""01010010"":5,""10110110"":13,""11010011"":14,""11010100"":6,""10000001"":16,""00010011"":12,""11000011"":18,""10010111"":18,""00110110"":4,""00110111"":24,""11100110"":12,""10010100"":7,""00000101"":13,""10100011"":11,""00000100"":18,""10010101"":11,""10110111"":43,""00100000"":11,""10011101"":12,""11110011"":22,""01100100"":18,""00010001"":13,""01000110"":8,""10100010"":5,""00000110"":11,""01110111"":68,""10110011"":26,""10101000"":3,""00010101"":16,""01010110"":3,""00010010"":10,""01101101"":40,""00110010"":3,""10101100"":4,""11000001"":15,""10010000"":4,""11110101"":21,""11110001"":13,""10000101"":11,""00010111"":39,""11101100"":11,""00100011"":30,""11100100"":17,""11100001"":12,""10110101"":18,""01100000"":17,""11000100"":7,""11000110"":7,""10000100"":8,""11110000"":10,""11010111"":16,""11001101"":19,""01001110"":4,""01000100"":8,""10100000"":10,""11100010"":8,""00111011"":16,""01010001"":2,""01000000"":1,""01010111"":13,""00110011"":12,""00110001"":5,""10010110"":5,""00111101"":14,""00101101"":17,""01000101"":11,""00110000"":5,""11110010"":14,""10010001"":8,""11010110"":4,""10110010"":9,""10000010"":13,""00111100"":9,""10000000"":10,""10100001"":5,""10011110"":9,""01010000"":2,""11001011"":22,""11101110"":11,""00101001"":10,""11111110"":29,""11011100"":2,""11001000"":9,""10001001"":15,""00111111"":27,""11101000"":3,""00101010"":9,""10101001"":7,""10001110"":5,""00111110"":11,""01001101"":9,""11101011"":17,""01001100"":7,""01111000"":7,""10011100"":6,""11101010"":11,""11101101"":8,""00001100"":11,""00101000"":6,""01011011"":5,""00011011"":14,""00011000"":5,""01011110"":5,""10111001"":7,""11011111"":15,""00101110"":13,""10001010"":9,""11100000"":6,""11010001"":7,""00000011"":17,""11110100"":19,""01010101"":2,""10110001"":15,""01000001"":5,""11001110"":9,""00101100"":11,""01001010"":5,""10111100"":5,""00111010"":15,""10011001"":6,""00011001"":9,""10011000"":3,""01011111"":5,""11011001"":6,""01011001"":2,""01011010"":2,""11011101"":7,""00111000"":1,""10101101"":4,""01000010"":3,""11011010"":5,""10100100"":4,""11000000"":3,""11011011"":7,""01011000"":1,""01010100"":2,""11010101"":1,""00010000"":2,""01010011"":3,""01110000"":4,""01011100"":1,""01001000"":2,""11011000"":2}"
41,x,4000,0.32099999999999995,0.16900000000000004,-0.00550000000000006,0.015499999999999958,0.24350000000000005,-0.42799999999999994,0.44699999999999995,0.13649999999999995,"{""00101001"":39,""10101101"":29,""00101000"":100,""10111101"":14,""00101101"":56,""00101111"":44,""10011111"":8,""00111100"":49,""11011111"":10,""11011100"":41,""01101001"":5,""00100010"":81,""00101100"":146,""00111101"":24,""00111000"":39,""10111010"":15,""10111000"":21,""10100011"":29,""00111110"":35,""10101100"":57,""00110000"":59,""00110011"":32,""00101010"":67,""11001100"":13,""00111111"":30,""10100000"":83,""10101000"":58,""11101100"":25,""01011111"":10,""10000011"":12,""00101011"":50,""00100000"":118,""11001011"":11,""00000100"":12,""11101010"":11,""10111001"":6,""00100011"":53,""10001011"":7,""00111001"":19,""10111011"":20,""00101110"":55,""11111011"":1,""01011000"":8,""00001000"":13,""01011011"":7,""00111011"":28,""10101111"":20,""10111110"":19,""10101010"":33,""11101001"":3,""01011101"":10,""00100100"":97,""01101110"":4,""01101100"":17,""11011010"":8,""01111010"":3,""01011010"":9,""01001011"":5,""01001010"":6,""00011011"":7,""01111011"":1,""11011110"":21,""10001100"":10,""10011101"":5,""10101001"":15,""00111010"":25,""01000000"":12,""10000000"":29,""10100001"":19,""00100110"":47,""01100010"":12,""11100000"":16,""00000101"":5,""00110100"":50,""11010100"":21,""00110010"":48,""00000000"":13,""00010101"":3,""11000110"":9,""11100001"":6,""10010010"":4,""00010011"":3,""00100101"":65,""01010100"":38,""11010101"":9,""10110101"":15,""10100111"":19,""01101111"":7,""01110100"":3,""11000011"":19,""00010100"":14,""10110000"":29,""00110110"":29,""11100010"":12,""10000110"":9,""10111100"":44,""01010000"":8,""11100011"":5,""00100001"":38,""01010010"":10,""11100100"":16,""01010101"":14,""00010001"":2,""11000000"":36,""11000111"":7,""11100101"":8,""01100000"":14,""01100111"":6,""00011100"":10,""01010111"":8,""10010111"":8,""10110011"":13,""00000111"":4,""10110010"":21,""11010000"":11,""00110001"":11,""00010000"":9,""11101101"":13,""11000010"":25,""11101000"":28,""10010000"":8,""10100101"":20,""00010010"":3,""01101101"":7,""01100011"":9,""10000111"":2,""10001010"":9,""01011100"":32,""11011000"":13,""01101010"":3,""10011010"":5,""00001010"":1,""10100010"":43,""00001110"":7,""10000010"":7,""11101110"":13,""00001100"":12,""10101110"":21,""11111001"":3,""11001001"":10,""10011011"":4,""10011100"":26,""01111100"":6,""10001001"":10,""10000100"":14,""01011110"":11,""01001100"":4,""01111110"":6,""01001001"":4,""00011101"":6,""11111111"":4,""01000010"":14,""11011101"":14,""10011000"":13,""00000010"":9,""11001101"":6,""10100100"":46,""11001000"":16,""10001000"":11,""11111000"":9,""01100100"":8,""10100110"":23,""00110101"":12,""01010110"":14,""11000101"":4,""10110110"":14,""10010101"":3,""11010110"":13,""11110000"":12,""00100111"":45,""10010100"":18,""11000100"":19,""01110000"":4,""11010010"":6,""01110110"":1,""00110111"":23,""01110011"":5,""00000011"":3,""01110001"":3,""10000001"":2,""11110110"":5,""10110100"":24,""10010110"":8,""10010011"":7,""01100110"":9,""01100101"":6,""01000111"":6,""01110010"":2,""11010111"":8,""00010110"":5,""11110111"":1,""10110111"":12,""01010011"":4,""01000110"":3,""11110101"":2,""01000011"":13,""11110010"":4,""01000001"":7,""11000001"":6,""11010011"":7,""00000110"":6,""11110100"":7,""11111100"":5,""11001111"":3,""10001110"":8,""01101000"":8,""10101011"":18,""00000001"":4,""01001000"":15,""00011001"":5,""11101111"":4,""11011001"":4,""10111111"":14,""10110001"":5,""11010001"":3,""11100111"":7,""01100001"":2,""01000100"":7,""00010111"":3,""10010001"":4,""00001011"":6,""00011110"":3,""10011110"":8,""01111000"":4,""00011010"":5,""01011001"":5,""01001110"":2,""11111110"":6,""11001110"":3,""11001010"":6,""01001101"":3,""01010001"":4,""11110001"":3,""01101011"":6,""00011111"":2,""10001101"":2,""00001001"":6,""00011000"":3,""11011011"":4,""11101011"":10,""11110011"":7,""01001111"":2,""01111111"":3,""00001101"":6,""11100110"":6,""10000101"":6,""01000101"":2,""01111001"":2,""00001111"":2,""01110111"":1,""10001111"":2,""01111101"":3,""11111010"":1}"
42,x,4000,-0.2084999999999999,-0.22150000000000003,0.13849999999999996,0.025499999999999967,-0.20350000000000001,-0.35250000000000004,0.11250000000000004,-0.1625000000000001,"{""11011111"":20,""11001011"":42,""00111000"":30,""00111111"":43,""00101111"":15,""11101001"":5,""10110111"":91,""11011011"":44,""00111011"":62,""11100101"":7,""10111110"":42,""10111100"":52,""10111101"":28,""00001000"":9,""01111011"":49,""10111000"":60,""11000110"":15,""01111001"":10,""00101000"":6,""00111101"":14,""10111001"":44,""01111010"":23,""10110010"":42,""00101011"":13,""01001000"":9,""00101010"":9,""01111100"":23,""11011100"":12,""00101101"":4,""10111010"":57,""11111000"":8,""00001001"":7,""10111011"":116,""11011000"":16,""01011011"":21,""01001101"":5,""01111000"":26,""11001001"":27,""11011101"":8,""11001000"":20,""10100001"":18,""11101010"":12,""01101011"":21,""10101010"":19,""01111111"":16,""10101111"":42,""10101011"":34,""10111111"":60,""10001101"":4,""11001101"":12,""01010001"":20,""00110010"":25,""01001100"":4,""10110100"":39,""11101000"":8,""00110111"":42,""11000001"":29,""11011010"":18,""10011111"":13,""00110110"":23,""00111010"":29,""10100100"":11,""01011010"":8,""01101111"":21,""00110001"":30,""10011011"":10,""00111100"":13,""00110011"":54,""11001111"":30,""10110011"":96,""01101010"":11,""01101101"":12,""00100111"":18,""11010011"":43,""11000000"":22,""01100111"":35,""01110011"":36,""10000110"":8,""11010001"":9,""01110100"":10,""10010011"":8,""11000101"":17,""10100011"":26,""10110001"":86,""10110110"":38,""11110101"":10,""01110001"":25,""11100111"":11,""01100100"":17,""10100101"":20,""01100101"":12,""01110111"":19,""10000010"":9,""10110101"":40,""11100001"":10,""10100111"":35,""11000111"":34,""00000001"":6,""10000001"":6,""01100000"":16,""00100010"":8,""00100000"":5,""10101001"":6,""11010100"":7,""01000010"":9,""11010101"":13,""00000101"":6,""00010001"":3,""11110000"":5,""11010110"":10,""10010010"":5,""01000110"":5,""00110100"":20,""01000011"":25,""01110000"":13,""01110010"":23,""10110000"":34,""00110101"":17,""11100110"":6,""11100011"":19,""01110101"":14,""00100101"":5,""10000011"":15,""01101001"":19,""00010000"":3,""00100001"":7,""11000011"":21,""00110000"":28,""11000100"":17,""01010111"":21,""01010100"":7,""10100010"":20,""11010010"":9,""11100010"":12,""01010011"":21,""00000110"":1,""01000001"":13,""10011101"":4,""01010000"":8,""01100010"":14,""00010011"":11,""11110010"":7,""11010111"":32,""11100100"":5,""01000111"":7,""11110111"":11,""00100011"":13,""00010111"":5,""00000000"":4,""11010000"":5,""10000000"":6,""01010010"":9,""01001010"":13,""00111110"":25,""10001001"":10,""01001001"":8,""10101000"":17,""01001011"":19,""11001010"":20,""10101110"":15,""11001100"":9,""01011111"":13,""00111001"":23,""00100110"":10,""11111111"":4,""00011100"":1,""11011110"":17,""01111110"":13,""10011110"":8,""01011000"":8,""10101101"":19,""10000111"":13,""11011001"":6,""11101011"":13,""01111101"":7,""01011101"":4,""10001010"":6,""11001110"":24,""10101100"":16,""01011110"":9,""10100000"":17,""01101110"":14,""10001100"":5,""01001110"":5,""10100110"":12,""01000100"":4,""01011001"":9,""11101111"":4,""10001011"":12,""01100001"":22,""00101100"":8,""10011000"":5,""01101000"":9,""01010110"":11,""10011010"":6,""10011001"":6,""10001111"":12,""00001100"":7,""01001111"":6,""01101100"":7,""11111011"":5,""11110100"":4,""10010111"":13,""11000010"":13,""11110001"":7,""11111110"":3,""11110011"":11,""11101101"":6,""00000011"":10,""11100000"":5,""01110110"":15,""01000000"":10,""01100011"":34,""00000100"":1,""10000101"":9,""01100110"":11,""00100100"":11,""01010101"":9,""00000111"":9,""11111101"":6,""10001000"":5,""00001010"":7,""00010110"":2,""00001111"":6,""00101110"":8,""11111001"":5,""01011100"":3,""00011011"":3,""00001011"":3,""00011110"":1,""00000010"":6,""00010101"":2,""00010100"":2,""10010110"":4,""00010010"":1,""11110110"":5,""00101001"":7,""00011000"":3,""10010100"":2,""10010000"":2,""11111010"":6,""00001110"":5,""11101100"":5,""10010001"":4,""10000100"":4,""10010101"":1,""00011010"":2,""10001110"":4,""00011111"":1,""11111100"":2,""11101110"":4,""10011100"":2,""01000101"":3}"
43,x,4000,-0.135,0.05149999999999999,0.0050000000000000044,0.0020000000000000018,-0.02200000000000002,-0.02849999999999997,0.22150000000000003,0.569,"{""00110111"":76,""11001111"":12,""00100011"":41,""00110110"":32,""00100100"":37,""01100101"":9,""01010100"":31,""00000111"":58,""00100111"":51,""01011111"":36,""10000001"":12,""00010000"":30,""01010110"":15,""01110000"":16,""01000100"":13,""00000100"":29,""00000001"":47,""10110100"":4,""01110101"":6,""11110111"":16,""00000101"":19,""01001101"":11,""01010000"":27,""11000111"":10,""01010111"":34,""00000000"":67,""11110000"":14,""00010001"":21,""00010011"":28,""00100010"":13,""00101011"":53,""11000101"":6,""11110101"":11,""11110001"":12,""11111000"":20,""00110001"":54,""11110100"":12,""11100100"":8,""01010011"":23,""00110101"":48,""00001100"":28,""01000111"":24,""00100001"":40,""11100101"":3,""01100111"":22,""00110000"":43,""10010011"":12,""01010101"":25,""00010111"":25,""00110011"":55,""10010101"":4,""01100000"":8,""01000001"":20,""00000011"":18,""01100001"":10,""01000101"":20,""01000011"":9,""00100101"":23,""01110001"":13,""11000001"":12,""00001011"":21,""00000010"":18,""00100000"":36,""11010011"":10,""11010100"":3,""00011101"":18,""10000100"":4,""01110100"":14,""11000010"":6,""01010001"":16,""11110011"":15,""11001000"":11,""00010101"":15,""10000111"":22,""10000011"":4,""01001000"":29,""00001111"":55,""01011110"":12,""00111001"":40,""00001101"":28,""00111101"":38,""00111110"":27,""11101100"":17,""01011101"":26,""00011100"":18,""00111011"":45,""00111000"":50,""00101101"":27,""01111111"":22,""01001001"":26,""01001011"":10,""00001000"":50,""00011111"":28,""01111010"":4,""00101100"":44,""01101000"":14,""00001110"":28,""11011110"":3,""10101000"":6,""10101100"":6,""10001101"":5,""01111011"":16,""00101001"":43,""01101100"":14,""01101001"":13,""10111001"":4,""01101111"":14,""01111101"":9,""00111100"":44,""11011111"":12,""11001010"":5,""01001111"":39,""00111111"":48,""00110010"":26,""00111010"":20,""00011011"":26,""00101111"":46,""01011011"":30,""01011100"":38,""11101011"":10,""01011001"":25,""01111000"":15,""11111110"":12,""10001001"":9,""11101000"":8,""01110011"":14,""10010001"":10,""00011000"":19,""01101110"":7,""00101110"":21,""01011000"":23,""10011001"":5,""00011001"":17,""11001100"":3,""11011001"":6,""01001100"":9,""01101010"":6,""00101000"":29,""01001110"":10,""11010001"":8,""11111100"":9,""01001010"":13,""10001111"":11,""11101101"":7,""10111011"":7,""01111100"":22,""10101111"":5,""01101101"":10,""11100000"":6,""11101111"":9,""11111111"":11,""10001000"":10,""10011011"":10,""10111101"":7,""01011010"":15,""00011110"":5,""10010000"":7,""01000010"":11,""11110010"":8,""01110111"":20,""10011101"":10,""10100100"":3,""00000110"":20,""01000000"":34,""00010010"":12,""10110011"":7,""01100100"":14,""10010111"":12,""00100110"":19,""00010110"":12,""10100011"":2,""10110111"":6,""01100011"":15,""11100011"":10,""00110100"":38,""01110010"":7,""01010010"":10,""01110110"":9,""10100111"":8,""10000000"":12,""11000000"":9,""11010000"":5,""11000011"":3,""00001010"":17,""10010100"":3,""01000110"":10,""10010110"":6,""10000110"":2,""11111011"":11,""10000010"":2,""11011100"":3,""10110010"":3,""10110001"":5,""11111001"":9,""00010100"":12,""11110110"":9,""11100111"":8,""10101101"":5,""10001100"":7,""00011010"":16,""01100110"":10,""10011110"":8,""10011100"":7,""00001001"":39,""11001001"":5,""11101001"":8,""11011000"":13,""10101001"":7,""01101011"":14,""00101010"":25,""11111010"":7,""10111010"":2,""10100010"":1,""10100001"":3,""11100001"":5,""10001110"":2,""11011011"":8,""11010110"":3,""10111000"":5,""10001010"":3,""10111111"":8,""11001101"":2,""10101010"":3,""10110110"":3,""10110101"":2,""01100010"":8,""11010101"":5,""11100010"":7,""10110000"":3,""10010010"":5,""11001011"":3,""11100110"":1,""11000100"":7,""10000101"":2,""11111101"":10,""10111100"":4,""11011010"":5,""10001011"":7,""10101110"":3,""01111110"":3,""01111001"":10,""10011000"":3,""10011010"":7,""11101110"":4,""10011111"":7,""11011101"":3,""11000110"":4,""11010010"":4,""11010111"":5,""11101010"":3,""10111110"":4,""10100101"":4,""10100000"":4,""10101011"":1,""10100110"":2,""11001110"":1}"
44,x,4000,0.22999999999999998,0.15600000000000003,-0.15850000000000009,0.04049999999999998,-0.007500000000000062,0.029000000000000026,-0.08450000000000002,0.010000000000000009,"{""11100100"":36,""00010111"":28,""01100000"":19,""11100110"":19,""00010011"":19,""11010110"":15,""10010011"":9,""11111111"":16,""11110101"":35,""00010100"":41,""00010110"":24,""11100101"":26,""11000101"":35,""01010001"":6,""11100000"":21,""11000111"":25,""10000100"":28,""11010000"":13,""01010111"":5,""11110111"":21,""01100111"":10,""11001110"":43,""01110000"":24,""10010000"":18,""00000110"":15,""00110011"":6,""00010001"":24,""10010110"":21,""11000010"":23,""11110011"":15,""10100010"":7,""00100010"":22,""01010010"":9,""11110110"":29,""00010010"":27,""10010100"":36,""10000010"":16,""00110100"":23,""11110001"":20,""00000000"":14,""11000110"":35,""11110100"":45,""00010000"":31,""11111110"":29,""01110110"":23,""01110100"":42,""00000101"":22,""10010111"":11,""00010101"":43,""11101100"":46,""10000101"":19,""00100000"":33,""01000000"":10,""01110010"":28,""00110001"":8,""11010100"":15,""01101010"":13,""01111000"":16,""01100100"":26,""10011110"":18,""11000100"":33,""01000011"":13,""00100110"":17,""00000001"":8,""11011101"":11,""01100101"":21,""00011101"":30,""00100100"":32,""10110110"":4,""00100001"":13,""11000011"":10,""00000100"":37,""11110010"":34,""00001110"":21,""11100010"":24,""01100001"":10,""10100111"":5,""10000001"":8,""01011111"":7,""00110111"":13,""00001100"":29,""10000011"":4,""01000111"":10,""01100110"":17,""10110101"":6,""00110000"":11,""01001101"":7,""11111101"":30,""11000001"":19,""11100011"":21,""01110001"":14,""00110010"":12,""10010010"":24,""01010100"":4,""11010010"":14,""10010101"":22,""00000111"":14,""01101111"":6,""01000100"":12,""01110111"":11,""00100101"":20,""10100011"":3,""10000110"":15,""01110101"":26,""11010011"":10,""00110101"":10,""10000000"":18,""10100110"":1,""00000010"":30,""10110000"":7,""01100010"":15,""01111010"":17,""00011111"":15,""10001100"":38,""10011010"":16,""11111010"":26,""01101110"":25,""11011001"":11,""01001010"":13,""00101110"":20,""11001101"":24,""00011100"":55,""00101001"":13,""11011010"":11,""10001001"":11,""10001101"":17,""01111110"":22,""11001000"":30,""01011110"":3,""00111111"":10,""00101100"":21,""00001000"":21,""00111101"":12,""11101101"":20,""01001001"":9,""00011000"":34,""11111100"":40,""00011110"":33,""01101100"":29,""10001110"":15,""00101010"":14,""11101000"":21,""10101011"":4,""11011100"":25,""10101000"":6,""01111100"":41,""01001100"":17,""00101101"":10,""00111100"":32,""11001111"":12,""11001100"":30,""11101110"":20,""10001111"":5,""11111000"":23,""00001010"":14,""00111011"":10,""01101001"":12,""01111011"":10,""00001011"":8,""10001011"":11,""00101000"":19,""10001000"":13,""11101010"":18,""10101110"":3,""11101011"":9,""01111101"":24,""11011000"":19,""01001110"":10,""00001111"":11,""00011010"":21,""10111110"":5,""10011000"":20,""11001011"":21,""10011101"":15,""01101101"":15,""10011011"":11,""00001101"":19,""10101100"":12,""10001010"":12,""11001010"":25,""10101001"":3,""10011100"":28,""11101001"":19,""01001000"":3,""00011001"":16,""01111111"":18,""11011110"":11,""01110011"":16,""00101111"":10,""01011010"":10,""10100000"":6,""00000011"":10,""01010000"":9,""11100001"":21,""00110110"":7,""01000110"":5,""01000010"":8,""00100011"":11,""11010001"":11,""11010111"":11,""10101010"":3,""10110001"":4,""01011000"":3,""10010001"":10,""11001001"":17,""11110000"":20,""11000000"":15,""11100111"":12,""00100111"":14,""01101011"":9,""00001001"":12,""11011011"":8,""01011101"":10,""00011011"":8,""01001111"":4,""11111001"":15,""01011100"":9,""10111100"":8,""11111011"":8,""00111000"":7,""10011111"":7,""10111001"":1,""11010101"":7,""01010101"":8,""10110111"":3,""11101111"":14,""01111001"":17,""00111010"":9,""01101000"":14,""00111110"":9,""10111011"":2,""00101011"":8,""10100100"":4,""10011001"":5,""10111101"":5,""10101111"":3,""00111001"":6,""01011011"":2,""11011111"":3,""01000001"":1,""10110100"":5,""01000101"":7,""10000111"":4,""01100011"":7,""10100001"":3,""01010110"":5,""10110010"":1,""01010011"":4,""10100101"":2,""10110011"":3,""10111000"":5,""10111010"":3,""01011001"":3,""10101101"":2,""01001011"":1,""10111111"":1}"
45,x,4000,0.27649999999999997,0.05400000000000005,0.04400000000000004,0.02200000000000002,0.10699999999999998,-0.03750000000000009,-0.23249999999999993,0.617,"{""01110101"":31,""00111100"":10,""00010110"":23,""01000110"":17,""01100010"":51,""01110110"":48,""00000111"":32,""01001110"":25,""11011110"":9,""00000011"":41,""01000111"":23,""01100110"":56,""00010010"":14,""11000000"":13,""11110101"":7,""01100000"":109,""01010100"":20,""01110000"":61,""01100111"":26,""01100001"":50,""11000010"":20,""01101101"":34,""01101110"":68,""00100000"":19,""01010110"":26,""01100011"":53,""00000010"":65,""10100111"":5,""00000100"":27,""10110000"":5,""01110111"":38,""10010111"":5,""01110100"":61,""01010010"":17,""00000110"":34,""00000000"":62,""10110011"":4,""01011001"":12,""00010000"":20,""01000100"":26,""00011000"":26,""01110010"":64,""00110100"":10,""01100100"":52,""10000100"":10,""00010101"":21,""00010100"":35,""01101111"":35,""01110011"":27,""01111110"":44,""01011101"":20,""10100000"":12,""11010110"":3,""01000011"":22,""00100100"":6,""11110010"":3,""10000110"":10,""10111000"":5,""10010110"":10,""10100001"":4,""10011010"":7,""01000010"":27,""00011111"":17,""00001000"":49,""00110011"":10,""10010100"":10,""11110000"":5,""01001100"":30,""01111111"":36,""01101010"":66,""01111010"":37,""00011100"":50,""01111100"":77,""11001100"":10,""01011100"":38,""01101100"":49,""01011000"":17,""00101000"":17,""01111011"":25,""11001010"":8,""10011000"":11,""01001010"":22,""01101011"":42,""00101100"":14,""01001011"":17,""10100010"":12,""01101001"":31,""00001010"":43,""10000011"":15,""00011001"":19,""01101000"":83,""01111001"":24,""00011010"":15,""10001110"":10,""11001011"":7,""01000000"":30,""00001110"":30,""11011111"":4,""00111000"":6,""00101010"":16,""10101111"":4,""01111000"":49,""01111101"":47,""00101110"":15,""10001100"":11,""00101001"":9,""00011110"":29,""11101110"":7,""00001011"":24,""00001001"":16,""00001100"":25,""01001000"":19,""10011001"":8,""10000101"":3,""00000001"":26,""01010111"":15,""01010101"":14,""00110101"":4,""01100101"":22,""11010001"":3,""00100001"":13,""11110110"":4,""01010001"":12,""01010000"":20,""10010001"":5,""11110100"":5,""00011101"":24,""00100101"":6,""11000110"":10,""11110011"":4,""10100101"":1,""11000011"":7,""11000111"":3,""00000101"":18,""11100001"":5,""10110101"":2,""11011010"":5,""00110110"":4,""11010101"":5,""00100011"":13,""10100100"":7,""10011110"":19,""01010011"":9,""01110001"":37,""11100000"":6,""00110010"":7,""00010111"":16,""11010011"":5,""00100110"":6,""00110000"":9,""11010010"":11,""00110001"":4,""10000001"":4,""11101100"":6,""10010010"":8,""10110001"":4,""10100110"":5,""10101010"":6,""11011011"":9,""10111011"":5,""10011100"":25,""00111011"":5,""00011011"":9,""10001000"":10,""00101011"":5,""00111110"":12,""11001000"":12,""10111010"":4,""11001001"":3,""10000000"":16,""11011000"":9,""11111000"":11,""01011110"":19,""10101011"":5,""00001111"":11,""00001101"":11,""11111111"":3,""10101000"":4,""10101110"":10,""11111100"":6,""11001110"":5,""10101101"":3,""10001010"":7,""11011100"":13,""00111111"":5,""10101100"":7,""01001101"":10,""10011111"":6,""10111110"":2,""11101010"":2,""00010001"":10,""10001001"":7,""01001111"":10,""11111001"":5,""01001001"":15,""10001011"":5,""11101101"":3,""11011101"":9,""11111011"":1,""01011010"":13,""11101001"":1,""01000001"":16,""01000101"":14,""00101101"":4,""00010011"":8,""10000111"":5,""00110111"":6,""11100111"":3,""11001101"":2,""10010101"":8,""10000010"":9,""10110111"":6,""11110111"":3,""00100010"":7,""10010000"":10,""10110010"":3,""00100111"":2,""11111010"":5,""11101000"":10,""11101011"":4,""11011001"":4,""01011111"":10,""11100100"":3,""10010011"":6,""11000101"":1,""11000100"":8,""11100011"":2,""10110100"":2,""10100011"":4,""10011011"":6,""10001111"":4,""00101111"":4,""10101001"":7,""10001101"":2,""00111010"":6,""01011011"":5,""00111101"":5,""11111101"":4,""11000001"":4,""10111100"":7,""11010000"":4,""10111101"":3,""11010100"":5,""11110001"":4,""11100101"":1,""11100110"":2,""11001111"":1,""11111110"":4,""11100010"":1,""10111111"":1,""00111001"":2,""10110110"":2,""10011101"":1}"
46,x,4000,0.131,0.21999999999999997,-0.12400000000000011,-0.0040000000000000036,0.01649999999999996,0.008000000000000007,0.024499999999999966,0.25149999999999995,"{""11011101"":45,""11101010"":9,""01110111"":6,""00111111"":13,""11011000"":32,""01000010"":15,""00011101"":25,""00001101"":34,""01001011"":7,""10110010"":12,""01011000"":24,""00101101"":49,""01111110"":18,""00010111"":9,""00011111"":12,""01001000"":10,""11011010"":26,""11101011"":10,""00101111"":22,""00111100"":26,""11000100"":27,""01111101"":28,""00001110"":21,""10111101"":21,""00011001"":16,""00101000"":40,""00011000"":23,""00111110"":12,""11111000"":10,""11101000"":12,""10101110"":15,""10101000"":20,""11011111"":14,""11101101"":10,""10111010"":16,""00011010"":19,""10111111"":8,""01001001"":7,""11011011"":12,""11000101"":23,""01101111"":8,""11001100"":26,""00111010"":15,""00000110"":19,""01000000"":9,""00100111"":28,""00100001"":39,""00001010"":25,""01011100"":34,""00101010"":33,""11001110"":13,""11000111"":20,""01011001"":13,""00001001"":16,""10001110"":4,""10001100"":8,""11001001"":15,""01101001"":11,""10101011"":13,""01101010"":14,""11111001"":5,""10111001"":6,""00001100"":41,""01011101"":40,""00000111"":18,""01110001"":15,""01101000"":17,""01011110"":29,""00111001"":16,""01011111"":19,""01111000"":14,""01001110"":11,""11100101"":11,""01001111"":6,""11011100"":49,""11110101"":18,""00001011"":11,""10101010"":16,""01001101"":12,""01100100"":22,""00111101"":20,""01001010"":8,""00100101"":38,""01110100"":30,""11000110"":17,""00110100"":25,""00110000"":11,""00000101"":27,""11010001"":17,""10100100"":13,""00100000"":42,""00110010"":24,""11010000"":33,""00100100"":49,""00110101"":27,""10010000"":3,""10110000"":10,""10100001"":10,""10110110"":13,""10000101"":11,""11010101"":28,""01000001"":19,""11000000"":23,""00110011"":16,""11010110"":18,""11110010"":5,""11100110"":6,""11100000"":9,""01010110"":22,""11000010"":18,""00010001"":22,""10100010"":10,""00010100"":31,""01110000"":15,""01100011"":6,""01010000"":21,""00010010"":21,""01110010"":16,""11101100"":11,""01110110"":18,""11110100"":13,""00010110"":27,""10100000"":7,""10110100"":29,""10100110"":11,""11000001"":16,""11010100"":32,""10100101"":21,""11100111"":5,""01000110"":22,""01010101"":21,""10110001"":13,""01011010"":24,""01000100"":26,""00000010"":25,""11010011"":10,""00110001"":18,""00100010"":31,""01110011"":9,""11110110"":5,""11000011"":10,""11010010"":17,""01100000"":13,""00010000"":15,""00000000"":29,""11110001"":11,""11110111"":7,""11100001"":7,""00101011"":23,""01010010"":16,""00000100"":35,""01100001"":20,""00011100"":18,""01100110"":13,""00000011"":24,""10000100"":6,""01010001"":16,""10101100"":20,""01100111"":3,""00000001"":22,""01010011"":13,""00010101"":24,""01100010"":8,""01110101"":30,""10110101"":17,""11001101"":16,""00100011"":17,""10110011"":11,""01010111"":9,""01010100"":33,""01000011"":7,""10000010"":7,""10010001"":3,""01101101"":17,""00110111"":12,""10111000"":12,""10010010"":5,""00110110"":8,""10100111"":6,""01111100"":26,""10011110"":5,""00101110"":29,""11011110"":13,""11001010"":14,""00101100"":65,""01101100"":22,""00001000"":17,""11111010"":9,""11101001"":7,""11111100"":18,""10001000"":8,""01111111"":13,""11001111"":6,""11111101"":12,""01001100"":16,""00111000"":14,""10001111"":9,""11001000"":14,""01111001"":13,""01111010"":19,""01101011"":9,""11111011"":5,""01000111"":8,""00100110"":19,""10010111"":3,""11110000"":6,""10010110"":4,""01100101"":10,""10111100"":15,""00101001"":17,""11111111"":7,""01111011"":6,""00011011"":11,""10101111"":9,""10111110"":12,""10001001"":8,""10011101"":4,""10011100"":7,""00011110"":20,""10101001"":15,""10101101"":18,""01011011"":12,""11011001"":22,""01101110"":13,""10111011"":6,""10011000"":4,""00111011"":8,""11101110"":8,""11001011"":8,""10011010"":3,""10010101"":6,""00001111"":12,""11100100"":18,""10000001"":4,""11100010"":6,""10000011"":4,""01000101"":12,""10000000"":7,""10001101"":9,""10011011"":1,""10110111"":4,""00010011"":5,""10001010"":4,""11110011"":6,""10010011"":3,""11010111"":13,""11111110"":4,""10000111"":2,""10000110"":6,""11100011"":8,""10100011"":6,""10011111"":2,""10001011"":2,""11101111"":3,""10010100"":2}"
47,x,4000,0.17200000000000004,0.12250000000000005,0.018000000000000016,0.008499999999999952,0.08799999999999997,-0.0714999999999999,0.15949999999999998,0.404,"{""00101110"":44,""00101010"":27,""01001001"":27,""11101100"":19,""01001110"":33,""11011100"":3,""01000011"":33,""00110010"":73,""01011111"":21,""01011100"":54,""00011110"":12,""01001010"":36,""00101000"":50,""00001111"":13,""01110000"":11,""00001001"":10,""01111100"":13,""00101101"":62,""10110011"":11,""00011000"":26,""11101110"":19,""01001011"":25,""10101101"":18,""11011101"":7,""01011011"":13,""00101100"":61,""11111100"":7,""11001000"":6,""11101101"":24,""00001110"":22,""10101011"":8,""00101111"":32,""10101010"":13,""10001011"":11,""00111111"":14,""01001000"":41,""11011011"":4,""10101001"":15,""10001111"":6,""01011110"":22,""00000000"":22,""00111011"":27,""00001010"":12,""01101110"":9,""01111110"":7,""11011111"":4,""00001101"":7,""00111010"":42,""11101001"":13,""10011110"":6,""01101001"":6,""10011100"":10,""10011101"":18,""01111010"":10,""00111100"":40,""01001100"":36,""11000000"":4,""10011010"":6,""00110000"":56,""10101100"":18,""10001010"":13,""00001100"":15,""10001100"":12,""00111000"":47,""00111101"":38,""11101111"":11,""11101010"":8,""10111100"":10,""11111000"":18,""01111101"":6,""01011000"":41,""11100000"":14,""00101001"":44,""00101011"":26,""10101000"":14,""10111010"":12,""11101000"":15,""11111010"":6,""10001000"":11,""01000100"":36,""11010010"":6,""01011101"":36,""10001110"":14,""01001101"":24,""00000001"":19,""01010010"":20,""01010001"":22,""10011011"":7,""01011001"":21,""11011110"":6,""10010011"":2,""00111110"":33,""00010101"":12,""10111111"":3,""10001101"":10,""10110111"":6,""00000101"":14,""00001000"":16,""00100000"":36,""11001010"":3,""00111001"":16,""11101011"":9,""10110100"":14,""10011000"":18,""10111001"":3,""10000100"":24,""00011010"":14,""11001001"":3,""00010111"":9,""10110110"":9,""10100011"":5,""00100110"":47,""10000010"":17,""01000111"":19,""10010001"":6,""00110100"":56,""10100101"":13,""00000111"":7,""00110001"":35,""00100101"":38,""01000000"":51,""01000001"":38,""00110111"":24,""01010101"":32,""11100101"":9,""01000010"":45,""00100011"":22,""00110011"":23,""11100011"":14,""00010010"":20,""01010000"":31,""11010110"":6,""00100100"":45,""00110101"":23,""10010110"":15,""00010110"":12,""11110000"":11,""10110010"":11,""10100000"":22,""01000101"":30,""10100110"":14,""01010111"":14,""01100001"":10,""01100110"":9,""10110001"":5,""00100001"":54,""00100111"":20,""10110000"":12,""00000110"":12,""01100111"":4,""11010101"":2,""10100001"":18,""00011001"":15,""11100001"":14,""00010000"":21,""11100111"":8,""00010100"":15,""11110001"":14,""11000010"":2,""11000110"":5,""01100101"":6,""10010010"":7,""01001111"":20,""11111110"":10,""10000000"":13,""10101110"":26,""10011111"":10,""11000011"":3,""10001001"":10,""01111011"":7,""10100010"":9,""11011010"":5,""10000111"":6,""10101111"":10,""00011011"":6,""10000110"":16,""01111001"":5,""11001110"":5,""00011100"":10,""10110101"":7,""01101100"":5,""00011101"":10,""10011001"":8,""11011000"":5,""11010001"":3,""01011010"":29,""00001011"":9,""11111001"":10,""00011111"":5,""11111101"":4,""01100100"":11,""01100010"":4,""01010110"":24,""11110101"":8,""10100111"":7,""11100100"":17,""00000100"":14,""00110110"":30,""01010011"":23,""11000100"":5,""11110011"":9,""01000110"":47,""01100000"":10,""01110011"":9,""10000001"":12,""10000011"":19,""01110110"":8,""10010100"":5,""00010011"":3,""11110111"":10,""00000010"":15,""10111101"":8,""11100010"":8,""01010100"":22,""10111110"":6,""01101111"":1,""01101000"":10,""11001111"":2,""11110010"":19,""01111000"":6,""11111111"":6,""11111011"":11,""01110010"":10,""11001100"":5,""11010111"":4,""11000111"":4,""11110110"":9,""00010001"":19,""11010011"":2,""11000101"":4,""00000011"":8,""11000001"":4,""10010101"":4,""11010000"":7,""11110100"":13,""10010111"":10,""11100110"":13,""01111111"":2,""11001011"":2,""01101101"":7,""01101011"":3,""00100010"":22,""10010000"":10,""10111011"":8,""01110100"":5,""01100011"":2,""01101010"":4,""10000101"":7,""01110001"":4,""10100100"":6,""01110101"":6,""11011001"":2,""10111000"":4,""01110111"":1,""11010100"":1}"
48,x,4000,0.3395,0.251,0.050000000000000044,0.027000000000000024,0.22550000000000003,-0.41900000000000004,-0.4255,0.5745,"{""00111011"":11,""00101100"":37,""01001101"":20,""11111001"":4,""01101011"":47,""01011101"":12,""10101010"":5,""01101000"":112,""01111011"":30,""01101010"":55,""00101000"":42,""10111100"":3,""01111111"":35,""01110111"":19,""01110011"":28,""01111100"":86,""01111001"":24,""01101111"":44,""11101100"":19,""00111010"":14,""00011101"":13,""01100000"":167,""11001010"":3,""01110001"":24,""01101101"":76,""11101001"":6,""00101001"":22,""01111010"":41,""01101001"":56,""11011101"":6,""00011100"":18,""00010101"":10,""01111110"":43,""11111011"":13,""00011000"":18,""01101100"":141,""00111110"":16,""00010000"":14,""01001110"":12,""01100011"":55,""11111100"":18,""00011111"":10,""01011000"":16,""01001011"":10,""10011100"":21,""11101101"":22,""00111000"":22,""01011010"":5,""10001000"":10,""10001001"":5,""01111101"":26,""00100010"":33,""00010011"":10,""01101110"":30,""10011101"":7,""00001111"":6,""01111000"":42,""01001000"":43,""01001100"":30,""11001101"":8,""01011110"":5,""11001100"":15,""00001101"":6,""01001001"":9,""00111100"":20,""11101000"":23,""11011100"":10,""01000000"":51,""01001111"":6,""10011010"":6,""01110000"":85,""01000010"":27,""00101010"":24,""00111111"":8,""01000001"":8,""01110010"":61,""11101010"":10,""00000100"":18,""00101111"":11,""10011011"":9,""01011100"":19,""00001010"":7,""01011111"":6,""01110101"":21,""10011001"":5,""11001001"":5,""00011010"":14,""01100101"":55,""11101011"":11,""00100000"":55,""10001010"":4,""00101101"":20,""00101110"":10,""00110111"":6,""00001110"":9,""01100010"":106,""00110101"":8,""00001011"":3,""11001011"":7,""10011000"":10,""01011011"":3,""10101000"":9,""01001010"":15,""11110100"":16,""10011110"":4,""11111000"":8,""10001100"":7,""11101110"":11,""11001000"":15,""10000000"":16,""10000100"":8,""11000110"":5,""10001110"":7,""11100010"":14,""01000111"":6,""10101111"":4,""11111110"":8,""10101101"":1,""10111110"":2,""10010000"":14,""11011000"":5,""11011011"":2,""10100101"":4,""11101111"":8,""10011111"":10,""01011001"":4,""11111111"":6,""00011001"":9,""10111101"":1,""11011010"":3,""00110001"":6,""00111101"":8,""11001110"":7,""11111101"":6,""10001111"":6,""11000111"":3,""01110100"":89,""00000010"":10,""00010010"":19,""01100001"":34,""00000101"":5,""00100001"":14,""00000011"":10,""00110010"":14,""00010100"":19,""00001100"":6,""01100100"":119,""01100111"":25,""10100010"":4,""11100001"":10,""00100101"":22,""00000000"":19,""01110110"":41,""01100110"":26,""00100110"":15,""11010100"":9,""00000110"":6,""01000011"":16,""11100011"":8,""10000010"":10,""11000010"":8,""11110000"":10,""10100001"":3,""00010110"":5,""10010100"":11,""11100000"":33,""00100100"":39,""10100100"":7,""11100100"":29,""00010001"":5,""11000000"":26,""01000110"":5,""11110110"":11,""01010110"":12,""11100110"":12,""11000100"":7,""01010101"":8,""10000111"":2,""11000011"":15,""01010100"":19,""01000101"":17,""00110100"":25,""01000100"":23,""10010111"":5,""01010000"":17,""00111001"":7,""11001111"":5,""10010010"":9,""00001001"":7,""00010111"":2,""00110011"":6,""11010110"":4,""10110111"":2,""00110110"":8,""10110100"":3,""10010101"":3,""11010000"":9,""01010010"":12,""00100011"":12,""10010011"":9,""00110000"":11,""00100111"":10,""10000011"":4,""11100101"":7,""10110101"":2,""11110010"":4,""11110111"":6,""11110011"":6,""10110000"":2,""10010110"":3,""01010111"":7,""10001101"":3,""11010011"":3,""00000001"":3,""01010001"":3,""11010101"":3,""11110001"":3,""10000001"":5,""11010111"":5,""11110101"":3,""10110001"":2,""00011011"":4,""11111010"":6,""11000001"":5,""00101011"":11,""10101011"":1,""11011001"":1,""10100000"":4,""11100111"":8,""10110011"":2,""00001000"":4,""00011110"":2,""10001011"":2,""10111010"":1,""11011111"":3,""10101110"":1,""11011110"":2,""10101100"":2,""10101001"":1,""10000110"":3,""11010010"":3,""10000101"":3,""10100110"":1,""00000111"":1,""01010011"":1,""10111000"":1,""10100011"":1}"
49,x,4000,0.37549999999999994,0.346,-0.23049999999999993,0.034499999999999975,0.26,-0.488,-0.496,0.46599999999999997,"{""10000000"":12,""01110000"":61,""01100100"":242,""01100000"":118,""01110010"":16,""01100010"":57,""00100100"":34,""01100111"":71,""01100110"":76,""01110110"":38,""10000100"":54,""01010100"":28,""01110100"":95,""01101100"":246,""00110100"":14,""11100100"":49,""01000111"":10,""00000100"":36,""00010100"":26,""10010100"":16,""01110111"":36,""00100011"":8,""01011000"":24,""11101000"":38,""01010001"":7,""10000111"":13,""11100110"":11,""01110001"":31,""00010010"":6,""10100000"":2,""11110000"":21,""01010111"":7,""10110100"":12,""11100111"":16,""01101111"":57,""01101011"":42,""01100011"":44,""11110010"":7,""11110100"":29,""01111011"":13,""01011100"":34,""01100001"":51,""01100101"":69,""11010000"":4,""11101100"":56,""00110110"":11,""01110101"":34,""00101101"":5,""00101100"":25,""10100100"":7,""11110111"":8,""10010001"":6,""10010010"":7,""01011010"":13,""11111111"":7,""01111000"":67,""01101101"":76,""01111111"":29,""10000001"":10,""11101111"":10,""00111101"":6,""11111000"":22,""00111000"":9,""11111100"":23,""10101101"":4,""11001110"":2,""11111110"":9,""01101010"":63,""01111001"":34,""01101001"":46,""01101000"":113,""00101000"":11,""01111100"":108,""10101010"":7,""01001100"":17,""00101111"":4,""01111101"":24,""01111110"":29,""01000100"":28,""10011010"":10,""11011000"":3,""01101110"":67,""11000100"":8,""11111011"":7,""11101101"":20,""00001000"":10,""11111001"":4,""11101110"":18,""10011110"":7,""11100101"":14,""10001100"":35,""01001111"":5,""10001101"":7,""11011100"":5,""00011010"":4,""01111010"":20,""11011101"":4,""10011101"":8,""11100010"":14,""00111100"":11,""10001000"":13,""10001111"":17,""00100000"":16,""00100111"":11,""01010110"":6,""00010000"":12,""11010110"":2,""01000001"":3,""00100010"":6,""10010000"":24,""00101001"":4,""00010110"":5,""11100000"":30,""01000110"":11,""01000000"":12,""00100001"":6,""10000110"":17,""10110011"":1,""00000000"":4,""00101010"":7,""10010111"":12,""11010100"":6,""11110101"":10,""00010001"":9,""11100001"":14,""11000000"":3,""00010011"":6,""00011100"":17,""00100101"":12,""10011000"":16,""00110001"":6,""01000101"":5,""10010101"":5,""00010101"":5,""01000010"":10,""10100010"":5,""00100110"":7,""10110010"":2,""11100011"":14,""10000101"":7,""01010010"":6,""10100101"":4,""11110001"":9,""01010000"":17,""00000101"":6,""10011111"":9,""10110000"":3,""01110011"":15,""00000001"":4,""01000011"":3,""00000110"":9,""00000111"":7,""00000011"":4,""00000010"":5,""10101000"":10,""00011000"":16,""01011001"":10,""10101001"":4,""01001011"":2,""01011101"":11,""00001100"":21,""00001111"":4,""00001110"":9,""00001010"":4,""01001010"":2,""00001001"":5,""01001101"":5,""00011001"":3,""00111111"":4,""11011010"":3,""01001110"":8,""10111101"":3,""01011110"":6,""10110101"":4,""01001000"":8,""00010111"":5,""11110110"":9,""01010011"":6,""10010110"":12,""00110010"":3,""11111010"":10,""00110111"":5,""00110101"":4,""00110000"":4,""10000010"":7,""10001010"":11,""11101011"":9,""00011110"":7,""00011101"":6,""10101100"":13,""11111101"":5,""10001011"":4,""00101011"":6,""00001101"":7,""11001100"":3,""00101110"":3,""00110011"":3,""10010011"":2,""11011111"":1,""10011100"":11,""10001001"":4,""10001110"":11,""11101001"":6,""10011011"":5,""11001011"":2,""01011111"":7,""11001010"":1,""11001111"":2,""11101010"":11,""10111100"":6,""10100110"":2,""10111111"":3,""11110011"":10,""10110111"":4,""11000010"":1,""01010101"":6,""10100001"":2,""00111010"":5,""10101110"":2,""10111000"":4,""00011111"":1,""10110110"":1,""10100111"":2,""01001001"":5,""11011011"":1,""00111001"":2,""01011011"":3,""00111110"":3,""10111110"":2,""11010101"":1,""11000110"":1,""10100011"":1,""10000011"":2,""11001101"":1,""11001001"":1,""10111011"":1,""10111010"":1,""11010010"":1,""10011001"":2,""11001000"":3,""00001011"":1,""10110001"":1}"
50,x,4000,0.23050000000000004,-0.04400000000000004,-0.1419999999999999,0.031000000000000028,0.11399999999999999,-0.11549999999999994,-0.2589999999999999,0.43300000000000005,"{""00010101"":18,""11010111"":9,""01011101"":14,""10010110"":17,""11010000"":20,""00010111"":14,""01100010"":72,""00100001"":11,""10110000"":5,""01010100"":29,""01100101"":46,""01100100"":84,""01101101"":46,""00010100"":23,""01100011"":66,""00110010"":9,""00010110"":47,""00010010"":33,""10000110"":20,""11000111"":13,""00100111"":7,""01110111"":35,""01110011"":19,""11000101"":18,""11010101"":12,""01100110"":91,""11000110"":20,""01100001"":38,""11000100"":26,""01110110"":58,""01010111"":11,""11010001"":12,""11110011"":8,""11110001"":3,""01010001"":9,""00100010"":8,""11100101"":2,""01101111"":57,""11100100"":7,""10000011"":13,""10000010"":19,""00101001"":14,""00010001"":15,""11010010"":7,""10000001"":3,""00000101"":10,""11010110"":21,""01000111"":5,""00010011"":19,""01110001"":16,""01110101"":34,""10010111"":9,""01010010"":19,""01000010"":8,""10000000"":12,""01010000"":22,""00110111"":10,""11000000"":13,""10000101"":11,""11100110"":15,""01010011"":16,""01100000"":51,""01111101"":38,""01100111"":46,""10010011"":6,""11100000"":6,""00000100"":32,""01001110"":7,""01010110"":27,""00000010"":17,""10100011"":11,""01110100"":53,""11100111"":5,""01101011"":49,""00110000"":10,""10000100"":29,""01110010"":38,""01000110"":11,""00000001"":9,""10110111"":6,""01110000"":24,""00011001"":18,""11100001"":4,""11110110"":9,""00110101"":3,""01000011"":12,""01000001"":7,""00000110"":22,""10100001"":3,""10011101"":10,""11110111"":4,""00100101"":6,""00110100"":12,""01010101"":7,""10010000"":4,""00100110"":19,""01011111"":16,""01000100"":9,""10000111"":13,""11010100"":17,""01101001"":61,""01000000"":6,""00000111"":11,""11000010"":15,""00001010"":15,""01001001"":11,""11010011"":8,""01101100"":92,""10100000"":8,""00001000"":14,""10010101"":8,""10010001"":8,""00100100"":24,""00010000"":34,""11011101"":15,""11000001"":6,""00100011"":10,""01001011"":2,""11110101"":4,""11001110"":20,""00100000"":9,""00000011"":14,""11110000"":6,""00011100"":47,""10101000"":9,""11000011"":9,""00011101"":17,""00110011"":7,""00011000"":20,""00000000"":17,""10110100"":5,""11110010"":8,""10100010"":8,""10110010"":7,""01011001"":8,""10100100"":8,""01101110"":116,""11110100"":3,""01111001"":20,""11001101"":10,""00110110"":8,""10110110"":10,""11011100"":9,""00011010"":22,""11100011"":5,""10110001"":4,""00101011"":14,""11011110"":29,""11011001"":9,""00101100"":22,""11001100"":23,""11011000"":14,""10001000"":15,""01111100"":39,""01011100"":8,""01111110"":53,""01111000"":33,""10101110"":10,""10001011"":5,""00001100"":21,""10111111"":4,""10011001"":10,""00011111"":19,""00101000"":10,""01101010"":49,""10011110"":14,""01011011"":13,""01011110"":14,""11111000"":3,""01101000"":63,""10001010"":10,""00011110"":35,""10111110"":6,""01001101"":6,""10111101"":3,""01111010"":28,""10001100"":19,""11001111"":8,""11001001"":7,""00101111"":8,""10100110"":6,""00101110"":30,""01011000"":18,""11011010"":6,""10011010"":5,""01111011"":21,""01000101"":4,""00101010"":10,""00111101"":5,""00111011"":2,""10001101"":10,""11011011"":5,""01111111"":25,""10111100"":6,""11001011"":10,""11011111"":10,""11101101"":5,""10011100"":10,""11101100"":9,""10001110"":16,""10111001"":4,""10011000"":6,""11001010"":14,""11101011"":8,""10001111"":11,""00001111"":14,""11111011"":4,""10001001"":6,""00101101"":11,""00111100"":9,""00001011"":13,""11111110"":5,""00111111"":3,""10111010"":6,""01011010"":11,""01001111"":5,""00111110"":8,""01001000"":3,""11101110"":11,""11101010"":9,""11001000"":13,""01001100"":8,""00011011"":18,""11111100"":6,""00111010"":6,""10101001"":9,""00111000"":4,""10101100"":4,""10111000"":5,""01001010"":5,""10011011"":9,""00001110"":19,""11101000"":6,""10101010"":4,""00001101"":5,""00111001"":4,""10011111"":10,""00001001"":6,""10111011"":2,""10010100"":7,""10100101"":2,""10101011"":4,""11101111"":6,""10101111"":6,""10010010"":7,""10100111"":3,""10110011"":4,""10110101"":2,""11100010"":5,""00110001"":3,""11111001"":2,""11111010"":4,""11101001"":3,""11111111"":1,""10101101"":2,""11111101"":2}"
51,x,4000,0.358,0.25,0.10299999999999998,0.03249999999999997,0.13449999999999995,-0.06299999999999994,0.062000000000000055,0.7384999999999999,"{""11011110"":3,""01001010"":27,""10001010"":5,""00101000"":86,""01111011"":26,""01111000"":60,""10011110"":8,""01001000"":62,""01001011"":16,""00110010"":26,""01011111"":20,""00001100"":41,""10111100"":8,""00001000"":66,""00101010"":33,""01011100"":78,""00001111"":6,""00111101"":11,""00110000"":46,""01111100"":53,""11011000"":6,""01101100"":50,""10001111"":4,""00001010"":36,""11001001"":2,""00110110"":13,""00101001"":24,""00110001"":18,""01011110"":31,""10010000"":10,""00001001"":18,""01000011"":33,""00101101"":42,""10001000"":20,""00011101"":16,""01100000"":62,""10101111"":3,""01110000"":70,""01101101"":26,""01100001"":19,""00111111"":11,""01000000"":71,""10011010"":7,""00111011"":16,""00111100"":31,""10011111"":5,""00101100"":64,""10001101"":3,""00110011"":21,""00000010"":46,""01111001"":16,""01001110"":22,""00101110"":27,""01101000"":40,""00011110"":14,""00011000"":21,""01111010"":32,""01011010"":21,""10011101"":4,""01110111"":18,""00001101"":15,""10101011"":3,""00111000"":31,""01101110"":24,""10101101"":8,""01111101"":27,""10110001"":4,""01100010"":18,""11001100"":2,""01001100"":25,""10011100"":17,""00101011"":28,""01001001"":10,""11110011"":1,""00100100"":66,""10111000"":6,""11011100"":6,""01101011"":10,""00100011"":44,""01000100"":33,""00111001"":10,""10111011"":3,""10111010"":4,""00111110"":22,""01101010"":19,""00011100"":47,""00100000"":100,""01110100"":49,""00001011"":31,""10011000"":7,""11001000"":4,""01010000"":36,""00000011"":39,""00100101"":27,""01001101"":19,""01110010"":44,""01100110"":9,""10110000"":10,""01001111"":6,""01111110"":25,""01101111"":14,""10001011"":7,""00011010"":14,""01100011"":14,""01111111"":14,""10101001"":6,""00100111"":21,""01011000"":22,""01011001"":5,""01110001"":20,""10001001"":2,""00011011"":6,""11111101"":1,""01011101"":28,""10111101"":1,""11011111"":4,""01010011"":10,""10101000"":17,""11011010"":2,""00110101"":17,""00111010"":15,""01010100"":66,""11111000"":2,""11111100"":2,""00100001"":19,""00101111"":14,""01010010"":27,""01101001"":12,""01110011"":29,""10000010"":10,""00110111"":10,""10000011"":6,""00100010"":54,""01000010"":34,""01100100"":35,""11000010"":5,""10110110"":2,""10000100"":10,""01110101"":20,""01100111"":12,""11000100"":2,""10010100"":10,""10100100"":14,""11000000"":10,""10010011"":5,""10010111"":5,""10100010"":12,""00000000"":80,""00000100"":28,""00000111"":17,""10010001"":3,""01000001"":36,""01000111"":9,""00110100"":29,""00100110"":15,""00010100"":35,""01000101"":15,""01010101"":25,""01000110"":17,""10110011"":3,""00010011"":4,""10110010"":7,""01110110"":15,""01011011"":13,""00011111"":10,""00001110"":14,""10111110"":5,""10010010"":5,""11001011"":1,""10101100"":15,""10110100"":8,""11101100"":6,""10001100"":9,""10001110"":3,""11101101"":1,""01100101"":17,""10100001"":5,""10010101"":3,""10100000"":14,""00000110"":18,""00010101"":10,""00010000"":16,""01010001"":7,""10110101"":4,""10000000"":14,""00010111"":11,""10000001"":9,""10100011"":9,""11010000"":1,""11100010"":1,""01010110"":19,""00000101"":13,""10101110"":5,""10111111"":4,""10011011"":2,""00000001"":25,""11001010"":3,""10101010"":6,""11010111"":3,""10100101"":3,""00010001"":7,""10100110"":1,""11001110"":1,""00010110"":11,""00010010"":13,""11110000"":5,""11010110"":3,""11000111"":2,""01010111"":13,""11110100"":3,""10000101"":4,""11000101"":1,""11101011"":2,""11011001"":3,""11100100"":3,""11010101"":1,""10000110"":5,""11000110"":2,""11010011"":2,""10000111"":3,""10011001"":2,""11101000"":2,""00011001"":3,""11010010"":1,""11110110"":3,""11010100"":4,""10100111"":3,""11101001"":1,""11111010"":3,""11011011"":1,""10010110"":1,""11000001"":2,""11110010"":1,""11111001"":1,""11100001"":1,""11110111"":1,""11000011"":1,""11001101"":1,""11100000"":1,""10110111"":1,""11100011"":1}"
52,x,4000,0.17600000000000005,0.18400000000000005,0.01200000000000001,0.02300000000000002,0.27649999999999997,0.08399999999999996,0.3135,0.6355,"{""01011010"":11,""01011000"":23,""01001101"":38,""01111000"":13,""00111101"":54,""01101100"":9,""00101001"":53,""00001111"":26,""01011001"":23,""01111100"":16,""00001101"":36,""00111110"":43,""00001000"":51,""01001110"":39,""00101010"":50,""01011110"":17,""00101100"":51,""00001010"":45,""00011010"":19,""00011110"":22,""00011000"":16,""00101110"":45,""00100000"":103,""11111000"":5,""10011110"":6,""01111011"":7,""11101001"":10,""10101010"":7,""00101000"":83,""00111001"":25,""00101101"":29,""10100100"":4,""01101101"":6,""00100110"":59,""01011101"":16,""00111000"":32,""00101011"":29,""11101000"":9,""01001100"":25,""00001100"":47,""10001100"":13,""01001010"":34,""00011100"":33,""00001110"":45,""00001001"":40,""01001111"":25,""10001001"":7,""00000000"":75,""01101011"":4,""11010000"":7,""00001011"":23,""10011010"":7,""00000011"":44,""11101011"":7,""00011101"":33,""11111010"":4,""01001001"":27,""10000111"":7,""11011100"":10,""00111100"":47,""01000010"":29,""01101000"":12,""00110000"":19,""00000100"":44,""10101100"":8,""10001011"":7,""10101101"":4,""11011011"":3,""00011111"":14,""00000001"":44,""00000010"":59,""10111100"":7,""11001001"":5,""01111101"":13,""11001100"":4,""10011101"":9,""00100100"":50,""11101100"":7,""01011100"":23,""11011010"":1,""00100001"":65,""01011011"":6,""00011011"":8,""10001110"":9,""01000000"":39,""10111001"":4,""01001000"":47,""01001011"":23,""10000010"":11,""00111010"":11,""11001111"":10,""11001010"":5,""01100000"":10,""01111001"":7,""01111010"":4,""11001000"":7,""01111110"":11,""00010111"":16,""01101010"":6,""00111011"":14,""10001000"":10,""00010011"":9,""00111111"":23,""01010101"":16,""00000111"":22,""01010110"":12,""00110010"":18,""00000110"":35,""00010100"":36,""00100010"":63,""01000101"":34,""01010001"":22,""00110101"":36,""00100011"":40,""00100101"":36,""11000010"":7,""11100110"":13,""00000101"":32,""00110001"":29,""00010110"":28,""01010000"":26,""01000100"":40,""11110100"":2,""00110111"":13,""00010101"":40,""01010010"":14,""00110100"":37,""01010111"":5,""10010100"":10,""11010001"":2,""01000001"":35,""01110001"":5,""10110001"":7,""00100111"":33,""00110110"":23,""01100110"":7,""01000110"":34,""10100011"":4,""10010101"":10,""01011111"":12,""00010000"":28,""01110000"":8,""01100100"":8,""11111001"":3,""10011100"":17,""10110000"":3,""10111011"":2,""01101001"":4,""11111110"":6,""10101000"":7,""10111000"":3,""10111101"":6,""10011000"":6,""00010010"":14,""10101110"":5,""10111110"":5,""11111011"":3,""11111100"":6,""10101011"":6,""01110101"":11,""01110100"":17,""01110010"":16,""11100001"":22,""11000110"":4,""10100111"":2,""11100011"":9,""01100111"":5,""10000110"":7,""11100101"":10,""00010001"":21,""10000000"":12,""10100010"":9,""00101111"":18,""01010100"":13,""01010011"":6,""11100010"":13,""01110011"":6,""10010000"":4,""11000011"":8,""11000101"":7,""00110011"":7,""10100000"":8,""11101010"":13,""11011101"":9,""11000000"":10,""10010011"":3,""11101101"":4,""00011001"":12,""10111111"":1,""01000011"":20,""01110111"":6,""11100000"":21,""10010010"":5,""10000101"":7,""10010110"":6,""10110101"":2,""01101111"":4,""10000001"":7,""01100101"":8,""10000100"":12,""11100100"":8,""11011111"":1,""11011000"":4,""11110110"":3,""01110110"":10,""11010100"":10,""01100001"":4,""11000111"":3,""01000111"":22,""11010111"":1,""10000011"":6,""10010001"":8,""11110011"":1,""10110010"":2,""11010010"":5,""11000100"":9,""10110111"":2,""11000001"":2,""10100001"":6,""01100011"":7,""10110100"":5,""11010110"":2,""11110101"":3,""10100110"":5,""11100111"":5,""11001110"":5,""01101110"":10,""11011110"":6,""10001010"":7,""11110111"":1,""10001101"":7,""01100010"":4,""11010101"":2,""11111101"":3,""10100101"":2,""10101001"":3,""11111111"":1,""11001101"":3,""11011001"":4,""10011001"":7,""10011111"":8,""11101110"":4,""10111010"":3,""11101111"":4,""10101111"":1,""01111111"":2,""10001111"":1,""11110010"":1,""10010111"":2,""10011011"":1}"
53,x,4000,0.32199999999999995,0.08550000000000002,-0.013500000000000068,0.0020000000000000018,0.15849999999999997,0.09550000000000003,0.33899999999999997,0.6705,"{""00010000"":54,""10010100"":25,""01110100"":42,""00000100"":51,""00000001"":30,""10000101"":3,""10010110"":19,""00010110"":50,""01010110"":11,""10000100"":14,""00000110"":40,""01000000"":10,""01100100"":46,""01100010"":48,""01110110"":13,""00100101"":19,""00010100"":86,""00100000"":61,""01100011"":24,""00011100"":103,""01100101"":29,""00100010"":51,""01010010"":9,""00000010"":97,""11010110"":6,""00100110"":21,""10010101"":12,""01000001"":8,""11010111"":1,""01100110"":28,""01010000"":11,""01110111"":24,""01110010"":40,""00011000"":54,""00110101"":15,""01010100"":17,""00000111"":30,""00101000"":48,""10010000"":10,""00000011"":49,""10010111"":10,""01101000"":37,""01111011"":9,""01110000"":27,""01000011"":10,""00000000"":102,""00101110"":43,""10011100"":30,""01010101"":13,""00110100"":15,""10001000"":18,""11100000"":5,""00011101"":52,""10000110"":11,""00010001"":21,""00001110"":40,""10100100"":6,""01000111"":7,""10001110"":13,""00100100"":42,""11000010"":4,""00110111"":5,""00111100"":28,""00001100"":51,""01101100"":48,""00101010"":30,""01101010"":40,""01101001"":16,""00101101"":30,""00011111"":26,""00001011"":55,""01111000"":27,""10111100"":6,""01011101"":15,""01001110"":6,""10111001"":1,""01101110"":55,""00101100"":49,""01111100"":43,""01101111"":21,""00001111"":25,""00111110"":14,""00001000"":56,""00001010"":91,""01111010"":29,""00011010"":34,""01001010"":14,""10101110"":5,""00111000"":12,""00101111"":17,""01101011"":24,""01011000"":12,""00001001"":20,""00000101"":21,""01100000"":54,""01010011"":2,""01111110"":18,""01001001"":6,""01001111"":6,""01001000"":13,""01111111"":20,""00111010"":8,""10001111"":2,""10111101"":4,""01111101"":23,""01101101"":26,""10110101"":4,""00010101"":37,""10100011"":9,""10100000"":12,""01011100"":23,""10000001"":6,""11000110"":2,""00100011"":41,""11100100"":2,""00010010"":26,""00110001"":8,""00010011"":19,""10110100"":5,""10000111"":8,""00010111"":22,""11110000"":4,""10100010"":11,""10101100"":7,""10100111"":13,""10000000"":16,""10001001"":9,""10000010"":24,""10100110"":10,""10010010"":5,""01100001"":14,""01000101"":5,""00011110"":51,""01000010"":10,""10101010"":10,""01110011"":18,""11010100"":4,""11000100"":1,""01100111"":23,""01010111"":6,""00100001"":16,""00100111"":12,""10011101"":11,""00110000"":9,""00111001"":8,""01110101"":19,""00110110"":8,""01011111"":7,""00101001"":18,""11011101"":2,""10011110"":20,""10011111"":8,""00001101"":30,""11000011"":4,""11001110"":1,""00111011"":3,""10111000"":6,""10001010"":19,""11011001"":3,""00111111"":4,""00011011"":27,""01001100"":6,""10001101"":9,""10011000"":20,""00011001"":24,""01001011"":8,""11001001"":1,""10101000"":11,""00111101"":15,""11101101"":5,""01111001"":9,""11011100"":5,""10100101"":4,""01000100"":10,""00101011"":20,""10011010"":7,""11101100"":3,""11001010"":2,""01011010"":13,""11111001"":2,""01001101"":6,""10111111"":3,""10011001"":9,""11011010"":2,""10000011"":11,""11101010"":5,""10111110"":2,""10101011"":3,""11100101"":4,""01110001"":7,""11001100"":2,""11101110"":4,""10001100"":6,""11111101"":5,""10001011"":5,""10101001"":1,""11110111"":2,""11101000"":3,""11111100"":3,""11100011"":3,""00110011"":3,""10110000"":4,""11100010"":5,""11110100"":4,""11000001"":2,""11010010"":1,""10100001"":2,""11100110"":2,""11010101"":2,""10101101"":1,""11001101"":2,""10011011"":3,""11011000"":4,""01011110"":8,""11111111"":1,""11001000"":1,""11101011"":1,""11001111"":1,""00110010"":9,""01010001"":6,""11100111"":1,""10110001"":3,""11011011"":2,""10010001"":4,""10110110"":2,""10010011"":4,""01000110"":3,""11011110"":1,""11010001"":2,""01011011"":1,""10101111"":2,""11111011"":1,""11111010"":2,""11011111"":1,""01011001"":2,""10111010"":1,""11110011"":1,""11101001"":1,""11111110"":1,""10110010"":2,""11000101"":1,""11110110"":2,""11110101"":1,""11010000"":1,""11010011"":1,""10110111"":1,""11100001"":1,""11110001"":1}"
54,x,4000,0.268,-0.014000000000000012,-0.052000000000000046,0.01649999999999996,0.062000000000000055,-0.09099999999999997,0.4415,0.5895,"{""00101000"":50,""00111100"":27,""10101000"":11,""10011000"":13,""00111101"":21,""01101010"":16,""00001000"":33,""00100010"":95,""00011111"":25,""10001110"":8,""11111000"":5,""00001100"":27,""00001010"":53,""01111010"":24,""00011001"":36,""10111010"":10,""01111101"":16,""01111110"":33,""00110001"":10,""00101011"":40,""10011110"":26,""10101011"":3,""10011101"":20,""10001010"":16,""11111101"":3,""00111011"":13,""00101111"":42,""01101110"":31,""10111110"":12,""01101111"":17,""10000000"":12,""10011111"":17,""01101011"":8,""00001011"":40,""00111110"":25,""00101100"":68,""01011100"":14,""11001100"":3,""01011011"":7,""00000010"":88,""00101101"":49,""00010100"":51,""00001110"":31,""00111010"":23,""00011010"":18,""00100001"":25,""01011000"":7,""00101001"":27,""00101110"":52,""11011101"":7,""00000011"":34,""00001001"":14,""11101101"":9,""10011100"":26,""11111001"":2,""01000000"":10,""11011001"":2,""00011011"":22,""00011110"":69,""01001101"":8,""10111100"":15,""10011001"":12,""01101101"":21,""01000011"":11,""10001011"":7,""00110010"":39,""11011000"":1,""01111011"":13,""10011010"":7,""10111000"":8,""01101100"":31,""00001111"":14,""01001001"":6,""10111011"":8,""01000111"":3,""10110000"":8,""01111000"":15,""01011110"":17,""00010001"":21,""00010010"":15,""00100000"":63,""00100100"":73,""11010000"":3,""10010101"":14,""10110111"":7,""00110100"":28,""10000010"":13,""10010001"":4,""00100110"":54,""11010100"":5,""01100100"":25,""10010000"":17,""00011101"":48,""01100111"":16,""00110110"":30,""00010110"":64,""00000000"":39,""10100010"":26,""01010001"":11,""00110111"":12,""01010110"":24,""01101000"":18,""01010000"":14,""00010000"":53,""00010101"":27,""10010110"":17,""10110010"":16,""01010010"":17,""10000100"":6,""11011100"":9,""11110101"":1,""01100110"":30,""01000010"":21,""11110001"":4,""10110100"":12,""00100101"":52,""00100111"":33,""01110100"":29,""11100110"":7,""00010011"":18,""00000101"":23,""01010111"":10,""01110011"":21,""01110001"":12,""01110010"":35,""01111001"":12,""01110101"":19,""10010100"":17,""01010101"":10,""10000101"":8,""11000100"":3,""01100101"":12,""10100001"":4,""10010111"":3,""00100011"":29,""00110101"":19,""10100100"":16,""00111000"":20,""00101010"":68,""01000101"":10,""00011100"":56,""11001111"":2,""01001011"":5,""10001100"":6,""00011000"":39,""00111111"":12,""10101111"":6,""01011010"":7,""11101011"":4,""01001100"":7,""00111001"":16,""01001000"":6,""01111100"":16,""11101110"":8,""00000100"":36,""00000111"":18,""10101110"":14,""01010100"":17,""10101100"":4,""11110010"":3,""10111111"":6,""01101001"":20,""01111111"":12,""00001101"":19,""10101010"":14,""01011101"":16,""01001111"":6,""10001000"":8,""11101010"":6,""11001010"":2,""10001111"":7,""10001001"":6,""10101001"":8,""10101101"":7,""11011111"":3,""00110011"":15,""10100000"":6,""11100000"":5,""11100100"":6,""00110000"":30,""10000110"":8,""10000011"":11,""01100000"":18,""10100110"":15,""00000110"":29,""01110110"":23,""10100101"":7,""00010111"":15,""11110100"":4,""10000001"":4,""00000001"":22,""10100111"":7,""01011111"":11,""11011110"":5,""10111101"":9,""01010011"":7,""10011011"":8,""11111110"":7,""11001000"":2,""11100010"":11,""01001010"":10,""01000001"":2,""11110111"":1,""01100010"":15,""01110000"":22,""11110000"":3,""01100001"":8,""10110110"":6,""01110111"":12,""11100111"":4,""10010010"":9,""10000111"":2,""11000011"":3,""11010001"":1,""10100011"":7,""10110011"":6,""11010011"":2,""01000100"":8,""11111010"":5,""11110011"":2,""10110101"":7,""11100011"":5,""01100011"":5,""11101000"":3,""11101001"":5,""11010010"":3,""11111100"":5,""11110110"":2,""11100101"":2,""01011001"":11,""10010011"":3,""11000110"":1,""10001101"":1,""11101100"":2,""01001110"":2,""11010110"":5,""11101111"":2,""01000110"":2,""11100001"":1,""11000111"":2,""10110001"":4,""11010101"":2,""11010111"":1,""10111001"":1,""11011011"":1}"
55,x,4000,0.16149999999999998,0.23650000000000004,-0.10850000000000004,0.056499999999999995,-0.05249999999999999,-0.1060000000000001,0.366,0.7050000000000001,"{""01000110"":31,""11111101"":4,""01001110"":28,""11011000"":6,""01001101"":35,""00001101"":45,""00111100"":83,""00011001"":24,""01101111"":7,""11001100"":4,""00111111"":21,""00001010"":12,""10111101"":10,""01111011"":2,""00011110"":22,""01010010"":49,""00101100"":68,""10101010"":4,""01111110"":4,""00101001"":59,""01001000"":27,""00011010"":20,""10101000"":14,""00101101"":67,""00011101"":22,""00010111"":14,""10001101"":5,""01011000"":32,""01011010"":34,""10101110"":7,""01111010"":4,""00001001"":16,""00111001"":30,""00111101"":64,""00001100"":37,""00111000"":43,""01011100"":41,""11111010"":3,""00000011"":5,""00101110"":49,""00010001"":27,""01001001"":24,""00111011"":30,""10111010"":5,""01011110"":19,""00011011"":13,""00110100"":115,""00001000"":13,""00001111"":15,""00010110"":22,""01011001"":31,""01101010"":4,""00110010"":69,""10111000"":6,""01011011"":23,""10011101"":5,""00000100"":44,""01010100"":57,""00101111"":41,""11101101"":5,""00111110"":61,""11101000"":10,""00011100"":29,""10101001"":11,""00111010"":42,""10011011"":6,""10101101"":9,""01111100"":10,""00101000"":54,""00010010"":30,""00101011"":32,""10111110"":6,""01010110"":22,""00110110"":54,""10011010"":7,""01011111"":19,""00100000"":94,""00100101"":55,""00100010"":51,""10000111"":2,""00100100"":72,""01010000"":42,""00110000"":62,""01000101"":32,""10010011"":5,""00100111"":23,""01110100"":12,""10101100"":11,""00100001"":67,""00000110"":26,""00110001"":36,""01000010"":15,""00000010"":8,""01100100"":10,""10010111"":5,""01001100"":33,""01100000"":6,""11110010"":5,""01110011"":1,""01000001"":19,""01100111"":2,""11010100"":6,""10000100"":5,""01010101"":38,""00110111"":38,""00110101"":74,""10010100"":5,""11100001"":11,""00010000"":36,""01000000"":28,""10000001"":2,""01000011"":9,""11100010"":6,""11010010"":5,""11100000"":12,""10110011"":4,""01000111"":20,""00010101"":29,""10110001"":5,""01000100"":31,""10100100"":6,""00010100"":25,""00110011"":35,""11010001"":6,""01100001"":5,""10100001"":9,""10111011"":3,""01110110"":4,""00100110"":42,""01101100"":8,""11111110"":2,""10001110"":4,""11001101"":5,""10011110"":4,""11100100"":11,""11011100"":6,""01101000"":9,""01001011"":7,""01001010"":7,""00011111"":18,""10100111"":6,""01011101"":30,""00011000"":20,""01010001"":36,""01001111"":19,""10110100"":12,""00101010"":32,""11111100"":7,""01100110"":8,""00000001"":17,""01110010"":8,""01010111"":10,""01110101"":5,""01010011"":24,""11110100"":13,""10010010"":11,""11110111"":5,""10100110"":5,""00000000"":15,""00100011"":29,""00001110"":25,""01110111"":5,""10010001"":6,""10111111"":4,""10001100"":9,""11101110"":6,""01101011"":2,""10100011"":4,""01101101"":7,""01111101"":3,""11001001"":2,""11001111"":1,""11101100"":8,""00000101"":25,""10100000"":9,""10110000"":7,""01110000"":4,""00010011"":15,""11000010"":3,""11110110"":5,""10110010"":4,""10010101"":7,""11000101"":3,""10000101"":3,""10110101"":6,""10000110"":5,""01110001"":2,""10010000"":8,""11110101"":4,""00000111"":10,""11000110"":1,""11010110"":4,""10001111"":5,""11000000"":1,""10010110"":4,""11000111"":3,""01100101"":10,""01111001"":3,""10000000"":5,""10100010"":5,""01101110"":5,""10011000"":7,""10011100"":4,""10101111"":2,""11010011"":3,""10110110"":8,""11110001"":2,""10001011"":2,""11010101"":1,""10101011"":4,""10011111"":2,""01100010"":2,""10110111"":4,""11101111"":3,""11101011"":2,""11011010"":5,""11011101"":5,""10001000"":4,""01111000"":4,""10011001"":3,""00001011"":6,""10111100"":13,""01101001"":2,""01111111"":3,""11111001"":4,""10001010"":2,""11011001"":1,""11101001"":5,""11101010"":1,""11011111"":1,""11110011"":1,""11111111"":2,""11100101"":3,""11100011"":2,""11001000"":3,""11010000"":3,""11001110"":1,""10100101"":4,""10001001"":3,""11111011"":2,""11000100"":2,""11100111"":4,""11100110"":1,""10000010"":1,""10000011"":1,""11010111"":1,""11110000"":1,""10111001"":1,""11000001"":1,""11111000"":1,""11001010"":1}"
56,x,4000,0.03500000000000003,0.1745,0.08750000000000002,0.040000000000000036,-0.09749999999999992,-0.16149999999999998,0.359,0.652,"{""01000100"":23,""00000001"":25,""01010110"":19,""01000000"":16,""01000101"":30,""00100000"":120,""00110100"":60,""11100000"":18,""01111100"":9,""00000000"":13,""10010111"":4,""00100101"":39,""01110001"":8,""01010100"":28,""11010000"":8,""01011000"":41,""00110110"":63,""11110000"":6,""10010100"":11,""00000110"":13,""11010001"":6,""00100010"":44,""00110101"":64,""00110011"":40,""01110011"":6,""10010000"":12,""00100110"":47,""10100011"":9,""00010001"":39,""01010000"":63,""11110011"":3,""10010110"":7,""00110010"":55,""00010000"":26,""01011110"":20,""00010100"":16,""01010101"":18,""10010011"":21,""00010111"":15,""10000101"":5,""00110111"":40,""11010101"":4,""11010110"":5,""00110001"":75,""00101100"":32,""00110000"":68,""00100001"":107,""01100110"":3,""11100011"":6,""00111110"":72,""00100011"":45,""01010001"":52,""00100100"":32,""01010011"":41,""00001100"":26,""00000101"":20,""00010010"":19,""00101101"":46,""00000111"":14,""01010010"":25,""01000010"":17,""10000000"":9,""00000011"":10,""01000011"":13,""10100110"":7,""10000011"":2,""00010011"":16,""10010010"":5,""10100111"":1,""00000010"":13,""10100010"":8,""01000111"":12,""00111100"":58,""00111111"":54,""01001100"":27,""00101001"":72,""01001000"":18,""01011011"":21,""11001010"":3,""01001001"":23,""00001000"":18,""01111001"":7,""01111010"":9,""00101000"":67,""00111000"":67,""00111101"":64,""01111011"":5,""00101010"":29,""01001101"":43,""00111010"":49,""00011001"":25,""01011111"":15,""00011010"":30,""00111011"":32,""00111001"":66,""01101101"":9,""01011101"":16,""00011000"":21,""10011111"":5,""00011100"":30,""01011100"":27,""10111111"":4,""00011011"":17,""10100000"":8,""11101000"":7,""11011000"":5,""11111100"":5,""01001111"":25,""11101110"":11,""11111110"":7,""01011001"":39,""01000001"":14,""00101011"":30,""11101001"":8,""11001100"":1,""00101111"":38,""01001010"":10,""01001110"":38,""11101101"":8,""00101110"":46,""10101000"":6,""10011000"":7,""01001011"":6,""11101011"":4,""10011101"":6,""11111111"":4,""01000110"":29,""00001111"":17,""00001001"":11,""10111000"":7,""01011010"":22,""01111111"":4,""00011111"":6,""11111101"":8,""11001101"":2,""10101111"":2,""01101110"":6,""00001110"":28,""00001101"":21,""00100111"":24,""01101000"":7,""11011011"":4,""11101111"":3,""10001111"":4,""10110001"":9,""00000100"":9,""11100001"":17,""01110000"":8,""11110101"":8,""01100111"":3,""01010111"":15,""01110110"":4,""11100111"":5,""00010110"":16,""10110000"":10,""10110111"":4,""11010100"":7,""10001101"":4,""10000100"":7,""11011001"":5,""01100101"":6,""10000111"":3,""01100001"":9,""10110010"":2,""10110011"":9,""11010011"":5,""10000001"":4,""01110100"":6,""11000101"":5,""11110100"":8,""11101100"":5,""11100101"":6,""11110010"":2,""01100000"":8,""11000011"":3,""11100100"":5,""00011101"":18,""11010010"":2,""00011110"":14,""10111101"":9,""11111001"":8,""01101111"":5,""10111100"":6,""01101010"":4,""10111110"":8,""10101011"":8,""11011111"":4,""01111110"":6,""10010001"":9,""01101011"":4,""10010101"":2,""10101101"":4,""01101100"":4,""10001001"":3,""10100001"":10,""01110111"":5,""10011010"":11,""10111001"":12,""10101010"":4,""10101001"":11,""11101010"":5,""10011001"":9,""11011100"":6,""11001011"":1,""11011010"":6,""10111010"":5,""10001011"":4,""10111011"":6,""11011110"":3,""10001100"":2,""11111000"":2,""11001110"":2,""10001000"":3,""00001010"":7,""01111000"":5,""10011011"":7,""01110101"":4,""11110001"":6,""10100101"":10,""11110111"":2,""10110100"":6,""00010101"":15,""10110101"":5,""10100100"":2,""01100010"":4,""10110110"":6,""10001010"":2,""11111010"":4,""10101100"":6,""01111101"":5,""11001000"":2,""10011100"":5,""00001011"":10,""11110110"":6,""10000010"":5,""11010111"":2,""11000110"":2,""01110010"":5,""11000001"":2,""11100110"":3,""11100010"":6,""10011110"":6,""11001111"":2,""11000000"":2,""10001110"":3,""11011101"":1,""11000111"":1,""10000110"":1,""11000010"":2,""01100100"":4,""01100011"":3,""10101110"":3,""11001001"":1,""11000100"":1}"
57,x,4000,0.30100000000000005,0.25249999999999995,-0.08650000000000002,0.03949999999999998,0.17300000000000004,-0.3759999999999999,0.0685,0.639,"{""11000100"":8,""00011000"":28,""00101101"":30,""01011001"":1,""01011000"":5,""00111100"":78,""01101011"":24,""11101101"":11,""00011010"":20,""00101011"":12,""00101110"":37,""00001100"":36,""00001000"":35,""00111110"":33,""00101001"":23,""00011100"":62,""00101010"":44,""11101100"":28,""00111101"":22,""00011101"":25,""01101111"":25,""11101000"":18,""01000110"":9,""00110010"":38,""01101110"":50,""11101110"":20,""00110110"":24,""00000001"":24,""00101000"":66,""11111000"":15,""00111010"":33,""00001011"":13,""00100000"":60,""11000101"":6,""00100100"":64,""11101011"":8,""10011001"":4,""01101101"":47,""11100000"":17,""00111000"":42,""01000011"":14,""00111011"":21,""01101000"":97,""00101100"":81,""00111111"":24,""01100000"":94,""00100111"":21,""00001110"":22,""00011110"":10,""01111010"":25,""10111101"":3,""11111111"":10,""00001101"":12,""01111111"":13,""01111000"":19,""10101101"":4,""00001010"":20,""11111101"":10,""01111100"":33,""01101010"":42,""01001100"":18,""00110101"":40,""01100001"":41,""01101001"":24,""01011101"":4,""10011000"":9,""00111001"":10,""01110100"":36,""00101111"":18,""00010010"":18,""00010110"":15,""01110000"":26,""01100111"":20,""10000011"":5,""01100101"":48,""00110100"":73,""11110100"":23,""00010101"":32,""00000000"":41,""11110000"":6,""00100001"":26,""10010110"":2,""00010111"":18,""00110001"":18,""01000000"":18,""00100011"":25,""00000101"":32,""01110101"":35,""01101100"":105,""00010100"":43,""01100100"":83,""01100010"":49,""10010100"":9,""01000010"":14,""11010011"":3,""11100011"":12,""10000110"":6,""11100101"":16,""01100110"":32,""10000100"":9,""00010000"":29,""10000000"":6,""01000101"":10,""01000100"":16,""11110010"":10,""01110010"":11,""00110000"":44,""00000011"":16,""11110110"":7,""11000110"":3,""00110111"":32,""11100100"":21,""00110011"":24,""01100011"":46,""11100110"":11,""10000010"":10,""00000010"":25,""00100101"":44,""01011100"":18,""01111110"":20,""10001001"":2,""10011101"":6,""10011110"":7,""00100010"":42,""01110110"":15,""11011110"":3,""10000001"":3,""01111101"":14,""00011111"":16,""01111001"":9,""01001101"":6,""01011110"":8,""01000001"":8,""11001000"":5,""11011101"":5,""11100010"":19,""10001110"":3,""11011100"":8,""01011011"":3,""10011100"":20,""10111100"":2,""10010010"":9,""00011011"":10,""11001111"":1,""01010111"":8,""00000100"":36,""00100110"":24,""01110011"":22,""10110001"":5,""01111011"":6,""11000011"":3,""10100101"":4,""11110011"":6,""01110111"":10,""01010101"":8,""10100011"":4,""11010101"":7,""00010011"":13,""10110010"":2,""01010000"":5,""01000111"":8,""10110111"":3,""10010101"":10,""01010001"":2,""01001111"":7,""11110001"":6,""11000000"":4,""00010001"":10,""01110001"":14,""10010011"":2,""01010011"":2,""00000111"":12,""11110101"":7,""10111110"":3,""10000111"":2,""11001110"":5,""11011000"":7,""11101010"":9,""01001010"":6,""10101010"":4,""00001001"":15,""11111110"":5,""11101001"":8,""11111100"":16,""10001010"":2,""10101111"":1,""01001110"":10,""01001000"":13,""10101100"":5,""01001011"":5,""10101000"":3,""00011001"":10,""01001001"":3,""10111001"":1,""11001101"":3,""10111000"":4,""11111010"":10,""10010000"":9,""11100001"":10,""10100010"":3,""00000110"":14,""01010100"":9,""11110111"":7,""01010110"":6,""11100111"":9,""10110100"":5,""10100000"":5,""10011011"":2,""10110000"":5,""11010100"":9,""11010010"":2,""10000101"":5,""10001100"":7,""11011001"":1,""00001111"":5,""11111001"":2,""10011010"":6,""11111011"":5,""11011011"":1,""10111010"":1,""11001011"":2,""11101111"":5,""11011010"":2,""10100111"":1,""11011111"":4,""01010010"":5,""11000001"":2,""10100110"":1,""10001111"":1,""01011010"":4,""10001101"":4,""10101001"":2,""10001000"":5,""10110101"":1,""11010110"":2,""11010001"":2,""11010111"":2,""10100100"":2,""11000111"":2,""10011111"":3,""11010000"":4,""10100001"":1,""10010111"":2,""11001010"":1,""10101110"":1,""10111111"":1,""11000010"":1}"
58,x,4000,0.31699999999999995,0.14200000000000002,0.023499999999999965,0.03249999999999997,0.271,-0.667,-0.42700000000000005,0.63,"{""00010110"":10,""01110011"":35,""11101110"":23,""01110100"":56,""00101110"":24,""10110010"":1,""00010100"":27,""01100000"":178,""01100010"":107,""00000001"":4,""01110000"":83,""01100110"":70,""01000000"":21,""01110010"":68,""00110010"":30,""11110100"":14,""00011100"":20,""00100000"":49,""11100100"":30,""11110110"":10,""00100110"":20,""01100100"":145,""00000010"":12,""11100010"":29,""11100110"":14,""01110111"":23,""00000100"":11,""01100111"":64,""01100011"":60,""11100000"":35,""01100101"":61,""10010011"":1,""01000001"":5,""11100001"":13,""01101111"":63,""01110110"":39,""00100100"":46,""10000101"":3,""11101100"":37,""00000110"":5,""00100011"":16,""00000000"":11,""00010000"":8,""00110011"":18,""01000010"":23,""00110110"":15,""01010110"":8,""11110000"":23,""00010111"":7,""11110111"":1,""00101111"":14,""01101100"":147,""01111001"":31,""11000000"":2,""00111100"":23,""00110100"":25,""01110101"":22,""00110000"":34,""00101100"":50,""10000100"":3,""01011100"":13,""01101001"":61,""00100010"":37,""10100000"":7,""10010100"":7,""10111100"":5,""01001101"":11,""10111111"":3,""01011111"":7,""01101010"":87,""01101011"":45,""00011111"":7,""00111001"":11,""01111100"":34,""00101000"":40,""01101101"":100,""01101110"":56,""10011100"":10,""10001010"":6,""00001001"":8,""11111010"":10,""11011100"":3,""11101001"":10,""01101000"":111,""11111101"":9,""01111111"":34,""01001011"":7,""01111010"":53,""00101101"":34,""01011000"":8,""10101110"":2,""00101010"":27,""01111000"":49,""00111101"":12,""01111011"":29,""11011000"":6,""11111110"":14,""11101101"":21,""00101001"":17,""10011110"":7,""00010101"":11,""10011010"":4,""00111000"":21,""00111010"":27,""01000111"":8,""00001010"":5,""11111011"":6,""00111111"":13,""00111110"":22,""10110001"":1,""00100101"":25,""11000111"":2,""11010011"":1,""10100010"":2,""01010000"":7,""11000100"":5,""10100100"":6,""01000011"":6,""10000011"":4,""00110101"":8,""01100001"":47,""11110010"":21,""11110011"":11,""11100101"":19,""01010100"":10,""11110001"":7,""00001100"":8,""11101000"":19,""01011110"":3,""11001010"":2,""01001111"":8,""10000110"":2,""01111101"":21,""11111000"":19,""10001110"":5,""01011011"":3,""11101010"":20,""01001010"":12,""00001000"":8,""00000011"":4,""00001110"":4,""01111110"":43,""10001000"":8,""01001100"":5,""10001001"":5,""01011010"":7,""10101001"":1,""11111111"":8,""11111100"":10,""11101011"":12,""11001111"":1,""11111001"":7,""10011000"":8,""00011110"":10,""01001000"":15,""11000110"":5,""11010101"":3,""10111101"":4,""11011101"":3,""01010010"":8,""01110001"":22,""00101011"":14,""00111011"":20,""01001110"":8,""10101101"":5,""10101111"":3,""00011001"":3,""10111001"":1,""00001111"":3,""11100011"":9,""10011001"":1,""11011111"":2,""11010010"":5,""01000101"":7,""11101111"":13,""11010100"":2,""01011001"":4,""00011000"":8,""10001111"":2,""00010011"":2,""10001101"":2,""10100011"":2,""10000001"":4,""01011101"":4,""00001101"":4,""10010010"":4,""10001011"":4,""00010010"":9,""00001011"":4,""10101010"":1,""00011010"":4,""10101000"":7,""10001100"":2,""11001000"":3,""11110101"":8,""10000010"":4,""10010000"":2,""11100111"":10,""10100110"":3,""00011011"":3,""00100001"":17,""00011101"":8,""10010110"":4,""10111000"":3,""01000110"":7,""10000111"":1,""01010101"":4,""00110111"":7,""00010001"":2,""01010011"":4,""10010111"":2,""10010101"":3,""00100111"":10,""01000100"":11,""01010111"":3,""00000101"":2,""10100001"":2,""00110001"":4,""11011110"":1,""10110101"":1,""00000111"":2,""10100101"":2,""11010001"":1,""10110100"":1,""10011011"":1,""01001001"":3,""11001110"":2,""11001011"":2,""01010001"":2,""11001100"":3,""11010111"":2,""11001001"":1,""10011111"":2,""10011101"":2,""11011011"":2,""11001101"":1,""10101011"":1,""10101100"":2,""10000000"":1,""10110000"":2,""11000010"":3,""11010000"":2,""11010110"":1}"
59,x,4000,0.33999999999999997,0.15400000000000003,0.05600000000000005,0.01100000000000001,0.31499999999999995,-0.5794999999999999,-0.32000000000000006,0.643,"{""01101011"":53,""11101010"":21,""10011101"":7,""01101100"":159,""10011110"":7,""00011101"":11,""10011010"":8,""00011010"":7,""00011001"":6,""01111000"":52,""10000011"":7,""00101100"":68,""00011100"":23,""01111011"":40,""01111111"":33,""01110011"":38,""00101000"":70,""01101010"":82,""01110101"":16,""00001010"":7,""00101111"":28,""10011000"":5,""11001010"":8,""01101000"":130,""11111100"":15,""00110101"":17,""10001011"":5,""00000010"":13,""01101110"":43,""01001000"":21,""00110000"":19,""01011100"":9,""00011110"":12,""00011000"":12,""01111010"":29,""01000001"":7,""00111000"":17,""01101001"":51,""11101000"":31,""00101010"":35,""11100000"":41,""00111100"":34,""00111110"":20,""10000000"":13,""01101111"":49,""11100011"":14,""11001110"":4,""11110011"":9,""00101001"":22,""01111100"":55,""01001111"":9,""01100010"":110,""01101101"":62,""01111001"":13,""01111110"":44,""11111011"":9,""01011011"":3,""01001110"":13,""00101110"":32,""00101011"":27,""00001000"":11,""00111010"":11,""01100011"":70,""01001100"":18,""11100010"":26,""10101000"":2,""01011111"":5,""01001101"":9,""01100001"":31,""10100100"":4,""01010000"":11,""00111001"":6,""00000101"":2,""11110000"":14,""10010101"":7,""01010010"":9,""01110110"":29,""01110010"":52,""00110010"":27,""01100100"":107,""00100000"":87,""11000011"":4,""00100100"":63,""01110001"":20,""00010111"":5,""00010010"":9,""00100010"":47,""00100001"":18,""01110000"":62,""00100101"":22,""00010100"":25,""01100111"":30,""01100000"":157,""00100011"":34,""01000100"":21,""01010100"":7,""01111101"":21,""01110100"":54,""10010000"":7,""10010001"":3,""00000001"":5,""10010010"":1,""00000100"":19,""00110111"":12,""11010111"":2,""11010100"":4,""01110111"":21,""00010110"":13,""10100110"":2,""11100110"":13,""01100110"":44,""00010011"":8,""01100101"":54,""11100100"":24,""01000000"":31,""01010110"":7,""11100101"":7,""10100000"":6,""10110100"":4,""00110100"":28,""11101100"":30,""11010000"":4,""11110001"":6,""11100111"":7,""00110011"":17,""11110110"":8,""01000011"":11,""11000000"":11,""10000001"":3,""00100110"":22,""01000101"":8,""10000100"":2,""01010001"":2,""00110110"":16,""10001110"":5,""00000000"":11,""10010111"":3,""00010000"":11,""00110001"":9,""11011100"":7,""01011000"":6,""10111100"":2,""00100111"":15,""11000110"":5,""00001100"":9,""00000110"":5,""01000110"":12,""11110111"":5,""11110101"":5,""10110001"":2,""11100001"":8,""11101110"":9,""01000010"":21,""10010110"":4,""10100011"":7,""10010100"":10,""01010111"":3,""10000110"":3,""11110010"":6,""00101101"":33,""01010011"":7,""11010101"":1,""01000111"":6,""10000111"":2,""00000011"":4,""11110100"":12,""11101101"":12,""00000111"":5,""00010101"":6,""11000010"":2,""10011100"":13,""01011110"":4,""10100010"":3,""10000010"":4,""11000100"":3,""01001001"":10,""11101111"":11,""11001011"":3,""11111111"":10,""11101001"":10,""11000001"":5,""10110010"":1,""11111110"":11,""01010101"":9,""11000111"":2,""00011111"":10,""11101011"":12,""10001111"":4,""00001111"":6,""01001010"":12,""01011001"":7,""10101100"":3,""00111011"":9,""00001110"":3,""10001010"":3,""11111001"":3,""01001011"":11,""10111110"":2,""10001000"":3,""11001100"":4,""11111000"":7,""10001100"":4,""10011111"":5,""10001001"":2,""11111101"":4,""01011101"":6,""10101011"":1,""11001000"":14,""10101101"":3,""11001111"":4,""10111010"":3,""10111111"":3,""00111111"":8,""00011011"":8,""00111101"":8,""01011010"":4,""10101110"":1,""00001101"":4,""11111010"":8,""10101010"":3,""00001001"":2,""11011001"":2,""11011110"":3,""11011101"":3,""10111000"":2,""00001011"":1,""10100101"":3,""11010110"":1,""10010011"":1,""10110110"":1,""10100111"":1,""00010001"":2,""10000101"":3,""11010001"":1,""11010011"":1,""11010010"":1,""11011111"":2,""11011010"":1,""10001101"":1}"
60,x,4000,-0.15749999999999997,-0.23550000000000004,0.25449999999999995,0.019000000000000017,-0.15050000000000008,0.07299999999999995,-0.41700000000000004,-0.0754999999999999,"{""10010111"":16,""10110011"":24,""11000101"":23,""10000000"":4,""01000100"":15,""11000110"":19,""00100010"":10,""10010000"":12,""10010011"":32,""11100001"":27,""00100001"":8,""01110101"":10,""10110101"":4,""11110101"":17,""01000010"":28,""01010010"":48,""10010001"":5,""10000011"":9,""01100011"":30,""11100111"":29,""01000011"":30,""10111011"":33,""01010110"":29,""01110011"":16,""01111000"":3,""10100100"":9,""01010011"":78,""11110011"":64,""01110111"":12,""11100101"":11,""01010101"":6,""11000001"":38,""01000000"":16,""10110111"":12,""10110010"":14,""00100011"":16,""01010111"":41,""00110010"":18,""10101011"":13,""11100110"":26,""00010011"":15,""11000100"":25,""11100011"":31,""00111011"":29,""01011110"":30,""01000111"":31,""01000001"":45,""01000110"":24,""11010100"":13,""11010010"":29,""11111101"":16,""10010010"":8,""11010001"":13,""11110111"":32,""11110100"":19,""01111011"":18,""11110000"":28,""01011011"":100,""10000111"":10,""11011001"":12,""00011011"":16,""11110110"":22,""00000001"":7,""10100001"":11,""01000101"":17,""01100111"":23,""01010100"":22,""10100010"":7,""01100101"":7,""01010000"":34,""01100010"":12,""00100100"":9,""01011000"":49,""11110010"":32,""00111001"":21,""01100110"":7,""01011111"":29,""00101111"":13,""00111000"":10,""00101001"":7,""11111111"":30,""11001000"":19,""01001001"":35,""00101011"":10,""10011111"":7,""11101010"":15,""10111101"":9,""11101000"":15,""01011100"":13,""10011011"":31,""10011010"":10,""11111001"":33,""00011010"":9,""10111001"":9,""11101001"":23,""11001100"":10,""01101111"":14,""01111100"":5,""10111111"":14,""11111010"":45,""01001110"":16,""10110100"":5,""11011011"":64,""11111011"":78,""00101000"":15,""01001101"":10,""11111100"":17,""11011000"":32,""00111110"":10,""01001111"":24,""10001100"":10,""10111000"":21,""10111100"":6,""01101100"":7,""01101001"":12,""01101010"":16,""10001111"":9,""00011000"":10,""01001010"":21,""01001011"":33,""10101111"":9,""00101010"":11,""01110110"":6,""10101000"":5,""01111001"":8,""11101011"":29,""01011010"":52,""11001111"":21,""01101011"":39,""11001001"":23,""10001011"":7,""11111000"":32,""11001101"":11,""11001110"":17,""11101110"":12,""11011010"":38,""01001100"":16,""11001010"":19,""00011110"":7,""11100100"":14,""01111110"":7,""10100110"":7,""10001000"":8,""00110001"":16,""01011101"":15,""11000010"":18,""10010110"":7,""10101110"":5,""10101001"":6,""00111101"":6,""10000001"":12,""11101100"":11,""10011100"":6,""10101100"":6,""11010101"":10,""00111010"":16,""10000100"":8,""11010111"":28,""00101110"":7,""11011111"":17,""11001011"":23,""01101000"":10,""00101100"":9,""10111010"":15,""10001010"":5,""01001000"":16,""01011001"":17,""10001001"":12,""00000101"":4,""10001110"":9,""10011000"":13,""11101111"":25,""01101101"":9,""01111101"":4,""00011111"":4,""00100110"":8,""11011101"":5,""11011110"":10,""00110110"":7,""11011100"":14,""00010111"":5,""11000111"":36,""00010100"":2,""00110111"":20,""00101101"":3,""11110001"":26,""11111110"":14,""10101010"":7,""00111100"":8,""01101110"":6,""00001001"":5,""10100011"":10,""01110001"":10,""01100100"":8,""00001111"":8,""10000010"":15,""11010000"":18,""01110000"":8,""00100111"":15,""11010011"":63,""00001011"":5,""00100000"":5,""00010101"":5,""01110100"":7,""11000000"":13,""11100000"":15,""10010100"":9,""10000110"":7,""10100000"":8,""11000011"":19,""01100000"":13,""00000111"":7,""00110101"":5,""11010110"":11,""00100101"":8,""00110011"":23,""10110000"":7,""10110110"":10,""10110001"":17,""00110100"":11,""00011100"":4,""00010010"":7,""00001101"":2,""10011001"":12,""11101101"":7,""10101101"":2,""01111010"":2,""10111110"":4,""11100010"":12,""00011101"":5,""01010001"":20,""01100001"":10,""00000110"":4,""00000011"":8,""10000101"":6,""01110010"":10,""00110000"":8,""00010001"":4,""00010000"":5,""10011110"":7,""00111111"":10,""01111111"":7,""10001101"":4,""10100101"":3,""00000100"":1,""00010110"":2,""10100111"":7,""00011001"":2,""10011101"":2,""10010101"":2,""00001010"":2,""00001100"":1,""00000000"":3,""00000010"":1,""00001110"":1}"
61,x,4000,0.357,0.21250000000000002,0.1865,0.055499999999999994,-0.09050000000000002,-0.07299999999999995,0.235,-0.2004999999999999,"{""10010011"":27,""01101000"":25,""00100110"":21,""00010000"":52,""00100000"":51,""10100111"":15,""00010011"":29,""10000000"":21,""10100000"":64,""00000000"":21,""11010000"":64,""10010010"":34,""00100001"":13,""11100111"":8,""01010000"":45,""11001100"":17,""00101100"":63,""11100000"":62,""10110100"":28,""11001011"":5,""10010001"":11,""10011100"":61,""01000000"":9,""10100100"":41,""00100010"":17,""01010101"":6,""10010100"":45,""10000011"":8,""11000100"":12,""00110010"":17,""10100011"":31,""10110000"":65,""00010100"":17,""10110010"":27,""11100001"":15,""10100101"":12,""00110101"":4,""11010010"":38,""00100100"":49,""00101000"":50,""01010011"":26,""11100011"":12,""00010101"":17,""00001000"":16,""11010100"":29,""11100100"":37,""10100010"":39,""10110110"":16,""10111000"":49,""01110101"":3,""10110001"":14,""00010010"":45,""00110011"":13,""00100111"":13,""10010000"":67,""10110011"":22,""01100100"":17,""01110100"":10,""11000110"":9,""11100101"":13,""00100011"":9,""00110000"":32,""01110110"":6,""11101111"":11,""11110000"":14,""10110101"":10,""01010010"":25,""11011111"":9,""11010001"":22,""11101010"":25,""11101001"":22,""11011011"":14,""10011110"":34,""00011010"":20,""00101101"":26,""00101110"":12,""01011010"":17,""01100000"":20,""11011100"":30,""11001110"":6,""10011000"":50,""00111001"":8,""10111001"":16,""10101010"":33,""10001110"":7,""00011000"":34,""00111010"":12,""11011101"":6,""10001010"":8,""01101100"":20,""00101111"":13,""11011000"":41,""10101000"":55,""10111010"":30,""01011011"":11,""11001001"":5,""10001001"":7,""01011001"":4,""11101000"":43,""11110010"":13,""10011010"":22,""11011010"":23,""10111110"":16,""10011101"":24,""00001110"":9,""10111101"":12,""11110011"":6,""00001100"":17,""10101001"":15,""10001111"":6,""10011001"":11,""01111000"":14,""00011011"":23,""11111011"":4,""10011011"":20,""10111011"":19,""10101100"":33,""11101011"":9,""00111110"":6,""01011000"":34,""00101011"":19,""11101101"":26,""01011101"":7,""11101100"":50,""01001000"":7,""00101001"":12,""11001101"":6,""10101110"":14,""00101010"":19,""01011100"":15,""00111000"":27,""11101110"":18,""00001111"":7,""10001000"":11,""11111101"":6,""00110100"":17,""10101011"":31,""00001010"":8,""11100010"":21,""00011001"":9,""00111100"":11,""11001000"":12,""10111100"":27,""10011111"":14,""11010101"":13,""00011101"":10,""11011110"":17,""11111010"":8,""11001010"":10,""10001100"":5,""11111000"":10,""01101010"":12,""00001011"":9,""11010111"":19,""10101101"":16,""11111100"":11,""00011100"":21,""01101111"":7,""10101111"":5,""00111011"":11,""01011111"":7,""01101110"":13,""00111101"":5,""01100010"":5,""01001011"":2,""00010001"":16,""11010011"":28,""01001101"":6,""01111011"":3,""00110110"":11,""11011001"":9,""10001011"":7,""01101011"":7,""11010110"":11,""01101101"":7,""01010001"":7,""01110000"":16,""01111010"":4,""01111110"":2,""11001111"":5,""00011111"":11,""01100111"":3,""10111111"":8,""11000000"":15,""01100011"":5,""01010100"":16,""11000010"":7,""10110111"":22,""00010110"":13,""10000111"":9,""10010111"":18,""01100001"":8,""01000101"":2,""01110001"":5,""11110001"":2,""11000101"":6,""10100001"":21,""00000111"":4,""10010110"":15,""01010111"":8,""11000111"":5,""00100101"":23,""11100110"":13,""00000010"":5,""00110111"":8,""00010111"":12,""01111111"":1,""01001100"":4,""11111110"":2,""01000110"":6,""10000110"":7,""01001001"":3,""01000001"":4,""00110001"":11,""10010101"":21,""10000001"":5,""01001010"":2,""01100110"":4,""01010110"":8,""10000101"":8,""11110100"":6,""01110111"":3,""00000100"":6,""11110111"":5,""10000100"":9,""01000011"":5,""01100101"":2,""10000010"":5,""00000011"":4,""01011110"":7,""00000101"":4,""11000011"":3,""01101001"":5,""10100110"":11,""11110101"":2,""01000010"":2,""11000001"":6,""00001001"":3,""00111111"":2,""11110110"":5,""01110010"":6,""01001111"":3,""01111100"":3,""00011110"":7,""01001110"":3,""11111001"":3,""11111111"":2,""01111101"":1,""01110011"":2,""10001101"":1,""01000100"":3,""00000001"":1,""01111001"":1}"
62,x,4000,0.379,0.1885,0.07899999999999996,0.019499999999999962,0.398,-0.546,-0.5429999999999999,0.6725,"{""10000100"":6,""01100100"":159,""11100100"":27,""00010101"":10,""11100000"":38,""01100000"":244,""00000011"":7,""10110100"":4,""01100001"":75,""00000010"":22,""10100010"":6,""00010011"":5,""00101001"":8,""00110010"":8,""11101001"":4,""01100011"":103,""11110110"":11,""00011100"":29,""10110111"":1,""00010100"":24,""01100110"":69,""01110000"":49,""11100010"":16,""01101100"":200,""01110001"":16,""10010011"":3,""01101001"":50,""00110100"":9,""01000000"":23,""01000010"":22,""00001111"":3,""00110001"":4,""01110011"":30,""01110101"":15,""00100000"":28,""01111001"":16,""01110010"":47,""00010110"":15,""11100101"":14,""01100010"":147,""00000110"":12,""11111111"":6,""10101110"":3,""01100101"":77,""00000000"":30,""00100100"":18,""01010000"":12,""01100111"":62,""01010100"":8,""01010001"":7,""00100011"":9,""01000100"":22,""10100111"":3,""01010101"":4,""00000001"":4,""11110011"":6,""00100001"":14,""01000111"":8,""01001011"":10,""01111110"":45,""00010010"":9,""00000100"":14,""01010010"":8,""10000010"":13,""00110000"":10,""01110100"":49,""00011010"":6,""10100000"":7,""11101100"":36,""01111100"":69,""00000111"":6,""01101110"":59,""01000011"":14,""01110110"":43,""01000101"":8,""01000001"":14,""00111100"":16,""00011110"":16,""01111101"":26,""01001111"":10,""11101010"":20,""00110011"":8,""11110001"":2,""11110000"":9,""11110100"":9,""10001100"":7,""10010110"":12,""10010101"":4,""10100100"":3,""00100101"":11,""00010000"":15,""11101111"":9,""01101010"":106,""01001101"":10,""01101000"":199,""00011111"":3,""10001000"":10,""01111010"":59,""00101011"":11,""00101111"":7,""01001010"":10,""10011100"":10,""10111000"":2,""11111010"":4,""01111000"":61,""01011101"":5,""11101000"":33,""01101011"":67,""01101101"":88,""11001000"":6,""11111000"":11,""01001100"":21,""00001000"":14,""10001110"":3,""00011000"":13,""00001001"":6,""00111010"":11,""10011000"":7,""00101100"":25,""01101111"":44,""00101110"":7,""10001010"":12,""01011000"":15,""10011010"":2,""11101110"":10,""11101011"":12,""00111101"":6,""11010000"":2,""10001011"":3,""10001101"":2,""00001101"":4,""10000000"":13,""00011101"":10,""00001011"":12,""01111111"":27,""01000110"":9,""11110111"":8,""11100011"":7,""11110010"":2,""00100010"":12,""10100011"":3,""00100110"":9,""01110111"":16,""01010111"":3,""10000011"":4,""00010001"":5,""10011111"":2,""10000110"":6,""00110111"":4,""10101010"":3,""10010100"":7,""11000100"":4,""10000111"":3,""01010110"":6,""10010010"":3,""00111000"":9,""11000011"":2,""10100001"":3,""10110101"":1,""11000101"":2,""00010111"":8,""10111011"":5,""01001000"":31,""01001001"":4,""01010011"":5,""00110110"":4,""10110000"":3,""00000101"":6,""11100111"":6,""10011101"":7,""10101100"":7,""01011010"":4,""11011001"":2,""10101101"":3,""11111011"":4,""11101101"":11,""11011100"":1,""01111011"":23,""00101000"":26,""01001110"":18,""00111110"":9,""11001100"":4,""11100001"":5,""10001001"":3,""00011001"":4,""00101010"":13,""00011011"":7,""11111101"":3,""11000000"":6,""01011001"":3,""00001100"":12,""11011000"":4,""01011100"":12,""11111110"":11,""10101111"":3,""00001110"":9,""10011011"":4,""01011111"":2,""11111100"":6,""11111001"":4,""00111111"":4,""10111110"":4,""10111100"":1,""10110001"":1,""10111111"":1,""00111001"":1,""11011010"":1,""00101101"":9,""10000001"":2,""00100111"":1,""10000101"":1,""01011110"":8,""11001101"":2,""01011011"":3,""00001010"":8,""11001001"":2,""00110101"":5,""10101000"":5,""11010100"":2,""11000010"":2,""10100110"":1,""11100110"":10,""11000111"":2,""10010000"":9,""10011110"":6,""10011001"":2,""10110010"":1,""11110101"":1,""11010111"":1,""10001111"":2,""10101011"":2,""11011110"":1,""11011101"":2,""11000001"":1,""00111011"":2,""10111101"":2,""10101001"":1,""11001011"":2,""11011011"":1,""10010111"":1}"
63,x,4000,0.31699999999999995,0.3055,-0.1755,0.04700000000000004,-0.028999999999999915,-0.0714999999999999,-0.13250000000000006,0.3435,"{""00001000"":52,""01001101"":13,""01110110"":45,""00001111"":22,""00000100"":85,""00110100"":36,""00101000"":16,""11011100"":20,""00011001"":15,""01101100"":34,""11001010"":4,""00001100"":87,""11101010"":6,""11101001"":6,""11101011"":5,""11001110"":9,""10110010"":3,""00011011"":14,""01111101"":48,""01111100"":82,""01101001"":13,""00011100"":51,""10001001"":11,""00101100"":19,""01111110"":40,""01111000"":52,""01011101"":3,""01101011"":4,""11110110"":21,""01001110"":10,""00011110"":26,""01101000"":48,""11101110"":8,""00011010"":14,""01101111"":10,""01011001"":3,""00001010"":28,""10001101"":16,""00001110"":25,""01001001"":18,""10001010"":11,""01100000"":57,""11111110"":19,""01111010"":32,""01110010"":43,""01111001"":20,""01110000"":46,""11001100"":24,""01111111"":22,""11101100"":27,""00000111"":24,""01001100"":42,""00101011"":2,""10011100"":9,""11111100"":64,""00011101"":18,""01001010"":9,""01110100"":87,""00001001"":20,""11111000"":42,""01111011"":23,""00101101"":14,""01001000"":11,""00011000"":20,""01011100"":11,""11011010"":7,""01101010"":9,""11100110"":16,""01001111"":9,""00100000"":22,""10111100"":6,""01101101"":10,""00110101"":12,""11111111"":14,""00111000"":17,""00111011"":5,""00010100"":69,""10010010"":6,""00010000"":21,""11110100"":61,""10100000"":4,""00000010"":17,""11110001"":17,""11000100"":29,""11100100"":38,""01010100"":10,""11000101"":16,""00010101"":25,""00000000"":44,""01000101"":13,""00000110"":37,""11010000"":5,""11100010"":13,""00100101"":13,""10000100"":31,""00101110"":11,""11110000"":21,""11110010"":14,""00110000"":25,""00010010"":26,""00100100"":34,""10010110"":5,""01110111"":29,""10000000"":7,""11010100"":30,""01110011"":28,""00001101"":33,""10010100"":13,""01110101"":48,""11000000"":13,""00100001"":13,""11110011"":12,""00010001"":15,""00010110"":25,""11011000"":11,""11000010"":13,""10110100"":12,""01100001"":24,""10100010"":4,""11101101"":14,""00110110"":10,""01000100"":29,""10000110"":7,""00010111"":14,""10100101"":2,""11100001"":14,""00100010"":6,""00100111"":7,""00000101"":33,""10001110"":5,""11001001"":10,""01100010"":19,""01011010"":5,""11001011"":9,""10101100"":9,""11111101"":24,""11010111"":12,""11111001"":9,""10101001"":3,""01100101"":17,""10001100"":19,""01011111"":3,""00101111"":11,""11001000"":19,""11101000"":21,""00111010"":13,""01010000"":9,""10011000"":7,""10110101"":6,""00111100"":27,""11111010"":34,""01010110"":5,""00011111"":23,""10001111"":3,""11111011"":18,""01001011"":7,""10001000"":13,""01000111"":11,""00101010"":10,""01101110"":11,""01011000"":8,""10101110"":1,""10101000"":4,""01000110"":9,""10111111"":2,""10101101"":5,""00111111"":9,""11001101"":7,""01011110"":8,""10000111"":11,""01110001"":18,""11100011"":9,""01100011"":6,""11100000"":23,""11110101"":24,""10010101"":5,""00010011"":16,""00000001"":35,""11100101"":13,""11110111"":12,""10010001"":4,""10000101"":5,""10100011"":1,""01100100"":30,""00000011"":19,""00110001"":11,""10010000"":9,""01000000"":18,""11010110"":15,""11000011"":7,""10000001"":6,""01010010"":6,""00100110"":17,""01100110"":13,""11100111"":10,""00110011"":11,""01000011"":10,""00100011"":5,""00110111"":10,""11000001"":8,""11000110"":14,""11010001"":6,""01010111"":4,""01000010"":10,""11010101"":8,""00001011"":16,""00111110"":11,""11000111"":7,""10000010"":5,""01000001"":7,""01100111"":6,""10010011"":3,""01010011"":1,""10110001"":3,""10111101"":5,""00110010"":10,""10011101"":2,""11001111"":6,""11011110"":9,""00101001"":5,""00111101"":14,""11011101"":4,""10111110"":1,""11101111"":10,""10011001"":5,""10010111"":2,""10110000"":3,""10110110"":3,""10100110"":2,""11010010"":9,""10000011"":1,""11011001"":3,""11011011"":1,""00111001"":9,""10111000"":6,""10011010"":4,""11011111"":5,""10011110"":5,""01011011"":1,""01010101"":1,""10011011"":2,""10100100"":1,""10111010"":1,""10001011"":3,""10100111"":1,""01010001"":5,""10100001"":4,""11010011"":3,""10110111"":1,""10111011"":2,""10011111"":1}"
64,x,4000,0.3225,0.01849999999999996,-0.01849999999999996,0.011499999999999955,0.33999999999999997,-0.6375,-0.5780000000000001,0.5565,"{""10100000"":6,""01100000"":144,""00100111"":10,""01111011"":25,""00100000"":21,""11100011"":14,""01101001"":57,""11110110"":11,""01110101"":22,""01100101"":87,""01110111"":22,""01110100"":45,""11110011"":8,""10010000"":4,""01010010"":5,""00110010"":17,""11010011"":2,""00000110"":3,""00100010"":27,""01100001"":68,""11100000"":35,""01100111"":60,""10110111"":1,""11101101"":32,""11111111"":7,""01010001"":3,""00010010"":18,""11110111"":14,""01101110"":124,""11101110"":38,""01110110"":57,""10110000"":4,""00110101"":7,""01100100"":142,""01101101"":101,""11010100"":6,""11110100"":16,""11100110"":21,""11110010"":17,""01010100"":6,""11110101"":5,""01010110"":8,""11100010"":42,""11100111"":18,""00111101"":13,""01000101"":9,""01100010"":179,""00010001"":5,""01110001"":24,""11010101"":1,""01110011"":40,""01000110"":14,""01000100"":16,""10010110"":9,""11100001"":6,""01101111"":54,""11000000"":2,""10000010"":14,""01111101"":23,""11110000"":11,""00010100"":18,""01100110"":98,""01010111"":5,""00001101"":4,""01111110"":61,""11001010"":7,""01100011"":75,""00010111"":9,""11110001"":8,""01101010"":114,""01110010"":65,""01110000"":47,""01101000"":124,""00010101"":7,""10100011"":3,""11000101"":1,""10000101"":5,""01000001"":4,""10000100"":10,""11010110"":2,""01001101"":16,""00000101"":5,""00110110"":16,""01101100"":158,""01010011"":1,""11101001"":19,""11100100"":27,""00000001"":2,""00110000"":14,""11100101"":15,""01000010"":21,""00000000"":10,""00110100"":16,""10000000"":4,""00100011"":7,""00100100"":14,""01111010"":57,""11000111"":1,""11010010"":5,""00110001"":4,""10100001"":2,""00110011"":6,""01011110"":14,""11000110"":2,""10011110"":12,""00010110"":11,""10101110"":5,""01111000"":44,""10101011"":5,""01010101"":8,""10100010"":2,""10011100"":11,""00100101"":17,""10010001"":2,""00100110"":7,""10110010"":6,""11101100"":40,""00001100"":8,""00111000"":9,""01000111"":5,""00011010"":8,""11000010"":4,""11111110"":9,""00010000"":3,""01111100"":28,""00011100"":11,""01101011"":61,""00101110"":13,""00101100"":26,""01001000"":9,""01001010"":13,""00011110"":13,""00101011"":12,""01001111"":3,""11101011"":17,""00101010"":15,""11101000"":31,""10011001"":2,""11001100"":5,""10101000"":13,""11101010"":29,""00001111"":5,""10101100"":7,""00111010"":10,""11000100"":4,""10011111"":8,""00101000"":8,""01111111"":24,""00001010"":6,""00111100"":12,""01011011"":4,""01111001"":25,""00001110"":5,""10011101"":5,""11000011"":2,""10010101"":3,""00011000"":8,""00011101"":11,""00000100"":10,""11101111"":10,""10100101"":1,""11000001"":3,""01010000"":5,""10010100"":8,""10110100"":1,""01000000"":11,""10100100"":4,""01011101"":3,""11011110"":5,""10000110"":1,""01001011"":5,""10010011"":1,""11011001"":3,""00000010"":9,""00110111"":1,""00010011"":7,""11011101"":7,""00000111"":3,""10111101"":3,""00111001"":11,""01001100"":16,""10111100"":2,""00111011"":9,""01011000"":8,""11001000"":4,""11001110"":4,""10101101"":3,""11111000"":11,""00101001"":6,""11111100"":17,""00011001"":4,""11111010"":15,""10001110"":4,""01001110"":13,""00001000"":4,""00011111"":5,""10001001"":1,""10001000"":7,""11011100"":11,""01011010"":3,""00101101"":16,""10001100"":5,""10101010"":6,""00111110"":16,""00001001"":5,""00001011"":6,""10001101"":4,""10001010"":8,""00101111"":7,""00011011"":8,""10001011"":4,""11111011"":6,""10001111"":4,""10101001"":3,""01011100"":6,""11010000"":4,""01000011"":5,""10000011"":1,""11010001"":2,""01011111"":3,""00000011"":3,""10111110"":1,""11001101"":1,""11011010"":4,""10011011"":2,""11001001"":1,""10111010"":1,""00100001"":3,""10100110"":2,""10110110"":2,""10010010"":2,""10010111"":1,""10000111"":2,""00111111"":8,""01001001"":4,""11111001"":5,""11010111"":1,""11011011"":1,""10011000"":2,""11111101"":3,""10000001"":1,""10111011"":1,""11011000"":2,""11001111"":1,""10111001"":1}"
65,x,4000,0.30200000000000005,0.239,0.010000000000000009,0.03500000000000003,-0.1964999999999999,0.01649999999999996,-0.026499999999999968,0.6355,"{""01110010"":28,""01100010"":62,""11110000"":16,""01100000"":91,""00010001"":46,""00010011"":50,""01110001"":25,""01111000"":47,""01101000"":64,""00100000"":16,""01100110"":27,""01101110"":38,""11110110"":8,""01010110"":13,""00010111"":37,""00001000"":18,""00100110"":14,""01100100"":62,""00000000"":20,""00010100"":106,""01110110"":28,""11000000"":8,""01110000"":46,""11100100"":16,""10010010"":11,""11010000"":14,""00010000"":128,""11010001"":8,""00110010"":34,""00101000"":16,""00011000"":85,""00110000"":23,""11010011"":6,""00000110"":23,""10001000"":10,""10010001"":4,""00001110"":20,""11111110"":7,""01010000"":22,""11011010"":12,""00000100"":25,""00010010"":72,""01010100"":28,""11100011"":4,""00101110"":11,""11101010"":13,""00010110"":57,""01111110"":34,""00110110"":13,""11100000"":21,""00010101"":58,""01110100"":36,""00100100"":16,""01000110"":7,""01100001"":56,""00100011"":11,""01100011"":37,""11010010"":13,""10000100"":6,""11100110"":7,""00110111"":8,""01110011"":15,""01110101"":25,""10100111"":2,""10110100"":2,""01111100"":47,""01001010"":17,""01111010"":21,""01001011"":8,""01001100"":28,""11111000"":9,""00001101"":27,""01011100"":25,""00111110"":16,""00011110"":49,""10011010"":2,""11101011"":12,""00011100"":104,""00011010"":60,""00001010"":16,""00011001"":41,""11011100"":21,""01011000"":18,""10001111"":2,""01101010"":44,""00101100"":18,""00011111"":29,""01011110"":11,""01001000"":15,""00000001"":12,""11101000"":20,""01111001"":17,""01010010"":12,""00001100"":45,""10001100"":5,""10001011"":1,""00111010"":27,""01101001"":41,""00111100"":35,""11111111"":6,""00111101"":19,""11001000"":7,""00111011"":9,""01101101"":30,""00011101"":56,""11011101"":16,""01001101"":14,""00111000"":39,""11111101"":4,""00101001"":5,""00001111"":9,""01111101"":28,""01101011"":20,""00110100"":33,""01011101"":15,""01111111"":17,""10111110"":2,""00101011"":10,""11011011"":6,""01101111"":21,""00111111"":5,""11111001"":8,""01000100"":18,""11011110"":8,""01101100"":47,""11100010"":11,""10101001"":3,""10011110"":9,""00100001"":4,""11111100"":15,""10101000"":10,""10101100"":6,""00011011"":33,""11011111"":10,""11101110"":3,""10011001"":4,""01011010"":6,""00110001"":8,""11010100"":21,""11010111"":14,""00001001"":12,""10011100"":4,""01100101"":38,""11101100"":12,""11011001"":3,""01111011"":20,""01000010"":12,""10101010"":6,""01000011"":5,""00000010"":10,""11000100"":8,""01000000"":15,""11110101"":8,""00000111"":8,""00100101"":6,""11100001"":14,""00110011"":9,""10000010"":2,""10010100"":8,""01000001"":9,""10100000"":3,""11110100"":14,""11100111"":10,""11010101"":17,""01011111"":10,""00110101"":26,""11110010"":7,""01010001"":8,""01010111"":8,""01100111"":16,""01010101"":10,""11110111"":8,""01010011"":6,""11110001"":7,""10101101"":2,""11101001"":10,""10011000"":5,""11001101"":3,""00101010"":8,""11011000"":16,""01001111"":5,""10100010"":4,""00101101"":8,""10000001"":1,""10011101"":9,""10010000"":11,""11111010"":7,""10011011"":4,""01001001"":6,""11101111"":4,""11001100"":7,""01001110"":9,""10010101"":6,""10010111"":1,""00101111"":7,""10011111"":2,""10001010"":3,""10111001"":1,""11010110"":6,""01011001"":7,""00100010"":5,""11110011"":4,""01000101"":12,""01110111"":9,""10000101"":2,""10000111"":2,""10100110"":1,""00100111"":5,""11100101"":5,""00001011"":3,""01000111"":6,""00000011"":7,""10010110"":4,""10100011"":1,""10000110"":4,""00000101"":11,""00111001"":7,""11001011"":1,""10111010"":1,""11101101"":1,""10111100"":1,""10110000"":3,""10100100"":4,""10100001"":4,""11000101"":2,""10010011"":6,""11001001"":4,""10001110"":2,""11111011"":3,""10111000"":2,""10111011"":1,""11001010"":1,""10000000"":2,""10110111"":1,""10001001"":1,""10101110"":1,""10101011"":1,""10110011"":2,""01011011"":1,""10001101"":1,""11001111"":1,""10101111"":1,""11000111"":1,""11000010"":1,""11000110"":1}"
66,x,4000,-0.04249999999999998,0.09999999999999998,0.00649999999999995,0.02849999999999997,0.261,-0.043500000000000094,0.273,0.5389999999999999,"{""10101101"":16,""00100110"":24,""01101101"":19,""10111010"":8,""00101001"":57,""11101111"":10,""00111111"":40,""00001011"":47,""00110111"":48,""10110000"":7,""01011000"":15,""00011011"":21,""00011100"":18,""01001000"":29,""00001100"":28,""11001100"":9,""00001010"":20,""01101110"":15,""11101101"":13,""00001000"":50,""01001010"":23,""00001111"":38,""01011100"":7,""11101000"":11,""00000011"":40,""00101000"":50,""01100111"":16,""00011111"":29,""00101011"":30,""10101100"":6,""01101000"":21,""00011010"":13,""01101011"":17,""00010011"":16,""01001111"":28,""10001001"":19,""01111100"":16,""00100111"":40,""00101101"":62,""01000101"":43,""10111111"":8,""10111000"":10,""00111011"":28,""10111001"":8,""00001101"":32,""01000110"":24,""10101110"":9,""01011011"":7,""00000110"":29,""01011110"":12,""00001001"":34,""00101010"":19,""01011010"":6,""01101111"":13,""01001011"":35,""00011000"":27,""10001111"":15,""01101100"":13,""00111010"":26,""01111101"":9,""01110111"":26,""11011100"":2,""01101001"":17,""00101110"":35,""00101100"":27,""00010010"":25,""00000000"":41,""11111010"":7,""11001011"":3,""00110010"":36,""00110110"":22,""10100110"":6,""10000000"":15,""00110100"":32,""01000111"":34,""00110011"":28,""00100000"":60,""01110001"":6,""01000001"":35,""00000111"":46,""00001110"":30,""01100101"":16,""10101010"":9,""01010000"":11,""00100101"":56,""00000100"":36,""00110000"":43,""01110000"":26,""11110111"":11,""10110100"":5,""11101100"":9,""10100000"":15,""00100100"":21,""01010001"":7,""10110111"":8,""11100000"":15,""10010101"":4,""00010110"":12,""01000000"":47,""01010101"":11,""00000001"":32,""10010100"":10,""01110010"":9,""11110000"":13,""00010111"":26,""01110011"":9,""01000100"":32,""01110100"":9,""00100001"":58,""00010000"":32,""10001100"":11,""00000010"":25,""10100100"":13,""10000111"":18,""10100001"":11,""10010000"":11,""00110101"":35,""00010100"":15,""10111100"":9,""11100110"":10,""10110101"":14,""00100010"":15,""00000101"":40,""11010000"":8,""01000011"":24,""01111000"":12,""01010011"":6,""00111110"":31,""10110010"":3,""00010001"":16,""11100111"":8,""10000001"":7,""01100011"":15,""10110011"":12,""01000010"":28,""01100000"":25,""10010110"":5,""11110010"":10,""01110110"":13,""01110101"":13,""10000100"":13,""10100101"":11,""11000101"":11,""00100011"":27,""10100011"":7,""10010001"":6,""11101110"":10,""00101111"":32,""00111000"":39,""00111100"":27,""01001101"":41,""01111110"":7,""00010101"":15,""11111100"":5,""11011000"":2,""10101001"":9,""11101010"":4,""01111111"":21,""11101011"":8,""01011101"":4,""01111001"":7,""01001100"":30,""01001001"":33,""00111001"":17,""10001000"":12,""01111010"":11,""10101111"":7,""01001110"":27,""11101001"":15,""00011101"":15,""01100010"":12,""01010100"":8,""11011011"":2,""11100001"":8,""10000110"":13,""00110001"":19,""01010110"":4,""10010111"":5,""11000000"":7,""11100100"":11,""00011001"":19,""11110100"":9,""10000101"":12,""10000011"":11,""10100010"":5,""01100001"":17,""01010010"":3,""01100100"":19,""11000111"":3,""10010010"":8,""11110110"":3,""11100101"":7,""11010111"":7,""11110001"":7,""00111101"":23,""10110001"":5,""11010110"":3,""10001101"":15,""10101000"":13,""10011101"":6,""11111111"":5,""10111011"":5,""11011111"":2,""10111110"":11,""11111000"":7,""01100110"":8,""01111011"":11,""10001010"":11,""10111101"":4,""10100111"":12,""10010011"":10,""11110101"":5,""10000010"":8,""10110110"":3,""11111101"":2,""11001000"":5,""10001011"":10,""10001110"":10,""11001111"":5,""00011110"":6,""10011001"":5,""11011101"":3,""01011001"":12,""01101010"":15,""11111110"":4,""10011011"":5,""01011111"":3,""11100011"":7,""11110011"":4,""11000010"":2,""11000011"":3,""10011010"":7,""11011110"":1,""10011000"":5,""11011010"":2,""01010111"":6,""11011001"":2,""11001001"":3,""11100010"":1,""11000110"":6,""11001101"":2,""10011111"":2,""11001110"":3,""11111001"":4,""11000100"":3,""11010010"":3,""10011100"":2,""11010101"":2,""10101011"":4,""11010001"":2,""11000001"":2,""11010100"":1,""11001010"":3,""10011110"":2,""11111011"":1}"
67,x,4000,0.22250000000000003,-0.03750000000000009,0.19999999999999996,0.017000000000000015,0.12050000000000005,0.29200000000000004,0.368,0.683,"{""01000101"":5,""00000100"":98,""11110000"":8,""00000110"":57,""00000010"":126,""00010011"":63,""01101100"":25,""01100011"":21,""01100010"":37,""00011010"":91,""01010100"":12,""00010010"":72,""10001010"":11,""00000000"":129,""01110011"":36,""11111100"":7,""00010000"":55,""00010100"":39,""01100000"":27,""00100110"":12,""10010101"":6,""01011111"":6,""01100101"":20,""00100000"":20,""01100100"":34,""10100101"":1,""01110101"":10,""00000101"":29,""01111000"":31,""01000010"":29,""00000111"":60,""01110100"":22,""00011100"":44,""00110100"":16,""01110110"":19,""00011111"":32,""00010110"":25,""00010001"":33,""10000001"":7,""10000110"":14,""01010010"":14,""00110001"":9,""01000100"":12,""00111110"":10,""00010111"":21,""01000000"":21,""00100010"":21,""00001010"":100,""01000111"":10,""00000011"":78,""00010101"":34,""00110110"":11,""10000010"":21,""01101101"":29,""11100110"":7,""00100100"":22,""11000100"":5,""01110010"":37,""01101011"":29,""01100110"":14,""00100101"":19,""10100000"":6,""01110000"":40,""00100011"":18,""00110101"":9,""10010010"":16,""01010111"":12,""11110010"":4,""11101101"":6,""10100011"":6,""01000011"":11,""10000100"":17,""01010000"":14,""10110110"":1,""00110000"":19,""11100000"":9,""01101110"":19,""01101000"":31,""00100111"":11,""00110010"":16,""00001100"":93,""01011010"":25,""01010110"":7,""00011110"":39,""10000111"":7,""11000011"":2,""10110000"":7,""00110011"":16,""00000001"":21,""00011011"":70,""01110001"":17,""11110100"":11,""01010011"":12,""00111001"":10,""01110111"":12,""01000110"":5,""01111101"":9,""00111010"":12,""11010110"":2,""01100111"":11,""11000111"":3,""00100001"":4,""10100010"":9,""10010000"":10,""11100001"":5,""11010000"":4,""11010010"":3,""00011001"":51,""11101000"":5,""00001000"":94,""00001101"":28,""10000000"":14,""10000011"":11,""10011110"":14,""01111100"":19,""10001000"":17,""10010100"":3,""01011000"":20,""11100010"":3,""11100111"":4,""00111111"":7,""01001010"":8,""01011100"":8,""00111100"":11,""11101010"":11,""11001100"":3,""01111010"":34,""00101100"":19,""10001101"":7,""00001011"":77,""00011000"":60,""01101111"":16,""00001110"":34,""11001110"":2,""11111110"":2,""01011110"":6,""11101100"":7,""00111011"":15,""01111111"":11,""10001001"":7,""00101010"":21,""01111001"":11,""00101111"":9,""01001000"":16,""10101011"":4,""00001111"":51,""10111000"":3,""10001011"":13,""11101011"":5,""00111101"":9,""11011100"":3,""00101001"":8,""10101000"":7,""10111010"":5,""00101110"":5,""10111100"":3,""00011101"":47,""01011011"":15,""01001101"":6,""00101011"":30,""10001100"":17,""00101000"":26,""01101010"":33,""01001001"":7,""00101101"":16,""11101001"":2,""01001100"":7,""01001011"":9,""11011001"":2,""01001111"":9,""10011011"":9,""00001001"":27,""10101101"":5,""10111101"":3,""10101100"":4,""00110111"":6,""11011000"":4,""10011100"":6,""10011000"":13,""10011001"":3,""10111111"":3,""10101010"":6,""01111011"":21,""10100100"":4,""00111000"":12,""01111110"":9,""01001110"":4,""11101111"":4,""01100001"":6,""10010111"":5,""11000000"":1,""11100011"":6,""01101001"":10,""10110100"":2,""10110011"":3,""11001000"":2,""10001111"":4,""10111011"":3,""10111110"":2,""11011010"":3,""11011011"":4,""10011010"":8,""01011001"":11,""11000001"":3,""01011101"":7,""11111011"":3,""10011101"":7,""11011101"":1,""11111010"":4,""11111000"":7,""11011111"":3,""11001010"":4,""10001110"":2,""10011111"":8,""11000010"":1,""10110111"":5,""10010001"":7,""10110001"":2,""01010101"":3,""10010011"":10,""10100111"":2,""10010110"":5,""11110111"":7,""11010011"":2,""10100110"":4,""01000001"":3,""11110001"":3,""01010001"":5,""10110101"":2,""11110110"":2,""11101110"":4,""10101001"":2,""11100100"":8,""11000110"":4,""10110010"":1,""11001101"":1,""11111111"":1,""10101110"":2,""10111001"":1,""11011110"":1,""11111101"":5,""11100101"":4,""11110011"":2,""10000101"":1,""11111001"":1,""10101111"":1,""11010101"":2,""11110101"":1,""11010100"":2}"
68,x,4000,-0.04049999999999998,0.09899999999999998,0.020000000000000018,0.050000000000000044,0.055499999999999994,-0.08800000000000008,0.2935,0.729,"{""01001010"":12,""00111111"":56,""00001001"":26,""01001100"":21,""11101010"":5,""01011010"":14,""00101100"":31,""01001001"":30,""00101111"":47,""00111011"":38,""01111100"":16,""00011001"":39,""00101011"":39,""00010101"":33,""00011111"":26,""00110011"":47,""00010000"":51,""11010101"":1,""11101011"":5,""00101110"":49,""00111001"":37,""00101101"":46,""01110001"":29,""00001000"":29,""01101010"":13,""01001101"":28,""11011010"":1,""01001110"":32,""00100011"":33,""01111101"":15,""01101111"":18,""01011000"":14,""01001111"":31,""00111010"":27,""00001111"":36,""11001100"":4,""00111100"":45,""01011001"":16,""01001011"":27,""00101010"":26,""01101011"":7,""00011000"":51,""00001100"":29,""00001011"":27,""01101110"":9,""00111000"":47,""01111011"":13,""00101001"":44,""00111101"":41,""01001000"":20,""01010100"":12,""10011100"":7,""01111000"":19,""01011011"":9,""11111111"":11,""00111110"":43,""00110001"":52,""00001110"":28,""00000001"":49,""00100001"":64,""00010001"":56,""00100010"":34,""00011010"":16,""00011100"":32,""00101000"":52,""00100110"":52,""01011110"":9,""01111110"":16,""01011111"":18,""11111001"":11,""00110110"":38,""00001010"":20,""11010000"":6,""01000001"":27,""00100111"":56,""00110100"":47,""10110001"":2,""10100100"":2,""01000101"":25,""00000011"":39,""11100001"":10,""01000111"":28,""00000111"":36,""11110111"":7,""00110000"":63,""00110111"":39,""00000100"":30,""01100010"":9,""00110010"":29,""00110101"":40,""01100001"":15,""01100110"":10,""01000011"":21,""00000110"":31,""11000000"":8,""11100000"":12,""01110011"":19,""00100101"":36,""00000101"":25,""00100100"":40,""11110000"":9,""00010010"":24,""00010111"":24,""00010100"":24,""01010000"":18,""10111101"":2,""10000001"":4,""10010101"":7,""01000100"":20,""01000110"":29,""01100011"":9,""10100111"":4,""01000010"":13,""11100010"":7,""11110001"":7,""01010010"":10,""10100101"":3,""01110000"":24,""11000001"":9,""01100101"":10,""01010101"":11,""01110100"":23,""00010011"":27,""00100000"":73,""01100000"":15,""01100100"":8,""00011110"":17,""00011011"":19,""11110010"":8,""01011101"":19,""01111010"":7,""00011101"":26,""01101001"":10,""00001101"":36,""00000000"":44,""11101000"":6,""11101101"":7,""01111001"":15,""01101000"":9,""01010001"":19,""01111111"":20,""11101111"":12,""11111011"":11,""10001110"":8,""11101100"":7,""01011100"":13,""10101001"":1,""11111110"":3,""10000100"":2,""11001000"":3,""11011011"":4,""01110010"":15,""11100111"":14,""11001111"":8,""10010001"":7,""11011001"":4,""01101101"":11,""00010110"":24,""10001111"":6,""11110100"":5,""10000000"":13,""10000111"":4,""01010011"":15,""01110110"":12,""11100101"":10,""11111100"":8,""10000110"":5,""11100110"":12,""10100001"":7,""11100100"":9,""10010011"":3,""10110010"":1,""10010100"":3,""01100111"":14,""01000000"":28,""11101110"":6,""10110101"":2,""11010001"":3,""10100010"":2,""01110101"":9,""00000010"":20,""10110000"":3,""10010000"":3,""10000101"":4,""11110110"":10,""01010111"":10,""11001110"":2,""10011110"":2,""11011101"":5,""10001010"":2,""11001001"":3,""11010011"":3,""10001001"":3,""10001000"":2,""10101111"":5,""11001101"":6,""11111000"":13,""10101100"":1,""11010110"":1,""10101110"":3,""01110111"":12,""01010110"":11,""10100110"":2,""10010111"":2,""10000010"":4,""10101000"":2,""11001010"":2,""11100011"":6,""10111011"":1,""10111100"":3,""11101001"":10,""11010111"":5,""11110101"":3,""10000011"":3,""11000100"":6,""11000101"":1,""10100000"":5,""10111111"":3,""01101100"":12,""10101010"":3,""11111101"":4,""11011000"":3,""10011000"":8,""11111010"":4,""10110111"":2,""11110011"":4,""10001100"":3,""11000010"":4,""10100011"":1,""11001011"":4,""11011110"":1,""10011111"":2,""10001011"":2,""11000011"":3,""10111000"":1,""10001101"":1,""11000110"":1,""11011111"":1,""10011001"":2,""10011011"":1,""10110100"":1,""10101101"":1,""10011101"":1,""10111110"":1,""11000111"":2,""10110011"":1,""10010010"":1,""10101011"":1,""10010110"":1}"
69,x,4000,0.264,-0.12949999999999995,0.03649999999999998,-0.02400000000000002,-0.17149999999999999,-0.0794999999999999,-0.00649999999999995,-0.0605,"{""00111110"":38,""00101010"":7,""10111010"":18,""11111001"":30,""00111100"":18,""10111110"":37,""11111011"":20,""10001110"":45,""11101011"":16,""01001110"":16,""01001011"":18,""11111101"":25,""10000010"":34,""10001000"":27,""10101100"":10,""11111110"":70,""00001100"":19,""11111000"":57,""11111100"":24,""11101001"":20,""10110011"":12,""11011011"":11,""00000010"":31,""01111110"":34,""00010011"":17,""01001010"":11,""11011000"":9,""10001001"":14,""00001000"":25,""00011101"":23,""00101011"":4,""11011110"":23,""11111010"":48,""11101101"":19,""00100010"":16,""01111000"":17,""01111100"":19,""01011110"":22,""10101111"":8,""11011100"":13,""00011000"":14,""11101000"":21,""00111010"":22,""11011010"":17,""01001000"":13,""00011110"":59,""11101110"":27,""11001000"":15,""10001010"":33,""01110100"":22,""10101110"":16,""11101100"":27,""01101110"":8,""01111001"":20,""11101010"":18,""10101000"":9,""10000000"":20,""11011111"":7,""00011100"":32,""10101010"":9,""11101111"":13,""11000010"":12,""10001111"":15,""00001010"":25,""00001001"":15,""01111101"":19,""01111111"":14,""00001110"":20,""11110010"":63,""00001011"":15,""00111001"":10,""01001001"":10,""11111111"":18,""10011100"":15,""10001101"":14,""01011000"":12,""10110000"":18,""10101101"":6,""01111010"":32,""01001100"":13,""00011111"":14,""11001110"":12,""01101000"":9,""11110011"":48,""11011101"":5,""00111111"":26,""10011110"":17,""00011001"":11,""11011001"":8,""00101111"":5,""10001011"":22,""10010010"":15,""00011011"":20,""10111001"":11,""01101101"":5,""10111100"":15,""10101001"":8,""11110101"":22,""00011010"":33,""01001111"":12,""01011101"":7,""10111000"":19,""10111101"":7,""11001111"":7,""00000101"":12,""10001100"":29,""00101000"":6,""01011111"":7,""00111000"":25,""00001101"":15,""00001111"":12,""11010011"":11,""01100111"":4,""11100111"":9,""01100000"":10,""01010110"":15,""00010101"":21,""00100011"":5,""01110011"":26,""01100011"":8,""10100010"":21,""11110111"":21,""00010000"":25,""01000110"":18,""11100010"":25,""00110111"":11,""10110001"":17,""10000101"":11,""11110001"":24,""11010010"":24,""11010110"":26,""00110100"":17,""11100000"":27,""00111101"":13,""00000001"":17,""10000110"":24,""11000100"":8,""11100101"":14,""10110111"":13,""00000111"":9,""11100011"":23,""01000000"":12,""00010110"":28,""00110010"":16,""10000100"":16,""00000100"":21,""00010111"":15,""11000111"":7,""10110010"":26,""01000011"":10,""10010101"":5,""11110000"":31,""11110110"":47,""01000100"":13,""01010010"":17,""01110110"":34,""10100110"":6,""10110110"":24,""00110110"":27,""00111011"":14,""10110100"":16,""00010001"":8,""01010011"":8,""01110010"":37,""01000001"":12,""00110101"":15,""00010100"":20,""00010010"":34,""00000000"":18,""00100000"":10,""10110101"":11,""01100110"":9,""00110001"":16,""00100111"":4,""10100001"":6,""01100100"":8,""01000010"":22,""11010001"":7,""10111011"":12,""11000110"":11,""11100110"":21,""10011010"":16,""10100011"":14,""00000110"":31,""10100000"":11,""10000001"":20,""00110011"":10,""11010111"":7,""01110101"":14,""01010101"":5,""01110000"":20,""01010111"":5,""11010101"":10,""00110000"":14,""01000101"":9,""11110100"":26,""11010100"":9,""11100001"":17,""01110111"":10,""01011100"":7,""10011101"":6,""01101100"":7,""01011010"":18,""00101110"":10,""00101100"":6,""10010000"":10,""00101001"":4,""11001101"":2,""10011000"":16,""00000011"":14,""01101010"":8,""01111011"":14,""10111111"":5,""01101111"":1,""10101011"":6,""11001010"":8,""01101001"":7,""00101101"":5,""01001101"":6,""11001011"":3,""10011001"":4,""10000011"":18,""10100101"":10,""01000111"":10,""11000001"":4,""01010000"":2,""11000011"":9,""11000000"":6,""00100101"":5,""01110001"":14,""10010110"":9,""11100100"":15,""10000111"":6,""00100001"":10,""11010000"":12,""10010001"":9,""11000101"":9,""01100101"":8,""01100001"":4,""01010001"":7,""00100100"":5,""01100010"":11,""10011011"":7,""10010100"":8,""01011011"":7,""11001100"":4,""01101011"":8,""00100110"":3,""10010011"":7,""10100111"":3,""10100100"":11,""10011111"":4,""11001001"":2,""01011001"":3,""10010111"":6,""01010100"":1}"
70,x,4000,0.15900000000000003,0.07350000000000001,0.034499999999999975,-0.009500000000000064,0.09250000000000003,-0.1100000000000001,0.14149999999999996,-0.04249999999999998,"{""01001100"":21,""01010010"":14,""10100100"":25,""10110100"":39,""10100000"":52,""01000011"":32,""10000011"":15,""11010110"":13,""10100011"":21,""01010101"":25,""11110110"":7,""01010001"":14,""01011001"":24,""10110110"":29,""11100010"":9,""01100111"":6,""00101100"":24,""11100011"":5,""11110011"":11,""01000101"":21,""10110101"":17,""00010101"":15,""00100100"":22,""11000011"":15,""00100101"":19,""10000110"":16,""11000110"":13,""10100110"":34,""11010010"":18,""01110010"":6,""01010110"":36,""10100010"":33,""00100010"":22,""01010100"":30,""00110100"":34,""00110010"":22,""10101011"":36,""10000000"":21,""10010010"":15,""11000010"":21,""00000001"":4,""10110000"":34,""01100110"":11,""00010011"":6,""00100000"":26,""10100001"":45,""11100111"":6,""01110111"":5,""01000000"":41,""00110001"":23,""10101110"":64,""10100101"":20,""00110000"":38,""01010000"":31,""00101110"":39,""00010010"":9,""10000100"":16,""01011000"":32,""10101001"":56,""10110001"":25,""11010000"":12,""11000000"":32,""11100110"":10,""11010101"":10,""01001110"":20,""10011100"":9,""00100001"":32,""11001110"":23,""00100111"":21,""10010100"":10,""00010100"":9,""01110011"":11,""11111011"":7,""10001100"":9,""00101010"":20,""01101110"":11,""11101010"":7,""00101111"":19,""10101111"":39,""10101100"":32,""01111110"":12,""10101010"":33,""01111000"":7,""11111110"":7,""00111000"":18,""01001011"":21,""11001000"":17,""01001000"":36,""11101000"":11,""10101101"":41,""10000010"":19,""01001010"":20,""10001010"":10,""10001110"":18,""00111100"":32,""00111110"":14,""11011001"":11,""00011010"":7,""00101101"":36,""11011110"":23,""10111011"":18,""11011010"":14,""11010100"":19,""00111101"":12,""11101011"":9,""01011111"":17,""10101000"":39,""10111010"":29,""11111000"":9,""11011000"":14,""00101000"":27,""11001010"":15,""10111001"":28,""01101000"":14,""01101100"":10,""10001011"":13,""11101100"":10,""11011100"":13,""01011101"":42,""00001010"":5,""01101101"":15,""11101110"":14,""10001000"":26,""10111000"":34,""00001000"":6,""01011100"":24,""11011101"":22,""10011000"":12,""11111010"":6,""01101010"":7,""01001001"":22,""00101001"":30,""11111101"":3,""01000010"":23,""01011010"":28,""00011011"":6,""10001001"":16,""00111011"":16,""10001101"":14,""01011110"":33,""11001100"":13,""00001101"":6,""10011110"":14,""10111110"":28,""10111101"":18,""11001111"":11,""01011011"":17,""00001001"":5,""11101101"":9,""11001011"":13,""10011001"":10,""01001111"":11,""01010111"":15,""00101011"":21,""10111111"":13,""00001110"":6,""11111111"":4,""11000111"":14,""11111001"":6,""00011100"":6,""10111100"":33,""01110110"":7,""10110010"":32,""00110110"":32,""01000001"":23,""01100001"":8,""10011011"":6,""11110100"":7,""01000110"":24,""00000110"":4,""10100111"":21,""00010000"":16,""11000101"":9,""01100011"":11,""00011111"":4,""10110111"":18,""01110001"":5,""01010011"":9,""10010001"":4,""11000100"":16,""11100100"":17,""10110011"":27,""00110111"":13,""00011110"":10,""11010111"":10,""00100110"":18,""11110001"":4,""01001101"":13,""10010110"":7,""00010110"":8,""00000000"":6,""00011101"":8,""01101111"":8,""00011001"":5,""11101001"":12,""00110011"":17,""11001001"":11,""00111001"":13,""00111010"":13,""00011000"":11,""01111001"":5,""10011111"":5,""11011011"":14,""10011010"":6,""11110000"":10,""01111111"":4,""01111010"":5,""11001101"":8,""01111101"":6,""10011101"":6,""11011111"":10,""01101011"":3,""00111111"":11,""10000111"":9,""11000001"":14,""00010001"":9,""00100011"":14,""11100000"":13,""01000111"":11,""00010111"":6,""10000101"":9,""11010001"":8,""01111100"":5,""00000011"":5,""10000001"":6,""01100100"":10,""11110101"":3,""00110101"":12,""01000100"":29,""01100010"":14,""00001100"":5,""11100101"":10,""11010011"":5,""10010011"":6,""00000100"":6,""10010101"":8,""10010111"":2,""10001111"":10,""11111100"":7,""10010000"":7,""00000010"":3,""01100101"":5,""11110010"":12,""00000111"":6,""01110000"":14,""01110100"":3,""01100000"":5,""11100001"":5,""11101111"":4,""01101001"":4,""11110111"":3,""01111011"":2,""00001011"":2,""00000101"":1,""01110101"":1,""00001111"":1}"
71,x,4000,-0.19700000000000006,0.10450000000000004,-0.12400000000000011,-0.009500000000000064,0.19599999999999995,-0.30600000000000005,-0.4079999999999999,0.4125,"{""01101111"":60,""01111011"":35,""01101110"":32,""00101010"":17,""00110101"":30,""01101001"":70,""01111110"":23,""01111100"":34,""01001100"":17,""00111111"":23,""00111001"":16,""01111010"":26,""01101011"":80,""01101101"":132,""00101011"":13,""00101110"":6,""01000111"":34,""10101111"":10,""01101000"":60,""00011010"":5,""01111111"":31,""00010100"":7,""01110010"":19,""00111110"":14,""10111110"":6,""01001111"":17,""01000101"":35,""01001110"":23,""00111010"":10,""11101100"":14,""10001010"":7,""10011010"":7,""01001011"":23,""00000001"":8,""11101011"":17,""01111000"":22,""01101100"":50,""01011010"":5,""00011100"":2,""01101010"":64,""00001001"":8,""00011001"":10,""11101101"":28,""01011110"":13,""00001111"":9,""01001000"":18,""01001001"":36,""01010111"":23,""11010000"":8,""11011111"":10,""01110100"":32,""00111011"":9,""01011100"":16,""00101001"":9,""00101000"":13,""01011111"":14,""10111111"":11,""10101011"":13,""00101101"":32,""10000101"":17,""01111001"":27,""00001000"":7,""00100111"":16,""01010001"":28,""11100110"":7,""10111101"":14,""01100001"":54,""11001010"":9,""00101111"":15,""01100000"":43,""01100100"":56,""00010000"":10,""11000101"":23,""00100000"":10,""11000111"":16,""01000110"":23,""01100111"":68,""00110111"":21,""01110101"":43,""00100011"":14,""00000000"":9,""01100010"":57,""10100000"":5,""10010101"":7,""11000010"":7,""00110000"":13,""01010100"":23,""11110011"":5,""11110100"":9,""00100101"":23,""11010100"":10,""00110110"":16,""01100101"":103,""10000000"":7,""01010110"":13,""01110011"":21,""11100101"":32,""00011011"":16,""01001010"":15,""01010011"":11,""01110000"":26,""11100100"":9,""10110010"":4,""01000000"":20,""01010000"":16,""01010010"":14,""10010100"":9,""10100100"":10,""11100000"":14,""01100011"":65,""01000001"":24,""00100010"":9,""01110001"":34,""11010111"":14,""00110010"":17,""01000010"":8,""11000100"":9,""01011011"":11,""10110101"":14,""00000101"":7,""00001101"":9,""00110001"":9,""01011001"":18,""01111101"":41,""01001101"":42,""11000001"":20,""00111100"":11,""10011100"":4,""11110111"":15,""10001111"":9,""10101001"":11,""10001101"":18,""10011011"":9,""11001100"":5,""11111001"":4,""10001001"":11,""00110100"":12,""01110111"":37,""00011101"":16,""11011100"":5,""00111101"":23,""00111000"":6,""11011101"":12,""00001100"":3,""11111011"":13,""11111111"":13,""11000110"":18,""00010101"":16,""10010111"":10,""11100111"":12,""00000010"":4,""11010101"":16,""00010110"":7,""01110110"":32,""11100011"":10,""10110000"":4,""10010110"":4,""11100010"":13,""10000111"":14,""10110011"":4,""11110001"":7,""00100001"":10,""10011101"":18,""10101010"":9,""11010010"":8,""11011000"":7,""10010001"":9,""00010011"":6,""01010101"":20,""10010011"":3,""00000011"":2,""00100100"":9,""11010110"":8,""10110100"":6,""01000100"":26,""11010011"":6,""10100001"":3,""00110011"":9,""01100110"":40,""01000011"":13,""00000111"":5,""00001011"":8,""10000011"":3,""00010111"":8,""01011101"":20,""00101100"":15,""11001000"":11,""11111101"":18,""01011000"":7,""10011111"":7,""10110111"":9,""10111100"":7,""11101110"":13,""11101001"":16,""11001101"":11,""00011110"":4,""10101110"":5,""10101100"":8,""11101111"":17,""00011000"":5,""11110010"":4,""11001111"":12,""11011010"":4,""11101010"":15,""10101101"":14,""11010001"":6,""10100101"":13,""10110001"":12,""11110000"":5,""11110101"":15,""00010001"":6,""11000011"":5,""11000000"":16,""10001000"":8,""00011111"":9,""11101000"":9,""10111011"":11,""11011011"":10,""11111010"":4,""10111000"":9,""10100111"":7,""10110110"":12,""10010010"":1,""10001011"":8,""10010000"":4,""10000001"":5,""00100110"":9,""10111010"":6,""10000100"":6,""10100010"":7,""10101000"":7,""10100011"":7,""10000010"":3,""11111110"":6,""11111000"":5,""10001110"":2,""11001110"":5,""10000110"":6,""10011110"":2,""11001011"":2,""11001001"":4,""11100001"":9,""11110110"":7,""00000100"":3,""00000110"":3,""10100110"":3,""10011000"":11,""11111100"":6,""11011001"":3,""00001110"":8,""11011110"":2,""10001100"":5,""10111001"":4,""10011001"":3,""00010010"":1,""00001010"":2}"
72,x,4000,0.37350000000000005,-0.5015000000000001,0.3215,0.026499999999999968,0.23299999999999998,-0.0714999999999999,0.07550000000000001,0.25949999999999995,"{""10000111"":8,""00110010"":84,""01010010"":59,""00100010"":107,""11110010"":46,""01000011"":44,""01000010"":128,""00110100"":11,""10100110"":22,""10010010"":41,""11110000"":14,""01010011"":17,""00100000"":20,""00101000"":23,""10000011"":13,""01100010"":30,""10011101"":6,""01000001"":20,""01000100"":12,""01100001"":11,""01010110"":21,""01110000"":9,""00000010"":45,""10000010"":53,""01010101"":5,""00010111"":4,""11101010"":51,""01110010"":25,""00110000"":29,""00100110"":71,""10010101"":12,""00100011"":43,""11100010"":61,""10100000"":8,""00111010"":70,""11100100"":13,""10110011"":8,""11000111"":3,""01100110"":20,""01000110"":52,""00010010"":24,""01000111"":17,""10010011"":20,""10010110"":20,""00110101"":12,""01100100"":11,""10000110"":34,""00101010"":108,""11100001"":14,""00110110"":27,""10001010"":51,""10100010"":24,""11110011"":17,""01001101"":17,""01110011"":11,""01100000"":10,""11100110"":37,""10110000"":8,""10100111"":8,""10000000"":9,""00100111"":18,""00000000"":10,""00100101"":14,""10000001"":10,""11010110"":5,""01111010"":27,""10001100"":11,""00000111"":7,""11100000"":14,""10010111"":9,""01010001"":15,""01000000"":27,""01100111"":6,""00110111"":5,""11100011"":19,""11000001"":5,""10110110"":15,""00110011"":29,""00000110"":24,""11000100"":3,""00111111"":5,""11001101"":2,""11110110"":13,""11010010"":7,""00000011"":11,""01001010"":105,""10100011"":7,""01110110"":11,""10101010"":34,""01001011"":50,""11100111"":8,""01101010"":26,""11000101"":3,""11000110"":11,""11110101"":2,""00010011"":4,""10010000"":9,""11101101"":11,""00100100"":14,""00101001"":16,""00101011"":53,""01110101"":2,""10110010"":27,""00110001"":13,""10010001"":10,""10000100"":8,""00000001"":9,""00010110"":3,""01100011"":7,""01010000"":9,""01000101"":12,""11111010"":46,""00100001"":17,""01101110"":22,""01101100"":8,""10010100"":11,""00000100"":3,""01011010"":61,""00111011"":26,""10000101"":6,""11101001"":16,""01001000"":21,""11000000"":4,""10110001"":4,""11000010"":15,""10011110"":17,""10110111"":2,""00010100"":6,""11110111"":3,""11010001"":1,""11000011"":4,""01001110"":34,""00011011"":10,""00001010"":44,""11110001"":4,""11111011"":11,""01011111"":18,""11001010"":13,""11101011"":27,""00011101"":6,""00111101"":5,""10001110"":17,""11011100"":1,""01111101"":7,""01011001"":6,""00101110"":64,""10011100"":7,""01011101"":9,""00111110"":26,""11101110"":27,""10101001"":7,""00101111"":26,""01011011"":21,""00011111"":5,""10001011"":21,""00001011"":17,""10011010"":49,""10101110"":17,""01101011"":14,""01101101"":6,""00011100"":4,""01011100"":11,""00011110"":8,""10111110"":6,""10111001"":4,""01110100"":1,""10101011"":13,""00011010"":21,""00001110"":21,""11111101"":5,""10111010"":22,""01001111"":8,""01111110"":11,""10011011"":11,""11111100"":1,""10001111"":7,""01011110"":24,""10011111"":12,""00101100"":22,""11011001"":4,""11011110"":10,""10101000"":6,""00111000"":15,""11111110"":11,""11011111"":3,""00101101"":14,""01111011"":6,""10001101"":12,""11111001"":7,""11011010"":9,""01111111"":4,""11101111"":16,""11011101"":1,""00001001"":6,""01001001"":10,""10101111"":6,""10001001"":10,""10101101"":5,""11101100"":9,""00000101"":5,""11111000"":8,""10100100"":2,""10011000"":13,""10111011"":5,""11110100"":5,""10110101"":5,""01110111"":4,""00010101"":3,""01110001"":3,""11011011"":5,""00011001"":5,""11111111"":4,""01101000"":3,""01101001"":9,""01001100"":7,""10001000"":8,""01010100"":4,""00111001"":5,""00001101"":9,""11101000"":7,""00111100"":7,""10111000"":7,""01011000"":9,""01111100"":3,""10111111"":2,""00001111"":4,""11001011"":4,""11001100"":1,""00010001"":4,""10011001"":6,""11011000"":2,""01101111"":3,""00001000"":4,""01111000"":7,""10100001"":2,""01100101"":2,""11100101"":8,""11010111"":2,""00001100"":5,""01010111"":5,""10101100"":3,""01111001"":6,""11001110"":4,""11001000"":2,""11001111"":4,""00011000"":1,""10110100"":3,""00010000"":5,""10111100"":1,""11001001"":1,""11010011"":1,""10100101"":1,""11010101"":1}"
73,x,4000,0.35650000000000004,0.31100000000000005,-0.11650000000000005,0.033499999999999974,0.26949999999999996,-0.681,-0.5660000000000001,0.49450000000000005,"{""01101010"":75,""10101100"":29,""01111111"":31,""01111100"":109,""01101110"":30,""00001001"":4,""00101110"":10,""10001000"":5,""01101101"":98,""01111011"":36,""10111110"":6,""11111010"":10,""10001111"":3,""10101000"":17,""01100011"":42,""01111001"":27,""01101001"":52,""01101100"":179,""01101111"":54,""11101100"":49,""01101000"":133,""01100000"":158,""01011000"":11,""11101101"":30,""01111101"":39,""00001010"":11,""00110101"":6,""00000010"":7,""01111000"":62,""11110111"":13,""10001011"":7,""00101011"":6,""11111100"":15,""01001101"":15,""01110100"":159,""00011010"":8,""11011101"":5,""01111110"":51,""10011111"":2,""01011101"":9,""10111010"":3,""11110011"":6,""01100101"":66,""11011010"":4,""00111101"":4,""10111100"":5,""01110010"":52,""00101100"":31,""01110110"":45,""11000001"":1,""01001010"":3,""00101000"":22,""11111000"":22,""11111101"":9,""00101010"":19,""00100001"":7,""00001100"":10,""01101011"":65,""01111010"":27,""11010101"":6,""01110001"":31,""01000010"":11,""10100000"":22,""01100100"":208,""00011100"":9,""00000110"":6,""01010111"":7,""01100010"":100,""00000100"":16,""11100100"":45,""11101110"":11,""01010101"":7,""11110100"":31,""10000000"":14,""00100000"":28,""01100110"":49,""01100001"":42,""10100100"":34,""11000000"":7,""11000110"":4,""01000000"":18,""01110101"":42,""00101101"":15,""01110000"":66,""00010101"":2,""10000011"":2,""11110010"":9,""00100110"":8,""11000111"":2,""10000001"":3,""01000110"":4,""11110101"":6,""01100111"":50,""10100010"":10,""10100110"":9,""01010100"":18,""01110111"":35,""01010000"":7,""11110110"":8,""11000100"":13,""11111110"":12,""00100100"":34,""11101000"":33,""10110110"":6,""00010010"":4,""11010100"":8,""01000100"":19,""11100000"":33,""10100101"":12,""11100110"":16,""01001011"":5,""01010010"":6,""11010000"":8,""01000001"":5,""00110010"":4,""11100011"":9,""00110100"":10,""00110111"":5,""00010001"":3,""10000101"":5,""10110100"":19,""01010110"":4,""00100010"":17,""11000011"":1,""00110001"":5,""11100101"":11,""00110110"":6,""00000000"":9,""01110011"":27,""11100010"":23,""10000100"":7,""10100111"":3,""00010100"":11,""10100011"":3,""10110101"":6,""01000111"":7,""00100111"":13,""10110000"":8,""10011010"":2,""10101010"":8,""00001000"":13,""11101010"":20,""10111000"":12,""01011100"":24,""10011000"":1,""11101011"":11,""10101110"":7,""10111101"":8,""10101101"":14,""01001100"":17,""01011010"":6,""10111011"":5,""11111001"":5,""01000101"":11,""10111111"":2,""00010000"":3,""10110011"":3,""11100001"":8,""11110000"":13,""10110010"":5,""11010111"":1,""11110001"":9,""11100111"":14,""00010110"":4,""11000101"":2,""00100011"":8,""10000010"":9,""10011100"":5,""11001111"":2,""10101111"":7,""10001010"":3,""01000011"":3,""00011000"":4,""01001111"":6,""00111110"":4,""00001110"":3,""00111111"":4,""00111001"":6,""00011110"":5,""10101001"":10,""11011100"":10,""10001110"":2,""11001001"":3,""00111010"":6,""01001000"":13,""11001000"":5,""11011000"":3,""11101001"":9,""00101111"":7,""11111111"":5,""01011111"":8,""10110111"":2,""10001100"":8,""10111001"":2,""11010110"":2,""00110000"":6,""00000001"":4,""11001110"":7,""11001100"":4,""00111000"":6,""10101011"":5,""10001101"":3,""11111011"":10,""11011111"":2,""00000011"":3,""10001001"":1,""00111100"":9,""10010000"":2,""00001111"":2,""01001110"":6,""11101111"":8,""01010011"":5,""01011110"":2,""10100001"":4,""00000111"":4,""01010001"":1,""00010011"":1,""11000010"":5,""11011011"":2,""00111011"":5,""11001101"":2,""11010001"":1,""10000110"":2,""00100101"":4,""10010100"":3,""10110001"":3,""00001101"":7,""00010111"":1,""00000101"":3,""01001001"":3,""10010110"":2,""10010001"":1,""10010101"":1,""00011001"":1,""00001011"":1,""11010010"":2,""00011101"":3,""10010111"":1,""11010011"":1,""01011001"":3,""00011011"":2,""00101001"":4,""11011001"":1,""11011110"":1,""00011111"":1,""00110011"":1}"
74,x,4000,0.10499999999999998,0.118,0.11499999999999999,0.05049999999999999,-0.31000000000000005,-0.15050000000000008,-0.2815000000000001,0.484,"{""00110110"":31,""11101100"":8,""01111001"":59,""01111101"":35,""01101010"":25,""00100011"":11,""10101001"":9,""00001000"":9,""01111111"":35,""10101110"":5,""00101000"":20,""01001100"":8,""10011011"":5,""11111000"":17,""10101000"":13,""00111001"":19,""01111011"":30,""11111111"":7,""01101001"":38,""00010100"":15,""01101000"":51,""11101110"":16,""00111000"":26,""00011101"":27,""11101111"":11,""11111101"":10,""00011001"":33,""11001110"":6,""01101111"":30,""01111110"":35,""01011011"":22,""10011100"":11,""00011100"":23,""01111000"":67,""10011010"":7,""01011100"":30,""10111111"":5,""10111110"":14,""11011100"":19,""11010001"":23,""01101110"":64,""10101111"":5,""00111011"":7,""01011001"":31,""00011010"":30,""11101010"":7,""11001011"":2,""01011110"":31,""11110001"":20,""11011101"":10,""10111000"":18,""00101001"":14,""01101101"":21,""00011000"":54,""11010100"":10,""01101100"":22,""01000010"":8,""11011001"":11,""01111010"":27,""11101000"":11,""01100000"":48,""10010011"":9,""00010001"":41,""11101101"":7,""11010000"":23,""11111010"":6,""10001000"":3,""11010111"":14,""11011000"":19,""10111001"":11,""11101011"":8,""11011111"":14,""10011001"":10,""10111101"":5,""00001011"":8,""01011000"":41,""00111110"":18,""01100010"":34,""00001100"":6,""00011011"":20,""00011110"":28,""11111100"":20,""10011110"":6,""01011010"":19,""01001001"":12,""11111001"":12,""11100000"":12,""11010110"":21,""01001110"":9,""11000010"":4,""01110000"":83,""00000000"":20,""00010011"":24,""11101001"":12,""11001100"":3,""01001000"":10,""00110100"":14,""11011010"":8,""01110011"":42,""00101010"":9,""11010011"":16,""01111100"":39,""00101110"":11,""00010000"":40,""11110000"":21,""10100010"":9,""00111111"":7,""01110110"":41,""00111100"":22,""11111110"":14,""00001001"":12,""01000000"":16,""01100001"":43,""00101100"":14,""01101011"":24,""01001101"":12,""00001010"":7,""01010010"":42,""01100100"":26,""00011111"":23,""01010001"":48,""00110001"":30,""10011000"":9,""00001110"":10,""00101101"":17,""01011101"":23,""01100101"":26,""00001101"":6,""00100010"":9,""11011110"":15,""01110111"":27,""00101011"":8,""01110001"":65,""00001111"":6,""01010000"":49,""00111101"":12,""01001011"":4,""10110110"":9,""01011111"":18,""00101111"":11,""01001111"":7,""10001110"":6,""00110000"":20,""00100000"":18,""11001000"":5,""10011101"":3,""10001100"":3,""11011011"":12,""10111010"":6,""01001010"":10,""11111011"":6,""11000000"":4,""01100011"":41,""00010110"":31,""01000011"":9,""10110000"":21,""00100001"":19,""00111010"":10,""10000010"":3,""10001101"":3,""01010100"":41,""10011111"":3,""10111100"":7,""10010001"":13,""00100101"":10,""11110111"":11,""11100010"":7,""11100001"":4,""00110011"":19,""01010110"":37,""00010010"":26,""01010111"":22,""00110010"":20,""01100111"":33,""00000010"":6,""01010101"":28,""01110101"":26,""10010010"":9,""01110010"":31,""00000110"":8,""01010011"":32,""01100110"":52,""11100111"":7,""01000001"":21,""11100110"":18,""01000111"":5,""00000001"":7,""01000101"":9,""00000011"":4,""00100100"":11,""00010111"":17,""00100111"":9,""11100011"":5,""01000110"":8,""00000100"":6,""00100110"":7,""10110100"":5,""11110100"":5,""10000101"":1,""01110100"":35,""11010010"":12,""10010100"":8,""11000111"":3,""10100101"":5,""10000110"":7,""11000011"":6,""00110111"":11,""00110101"":12,""00010101"":7,""11010101"":15,""11110011"":12,""10110111"":13,""10000001"":1,""10110101"":7,""00000101"":10,""01000100"":10,""10110011"":5,""10100110"":4,""10010110"":11,""10010000"":18,""11100100"":7,""10110001"":13,""10000000"":2,""10010111"":3,""11100101"":10,""11110101"":9,""10100001"":6,""11110110"":17,""10110010"":5,""10010101"":6,""10100111"":2,""11110010"":5,""10100000"":8,""10100011"":4,""10100100"":5,""11000001"":7,""11001010"":1,""10101010"":3,""11000100"":1,""10001001"":2,""10111011"":3,""10101011"":2,""11001101"":2,""11001111"":1,""10001011"":1,""10101100"":1,""10001111"":2,""11001001"":2,""11000110"":3,""00000111"":1,""11000101"":2,""10000111"":2,""10000100"":1}"
75,x,4000,0.16700000000000004,0.056499999999999995,0.08599999999999997,0.017000000000000015,0.17600000000000005,-0.05449999999999999,-0.15349999999999997,0.698,"{""00011001"":31,""00001100"":25,""00001011"":30,""01101110"":86,""01001001"":22,""01101101"":42,""01101000"":87,""01101100"":59,""00011111"":24,""00001000"":37,""01101001"":81,""00011011"":19,""01101111"":37,""10011100"":15,""00001101"":29,""00101110"":6,""01111000"":53,""01011110"":13,""11011011"":3,""00011110"":37,""01110110"":40,""01110101"":44,""01111011"":21,""00011101"":30,""00000101"":30,""00011100"":45,""01100000"":107,""11111001"":3,""00000001"":35,""01101010"":73,""01111101"":48,""01111111"":33,""00001001"":30,""00001110"":37,""01101011"":56,""00010011"":21,""11001111"":1,""01111010"":35,""00011010"":32,""00101001"":10,""01001100"":17,""00111010"":16,""10101101"":7,""10101110"":8,""01100011"":60,""10011111"":9,""00011000"":32,""01111100"":46,""01001000"":23,""11001000"":5,""01011010"":12,""01111110"":64,""10000000"":19,""00111101"":14,""10010001"":10,""01001101"":11,""01011111"":7,""00000010"":57,""01000000"":35,""01111001"":28,""10001001"":10,""01001110"":16,""01110111"":28,""01100010"":64,""01100111"":29,""00010100"":33,""01000110"":13,""01100001"":80,""11010110"":7,""01110000"":33,""01010111"":7,""00010001"":32,""00000110"":37,""10000011"":14,""10110001"":4,""10000110"":16,""00100111"":6,""01100100"":53,""11000000"":4,""10010101"":13,""10000111"":8,""11010010"":4,""10000100"":7,""00000111"":19,""01110001"":25,""01000111"":11,""01110010"":32,""01010011"":8,""01000011"":22,""00010110"":30,""00000011"":41,""00100011"":8,""00110001"":8,""01110011"":24,""01000010"":21,""11010100"":3,""00000000"":63,""00010101"":27,""01100101"":39,""00100110"":11,""00100101"":6,""11110110"":6,""00010010"":29,""01000100"":19,""00000100"":36,""01010101"":12,""00110110"":7,""01010001"":6,""00110000"":17,""01110100"":20,""00010111"":17,""11010001"":4,""01010100"":14,""10100000"":7,""11010011"":3,""01010010"":13,""11101100"":2,""10001011"":4,""00110010"":17,""10001110"":12,""10001010"":6,""00111000"":15,""01011100"":15,""11001010"":6,""01001010"":26,""10100001"":4,""01100110"":85,""11101000"":10,""10011000"":8,""00001010"":33,""11001101"":3,""11011110"":6,""11111010"":9,""10011001"":3,""00110100"":15,""10011010"":6,""10010100"":5,""00100100"":7,""10100101"":4,""00110011"":15,""10010000"":6,""00010000"":36,""00100010"":9,""10000001"":12,""11110101"":5,""10100011"":4,""10100100"":4,""11000101"":3,""01000001"":19,""10000010"":15,""01000101"":7,""11000111"":3,""11100000"":14,""00101101"":7,""11100001"":4,""10011011"":4,""11001001"":3,""00111100"":8,""00101100"":6,""10101001"":4,""11010000"":5,""11101001"":6,""10111010"":3,""11111100"":3,""00001111"":22,""00101011"":5,""01011000"":14,""10011101"":11,""11101110"":5,""11000011"":5,""10101010"":3,""10011110"":14,""11001100"":4,""11100010"":6,""00101111"":6,""00101010"":8,""00111110"":5,""01001011"":16,""00111111"":8,""10111000"":2,""11000010"":5,""01001111"":10,""10010010"":7,""01011101"":12,""01011001"":8,""00110111"":8,""11001011"":5,""00100000"":12,""10010111"":6,""00100001"":9,""11100100"":6,""11110010"":3,""10110100"":1,""01010000"":13,""10010110"":7,""11110000"":3,""10110000"":7,""10110111"":2,""11101101"":1,""11000110"":7,""11111000"":4,""11111110"":2,""10101000"":4,""10001000"":10,""10001100"":5,""10111001"":3,""11000001"":7,""10100110"":3,""11111011"":2,""01010110"":14,""11000100"":3,""10110101"":3,""10001101"":3,""11011000"":3,""01011011"":6,""11001110"":4,""00101000"":7,""10000101"":4,""11101111"":1,""11100101"":5,""10101100"":1,""11110001"":3,""00110101"":6,""11010111"":1,""10110110"":3,""10010011"":6,""10101011"":2,""10111101"":3,""10001111"":2,""11011010"":2,""11011111"":3,""10101111"":2,""10111110"":1,""11111111"":2,""11100111"":1,""00111001"":2,""11101010"":2,""11110100"":1,""10100010"":1,""11110111"":2,""10110010"":1,""11011001"":2,""11011100"":1,""11100011"":4,""11010101"":1,""11101011"":1,""11100110"":1,""10111011"":1,""10111100"":1,""00111011"":2,""10110011"":1}"
76,x,4000,0.265,-0.05899999999999994,-0.023500000000000076,-0.03699999999999992,0.21899999999999997,-0.013500000000000068,0.128,0.347,"{""00100100"":33,""10000100"":20,""00100000"":52,""00110011"":10,""00101110"":66,""00010011"":12,""00000010"":20,""01000110"":40,""10100000"":15,""10110110"":11,""01100110"":8,""10100110"":17,""10000000"":19,""01000010"":45,""11010110"":5,""01010111"":28,""00101001"":29,""01111110"":11,""00100110"":61,""01010001"":8,""00000000"":29,""11100000"":26,""10110100"":7,""01000111"":26,""11100010"":16,""10010111"":6,""01100000"":9,""00100101"":32,""11000111"":4,""00010010"":7,""10000010"":26,""00001010"":36,""11000011"":6,""11110010"":17,""11010010"":9,""11110101"":8,""00110010"":30,""01011110"":66,""00100111"":33,""00010110"":15,""01110100"":15,""01010011"":20,""01100100"":11,""01010110"":46,""00100010"":37,""01010100"":26,""11100001"":7,""11100100"":21,""01000100"":24,""00110110"":33,""00101011"":49,""00110001"":17,""01010010"":26,""00110101"":33,""00010111"":12,""00100011"":34,""00110000"":30,""11100101"":12,""10010100"":10,""01010000"":45,""11101000"":27,""00010100"":11,""00000110"":22,""00011110"":14,""01101100"":14,""10000011"":11,""00101101"":32,""00000100"":27,""10000111"":11,""01000000"":35,""01101101"":13,""11000110"":4,""01110011"":7,""11110100"":8,""00110100"":34,""11111110"":8,""10100100"":20,""01001011"":33,""01001100"":26,""10001011"":12,""00101010"":51,""00001101"":15,""01001110"":32,""01000011"":29,""00011101"":15,""01011000"":38,""00011011"":20,""00101100"":53,""10001110"":16,""00101111"":31,""10101110"":21,""10100011"":14,""01101000"":12,""01011101"":22,""11101110"":38,""10101000"":22,""11111100"":14,""11101101"":18,""01011010"":40,""01101011"":6,""00001110"":27,""11101111"":22,""11101010"":24,""01001000"":33,""11011000"":4,""11000010"":12,""01111011"":6,""00101000"":79,""01101110"":11,""00111000"":20,""10011110"":10,""11110011"":8,""10001100"":19,""00011010"":12,""01001010"":34,""01011001"":16,""10001000"":18,""00111101"":24,""01011011"":29,""10011010"":15,""10111101"":6,""11011011"":4,""01101001"":5,""11011101"":6,""10011100"":11,""00111110"":29,""11001000"":8,""11111011"":4,""10101100"":18,""10011000"":13,""10001111"":9,""01000101"":21,""10001101"":12,""11101100"":27,""01111100"":3,""00111111"":16,""11001011"":6,""00111010"":32,""10000110"":19,""10101010"":11,""00001100"":26,""01001111"":10,""11001010"":8,""11011110"":7,""11100110"":27,""10010010"":11,""00001000"":27,""01011100"":38,""01001101"":16,""01101111"":10,""00111100"":25,""11101001"":10,""11011100"":11,""01101010"":14,""00001011"":14,""10011111"":10,""00011000"":11,""01100011"":4,""00000001"":9,""00111011"":14,""10010110"":20,""01100111"":4,""10010101"":11,""11110110"":12,""10100101"":5,""00000111"":13,""10110111"":5,""00000101"":22,""01010101"":22,""01000001"":16,""11100011"":21,""11000100"":4,""10110000"":8,""00100001"":12,""00010101"":7,""11000101"":5,""01110101"":3,""00000011"":15,""11000000"":5,""01110000"":6,""11100111"":13,""10010001"":6,""00111001"":8,""10101001"":9,""11111111"":4,""00010000"":18,""01110010"":5,""11110001"":9,""10101101"":16,""00011111"":9,""10111010"":8,""00001111"":10,""10100010"":13,""10110010"":9,""00110111"":14,""10101111"":10,""10110001"":4,""01011111"":15,""11111010"":10,""10101011"":19,""10001010"":13,""01100010"":9,""01110111"":6,""10111011"":7,""01001001"":21,""11111000"":8,""01111010"":4,""10011011"":8,""11101011"":18,""10111001"":2,""00001001"":5,""10000101"":10,""11001100"":6,""11001001"":4,""10011001"":9,""10011101"":10,""10111110"":8,""00011001"":5,""11011111"":4,""10111111"":1,""10111100"":3,""01111000"":3,""01111001"":3,""10001001"":7,""10100111"":7,""11110111"":2,""10010011"":11,""10110101"":3,""11010011"":1,""01110110"":2,""11010101"":2,""10110011"":1,""10100001"":3,""00010001"":4,""01100001"":5,""10000001"":8,""01111101"":4,""11011001"":4,""11001101"":1,""00011100"":8,""11111101"":5,""11001110"":3,""10010000"":10,""11011010"":3,""11010000"":3,""01100101"":4,""11110000"":5,""11010111"":3,""11000001"":3,""01110001"":1,""11001111"":1,""11111001"":2,""11010001"":2,""11010100"":1,""10111000"":2}"
77,x,4000,0.361,0.3225,-0.15349999999999997,0.019499999999999962,-0.10850000000000004,-0.15799999999999992,-0.1100000000000001,0.0,"{""01011101"":11,""11110010"":11,""11110000"":27,""01010100"":53,""10110100"":64,""10010000"":46,""01100110"":24,""10100100"":14,""10110000"":28,""10010110"":38,""00011100"":51,""01100001"":26,""10010101"":27,""01100101"":31,""01010001"":12,""11100101"":28,""11000110"":7,""01000001"":2,""10011110"":31,""01000011"":8,""11010000"":15,""01100000"":74,""11110001"":15,""10010100"":74,""11100011"":18,""11101101"":32,""10000000"":13,""10110011"":10,""11100000"":55,""00011000"":41,""11100010"":13,""00100001"":13,""01100011"":19,""10111010"":15,""10010010"":21,""01010111"":14,""00010101"":20,""00101110"":16,""00110111"":5,""01010010"":12,""00010100"":31,""11010100"":24,""01010000"":23,""11000111"":4,""11100100"":66,""00010000"":34,""01110010"":12,""00100000"":17,""01100100"":62,""10100001"":3,""10010111"":24,""01000000"":11,""00010110"":25,""00100101"":11,""11110100"":39,""11100110"":16,""00010001"":15,""01110110"":17,""00100111"":12,""01100111"":22,""01110101"":12,""01110100"":47,""00000110"":8,""00000111"":7,""01110000"":17,""10000001"":6,""10110101"":11,""00000011"":3,""00110000"":8,""10011000"":49,""10000110"":7,""01011011"":7,""10000101"":13,""10000100"":14,""11000100"":10,""10000010"":7,""00010011"":8,""10111011"":11,""00100100"":20,""10010011"":10,""00010010"":21,""11010010"":6,""01001100"":12,""01100010"":31,""01110111"":10,""10011100"":72,""10100000"":13,""01000010"":5,""01101000"":73,""01000100"":19,""10110111"":12,""00010111"":26,""00111100"":19,""00100010"":9,""10110001"":17,""11101010"":28,""01011100"":39,""11110011"":8,""01010110"":15,""11010110"":12,""00110110"":7,""10011010"":23,""11011100"":20,""00100110"":13,""11110101"":14,""00110100"":19,""11010111"":7,""10110110"":15,""10000111"":7,""10010001"":17,""00000010"":9,""11110111"":17,""01101100"":99,""00111000"":11,""00101100"":30,""00011001"":13,""01011000"":20,""11100111"":21,""11001111"":2,""01000101"":5,""00011101"":19,""00000101"":2,""01101001"":20,""11010001"":9,""11101011"":21,""10011001"":21,""00011011"":15,""11101100"":73,""10101110"":2,""11011010"":7,""11111111"":9,""01111100"":40,""10111111"":7,""00111111"":7,""11111100"":38,""00011010"":12,""10111101"":23,""10001000"":11,""01101101"":32,""00101000"":24,""11101000"":50,""01101011"":22,""11011111"":10,""10101100"":11,""11111110"":9,""10111000"":25,""01111111"":6,""00011111"":16,""11011011"":8,""11111000"":30,""00011110"":12,""01101111"":17,""01011001"":8,""10001010"":7,""11011001"":5,""11111010"":12,""10111100"":38,""01111001"":8,""01101010"":45,""00101111"":4,""10101011"":3,""11011101"":8,""01111000"":18,""11011000"":11,""10001111"":2,""11111011"":9,""00001101"":4,""01011010"":11,""11111101"":9,""01001000"":7,""11111001"":9,""10011111"":24,""10011101"":16,""11000010"":5,""11101110"":18,""00111010"":5,""01011111"":9,""11100001"":15,""10011011"":8,""10100111"":4,""00000000"":8,""11000000"":2,""00001010"":5,""00101010"":11,""10000011"":5,""00000100"":12,""10111110"":12,""01111010"":10,""01101110"":28,""11101001"":13,""01011110"":20,""01000110"":7,""10001100"":23,""01001010"":6,""11001110"":2,""10001011"":6,""00001110"":5,""01111110"":11,""00001100"":6,""10001101"":9,""00111101"":11,""00111110"":5,""00001000"":6,""11110110"":13,""11001010"":5,""11101111"":19,""11001001"":4,""10101111"":1,""00101001"":5,""10110010"":12,""01111011"":4,""11011110"":4,""10111001"":7,""01110001"":15,""00101101"":17,""00100011"":4,""00110001"":3,""11001100"":16,""10101000"":4,""10001001"":2,""11001000"":7,""00001001"":2,""01111101"":6,""11001101"":5,""00111011"":4,""00001011"":1,""01000111"":3,""01001001"":7,""01001110"":3,""00101011"":3,""00001111"":4,""01010101"":14,""01001101"":5,""00110101"":3,""01010011"":2,""10001110"":2,""01110011"":2,""11010101"":7,""10100110"":2,""11010011"":8,""00111001"":2,""00000001"":3,""10100011"":2,""11000011"":3,""10101101"":7,""00110010"":6,""10101001"":3,""01001111"":2,""10101010"":1}"
78,x,4000,0.404,0.20999999999999996,0.014499999999999957,0.016000000000000014,0.15800000000000003,-0.08549999999999991,0.556,0.6465000000000001,"{""10010010"":6,""01100010"":26,""10010100"":21,""00000011"":55,""00100101"":55,""01100100"":25,""00100010"":95,""00100000"":121,""00110100"":84,""01010000"":17,""10010000"":15,""10110000"":14,""10100100"":5,""01010110"":6,""00000000"":99,""00100111"":28,""01110111"":8,""00100110"":52,""00010100"":94,""11110100"":9,""00110001"":19,""11010000"":5,""00101110"":67,""11100100"":15,""00000010"":67,""00010000"":39,""00110101"":24,""10100000"":6,""00100100"":79,""00110010"":21,""01000010"":19,""00001111"":17,""00011000"":51,""00011100"":127,""00010110"":29,""00011101"":47,""01101000"":38,""00010010"":19,""01100000"":31,""00110000"":42,""10000011"":3,""11100011"":9,""11100001"":5,""00000110"":21,""00110110"":14,""01010100"":7,""00100011"":40,""01110101"":3,""01000100"":15,""10010110"":7,""11100010"":14,""00000100"":63,""00111101"":39,""10000110"":7,""00111000"":41,""00000111"":21,""11100101"":7,""00100001"":33,""11100111"":4,""10100001"":3,""11010101"":3,""00011110"":34,""00010111"":19,""01000101"":9,""11100110"":7,""00001000"":74,""00001101"":20,""00111110"":23,""10001000"":14,""10101101"":5,""01001101"":3,""01101100"":16,""11101011"":6,""00111100"":94,""00101000"":95,""01101010"":14,""11101010"":15,""00001011"":24,""01111000"":7,""00001110"":27,""00001100"":36,""10001110"":7,""01001000"":19,""10001100"":12,""00101011"":46,""10011110"":12,""01011010"":9,""00011111"":22,""00101010"":68,""01001010"":16,""01101110"":9,""00101100"":87,""10011101"":14,""00001010"":51,""10111011"":6,""01011001"":4,""01111110"":10,""11001010"":3,""01100101"":8,""11011100"":9,""00101001"":21,""01011110"":9,""10111101"":6,""10111110"":4,""10111111"":3,""11101101"":3,""10011000"":14,""10101010"":11,""11111011"":4,""10001001"":5,""11101000"":15,""10011010"":7,""01000000"":17,""01111010"":8,""00110111"":15,""01110100"":14,""11100000"":25,""10100101"":3,""10110010"":8,""01010011"":7,""11010010"":9,""10010101"":6,""01110000"":10,""00101111"":26,""01100111"":5,""00111111"":19,""11010111"":2,""11110000"":3,""01110110"":7,""01100110"":4,""00010101"":25,""00111010"":33,""10000000"":11,""00110011"":19,""11000000"":4,""11000101"":2,""10010111"":6,""00101101"":39,""11111100"":4,""10101110"":6,""01001001"":5,""11011110"":3,""01101111"":6,""10000010"":9,""01001100"":9,""00111011"":14,""00011010"":24,""10011100"":29,""00011011"":24,""01011000"":6,""10001010"":9,""01011100"":13,""10111001"":5,""11101100"":15,""01111101"":2,""01001110"":7,""00011001"":11,""10101000"":10,""10111010"":5,""10011011"":3,""11011010"":5,""00001001"":17,""10111000"":8,""00111001"":15,""11011101"":5,""00000101"":18,""11011111"":2,""11111110"":3,""10110100"":11,""00010001"":15,""01101101"":9,""10010011"":4,""11010100"":12,""01010101"":5,""10110111"":4,""01010111"":2,""01010010"":8,""01100001"":9,""11010011"":4,""11110010"":5,""00010011"":10,""01100011"":13,""10000101"":3,""11101110"":7,""01111011"":3,""10101111"":1,""11101001"":5,""11001011"":1,""11111000"":4,""01001011"":4,""10011001"":4,""11001110"":2,""01101001"":7,""10101100"":7,""10010001"":5,""01111100"":20,""10001011"":5,""00000001"":30,""01101011"":7,""01111111"":6,""11111111"":3,""11011000"":2,""01000001"":3,""01000110"":5,""01011101"":4,""11010110"":3,""10000111"":3,""11000100"":4,""11101111"":2,""10110011"":3,""11110111"":2,""10000100"":8,""11000001"":2,""10110001"":2,""10110101"":2,""01110011"":5,""10100010"":6,""10100110"":4,""01010001"":3,""10111100"":6,""01110010"":5,""01000111"":8,""10100011"":4,""11001000"":2,""11110110"":1,""01011011"":3,""01001111"":5,""11111010"":3,""01011111"":3,""11000011"":1,""01000011"":5,""10011111"":4,""01111001"":2,""11111001"":1,""11110101"":3,""10100111"":1,""01110001"":3,""11011001"":1,""11111101"":1,""11011011"":1,""11001100"":2,""10110110"":1,""11000111"":1,""11000010"":1,""10101011"":1,""11110001"":1,""11110011"":1}"
79,x,4000,0.3285,0.34950000000000003,-0.272,0.04749999999999999,0.09299999999999997,-0.3045,0.263,0.056499999999999995,"{""01101101"":27,""00000100"":35,""10110100"":47,""00000111"":11,""10011010"":23,""00000011"":6,""00110110"":26,""11110000"":17,""00110100"":107,""10010100"":57,""10000100"":62,""11100100"":60,""00110101"":34,""10101000"":16,""10100111"":8,""00000000"":17,""00111110"":22,""00010011"":4,""10000110"":23,""11110100"":55,""00000110"":15,""01101111"":23,""00110001"":24,""10010001"":8,""01100001"":14,""10000001"":16,""00110111"":26,""01100100"":65,""00010000"":11,""11000111"":7,""00010110"":9,""10010111"":11,""10100101"":11,""10011100"":57,""00101100"":80,""00110000"":48,""11110110"":11,""00100100"":104,""01100111"":19,""10010101"":27,""10000101"":26,""01010101"":3,""11100000"":28,""11010100"":10,""00010100"":16,""00100101"":27,""10110110"":16,""10100100"":27,""00100000"":36,""01110101"":12,""00010010"":6,""10010000"":28,""10000000"":21,""01100101"":16,""11000010"":6,""01000110"":8,""01110011"":4,""11010101"":3,""10110000"":15,""00100111"":20,""00111000"":37,""10110111"":16,""00101101"":37,""10100010"":15,""11110010"":16,""00110010"":31,""11100101"":22,""00100110"":24,""01000100"":31,""10100110"":19,""00011101"":14,""01000001"":3,""11100010"":20,""01101010"":14,""00100001"":15,""01011101"":5,""01100011"":12,""10101101"":11,""10011000"":44,""01100010"":17,""00100011"":10,""11101000"":38,""11100111"":16,""00000101"":14,""00000001"":15,""01110111"":6,""11100001"":15,""00110011"":11,""11111100"":40,""10011101"":27,""11010000"":3,""10010010"":21,""01010000"":3,""11100110"":25,""01000101"":13,""11010001"":1,""11100011"":3,""01000000"":7,""01110110"":9,""10010110"":17,""11111111"":14,""10110010"":14,""11000001"":3,""10111101"":20,""01101000"":27,""10111100"":37,""00111011"":19,""11111001"":8,""00111111"":19,""01001100"":24,""10111111"":10,""11101110"":18,""10001111"":17,""00001000"":17,""01111100"":14,""00001010"":8,""01101100"":70,""00111100"":51,""00101011"":11,""10111001"":8,""00101000"":32,""01001110"":6,""00011000"":18,""10001100"":52,""10001001"":13,""00011110"":4,""10101110"":7,""00011001"":9,""11111000"":24,""10001010"":17,""10111000"":19,""10111010"":11,""00111001"":18,""00001001"":16,""10011110"":12,""11111110"":12,""11101011"":13,""10101100"":17,""00011100"":29,""01111101"":6,""11101100"":60,""00001100"":30,""00001101"":11,""00101111"":17,""00011010"":10,""10011111"":9,""00101010"":25,""00101001"":16,""01001111"":7,""00101110"":19,""10000010"":14,""00001110"":8,""11110111"":14,""10000111"":28,""10000011"":6,""10100000"":13,""10100001"":6,""11000000"":7,""11110101"":18,""01110010"":11,""10011011"":10,""01001000"":13,""10101010"":5,""00100010"":26,""10110001"":8,""01011010"":2,""01100110"":15,""11000110"":4,""01100000"":17,""01010110"":4,""00011011"":4,""01111000"":15,""01010100"":8,""01000111"":3,""00111010"":22,""01011011"":2,""11000100"":9,""11110011"":3,""11110001"":7,""11010010"":2,""01110001"":6,""11101010"":13,""00111101"":34,""10001110"":9,""11001100"":8,""01111111"":10,""11101101"":26,""11101001"":8,""01001001"":6,""10111110"":6,""00001011"":4,""00001111"":14,""11111101"":20,""01111010"":5,""10001101"":15,""01111110"":11,""11101111"":12,""10011001"":13,""11111010"":9,""11011001"":2,""11111011"":8,""01001011"":4,""01101011"":9,""00011111"":8,""01111001"":10,""11001101"":5,""01011001"":4,""01011100"":8,""10001000"":9,""10100011"":6,""10111011"":4,""01000010"":12,""10101111"":4,""11011100"":8,""01101110"":9,""11011110"":1,""11001011"":1,""01110000"":12,""01001101"":7,""11011101"":3,""10101001"":3,""01101001"":8,""00010101"":5,""10010011"":8,""00000010"":5,""01010011"":1,""01011111"":1,""11011000"":4,""10001011"":4,""11001111"":8,""11001000"":3,""01111011"":2,""01011110"":2,""11011011"":2,""11000011"":1,""01110100"":16,""10110101"":14,""01001010"":2,""10110011"":3,""11001010"":3,""11000101"":2,""00010001"":3,""11001110"":4,""01000011"":2,""10101011"":1,""01010010"":2,""11010011"":1,""01011000"":2,""00010111"":1,""11001001"":2,""01010111"":1,""01010001"":1}"
80,x,4000,0.3265,0.11750000000000005,-0.121,-0.00649999999999995,0.35550000000000004,-0.5805,0.08699999999999997,0.6234999999999999,"{""00100110"":64,""01100110"":55,""01100101"":49,""00010101"":11,""10100110"":5,""11101110"":34,""00010000"":13,""01100010"":65,""00101110"":81,""01100000"":75,""00100010"":78,""00110101"":26,""00110110"":37,""01110100"":18,""11100000"":32,""00110001"":17,""00100101"":65,""01100100"":86,""00111110"":29,""00100000"":87,""01111100"":21,""00110000"":39,""01101100"":113,""00101001"":20,""01110111"":12,""01000110"":4,""00000001"":7,""00100111"":54,""01000100"":13,""01100011"":34,""01010110"":9,""00110010"":36,""00100100"":115,""00101000"":96,""00000000"":20,""01011100"":14,""10000001"":4,""01101000"":64,""11100101"":19,""00100011"":54,""00101111"":33,""11100111"":12,""11100100"":39,""11100001"":15,""10011101"":8,""00010111"":11,""00000010"":10,""11110011"":2,""01100001"":30,""01110010"":20,""01000101"":9,""01110000"":23,""11101000"":18,""01001110"":9,""01110001"":8,""11100011"":14,""11010101"":1,""00101100"":146,""10010110"":6,""01101101"":55,""00010100"":22,""00110100"":41,""00000101"":7,""00100001"":33,""00000100"":15,""00000110"":4,""11100010"":14,""01100111"":44,""01001011"":2,""01110011"":9,""10010111"":6,""00110111"":26,""00010011"":6,""01110110"":14,""01111000"":17,""01000000"":10,""01111111"":15,""10011001"":3,""01101110"":57,""01101001"":24,""00001110"":11,""01000111"":4,""11101101"":25,""11000001"":2,""00111101"":19,""11010010"":3,""11000111"":2,""11101001"":8,""10010000"":4,""10001001"":1,""00011000"":21,""00011001"":6,""00011101"":16,""10000010"":6,""01111110"":27,""00111111"":26,""01101010"":53,""00011010"":17,""00111000"":40,""10011110"":9,""00001111"":4,""11101100"":38,""00101010"":74,""01001111"":6,""01011111"":6,""00011100"":33,""00111011"":17,""00011110"":17,""00111100"":40,""10101100"":5,""11101010"":20,""01111010"":13,""10101000"":6,""00001000"":13,""10001100"":11,""10011010"":7,""11101111"":8,""10101010"":5,""10111010"":3,""01011000"":11,""00001010"":9,""11011010"":1,""00111010"":31,""01011001"":1,""11101011"":13,""00001011"":10,""01001010"":6,""01101111"":34,""11011000"":6,""10011000"":17,""11111010"":12,""01101011"":19,""01011110"":19,""01001001"":5,""11110100"":7,""00101101"":68,""11001101"":5,""11111101"":5,""00011111"":5,""00001100"":18,""01001000"":9,""00101011"":29,""10100011"":4,""01001101"":4,""11111111"":5,""10011111"":7,""00001001"":4,""10110011"":3,""00011011"":5,""01110101"":9,""01000011"":8,""01010000"":8,""01010010"":13,""11000010"":3,""10000011"":5,""00010010"":6,""10010100"":12,""10010101"":9,""01010111"":2,""11110000"":7,""00000111"":4,""01000010"":11,""01010100"":13,""11100110"":21,""10000000"":5,""01010011"":10,""11000101"":1,""11110110"":9,""10110101"":5,""01010001"":4,""01010101"":6,""00110011"":21,""11000100"":1,""00000011"":8,""10100000"":8,""00010110"":8,""10111000"":3,""11001110"":4,""10001010"":6,""11111000"":4,""01111001"":7,""11111110"":6,""10011100"":14,""11111100"":5,""10111011"":3,""01001100"":14,""01011010"":10,""10101011"":2,""01111011"":13,""10100010"":3,""10111101"":1,""10101101"":5,""11001111"":1,""10001000"":6,""00111001"":10,""10100101"":3,""11011101"":2,""10001110"":4,""10110100"":4,""11001100"":4,""10101110"":5,""11011011"":2,""11011100"":1,""11001010"":2,""10111110"":4,""11111011"":6,""01011101"":6,""11110010"":8,""11110001"":6,""10100111"":1,""11110101"":4,""11110111"":5,""10010001"":3,""10000100"":6,""10000110"":5,""11000011"":3,""10100100"":5,""10010010"":2,""11010110"":1,""01011011"":4,""11011001"":2,""11001001"":1,""11011110"":2,""10101111"":2,""01111101"":9,""00010001"":4,""11000000"":2,""11000110"":1,""10000111"":1,""10010011"":2,""00001101"":5,""10111100"":4,""11010000"":1,""11001011"":3,""11011111"":1,""10111111"":2,""11010011"":2,""10110000"":1,""01000001"":3,""10000101"":2,""10001111"":1,""10001011"":1,""10101001"":1,""10110111"":1,""10110110"":1,""10001101"":2,""10011011"":1,""10110001"":1}"
81,x,4000,0.34450000000000003,0.33699999999999997,-0.21999999999999997,0.055499999999999994,-0.038000000000000034,-0.12349999999999994,0.20999999999999996,-0.11050000000000004,"{""01001100"":55,""11000101"":16,""10111000"":43,""01000100"":64,""10001001"":10,""11111110"":7,""10111100"":82,""00001001"":4,""00110100"":86,""11001110"":17,""01010110"":22,""01001000"":25,""00011111"":4,""01011100"":62,""10001100"":24,""00100100"":46,""00001100"":9,""00111001"":19,""00101111"":13,""10101000"":42,""00111000"":36,""10011100"":22,""00111111"":15,""01101011"":4,""11111111"":7,""01001001"":16,""01001011"":13,""01000111"":21,""00111110"":21,""00101100"":45,""01011000"":45,""10111110"":31,""11000100"":49,""11011000"":19,""00101011"":8,""01011010"":20,""11111100"":17,""10101100"":89,""10110110"":37,""00111100"":52,""01011101"":24,""10101010"":40,""01001101"":22,""01001110"":15,""11110001"":3,""11001000"":19,""11001100"":48,""01101000"":4,""11101000"":13,""01111010"":4,""11100100"":8,""11011001"":5,""01011001"":17,""01010010"":20,""10001110"":10,""00101110"":10,""10100111"":23,""01111100"":10,""00101000"":31,""10110001"":43,""11101110"":7,""11011111"":5,""10011000"":16,""00011100"":18,""01010100"":82,""00011110"":5,""11101111"":3,""00110000"":29,""11011110"":7,""11111000"":5,""10110101"":47,""00010100"":12,""11010100"":14,""10101011"":22,""00101101"":23,""11101010"":4,""10101111"":21,""10100011"":10,""01011011"":15,""11000111"":29,""10010100"":41,""11001001"":10,""10101101"":35,""11011100"":10,""10011010"":9,""11011010"":9,""00111101"":17,""10111111"":27,""00110011"":12,""11001101"":23,""11001011"":5,""01111000"":4,""10110100"":114,""10111101"":34,""10000110"":16,""11101001"":5,""10101110"":16,""00101010"":9,""10111011"":16,""00110001"":18,""00011101"":4,""01100111"":3,""01001111"":14,""11001010"":8,""00110111"":23,""10111010"":27,""11101100"":10,""10011101"":10,""01011110"":16,""11000010"":11,""00111010"":13,""00111011"":12,""11111010"":3,""10001010"":9,""00001011"":3,""10000000"":16,""00100010"":15,""01000101"":30,""11011101"":7,""10001000"":21,""10100010"":33,""00110010"":15,""10100100"":87,""01010000"":40,""00100000"":26,""10110000"":60,""11010000"":14,""00100001"":17,""10100000"":54,""01110010"":5,""11010001"":4,""01000000"":28,""01010111"":13,""10000101"":11,""00010000"":6,""10111001"":21,""10000001"":4,""00100011"":9,""00010001"":2,""01000001"":13,""00110110"":31,""01000110"":25,""10110010"":33,""10100110"":23,""01000010"":13,""00110101"":13,""10010000"":13,""11110000"":8,""11100000"":5,""10010111"":6,""11100110"":2,""11000000"":27,""11000001"":11,""10100101"":28,""01001010"":16,""01011111"":17,""11001111"":10,""10010110"":15,""10110011"":19,""01111001"":5,""01101100"":6,""11011011"":4,""10110111"":25,""10001111"":6,""01111110"":4,""11110111"":5,""10001101"":10,""00011001"":5,""11010111"":5,""10000100"":27,""01100101"":4,""11010110"":5,""00100111"":13,""01010101"":23,""01100100"":15,""01010001"":16,""01110111"":5,""11110101"":7,""10010011"":7,""11110100"":21,""10100001"":19,""01010011"":10,""00100110"":15,""10000011"":6,""01110101"":4,""00100101"":12,""11111001"":3,""00011010"":3,""10101001"":13,""01101010"":3,""11111101"":2,""10011110"":6,""11101101"":6,""10011011"":5,""10000010"":8,""10011111"":8,""00101001"":10,""10010101"":13,""00001010"":2,""00001101"":3,""11100001"":3,""11000110"":26,""01110100"":11,""00000001"":2,""11000011"":5,""10000111"":7,""11010101"":12,""11010011"":3,""00000101"":2,""11100101"":6,""01000011"":6,""01100011"":2,""10010001"":5,""11110110"":7,""11010010"":6,""11110010"":9,""01100000"":7,""11100111"":3,""01110000"":3,""00000110"":3,""11100011"":2,""01111101"":2,""10011001"":4,""01110110"":7,""01111111"":2,""00011000"":5,""00001000"":4,""10010010"":8,""00001111"":1,""01101111"":2,""11101011"":5,""00010010"":3,""11100010"":2,""00000100"":2,""00000000"":5,""11110011"":1,""00000011"":2,""00010011"":1,""00001110"":2,""01101110"":3,""10001011"":1,""00000111"":1,""01101001"":2,""11111011"":1,""00010110"":2,""01110001"":1,""00010101"":1,""01110011"":1,""01100010"":3,""01111011"":1,""01100001"":1,""00000010"":2,""01101101"":1}"
82,x,4000,0.008000000000000007,-0.15250000000000008,-0.04299999999999993,-0.034499999999999975,-0.08099999999999996,-0.3640000000000001,0.030000000000000027,-0.4684999999999999,"{""00110001"":10,""10110011"":48,""01110100"":13,""00110110"":11,""01100010"":12,""01110001"":10,""00010110"":10,""11000010"":16,""11100011"":28,""00100000"":11,""11100100"":19,""00111010"":10,""10110001"":27,""00110111"":14,""10110100"":52,""11010010"":34,""01100011"":25,""10110000"":38,""10101111"":54,""10100011"":46,""11100000"":31,""10100100"":37,""10110111"":49,""10101011"":50,""11010100"":26,""10100000"":42,""00010010"":7,""10100101"":33,""10000100"":12,""11000111"":14,""11000110"":15,""01101110"":17,""01100111"":24,""10000011"":13,""11010111"":52,""11110011"":11,""11111111"":14,""10100110"":45,""11100111"":25,""00100110"":4,""10100111"":42,""01110110"":20,""11010011"":40,""01110011"":19,""10110010"":40,""11000001"":10,""10110110"":69,""11010110"":31,""11010001"":22,""10110101"":42,""01110101"":17,""01111101"":19,""00110100"":6,""11110111"":11,""11100101"":10,""11000100"":12,""01000011"":8,""10100001"":14,""10010111"":7,""01110111"":11,""01110000"":14,""10101100"":40,""01101100"":20,""11110001"":5,""00110000"":13,""01110010"":20,""11000011"":31,""11010101"":31,""10011011"":6,""10100010"":42,""11011101"":37,""10111110"":60,""10000010"":6,""11101010"":20,""11100110"":19,""10111011"":62,""10101110"":56,""11011011"":52,""11101011"":37,""10111100"":47,""01111111"":13,""10101001"":27,""01111000"":11,""11111010"":14,""11001010"":15,""11011010"":36,""10111001"":42,""10111101"":47,""10001110"":12,""11111011"":16,""01111110"":20,""11011110"":38,""00111011"":17,""10101101"":36,""11001110"":16,""11001101"":13,""10111010"":52,""10001011"":9,""11001111"":17,""11011111"":49,""11001001"":9,""00101110"":8,""00011101"":8,""01111100"":24,""11101101"":14,""10001111"":11,""11101110"":21,""10111000"":29,""10111111"":60,""10101010"":30,""00101100"":12,""11011001"":21,""00101011"":17,""11011100"":36,""00101010"":10,""10101000"":41,""01101101"":11,""01011111"":3,""01101111"":20,""01011100"":3,""11111101"":13,""11101100"":20,""00111100"":12,""01101011"":16,""00111001"":10,""11111100"":15,""11001011"":15,""01010011"":7,""00001000"":3,""11011000"":33,""01101010"":16,""00111110"":11,""00011111"":7,""11100001"":10,""10001010"":10,""00100010"":13,""01011011"":9,""10011100"":4,""01111011"":14,""00101101"":8,""00101111"":9,""01101001"":6,""01111001"":9,""11001100"":5,""10001001"":12,""00111111"":10,""10001101"":8,""11101111"":20,""10011110"":11,""00001101"":4,""00011010"":4,""11101000"":25,""00111101"":10,""01001010"":7,""01101000"":22,""10001100"":8,""01001100"":4,""00101000"":9,""10011101"":4,""01001001"":4,""01001000"":9,""11111110"":18,""11000101"":14,""00011001"":2,""11001000"":15,""10001000"":5,""11110101"":13,""01000010"":3,""00010111"":5,""10000000"":10,""01010000"":5,""01100000"":13,""10010110"":7,""11110010"":11,""01010010"":3,""10010011"":8,""11100010"":23,""11110110"":12,""00110101"":6,""00100101"":4,""10000001"":8,""11110100"":9,""01100101"":7,""01100110"":21,""10010000"":6,""00100011"":12,""00111000"":7,""11010000"":29,""01100001"":12,""01010100"":1,""11110000"":7,""00010011"":9,""01000000"":2,""01000101"":1,""00110011"":12,""00100111"":10,""10000110"":11,""01010001"":4,""00000101"":1,""00010101"":7,""01100100"":10,""11111000"":8,""00000111"":3,""10000101"":7,""01010111"":3,""00100100"":10,""01000100"":9,""01010101"":4,""01111010"":13,""00011110"":4,""00110010"":7,""00010001"":2,""00011011"":9,""11111001"":8,""01001111"":7,""01001101"":4,""11101001"":12,""01001110"":6,""00011000"":5,""00011100"":7,""10011010"":5,""10010101"":2,""10011111"":6,""00010100"":5,""10010010"":7,""00010000"":7,""01000111"":5,""10011000"":2,""00000100"":3,""01010110"":4,""11000000"":7,""10000111"":4,""01000001"":3,""00001011"":2,""00001001"":1,""01001011"":4,""01011110"":3,""10011001"":2,""00101001"":3,""01011101"":2,""00100001"":5,""00000011"":2,""00001111"":2,""01011000"":1,""10010001"":1,""01000110"":2,""10010100"":4,""00000000"":1,""00000110"":1,""00000010"":1,""01011001"":1}"
83,x,4000,0.264,0.20599999999999996,-0.21950000000000003,0.05049999999999999,-0.15300000000000002,-0.21900000000000008,-0.0129999999999999,-0.1625000000000001,"{""10100100"":53,""01010100"":34,""10100000"":40,""01110010"":34,""01000000"":35,""10110011"":22,""10100011"":26,""10110100"":101,""11110110"":10,""11010101"":11,""11001011"":8,""01000100"":43,""11000100"":20,""10110000"":49,""00111100"":15,""01000111"":27,""01000110"":37,""01100001"":3,""10110110"":54,""11110100"":37,""10000100"":28,""00001101"":2,""11100000"":20,""00010100"":6,""11101010"":8,""10000001"":16,""00110100"":23,""10110010"":28,""01010110"":26,""11000110"":10,""10000010"":11,""01110101"":26,""10010010"":10,""11000010"":4,""10000101"":16,""11100101"":9,""10000000"":21,""10100111"":20,""01011010"":7,""01110000"":37,""01010000"":25,""11000000"":4,""00010110"":12,""01000010"":25,""10100110"":32,""01100100"":18,""01010101"":17,""10110001"":31,""00000100"":5,""11010110"":20,""00100000"":12,""00110010"":5,""01100000"":15,""10000110"":23,""10010100"":22,""10110101"":41,""11110111"":9,""01110110"":34,""00100001"":8,""00110101"":13,""01000011"":14,""10000011"":9,""11110010"":15,""10100101"":26,""01000001"":15,""11110101"":8,""11100110"":10,""01100101"":12,""11010010"":12,""11010000"":27,""10010000"":21,""00100100"":19,""10010110"":10,""10100001"":25,""01000101"":24,""10000111"":15,""01100010"":13,""10111110"":50,""01010111"":14,""10011011"":5,""11010100"":24,""01110001"":21,""01010010"":17,""01110100"":83,""00000111"":6,""01111101"":28,""01110011"":15,""00101111"":12,""00110111"":8,""11001010"":7,""10110111"":30,""10101110"":25,""11110001"":3,""10100010"":14,""11100001"":7,""00110110"":8,""00000101"":2,""01010001"":15,""01101100"":20,""11110000"":9,""10010101"":15,""00110001"":5,""00000110"":2,""01110111"":28,""10111100"":82,""11100011"":7,""11011110"":14,""10101100"":44,""10010111"":11,""11010001"":8,""00010000"":2,""00010011"":2,""11010111"":9,""00100101"":8,""01010011"":7,""11100100"":18,""01011100"":35,""10010001"":14,""10111111"":46,""01011110"":21,""10111101"":53,""00001000"":3,""01011000"":26,""11110011"":6,""01001100"":38,""01101000"":11,""10011100"":25,""10111000"":51,""00100111"":2,""00111111"":6,""01111010"":17,""10011101"":18,""01111001"":23,""01001101"":20,""11101111"":11,""11111101"":13,""10111010"":20,""10001000"":15,""01001111"":21,""01111110"":28,""11011101"":12,""01001011"":13,""10101000"":41,""01111000"":28,""10001010"":11,""01111100"":51,""00111011"":7,""11111100"":29,""10001111"":12,""10001011"":7,""00111101"":6,""01001010"":15,""01011111"":10,""11111011"":4,""01011001"":7,""01011101"":15,""01001110"":19,""01001000"":32,""11101110"":15,""10011110"":17,""11011100"":23,""01011011"":7,""01111011"":14,""11101011"":5,""11111001"":12,""01111111"":39,""00011110"":4,""11001101"":11,""11101000"":16,""10101111"":23,""10101010"":21,""00111001"":1,""00111110"":3,""10001100"":36,""10101011"":11,""00101101"":4,""00001100"":3,""01101101"":8,""00101100"":22,""00000011"":2,""00100011"":7,""11100010"":5,""00010111"":3,""00100010"":4,""00000000"":2,""11001100"":18,""00010010"":2,""01100110"":8,""11011010"":6,""10010011"":6,""01100011"":3,""01101111"":5,""10011001"":6,""11111111"":12,""10011000"":20,""11001001"":2,""00101110"":8,""00101010"":12,""11111110"":17,""10011010"":9,""00101000"":8,""11101100"":19,""11111010"":6,""10001110"":16,""11101001"":9,""00011000"":1,""10101101"":17,""10111001"":40,""00100110"":7,""10011111"":12,""01001001"":12,""10101001"":15,""00001010"":2,""10111011"":20,""01101110"":9,""11011000"":15,""00001110"":3,""01101011"":7,""11011111"":10,""11111000"":16,""11001111"":8,""11001000"":5,""10001101"":13,""11101101"":3,""00101011"":5,""00011001"":3,""00001001"":2,""11011001"":8,""01101010"":6,""00011010"":3,""01101001"":7,""11001110"":6,""00101001"":7,""00000010"":3,""11010011"":3,""11011011"":6,""00011100"":7,""00111010"":2,""00010001"":1,""00110000"":3,""00110011"":4,""11000001"":5,""11100111"":5,""00010101"":2,""01100111"":4,""11000111"":2,""00111000"":5,""11000011"":2,""11000101"":5,""10001001"":6,""00011111"":1,""00011101"":1,""00001011"":1}"
84,x,4000,-0.13650000000000007,-0.07600000000000007,-0.04800000000000004,-0.0475000000000001,0.133,-0.05049999999999999,-0.08349999999999991,0.6385000000000001,"{""01101010"":81,""10011010"":14,""11101000"":7,""10011110"":11,""01101111"":116,""00000010"":37,""11101111"":30,""11101101"":23,""01101101"":113,""01101110"":59,""00101111"":13,""00111010"":21,""00001111"":23,""00001110"":13,""00011111"":82,""00001000"":28,""00111101"":15,""01111110"":8,""01011101"":37,""00001011"":33,""00111110"":13,""01011010"":36,""01101000"":38,""11101011"":20,""01111010"":11,""00011101"":71,""01011111"":47,""10001000"":7,""11110011"":5,""10111010"":1,""01001000"":5,""10011111"":21,""00011010"":61,""01011100"":18,""11001111"":1,""01101011"":61,""00011110"":41,""11100101"":7,""00101101"":21,""00101011"":10,""10101010"":3,""01101001"":51,""00110001"":18,""11011011"":5,""00100001"":27,""10011101"":11,""00011100"":33,""00001010"":28,""01100010"":76,""00111000"":8,""01100001"":64,""01111101"":14,""00001100"":9,""11000001"":7,""10011100"":8,""01101100"":67,""10110010"":1,""01011110"":11,""00100100"":12,""11101110"":9,""11111110"":4,""00111011"":15,""01100101"":59,""01111100"":8,""01111000"":11,""01100011"":55,""10000001"":9,""10000010"":10,""11101010"":8,""10110001"":2,""11100110"":10,""00010011"":27,""01100100"":69,""01010111"":31,""01110001"":15,""00010100"":36,""00000000"":30,""01100000"":43,""00000100"":16,""01010010"":15,""00010010"":43,""01010110"":12,""10010011"":8,""11100000"":12,""01100110"":52,""10000000"":8,""10010010"":10,""00000001"":41,""11100011"":11,""00110101"":14,""11100111"":21,""00101001"":16,""11100001"":12,""10000100"":3,""00010111"":50,""00010101"":55,""11111100"":5,""00010110"":25,""10000111"":5,""01100111"":89,""00110011"":15,""00110010"":20,""00010000"":24,""01010101"":20,""10100111"":3,""01010000"":10,""10010101"":15,""11101100"":11,""10000110"":7,""11010100"":8,""01110100"":16,""01110010"":25,""10010110"":7,""10101000"":2,""11000100"":2,""00000011"":40,""00100011"":13,""00010001"":25,""01110111"":11,""00100110"":14,""10000101"":3,""00111111"":19,""00111001"":16,""00001101"":29,""01000101"":7,""10111101"":2,""00001001"":32,""00011001"":25,""00111100"":13,""01011001"":8,""01011011"":16,""01111011"":14,""11100100"":12,""10101101"":2,""01001110"":6,""01111001"":14,""11011101"":11,""10001111"":13,""01111111"":16,""01110110"":5,""00011000"":26,""01001111"":12,""01001001"":14,""10111000"":1,""01001100"":4,""11011110"":4,""01011000"":13,""10001001"":13,""00110111"":14,""11110110"":3,""00110000"":15,""01000011"":11,""11010000"":5,""00110110"":11,""01000111"":8,""10010111"":17,""01110000"":13,""01010100"":14,""00100111"":12,""01010011"":15,""11110100"":3,""11010110"":5,""11000011"":6,""01010001"":9,""00100000"":16,""11011010"":7,""01000001"":18,""10010000"":4,""00100101"":22,""10100101"":4,""10100110"":1,""10001011"":8,""10011011"":6,""11011111"":14,""11001100"":1,""00101010"":16,""10000011"":10,""10001101"":6,""00011011"":29,""11111010"":3,""11101001"":11,""00101000"":14,""00101110"":7,""11010001"":4,""11011001"":4,""10011000"":8,""11111111"":5,""11111001"":2,""10111111"":2,""01001011"":6,""11011100"":6,""11010111"":8,""11000111"":4,""00000110"":14,""00100010"":15,""01000110"":3,""10100010"":2,""11111101"":6,""01110011"":30,""00000111"":17,""11100010"":15,""11001011"":1,""10101011"":2,""10111110"":4,""10001110"":6,""10001010"":7,""10111100"":1,""01001101"":10,""10111011"":1,""00101100"":9,""10110111"":1,""11110001"":3,""11010010"":7,""10110011"":2,""01110101"":13,""11000101"":3,""11000010"":7,""10010001"":3,""11000000"":4,""10100100"":1,""01000000"":3,""00110100"":6,""01000100"":6,""10110101"":3,""01000010"":9,""10100001"":2,""11001110"":1,""10101111"":2,""11110010"":2,""01001010"":3,""11001101"":2,""00000101"":10,""11010101"":9,""10101100"":1,""10101001"":1,""11111000"":1,""10001100"":1,""10101110"":1,""11000110"":3,""11110000"":1,""10111001"":1,""11011000"":1,""11001010"":2,""11010011"":2,""11001000"":2,""11001001"":3,""11110111"":1,""10110100"":1,""11111011"":1,""10010100"":1}"
85,x,4000,0.22299999999999998,-0.33699999999999997,0.12150000000000005,-0.00649999999999995,0.05800000000000005,-0.12450000000000006,-0.25249999999999995,-0.24649999999999994,"{""11000000"":14,""00100000"":4,""10000000"":2,""11010011"":18,""10110101"":29,""00010011"":4,""11100001"":15,""11000110"":37,""10010110"":17,""00110010"":29,""01100101"":16,""11110100"":14,""01000010"":53,""11100100"":27,""10110111"":25,""10110010"":54,""10100010"":38,""00100010"":32,""00110100"":26,""01110010"":30,""10110100"":25,""11000010"":87,""11100101"":14,""10010111"":8,""00100001"":6,""11001010"":94,""11100010"":79,""10110000"":11,""11100111"":16,""00101100"":7,""11001100"":38,""11010010"":33,""01010010"":37,""11010110"":15,""00101000"":8,""00111111"":20,""00000000"":1,""11101000"":8,""11110110"":17,""11010000"":13,""10100001"":10,""01100011"":10,""11100000"":9,""01110110"":17,""10111011"":19,""10000010"":17,""10110110"":41,""01011110"":25,""00010010"":7,""10101011"":23,""10010010"":29,""00110101"":15,""01100010"":35,""01010011"":11,""01010111"":18,""01000000"":9,""01000100"":31,""01010110"":26,""10010000"":7,""11000100"":42,""11110000"":14,""11000001"":20,""11111010"":35,""10010100"":20,""11001011"":27,""01100000"":6,""11001110"":33,""00000100"":3,""10100000"":14,""00111010"":36,""11101010"":94,""01001010"":45,""11111011"":13,""10011111"":19,""10101110"":18,""10111010"":43,""10011010"":33,""01101111"":10,""01101010"":34,""11111110"":24,""10101010"":57,""10101000"":9,""01011101"":13,""10101001"":20,""11111100"":16,""11011100"":9,""11001000"":20,""11111111"":23,""10101101"":8,""11011010"":33,""10111111"":36,""00101010"":34,""01011000"":11,""10011001"":6,""00101110"":16,""01001011"":14,""00111101"":13,""10011101"":11,""00011001"":2,""10001010"":17,""11101100"":12,""01011010"":50,""01001100"":21,""10011110"":11,""10001110"":6,""11001101"":34,""11011000"":16,""01101101"":7,""10101111"":18,""10101100"":7,""10111001"":17,""11110010"":37,""10111110"":20,""00111110"":14,""11001001"":28,""11101111"":28,""01011011"":21,""01111101"":6,""01111010"":21,""11011001"":9,""01101100"":12,""10100100"":3,""01100001"":9,""11110011"":15,""11110111"":23,""10110011"":26,""11101001"":19,""01000111"":16,""11100110"":22,""00110110"":25,""10000101"":6,""00110001"":9,""01110001"":8,""00010101"":2,""11000011"":18,""10000111"":5,""01010100"":6,""00100110"":14,""11010111"":12,""10010101"":6,""10010001"":5,""10100110"":24,""10011011"":10,""01110111"":15,""01110000"":8,""10110001"":12,""11110101"":19,""11010100"":6,""01100111"":9,""10010011"":7,""11100011"":25,""10100011"":14,""00110011"":15,""00101111"":15,""01101001"":14,""11000101"":23,""11110001"":12,""00001001"":1,""01000001"":14,""11011110"":15,""00110111"":15,""00100100"":9,""01110011"":10,""11000111"":32,""10000001"":5,""01100100"":18,""01000011"":14,""01000101"":11,""10001101"":3,""00100011"":4,""01101110"":9,""00111100"":12,""01000110"":12,""00110000"":8,""01111111"":14,""10000110"":7,""00001011"":5,""10100101"":2,""01010000"":8,""01100110"":14,""01110101"":7,""11101011"":27,""00111011"":11,""01110100"":11,""11010001"":10,""10001001"":6,""11101110"":22,""00000010"":6,""10001000"":3,""11001111"":25,""00000001"":2,""01010101"":4,""01010001"":5,""00100101"":3,""10001111"":4,""01001000"":11,""10011100"":11,""00011110"":3,""00101001"":10,""11011111"":19,""11111001"":10,""00001100"":4,""10111101"":22,""11011011"":17,""00011100"":3,""10111000"":5,""01011111"":15,""11111101"":6,""11111000"":12,""00111000"":4,""01111011"":12,""10111100"":18,""01101011"":19,""01001101"":17,""00001101"":2,""01001111"":18,""01011001"":7,""10001100"":2,""11101101"":7,""00011011"":5,""10100111"":10,""01111001"":9,""00000101"":2,""00000011"":4,""01001001"":12,""00010110"":2,""01111110"":14,""00010000"":2,""00111001"":14,""01001110"":9,""01011100"":4,""10001011"":2,""00001000"":1,""00001111"":3,""00011101"":2,""01101000"":9,""01111100"":5,""10011000"":2,""00001010"":3,""00101011"":4,""00101101"":2,""11010101"":5,""00100111"":4,""10000011"":5,""00000111"":1,""00010111"":1,""00010001"":1,""00001110"":2,""00011111"":2,""11011101"":2,""00011010"":3,""10000100"":5,""00010100"":1,""00011000"":2,""01111000"":1}"
86,x,4000,-0.1785000000000001,0.026499999999999968,-0.03499999999999992,0.03049999999999997,-0.256,-0.038999999999999924,0.3255,0.606,"{""01100101"":16,""11100001"":10,""00010001"":40,""00110000"":44,""01010101"":31,""00100011"":53,""00010101"":36,""00010000"":36,""00000000"":10,""11100000"":12,""01010111"":57,""00000011"":8,""01110010"":8,""10010000"":9,""00110101"":66,""00100101"":45,""00011011"":28,""01100100"":5,""10010010"":8,""00100110"":27,""10000010"":4,""00110011"":48,""01010010"":36,""01100010"":5,""00101011"":43,""11100010"":3,""00110111"":78,""10001111"":10,""11110001"":9,""00010111"":55,""01010100"":25,""11100111"":11,""01011011"":26,""00100100"":27,""00010010"":30,""00110110"":26,""00010011"":30,""00000110"":21,""00100010"":39,""11110110"":5,""00010100"":30,""01010001"":33,""00111011"":39,""11110101"":7,""01010011"":52,""00000100"":20,""00000010"":8,""00100000"":49,""11010101"":18,""00100001"":41,""11010001"":10,""10100101"":2,""00110010"":32,""10110110"":3,""00110100"":38,""10010111"":20,""01100110"":7,""01110100"":9,""00001001"":14,""01000111"":16,""10010001"":17,""00100111"":62,""11111101"":3,""11010010"":6,""01010000"":29,""11010000"":7,""10100100"":4,""11100100"":3,""00111111"":64,""11010011"":17,""00010110"":21,""01000110"":9,""00011001"":43,""10010101"":7,""00111100"":53,""10011111"":13,""01011101"":37,""00011101"":33,""00101001"":46,""01101001"":6,""00011111"":38,""00111001"":65,""00111101"":56,""00011110"":37,""00101000"":37,""01111011"":11,""00001011"":16,""00101010"":35,""10000001"":4,""11011101"":12,""01111000"":9,""01011001"":34,""01001111"":20,""11011011"":15,""10001010"":2,""00011100"":36,""00101101"":39,""00111110"":44,""00001111"":24,""10101100"":8,""00111000"":43,""00101110"":33,""01001100"":17,""01001000"":7,""00101111"":42,""00110001"":63,""11001111"":6,""00011000"":24,""10101010"":6,""11011111"":8,""10110011"":9,""00101100"":28,""01111010"":5,""01011111"":35,""01111101"":10,""10011011"":10,""00001110"":8,""00011010"":24,""01001101"":15,""00000101"":25,""00111010"":39,""10111011"":9,""01011000"":34,""01011100"":30,""11011001"":12,""01111001"":12,""10111000"":7,""01011010"":25,""11111011"":5,""01001110"":8,""01111111"":12,""00001100"":23,""11011010"":9,""11111100"":12,""01101100"":8,""11111001"":7,""01011110"":17,""10101101"":5,""11011110"":10,""10110100"":3,""01111110"":6,""01101010"":1,""00001000"":13,""01010110"":15,""11101001"":13,""10111110"":5,""10011110"":4,""00001101"":14,""10001000"":4,""10101001"":5,""10000101"":8,""11010111"":18,""01110111"":17,""10110001"":10,""10010011"":14,""10100011"":7,""00000111"":21,""10100000"":8,""01101011"":8,""11100101"":5,""00000001"":20,""11010100"":4,""10100110"":4,""01000100"":5,""01000011"":14,""11000011"":3,""11110111"":7,""11110000"":3,""11011000"":9,""01110000"":5,""01000101"":15,""10000110"":4,""01100001"":10,""10011100"":8,""01111100"":14,""01110011"":7,""10110101"":8,""01110001"":9,""10110111"":10,""11010110"":4,""10010110"":10,""11000111"":1,""01100111"":12,""11000000"":1,""11111111"":4,""11110011"":8,""10011000"":9,""11101000"":7,""01000001"":15,""10101110"":5,""11111010"":4,""10111010"":4,""10110000"":9,""10111111"":11,""10111101"":3,""00001010"":11,""10101000"":3,""11101010"":5,""10001100"":4,""10100010"":1,""01000000"":12,""10000011"":2,""11101111"":6,""11000010"":2,""01100011"":4,""01110101"":7,""10011001"":7,""10011101"":11,""11101101"":5,""10101011"":6,""10001001"":5,""11001010"":2,""10011010"":6,""11001011"":2,""10001110"":2,""10111001"":6,""10000100"":4,""01101111"":14,""01001001"":13,""10101111"":5,""01101000"":7,""01001010"":8,""10100001"":7,""11000001"":5,""11100011"":2,""10100111"":8,""01000010"":5,""10111100"":5,""01001011"":4,""01101101"":6,""11011100"":6,""10001101"":4,""11001100"":4,""11110100"":3,""01100000"":8,""01101110"":8,""11001001"":1,""11111110"":5,""01110110"":6,""10010100"":5,""10000111"":4,""11001101"":1,""11000100"":2,""10000000"":2,""11000101"":3,""11101100"":5,""11001110"":3,""11101110"":1,""11111000"":1,""10001011"":2,""10110010"":1,""11001000"":2,""11100110"":2,""11110010"":1,""11101011"":1}"
87,x,4000,-0.046499999999999986,0.05249999999999999,-0.018999999999999906,0.03200000000000003,0.07250000000000001,-0.06699999999999995,-0.2755000000000001,0.4105,"{""10000111"":23,""01110010"":17,""01100110"":45,""01101101"":39,""01100010"":35,""11010110"":8,""11010111"":15,""00110010"":8,""01100000"":100,""00110000"":9,""01110101"":26,""10110100"":3,""00000100"":10,""01100101"":47,""00110101"":10,""10010000"":11,""01100011"":49,""01100111"":130,""01110001"":36,""00100111"":11,""10010011"":9,""00010001"":41,""10100111"":22,""11000000"":24,""01010001"":24,""01110111"":42,""10100001"":11,""01101111"":98,""01100001"":83,""11000111"":29,""01010000"":32,""10110101"":2,""01010011"":12,""11100110"":5,""01110000"":29,""11010001"":23,""01111011"":18,""00010000"":48,""00110011"":7,""10010101"":7,""10100000"":14,""01111111"":31,""11010000"":25,""10010111"":8,""00010110"":20,""00010111"":61,""00010011"":19,""10000101"":5,""00110110"":4,""01011100"":14,""00011001"":31,""10100100"":7,""01000100"":5,""00010010"":24,""10110000"":12,""11000101"":11,""00010101"":20,""00110001"":3,""10000000"":16,""10000100"":8,""01101110"":45,""01010110"":7,""11011111"":15,""11111000"":11,""10000010"":5,""00100000"":9,""11100111"":14,""00001001"":15,""01010100"":18,""11110111"":14,""00011111"":38,""10001011"":9,""00001100"":16,""01111001"":27,""00011000"":45,""11111110"":9,""10101110"":6,""11011001"":16,""01101011"":49,""11101111"":11,""10101111"":19,""10110110"":5,""11001000"":16,""11111001"":3,""10101000"":12,""01101000"":97,""11001010"":8,""00011100"":30,""00001000"":20,""01001100"":20,""11011011"":7,""10001110"":7,""01001111"":21,""11011000"":21,""01101001"":49,""00011110"":25,""11111011"":11,""00011011"":31,""01001000"":13,""11001100"":19,""00101000"":10,""10101101"":6,""10011111"":17,""00111000"":11,""01111000"":38,""01101100"":77,""01011010"":9,""01011000"":26,""01011110"":14,""01111110"":32,""10111100"":5,""00001011"":10,""11001001"":8,""00001111"":18,""10011011"":9,""01101010"":38,""11000001"":12,""11011100"":7,""10001101"":11,""10111001"":5,""11001110"":8,""01011111"":23,""10000110"":3,""11001111"":19,""01010111"":25,""11011010"":7,""11001101"":9,""10001000"":16,""00111100"":9,""11011101"":10,""01001001"":13,""00111110"":12,""11000010"":10,""00100110"":8,""01110100"":30,""11110000"":10,""11010101"":15,""01000110"":8,""11100010"":6,""01100100"":56,""01000111"":26,""10010100"":7,""11100011"":8,""11010011"":10,""10010110"":7,""01000101"":7,""10110111"":13,""00011010"":25,""11110010"":4,""00000101"":12,""10110001"":8,""10111101"":4,""00110111"":8,""11110101"":8,""10000011"":14,""01110011"":29,""00010100"":23,""01000011"":10,""01110110"":13,""00100101"":3,""10100010"":2,""00000011"":9,""00110100"":7,""10100101"":12,""01000010"":10,""10011001"":11,""01000001"":13,""00000010"":9,""01000000"":12,""10110011"":7,""11010100"":10,""11100000"":5,""10010001"":7,""01011011"":6,""00100011"":4,""00100010"":2,""11010010"":5,""00001110"":19,""00101001"":10,""11110011"":5,""11011110"":17,""01010101"":14,""00000111"":15,""00000000"":21,""10101010"":6,""10011000"":12,""01111100"":24,""10111011"":8,""11111111"":7,""10001010"":9,""00111111"":9,""01001101"":11,""00011101"":13,""01010010"":12,""10101001"":10,""11101101"":2,""11101001"":2,""10111000"":10,""01011101"":12,""10111111"":9,""01011001"":9,""00001010"":6,""01111101"":16,""10011010"":4,""10101011"":4,""10011101"":7,""10100110"":3,""11000110"":12,""00000001"":9,""10000001"":10,""11100001"":7,""10010010"":4,""10100011"":6,""11110001"":6,""11110110"":6,""00101100"":6,""11000100"":10,""11110100"":12,""11100101"":4,""11000011"":8,""01001011"":14,""11101000"":10,""01001110"":9,""11101100"":8,""10111010"":4,""00101110"":7,""01111010"":11,""10101100"":6,""11101011"":7,""10011100"":14,""11111100"":6,""00101101"":8,""00000110"":3,""10011110"":10,""00111101"":5,""00101111"":7,""10001111"":10,""01001010"":6,""00100100"":7,""00111011"":3,""10001001"":3,""00001101"":9,""10001100"":2,""00101011"":3,""11101010"":5,""00111010"":3,""11111101"":4,""00101010"":3,""11111010"":4,""11101110"":4,""00111001"":4,""00100001"":5,""11001011"":7,""10111110"":3,""11100100"":1}"
88,x,4000,0.31999999999999995,0.09750000000000003,0.01749999999999996,-0.008999999999999897,0.39449999999999996,-0.6605000000000001,-0.6739999999999999,0.6765,"{""00101110"":10,""10100100"":9,""01100000"":174,""11111110"":10,""01100010"":189,""01101100"":183,""01110010"":59,""11100100"":25,""00100110"":8,""01111110"":85,""01100001"":80,""00110010"":5,""01100101"":108,""00110100"":9,""01100100"":157,""01110110"":54,""01010110"":9,""01110111"":26,""01110101"":34,""01100110"":104,""11110001"":8,""01110011"":34,""00100010"":12,""10000010"":6,""10100110"":7,""01100011"":91,""01110001"":24,""01000011"":7,""00000110"":6,""01000100"":32,""01011000"":13,""01101001"":78,""00000010"":17,""10100111"":8,""00100000"":19,""11110100"":9,""01101101"":134,""11000100"":5,""01101110"":117,""01110000"":58,""11100010"":25,""11100110"":10,""01110100"":49,""01000000"":18,""01100111"":45,""01000010"":21,""00100100"":14,""10100101"":5,""11011110"":7,""00110110"":7,""01001110"":7,""11110101"":6,""01010001"":9,""11101111"":6,""01010100"":17,""00110111"":3,""00101100"":10,""11100101"":13,""00111101"":9,""11010100"":5,""01000101"":9,""11010010"":2,""10101100"":14,""00010100"":12,""00011110"":6,""00000000"":3,""11100000"":27,""10010010"":2,""11010001"":2,""00010000"":7,""10100000"":14,""01111000"":58,""11110000"":7,""00110000"":5,""11000000"":2,""10101001"":6,""00100101"":5,""00010110"":4,""01000111"":8,""10000110"":2,""01101000"":182,""10100010"":13,""11100011"":11,""11100001"":14,""00101010"":12,""01101111"":68,""01101011"":68,""01111100"":46,""01111111"":31,""00001010"":7,""10111001"":2,""11101100"":23,""00011111"":6,""11011001"":3,""11101101"":14,""00101001"":7,""01111101"":26,""01111010"":52,""11111000"":12,""00111100"":14,""01101010"":134,""01011111"":6,""10101101"":4,""10101110"":5,""11101011"":19,""01111011"":21,""01111001"":23,""10001100"":3,""01001000"":16,""11011101"":2,""11001011"":2,""10101000"":10,""00111010"":9,""01001011"":10,""10111011"":1,""11110010"":6,""00001011"":13,""01001100"":14,""01011100"":15,""10010110"":3,""00000101"":6,""11110110"":3,""00011100"":18,""00100001"":9,""00010101"":4,""10100001"":3,""10010111"":4,""01001010"":18,""10010100"":4,""00000100"":10,""00010010"":8,""01010101"":9,""00100011"":6,""10110011"":1,""01010011"":4,""00010011"":1,""11110111"":2,""00101000"":15,""00000011"":5,""00110101"":5,""01000110"":6,""11010110"":1,""10000111"":3,""00000001"":3,""10110110"":3,""10010000"":5,""10010001"":1,""11100111"":7,""01001101"":13,""10000000"":3,""01010000"":5,""01011110"":15,""00110011"":3,""01001001"":9,""00011011"":4,""00011010"":10,""11101010"":23,""00011000"":4,""01011010"":8,""00001100"":9,""00111011"":2,""11111101"":3,""00111110"":7,""00101011"":8,""10111110"":5,""11101000"":21,""01011101"":11,""10101010"":2,""11011100"":5,""11111011"":3,""00101101"":2,""11111010"":8,""10011111"":2,""11011111"":2,""01011001"":3,""11001001"":2,""00111000"":4,""10001010"":4,""00001110"":4,""11101110"":15,""11001010"":4,""11011000"":5,""10011001"":1,""10001110"":4,""10011100"":4,""11001110"":5,""10001001"":1,""10011000"":2,""11101001"":6,""10111010"":4,""01001111"":4,""00001101"":6,""10011010"":3,""11111100"":8,""00011101"":4,""00001000"":7,""10110100"":2,""11111001"":5,""10011110"":4,""10111100"":2,""00111111"":3,""00000111"":2,""10101111"":4,""11111111"":7,""01010010"":6,""11010000"":2,""10000011"":3,""00010001"":7,""11110011"":3,""00110001"":3,""10110111"":2,""00010111"":3,""11010101"":1,""10000101"":3,""00100111"":2,""00011001"":4,""10010011"":2,""10101011"":5,""10001000"":2,""01011011"":1,""10010101"":1,""10110000"":1,""10100011"":4,""11010011"":2,""10110010"":1,""00001001"":2,""11000110"":1,""11001000"":2,""11001100"":2,""00001111"":2,""10011101"":2,""01000001"":3,""00111001"":2,""00101111"":2,""10001011"":2,""11000010"":2,""10111000"":1,""11011010"":1,""11011011"":1,""10001101"":1,""10111101"":1,""10000001"":1,""11000111"":2,""11010111"":1}"
89,x,4000,0.29000000000000004,0.31899999999999995,-0.03249999999999997,0.030000000000000027,0.015499999999999958,-0.44399999999999995,-0.4005000000000001,0.4215,"{""01010001"":18,""00101000"":17,""01111100"":62,""01111010"":20,""01100001"":45,""01101101"":66,""10101001"":6,""01101001"":52,""01110101"":36,""01111000"":54,""00101101"":13,""10001100"":10,""11101111"":16,""01111011"":24,""10011110"":14,""10011010"":10,""10011000"":32,""10111110"":2,""01101100"":146,""10111001"":3,""10011100"":27,""11111110"":7,""01101111"":54,""10011101"":12,""01011100"":22,""11100100"":37,""00111000"":23,""00101001"":10,""10011111"":9,""00101111"":8,""01101110"":61,""11111001"":19,""01001101"":4,""00111001"":6,""11100111"":10,""01111110"":33,""01001000"":12,""11101101"":18,""01101010"":40,""01101011"":34,""11101010"":19,""01111001"":35,""00101011"":5,""01011001"":25,""01111101"":35,""10011001"":16,""01111111"":29,""11101001"":14,""01101000"":109,""11111100"":25,""11101110"":30,""11011010"":1,""11111011"":7,""01001100"":8,""00111110"":15,""10001010"":7,""01110011"":26,""01011101"":9,""10101010"":4,""10000100"":17,""00101110"":18,""11111000"":21,""11111101"":11,""10001011"":7,""00011011"":5,""01011000"":41,""00110100"":31,""00101010"":5,""11110001"":14,""01100000"":119,""01110110"":47,""10001101"":10,""11110110"":27,""10010100"":28,""11010010"":2,""11100000"":40,""00110101"":22,""11100011"":13,""01100111"":45,""01110100"":93,""01110010"":34,""01110001"":47,""10010001"":16,""01100010"":35,""00010001"":12,""11110000"":38,""01010101"":8,""11110101"":11,""00000100"":12,""01010000"":57,""11010100"":6,""11110010"":8,""11100101"":19,""01100100"":116,""00000101"":5,""01110000"":84,""01110111"":18,""01100110"":82,""01100011"":38,""00010100"":15,""00100000"":23,""11101100"":45,""01011010"":7,""10010000"":41,""10100100"":6,""10000110"":12,""11110100"":17,""01000100"":16,""01100101"":45,""00100110"":9,""11000000"":5,""00010101"":6,""00010000"":30,""00100100"":16,""10111010"":2,""10010110"":13,""00011100"":22,""01010110"":11,""01011111"":7,""10001000"":16,""01010011"":10,""01001011"":6,""11001101"":2,""11111111"":16,""01000001"":6,""11001111"":5,""11101000"":22,""00011000"":20,""10111101"":2,""00001001"":9,""11001110"":2,""10001001"":7,""11111010"":6,""00001100"":13,""00001111"":2,""11001010"":3,""00100101"":12,""00000000"":8,""11001000"":7,""00111101"":11,""11000100"":2,""10100000"":6,""00101100"":22,""00100001"":8,""00100111"":12,""11000101"":2,""00110001"":13,""11100010"":9,""10010010"":7,""10110010"":3,""11110011"":9,""00110000"":31,""11110111"":6,""10000011"":10,""00100010"":9,""00000001"":2,""01000000"":11,""11100110"":22,""10110001"":6,""10000101"":9,""10110000"":6,""10110110"":5,""11010000"":5,""10000000"":18,""00110110"":25,""10010111"":6,""00110011"":13,""10100010"":2,""10010101"":8,""11100001"":16,""01010010"":11,""01000110"":3,""00000111"":4,""00010010"":7,""10000111"":3,""11000010"":1,""00000010"":6,""01010100"":24,""11000111"":2,""11101011"":10,""01000010"":4,""00000110"":3,""00010011"":4,""10000010"":6,""10010011"":9,""11000011"":2,""11010011"":4,""01000101"":2,""10110011"":1,""01001010"":6,""10111100"":5,""00111111"":11,""11011101"":2,""10111000"":9,""00001101"":3,""00011110"":9,""10101000"":3,""11011000"":6,""00011111"":7,""00111100"":24,""00110010"":12,""10000001"":5,""00100011"":4,""00011101"":8,""10100101"":2,""01011011"":7,""01011110"":8,""00111010"":9,""10001111"":3,""00111011"":5,""00001011"":1,""00001010"":4,""01001110"":4,""00011001"":15,""10011011"":8,""00001110"":2,""01001111"":8,""00001000"":4,""01001001"":13,""11011011"":2,""00011010"":2,""10110100"":3,""10101011"":3,""10001110"":7,""11011100"":3,""00110111"":5,""11010001"":3,""00010110"":6,""00000011"":3,""10101111"":3,""11011111"":1,""00010111"":5,""10111111"":2,""11001100"":4,""10110111"":1,""01010111"":9,""10110101"":2,""10101100"":3,""10100001"":2,""11010110"":1,""10100110"":1,""11000001"":1,""01000111"":1,""11001011"":1,""10101101"":1,""10111011"":1,""11011110"":2}"
90,x,4000,-0.20500000000000007,-0.24049999999999994,0.13549999999999995,-0.04699999999999993,0.2985,-0.07699999999999996,-0.42100000000000004,0.14600000000000002,"{""11101111"":16,""11100011"":22,""10100110"":8,""10010011"":19,""11000111"":50,""11000001"":20,""01000011"":41,""01100111"":65,""11000011"":36,""00000011"":8,""11110000"":8,""10110111"":16,""01100001"":33,""01011111"":31,""01010111"":30,""01000111"":31,""10100111"":10,""10111011"":12,""11000100"":19,""00000001"":12,""11110001"":8,""01000001"":23,""11000110"":19,""01110111"":51,""01110001"":24,""01000010"":16,""11100100"":10,""01000100"":18,""10000011"":32,""01010011"":29,""01110010"":22,""10100101"":7,""01110100"":23,""10000001"":13,""01101011"":150,""01001101"":20,""11000010"":18,""11010100"":5,""00100110"":2,""01010000"":15,""11100001"":12,""00100101"":4,""11100101"":7,""01010010"":7,""01010001"":12,""01100011"":102,""10101010"":14,""10010001"":7,""11100010"":13,""01100000"":54,""00000010"":9,""11010000"":7,""01000101"":21,""00010011"":14,""10100000"":9,""11101011"":36,""01100010"":50,""11011111"":14,""01110110"":26,""00110101"":3,""10001001"":10,""00000101"":6,""10000000"":13,""10110001"":16,""01101010"":55,""01000110"":17,""01110101"":14,""11010001"":7,""11110100"":6,""10110110"":13,""01101001"":42,""11010011"":16,""10111110"":14,""01100110"":31,""11111110"":12,""01001000"":22,""10011011"":29,""10001111"":31,""01101101"":37,""01101000"":60,""10001011"":42,""01111011"":37,""00001010"":10,""10110101"":6,""10101111"":15,""10001010"":15,""00001000"":9,""01101111"":58,""11101100"":7,""10011111"":16,""01111000"":18,""00110011"":4,""01001100"":17,""11001011"":45,""01001011"":48,""01011010"":18,""10111010"":10,""00001001"":14,""11101010"":17,""00101010"":7,""11011101"":6,""00011011"":11,""10101100"":6,""11111011"":13,""11001101"":20,""10001110"":12,""01101100"":33,""10101011"":23,""11111010"":5,""01111010"":24,""11001110"":30,""11011100"":4,""11001010"":21,""11001100"":18,""01001110"":15,""10101110"":5,""11001111"":25,""11011000"":9,""00001011"":22,""01101110"":37,""11001000"":24,""01111111"":41,""10100011"":21,""11001001"":22,""01001010"":13,""01111001"":20,""10111111"":18,""01001001"":30,""01111110"":23,""01011011"":23,""11101001"":18,""00101000"":6,""01111101"":19,""01110000"":22,""00110010"":8,""00100011"":12,""10110000"":12,""00010010"":4,""10011010"":13,""00100001"":5,""00110100"":3,""01000000"":15,""10010111"":10,""01010100"":10,""10000010"":19,""00010000"":3,""10000111"":24,""11110010"":7,""01110011"":22,""01100100"":28,""10010010"":9,""00000110"":12,""11010111"":9,""00000111"":17,""10110011"":11,""10000100"":19,""11010010"":7,""00101111"":10,""11110110"":10,""11000000"":21,""10000110"":14,""00000000"":10,""01010110"":10,""10000101"":9,""11100000"":10,""01100101"":46,""11100111"":14,""00011100"":3,""11110011"":22,""11011010"":13,""00110111"":8,""00100111"":8,""00101011"":15,""11000101"":23,""11100110"":5,""11011011"":29,""10100100"":9,""00010110"":8,""00010111"":6,""11111001"":10,""11011001"":8,""01111100"":15,""10011000"":10,""01001111"":25,""10111001"":5,""11111111"":17,""10001101"":16,""00011111"":9,""10111100"":4,""00001101"":4,""01011101"":4,""01011001"":15,""10001100"":13,""01011000"":19,""11111100"":10,""10001000"":10,""00111101"":3,""10101000"":14,""11101000"":17,""01011110"":9,""10011110"":3,""01011100"":9,""10110010"":5,""00001100"":7,""00111111"":4,""10101001"":13,""00101110"":6,""10111101"":8,""10100010"":6,""00100010"":6,""11110101"":4,""10010000"":6,""11110111"":14,""10100001"":4,""11101110"":8,""10011100"":5,""10011001"":6,""11101101"":7,""00011101"":1,""00001111"":15,""00101101"":4,""00011010"":5,""10101101"":6,""11011110"":7,""11010110"":5,""10111000"":3,""00010101"":3,""11111000"":10,""00010001"":5,""10010100"":3,""00110001"":2,""00101100"":2,""00111011"":3,""11111101"":6,""00001110"":3,""00011000"":1,""00111001"":5,""00111000"":4,""00101001"":3,""10011101"":3,""10110100"":9,""00100100"":1,""00111010"":5,""00100000"":2,""10010110"":1,""00110000"":3,""00110110"":4,""10010101"":2,""00111100"":3,""00000100"":1,""11010101"":4,""01010101"":5,""00111110"":4,""00011001"":1}"
91,x,4000,-0.4179999999999999,-0.46799999999999997,-0.024499999999999966,0.04500000000000004,-0.2124999999999999,-0.06150000000000011,0.27449999999999997,-0.1319999999999999,"{""01001011"":20,""11001011"":9,""00001011"":27,""00100000"":7,""11110111"":80,""10111101"":16,""11101011"":44,""01101000"":12,""11111000"":14,""00000111"":51,""10011000"":30,""11011101"":6,""11011111"":13,""10011111"":70,""10011010"":25,""00011100"":17,""00011000"":19,""01111111"":11,""00111111"":16,""11111111"":60,""00101010"":11,""10011001"":7,""00011111"":63,""11101010"":13,""00010011"":92,""01101011"":36,""10011011"":76,""01001111"":13,""10101110"":10,""00010111"":89,""00110010"":12,""01111101"":7,""11111011"":68,""00011101"":19,""10001011"":35,""10011100"":14,""01101110"":5,""01101100"":7,""11000000"":4,""10110111"":92,""11101111"":32,""00101101"":14,""10001111"":29,""10001000"":10,""00101111"":27,""10000000"":9,""00101001"":4,""00011011"":77,""11001100"":6,""10111100"":19,""00001110"":18,""11001111"":13,""10111111"":58,""01001101"":5,""11111110"":20,""10101111"":12,""00001100"":12,""00101110"":10,""01101111"":33,""10000101"":15,""00001111"":31,""10001110"":6,""10110011"":74,""10110101"":25,""11100011"":22,""10011110"":21,""00100111"":41,""10111011"":62,""11110011"":75,""00111101"":7,""00010101"":22,""11111010"":11,""00001101"":7,""10010111"":76,""11011001"":1,""01100100"":12,""00100100"":9,""11000111"":13,""00000011"":25,""11110100"":17,""01100101"":11,""00000001"":9,""00100011"":40,""00110001"":8,""01000011"":18,""10000001"":8,""10010011"":72,""00010000"":19,""00100110"":8,""01000000"":5,""10110000"":11,""11100111"":47,""01100011"":28,""10110010"":14,""01110111"":26,""01110011"":13,""00010100"":9,""10100011"":31,""10000011"":40,""10100111"":22,""01100010"":6,""10110001"":13,""00010001"":17,""11110010"":23,""10000100"":3,""10010001"":9,""11011011"":12,""01010111"":7,""00100001"":5,""11100100"":11,""00110101"":7,""10000010"":8,""00000101"":12,""10111010"":18,""01110110"":6,""01101001"":8,""10110100"":16,""01110000"":3,""11000011"":11,""01010011"":13,""11110001"":9,""10110110"":17,""11111101"":15,""10101000"":5,""00010110"":13,""01100000"":8,""01100111"":33,""11100101"":14,""00110111"":21,""01000111"":15,""10101011"":16,""11010011"":10,""00100101"":11,""11110000"":18,""00101011"":43,""10100001"":4,""10010100"":18,""00000110"":10,""10000111"":42,""01110001"":3,""00110011"":22,""10010010"":22,""00010010"":31,""11010101"":5,""01000101"":4,""10010110"":14,""01010000"":3,""10010101"":24,""01010101"":3,""00110100"":6,""11100001"":5,""11110101"":25,""10100010"":10,""00000000"":7,""11111100"":13,""01011000"":2,""00001010"":11,""01111100"":2,""01001100"":8,""00101000"":11,""00111000"":6,""11101000"":21,""00111001"":4,""01011111"":8,""00011110"":20,""01011101"":7,""01111011"":21,""11111001"":14,""01001110"":2,""10111001"":9,""01101101"":13,""00011010"":25,""01101010"":11,""10101100"":6,""11001110"":6,""01011001"":2,""11101101"":8,""10111110"":16,""10001010"":6,""01011011"":15,""10101010"":4,""10001101"":9,""01011010"":6,""00111011"":15,""01000001"":2,""11000010"":1,""10100100"":8,""00110110"":7,""10100110"":2,""01000110"":7,""11000001"":2,""01110101"":7,""00100010"":5,""11000101"":5,""10100000"":4,""11010110"":2,""10100101"":7,""10111000"":13,""00001000"":5,""11101110"":14,""00000100"":7,""01011100"":3,""01111110"":6,""00101100"":9,""10001100"":9,""00011001"":9,""11100010"":12,""00000010"":11,""01000010"":5,""10010000"":18,""11100110"":12,""00111010"":4,""11000110"":2,""01110010"":9,""01100110"":7,""01111000"":5,""10101101"":7,""01111010"":9,""11010000"":1,""01110100"":5,""11010010"":6,""11110110"":11,""11101100"":8,""01001000"":2,""11001010"":1,""11011110"":4,""11001000"":5,""01111001"":2,""00111110"":3,""10101001"":2,""10011101"":14,""10000110"":4,""11010001"":4,""11100000"":1,""11010111"":5,""01011110"":4,""01010110"":3,""01010001"":1,""10001001"":4,""11010100"":2,""11101001"":2,""11011000"":2,""11001001"":1,""01000100"":2,""11011010"":3,""01100001"":3,""01001010"":1,""01010010"":1,""01001001"":1,""00001001"":2,""01010100"":1}"
92,x,4000,0.2915,0.34450000000000003,-0.1725000000000001,0.024499999999999966,-0.1705000000000001,0.055499999999999994,-0.10749999999999993,-0.2044999999999999,"{""11101001"":18,""11111100"":83,""10011010"":7,""11111111"":23,""10111110"":7,""00011000"":38,""10101100"":20,""00001111"":18,""00001100"":43,""10000101"":10,""11101000"":39,""00011100"":54,""11111000"":47,""00011001"":17,""11110100"":72,""11011010"":20,""01110100"":30,""11011100"":74,""00010010"":14,""10001000"":21,""01111110"":10,""00100101"":10,""11011000"":41,""11001011"":8,""10111000"":14,""00001110"":11,""11001010"":6,""10011100"":23,""10001101"":22,""11011110"":35,""00011111"":16,""01111010"":13,""11011101"":31,""10111010"":7,""00101100"":23,""00011110"":23,""01111001"":13,""01011111"":5,""11000001"":10,""00110001"":4,""01111100"":25,""00101011"":6,""11101110"":26,""00010000"":41,""11001000"":20,""10101101"":11,""10101010"":2,""10001100"":41,""11011011"":9,""10111101"":4,""11111101"":36,""11001110"":7,""00000100"":42,""00010100"":72,""10111100"":19,""00001000"":31,""10101001"":8,""01011100"":15,""11111110"":37,""01111000"":17,""00011010"":9,""11011111"":18,""10011111"":7,""01101000"":15,""01011110"":2,""11001100"":25,""11100110"":27,""01100101"":8,""00000001"":21,""11010110"":35,""11010011"":19,""11110111"":27,""00100011"":8,""00010101"":38,""01110010"":14,""11110101"":40,""10011011"":5,""11100001"":12,""11010000"":55,""10010101"":13,""11100011"":14,""00000111"":19,""00100100"":26,""11111011"":16,""00100110"":12,""11110010"":25,""00101110"":7,""00000010"":12,""01110101"":11,""10010100"":40,""10110000"":11,""11110110"":30,""11000100"":25,""11110011"":14,""11100101"":29,""00100001"":12,""00001101"":25,""11100100"":49,""11110001"":28,""01000011"":1,""10110001"":5,""01100010"":8,""11010100"":100,""10010011"":9,""01100001"":13,""10000011"":9,""10010000"":18,""10010010"":12,""10000000"":10,""00001010"":25,""01100110"":8,""00010111"":14,""00010001"":22,""00110100"":16,""01100000"":20,""10001111"":6,""11010111"":27,""10100111"":1,""11010101"":37,""10000111"":7,""00000011"":11,""00010110"":26,""11110000"":44,""11010001"":29,""01100100"":20,""00010011"":10,""00000110"":19,""10000110"":6,""11000010"":11,""00000101"":21,""10110010"":4,""11000011"":6,""11000110"":12,""01100111"":9,""11100000"":35,""10010001"":10,""01010100"":11,""11101010"":17,""10010110"":17,""11010010"":15,""01111101"":12,""00000000"":39,""11100010"":23,""00100111"":8,""10010111"":14,""00110000"":8,""11000000"":23,""10111001"":2,""01011000"":7,""00111010"":11,""11111010"":24,""01110000"":11,""01001111"":3,""01000111"":3,""10011000"":21,""10101011"":5,""01001010"":2,""00111100"":20,""11001111"":7,""01000100"":8,""01101100"":20,""01110011"":7,""11011001"":30,""10100001"":7,""11101100"":45,""10001010"":15,""01011001"":2,""01101011"":4,""11111001"":20,""00101000"":12,""00011101"":25,""10101110"":5,""00001011"":11,""10001110"":5,""01101110"":7,""01111111"":5,""00101101"":11,""01101001"":10,""10011110"":9,""10100000"":10,""10110101"":10,""00100000"":20,""11001001"":10,""10000100"":22,""01000010"":2,""10110110"":6,""11100111"":9,""11000111"":6,""01110110"":10,""01011010"":4,""01010010"":1,""11101101"":22,""00110101"":9,""01010101"":5,""10110111"":6,""10110100"":22,""10100100"":15,""10000010"":12,""10001001"":9,""00110011"":1,""00110010"":8,""10100101"":4,""10111111"":5,""00100010"":4,""10100011"":6,""01010110"":5,""10100110"":7,""10011101"":12,""01101010"":7,""00111101"":15,""01010000"":6,""10011001"":10,""00111011"":7,""00001001"":11,""01001000"":8,""01111011"":5,""10101111"":6,""11101111"":19,""01001110"":5,""00101001"":10,""10111011"":5,""00011011"":9,""00111110"":5,""00111000"":15,""11001101"":6,""10101000"":11,""11101011"":14,""01110001"":13,""01100011"":2,""10110011"":3,""10000001"":7,""00110110"":5,""01101111"":4,""00101111"":4,""01001100"":5,""00111001"":7,""01001101"":6,""01001011"":1,""00111111"":3,""00110111"":5,""11000101"":7,""01001001"":1,""01000110"":2,""00101010"":5,""01010011"":2,""01010001"":1,""01010111"":3,""01110111"":4,""10001011"":3,""01011101"":5,""01000000"":2,""01101101"":4,""01000101"":2,""01011011"":2,""01000001"":1,""10100010"":1}"
93,x,4000,0.007499999999999951,0.006000000000000005,0.15549999999999997,0.040000000000000036,-0.131,-0.389,0.22650000000000003,0.7055,"{""00110100"":81,""00010000"":22,""00110011"":75,""01010111"":23,""00010001"":27,""00000001"":24,""00110111"":62,""00100101"":39,""01010100"":17,""00001110"":7,""01000101"":9,""00100011"":64,""00110001"":89,""01010001"":39,""01100110"":19,""00100010"":61,""01100011"":50,""01110000"":27,""00000011"":28,""01010011"":22,""11010101"":2,""01110011"":24,""10110111"":6,""00010011"":21,""00010010"":13,""00000100"":15,""01000011"":13,""00100110"":47,""01111100"":16,""00100000"":46,""00010101"":10,""00100001"":49,""11110000"":11,""01011111"":23,""00111011"":72,""11100000"":20,""01110100"":16,""00100111"":24,""01001100"":14,""01110111"":10,""00100100"":37,""00010100"":24,""01100001"":41,""11100101"":8,""01010101"":11,""10110011"":4,""01100000"":41,""11010001"":4,""01110010"":19,""01100101"":19,""10110010"":4,""11100010"":15,""01011001"":27,""01101011"":32,""11000111"":1,""01101101"":19,""00001111"":10,""10010111"":2,""10010100"":3,""10110000"":3,""11110100"":11,""00110101"":39,""00011010"":25,""11101100"":8,""11011101"":5,""00011100"":25,""01011011"":20,""01001001"":15,""00111110"":40,""01011000"":23,""00111001"":62,""01101100"":16,""01101000"":29,""00110000"":58,""01011100"":20,""00101010"":35,""00011000"":19,""01101111"":19,""00101000"":52,""11111010"":9,""01111101"":8,""00111000"":70,""00011001"":20,""01101110"":14,""00101111"":34,""01111011"":22,""11011001"":7,""00110010"":71,""01111111"":15,""00111111"":71,""10011000"":5,""00001011"":18,""01100010"":31,""01111010"":16,""11101111"":5,""00011011"":26,""00101100"":40,""10111100"":7,""00101001"":32,""00000000"":14,""01111110"":16,""00101101"":33,""01101001"":23,""01111000"":20,""00101011"":37,""00111010"":71,""01011010"":18,""00111100"":82,""10011100"":16,""10011111"":10,""01001111"":9,""00011101"":17,""00011111"":18,""00001100"":11,""00111101"":25,""11111001"":18,""10001111"":1,""11111111"":11,""01001010"":11,""01001101"":6,""00101110"":37,""11111100"":11,""00001010"":12,""11101010"":6,""01011101"":11,""11101000"":14,""01110001"":13,""10001010"":3,""11111000"":9,""11101110"":4,""11111110"":6,""01000111"":9,""10111011"":11,""10111010"":7,""01111001"":20,""10111110"":5,""11100111"":5,""11011011"":6,""00011110"":20,""01101010"":33,""10101100"":1,""10011101"":3,""11111011"":10,""11100110"":13,""00110110"":43,""11100011"":17,""10001000"":2,""01001011"":13,""10001100"":2,""11011110"":2,""01001110"":8,""11111101"":5,""10001110"":4,""10111001"":3,""00000111"":20,""01001000"":13,""10111101"":2,""10100011"":4,""00001101"":6,""00000101"":14,""10010001"":3,""11010100"":3,""11110011"":8,""11110001"":11,""01010110"":9,""10000111"":2,""10110110"":4,""01000010"":11,""10010000"":6,""01100111"":21,""10100010"":7,""01110101"":8,""11100001"":11,""11000011"":2,""10010010"":2,""10010011"":3,""10110001"":3,""01000110"":6,""10000101"":1,""00001001"":20,""11101011"":7,""10011110"":6,""01010000"":16,""10011011"":4,""11101101"":4,""11011100"":6,""00000010"":17,""10101000"":2,""11011111"":5,""11100100"":12,""01011110"":17,""11010010"":3,""01010010"":19,""00010111"":16,""01000000"":15,""10110100"":8,""01110110"":13,""01100100"":19,""11010110"":3,""00010110"":19,""10101110"":2,""10101001"":7,""10010101"":4,""01000100"":14,""11110010"":7,""01000001"":12,""11011010"":4,""10000011"":3,""11010000"":2,""10100101"":6,""10100001"":2,""10100100"":1,""00000110"":8,""10000000"":2,""10111111"":4,""11001010"":1,""00001000"":5,""11110101"":4,""11010111"":3,""10110101"":3,""10010110"":1,""10000110"":3,""11110111"":3,""10100000"":3,""11110110"":6,""10101101"":1,""10011010"":5,""10101010"":3,""11001001"":2,""11010011"":2,""10001001"":2,""11001000"":2,""10011001"":5,""11000000"":1,""10101011"":3,""11101001"":3,""11000001"":1,""11001101"":2,""10111000"":1,""10000010"":1,""11001100"":2,""10100111"":2,""10000001"":1,""11000110"":1,""11011000"":1}"
94,x,4000,0.344,0.3085,-0.13450000000000006,0.03649999999999998,0.384,-0.19199999999999995,-0.2629999999999999,0.4385,"{""10000100"":57,""01101110"":33,""10000011"":16,""10001100"":50,""01111010"":17,""00011101"":18,""01111111"":28,""01101001"":33,""11111101"":7,""01111100"":52,""00001111"":17,""11011101"":2,""10001101"":14,""01101010"":64,""10001010"":18,""01101100"":199,""10111000"":7,""11001100"":13,""11101011"":8,""01001001"":6,""00001110"":18,""01100110"":59,""01000101"":9,""00001011"":10,""00001100"":53,""00011000"":11,""10101100"":8,""01101000"":120,""00111100"":22,""11001101"":5,""11101100"":19,""11111100"":12,""10001001"":13,""10000110"":18,""01101111"":52,""11101110"":8,""00011010"":11,""11101111"":8,""01111011"":19,""10011100"":28,""00101110"":7,""01100100"":205,""01010000"":18,""10001000"":31,""11000100"":13,""00111101"":9,""10011010"":7,""10011111"":9,""01111110"":24,""11111011"":4,""11111110"":8,""01111000"":42,""10101111"":4,""01101101"":60,""01001101"":12,""00001000"":31,""11011100"":8,""00000111"":26,""01001000"":16,""01001100"":26,""01110000"":50,""01011101"":11,""10101010"":6,""01011100"":23,""11001000"":10,""11101000"":12,""10011101"":10,""00011100"":30,""10111100"":8,""11100100"":34,""10001111"":16,""10001011"":19,""01101011"":60,""00000010"":20,""01010010"":8,""11011010"":1,""00000011"":13,""01100011"":47,""01010100"":22,""00000110"":30,""01100101"":69,""01100000"":137,""00000000"":41,""01110100"":76,""00000001"":13,""01110111"":10,""00100100"":13,""10000000"":36,""11100010"":13,""11010000"":6,""10010101"":5,""01110001"":10,""00100000"":14,""00010100"":19,""10110100"":5,""11000010"":12,""00000100"":75,""11010111"":2,""11000000"":14,""00010010"":11,""01100010"":75,""01110101"":19,""10000111"":15,""00110010"":3,""00000101"":25,""10010100"":28,""11100000"":17,""10000001"":12,""00001101"":22,""01110010"":19,""11101010"":8,""01010101"":11,""11000110"":6,""00010111"":15,""01010011"":2,""00100001"":2,""11000001"":7,""00010000"":10,""01110011"":18,""01100001"":38,""01111101"":22,""00110000"":14,""01000000"":21,""00101100"":19,""11111001"":7,""01100111"":48,""11111111"":3,""00010001"":4,""01011010"":10,""00101000"":7,""00111000"":9,""10011011"":10,""11101101"":10,""11110001"":5,""01111001"":21,""00011111"":6,""10011001"":7,""10011000"":23,""01110110"":17,""10101011"":2,""10000010"":18,""11100101"":15,""00101111"":3,""11001010"":6,""00011001"":3,""10001110"":19,""00011110"":10,""01001111"":6,""00110110"":4,""11101001"":6,""11001111"":4,""10100111"":6,""01001010"":10,""00001001"":18,""00101001"":6,""00001010"":7,""01011000"":15,""01011111"":5,""11001110"":3,""11011000"":5,""10101110"":2,""11110100"":15,""11000111"":4,""10111001"":1,""00101010"":5,""00011011"":11,""00101011"":4,""01001011"":11,""10010000"":15,""10100000"":9,""00100111"":5,""11000101"":3,""11010001"":1,""10100011"":6,""11100011"":17,""10100001"":4,""00010011"":4,""10110001"":2,""11110101"":6,""11100111"":10,""11100001"":11,""11000011"":4,""10000101"":17,""10010001"":2,""00110100"":9,""01010111"":5,""00110101"":3,""00010101"":8,""00101101"":3,""11010010"":4,""00010110"":10,""01011011"":1,""01000111"":7,""00111001"":1,""01000110"":7,""11110010"":5,""10110110"":1,""10100110"":3,""10110000"":2,""01000010"":6,""10010110"":8,""11110000"":10,""00100010"":5,""10111101"":1,""00100110"":7,""10110101"":3,""01010001"":5,""10010010"":5,""10100100"":16,""00110001"":5,""00100101"":3,""01011110"":7,""11111000"":6,""00111010"":6,""10111010"":3,""10101000"":10,""10101001"":1,""10100101"":4,""10111110"":1,""11001001"":1,""01000100"":22,""01010110"":5,""10110011"":5,""00111110"":7,""11100110"":10,""11010011"":2,""10010111"":7,""01000001"":7,""11110110"":7,""00110011"":1,""11010100"":4,""10110111"":2,""01000011"":4,""01001110"":7,""10100010"":4,""11110011"":3,""01011001"":3,""00111011"":3,""10010011"":5,""00111111"":3,""11011011"":1,""11010101"":2,""11001011"":3,""10111011"":1,""10111111"":1,""11011110"":1,""10110010"":2,""11110111"":1,""11011001"":2,""11011111"":1,""00100011"":2,""00110111"":2}"
95,x,4000,0.34299999999999997,0.247,0.03200000000000003,0.02749999999999997,0.26949999999999996,-0.6505000000000001,-0.39949999999999997,0.5569999999999999,"{""00111100"":46,""11111010"":13,""01101001"":45,""10001100"":8,""01101000"":164,""01101101"":73,""10101010"":2,""01111011"":29,""01101011"":51,""01101100"":159,""11101100"":53,""01111001"":11,""10000010"":8,""11111111"":10,""01110100"":75,""01101010"":70,""00100000"":71,""11101011"":15,""10001010"":11,""11111000"":18,""11101000"":40,""10101101"":4,""01111100"":74,""00111010"":20,""01111110"":43,""01001000"":14,""10011000"":11,""11001000"":6,""00101000"":46,""01111000"":56,""01111111"":33,""00111000"":11,""01111010"":42,""00011100"":27,""01100101"":76,""11011111"":2,""00101100"":45,""01101110"":33,""01001011"":8,""01011110"":5,""01100000"":186,""01110000"":61,""11101101"":26,""00111110"":23,""01001100"":12,""01101111"":38,""00110111"":21,""10111100"":2,""10001011"":5,""10001001"":2,""10101100"":9,""11001110"":2,""11111100"":18,""11110100"":23,""11000111"":1,""00110000"":21,""01100010"":92,""01000110"":4,""01100100"":133,""01110011"":36,""11100010"":24,""00010010"":7,""00110010"":29,""10011011"":3,""11100000"":56,""01100111"":44,""11100011"":13,""00110011"":16,""01001110"":5,""11010010"":1,""10010100"":17,""01110010"":41,""01100011"":74,""01010000"":11,""11101010"":17,""11110000"":20,""00100010"":34,""01100001"":54,""01000100"":13,""01110111"":25,""10110100"":5,""00100100"":40,""01000000"":22,""10000000"":16,""11110001"":12,""00000011"":9,""00100111"":18,""10100101"":4,""10100010"":4,""00100001"":17,""11100100"":42,""10010010"":3,""11000100"":2,""00000000"":11,""00000100"":12,""10010101"":5,""11100101"":17,""11101111"":13,""11010101"":2,""11110110"":11,""11111110"":12,""00001000"":14,""10110000"":4,""01000011"":9,""00100101"":17,""01100110"":36,""00100011"":22,""11100110"":11,""01110001"":17,""01011111"":2,""10010001"":4,""00100110"":6,""11110011"":14,""01110110"":29,""01110101"":24,""01000001"":6,""01000111"":3,""00110110"":15,""00010100"":9,""10011001"":3,""01010010"":13,""00010011"":2,""10100110"":3,""11110010"":15,""11000000"":3,""11000011"":3,""11100001"":9,""00010000"":11,""11100111"":7,""01000010"":12,""00010001"":2,""00110100"":30,""01010111"":3,""00101101"":26,""10000111"":7,""00010101"":6,""00110001"":10,""10010011"":3,""01010100"":9,""11110111"":8,""01000101"":8,""10011100"":19,""10011111"":5,""00111011"":6,""11001100"":7,""00111111"":14,""00011110"":4,""01111101"":27,""00101001"":12,""00111101"":6,""01001101"":7,""01001010"":6,""11101001"":10,""11101110"":14,""00111001"":11,""01001111"":6,""00001011"":6,""00011101"":6,""00101110"":22,""01011011"":5,""11111001"":2,""00101010"":20,""00101011"":18,""01011100"":13,""11001001"":1,""11011000"":2,""00011001"":5,""10001000"":6,""11011100"":8,""00101111"":20,""10011101"":5,""00000111"":8,""00000110"":4,""10000101"":5,""00001100"":15,""10010110"":4,""10000001"":8,""10000011"":7,""11010111"":2,""10000110"":2,""01010011"":3,""00010111"":6,""00110101"":5,""10100000"":4,""11110101"":4,""01010101"":5,""01010001"":4,""10100011"":2,""10100100"":4,""01011101"":4,""10101000"":5,""11111101"":7,""00001110"":4,""00011000"":13,""10011010"":4,""00011011"":4,""11111011"":4,""01011010"":5,""01011000"":5,""00011010"":8,""01001001"":6,""11011011"":1,""10001110"":2,""10101110"":4,""10000100"":5,""00010110"":7,""10110110"":4,""10010000"":11,""00000010"":4,""11001011"":1,""11000101"":1,""00011111"":4,""00001010"":1,""10111101"":2,""11011001"":2,""11000010"":2,""10001111"":1,""10111000"":2,""11000110"":2,""11010100"":1,""10010111"":2,""10100001"":2,""01010110"":4,""00001001"":2,""10001101"":1,""11011101"":1,""10101011"":2,""11001101"":1,""10101111"":1,""11010000"":1,""11011110"":2,""10011110"":3,""10111010"":1,""10111001"":1,""00000001"":1,""10110101"":1,""11010011"":1,""10111011"":1,""10101001"":1,""00001101"":1}"
96,x,4000,0.008000000000000007,0.21199999999999997,0.05500000000000005,0.020499999999999963,-0.2024999999999999,0.12,0.024499999999999966,0.663,"{""00010101"":51,""01101110"":27,""00110110"":12,""10100000"":10,""00010010"":24,""00110000"":14,""01010000"":41,""01111111"":53,""01100000"":55,""01100011"":24,""10110111"":4,""01110101"":30,""10100110"":7,""00000001"":37,""00010000"":144,""01110110"":25,""00101101"":16,""01111100"":42,""01110000"":78,""11111100"":6,""10110001"":7,""11010101"":7,""00100011"":9,""11110000"":9,""00100111"":19,""00000000"":41,""00100000"":24,""00000100"":24,""00000110"":22,""00110100"":11,""00100100"":9,""00000101"":30,""11010001"":16,""01010011"":11,""00011000"":94,""01100101"":25,""11100000"":12,""00111011"":6,""00010111"":64,""00000011"":23,""10001101"":4,""01010010"":13,""00010100"":42,""00000010"":21,""00100001"":24,""00010110"":45,""11010111"":14,""01010001"":31,""11100001"":3,""01010110"":24,""11010011"":6,""11010000"":22,""01100010"":12,""01100111"":35,""00101111"":9,""00100101"":5,""10110110"":3,""10000110"":6,""01110111"":43,""11000111"":7,""00010011"":30,""01000011"":10,""10111100"":8,""11010010"":8,""10110000"":10,""10010001"":7,""01110100"":31,""00100010"":9,""10010010"":1,""01010111"":23,""01000000"":9,""00110010"":4,""01011010"":17,""01110011"":23,""01011001"":27,""01101101"":29,""11101010"":3,""00101000"":24,""00111001"":14,""01111001"":59,""11011111"":10,""01101010"":12,""01011011"":14,""10011000"":9,""10001000"":4,""00011011"":26,""00001100"":30,""11011110"":10,""00011111"":31,""00011110"":34,""01111010"":22,""11011001"":15,""01011111"":19,""00011001"":65,""00001000"":55,""00111110"":10,""01101000"":46,""01011110"":29,""00001010"":25,""00011010"":24,""10010000"":17,""11011101"":11,""01100110"":18,""00010001"":94,""10001100"":6,""01011000"":34,""01101001"":35,""10011011"":5,""01001000"":10,""11001110"":2,""00001011"":24,""11011000"":19,""00011101"":33,""01101100"":35,""01101111"":37,""10111000"":4,""10101000"":3,""00111101"":12,""01111000"":50,""01011100"":24,""01111110"":37,""10111001"":6,""11001111"":5,""01110001"":53,""10011111"":9,""01001111"":14,""00011100"":46,""10111011"":5,""10000000"":4,""00111111"":14,""01100100"":30,""00001111"":40,""01000100"":11,""00001001"":51,""00110001"":6,""01010100"":19,""10100010"":4,""00100110"":9,""01010101"":27,""11110011"":3,""00000111"":53,""01111101"":34,""10010100"":5,""01000101"":7,""11100101"":5,""10000001"":6,""10100100"":8,""01101011"":17,""01111011"":27,""10110101"":5,""11000011"":2,""00101001"":9,""10110010"":2,""11111000"":7,""10100101"":5,""01110010"":13,""00001101"":32,""10000100"":1,""11100110"":4,""11010100"":5,""11000110"":3,""00110101"":12,""00111100"":11,""11100100"":6,""10010110"":4,""10010111"":3,""10100001"":7,""11110010"":3,""01011101"":19,""01000110"":5,""00101010"":8,""01001100"":8,""00101100"":16,""10011001"":8,""00111000"":11,""11100111"":7,""10101110"":6,""11101101"":1,""10011100"":5,""00101110"":13,""10101101"":1,""11001001"":7,""11011100"":6,""01001001"":12,""11111001"":8,""01100001"":34,""10111110"":7,""00001110"":34,""10001010"":4,""11111111"":11,""10001111"":8,""10110011"":2,""11101000"":6,""11101001"":7,""10000111"":10,""10010101"":4,""11000000"":1,""11010110"":7,""11110111"":8,""11100010"":4,""00110011"":6,""11000100"":2,""01001110"":4,""10101111"":7,""01001101"":6,""01001010"":3,""10111101"":3,""11110001"":7,""11111010"":4,""10001011"":2,""11101111"":2,""11111101"":4,""00110111"":7,""11110110"":7,""01001011"":7,""11011011"":8,""10101011"":4,""10011110"":2,""11001011"":6,""10111010"":4,""10101010"":2,""11111110"":6,""11111011"":2,""10011101"":3,""11011010"":2,""10001001"":2,""11110101"":2,""10000010"":3,""01000010"":3,""10111111"":2,""10100111"":4,""10000011"":1,""11000001"":3,""00101011"":7,""10101100"":3,""10110100"":3,""11001101"":1,""11110100"":4,""01000111"":3,""10100011"":2,""11001010"":3,""10101001"":3,""10000101"":1,""11100011"":1,""01000001"":2,""11101100"":2,""11001000"":4,""10001110"":3,""11001100"":2,""10010011"":2,""11101011"":2,""11000101"":2,""11101110"":2}"
97,x,4000,-0.10650000000000004,-0.08650000000000002,-0.1080000000000001,0.014499999999999957,-0.1259999999999999,-0.15850000000000009,-0.34450000000000003,-0.020499999999999963,"{""01011010"":17,""11110111"":32,""01001101"":9,""01001111"":17,""01001110"":9,""11111001"":11,""11111111"":17,""11001011"":17,""10101100"":14,""01101101"":47,""11101101"":24,""01101000"":24,""00101110"":2,""00111011"":12,""01011011"":21,""11011110"":35,""00101100"":4,""01011001"":11,""11001000"":9,""01100111"":34,""01011111"":21,""11101111"":25,""10101110"":17,""10101111"":21,""10111011"":18,""10101000"":23,""00000101"":11,""00101010"":9,""00101000"":14,""10101101"":20,""10011111"":11,""01101011"":44,""01001010"":13,""01101010"":32,""00001001"":7,""10111111"":41,""11011111"":55,""11111010"":9,""00011100"":3,""01111000"":8,""00001000"":7,""00110001"":11,""10010100"":5,""01111010"":27,""11011000"":31,""11101011"":26,""11011011"":17,""10011000"":8,""10101001"":15,""01101100"":26,""01011000"":15,""10111110"":16,""11101110"":12,""10111001"":10,""01111100"":24,""01011100"":11,""01110110"":22,""10100100"":12,""11011100"":36,""10111100"":24,""10111101"":25,""11110100"":18,""10111010"":21,""00011010"":16,""01111110"":29,""11010111"":51,""11111100"":14,""01100011"":38,""11011101"":35,""00011000"":15,""11111000"":7,""00001110"":5,""00111101"":14,""01101001"":16,""01101111"":30,""11001110"":4,""00110011"":16,""01011101"":19,""10111000"":11,""00110010"":13,""11010101"":42,""00000001"":10,""01100100"":27,""01100101"":37,""01110111"":63,""10100011"":21,""00100011"":9,""00000100"":7,""01110001"":22,""10010110"":8,""10110110"":17,""11010110"":33,""10100111"":15,""00000011"":9,""11000101"":22,""00000110"":7,""01100010"":43,""01000111"":12,""11000111"":16,""11010011"":27,""01010111"":27,""01110010"":26,""11001001"":22,""01010001"":18,""11110011"":15,""01010110"":20,""11010100"":36,""11010000"":22,""00110000"":8,""10110001"":9,""01000110"":19,""10110111"":32,""00110111"":17,""11001101"":20,""01000011"":9,""11100101"":30,""11000000"":12,""11011001"":27,""10110101"":20,""01110100"":23,""01010100"":21,""11110110"":12,""01111001"":18,""01100001"":19,""11110101"":23,""11010010"":40,""00010010"":13,""01000001"":10,""00110100"":7,""01010000"":9,""01110011"":15,""11100100"":13,""10110000"":17,""11010001"":24,""11110000"":7,""10100101"":18,""10110010"":15,""10000011"":3,""01100110"":22,""10010001"":3,""10101011"":21,""00011111"":16,""11111011"":18,""00011101"":11,""00111111"":16,""11101100"":20,""10110100"":16,""01011110"":25,""00001111"":11,""00011001"":2,""01001001"":8,""11101010"":18,""01111101"":31,""00111000"":13,""11101000"":22,""01101110"":26,""01111111"":39,""00001101"":10,""10000100"":2,""10101010"":18,""11001111"":18,""11101001"":9,""11000100"":12,""00001010"":5,""10010101"":8,""01110000"":21,""00010111"":15,""00010100"":10,""10011001"":7,""00111100"":9,""10011100"":2,""11001010"":14,""00010001"":8,""11000011"":23,""00101111"":7,""11111101"":16,""01001011"":10,""01111011"":21,""00111001"":6,""11100001"":13,""00011110"":12,""11011010"":34,""11111110"":12,""10001110"":1,""11110010"":11,""00100111"":14,""11100111"":32,""01010011"":18,""11100010"":13,""01110101"":32,""10100000"":18,""01000000"":10,""11100000"":20,""10010011"":7,""01100000"":24,""01010101"":25,""00000010"":9,""00010101"":10,""01010010"":12,""00000111"":12,""00100110"":7,""11000001"":12,""10110011"":13,""11100011"":21,""10001010"":3,""01001100"":7,""00110101"":15,""11001100"":8,""00111010"":12,""00001011"":8,""01001000"":5,""00011011"":7,""10011011"":7,""11000010"":17,""10011110"":4,""10001001"":2,""10100010"":21,""01000101"":13,""10100001"":6,""01000100"":10,""00000000"":6,""00010000"":9,""00100010"":6,""10000000"":5,""10001011"":2,""10000001"":5,""11000110"":9,""10100110"":11,""10010111"":10,""00100101"":12,""01000010"":7,""11110001"":14,""10010000"":5,""00010110"":13,""10001100"":4,""10011101"":9,""00101101"":5,""10011010"":9,""00110110"":5,""11100110"":7,""00100001"":3,""00111110"":7,""10001000"":2,""00001100"":8,""10001111"":3,""00101011"":4,""00010011"":9,""00100000"":2,""00101001"":3,""00100100"":8,""10000010"":3,""10010010"":2,""10000110"":1,""10000101"":3}"
98,x,4000,0.09750000000000003,0.18100000000000005,-0.07800000000000007,0.05500000000000005,0.055499999999999994,-0.11349999999999993,0.15749999999999997,0.43899999999999995,"{""00100110"":44,""01010000"":24,""10100101"":13,""11010110"":3,""10010110"":4,""00000101"":13,""11010100"":6,""11100010"":5,""01000011"":24,""00110000"":52,""01000100"":64,""01010010"":25,""00110010"":66,""01000001"":40,""11110000"":12,""00100001"":60,""00100100"":44,""00110011"":52,""00110001"":35,""01000000"":55,""10100110"":14,""11100000"":12,""10100011"":11,""11100100"":13,""01101100"":14,""00110100"":74,""10000110"":16,""00100000"":47,""00110111"":21,""10100100"":14,""00110110"":59,""10000000"":12,""10000111"":10,""10000011"":10,""01100110"":12,""10000100"":19,""01000010"":40,""10110000"":21,""00100010"":29,""11101000"":8,""01110101"":5,""01000101"":51,""01110001"":3,""01011100"":26,""11110100"":18,""00110101"":58,""10110001"":14,""11110111"":7,""10100010"":11,""11101110"":7,""10001101"":17,""01010101"":32,""00010010"":9,""01010100"":45,""01010001"":30,""10000001"":18,""01110111"":4,""10110011"":11,""00001101"":19,""00101001"":33,""01000110"":39,""00100011"":25,""10101101"":21,""00010101"":11,""11100101"":9,""01000111"":26,""10110101"":9,""11110010"":5,""01110100"":6,""00100101"":33,""10110010"":15,""11110101"":8,""01011110"":28,""01110010"":6,""01010011"":26,""01001010"":35,""01001111"":29,""01110000"":5,""01100000"":8,""11010111"":2,""11011111"":2,""10110111"":11,""10100111"":6,""10110100"":16,""11100001"":8,""11111001"":15,""10000101"":11,""00100111"":18,""00010001"":7,""00010110"":7,""11110011"":10,""01100101"":15,""01100100"":15,""01100011"":7,""10010111"":5,""11010010"":8,""00010100"":15,""01100111"":8,""11010101"":7,""11110110"":10,""01100001"":12,""10010010"":13,""01100010"":5,""01001100"":62,""00000110"":14,""00010000"":5,""01010110"":30,""11110001"":7,""01001101"":69,""11100110"":10,""01101000"":11,""10010001"":10,""01010111"":7,""10110110"":15,""00101000"":44,""10001100"":18,""10010011"":8,""10100001"":23,""10010100"":16,""00000111"":2,""10000010"":9,""10010101"":7,""01011101"":31,""00000100"":13,""01101111"":5,""00000001"":11,""00101100"":50,""00101111"":22,""11100011"":3,""00111000"":33,""01011010"":25,""10001000"":12,""01001110"":35,""10101100"":21,""00001110"":13,""11111110"":7,""00111100"":56,""00111110"":39,""11111010"":10,""00001000"":8,""00111001"":34,""10011100"":10,""10011011"":5,""10001011"":11,""10111010"":13,""11101100"":11,""10101001"":12,""11011110"":7,""10111101"":20,""10111100"":14,""11101111"":11,""01111011"":2,""01001011"":23,""01011011"":23,""11101101"":10,""01011001"":24,""00011010"":15,""01011111"":19,""00101110"":32,""00111010"":39,""10011111"":6,""10101011"":6,""11001111"":2,""11111011"":4,""01101101"":11,""01001001"":38,""10111110"":17,""00101101"":48,""01101001"":10,""11001000"":4,""11111100"":15,""10001010"":8,""10001001"":11,""00111101"":56,""00101011"":26,""01101110"":7,""01001000"":36,""00001100"":11,""10101010"":5,""00111111"":30,""11001001"":2,""10011010"":5,""11111000"":11,""10011110"":6,""10101000"":15,""01011000"":24,""11011100"":2,""01101010"":2,""10101111"":9,""00101010"":19,""10011101"":8,""10001110"":7,""10011001"":5,""11111101"":15,""10101110"":8,""01111000"":6,""00011110"":6,""11001011"":3,""10111011"":14,""11101011"":2,""00111011"":37,""11001101"":3,""11101001"":8,""00011000"":4,""11101010"":7,""10111001"":5,""01111100"":9,""00001001"":9,""11011011"":2,""01111101"":5,""10001111"":12,""11011001"":5,""00011100"":15,""00011001"":6,""01111001"":3,""00001011"":3,""11011000"":2,""01101011"":6,""01111111"":5,""10111000"":10,""10100000"":14,""11001100"":3,""00001010"":3,""10011000"":4,""00011011"":5,""11000111"":3,""01111110"":4,""11011010"":4,""11000110"":7,""00001111"":6,""01111010"":1,""00011111"":2,""00010011"":5,""11001010"":2,""10111111"":9,""10010000"":4,""11010011"":3,""00000010"":11,""11000010"":3,""00000000"":9,""11000101"":5,""11000100"":2,""11010000"":5,""11111111"":3,""11100111"":2,""11000001"":2,""11000011"":2,""11010001"":1,""11011101"":2,""11001110"":1,""00011101"":5,""00000011"":4}"
99,x,4000,0.19099999999999995,0.25149999999999995,-0.19199999999999995,-0.02849999999999997,-0.02849999999999997,0.2845,-0.2795000000000001,0.6935,"{""00000110"":10,""00101000"":40,""00101010"":20,""00000001"":6,""00111000"":33,""01011010"":34,""01011001"":47,""01011101"":81,""01111110"":2,""01011100"":166,""01011110"":69,""01001100"":95,""01011000"":75,""00101100"":55,""01001111"":44,""00111101"":18,""00001000"":17,""01011011"":38,""01001010"":33,""00111111"":26,""00011100"":20,""10101100"":16,""01001000"":63,""00101101"":44,""01110100"":18,""00111011"":18,""01001110"":35,""00101110"":31,""00110100"":38,""00001100"":24,""00111010"":8,""01011111"":88,""01010000"":76,""01111010"":4,""11001000"":12,""00011110"":5,""00011000"":8,""01001011"":18,""01101010"":4,""00101111"":29,""01000000"":76,""01001101"":48,""11011100"":23,""01101100"":38,""00010110"":5,""00001111"":13,""01101101"":19,""01001001"":42,""01010100"":138,""00110011"":17,""00100100"":67,""00000010"":4,""00101011"":11,""11110100"":3,""01111100"":12,""01100011"":12,""10001001"":6,""01101000"":23,""11010110"":9,""01010001"":66,""01010011"":34,""10000000"":11,""10000110"":2,""01010110"":73,""01110000"":17,""01000011"":31,""00010011"":4,""01000101"":29,""01100000"":24,""01111000"":6,""00100011"":15,""00110000"":42,""00100111"":34,""01000010"":26,""01100101"":18,""01100100"":38,""01010101"":37,""11000000"":12,""01000111"":29,""10110000"":8,""00110101"":16,""00110111"":19,""10011100"":6,""00110001"":35,""10110001"":7,""01100111"":15,""00100001"":16,""01010111"":68,""01010010"":44,""11000111"":8,""01000100"":76,""10001110"":5,""10100111"":5,""00000101"":11,""01101001"":12,""10010101"":2,""11010100"":24,""00110010"":16,""11000001"":6,""10010100"":10,""10010110"":3,""01000001"":42,""01110111"":6,""10000001"":6,""10010111"":3,""00000011"":6,""00110110"":27,""11000101"":4,""00100101"":26,""00000000"":19,""00111100"":28,""01000110"":34,""10101000"":2,""00100000"":24,""00010010"":5,""01100110"":11,""11010111"":8,""00100010"":22,""10010010"":5,""10100101"":7,""11110011"":2,""00010000"":10,""11011011"":9,""10110110"":8,""00100110"":20,""00000111"":9,""10000100"":3,""10110100"":5,""00001010"":6,""11011111"":10,""11001100"":14,""01111001"":6,""00101001"":16,""10001010"":4,""00011101"":11,""00001110"":17,""10101110"":7,""10001011"":7,""10111000"":13,""11011110"":15,""11011001"":13,""00011111"":9,""00111001"":22,""11001101"":7,""10001000"":7,""11011010"":4,""10101010"":2,""01101110"":19,""00001101"":17,""11000100"":10,""10010001"":2,""00000100"":11,""11010000"":13,""00010101"":8,""01110001"":7,""01100001"":13,""10100100"":15,""00010111"":7,""10100000"":3,""11000011"":4,""11100111"":2,""01110101"":4,""01110110"":5,""01100010"":5,""00010100"":17,""11001111"":8,""11001110"":7,""00011010"":8,""10111110"":3,""11001001"":5,""10011101"":8,""10011110"":2,""10101101"":10,""11011000"":10,""11111110"":2,""11101110"":1,""01101111"":14,""01111111"":6,""01101011"":8,""11000110"":6,""01110011"":6,""10000111"":7,""11100100"":5,""10110101"":1,""11010011"":4,""10110011"":4,""10010000"":1,""10000010"":4,""11010001"":6,""11110110"":2,""11010101"":5,""10110111"":3,""10101111"":6,""00111110"":9,""10000011"":2,""10111010"":6,""10111111"":5,""11001010"":4,""11100001"":3,""00011011"":4,""10101011"":2,""10101001"":1,""10111100"":7,""11111111"":1,""00001011"":7,""10011111"":2,""00011001"":4,""11011101"":10,""11110000"":3,""00010001"":4,""10001100"":6,""10111001"":2,""01111101"":4,""11110010"":1,""10100001"":3,""11010010"":3,""10001101"":5,""10111011"":4,""10011010"":2,""11111000"":3,""11111100"":1,""11101100"":5,""00001001"":2,""10011001"":2,""11101010"":4,""10000101"":2,""11000010"":5,""10111101"":1,""10010011"":2,""11100101"":1,""11110001"":1,""10110010"":1,""10100011"":1,""10100110"":5,""01111011"":3,""11101011"":1,""10001111"":1,""01110010"":3,""11100010"":1,""11101111"":1,""11101101"":1}"
