image,basis,shots,e0,e1,e2,e3,e4,e5,e6,e7,counts
0,x,4000,-0.36650000000000005,0.030000000000000027,-0.02400000000000002,0.019000000000000017,-0.040999999999999925,0.63,0.13949999999999996,-0.11099999999999999,"{""10010100"":28,""11000011"":22,""10000001"":31,""01100100"":8,""00000100"":29,""00010001"":36,""10000111"":35,""10100010"":9,""01110110"":7,""00010110"":32,""00000111"":30,""10000000"":23,""01000011"":22,""00010101"":76,""11010001"":40,""11010101"":39,""11001001"":27,""11100100"":11,""01100011"":11,""01000000"":8,""11000010"":12,""00011100"":22,""01110000"":6,""00000101"":40,""00010000"":29,""01001101"":23,""11000001"":27,""10110111"":6,""10000011"":37,""11010100"":31,""00010010"":21,""10100111"":9,""00000010"":16,""10000110"":17,""11011000"":11,""11010110"":13,""11100110"":8,""11010011"":33,""11010111"":31,""10100001"":11,""10000010"":26,""11000101"":35,""10010000"":13,""01000101"":24,""00010100"":35,""10000101"":53,""01010010"":14,""00000110"":17,""11100111"":20,""00100011"":3,""10010111"":34,""11000111"":23,""01000100"":13,""11010010"":25,""01100111"":16,""00010111"":53,""01001000"":8,""00011111"":37,""11100101"":27,""10010110"":21,""10100110"":3,""11001000"":16,""01000001"":17,""00010011"":56,""01010101"":26,""10010101"":43,""10010001"":30,""01010001"":16,""00001001"":26,""01010000"":9,""01010100"":12,""01010111"":23,""00101100"":1,""00000000"":18,""00100100"":4,""00011001"":56,""01101010"":3,""00110101"":3,""01010011"":20,""11000000"":19,""01000010"":12,""10010011"":42,""10010010"":27,""01000110"":9,""11000110"":21,""10011000"":17,""11000100"":17,""11011001"":43,""11100011"":13,""00011011"":66,""11100001"":13,""10100011"":10,""10110011"":8,""01101100"":8,""01100110"":6,""01110101"":2,""01010110"":15,""01110001"":6,""11100010"":11,""11110110"":2,""10001000"":17,""00100010"":3,""10011001"":42,""01100000"":7,""10011101"":50,""10110101"":15,""10100101"":16,""10110110"":2,""00000001"":21,""00000011"":25,""01110011"":4,""00011101"":57,""11110101"":3,""11101001"":14,""11101011"":21,""01000111"":9,""11011110"":13,""00100000"":3,""11010000"":17,""01110010"":4,""00001100"":11,""11011101"":42,""01011111"":24,""11101010"":5,""10101110"":5,""10011111"":47,""00110000"":1,""00100110"":2,""00001110"":17,""11100000"":3,""10000100"":19,""10001111"":34,""11001111"":39,""11011011"":49,""11110100"":1,""00001101"":34,""01011010"":11,""10111000"":5,""11101101"":21,""00001000"":14,""00111011"":6,""10001010"":13,""01001111"":18,""01011011"":21,""01001110"":5,""11101111"":11,""10101111"":7,""11011111"":32,""00011010"":24,""01001011"":23,""01111111"":5,""11001011"":27,""01011101"":17,""10001001"":41,""01111011"":10,""11001110"":11,""10101001"":12,""00001111"":31,""01101111"":12,""01001001"":19,""00011110"":17,""01101001"":15,""10001101"":54,""10001100"":10,""10011011"":53,""01101101"":11,""10101011"":11,""11001101"":34,""11011010"":21,""11111101"":1,""01011001"":20,""10001011"":47,""01111101"":7,""00101001"":5,""01100101"":10,""00110001"":2,""00100101"":5,""10110100"":5,""10001110"":10,""10011010"":19,""01011000"":7,""11101000"":7,""00011000"":22,""00101101"":4,""10011110"":17,""10111011"":11,""11001100"":8,""11011100"":19,""00001011"":34,""01101011"":12,""00111101"":5,""10011100"":21,""11111011"":3,""10111100"":3,""01111000"":3,""10101000"":6,""00001010"":9,""00110011"":3,""01100001"":8,""01111010"":2,""00110111"":5,""11110011"":2,""11101110"":7,""10110001"":4,""00101011"":8,""01001010"":9,""01011110"":9,""10101101"":9,""10111111"":7,""10111110"":2,""11101100"":5,""00100111"":3,""11001010"":7,""11111110"":1,""00111001"":4,""10111101"":13,""01111001"":8,""00111100"":1,""11111100"":4,""11111010"":1,""10110010"":3,""01001100"":6,""10111001"":10,""00111010"":2,""11111001"":3,""01101000"":9,""00111111"":2,""10101100"":1,""10100100"":5,""11110000"":1,""11111000"":3,""11110001"":3,""01110100"":2,""10111010"":2,""11110111"":3,""11111111"":1,""01100010"":5,""10101010"":5,""01101110"":5,""00100001"":1,""10100000"":2,""00111000"":1,""00101010"":1,""00101111"":2,""01011100"":5,""11110010"":1,""01110111"":1}"
1,x,4000,0.4625,-0.01649999999999996,-0.06699999999999995,-0.0535000000000001,0.4,0.05449999999999999,-0.597,0.20899999999999996,"{""01100000"":51,""10100000"":17,""11010010"":8,""01000000"":65,""01100010"":42,""10100110"":26,""01100111"":18,""01010000"":30,""01000010"":84,""01110000"":28,""10000100"":14,""01100110"":85,""00100110"":5,""10111000"":10,""00110111"":4,""01000111"":21,""11100000"":18,""00110110"":8,""01000101"":24,""11000000"":37,""11111011"":3,""00101010"":4,""11010110"":22,""01000100"":86,""11000001"":17,""11000111"":14,""01110110"":56,""11000110"":34,""01100101"":18,""01000110"":112,""10000111"":12,""00000001"":5,""01100001"":32,""11101001"":27,""11100100"":24,""01110001"":17,""11110110"":33,""01100011"":9,""10100001"":6,""01101100"":46,""10010110"":3,""01010100"":32,""01010011"":3,""01011011"":8,""01000011"":12,""00111001"":5,""01100100"":51,""01111000"":28,""00100000"":3,""01110111"":13,""11010001"":6,""01110100"":31,""11000100"":36,""10100100"":14,""00110100"":6,""01010001"":9,""01110010"":20,""00110101"":3,""11110111"":8,""01001000"":53,""01001011"":35,""00010101"":1,""01010101"":1,""01001100"":76,""10010100"":5,""10110001"":4,""01001110"":94,""01010110"":33,""01101000"":53,""10001010"":22,""11010100"":15,""10000000"":21,""01000001"":32,""10001100"":17,""01010111"":3,""11101010"":31,""10100111"":7,""10010101"":3,""11100110"":37,""10000011"":6,""01001101"":22,""10110100"":12,""11001000"":40,""11100010"":19,""00010000"":4,""10101100"":15,""01101110"":73,""10110110"":27,""10000010"":15,""10101000"":18,""00111010"":13,""11101100"":26,""10000110"":14,""11110000"":16,""11111000"":16,""10100010"":10,""11100001"":6,""11001100"":35,""00010100"":6,""10111100"":5,""11001010"":45,""01101010"":59,""01101001"":37,""11111010"":13,""11000010"":42,""01110101"":7,""00010111"":1,""00000110"":19,""11010111"":3,""01110011"":3,""01011000"":34,""11011010"":7,""00100100"":3,""11010000"":6,""11010101"":8,""01010010"":14,""00000101"":8,""10110000"":8,""01001010"":82,""01001001"":47,""10001000"":20,""01101111"":28,""11001001"":25,""10111001"":9,""01101101"":18,""10111110"":17,""00011100"":2,""11011001"":8,""00001110"":11,""01011100"":26,""11001011"":14,""01111001"":20,""00111000"":12,""01111101"":12,""01011010"":16,""11101110"":31,""01111100"":25,""11101000"":32,""01111010"":24,""00111101"":2,""11100101"":8,""11111100"":12,""10001110"":27,""11101011"":7,""01001111"":34,""11001110"":44,""10111010"":3,""00111111"":4,""01011110"":18,""11011110"":18,""01011101"":13,""01101011"":19,""00011111"":1,""11011100"":18,""11111101"":8,""00101110"":6,""11001101"":13,""10111111"":5,""01111111"":24,""10101010"":19,""01011111"":12,""11011000"":12,""00001010"":12,""00001111"":7,""00101011"":3,""11111110"":18,""11011101"":4,""11111001"":11,""10101110"":15,""01111110"":39,""01011001"":18,""10101011"":4,""11011111"":5,""10001101"":9,""10001111"":7,""00111110"":6,""11001111"":13,""00110000"":3,""00000010"":9,""11101111"":14,""11000101"":4,""00001100"":10,""00110010"":3,""11110100"":17,""11100111"":8,""00000000"":14,""10011110"":5,""01111011"":9,""10101001"":11,""10101101"":10,""00111100"":9,""10011111"":1,""10001011"":9,""10001001"":12,""00001000"":6,""11101101"":10,""11011011"":6,""10111101"":3,""00001001"":8,""11110011"":2,""00001101"":3,""11111111"":7,""10011000"":4,""00101001"":3,""10101111"":3,""00101000"":6,""00011010"":2,""00111011"":1,""10011101"":2,""00101111"":2,""00001011"":2,""10000101"":2,""11000011"":7,""00100010"":3,""00000111"":7,""11100011"":2,""11110001"":5,""10100101"":3,""00100001"":2,""10111011"":3,""10000001"":5,""00011000"":2,""10110101"":1,""00000100"":8,""10100011"":1,""11110010"":9,""11110101"":4,""00100011"":1,""10010010"":2,""00011101"":1,""10011100"":2,""00101100"":1,""10010111"":1,""11010011"":2,""10011001"":1,""00010110"":1,""10110010"":3,""00010010"":1,""10110011"":2,""00110001"":2}"
2,x,4000,0.503,0.595,0.252,-0.018999999999999906,0.1935,0.728,-0.38149999999999995,-0.2925,"{""11001001"":62,""00001111"":4,""10001000"":68,""10101000"":9,""01011000"":69,""00011000"":34,""01001011"":18,""10011010"":14,""11011100"":54,""01001100"":65,""01111000"":4,""10001110"":10,""10001100"":57,""11011001"":45,""01011100"":21,""00011100"":10,""00011001"":13,""11011000"":133,""11001110"":29,""11001011"":12,""11110000"":33,""11001100"":139,""00010000"":48,""01001010"":23,""01011110"":9,""11011101"":11,""10011000"":60,""01001000"":85,""11111100"":26,""11001000"":153,""01011001"":20,""01101010"":5,""11110100"":23,""11111000"":26,""00001000"":54,""11000101"":31,""11101000"":28,""01001101"":33,""11010000"":138,""01000100"":58,""11011010"":30,""11001010"":40,""10001011"":6,""10011011"":4,""11000000"":140,""01010111"":1,""10111010"":6,""00101000"":6,""10001101"":19,""01011010"":14,""11101101"":9,""11101100"":22,""00111000"":10,""11001101"":46,""00001110"":5,""00001010"":16,""10000100"":36,""10111100"":3,""00010110"":5,""11101111"":3,""01001110"":14,""10001001"":24,""01011101"":9,""00011101"":2,""00011011"":5,""00111100"":6,""10111001"":4,""00001011"":6,""00011010"":9,""01101000"":10,""01010000"":65,""10000000"":60,""11011011"":11,""00001001"":15,""11111110"":5,""00111011"":2,""00000000"":48,""01100101"":1,""01011011"":9,""00101100"":1,""11011110"":18,""00001100"":47,""01001001"":16,""01101111"":1,""11001111"":10,""10001010"":11,""10110111"":2,""00010010"":8,""11111101"":3,""11000100"":129,""11101010"":5,""11111001"":12,""11111111"":5,""01111010"":1,""11000001"":50,""00101001"":1,""10101100"":3,""10011001"":16,""11010011"":18,""01000000"":90,""01000111"":10,""11100100"":38,""11000110"":18,""00000001"":25,""01000010"":18,""11000010"":49,""10010010"":9,""11110110"":3,""11100000"":23,""11100010"":9,""01110100"":3,""00000010"":13,""01010100"":24,""01100000"":7,""10010000"":66,""01110000"":5,""10010110"":5,""00000101"":14,""11100011"":4,""11010001"":35,""11010010"":27,""11010100"":60,""00000100"":34,""00010100"":11,""11110010"":6,""10010011"":4,""01000001"":29,""11100001"":13,""01000110"":16,""01010010"":15,""11100101"":2,""01110010"":2,""10011111"":1,""11011111"":4,""01100100"":8,""10011100"":21,""10101010"":3,""10011110"":4,""11010111"":8,""01011111"":1,""00011111"":3,""10000010"":23,""00010001"":12,""01101100"":5,""11010101"":16,""00001101"":8,""10100000"":8,""01001111"":8,""01010101"":4,""11111010"":6,""10001111"":2,""00111001"":5,""11110101"":7,""01010001"":18,""11110011"":3,""00110100"":4,""00000111"":3,""01000011"":8,""11000011"":22,""01000101"":18,""10000111"":3,""10010001"":14,""10100001"":3,""10000101"":14,""11010110"":15,""00000011"":7,""10000001"":18,""10010100"":18,""00100011"":1,""00101010"":1,""11110001"":5,""10110001"":2,""10110101"":1,""10010101"":7,""00010101"":6,""00100000"":8,""10110000"":6,""10110010"":2,""00110111"":1,""00100001"":3,""01100011"":1,""11110111"":3,""10010111"":3,""11101110"":4,""00000110"":6,""01010110"":4,""00100010"":2,""00110101"":2,""10000011"":4,""00110000"":5,""01101101"":2,""11101001"":3,""00111010"":2,""01111100"":4,""10100100"":3,""00010011"":7,""01110101"":2,""11000111"":9,""10110100"":4,""10111000"":6,""11100110"":4,""10000110"":8,""10100101"":2,""01010011"":5,""01100001"":1,""10011101"":6,""00111110"":1,""01111101"":2,""10101110"":1,""11101011"":2,""00110001"":3,""00011110"":4,""11111011"":2,""10100011"":1,""00110110"":1,""10100110"":1,""10111101"":1,""01100010"":1,""00100101"":1,""00100100"":2,""01111110"":2,""00111111"":1}"
3,x,4000,-0.14500000000000002,-0.06400000000000006,0.15249999999999997,-0.020999999999999908,0.22399999999999998,0.36350000000000005,0.121,-0.6100000000000001,"{""10001111"":53,""11001010"":51,""11011110"":19,""10001110"":45,""11011100"":23,""10011000"":15,""10011010"":26,""01010011"":7,""11001110"":38,""10001011"":69,""00010100"":6,""10101101"":9,""11001011"":57,""10011110"":20,""10000011"":83,""11111100"":12,""11101011"":23,""10101100"":12,""10111111"":13,""11000001"":40,""11001000"":36,""10001010"":57,""10111010"":8,""11111111"":16,""11001001"":60,""10110100"":21,""10101110"":12,""11111011"":25,""01111100"":3,""00100111"":10,""10001100"":41,""11111101"":11,""00101011"":16,""10001101"":38,""11010011"":44,""11010001"":35,""01001110"":4,""11001100"":27,""10101001"":31,""11111110"":7,""11000100"":40,""10101000"":21,""10001001"":76,""10100110"":8,""10001000"":38,""11101100"":12,""10111101"":10,""10101010"":20,""11101000"":17,""01011100"":5,""00000000"":5,""11101010"":15,""10011011"":46,""01101110"":10,""01111111"":1,""11111010"":15,""00011000"":4,""11111000"":10,""00011101"":6,""01111001"":6,""11011001"":35,""11110110"":8,""10111110"":10,""11001111"":50,""00101110"":10,""11011011"":42,""01110001"":4,""00011111"":8,""00001010"":7,""00101111"":11,""11010100"":37,""11001101"":28,""11011101"":15,""11011111"":22,""10011111"":30,""00000111"":11,""01001111"":9,""01101100"":7,""00000101"":11,""00001101"":7,""11111001"":13,""11000101"":19,""10111001"":16,""10000001"":66,""11101111"":10,""00101001"":15,""10101011"":24,""00011011"":10,""00001111"":9,""11101101"":10,""00101101"":11,""11101001"":28,""00011100"":3,""00001011"":18,""00001001"":15,""10010111"":21,""01001011"":10,""10011001"":47,""11110011"":18,""11011000"":17,""00001000"":4,""10111011"":19,""11101110"":11,""11011010"":29,""01111011"":5,""11000011"":57,""11110001"":19,""01001100"":4,""00111001"":10,""01101011"":10,""00100110"":15,""10110001"":20,""01100101"":5,""00111100"":4,""01001001"":8,""10100001"":15,""10011101"":13,""01011000"":3,""10000010"":35,""11100110"":9,""01001101"":3,""00111011"":7,""10010110"":15,""00101100"":11,""01001010"":6,""10110011"":24,""00110100"":4,""00001110"":7,""01001000"":8,""10011100"":18,""01101000"":5,""01101111"":5,""10111000"":6,""10010000"":24,""00011010"":6,""00011001"":7,""11100010"":13,""01110100"":4,""01011011"":9,""00101010"":9,""01110011"":4,""00001100"":7,""10111100"":12,""11010000"":15,""00010000"":10,""10000110"":56,""01011110"":3,""01011101"":2,""01100100"":3,""11000111"":27,""00100000"":7,""11010101"":18,""01111101"":2,""01011010"":3,""10100100"":11,""00110011"":7,""11000110"":39,""11100111"":18,""01100111"":6,""00100011"":18,""00000001"":15,""01100001"":7,""11010110"":24,""01000001"":4,""10010011"":53,""01000000"":3,""10010100"":23,""11000000"":27,""10000101"":49,""01000110"":7,""11010010"":22,""11110000"":9,""10000100"":46,""01110010"":6,""10010001"":44,""01010111"":3,""11100011"":21,""00000011"":15,""11100101"":4,""00100100"":13,""10100011"":19,""10000000"":43,""10100010"":14,""11100000"":12,""00000100"":13,""10100111"":15,""01000010"":6,""10000111"":40,""10010101"":27,""10110111"":12,""10010010"":34,""10100000"":13,""01110000"":3,""00100101"":13,""00010110"":4,""11100100"":12,""10110010"":5,""11000010"":30,""01100000"":6,""01100010"":6,""00000110"":6,""01100110"":3,""00010010"":5,""01100011"":9,""11110111"":13,""10100101"":8,""00100001"":9,""00110000"":2,""10110110"":11,""00010011"":9,""00110110"":4,""01010000"":3,""11010111"":23,""11110010"":7,""10110000"":8,""01000011"":3,""01010110"":6,""00010001"":7,""11100001"":16,""01010100"":5,""11110100"":10,""00100010"":11,""00010111"":7,""01110110"":4,""01010001"":4,""01000100"":4,""00111010"":6,""00110101"":1,""00011110"":2,""10110101"":12,""00110111"":3,""11110101"":6,""01010101"":3,""00110001"":8,""00110010"":1,""00000010"":3,""00101000"":3,""00111110"":1,""00111101"":5,""01101101"":3,""10101111"":14,""00111111"":3,""01101010"":1,""01111010"":1,""01101001"":5,""01111110"":1,""01111000"":1,""01011001"":1,""00010101"":1,""01000111"":3,""01000101"":2,""01110111"":3,""01110101"":1,""00111000"":2,""01011111"":1}"
4,x,4000,-0.4990000000000001,0.08699999999999997,0.019000000000000017,-0.0009999999999998899,0.28900000000000003,0.04800000000000004,-0.1755,0.546,"{""10000011"":39,""01010011"":20,""10010101"":24,""01110001"":43,""00110011"":20,""10010001"":22,""00110111"":21,""11100001"":4,""01111010"":22,""00000011"":30,""00010101"":24,""01100111"":37,""00100111"":15,""01000001"":79,""10010010"":4,""01110000"":8,""11100101"":6,""01011011"":20,""01000000"":13,""01100011"":76,""01110100"":16,""01000011"":105,""11000100"":3,""01110011"":35,""01100010"":28,""00000100"":10,""01100101"":80,""01010101"":33,""10000100"":12,""00010111"":15,""00100001"":40,""01000101"":97,""01010001"":24,""10000111"":10,""11110101"":6,""00100101"":57,""01000010"":38,""01000100"":20,""01111101"":77,""00100011"":54,""01000111"":40,""10000010"":10,""11010010"":2,""00110001"":16,""01001101"":82,""00000001"":30,""01010110"":6,""00010110"":4,""10110001"":11,""00000010"":14,""10001101"":53,""01110101"":59,""10000001"":21,""10011011"":12,""00110101"":14,""11010101"":10,""11111111"":2,""01010010"":11,""01100001"":56,""00000110"":4,""00110100"":4,""10010100"":5,""01100100"":24,""01110111"":35,""11000111"":6,""00000000"":5,""10010011"":15,""00100100"":12,""00000101"":34,""01101101"":55,""01010111"":13,""00010011"":19,""00000111"":10,""10100110"":2,""11110100"":4,""01110010"":19,""11100011"":9,""01111001"":38,""01001111"":28,""00110010"":4,""10101001"":12,""11000101"":10,""01000110"":8,""11000011"":8,""01011101"":46,""11001110"":3,""00101001"":34,""11111011"":8,""00001101"":50,""01101010"":46,""01111100"":22,""01101000"":19,""01011100"":17,""00101101"":41,""01001011"":77,""00001011"":32,""01111111"":27,""00001001"":21,""00101111"":20,""01111011"":48,""01001000"":15,""10011001"":11,""01011010"":13,""00011111"":14,""00101110"":7,""00111010"":7,""01001010"":35,""00101100"":20,""01001001"":64,""00101011"":43,""10001111"":12,""00001100"":17,""01001100"":27,""10001000"":5,""10011100"":12,""01100110"":14,""10001001"":17,""11001101"":13,""10001011"":30,""01001110"":12,""10011010"":9,""11001001"":9,""01111000"":13,""11011010"":8,""00101000"":11,""01101011"":50,""01101100"":32,""01111110"":13,""10101110"":3,""00111101"":13,""00001010"":18,""00101010"":27,""00011001"":12,""01101110"":9,""10001100"":12,""11001011"":23,""11011111"":7,""01101001"":38,""00111110"":2,""10011101"":22,""01011111"":19,""10111011"":12,""00111100"":9,""00011011"":15,""11011101"":12,""01101111"":29,""10111101"":15,""10011111"":7,""11101101"":8,""01011001"":9,""10111001"":6,""01011110"":4,""00111011"":6,""11011011"":12,""10100011"":6,""11000001"":10,""01110110"":12,""10000101"":26,""01100000"":5,""01010100"":8,""10010110"":4,""00100110"":11,""11000010"":2,""11110011"":1,""10110101"":16,""11010000"":1,""11110111"":1,""11100111"":3,""10110111"":5,""10110100"":5,""10010111"":18,""10110011"":4,""11110110"":2,""10100111"":8,""00100000"":10,""00010001"":9,""10100001"":5,""11111101"":9,""00010010"":3,""00011110"":6,""10000110"":5,""10100101"":7,""10100010"":6,""00100010"":13,""00011100"":5,""00111000"":4,""10101100"":5,""10101010"":6,""01011000"":3,""00001110"":3,""11001010"":3,""10101101"":12,""00001111"":21,""10101011"":7,""11101011"":7,""11011100"":6,""00111001"":8,""11001111"":7,""00001000"":10,""10001010"":17,""10101000"":3,""11001100"":9,""00011101"":24,""11011110"":3,""10100000"":2,""11010001"":8,""10110010"":3,""11010111"":4,""00010000"":3,""11100010"":1,""00010100"":2,""11010100"":2,""10110000"":2,""10000000"":4,""10100100"":2,""00110110"":2,""10110110"":4,""10111100"":3,""11011001"":4,""10111010"":1,""11111001"":1,""10011110"":2,""10101111"":3,""11111010"":1,""11101111"":1,""00011010"":5,""10001110"":2,""11101110"":1,""11010110"":1,""11110001"":4,""11010011"":7,""11100100"":2,""10111111"":3,""10111110"":3,""11101010"":1,""00110000"":1,""10111000"":2,""00111111"":6,""10011000"":1,""11011000"":2,""11101100"":1,""10010000"":1,""11001000"":1,""11000000"":1}"
5,x,4000,0.06699999999999995,0.04400000000000004,-0.07850000000000001,0.01649999999999996,0.2815,0.42100000000000004,0.39549999999999996,0.07099999999999995,"{""10000100"":44,""00001000"":102,""10011001"":8,""00101100"":24,""00011000"":30,""00001111"":63,""10101001"":5,""00111100"":25,""11001000"":41,""00001100"":107,""10001000"":41,""00101111"":14,""11001100"":43,""00011100"":28,""00011110"":21,""00011001"":19,""00001011"":69,""00000110"":58,""10111101"":8,""10001100"":53,""11111101"":7,""10011000"":14,""00001101"":42,""00101000"":13,""10101000"":6,""11110110"":16,""10111111"":12,""11001101"":23,""10001110"":28,""10111000"":6,""00100001"":11,""11111100"":26,""10001111"":41,""00001001"":34,""00101110"":11,""10000000"":48,""00001110"":68,""11111110"":8,""00111010"":6,""00000100"":93,""10001001"":18,""11011100"":13,""01011100"":3,""00011111"":24,""00111111"":24,""10000011"":38,""10111001"":2,""01001110"":7,""11001011"":24,""11001110"":32,""10111011"":7,""00110011"":20,""00111110"":25,""10001101"":26,""01100011"":6,""11011111"":12,""11101110"":8,""10111110"":9,""10011111"":11,""11011110"":14,""11011010"":4,""11001111"":27,""01001011"":13,""10001011"":35,""00011010"":14,""10110011"":22,""10011110"":9,""01011101"":2,""10101101"":1,""01011111"":2,""01111111"":10,""10101100"":12,""10011100"":15,""01001000"":11,""11111000"":18,""00010011"":18,""00001010"":40,""10111100"":19,""00000000"":101,""01001101"":1,""11101101"":7,""01100000"":7,""00011101"":8,""10101111"":4,""11101100"":10,""00000111"":75,""00101011"":8,""11011011"":9,""01011011"":4,""01001010"":3,""00101010"":6,""01111110"":6,""00000001"":54,""11111010"":9,""00011011"":26,""11000011"":32,""00111000"":21,""11011001"":6,""11001001"":9,""10011101"":11,""10011010"":7,""10000010"":22,""01101000"":4,""11001010"":12,""11011101"":10,""10000111"":57,""00110100"":28,""01111101"":7,""00111001"":7,""10101011"":10,""00010100"":16,""10001010"":23,""00111101"":10,""11100011"":15,""01000011"":13,""11101111"":5,""01111011"":7,""11101010"":3,""11111111"":18,""01001100"":7,""10110101"":12,""01001001"":4,""01101111"":3,""01111000"":5,""01011010"":2,""00101001"":6,""11111011"":11,""01101100"":6,""01010111"":7,""01111100"":5,""10100111"":3,""00101101"":6,""01110110"":6,""01011110"":3,""10111010"":11,""11011000"":12,""10010110"":11,""01000000"":6,""00000101"":65,""11000000"":36,""11100100"":7,""11110111"":16,""11110010"":3,""11110000"":19,""10100011"":3,""11100000"":13,""00100000"":11,""10000110"":19,""00000011"":89,""00000010"":34,""01110111"":5,""11010110"":7,""11010000"":14,""01110000"":8,""00010000"":22,""10010100"":15,""10110000"":17,""00110110"":13,""00110000"":18,""00010010"":15,""11100110"":6,""11000100"":32,""11000110"":20,""00100110"":8,""00110010"":11,""01010110"":3,""11000101"":26,""10110010"":8,""11110100"":11,""10100110"":6,""10110100"":12,""11100111"":9,""01010011"":6,""11000111"":42,""01100010"":1,""11110101"":13,""00100100"":13,""10000001"":18,""00100011"":10,""00010111"":23,""01000100"":6,""10000101"":19,""10100000"":4,""10010111"":15,""10010000"":13,""11101001"":4,""00110111"":19,""01000101"":14,""01000010"":3,""11100001"":9,""11010011"":10,""10110001"":8,""00100101"":9,""00110101"":13,""00010110"":19,""11010111"":11,""01111010"":5,""01110010"":7,""10110111"":19,""01110100"":14,""00100111"":7,""00110001"":12,""10010011"":13,""10010001"":8,""10010101"":8,""01100001"":5,""00010101"":12,""11100101"":5,""01010000"":6,""11010101"":12,""10100100"":8,""00010001"":12,""00111011"":12,""11110001"":8,""11000001"":17,""11000010"":13,""01101110"":2,""11110011"":19,""01101001"":1,""11101000"":7,""10011011"":14,""11101011"":3,""01110011"":5,""01100110"":3,""01100111"":7,""00100010"":5,""01000111"":4,""10110110"":8,""01100101"":2,""01110001"":5,""01110101"":7,""11010100"":8,""11010010"":5,""01010101"":2,""01010100"":4,""11010001"":1,""10010010"":5,""11111001"":3,""01111001"":2,""01101101"":1,""10101110"":4,""10100001"":1,""10100101"":4,""10101010"":4,""01101011"":1,""01011000"":6,""01001111"":7,""10100010"":2,""11100010"":1,""01000001"":6,""01010001"":2,""01100100"":3,""01101010"":2}"
6,x,4000,0.493,-0.06499999999999995,0.11599999999999999,0.009000000000000008,0.06999999999999995,0.6890000000000001,-0.0665,0.17049999999999998,"{""01010010"":63,""01010000"":71,""01010101"":14,""01100000"":11,""00000000"":49,""01010111"":24,""01000100"":48,""10001000"":31,""10100110"":10,""00000110"":27,""11010110"":25,""00100100"":6,""10110011"":7,""01010100"":45,""01100110"":6,""10100111"":6,""10001010"":34,""01000110"":53,""11010100"":31,""10000010"":59,""11000000"":56,""10100000"":10,""01000000"":91,""10011010"":45,""00000101"":7,""11000111"":17,""01110000"":11,""01011100"":50,""00010000"":45,""01000010"":94,""00010011"":11,""11011111"":15,""01110001"":2,""01010011"":19,""11111000"":2,""11001100"":29,""01000001"":26,""00000100"":33,""11000001"":10,""00010010"":40,""11010010"":26,""00000111"":16,""01000101"":10,""10110100"":8,""10110010"":20,""11000110"":14,""10010100"":27,""11001000"":31,""10110110"":7,""10010111"":22,""01010110"":38,""01000011"":19,""00010111"":12,""01000111"":33,""00010100"":27,""01100100"":12,""10000000"":35,""10000011"":12,""10010010"":41,""11010000"":27,""10000110"":37,""10111100"":15,""10001100"":30,""00010110"":23,""01001111"":28,""01011110"":50,""01011010"":67,""10011111"":16,""11001110"":22,""10001110"":14,""10011110"":29,""00011000"":39,""00011011"":7,""00001100"":41,""01111111"":1,""10001101"":8,""00001011"":19,""01001110"":41,""01011000"":51,""00000010"":66,""11001111"":20,""01111010"":11,""01001100"":63,""00001010"":44,""10011100"":41,""11011011"":15,""00011001"":7,""01011111"":37,""11011010"":32,""11011001"":7,""00011010"":40,""01001000"":58,""11011100"":33,""00110000"":6,""11101010"":10,""11001010"":35,""00011111"":15,""01001101"":19,""01001001"":18,""00011110"":26,""10001111"":20,""10001011"":17,""10011000"":37,""10101110"":10,""11101111"":5,""11011110"":18,""10111111"":4,""00001110"":28,""00001111"":23,""10111110"":4,""00101011"":4,""11001011"":19,""11101000"":10,""01001010"":65,""00101010"":4,""10111000"":10,""10101010"":12,""00111100"":9,""10011011"":17,""11011000"":19,""01001011"":26,""11010001"":6,""01011001"":19,""00011100"":32,""01011011"":15,""00101110"":7,""10011101"":7,""01101100"":9,""01101010"":11,""01101001"":3,""00101111"":3,""00001000"":39,""10111011"":10,""00111101"":2,""11101110"":5,""01101101"":3,""11000100"":13,""00100110"":8,""10100100"":15,""10010011"":9,""10000111"":11,""10010000"":21,""11100000"":11,""11000010"":23,""10110001"":4,""10010001"":7,""01010001"":15,""10000001"":10,""01110100"":4,""10110111"":1,""11000101"":3,""00000011"":16,""00010101"":9,""10010101"":8,""11100011"":4,""10000100"":27,""11000011"":7,""10110000"":11,""00100010"":4,""11100010"":10,""01100010"":8,""11010101"":7,""10100011"":3,""11001001"":6,""01111000"":6,""11101100"":6,""10000101"":8,""11111010"":6,""00111010"":11,""10101100"":11,""00011101"":11,""10100010"":10,""01111011"":4,""01101110"":4,""01111001"":2,""00100111"":5,""00111110"":3,""10001001"":10,""00001001"":8,""11101011"":3,""00111000"":9,""10101001"":3,""00101001"":1,""10101011"":7,""00001101"":6,""01101000"":5,""10111001"":3,""01011101"":11,""00100001"":5,""10011001"":6,""01111100"":6,""10101101"":1,""10111010"":13,""10101000"":7,""01111101"":1,""00101000"":3,""11111100"":4,""00111111"":4,""11011101"":3,""00100011"":3,""01111110"":3,""01101011"":1,""10110101"":3,""00110011"":2,""00110100"":7,""11110000"":4,""10010110"":26,""00100000"":8,""11100101"":2,""00110010"":7,""10100001"":2,""01100001"":1,""11010011"":7,""00000001"":10,""00110111"":2,""01110110"":4,""00010001"":5,""11110010"":5,""11010111"":13,""01100111"":3,""01100101"":3,""00110110"":2,""11110110"":4,""11101001"":1,""11100110"":4,""00100101"":1,""11110100"":2,""11101101"":3,""11110011"":2,""01101111"":3,""11001101"":5,""01110101"":1,""01110011"":1,""01110010"":3,""01110111"":2,""11100111"":3,""00111011"":3,""10101111"":4,""00111001"":1,""11100100"":5,""10100101"":1,""00101100"":2,""01100011"":2}"
7,x,4000,-0.4059999999999999,0.16049999999999998,0.08950000000000002,-0.01200000000000001,0.27449999999999997,-0.43900000000000006,0.1915,0.4425,"{""00011100"":11,""10111101"":37,""00001001"":51,""00011001"":32,""10010000"":1,""01011110"":1,""11101101"":11,""01101100"":39,""11111101"":11,""01111001"":30,""00011111"":14,""01111101"":36,""01011101"":5,""00101001"":53,""10101101"":50,""10101110"":15,""00101011"":37,""10111011"":21,""00101101"":32,""00101111"":21,""10100011"":34,""00111001"":54,""00111011"":40,""01111011"":28,""00011011"":24,""10111100"":21,""00000001"":42,""01101001"":100,""01001011"":16,""00011010"":12,""10101001"":54,""11100001"":12,""00010101"":29,""00100010"":21,""01111111"":7,""10111001"":37,""00101000"":16,""00001100"":24,""01101011"":78,""10111111"":16,""00110101"":32,""10011111"":6,""01101111"":52,""01101101"":70,""10110011"":28,""10111010"":9,""00111101"":40,""00001111"":31,""01001010"":6,""11110001"":7,""01101110"":17,""10001001"":7,""01011000"":2,""00011101"":19,""00110111"":26,""10101010"":25,""01001001"":22,""10101111"":18,""00001011"":52,""01100010"":39,""00100001"":40,""00101110"":10,""11101001"":12,""11001111"":1,""00100110"":12,""00001101"":46,""01110001"":36,""11110011"":7,""00001000"":16,""11111111"":5,""11101010"":8,""01001101"":18,""10101100"":21,""01100101"":82,""01101000"":24,""10101011"":37,""00000110"":14,""01011111"":2,""00001010"":11,""10110111"":17,""10001010"":3,""10100100"":23,""11001001"":2,""11111010"":3,""10100101"":50,""01101010"":24,""11111000"":4,""01111000"":8,""00111000"":12,""01110101"":45,""10111110"":7,""11101011"":11,""01001111"":9,""10011000"":1,""00110001"":33,""01100111"":46,""10111000"":16,""11111110"":5,""10110100"":16,""11101100"":6,""00111010"":14,""10101000"":16,""00111111"":20,""00001110"":15,""10100001"":35,""01011010"":2,""10001110"":1,""00101100"":12,""01001100"":10,""00011000"":8,""00111110"":5,""00110000"":21,""11111011"":12,""10110010"":14,""00110010"":14,""00111100"":16,""10001011"":8,""11100101"":9,""01111010"":8,""00000101"":40,""01110010"":13,""00010001"":17,""00101010"":26,""00000111"":25,""01100001"":84,""10011011"":11,""10100010"":19,""01111100"":14,""01011011"":7,""10100111"":28,""10110001"":25,""11101000"":6,""01001000"":6,""01110110"":12,""00010111"":13,""10110101"":33,""00100100"":30,""01110100"":13,""01110111"":27,""11001010"":1,""11101111"":9,""01010001"":6,""10001101"":6,""00010010"":16,""11001101"":5,""01000100"":15,""01011100"":2,""11110100"":6,""01000000"":8,""10000101"":6,""11110010"":1,""10001000"":3,""11001100"":1,""10001100"":4,""10011101"":8,""00100101"":50,""11011001"":2,""01100100"":40,""00100111"":21,""01100011"":74,""00000000"":12,""10010001"":7,""01110011"":28,""01110000"":11,""01100000"":34,""01000001"":24,""00100011"":31,""00000011"":36,""11010101"":1,""01000011"":20,""01000101"":23,""00010000"":8,""11100111"":7,""00000100"":18,""11100011"":4,""00010100"":13,""10110000"":11,""01010010"":2,""10010011"":9,""00110011"":31,""00000010"":28,""10110110"":4,""11010011"":1,""10000010"":4,""01010101"":5,""10010100"":4,""10000011"":5,""00110100"":17,""01000010"":14,""11010100"":1,""01100110"":7,""11110111"":3,""01000111"":10,""10010111"":3,""10001111"":4,""10010110"":2,""00100000"":8,""10100110"":7,""10000001"":6,""00010110"":3,""10100000"":13,""01010100"":6,""11000001"":4,""01010000"":2,""11110110"":3,""00110110"":7,""11010111"":1,""01011001"":5,""11100100"":5,""11100010"":8,""00010011"":11,""01010011"":3,""11010010"":1,""10010101"":3,""11000111"":2,""11000101"":2,""11110101"":5,""00011110"":4,""11000011"":1,""01000110"":3,""11010110"":1,""10011010"":1,""10011110"":2,""10000100"":3,""11111100"":1,""11011011"":2,""01111110"":4,""11000100"":1,""10011001"":3,""10011100"":1,""11011101"":1,""11001011"":3,""11101110"":2,""11100000"":3,""11000010"":2,""01010111"":3,""11000000"":2,""11000110"":1,""10000000"":2,""11010001"":1,""11100110"":3,""10010010"":3,""10000111"":2,""01001110"":1}"
8,x,4000,0.43100000000000005,-0.05600000000000005,-0.24449999999999994,0.008499999999999952,0.12450000000000006,0.2935,-0.5654999999999999,-0.12050000000000005,"{""01000110"":88,""01000101"":35,""11110110"":49,""11000110"":89,""01000000"":38,""01000010"":49,""11010001"":11,""11100110"":40,""11110101"":16,""00100110"":3,""11010000"":33,""11101100"":21,""00110101"":9,""11010110"":38,""01000100"":57,""11000011"":19,""10110000"":4,""01110101"":20,""11010011"":9,""01001110"":71,""11100001"":5,""00010110"":8,""01010011"":7,""00000110"":16,""01010110"":35,""11000000"":40,""00010100"":9,""10000000"":15,""11011110"":46,""11101110"":27,""11001110"":95,""10000010"":24,""11010100"":48,""01100000"":13,""11000101"":52,""01010010"":31,""01010111"":8,""11100010"":36,""11000010"":65,""01111011"":3,""01001011"":16,""01110100"":32,""01000111"":21,""00000000"":6,""00100000"":3,""11100100"":31,""01111010"":23,""11100000"":17,""10000110"":22,""10110100"":9,""00110110"":14,""01011110"":28,""11110100"":39,""11010010"":36,""01010000"":29,""11001010"":59,""00100010"":2,""10000101"":27,""11110010"":31,""01100101"":9,""11000100"":69,""01110010"":17,""00000100"":13,""01110000"":12,""11110111"":11,""00110010"":14,""01011111"":13,""00000010"":11,""00011110"":14,""11000001"":11,""00010010"":15,""10000100"":23,""01010100"":22,""01110110"":34,""01101010"":12,""01000001"":11,""01000011"":9,""00010111"":3,""10011010"":14,""01100111"":5,""11100101"":19,""11111100"":38,""01011010"":33,""11010101"":19,""10110110"":9,""01100100"":16,""11000111"":22,""11001101"":48,""10000001"":5,""10010111"":2,""00111111"":11,""11101000"":18,""10011110"":12,""11111101"":18,""10001100"":19,""01111100"":24,""11001011"":14,""01111000"":19,""11011101"":23,""11001111"":36,""11011011"":14,""10001111"":6,""01111101"":28,""11101101"":22,""01011000"":19,""11111010"":22,""10000111"":7,""01101110"":27,""11001100"":64,""01111001"":6,""11111001"":9,""00001010"":12,""11011000"":31,""10101000"":3,""01011011"":10,""11001000"":27,""11011100"":29,""01001101"":31,""00011000"":4,""00111011"":4,""10001101"":14,""01111110"":33,""01101001"":4,""11101011"":14,""01101100"":23,""00101101"":5,""00111110"":16,""01001111"":28,""00111010"":8,""10101010"":8,""01001001"":12,""00001111"":9,""01001100"":50,""10011100"":14,""10011101"":8,""11011010"":39,""10011000"":7,""01001010"":43,""01011001"":13,""01110001"":11,""10011011"":4,""00000101"":8,""10110101"":4,""01100110"":25,""10010100"":7,""01100011"":5,""11010111"":5,""10010000"":8,""10100110"":8,""01110111"":7,""00100001"":1,""01110011"":3,""00010000"":7,""00110111"":4,""10010010"":12,""11110011"":6,""00110100"":9,""10100001"":3,""00001100"":11,""01010001"":4,""01010101"":9,""10010101"":3,""01100010"":13,""10010110"":8,""11111110"":43,""01101111"":13,""00000111"":2,""10101100"":8,""10100000"":5,""11011111"":20,""01001000"":27,""01011100"":31,""00111100"":9,""11001001"":13,""11111000"":9,""01011101"":19,""10111000"":9,""10111110"":13,""00001000"":7,""10001110"":27,""10111010"":4,""10111101"":4,""00011100"":9,""10001010"":14,""10001000"":8,""11111011"":8,""00001101"":10,""00011001"":1,""00011010"":7,""11110000"":19,""00110011"":4,""00111101"":4,""10101110"":6,""11100011"":8,""00010101"":3,""11101010"":17,""10100010"":5,""01100001"":3,""00001011"":5,""11110001"":4,""00110000"":12,""10100011"":2,""10111001"":4,""01111111"":9,""01101101"":9,""10111100"":8,""00101100"":6,""00011011"":4,""11101001"":7,""00101111"":1,""11011001"":9,""10101011"":1,""00100100"":4,""11100111"":8,""10110001"":2,""00000001"":3,""01101000"":10,""10100111"":4,""01101011"":5,""00101000"":2,""10001001"":7,""10111111"":3,""00011101"":9,""00111000"":4,""11101111"":6,""11111111"":10,""00101010"":2,""00100111"":2,""00110001"":5,""10100100"":2,""10000011"":2,""00111001"":2,""10001011"":4,""00011111"":1,""00001110"":12,""10110111"":3,""10100101"":4,""10110010"":7,""00010001"":2,""10101111"":3,""00010011"":2,""10010001"":2,""10110011"":1,""10011001"":3,""00001001"":3,""10011111"":2,""00000011"":1,""00101110"":2,""10101101"":3,""10101001"":1}"
9,x,4000,0.10799999999999998,0.020499999999999963,-0.19700000000000006,-0.01649999999999996,-0.010999999999999899,0.7535000000000001,-0.5529999999999999,-0.1904999999999999,"{""10000100"":29,""11001101"":54,""01000010"":38,""01010011"":19,""01010111"":63,""11000000"":59,""11000100"":68,""01010010"":67,""10000110"":25,""01110101"":6,""11010111"":71,""01010001"":38,""01001001"":32,""01011101"":43,""10110010"":4,""01000100"":52,""10010010"":21,""01010000"":41,""01011110"":42,""10010001"":13,""11000001"":28,""11010100"":52,""11001111"":57,""11000101"":65,""10000011"":10,""00010000"":2,""01010101"":52,""11000010"":42,""11010000"":44,""10000101"":16,""10000000"":11,""00010111"":5,""11011000"":49,""01010100"":48,""11010101"":47,""01000011"":22,""01000001"":29,""11010011"":26,""11000110"":23,""11011110"":54,""11011101"":38,""11000111"":52,""01001100"":95,""01000111"":35,""10001101"":27,""00110010"":7,""10010000"":23,""11010110"":52,""10000111"":22,""01000110"":45,""01010110"":44,""01000000"":34,""11110110"":6,""11010010"":50,""10010111"":17,""10000010"":17,""00000001"":3,""01000101"":46,""10010100"":24,""11011001"":29,""10110000"":6,""00110000"":3,""01011000"":32,""00000000"":4,""11100110"":7,""11001010"":45,""00010010"":3,""10011100"":23,""11101100"":15,""01011010"":62,""01100110"":4,""10001100"":29,""10001111"":31,""10010110"":9,""10100100"":7,""00010110"":2,""00010100"":2,""11011111"":55,""00010101"":2,""11100001"":5,""10100110"":6,""10010011"":10,""00110100"":1,""10101101"":5,""00001011"":4,""10110110"":5,""01011011"":25,""00000100"":6,""00101001"":4,""01110000"":3,""11000011"":23,""11011100"":68,""10010101"":25,""10100000"":3,""00100110"":6,""01011111"":49,""01011001"":26,""11010001"":32,""01110010"":4,""11001110"":53,""10100010"":1,""10110100"":4,""00010001"":1,""01100100"":4,""01001111"":44,""01001110"":51,""11110000"":6,""01001010"":34,""11100111"":9,""01001011"":27,""00110110"":3,""11110101"":5,""10001000"":11,""10101111"":2,""10100101"":3,""10011010"":21,""01110111"":4,""01100000"":2,""11110011"":4,""10000001"":10,""11100101"":7,""10011110"":22,""11100000"":5,""10110001"":6,""00110011"":2,""00100010"":2,""00100001"":2,""00000110"":1,""11100100"":7,""11100011"":4,""11111010"":8,""11011011"":31,""01001101"":50,""01100101"":3,""00100011"":2,""11110001"":5,""11011010"":61,""01001000"":34,""00100111"":1,""01011100"":48,""11110010"":4,""11001100"":57,""10001011"":10,""00011001"":2,""10011111"":29,""11101010"":11,""10001110"":22,""10011000"":20,""01101100"":5,""11001011"":24,""11001000"":27,""11001001"":22,""00001110"":8,""10011101"":25,""10001001"":12,""00101100"":7,""10011001"":13,""10111100"":5,""00001111"":7,""01101111"":5,""10111111"":5,""00101111"":2,""10001010"":14,""10111101"":4,""11101101"":9,""10110101"":6,""11110111"":5,""00110101"":5,""11111100"":2,""11111101"":5,""00001100"":2,""11101110"":10,""00101010"":5,""00101110"":4,""11111011"":3,""00011000"":2,""00111110"":2,""11101111"":9,""10111000"":2,""01101010"":2,""11111000"":6,""11101000"":3,""10011011"":8,""11111001"":8,""01111000"":3,""11111111"":11,""10101010"":3,""10111010"":7,""01111111"":1,""00101011"":3,""11101001"":7,""11101011"":4,""10101100"":10,""11111110"":3,""00001101"":2,""00101101"":3,""00101000"":3,""01101001"":4,""00111111"":5,""01111010"":2,""00111000"":3,""10111110"":4,""01101110"":5,""00111011"":2,""00001000"":4,""10101110"":4,""00111100"":3,""00011100"":1,""10101011"":2,""00011111"":3,""01100001"":2,""10100111"":2,""01110001"":1,""00011101"":2,""10101000"":1,""00111010"":1,""10111011"":3,""00100100"":6,""01100111"":2,""01100010"":1,""00000111"":4,""11110100"":10,""10110011"":1,""10110111"":4,""00010011"":1,""11100010"":3,""00100101"":2,""01110100"":2,""00110001"":1,""00000010"":2,""10100011"":2,""00110111"":1,""00001010"":2,""00000101"":2,""10100001"":1,""01110110"":2,""01101000"":3,""01101011"":1,""01111110"":1,""01111011"":1,""00011110"":2,""00011010"":2,""00111101"":2,""01101101"":1,""01111100"":1,""00100000"":1}"
10,x,4000,-0.385,0.5365,0.22350000000000003,-0.0020000000000000018,0.18200000000000005,0.7555000000000001,-0.139,0.5449999999999999,"{""00010111"":13,""10011001"":40,""00000100"":36,""00011110"":4,""01010001"":96,""10101001"":3,""11110001"":19,""01000001"":138,""01000000"":84,""01000101"":147,""00000011"":47,""01001001"":142,""00000101"":96,""00010000"":40,""10000101"":32,""10000001"":36,""00010001"":70,""10000111"":12,""00000001"":81,""10000000"":21,""01010000"":53,""10001001"":41,""11010011"":9,""10110110"":1,""00100111"":4,""01000100"":56,""00001001"":102,""00010101"":42,""01111001"":18,""00010011"":23,""01000011"":55,""01010100"":28,""00001101"":85,""01110111"":3,""01011000"":63,""00011001"":53,""11010000"":10,""10010001"":31,""00011101"":34,""01011001"":127,""01110101"":14,""11001001"":22,""01100101"":11,""00011000"":28,""01010011"":25,""00000000"":48,""01110001"":15,""01110000"":11,""01100001"":11,""01010101"":53,""00100000"":1,""01001101"":127,""00110100"":5,""11000011"":8,""00000111"":17,""00000010"":8,""10110000"":3,""10000011"":17,""01011100"":18,""11011001"":21,""01001010"":25,""11011111"":8,""00001100"":33,""00001011"":44,""10001011"":26,""01001100"":63,""11001100"":8,""01010010"":10,""10001000"":20,""10011010"":3,""01011101"":43,""01001000"":78,""10001101"":26,""00001000"":51,""10111000"":4,""00111100"":4,""01101101"":7,""01001111"":35,""01011011"":47,""11001011"":12,""01111101"":15,""00101101"":5,""01101001"":15,""10011000"":13,""11111011"":7,""01111111"":2,""01001011"":66,""10010111"":9,""01011110"":5,""00111001"":9,""00001111"":17,""10011111"":3,""10001010"":4,""11101110"":1,""10011011"":13,""11111000"":6,""11001101"":18,""01011010"":19,""11011110"":2,""10101101"":3,""10001111"":6,""11000101"":19,""11110111"":3,""01111000"":6,""01011111"":11,""01111011"":6,""11001110"":3,""00011010"":4,""01101010"":2,""01001110"":6,""01000111"":21,""00100101"":7,""01101110"":1,""00101011"":4,""00001010"":14,""01101011"":6,""10011101"":12,""01010111"":21,""01100000"":10,""01000110"":12,""01000010"":17,""00110001"":12,""11010001"":20,""01100110"":2,""11010100"":6,""00110000"":7,""11100011"":1,""01110010"":3,""11010111"":2,""00000110"":6,""11000001"":16,""10010000"":19,""11000000"":8,""11110011"":4,""11100000"":3,""00110101"":7,""10010101"":22,""00011111"":11,""11011011"":8,""10111001"":6,""00011100"":14,""00101001"":11,""10001100"":14,""00011011"":24,""11101001"":7,""11001111"":5,""01111100"":8,""11011010"":1,""11101100"":2,""01010110"":11,""01101000"":7,""10010100"":10,""00010110"":1,""11110100"":7,""11000100"":7,""10010011"":8,""11100101"":2,""11000110"":4,""11010101"":14,""00010100"":11,""01110100"":8,""11110101"":4,""00110011"":6,""10100100"":2,""01110011"":10,""10110101"":3,""10000110"":2,""10110010"":2,""11100100"":2,""10000010"":4,""10110001"":5,""10101111"":3,""00101100"":4,""00101000"":3,""00101010"":1,""11111001"":7,""00111011"":4,""11111101"":4,""11001000"":9,""11011100"":4,""11111100"":3,""11011101"":6,""00111010"":1,""10010010"":3,""10100000"":2,""11110000"":4,""01100100"":4,""10110100"":5,""00100011"":2,""11110010"":3,""00100100"":2,""00110110"":1,""10000100"":12,""00100001"":6,""00110111"":4,""11000111"":4,""01100011"":2,""11101101"":1,""10111101"":7,""11011000"":11,""00001110"":3,""00111000"":4,""11100111"":1,""00010010"":6,""10011100"":8,""11111111"":6,""00111101"":4,""11101000"":2,""10111111"":1,""01101111"":1,""10100001"":4,""10110011"":1,""10100101"":1,""10111011"":3,""10001110"":4,""01100111"":2,""11110110"":1,""11000010"":3,""01101100"":1,""10011110"":1,""11010010"":1,""10101000"":3,""00100010"":1,""11001010"":2,""10111010"":1,""11100001"":1,""00101110"":1,""10101011"":1,""11111010"":2,""01111010"":1}"
11,x,4000,-0.4744999999999999,-0.08200000000000007,0.275,-0.022499999999999964,0.52,0.44299999999999995,-0.03699999999999992,0.09250000000000003,"{""01000101"":36,""00011011"":10,""00001011"":134,""01000011"":55,""01001001"":95,""00000001"":107,""11001001"":33,""11001110"":12,""01001101"":33,""11101011"":52,""01101111"":3,""10001011"":57,""11100001"":57,""10001111"":37,""10110000"":1,""11001011"":49,""00001001"":124,""10001001"":63,""00001110"":26,""01111111"":10,""01001011"":85,""00000011"":98,""10001010"":39,""11101010"":22,""11001010"":21,""10001101"":26,""00111101"":7,""00001010"":45,""01111011"":18,""00001101"":60,""11101101"":26,""00001111"":54,""00011110"":6,""01011111"":6,""11001111"":23,""00011101"":14,""10001110"":18,""00111000"":2,""01001110"":16,""10001100"":5,""11001000"":9,""01011100"":6,""10101011"":16,""01011010"":7,""11001101"":23,""10011111"":15,""00011000"":2,""10010011"":5,""01011011"":9,""11110111"":18,""11000101"":19,""01111110"":8,""11101001"":75,""00101111"":3,""10010111"":12,""00001100"":7,""10101010"":8,""11101111"":32,""10101001"":11,""00001000"":22,""11010111"":6,""11111111"":8,""11111001"":18,""10111010"":6,""11111011"":16,""10101110"":3,""01010001"":14,""00000111"":71,""10111101"":5,""01110001"":31,""10001000"":13,""10000011"":55,""01010111"":20,""01011101"":16,""01111010"":12,""10111001"":6,""01111001"":20,""00111010"":7,""01011001"":20,""10011011"":6,""00010111"":12,""10011001"":15,""11100000"":13,""11111101"":10,""00111001"":8,""10011000"":3,""10010000"":4,""11110101"":14,""01001111"":44,""00000000"":23,""01001000"":20,""10011101"":9,""10000101"":21,""01111101"":10,""00011001"":12,""00101001"":7,""00101110"":1,""01100011"":4,""00101011"":2,""11111110"":3,""01001010"":45,""01111000"":3,""10000110"":17,""01001100"":11,""10000100"":9,""10000000"":13,""01000111"":52,""00000010"":49,""01000001"":83,""01101000"":2,""11101000"":11,""11110100"":3,""11111100"":1,""11011101"":6,""11111000"":9,""10010001"":18,""01000000"":30,""10000001"":67,""00000101"":44,""11100011"":42,""11000001"":36,""01110111"":15,""11110110"":9,""10000010"":20,""10110010"":4,""01010010"":8,""10100001"":18,""01110110"":5,""11010011"":6,""10110111"":4,""10010101"":15,""10100101"":6,""11010101"":9,""00110111"":7,""11010010"":6,""11100111"":31,""01110011"":19,""10101101"":9,""00010011"":17,""10100111"":8,""01000010"":43,""11000110"":13,""11000011"":35,""10000111"":43,""01010011"":12,""11110001"":29,""11100101"":25,""11000010"":19,""00000110"":30,""00100010"":3,""11110011"":12,""00110001"":14,""00110011"":7,""01011110"":10,""10010010"":6,""01011000"":5,""01101101"":3,""11011011"":3,""11001100"":8,""10111011"":7,""11011110"":6,""00011111"":15,""11100010"":19,""11111010"":12,""11100110"":23,""11011001"":10,""00100011"":7,""10111111"":2,""11011111"":8,""01111100"":2,""01110101"":9,""10111000"":1,""00101101"":3,""10011010"":4,""11101110"":12,""10101111"":9,""10010110"":4,""00010001"":12,""00110010"":4,""01100001"":4,""01000100"":8,""00000100"":15,""01110010"":9,""11000111"":13,""11000000"":5,""11110010"":13,""10110001"":6,""00010101"":7,""01010101"":7,""01110000"":5,""00110101"":3,""11000100"":6,""01010100"":3,""01010110"":4,""11110000"":6,""00010000"":4,""01100111"":2,""10110011"":2,""01000110"":16,""01110100"":4,""00111011"":3,""10011100"":2,""10101000"":1,""11101100"":6,""00011100"":2,""01101010"":4,""11011000"":2,""10100011"":8,""01100110"":2,""10100010"":3,""00100111"":3,""11010110"":7,""11010001"":8,""00110100"":2,""11100100"":4,""00100101"":3,""10100110"":3,""01100101"":1,""10100000"":3,""00100110"":2,""00110110"":3,""00010010"":3,""10110110"":1,""01100010"":4,""01010000"":3,""00010110"":4,""11010000"":3,""01101001"":2,""00011010"":3,""01101011"":4,""10111110"":3,""00101010"":2,""00100001"":2,""00010100"":4,""11010100"":1,""00111111"":4,""10011110"":1,""11011100"":1,""00101000"":2,""10101100"":1,""10110100"":1,""00111110"":1}"
12,x,4000,-0.08549999999999991,-0.07299999999999995,0.27049999999999996,0.0050000000000000044,0.23250000000000004,0.617,-0.062000000000000055,-0.375,"{""11010000"":47,""11001011"":89,""11110101"":4,""00100111"":12,""11010010"":15,""11100011"":10,""10110010"":9,""11100000"":13,""11010110"":27,""11000110"":22,""11000100"":35,""10010011"":34,""10000010"":38,""01110010"":6,""10000111"":40,""01100110"":2,""11110100"":3,""11000011"":110,""00110101"":6,""10110000"":11,""01010000"":23,""11000000"":67,""11000001"":43,""01010111"":11,""10001110"":29,""01010101"":12,""10000001"":39,""00100011"":22,""01000000"":35,""10000011"":96,""10011011"":43,""01000011"":46,""10011000"":37,""10000000"":64,""00110010"":5,""01110101"":5,""10011110"":22,""10000101"":22,""10010110"":20,""10010100"":15,""01010011"":19,""01000001"":26,""01010110"":17,""00010011"":12,""01010100"":12,""11010100"":22,""11110000"":7,""10100000"":9,""11001111"":32,""10010111"":29,""00110000"":5,""11000010"":57,""10010101"":12,""10110011"":9,""11000101"":23,""10001000"":65,""10010000"":36,""11111101"":9,""11001010"":34,""11010011"":51,""10100111"":7,""11110111"":4,""10001011"":104,""11010111"":20,""01000010"":23,""00000111"":9,""00010000"":10,""01110011"":8,""11110010"":6,""11011000"":50,""01100000"":3,""01000111"":17,""00001000"":16,""01000110"":14,""00001011"":31,""01001011"":40,""01111001"":7,""11011101"":16,""11111011"":24,""01011100"":15,""10011001"":28,""01001000"":41,""10001010"":33,""11011010"":15,""01011001"":10,""10001101"":35,""01111011"":16,""11001100"":40,""11001101"":31,""11011111"":28,""11101011"":6,""01001001"":20,""11011001"":26,""11101010"":2,""00011000"":15,""10001111"":47,""11111001"":10,""11001001"":38,""00011010"":1,""00000110"":7,""00101100"":11,""11001110"":26,""00000011"":41,""10111000"":11,""01011010"":8,""10001100"":43,""01011000"":16,""10011101"":18,""11111000"":10,""01111100"":5,""11011011"":42,""00000000"":24,""11001000"":62,""10100110"":8,""01011111"":20,""10001001"":37,""00001111"":7,""01001101"":14,""00000001"":12,""10101110"":5,""00101111"":4,""01011011"":31,""01001100"":20,""10111111"":7,""00101011"":7,""01111000"":10,""01001111"":17,""01011101"":12,""00111100"":6,""00111111"":5,""01111111"":6,""10100101"":5,""10101011"":16,""11101000"":13,""11101111"":5,""00001101"":9,""00111011"":12,""11101100"":3,""10100010"":5,""10101111"":19,""10101001"":4,""10011111"":30,""10011100"":11,""01001110"":10,""00011110"":6,""00101001"":8,""00111101"":8,""11111110"":8,""01011110"":6,""01111110"":4,""11011110"":18,""00000101"":11,""10000110"":37,""10100011"":12,""11000111"":28,""00100000"":7,""01010001"":15,""01100100"":3,""10111101"":6,""00010111"":4,""11110011"":30,""01110000"":7,""11110001"":8,""01110001"":3,""00110111"":4,""00000100"":14,""00011100"":6,""11010001"":16,""00100010"":8,""01100001"":2,""00100110"":5,""01000101"":17,""01110110"":4,""00000010"":17,""10010001"":18,""10110111"":8,""00100101"":2,""11100001"":5,""10010010"":13,""11010101"":20,""00010101"":3,""01000100"":15,""10100001"":8,""00010001"":1,""10000100"":34,""11100111"":5,""10110110"":4,""00111000"":5,""00110110"":1,""01111010"":6,""11011100"":15,""10111011"":7,""10011010"":18,""10101100"":6,""11100110"":3,""10110001"":9,""00101101"":3,""01101100"":3,""01001010"":17,""01101011"":7,""10101000"":17,""01101101"":1,""00001010"":17,""00011111"":5,""00010010"":2,""11100100"":2,""00010110"":3,""11100101"":2,""11111111"":3,""00110011"":7,""00011001"":6,""10111110"":2,""01101000"":3,""01111101"":2,""01101010"":1,""00101010"":8,""01101110"":4,""00011011"":9,""00100100"":5,""11110110"":4,""00110001"":3,""10100100"":5,""01110111"":3,""00010100"":4,""00101110"":3,""00001100"":4,""11101101"":2,""10111001"":2,""11101110"":3,""00101000"":10,""00001001"":5,""11111010"":6,""01101111"":1,""01110100"":4,""00110100"":4,""01010010"":8,""10110100"":1,""11111100"":3,""10101101"":6,""00100001"":3,""00001110"":2,""11101001"":3,""00011101"":2,""00111110"":2,""01100011"":3,""00111010"":2,""10110101"":1,""01100111"":5,""10111100"":1,""11100010"":2,""00111001"":1}"
13,x,4000,-0.42199999999999993,-0.010000000000000009,-0.19300000000000006,0.035499999999999976,0.32599999999999996,-0.12450000000000006,-0.6094999999999999,-0.14900000000000002,"{""10100011"":21,""11000101"":73,""01000001"":28,""01110101"":45,""01100001"":26,""01000111"":42,""10000000"":11,""10010101"":11,""01110111"":37,""11110111"":56,""01010000"":6,""11111011"":48,""11100010"":22,""01110011"":31,""01000101"":65,""11111100"":21,""11100101"":64,""01100010"":12,""01100111"":62,""11000111"":54,""10100101"":21,""01110100"":21,""01010100"":5,""01000011"":43,""11101101"":68,""01011110"":7,""01100101"":67,""01111111"":36,""11110010"":19,""01110010"":14,""01101000"":19,""10110101"":5,""11100111"":61,""11000011"":52,""11100011"":44,""01000100"":27,""00000010"":5,""01010110"":5,""11010011"":14,""11100100"":28,""00100011"":8,""01100011"":40,""10000111"":25,""10100000"":10,""10100111"":23,""10110111"":10,""11010111"":14,""11110001"":24,""00100111"":7,""10110010"":3,""01100100"":22,""00100001"":2,""11001101"":79,""01110110"":16,""10010111"":7,""01001101"":62,""11110011"":52,""10110001"":4,""01100000"":20,""00000101"":10,""10011101"":9,""11100000"":18,""10010110"":6,""01000110"":9,""11110101"":44,""10000101"":31,""00101111"":3,""11100001"":28,""01101101"":58,""01001110"":19,""10001110"":8,""01101011"":42,""01111101"":45,""10101001"":12,""11101001"":27,""11001011"":45,""11111110"":20,""00011110"":1,""00111111"":3,""11101111"":45,""11111101"":59,""10101011"":8,""01101111"":47,""11101011"":35,""11101110"":15,""11101000"":19,""11011101"":24,""10011111"":6,""01001111"":70,""10001111"":17,""10101111"":15,""00011101"":3,""01101001"":26,""11011011"":11,""00101100"":2,""01001011"":33,""11111001"":31,""11011111"":13,""01011111"":10,""01111110"":9,""10101101"":18,""10001011"":19,""11111111"":43,""11001110"":20,""01011011"":8,""01101010"":13,""01011000"":5,""10001101"":24,""00011111"":2,""11001111"":55,""01101100"":22,""01011010"":2,""10001001"":8,""01111011"":29,""11001010"":18,""01111100"":15,""11001001"":24,""10001100"":7,""11111000"":15,""10101010"":6,""00111100"":6,""00101101"":8,""01001000"":16,""01001100"":15,""11001100"":12,""10011100"":4,""00000001"":8,""10111101"":10,""11111010"":20,""11011110"":7,""10000011"":19,""01001001"":20,""01011100"":4,""01011001"":5,""11011100"":5,""11101010"":21,""00001001"":6,""11000000"":24,""01111000"":10,""10111100"":7,""00001101"":16,""01000000"":30,""01011101"":14,""01001010"":14,""11010101"":16,""00010001"":2,""11000010"":19,""11110100"":22,""10011000"":2,""11010010"":2,""00110101"":6,""10001010"":10,""11011010"":4,""00001111"":11,""10111110"":3,""11000110"":13,""00101110"":2,""10111111"":11,""00111101"":6,""00101001"":3,""10111011"":9,""11011000"":8,""10111000"":3,""00101010"":3,""00111000"":1,""10101110"":5,""01111001"":12,""00110011"":4,""10110011"":8,""00000011"":10,""11110110"":21,""01010010"":6,""10110000"":1,""01010111"":16,""01000010"":21,""11010100"":7,""10010011"":8,""11000100"":19,""10000001"":13,""01110001"":10,""00010111"":2,""10100110"":7,""10000010"":5,""01100110"":21,""10100100"":7,""11100110"":23,""01111010"":10,""01010101"":7,""11001000"":13,""01010011"":6,""10010001"":14,""00000100"":5,""00001110"":6,""00011000"":2,""11101100"":16,""00101000"":1,""10011011"":4,""10111001"":5,""00001011"":9,""11110000"":13,""11000001"":23,""10100010"":7,""10000100"":7,""00010100"":3,""00110100"":3,""00000110"":4,""11010110"":7,""10101100"":5,""01101110"":9,""11011001"":10,""00001000"":5,""10001000"":9,""10000110"":4,""10110100"":3,""00000111"":8,""10100001"":8,""00100010"":1,""01110000"":8,""00100101"":4,""01010001"":5,""11010000"":8,""00010010"":1,""00010110"":2,""00110000"":1,""00100000"":2,""00001010"":3,""10111010"":4,""00101011"":3,""11010001"":5,""10010100"":1,""00111110"":1,""00111010"":1,""00001100"":3,""10011001"":3,""10101000"":4,""00011100"":2,""00110110"":1,""00110010"":2,""00110111"":3,""00111001"":1,""10011010"":1,""10010000"":1,""00000000"":2,""00010101"":1,""00100100"":1,""00111011"":1,""00011010"":1,""10011110"":1}"
14,x,4000,-0.058499999999999996,0.644,0.10799999999999998,-0.0015000000000000568,0.09750000000000003,0.21050000000000002,0.09450000000000003,0.045499999999999985,"{""01011101"":29,""11001100"":35,""10111001"":44,""00001100"":56,""00011001"":52,""10001101"":19,""01011100"":23,""10011011"":12,""11001001"":33,""11111100"":13,""01001101"":26,""11111000"":28,""00111010"":5,""00111001"":41,""00001001"":65,""00001101"":78,""11001101"":44,""10111100"":24,""10001000"":14,""10101001"":28,""00001011"":20,""00011101"":32,""10101011"":11,""11000100"":45,""11101101"":37,""10001001"":12,""00011000"":51,""11100000"":43,""10111000"":28,""10111101"":19,""00011011"":15,""00111100"":19,""10111010"":5,""01000100"":42,""10011001"":21,""11011100"":3,""01001011"":14,""11101000"":48,""01011000"":39,""01011001"":31,""00011100"":32,""11101001"":53,""10000001"":22,""11111101"":15,""11001110"":7,""10001111"":7,""11111001"":37,""10110100"":25,""01001001"":32,""11101100"":24,""11000001"":30,""01001100"":23,""01001000"":34,""10011100"":18,""00101001"":10,""10111111"":7,""11101111"":11,""00001111"":6,""11011101"":6,""00001000"":73,""00111000"":36,""00010101"":38,""00101011"":3,""11001011"":8,""00010000"":34,""11000000"":37,""00000101"":58,""11100111"":12,""11110001"":32,""00000001"":52,""00010011"":12,""11100001"":41,""01010001"":32,""00000111"":16,""00110001"":30,""00010100"":46,""01111100"":7,""00100001"":9,""10110101"":23,""10100100"":20,""00110111"":12,""10000100"":21,""01010100"":34,""10100001"":14,""11100010"":11,""01110000"":8,""01010101"":21,""01000101"":38,""01000010"":6,""11110110"":2,""10110000"":29,""00110100"":31,""01010000"":40,""10010000"":23,""00000100"":69,""11010001"":14,""00000000"":56,""01110011"":7,""11100101"":42,""10010001"":16,""11100100"":42,""10000101"":15,""10100011"":6,""00010001"":40,""01000000"":27,""01000011"":15,""11010000"":10,""00000011"":21,""01010010"":6,""11000101"":34,""11110010"":8,""01110100"":6,""10000000"":25,""11110100"":15,""00000010"":13,""11110101"":19,""11010101"":11,""11100011"":7,""10110001"":38,""11101010"":7,""01010011"":12,""01100000"":5,""10010010"":3,""10100101"":19,""10110010"":10,""00100101"":4,""01100011"":1,""00000110"":9,""00110000"":32,""11011000"":23,""10100000"":21,""00100000"":5,""11010011"":3,""10100110"":4,""10110110"":3,""00100100"":7,""01000001"":40,""10010100"":16,""00101100"":10,""00110011"":7,""11110011"":6,""11000011"":5,""11110000"":21,""00010010"":6,""00110101"":19,""11001111"":7,""00111011"":16,""11011011"":9,""01100111"":4,""11001000"":33,""10101000"":29,""11000010"":5,""10011101"":13,""10001011"":6,""10101111"":4,""10101100"":16,""11101011"":15,""10001100"":16,""11010111"":4,""10001010"":1,""11011111"":3,""00111101"":23,""01101100"":5,""00111111"":6,""01011111"":5,""11011001"":20,""10010101"":8,""10110011"":10,""11100110"":5,""00010110"":4,""10000110"":4,""11010110"":2,""10110111"":9,""01010110"":3,""00100010"":1,""11000110"":3,""10010011"":9,""00101101"":8,""00010111"":7,""01110001"":4,""01000111"":9,""01001110"":6,""00001110"":10,""00011111"":11,""00101000"":5,""10011000"":17,""01011011"":9,""11101110"":4,""10111011"":10,""01101001"":5,""01111101"":4,""10101110"":4,""11111011"":8,""11000111"":10,""01100100"":8,""11010100"":6,""01100101"":11,""10010111"":4,""10100111"":3,""00100111"":1,""00100110"":1,""00110010"":6,""01100001"":4,""11111110"":2,""10101101"":17,""00101111"":3,""01111011"":1,""01111000"":6,""01001010"":5,""01001111"":7,""01011010"":3,""01111010"":2,""11001010"":5,""01101101"":8,""10001110"":3,""00011110"":2,""01101111"":2,""01101011"":2,""10011010"":5,""11011010"":1,""01111111"":1,""01000110"":4,""10000010"":4,""11111010"":5,""01111001"":2,""01110111"":1,""01110101"":5,""00001010"":6,""01101000"":4,""00101110"":4,""00011010"":4,""00111110"":2,""10100010"":5,""10000111"":7,""01010111"":4,""10000011"":4,""10111110"":2,""10011110"":2,""01100110"":2,""00100011"":1,""10010110"":2,""11010010"":1,""01110010"":2,""11111111"":1,""01111110"":1,""10101010"":1,""11110111"":1,""01011110"":2,""00101010"":1}"
15,x,4000,-0.512,0.10999999999999999,0.38849999999999996,0.033499999999999974,0.469,-0.48249999999999993,-0.5235000000000001,0.5155000000000001,"{""11011001"":7,""01001011"":41,""01111001"":74,""10011101"":8,""01111101"":44,""01101001"":203,""11101110"":6,""10101001"":42,""00001101"":3,""01111011"":69,""01011111"":8,""01011001"":14,""01101011"":205,""01110001"":89,""01100101"":102,""01101010"":67,""00001000"":4,""10001000"":6,""01101101"":151,""00111010"":2,""10101011"":41,""01100011"":244,""01001000"":10,""10101111"":16,""00001011"":11,""01101111"":62,""00101011"":10,""01011000"":5,""00101111"":8,""01001101"":31,""10100011"":34,""10101000"":16,""10111001"":12,""11101011"":11,""10111011"":8,""01111110"":6,""00101001"":23,""11001010"":5,""10011001"":17,""01001001"":41,""00001110"":3,""01111111"":26,""01101100"":47,""10000001"":34,""11101000"":6,""11111010"":3,""10000011"":29,""01101000"":59,""10001101"":17,""01001111"":16,""01001100"":11,""11111011"":7,""11111001"":13,""11101001"":16,""01100100"":45,""10101010"":14,""10001011"":35,""00001111"":5,""01101110"":15,""01100010"":87,""00101101"":10,""11111101"":4,""01111000"":19,""11101101"":10,""10011011"":19,""11000101"":9,""10101101"":14,""10100001"":43,""00001010"":8,""10011010"":3,""00011011"":5,""11000001"":13,""01100000"":68,""11001001"":14,""11100010"":5,""01000011"":50,""01110110"":14,""01100001"":222,""01011101"":6,""01000001"":46,""00100001"":20,""01011010"":4,""11010011"":7,""10000101"":16,""01110011"":88,""11100111"":1,""01110101"":58,""01000100"":13,""11100011"":14,""01110010"":32,""00000001"":19,""10110000"":5,""10000000"":9,""00100101"":12,""10100101"":21,""00100011"":12,""01000111"":15,""10010101"":7,""01110000"":28,""00100111"":10,""11110101"":8,""01010001"":15,""01010111"":5,""01100111"":66,""01010010"":6,""00010001"":7,""10100010"":16,""01000101"":30,""10010001"":11,""11110001"":14,""00110000"":2,""11011111"":2,""10000100"":7,""10100111"":11,""11110011"":8,""11010001"":8,""00110100"":1,""01110100"":23,""10100000"":15,""10000111"":5,""00010100"":1,""01010011"":11,""00000011"":13,""10111111"":2,""00000111"":1,""11100101"":8,""00001001"":13,""01110111"":11,""01100110"":17,""01000000"":20,""10001111"":5,""11100001"":7,""10110001"":6,""10010010"":5,""11000011"":12,""10010111"":2,""11000111"":5,""00010011"":7,""00110001"":5,""00100000"":2,""10010011"":5,""10001001"":17,""10010110"":3,""01010000"":6,""01000010"":19,""00000010"":3,""10110101"":5,""11110000"":6,""00100110"":1,""00110011"":6,""00110111"":2,""00100010"":2,""11000010"":3,""10000010"":10,""01010100"":3,""00100100"":5,""00000100"":4,""11100110"":2,""11010010"":4,""01010101"":8,""11100000"":3,""00111011"":5,""10110011"":5,""10100100"":4,""00000101"":6,""10001110"":4,""11100100"":3,""10110010"":3,""11001100"":6,""10110111"":3,""11110111"":2,""01111100"":12,""00101110"":1,""11101111"":7,""01001010"":15,""01111010"":22,""00101000"":3,""00010000"":1,""10011111"":3,""10001100"":12,""00110101"":3,""10001010"":6,""11001101"":6,""11101100"":3,""01011100"":1,""10011100"":1,""10101100"":7,""00111001"":1,""00011001"":10,""11001011"":6,""00101010"":3,""10111000"":1,""11010101"":3,""10111101"":4,""11001000"":1,""01001110"":3,""11111100"":3,""01011011"":11,""00111101"":2,""10111110"":2,""10011000"":3,""01011110"":1,""11011101"":2,""00011000"":2,""11011011"":4,""11110010"":3,""10111100"":2,""11111111"":2,""10111010"":1,""10011110"":2,""00011101"":3,""00001100"":2,""00010110"":1,""00101100"":1,""00011111"":2,""11000100"":1,""00000000"":1,""10100110"":1,""00010101"":1,""10010000"":5,""01010110"":1,""11000000"":1,""10010100"":1,""01000110"":1,""10000110"":1,""00010010"":1,""11110100"":2,""11101010"":3,""11010000"":1,""11011010"":2,""10101110"":2,""11011000"":1,""11111000"":2}"
16,x,4000,0.25849999999999995,0.563,-0.09000000000000008,0.045499999999999985,0.6345000000000001,0.2025,-0.655,-0.14450000000000007,"{""10000000"":32,""01011101"":9,""01011000"":14,""11101010"":16,""11011010"":7,""01000000"":66,""11001001"":55,""11101110"":15,""11001010"":43,""01101000"":64,""10001001"":15,""00011100"":3,""01000100"":93,""11010001"":16,""01101110"":27,""00011110"":4,""01101111"":14,""01001010"":25,""01101100"":71,""01111000"":14,""01001100"":90,""01101010"":27,""11101100"":60,""11000110"":44,""11001110"":36,""01001000"":65,""11111100"":23,""11100010"":16,""10011100"":9,""11001100"":124,""11011000"":28,""11001101"":84,""11001000"":83,""11110010"":9,""11111000"":17,""01111001"":8,""10101010"":7,""11101000"":53,""11010101"":25,""01001001"":43,""01001110"":33,""01101101"":52,""11000000"":111,""11101101"":45,""01101011"":5,""11011011"":6,""10100000"":16,""00101000"":9,""11111110"":8,""01100100"":72,""10001100"":38,""01000110"":46,""01011110"":4,""01100001"":67,""00110000"":5,""11100100"":68,""01001011"":10,""10000100"":39,""01100110"":17,""01000001"":48,""00100001"":10,""01000101"":70,""01100010"":21,""11000010"":42,""10100101"":11,""00100000"":12,""11100101"":29,""10000101"":35,""11100111"":4,""11100000"":53,""11000101"":84,""11100001"":36,""11000001"":65,""01110101"":6,""10000111"":6,""11000100"":125,""10010010"":4,""11000011"":15,""01100101"":53,""10000010"":10,""11100011"":6,""11000111"":12,""11010010"":10,""01100000"":61,""10100001"":11,""01100111"":14,""00000101"":7,""10011000"":8,""01111110"":3,""00100101"":11,""11111101"":11,""10000001"":18,""10011001"":9,""00000000"":8,""11011100"":37,""01010001"":13,""10000011"":4,""01101001"":42,""11100110"":25,""00100110"":5,""11110100"":23,""10000110"":9,""11110110"":7,""10011101"":5,""11010110"":13,""01000010"":24,""00100100"":16,""01000111"":9,""10010101"":7,""01010010"":5,""01010100"":17,""00000100"":5,""11010011"":4,""01100011"":8,""01010000"":17,""10100100"":18,""11110000"":13,""01110110"":3,""10110000"":3,""11011101"":16,""10001101"":17,""10001010"":12,""10110001"":3,""11111111"":2,""11011110"":10,""11101001"":26,""10101110"":6,""00001001"":7,""10011010"":5,""00001100"":5,""10101100"":9,""10001000"":21,""01111100"":13,""11001111"":15,""10101101"":12,""11111011"":9,""11111010"":8,""00101001"":8,""10111001"":4,""11011001"":18,""01001101"":52,""10101000"":13,""11010100"":26,""01001111"":10,""01011001"":3,""11111001"":10,""00001101"":6,""00101100"":15,""01111101"":6,""10111010"":2,""01011010"":3,""01110100"":9,""00001000"":5,""01010101"":15,""11110101"":11,""01010110"":4,""00111101"":2,""01110011"":3,""00000111"":1,""10100110"":6,""01010111"":2,""11010000"":21,""10100111"":1,""00101101"":10,""01111111"":2,""10111000"":3,""10111100"":5,""10101001"":7,""00101011"":2,""00000010"":2,""10010100"":7,""00000001"":10,""00010000"":2,""10010001"":4,""10010000"":9,""00000110"":1,""11011111"":3,""11101011"":7,""11001011"":4,""01011100"":4,""00001110"":4,""00101010"":2,""00100010"":4,""01111010"":3,""11110111"":3,""11010111"":4,""00010101"":4,""01000011"":8,""11110001"":8,""01110001"":3,""01110000"":3,""00010111"":1,""01110010"":4,""00110111"":1,""10100010"":4,""00000011"":1,""10001011"":3,""10101111"":1,""10001110"":3,""00111010"":1,""10010110"":1,""00010100"":2,""00110100"":2,""00001010"":1,""10011011"":1,""00110101"":2,""00100111"":1,""00100011"":1,""01010011"":2,""00101110"":4,""00101111"":1,""10111111"":1,""01011111"":3,""11110011"":1,""00110011"":1,""00111100"":2,""00111110"":1,""10110011"":1,""10100011"":2,""00111001"":1,""10110111"":1,""10110101"":1,""10110010"":1,""00011000"":1,""10001111"":1}"
17,x,4000,0.3155,0.6990000000000001,0.11050000000000004,0.019000000000000017,0.36550000000000005,0.7785,0.253,-0.13050000000000006,"{""11000010"":17,""00000100"":135,""10000100"":87,""11110001"":10,""00000110"":23,""10001000"":110,""10010000"":28,""10000000"":83,""10000101"":34,""00000101"":64,""00000000"":162,""11000100"":104,""00001010"":35,""11010000"":60,""10110010"":2,""11100100"":16,""00010100"":67,""11010010"":8,""01000001"":7,""00000001"":81,""11110000"":17,""01100001"":3,""00010010"":20,""11000101"":52,""10010101"":10,""00110111"":1,""11001000"":123,""00000010"":23,""10010100"":37,""00100010"":3,""11000000"":118,""01001000"":13,""00010000"":68,""10000010"":13,""11100000"":15,""10000110"":11,""11111001"":14,""10000001"":48,""11010100"":64,""11000001"":51,""00100000"":11,""00001100"":114,""11011101"":20,""00100100"":7,""01110111"":1,""00001000"":175,""01000100"":10,""11010101"":28,""01000000"":13,""00001011"":12,""11000111"":11,""10010001"":20,""00110000"":12,""10110101"":2,""00110001"":5,""11111011"":7,""11010011"":6,""00010101"":30,""10000011"":14,""01110100"":3,""11001010"":24,""10100001"":3,""00000111"":14,""01100010"":1,""00010001"":42,""10100000"":5,""10001100"":82,""10100110"":2,""00010111"":7,""11010001"":26,""10000111"":9,""01010110"":1,""00110100"":5,""10110000"":5,""00011101"":24,""11011001"":25,""01001100"":11,""11110100"":3,""10010011"":6,""01010101"":5,""10100100"":6,""11101000"":18,""10011100"":38,""10010010"":7,""00010110"":7,""01110101"":1,""10010111"":4,""11000110"":13,""00110101"":2,""11100001"":6,""10001001"":60,""11000011"":12,""00100101"":4,""01010000"":5,""11010110"":3,""10011001"":19,""00010011"":4,""11101100"":12,""01001101"":5,""00011100"":62,""00101100"":3,""11001100"":75,""00011110"":6,""01101101"":2,""11001011"":11,""11001101"":39,""00001001"":79,""11001001"":65,""00001101"":73,""00111111"":1,""10011000"":34,""10001101"":44,""11001110"":13,""10001011"":11,""01101000"":3,""00011001"":22,""11001111"":14,""01001011"":2,""11011000"":54,""10011011"":4,""11101001"":11,""00011010"":11,""01011000"":5,""10101000"":6,""00011000"":49,""11111101"":6,""00011011"":8,""00111100"":4,""10101101"":4,""10101001"":4,""00101101"":5,""11011011"":4,""11111010"":6,""01111000"":4,""00001110"":19,""00111000"":7,""01100101"":1,""10001010"":17,""10011010"":12,""11011010"":11,""01011100"":2,""00001111"":12,""11011110"":7,""00101000"":5,""10111110"":1,""01101001"":2,""00111101"":2,""10001110"":11,""01001010"":3,""11111111"":1,""00101111"":1,""01110010"":2,""11011100"":35,""11111000"":21,""00011111"":4,""10001111"":7,""01001001"":6,""10011101"":11,""11111100"":4,""01010100"":8,""01111100"":5,""01011001"":3,""01110000"":2,""10101011"":1,""11100010"":3,""11100111"":1,""01100100"":10,""00100110"":2,""10110001"":1,""11110011"":2,""01010001"":3,""11110010"":3,""11010111"":7,""11110101"":5,""00111010"":1,""00000011"":8,""11100011"":3,""11100101"":9,""10011110"":2,""11101011"":3,""01111101"":4,""11101101"":9,""10011111"":7,""01011101"":1,""01111001"":1,""10111100"":3,""00101110"":1,""01101100"":4,""10110100"":6,""10101100"":5,""11011111"":3,""00100111"":3,""10100101"":1,""01100011"":1,""11100110"":2,""00101010"":1,""10100011"":1,""01011110"":1,""11101110"":3,""00101001"":2,""01011010"":1,""01111110"":1,""01100000"":5,""00110110"":1,""10100010"":2,""00110010"":1,""01000101"":5,""01110011"":2,""11110111"":1,""01001110"":1,""01111010"":1,""01101110"":1,""00111001"":4,""10101110"":1,""11111110"":1,""00111011"":1,""01110001"":2,""10110111"":1,""10110011"":1,""00100001"":5,""01000110"":1,""01000010"":2,""01100110"":1,""01110110"":1,""10111101"":2,""01101111"":1,""10111000"":1}"
18,x,4000,0.5585,0.631,0.11850000000000005,-0.0004999999999999449,0.4155,0.496,0.131,-0.498,"{""10000010"":43,""10110000"":92,""10000000"":186,""10000011"":20,""00000010"":10,""10100100"":37,""01000000"":67,""11000100"":94,""10100001"":11,""10110111"":3,""11000000"":128,""10110100"":62,""10110010"":17,""00010000"":10,""01000100"":68,""00010100"":11,""11100000"":10,""10100000"":39,""10000110"":25,""11010000"":55,""11000010"":20,""01010000"":13,""00000000"":53,""11010100"":56,""00000001"":15,""11001000"":121,""10111011"":10,""11000001"":33,""11110100"":12,""10110101"":13,""10101000"":45,""11010001"":11,""10010100"":16,""01010011"":2,""10110110"":8,""01000111"":4,""01110100"":5,""01000110"":8,""01100000"":6,""00000100"":58,""10111010"":19,""10011110"":2,""11001001"":28,""01000010"":19,""00100000"":9,""10111000"":89,""10000100"":131,""10100110"":7,""00001101"":11,""11100100"":13,""10000101"":42,""11000101"":19,""01000101"":17,""11011100"":59,""01110001"":2,""10001010"":52,""00001100"":48,""11001010"":28,""10001100"":145,""01011010"":7,""10111100"":74,""11001100"":116,""10111001"":18,""10001110"":24,""01001100"":61,""01001110"":6,""10001000"":165,""00001000"":72,""01101011"":2,""00111010"":1,""01001000"":64,""10111101"":20,""10010010"":7,""10101100"":35,""11101000"":22,""11001110"":15,""01001010"":19,""11011110"":11,""00000110"":7,""01001111"":7,""10001011"":20,""11011000"":51,""01101100"":9,""10011000"":15,""01110000"":4,""00011000"":10,""11111100"":16,""11101101"":4,""01011000"":8,""01111000"":13,""11101100"":10,""10001101"":34,""11111000"":9,""10001001"":49,""01111011"":1,""10011010"":8,""10001111"":10,""11011101"":15,""10101001"":7,""11011010"":9,""01111101"":1,""01001011"":8,""01001101"":10,""01001001"":23,""11001101"":27,""11111011"":1,""00001001"":11,""00001010"":14,""10011001"":5,""00101000"":4,""11101001"":6,""11001011"":13,""00101110"":1,""01000001"":21,""01010010"":5,""10100010"":12,""11000110"":20,""11100101"":2,""10000001"":47,""11000011"":6,""11110000"":9,""10010000"":17,""10110011"":6,""11111101"":3,""11110101"":5,""11010101"":19,""01100010"":5,""00010001"":2,""01010100"":14,""00001011"":6,""11010011"":9,""10100011"":1,""11110001"":2,""00100111"":1,""00000101"":15,""01100100"":5,""10010101"":6,""11100001"":4,""11010010"":11,""11010111"":5,""11001111"":5,""11111010"":5,""10111110"":10,""11101010"":3,""00111000"":3,""11111001"":5,""01011100"":10,""11000111"":7,""10101010"":11,""01101001"":2,""00111100"":6,""01011001"":5,""11011001"":14,""01101000"":5,""10101011"":4,""11010110"":3,""11100111"":3,""10100101"":10,""01100001"":1,""10000111"":14,""10110001"":31,""11110011"":2,""00100010"":2,""00010101"":2,""00110101"":1,""01100101"":3,""10101101"":9,""11011111"":2,""00101111"":1,""00001110"":6,""00111101"":2,""01111100"":1,""10011100"":10,""11100010"":5,""00110000"":5,""00000011"":5,""10010001"":2,""01000011"":6,""00100100"":5,""11111110"":2,""11011011"":3,""01011110"":2,""00011001"":2,""00011100"":8,""00001111"":2,""00010111"":1,""10011111"":3,""10010110"":3,""10100111"":4,""11110010"":3,""00010110"":2,""01010101"":4,""01010111"":3,""00110001"":2,""00110100"":1,""10101110"":4,""01111010"":2,""01010110"":3,""11101110"":1,""01101010"":1,""00011101"":1,""01101101"":1,""01111001"":1,""10101111"":2,""00101100"":3,""00100110"":1,""01100110"":1,""11101011"":3,""10011101"":1,""00110111"":1,""01010001"":2,""00010010"":2,""00110010"":2,""00101010"":1,""01101110"":1,""10111111"":4,""10010111"":1,""00010011"":1,""00101101"":2,""11100110"":1,""00101011"":1,""11110110"":2,""00011111"":1,""01011011"":1,""11101111"":1,""00000111"":1,""01011101"":1,""10010011"":1,""00100101"":2,""11100011"":1}"
19,x,4000,0.2005,0.16000000000000003,0.15200000000000002,0.020499999999999963,-0.0714999999999999,-0.4890000000000001,-0.6345000000000001,0.5965,"{""10111001"":9,""01110110"":39,""10111111"":12,""01010011"":26,""01100010"":85,""01100001"":53,""10010000"":6,""01100011"":107,""01110000"":127,""01110100"":105,""01110001"":45,""01011000"":35,""01100000"":156,""01010000"":39,""01100100"":94,""01010010"":27,""01101110"":33,""01100101"":45,""11010000"":14,""11110000"":21,""01000000"":34,""01110101"":43,""01110010"":70,""01000110"":9,""00011111"":7,""10110111"":10,""01111100"":119,""01010100"":35,""01101001"":54,""01100111"":59,""00010001"":4,""11000101"":3,""01111101"":54,""10110110"":10,""01100110"":47,""10100100"":21,""01000100"":25,""01000101"":9,""01110011"":81,""10100000"":15,""00010100"":13,""01010111"":17,""00010111"":7,""11100001"":2,""01010001"":8,""10110000"":25,""10110100"":19,""01000001"":6,""01110111"":42,""00010011"":9,""01000010"":14,""01010101"":16,""11010011"":17,""01011100"":39,""00010010"":18,""00011001"":9,""00000101"":3,""10110011"":11,""01101000"":119,""00101001"":4,""01111001"":44,""01101011"":79,""01101100"":94,""01101101"":45,""01101111"":58,""11111000"":16,""11101111"":6,""11111010"":5,""01011011"":28,""10101000"":19,""01111110"":40,""01111011"":81,""10110010"":13,""11011100"":9,""11011001"":10,""11001100"":14,""00001101"":5,""10011011"":2,""10111011"":13,""01111111"":60,""01011001"":11,""01000011"":19,""00001100"":11,""01111010"":46,""10111100"":28,""01111000"":113,""00011100"":17,""11011011"":5,""01011111"":13,""11011000"":14,""01001010"":11,""10011111"":5,""11101101"":4,""11110011"":8,""00001000"":7,""01101010"":63,""01011101"":18,""00001001"":3,""00111011"":4,""11001001"":2,""11011110"":4,""10101001"":5,""11101000"":15,""10111000"":23,""00101000"":16,""11111001"":7,""01001000"":29,""11000010"":5,""11111100"":15,""00100001"":1,""00101011"":6,""00101100"":7,""01010110"":12,""10110001"":8,""01000111"":6,""10000001"":4,""00100111"":4,""00110111"":2,""10010011"":2,""00010000"":11,""00000110"":2,""10100110"":4,""11010101"":4,""10100010"":11,""10100011"":10,""11000100"":2,""11010100"":12,""11010010"":2,""10010001"":2,""00110000"":5,""11010111"":6,""10000000"":3,""10100111"":4,""00010110"":4,""00110010"":4,""10100101"":5,""01001111"":16,""11111101"":6,""01001011"":18,""11101001"":9,""10000011"":1,""01011010"":18,""11100000"":13,""11001011"":5,""10001111"":2,""11110101"":6,""10101010"":9,""00111110"":3,""10001001"":2,""10111010"":10,""10101100"":11,""10011000"":6,""00100101"":2,""01001110"":6,""11111111"":6,""10110101"":4,""11110001"":3,""11110111"":3,""11100010"":8,""00100100"":5,""00110011"":1,""11000000"":4,""00100000"":12,""11110100"":9,""00000000"":7,""10000100"":1,""11110110"":3,""01011110"":15,""11010001"":8,""10100001"":7,""00101111"":3,""00011000"":12,""10101011"":8,""01001101"":4,""10111101"":5,""01001001"":6,""11001111"":2,""11101100"":6,""00010101"":4,""00111100"":4,""00011101"":9,""00111111"":3,""00011110"":4,""00011010"":3,""00001110"":7,""10101111"":4,""01001100"":9,""11000011"":5,""00110101"":1,""00000010"":2,""00110110"":2,""11110010"":10,""00001011"":5,""10101101"":6,""10001000"":2,""00011011"":5,""11011111"":6,""11111011"":12,""00111101"":1,""11001110"":2,""10011100"":6,""11011101"":2,""00000011"":3,""00111000"":3,""00101110"":2,""10101110"":3,""10111110"":5,""10010101"":2,""11100100"":4,""10011001"":3,""11010110"":2,""00101010"":4,""11111110"":2,""00001111"":1,""11101011"":6,""00001010"":1,""10010010"":3,""11011010"":4,""11100011"":7,""11001000"":8,""00100010"":1,""00000100"":6,""00100011"":4,""10000111"":1,""10001100"":2,""10000110"":4,""00110100"":2,""10010111"":1,""10010100"":4,""10000010"":1,""11000001"":1,""00111001"":1,""11100101"":1,""00110001"":1,""00100110"":1,""11000110"":1,""00111010"":3,""00101101"":3,""11100110"":2,""11001010"":1,""10001110"":1,""10011010"":2,""00000111"":1,""10011101"":1,""11101010"":1,""11000111"":1}"
20,x,4000,-0.37450000000000006,-0.02750000000000008,0.21199999999999997,-0.026000000000000023,-0.34650000000000003,0.13149999999999995,-0.3514999999999999,0.573,"{""10000110"":9,""01111111"":71,""00100001"":11,""10111001"":29,""01110111"":69,""10010000"":8,""01010101"":48,""00010001"":28,""01010010"":46,""01110001"":88,""11100100"":2,""01000011"":52,""11110110"":1,""00000000"":7,""01010001"":96,""10110001"":24,""10010111"":20,""11111011"":3,""01010111"":60,""01110100"":25,""00110001"":24,""01110110"":43,""10000011"":16,""01010110"":35,""10000100"":6,""01000111"":34,""00000101"":8,""01110000"":38,""01110010"":45,""00010011"":25,""10110011"":15,""01000110"":23,""01110011"":104,""01000001"":51,""01011001"":103,""01100010"":13,""01110101"":52,""01011010"":44,""10010101"":11,""10000001"":27,""01010011"":73,""10110111"":17,""01010100"":24,""11110111"":6,""00110000"":6,""01000101"":28,""10010001"":23,""01011011"":73,""00000001"":12,""10010010"":9,""10110101"":10,""00110011"":13,""01101000"":9,""10011001"":31,""11010000"":2,""00100110"":3,""11101101"":3,""11000010"":3,""01100001"":31,""10110110"":10,""10001010"":7,""00000110"":5,""01111101"":63,""10100100"":2,""01001011"":52,""10111111"":18,""00001011"":15,""01111011"":86,""01001001"":70,""10011011"":22,""01111110"":35,""01001101"":35,""00011001"":29,""01101011"":18,""01001100"":18,""01001111"":47,""01111001"":111,""10011010"":14,""11001011"":5,""10011101"":10,""01001010"":41,""00111111"":12,""01011111"":53,""10001111"":16,""01001000"":27,""10001101"":16,""11111111"":3,""10001011"":20,""00101001"":15,""10001001"":23,""01111010"":44,""00011011"":24,""01111000"":31,""01100111"":13,""01011110"":30,""11011111"":3,""11011001"":5,""10001110"":5,""10001000"":7,""01101111"":12,""01111100"":21,""00011101"":14,""01101001"":35,""00001001"":9,""00011111"":22,""00101111"":7,""01011100"":25,""00110101"":12,""11110011"":5,""01010000"":32,""01000100"":11,""10010011"":21,""11001100"":1,""00010111"":17,""00110110"":5,""00000011"":13,""00011010"":17,""11110000"":3,""00010101"":11,""11000000"":3,""10010100"":4,""01000000"":14,""00110111"":8,""01000010"":20,""10011000"":11,""11000011"":2,""10000111"":15,""10000000"":9,""01100101"":18,""00100011"":10,""01100011"":22,""00100111"":9,""00010110"":8,""11000101"":3,""11100010"":4,""00111010"":8,""10100111"":1,""00111000"":5,""00100000"":7,""10100001"":5,""11110001"":6,""00010010"":17,""10000010"":10,""11010101"":1,""11010011"":3,""10111010"":11,""00110010"":6,""10110000"":7,""01101101"":16,""11110010"":3,""10011100"":4,""00010100"":4,""10000101"":10,""10110010"":12,""01001110"":12,""00001100"":1,""10011111"":20,""10111101"":15,""01011101"":53,""00101010"":3,""00011100"":10,""00011110"":12,""00111001"":12,""00111101"":9,""11011100"":2,""00101101"":5,""11011000"":3,""10111110"":10,""00101011"":6,""00001111"":10,""11001101"":3,""10001100"":8,""01011000"":40,""11111001"":15,""10111011"":13,""10111000"":11,""11111010"":3,""00001000"":6,""11101011"":3,""10011110"":9,""10101011"":7,""11001110"":3,""00111011"":7,""11011110"":2,""00000111"":16,""00011000"":9,""00001010"":5,""11011011"":6,""11001111"":3,""11001000"":1,""11100011"":5,""11011101"":3,""01101110"":8,""01101010"":12,""11111110"":2,""11001001"":6,""00101110"":5,""01101100"":6,""00101000"":7,""11101010"":2,""11111000"":2,""01100110"":7,""00100100"":3,""10010110"":12,""01100000"":9,""00000010"":4,""00110100"":4,""11101111"":1,""00101100"":1,""11111101"":7,""11000111"":5,""00111100"":4,""00100101"":9,""10100000"":2,""00010000"":11,""11010001"":2,""11100110"":1,""00000100"":1,""10111100"":3,""11100001"":2,""10100011"":3,""11011010"":2,""11010110"":2,""11010010"":2,""10110100"":3,""01100100"":5,""10101111"":4,""11010100"":1,""11000110"":1,""11000001"":3,""11101110"":1,""00100010"":2,""10100110"":2,""10101001"":8,""11101001"":3,""00111110"":2,""11001010"":2,""10101000"":2,""00001101"":3,""00001110"":3,""10101100"":1,""10101010"":1,""11100000"":2,""11010111"":1,""10100010"":2,""11110101"":1}"
21,x,4000,-0.252,0.1935,0.050000000000000044,-0.008000000000000007,0.12,0.723,0.3055,0.404,"{""00010001"":75,""00010101"":64,""10010011"":26,""10000001"":52,""00001111"":58,""01110010"":6,""01001111"":25,""00011100"":39,""01110001"":17,""11000100"":8,""10000101"":39,""10010001"":35,""00010011"":66,""11000101"":17,""00000100"":38,""01010111"":16,""00000011"":43,""11100001"":3,""01010101"":18,""01000001"":41,""00000101"":69,""01010001"":36,""01000100"":21,""00011111"":36,""00000001"":122,""00000010"":41,""10010010"":11,""01000111"":28,""11010011"":9,""11000011"":10,""01010011"":28,""00010010"":31,""00010000"":31,""01000101"":41,""10001111"":24,""10010111"":24,""00010100"":27,""11010001"":19,""10000011"":25,""00111100"":5,""00011010"":25,""01000110"":21,""10010101"":27,""10000111"":22,""11000111"":18,""10110101"":7,""01011001"":21,""10110011"":4,""00000000"":47,""00000110"":35,""00001001"":113,""11000001"":16,""10011011"":21,""10110000"":6,""00110011"":8,""01010000"":18,""01000011"":25,""00000111"":72,""01000010"":15,""10010100"":16,""10010000"":10,""10011110"":17,""00001011"":41,""01001101"":37,""00011101"":65,""10001000"":27,""10001001"":35,""11011001"":13,""11001110"":6,""00011110"":31,""11011010"":12,""10011101"":27,""11001001"":21,""10011001"":35,""10011111"":15,""10011100"":15,""10011010"":14,""00001000"":69,""01001010"":20,""01011000"":17,""00101001"":4,""01101011"":7,""10001100"":26,""00011001"":55,""11001100"":16,""01001001"":43,""00001101"":76,""11111111"":2,""01001000"":23,""01001011"":23,""00001100"":65,""01101101"":17,""01011011"":22,""10001011"":25,""11011011"":10,""00011011"":47,""11001101"":14,""10101010"":1,""10111000"":4,""00111001"":11,""01011100"":16,""00011000"":35,""00001010"":36,""00001110"":38,""11011000"":4,""10001101"":35,""01111010"":7,""01001110"":22,""01101000"":6,""00101110"":2,""11011111"":9,""01001100"":26,""01000000"":24,""00010110"":18,""01010100"":16,""00110101"":4,""11110000"":5,""11000110"":5,""11010111"":4,""00110110"":11,""01100001"":13,""00110000"":5,""00101111"":4,""01100011"":11,""10000100"":18,""11010101"":13,""01100101"":12,""01111101"":11,""00010111"":38,""01011010"":14,""01010010"":14,""10000000"":26,""10110001"":6,""10000110"":19,""01011101"":40,""01101100"":15,""00111000"":7,""00101011"":2,""00111111"":6,""01101111"":8,""11001000"":10,""00111101"":2,""01111001"":16,""01111110"":11,""00101101"":6,""01011111"":15,""01111000"":15,""01111011"":12,""11101010"":1,""11011101"":19,""11111001"":4,""10101100"":2,""00100101"":7,""01100000"":10,""10100100"":1,""11010110"":3,""11010100"":4,""01110110"":2,""11010010"":7,""00100000"":2,""01100010"":4,""00100010"":2,""11110010"":1,""00100111"":7,""01100100"":4,""11110111"":5,""00110001"":8,""10101001"":2,""01100110"":4,""11110100"":3,""00100100"":3,""10010110"":4,""10100001"":3,""01110101"":7,""00111010"":2,""11000000"":6,""01110111"":10,""01110000"":4,""01010110"":9,""11111101"":3,""10000010"":16,""00100110"":1,""10100101"":7,""10110110"":3,""11100100"":1,""01110100"":4,""01110011"":6,""11010000"":6,""00100001"":7,""11000010"":5,""10100110"":3,""01100111"":7,""00110010"":5,""10001110"":15,""10100011"":2,""10011000"":11,""01101010"":2,""10100000"":1,""11001011"":12,""10101111"":3,""11001111"":6,""01101001"":7,""01111100"":6,""10101011"":1,""10101101"":4,""01101110"":5,""11101101"":1,""11001010"":6,""00110111"":3,""11110101"":1,""11111110"":1,""10101110"":3,""10111110"":5,""11100101"":1,""11101011"":1,""11011100"":11,""10001010"":18,""00111110"":5,""01111111"":5,""10110111"":3,""10111100"":2,""00101100"":2,""11111000"":1,""10100010"":2,""01011110"":13,""10101000"":2,""00101010"":3,""10111101"":1,""11101110"":2,""10110010"":1,""11100011"":1,""10100111"":3,""11110001"":3,""11100000"":1,""00111011"":5,""11111010"":1,""10111010"":2,""11011110"":3,""10110100"":2,""00110100"":1,""11101000"":2,""11100010"":1,""00101000"":3,""10111001"":6,""11100110"":1,""11111100"":1,""11101001"":1}"
22,x,4000,-0.5235000000000001,0.03249999999999997,-0.387,-0.009500000000000064,0.12,0.593,0.5820000000000001,-0.601,"{""10110001"":9,""10000101"":269,""00010101"":15,""01000101"":26,""10010011"":70,""01010001"":8,""10000111"":180,""10011111"":116,""11000111"":12,""10000011"":71,""10010001"":49,""10100111"":23,""10110111"":29,""10100101"":29,""01110101"":13,""00100000"":2,""11000001"":7,""00000100"":8,""10011101"":142,""10000110"":59,""10110101"":19,""01100001"":2,""10010111"":76,""01010011"":13,""11010111"":10,""10111111"":21,""00010001"":6,""10010101"":149,""11101111"":12,""11100100"":3,""01000001"":13,""01010100"":4,""00001111"":12,""10000100"":68,""00000011"":7,""01010111"":12,""10010000"":21,""01010101"":22,""11100111"":19,""11011100"":7,""10011011"":99,""01110111"":15,""10111101"":31,""11100101"":11,""00011101"":11,""00000001"":6,""10011110"":62,""11000000"":1,""00000101"":18,""10010100"":32,""01100011"":6,""00000010"":4,""01000011"":15,""00100111"":7,""00000000"":1,""11010101"":13,""10000001"":71,""11000100"":5,""10101101"":21,""10001101"":211,""10010110"":35,""01000111"":22,""00010100"":3,""01010110"":11,""10000010"":26,""10001011"":83,""00010000"":2,""10110011"":11,""10100110"":7,""11100001"":8,""10000000"":25,""01110001"":4,""10011001"":51,""10001001"":69,""01000100"":9,""01100111"":7,""10110100"":4,""01100101"":12,""00101111"":7,""11000101"":19,""00110101"":11,""01001001"":8,""11100011"":5,""00011011"":12,""00110001"":5,""10111001"":14,""11000110"":3,""00110110"":3,""01000110"":5,""01011101"":22,""00110011"":8,""00000110"":5,""11001101"":25,""10110110"":11,""11010001"":9,""00010110"":1,""00100101"":7,""11010000"":4,""11010011"":9,""00101110"":3,""11100110"":5,""10010010"":24,""10001110"":68,""00011111"":10,""00011001"":8,""11010110"":3,""10101011"":11,""11101110"":7,""00001101"":17,""10001111"":158,""00000111"":8,""10001010"":18,""11111111"":11,""10011100"":38,""10001100"":54,""00101001"":1,""11101101"":14,""01011110"":8,""10011010"":23,""00111101"":17,""11101001"":8,""01001101"":16,""00110100"":3,""00111111"":9,""11001111"":19,""01011011"":15,""11011101"":16,""00001110"":3,""01001011"":13,""01001111"":19,""11001011"":10,""01111111"":7,""10011000"":25,""11011000"":3,""10101110"":8,""11111101"":8,""10101111"":16,""01101011"":3,""11111000"":2,""11011011"":9,""01101001"":4,""10111011"":18,""00111011"":6,""10001000"":22,""11110001"":2,""11110011"":4,""11110110"":2,""10100011"":6,""10100010"":4,""11110101"":8,""11100000"":4,""11001110"":6,""00010011"":5,""00010111"":6,""00101011"":6,""11000011"":2,""01011001"":5,""01110011"":4,""11110111"":7,""01110110"":5,""11110100"":1,""00111100"":6,""10100000"":2,""01101000"":3,""01000010"":4,""10101100"":11,""00110111"":11,""01100000"":2,""01111100"":3,""00011110"":4,""01101111"":13,""00101010"":3,""00001100"":9,""10111110"":8,""11101010"":2,""01011100"":5,""01001110"":7,""10111010"":6,""01011111"":12,""11011111"":6,""00011100"":5,""00001001"":7,""00101000"":2,""10101001"":4,""11101011"":6,""11001100"":3,""10111100"":7,""11111001"":2,""00111110"":7,""01001100"":5,""11111100"":2,""01011000"":2,""01101100"":3,""11001000"":1,""01101101"":11,""11101000"":2,""00011010"":1,""01001010"":2,""11011010"":1,""01110000"":2,""00100011"":5,""11110010"":1,""11110000"":1,""11000010"":1,""00100110"":2,""00100010"":2,""01000000"":1,""01110100"":2,""11011110"":3,""00111001"":4,""01100100"":3,""10100001"":4,""11011001"":3,""10111000"":5,""01111001"":3,""00111000"":1,""10101010"":3,""00001011"":5,""11001001"":2,""11111011"":7,""01101110"":3,""01110010"":1,""01111000"":2,""10110010"":2,""11010010"":1,""01100110"":2,""01111110"":2,""11111110"":3,""11101100"":4,""01111011"":5,""10101000"":4,""00100001"":2,""00110010"":1,""11100010"":1,""10100100"":3,""00100100"":1,""01011010"":1,""01111101"":3,""00101101"":2,""00001010"":1,""11010100"":1,""10110000"":1,""00011000"":1,""00001000"":2,""00101100"":1}"
23,x,4000,-0.1964999999999999,0.6585,0.16849999999999998,0.0,0.264,0.7035,-0.6775,-0.5249999999999999,"{""00000001"":12,""10010101"":17,""01000101"":56,""01000001"":57,""11000000"":141,""01001001"":54,""01000100"":50,""01110111"":1,""01001101"":35,""11100001"":23,""11000011"":38,""01010001"":37,""11100100"":22,""11000101"":202,""11011001"":135,""11001101"":164,""11110000"":13,""00000111"":4,""10000000"":20,""00100101"":3,""01000000"":25,""11100010"":5,""01000011"":17,""11000001"":162,""10010010"":6,""01010101"":24,""01011001"":40,""11100000"":15,""11110001"":33,""11001001"":209,""11010001"":134,""10010001"":26,""10110010"":1,""11010000"":87,""10011010"":9,""10000011"":10,""00110100"":1,""01010000"":23,""10000101"":25,""11000100"":114,""10000111"":4,""11000010"":24,""10000001"":34,""00000101"":12,""11001000"":134,""10000100"":21,""11110101"":14,""01010100"":17,""11010101"":45,""11000111"":31,""11110100"":10,""10001101"":23,""01010110"":3,""11101100"":24,""11110111"":4,""11011101"":56,""11001100"":102,""10111101"":6,""11111001"":30,""11001111"":36,""01011000"":24,""11011111"":17,""11111000"":30,""11001010"":27,""11011000"":82,""10001001"":34,""00011001"":6,""10001111"":8,""11101101"":28,""01001011"":10,""01001111"":8,""11101110"":5,""10101001"":8,""11101111"":6,""10011000"":13,""10011001"":25,""01101100"":5,""00111000"":8,""01111011"":1,""11111101"":13,""10001011"":4,""11101001"":26,""10001100"":12,""01011101"":18,""00011011"":2,""01001000"":38,""01011100"":11,""11001011"":27,""01001100"":40,""10011101"":6,""11010111"":21,""11010010"":17,""10010000"":22,""10010111"":7,""10010011"":3,""00110001"":4,""00110000"":5,""11000110"":16,""11010100"":42,""01110100"":1,""11011010"":24,""00110101"":2,""11010011"":26,""11100110"":1,""01010011"":5,""01110001"":6,""00000110"":2,""11011100"":36,""10001010"":9,""00101001"":5,""00001111"":4,""11011011"":30,""01001010"":8,""00011000"":9,""00001001"":16,""01111001"":7,""01111101"":5,""10001000"":26,""00001100"":6,""10101000"":3,""11001110"":22,""11101000"":15,""01101001"":10,""01101011"":7,""10110111"":1,""11111100"":7,""11100101"":26,""00101100"":2,""10001110"":4,""01010010"":8,""00111001"":4,""01101101"":8,""11011110"":8,""00111101"":6,""10011011"":4,""01100010"":3,""00111100"":3,""10011100"":4,""11111011"":9,""11101011"":4,""01101010"":1,""01100101"":1,""00001000"":12,""01111000"":8,""00001101"":10,""01011010"":7,""11111010"":4,""00011101"":3,""00001011"":5,""00111010"":1,""10101101"":2,""10110001"":3,""00100001"":5,""01000110"":6,""01110000"":2,""01110011"":2,""00010001"":9,""11110011"":5,""00000100"":6,""11110010"":5,""11111111"":2,""00101000"":4,""11111110"":1,""01001110"":3,""11010110"":12,""10011110"":3,""00000000"":5,""10100001"":5,""01100011"":2,""00010000"":4,""10000110"":3,""01000010"":5,""01111110"":2,""00101101"":1,""01011111"":2,""01011011"":4,""01010111"":4,""10010100"":2,""10110101"":2,""10010110"":1,""00010101"":2,""10100000"":2,""10110000"":1,""01000111"":15,""00010110"":1,""00010010"":2,""00100100"":3,""10100100"":4,""00100000"":1,""11100111"":5,""11100011"":2,""01100100"":3,""10100011"":2,""10000010"":2,""10101011"":2,""11101010"":1,""00110011"":1,""10100101"":3,""01110101"":5,""01100001"":3,""01011110"":2,""10111000"":2,""00011110"":2,""10101010"":1,""01111100"":2,""10101111"":1,""01101000"":1,""10011111"":1,""00111011"":1,""10101100"":1,""01100000"":3,""00100110"":1,""00010100"":2,""00011010"":2,""10100110"":1,""00011100"":1,""00000011"":1,""00100010"":1,""11110110"":1,""00010111"":1,""00110110"":1,""10100111"":1,""00001110"":1}"
24,x,4000,0.11650000000000005,-0.21300000000000008,0.14949999999999997,0.007000000000000006,0.01849999999999996,0.7435,-0.6665000000000001,0.806,"{""01001000"":91,""01011000"":46,""01011111"":80,""00011110"":5,""01111100"":8,""01011010"":184,""01010111"":90,""01001001"":75,""01011100"":123,""00111010"":13,""01001101"":56,""01011101"":40,""00111110"":3,""10011010"":8,""01101010"":15,""01011110"":67,""01011001"":54,""00001010"":25,""01001100"":97,""01001111"":85,""11011010"":18,""11001010"":9,""11001110"":4,""01000010"":157,""11001100"":8,""01010100"":100,""01011011"":106,""01101100"":8,""11000100"":6,""01001110"":62,""01101111"":7,""01010011"":113,""01001010"":149,""00010010"":18,""10011001"":5,""00001110"":6,""00101010"":6,""01000011"":103,""01000000"":70,""00000111"":11,""00101011"":8,""00011011"":20,""01100000"":10,""01000110"":57,""00001000"":8,""01101011"":11,""10011111"":1,""00011000"":1,""00011010"":19,""00100101"":8,""01000100"":93,""00010111"":11,""01010010"":164,""01000111"":125,""00100000"":8,""01000101"":47,""01100100"":7,""11000010"":14,""01100011"":16,""01000001"":58,""01110001"":5,""00110111"":12,""01010101"":47,""00000010"":12,""11110111"":4,""00000101"":7,""01110010"":17,""00010000"":8,""01010001"":51,""00110100"":7,""01110011"":15,""01001011"":111,""00100011"":9,""00000000"":9,""01111010"":15,""00101101"":4,""00001101"":8,""00100010"":14,""00011001"":7,""01100101"":7,""01100010"":20,""11000111"":8,""01100111"":9,""11100011"":2,""11010111"":7,""01110100"":7,""01010000"":62,""11010010"":26,""01010110"":55,""10100011"":1,""10010100"":6,""00010100"":17,""11000000"":9,""11010100"":8,""00011101"":4,""00001100"":15,""00011100"":18,""11001001"":8,""11001011"":9,""00101001"":7,""01111000"":4,""01111110"":6,""10001010"":8,""10101100"":2,""01101110"":9,""01101000"":6,""01111111"":7,""01111101"":7,""01100110"":7,""00111101"":3,""00001001"":8,""00111111"":3,""10011000"":4,""00101110"":2,""10000000"":5,""01101101"":2,""00000110"":2,""00101100"":4,""11110101"":1,""00110001"":7,""01110111"":6,""10010011"":4,""00010011"":15,""00110010"":9,""11000011"":6,""00100110"":6,""10010001"":5,""10000010"":7,""11010011"":6,""01110110"":3,""00110101"":4,""00111011"":9,""00001111"":11,""00110011"":8,""00010001"":8,""01100001"":10,""11010000"":11,""00000011"":17,""10100000"":1,""10000111"":5,""11001000"":6,""00000100"":9,""00010110"":8,""00111100"":9,""10000011"":8,""00010101"":3,""01110101"":3,""10010010"":4,""00100111"":6,""10000100"":3,""11000110"":4,""11100101"":2,""10011100"":2,""10001000"":7,""11101010"":4,""00001011"":8,""11011111"":5,""11011011"":5,""11011110"":5,""11011000"":4,""10011011"":2,""11100111"":2,""10110010"":3,""11010001"":8,""00111000"":5,""01101001"":5,""00101000"":3,""11101111"":1,""11101101"":1,""00111001"":6,""10111010"":2,""10001101"":1,""01111011"":7,""11110011"":2,""00110110"":2,""10010110"":1,""11001111"":8,""10000101"":2,""11010110"":5,""10010101"":3,""10100010"":2,""00100100"":8,""10010111"":3,""00000001"":4,""10001111"":4,""00011111"":12,""10101001"":1,""10001001"":3,""10101011"":2,""11111110"":1,""01111001"":3,""11011001"":3,""10001100"":4,""11011100"":4,""11001101"":4,""10000110"":2,""11100100"":3,""10010000"":1,""10001011"":2,""10101010"":2,""11000101"":1,""10110111"":1,""10110000"":1,""10110110"":1,""10011101"":2,""01110000"":3,""10100100"":1,""10101111"":2,""10011110"":1,""10111110"":1,""10111001"":1,""11101000"":1,""11100110"":1,""11000001"":1,""11110001"":1,""11110010"":2,""00101111"":2,""10111111"":1,""11011101"":2}"
25,x,4000,-0.10499999999999998,-0.05600000000000005,0.22199999999999998,-0.033500000000000085,-0.028999999999999915,0.0635,0.05049999999999999,-0.12400000000000011,"{""10011011"":107,""00011011"":11,""01011011"":53,""10110000"":27,""01010111"":21,""10111000"":32,""00101100"":3,""10001001"":26,""10011010"":55,""10111011"":39,""10010001"":35,""01101111"":49,""10101000"":39,""10101001"":22,""10000001"":23,""11001101"":6,""00011010"":4,""10101111"":25,""10101101"":11,""00001001"":2,""10001011"":42,""01101011"":78,""10011100"":49,""00111011"":17,""11011111"":6,""01011000"":49,""10111010"":12,""01001111"":22,""01001101"":15,""11111001"":4,""10011000"":75,""01011100"":17,""01101101"":13,""01011111"":19,""11101110"":4,""01001000"":18,""10001110"":17,""10001111"":31,""01111000"":38,""01001001"":12,""01100011"":61,""10011110"":21,""11101000"":11,""10011001"":51,""10111100"":13,""01101100"":30,""11111111"":4,""11111100"":8,""10000111"":31,""01111111"":19,""01101000"":65,""10111111"":14,""10000011"":60,""11001001"":9,""11001000"":12,""10111110"":11,""10001101"":16,""00001011"":8,""00001010"":4,""11111011"":14,""01001011"":23,""01001010"":8,""11101111"":12,""11101011"":12,""11011001"":6,""01111011"":38,""01111101"":13,""10001000"":28,""10011101"":19,""10001100"":22,""01011001"":25,""10101100"":23,""00101111"":2,""11001111"":3,""10011111"":55,""00111111"":7,""00011110"":1,""10010011"":94,""01010000"":29,""10001010"":15,""01001100"":18,""01101001"":22,""00101000"":3,""01111001"":21,""11101100"":16,""00101101"":3,""10101010"":14,""01100100"":47,""10010100"":54,""11011011"":3,""10010111"":54,""10100100"":17,""11001011"":9,""10101011"":40,""00111000"":9,""11011100"":3,""01100001"":27,""10100001"":21,""10000100"":24,""10110011"":36,""10010000"":85,""10110111"":13,""10100111"":32,""10100101"":8,""11010011"":7,""01110001"":16,""10000101"":20,""11110101"":4,""01100101"":20,""11000011"":11,""00110010"":1,""10010110"":22,""11110111"":9,""01010001"":22,""10000010"":19,""01000000"":19,""01000011"":28,""01110011"":39,""01100000"":43,""00110011"":15,""01101110"":26,""10100000"":29,""01000101"":15,""00110001"":5,""11011000"":9,""10000000"":30,""11110100"":10,""10110101"":5,""10110001"":10,""01100010"":21,""00010000"":3,""11100001"":5,""11100010"":4,""11110110"":5,""01010011"":39,""00000000"":1,""00000111"":4,""01010101"":14,""00010101"":2,""00100111"":5,""11110011"":9,""01100110"":32,""10100011"":44,""11010110"":2,""10010101"":18,""01111010"":11,""01111100"":10,""00101011"":6,""11111101"":4,""00000001"":7,""11010100"":6,""01100111"":41,""11101001"":6,""00101001"":2,""00000011"":7,""11110010"":6,""10111001"":11,""01011110"":13,""11101101"":2,""00111100"":10,""11100100"":11,""01101010"":22,""01010010"":18,""11000110"":4,""01011010"":12,""11111000"":10,""11101010"":6,""01001110"":9,""01000110"":10,""01111110"":16,""00001111"":4,""00011000"":4,""00001000"":3,""11001110"":2,""00110100"":4,""10111101"":5,""01110100"":9,""01110010"":8,""11100011"":9,""11000000"":4,""10110110"":6,""11111010"":4,""10110100"":19,""01000111"":21,""01000001"":20,""11000010"":4,""00110000"":2,""11000111"":6,""00110110"":3,""10000110"":12,""00010001"":4,""11110000"":8,""01010100"":14,""00100011"":5,""00000010"":2,""11000100"":6,""11110001"":5,""00100101"":3,""00000100"":6,""00110111"":3,""00110101"":5,""00010100"":5,""01110111"":26,""10100110"":17,""11000101"":5,""00010011"":7,""10010010"":31,""11010010"":7,""01110101"":8,""01110000"":22,""00100000"":1,""01000010"":5,""10110010"":7,""11100111"":9,""01110110"":7,""00000110"":4,""11010101"":3,""11100101"":3,""11010001"":6,""01000100"":17,""10100010"":11,""00111010"":4,""11000001"":5,""00111001"":2,""00100100"":2,""11010111"":3,""00011101"":3,""00101110"":1,""11100000"":7,""10101110"":7,""00001110"":3,""11001100"":7,""11001010"":1,""01011101"":6,""00111101"":3,""00011001"":1,""00011100"":3,""00101010"":2,""00010111"":1,""00010010"":1,""11010000"":2,""11011110"":2,""11011010"":4,""00100110"":1,""00000101"":2,""00011111"":1,""00111110"":2,""11111110"":2,""01010110"":3,""11100110"":1,""00001100"":1}"
26,x,4000,0.31000000000000005,-0.0685,0.15700000000000003,0.03249999999999997,-0.16949999999999998,0.38949999999999996,0.47450000000000003,-0.6739999999999999,"{""00011001"":10,""11101110"":8,""10001000"":80,""10001110"":78,""10011010"":109,""11001000"":17,""10001010"":100,""10001001"":63,""00101010"":7,""10101011"":6,""10001111"":28,""10010010"":144,""11111110"":21,""11111111"":11,""10011100"":60,""10101000"":13,""10001100"":61,""11111000"":23,""10011000"":69,""11111011"":13,""10001101"":21,""11111100"":15,""10101100"":7,""10011001"":69,""10011110"":64,""11001100"":18,""00011011"":6,""10111111"":26,""10000010"":105,""10011101"":21,""10101010"":13,""10111000"":24,""11101100"":10,""10000101"":41,""01111001"":7,""00101000"":6,""11111001"":19,""10111001"":33,""11011010"":21,""10111011"":16,""11011100"":22,""11001010"":28,""10001011"":39,""10100010"":14,""00001100"":11,""01111010"":9,""10010111"":35,""10110101"":17,""00011000"":13,""10111110"":41,""10110011"":15,""11110101"":10,""10010011"":66,""01010000"":1,""10000011"":31,""10010001"":72,""10010101"":33,""01110100"":4,""10110010"":53,""10010100"":65,""11000011"":8,""10110110"":38,""10000001"":73,""10100111"":5,""11110000"":20,""10010000"":53,""01000011"":3,""00000101"":6,""10100000"":6,""11000000"":18,""11010001"":20,""10110001"":35,""00001000"":18,""10000110"":89,""00010011"":13,""00010100"":14,""10110000"":29,""10100001"":6,""00110111"":1,""00010000"":11,""00110000"":8,""11110011"":9,""10110100"":32,""11010011"":15,""11110010"":35,""01010101"":1,""00110010"":12,""11111010"":32,""10010110"":83,""10011011"":38,""11010100"":15,""11100101"":7,""10110111"":16,""00110001"":5,""00000111"":4,""11000010"":23,""10100110"":12,""11110110"":29,""00000010"":19,""11110100"":18,""10000100"":58,""00110110"":9,""00000110"":19,""10100100"":17,""11000100"":11,""11000101"":14,""11010000"":10,""01110001"":5,""11000001"":13,""00010010"":21,""10000111"":26,""00110101"":1,""01110010"":7,""00010001"":10,""01010100"":2,""11010010"":26,""00010110"":11,""00000001"":13,""11100110"":8,""00100010"":4,""00000000"":6,""00100100"":3,""11110001"":15,""11110111"":17,""10000000"":42,""01111110"":8,""11001110"":18,""11101000"":8,""10101110"":2,""01011110"":4,""11011000"":15,""11101010"":16,""00111111"":2,""01011100"":5,""10111100"":23,""00011110"":10,""00111001"":6,""11001001"":13,""00111101"":5,""10111010"":41,""10111101"":15,""00001101"":5,""00011101"":6,""01111011"":2,""11011110"":19,""01001110"":3,""11000111"":6,""11011101"":7,""00000100"":7,""11100010"":6,""11100100"":11,""11010110"":14,""11000110"":16,""10011111"":17,""01110101"":4,""01010110"":5,""01100001"":1,""11100000"":8,""00100110"":5,""00001001"":10,""10101101"":6,""11001011"":4,""00001011"":2,""01101010"":11,""00001110"":18,""11111101"":8,""01001000"":5,""10100101"":2,""01110011"":4,""11100001"":6,""01100100"":4,""00111011"":4,""01000110"":5,""00110100"":6,""01000111"":2,""01001001"":3,""01011010"":3,""00101001"":4,""01001010"":6,""00101011"":3,""01011000"":3,""11011001"":14,""11011011"":12,""01111101"":4,""01101011"":3,""01001011"":2,""11001101"":6,""00010101"":4,""01010111"":3,""11010111"":6,""11010101"":8,""01010010"":2,""01110000"":5,""00100000"":1,""01010001"":3,""10100011"":2,""01100111"":2,""01111111"":4,""01101000"":2,""00101101"":1,""01101110"":3,""00111110"":5,""11101111"":2,""01000100"":5,""00111000"":4,""01111000"":2,""00001010"":10,""01001101"":2,""00011100"":5,""10101111"":3,""00111010"":10,""00011010"":20,""00011111"":2,""01100101"":3,""01100010"":3,""01000000"":2,""11100111"":2,""01010011"":3,""01101100"":4,""11101101"":3,""01011101"":5,""00001111"":4,""11101001"":4,""11011111"":2,""00010111"":3,""01100110"":2,""01100000"":1,""00110011"":2,""00111100"":5,""10101001"":3,""11101011"":4,""00100001"":4,""01110110"":6,""00100011"":2,""00101100"":4,""11001111"":3,""01011001"":4,""00000011"":2,""01000010"":4,""11100011"":4,""01001100"":2,""01111100"":5,""00101110"":1,""01000101"":1,""00101111"":1,""01011111"":1,""01000001"":1,""01110111"":1,""00100111"":1}"
27,x,4000,-0.25350000000000006,-0.03249999999999997,-0.044499999999999984,0.01849999999999996,0.20999999999999996,0.641,-0.7284999999999999,-0.7509999999999999,"{""10111011"":8,""11011110"":33,""11011011"":126,""11001011"":206,""10001011"":14,""11000000"":100,""11000100"":111,""01000000"":10,""11101111"":29,""11001100"":122,""11011010"":38,""01001100"":6,""01000110"":5,""10101101"":4,""11000111"":185,""11011100"":82,""11001000"":132,""00001001"":4,""00001011"":21,""11011001"":39,""11010111"":138,""11001111"":132,""01001001"":6,""11011000"":59,""11101100"":18,""11111000"":17,""11101010"":10,""10001110"":2,""01001010"":4,""11100011"":25,""11111010"":5,""10101111"":7,""00011001"":4,""11001101"":71,""11111011"":30,""01101011"":3,""01011000"":3,""11011101"":69,""00011100"":4,""11011111"":107,""11001001"":57,""10100101"":5,""00001010"":3,""01101001"":2,""01001110"":2,""11101000"":24,""11001010"":64,""01100011"":6,""01111011"":4,""10111000"":5,""11101110"":7,""11001110"":40,""01101101"":2,""01011111"":9,""11111001"":13,""00001100"":7,""00001111"":10,""11101101"":9,""10011011"":10,""11111101"":4,""11101011"":26,""11010001"":34,""11010100"":103,""00011101"":8,""11010000"":52,""00101100"":6,""11010101"":91,""10111010"":2,""01011011"":6,""10011000"":4,""10111100"":3,""00001110"":6,""00101111"":3,""10101000"":7,""10011111"":4,""10111111"":8,""11100111"":30,""11000101"":132,""10100011"":7,""11000010"":37,""11000011"":160,""10000011"":7,""11010110"":27,""11110000"":16,""00000111"":21,""10110011"":10,""10010111"":10,""11010011"":83,""01100100"":3,""00000001"":5,""11100000"":14,""10010101"":5,""01000001"":12,""00000000"":9,""11000001"":75,""01000100"":13,""00100001"":3,""11100101"":24,""10011101"":1,""10000010"":3,""11100100"":21,""00100101"":3,""00010001"":3,""01010100"":7,""00110101"":2,""00010101"":8,""10100000"":12,""01010111"":6,""11110100"":12,""01100000"":2,""00010011"":7,""11010010"":17,""00010100"":4,""10110110"":1,""10110111"":6,""11110011"":19,""10011100"":5,""01011101"":4,""01001111"":11,""11000110"":26,""00111010"":2,""11111111"":13,""01011110"":2,""00101101"":3,""10010001"":2,""10000000"":4,""10110000"":7,""10101001"":2,""00011011"":10,""11110101"":8,""00000011"":10,""11110111"":22,""00010000"":2,""01010001"":4,""01100111"":3,""01000111"":8,""10010011"":4,""00010010"":2,""10010000"":3,""10101011"":7,""11100110"":4,""01100110"":1,""11100001"":18,""10000100"":8,""01110011"":4,""10010100"":4,""11100010"":11,""01010101"":10,""00010111"":7,""00110000"":3,""11110001"":11,""01000011"":18,""01001101"":8,""01010011"":10,""00100111"":5,""10100111"":9,""10000101"":8,""01100101"":2,""00110111"":6,""10000110"":1,""10100010"":2,""01001011"":13,""01001000"":7,""10001001"":3,""01000101"":6,""00101011"":2,""00110100"":2,""10011001"":1,""00000110"":3,""01110101"":2,""10110001"":4,""10100001"":4,""00000101"":7,""11110010"":4,""01110100"":1,""00110001"":2,""10111101"":1,""01011100"":6,""11111100"":12,""01101100"":2,""01111111"":2,""01101111"":3,""00000100"":8,""00100011"":4,""10001000"":11,""11101001"":6,""00101001"":1,""01101010"":1,""10101010"":3,""00100100"":4,""00101010"":2,""00011111"":4,""00001101"":5,""00111111"":2,""00111011"":1,""10000111"":8,""00101110"":2,""10001100"":5,""01101000"":1,""10001111"":7,""10101100"":4,""00100110"":1,""10001010"":2,""10111001"":2,""10100100"":6,""00011110"":2,""10100110"":1,""00011000"":1,""10000001"":5,""10110101"":4,""10010110"":1,""11111110"":1,""01000010"":1,""01110110"":2,""00010110"":1,""11110110"":1,""01010000"":1,""10110010"":1,""10110100"":3,""00100000"":1,""00111101"":1,""00110010"":1,""00001000"":5,""10001101"":1,""10111110"":1,""01011001"":1,""10011110"":1}"
28,x,4000,0.41400000000000003,-0.2250000000000001,-0.3899999999999999,-0.010000000000000009,0.27549999999999997,0.6759999999999999,-0.5515000000000001,-0.16300000000000003,"{""10011110"":26,""11011101"":21,""10001100"":35,""01101100"":13,""00011110"":9,""01011110"":66,""01011100"":38,""11011100"":46,""01001111"":40,""01001010"":48,""11001000"":50,""01100110"":23,""01111101"":4,""01010010"":20,""10001111"":22,""01101110"":29,""01001100"":66,""11001111"":62,""01001110"":105,""11011000"":37,""11111110"":16,""11001100"":88,""00001111"":7,""11001110"":176,""01000110"":125,""11011010"":34,""11010110"":93,""10101111"":3,""11111111"":11,""00101110"":13,""01011001"":8,""11011111"":28,""11001101"":42,""01001101"":39,""10111110"":9,""01010100"":35,""11001001"":14,""11100110"":21,""11011011"":13,""00000000"":14,""00011111"":2,""01001000"":31,""11011110"":89,""11101110"":29,""11100000"":8,""11001010"":51,""01011010"":27,""01011000"":27,""00001000"":7,""10101110"":8,""10001101"":12,""00001110"":27,""01101000"":5,""10001000"":12,""01101010"":14,""01011101"":21,""01001001"":14,""00001010"":7,""01110000"":2,""00111110"":12,""00111111"":2,""10001110"":53,""00011010"":3,""01010110"":71,""10001010"":25,""10000001"":6,""11000010"":59,""11000110"":140,""11010000"":33,""11010100"":38,""11010011"":19,""11000011"":27,""11010010"":31,""10000010"":24,""00000111"":7,""10000110"":45,""00110000"":3,""10100100"":2,""10010000"":11,""11010111"":31,""11100010"":15,""11000100"":61,""11000101"":48,""11000000"":40,""01100100"":10,""10000101"":13,""11110000"":3,""11110111"":7,""00000100"":12,""01000000"":26,""11000001"":18,""01000111"":58,""01000100"":62,""00100111"":1,""10001011"":8,""11110110"":13,""00100110"":8,""01100101"":7,""11100011"":4,""01010000"":21,""01000010"":45,""11010101"":25,""01010111"":26,""00010011"":4,""01000101"":23,""10010010"":13,""01100000"":4,""10000100"":24,""01010101"":20,""10010110"":29,""11000111"":62,""10100110"":10,""01111110"":12,""11111100"":3,""11101000"":8,""01101111"":4,""01011011"":6,""00010010"":3,""01111100"":3,""00011101"":2,""01111010"":2,""11001011"":13,""10011000"":11,""00001001"":1,""00011100"":2,""10011100"":10,""01111000"":3,""10011111"":6,""00100010"":3,""01000011"":18,""10000111"":23,""00000110"":22,""10010111"":9,""00001101"":5,""10000000"":10,""01110110"":6,""00110101"":4,""00101100"":9,""00000101"":4,""11101111"":8,""01111111"":2,""01001011"":12,""11100100"":10,""10010100"":16,""11100101"":4,""00010000"":3,""11110100"":7,""11101100"":12,""10010001"":6,""10010101"":4,""01010011"":11,""01000001"":16,""00000011"":2,""10110110"":9,""01010001"":14,""00000010"":8,""00010001"":2,""00010101"":5,""00111010"":3,""00110110"":11,""00100101"":4,""01100111"":6,""11110101"":5,""10110101"":2,""11100001"":3,""01110100"":7,""11100111"":10,""00010111"":7,""10110111"":6,""01110010"":4,""11110001"":2,""00010100"":4,""10100101"":3,""01100010"":13,""01110101"":1,""00100100"":4,""10011101"":8,""11101101"":7,""01011111"":18,""10011010"":6,""11011001"":11,""00111100"":3,""01101011"":3,""01100001"":4,""11010001"":13,""10011011"":2,""10101100"":6,""10111111"":6,""00001100"":8,""10111001"":1,""11111101"":1,""10001001"":5,""01101101"":4,""00111001"":2,""11111011"":3,""00110011"":1,""00101000"":3,""00000001"":5,""10011001"":5,""10101001"":1,""10100000"":1,""10100111"":5,""10110010"":2,""10000011"":5,""10111101"":1,""11101011"":3,""00011000"":6,""01111001"":1,""11101010"":8,""11101001"":3,""11111010"":2,""10111000"":4,""00111011"":2,""00001011"":5,""00111000"":5,""10111100"":4,""00110100"":3,""00101010"":5,""00111101"":2,""10100011"":1,""01110001"":2,""11111000"":5,""00110010"":2,""00110001"":2,""00010110"":2,""00101001"":2,""01100011"":4,""00100011"":2,""11111001"":1,""10101101"":2,""10010011"":3,""00100001"":1,""00100000"":3,""00101111"":4,""01110111"":2,""10100010"":1,""01101001"":3,""01111011"":2,""00101101"":2,""00110111"":2,""11110010"":2,""10110001"":1,""10101010"":2,""10101000"":1,""10111010"":1}"
29,x,4000,0.34450000000000003,0.659,0.15949999999999998,0.024499999999999966,0.27149999999999996,0.764,-0.2915000000000001,-0.08299999999999996,"{""11010010"":9,""01000100"":93,""11100101"":6,""01100001"":11,""10001000"":143,""01000000"":116,""01010100"":72,""01010001"":46,""10000100"":95,""00010101"":2,""01000101"":57,""00000000"":30,""00000100"":23,""01000001"":75,""11110100"":6,""11000010"":18,""01001101"":32,""10000000"":114,""11010100"":45,""01001000"":159,""10010100"":41,""11000000"":78,""11010000"":43,""11000110"":11,""01010010"":17,""00000011"":3,""10000011"":6,""11000100"":73,""10010010"":18,""01011000"":69,""01010000"":73,""01110001"":9,""11100000"":13,""11010101"":28,""01010011"":4,""01000110"":17,""00000001"":16,""01000011"":14,""00100000"":2,""10110100"":4,""01111001"":10,""01000111"":19,""00100101"":4,""11110000"":12,""01010110"":14,""11010110"":10,""11100100"":12,""10110000"":2,""01001001"":84,""11110011"":2,""10001010"":23,""01110010"":3,""00010100"":9,""10000001"":54,""11000001"":48,""00000010"":7,""01011100"":76,""11011100"":38,""11010001"":26,""01011110"":13,""11001000"":88,""11101101"":10,""11011000"":36,""01001010"":31,""10000101"":41,""01011011"":9,""11101010"":8,""01111000"":16,""10001101"":28,""10001011"":14,""10011110"":11,""10010000"":60,""00001101"":7,""10011101"":16,""10001100"":71,""11100111"":2,""01001110"":17,""01001100"":87,""11101000"":19,""11011010"":11,""10111110"":2,""11001101"":18,""11001100"":57,""10101001"":2,""10011100"":55,""11111001"":8,""00111111"":1,""11111110"":2,""11001010"":27,""01000010"":29,""11001011"":8,""00011100"":10,""01001111"":5,""00001010"":5,""01011010"":9,""01011101"":26,""00011111"":3,""10101010"":1,""10011000"":52,""10111100"":4,""11001110"":13,""00001001"":15,""01100000"":10,""00111000"":4,""10010101"":34,""01010101"":32,""11100110"":2,""11000101"":33,""10100100"":3,""11010011"":7,""10010001"":26,""01110000"":21,""11010111"":3,""00010000"":13,""10000010"":17,""11000011"":9,""11110010"":2,""11111000"":19,""10001001"":50,""01100100"":21,""10010110"":7,""10000110"":22,""10110010"":2,""01100101"":11,""00000101"":9,""10010011"":10,""11100001"":10,""10110101"":3,""10100001"":3,""11110001"":8,""00100100"":2,""10010111"":5,""01110101"":2,""01001011"":12,""01100010"":1,""01011001"":31,""10100000"":4,""01101100"":20,""01101001"":12,""00010111"":1,""10101100"":6,""10011010"":13,""10011011"":6,""00001000"":30,""11011101"":20,""10011001"":25,""00101101"":2,""00011000"":12,""11101111"":1,""11111100"":6,""00111001"":3,""11001001"":48,""11101100"":10,""11001111"":5,""00001100"":17,""00010011"":2,""11110110"":2,""00010010"":4,""01100011"":2,""11000111"":15,""01101000"":16,""11111010"":5,""11101001"":6,""10101000"":2,""11011001"":9,""01011111"":6,""00010001"":6,""00011001"":4,""01111110"":1,""01111100"":5,""11011110"":6,""01101111"":2,""00011011"":3,""01101101"":4,""10111000"":3,""10111010"":1,""01101010"":5,""10111101"":1,""00101000"":3,""11011011"":4,""00110000"":3,""01110100"":2,""01010111"":6,""10001111"":5,""10001110"":11,""10011111"":4,""01111010"":5,""01111011"":2,""10101101"":1,""11111111"":1,""10100010"":1,""11111011"":2,""01100110"":2,""11110101"":2,""00011101"":5,""01101110"":4,""11111101"":2,""10000111"":6,""11101110"":2,""00000110"":3,""00001011"":1,""00110001"":2,""11100010"":2,""10100101"":2,""00011010"":3,""10100111"":1,""00100010"":2,""10110111"":1,""00001110"":1,""11011111"":3,""00111100"":1,""01101011"":4,""00101100"":3,""00001111"":1,""10101110"":1,""01110110"":1,""00101010"":1,""11100011"":1,""00000111"":2,""10110001"":1,""10101011"":1,""01100111"":1,""00010110"":1,""10110110"":1}"
30,x,4000,-0.3005,-0.1915,0.19999999999999996,0.03249999999999997,0.474,0.27649999999999997,-0.496,0.5800000000000001,"{""00100100"":4,""10100011"":32,""11000001"":12,""10110000"":1,""01010000"":17,""01000101"":130,""01000011"":196,""00100101"":15,""01110001"":10,""01001011"":161,""10000001"":11,""01010111"":41,""01000111"":113,""00100001"":19,""10101011"":26,""01010011"":65,""01100011"":78,""10000000"":6,""01000110"":60,""10110010"":3,""11010010"":3,""01000000"":56,""00111001"":15,""11000011"":27,""10000011"":26,""01100111"":28,""01000001"":86,""10110111"":2,""01100001"":46,""01100000"":14,""10010101"":2,""01000100"":50,""01110111"":12,""10110101"":6,""10100001"":8,""01000010"":98,""11110111"":4,""01100100"":17,""00100000"":8,""01111111"":9,""00110111"":7,""10010011"":6,""11000111"":15,""10100010"":14,""01001111"":87,""00000101"":14,""00000010"":6,""10111011"":12,""01100101"":36,""00100011"":35,""00000111"":10,""10100000"":7,""00110011"":19,""00010010"":1,""10100100"":7,""10001000"":2,""00111111"":8,""11000100"":5,""10111001"":3,""11110010"":5,""01110101"":16,""01100010"":26,""01010001"":24,""10000101"":15,""01011010"":31,""01101011"":61,""01010100"":11,""10010111"":1,""01100110"":19,""01101001"":27,""01010110"":16,""11000110"":5,""10000110"":6,""00000100"":5,""10110001"":5,""01111010"":17,""11111010"":11,""11000010"":15,""00000011"":15,""01010101"":31,""01110010"":17,""11010011"":5,""10111010"":6,""01001010"":99,""00111010"":7,""11100011"":12,""01010010"":27,""11010000"":3,""10010110"":1,""00110101"":9,""11010111"":2,""00100010"":9,""01001110"":65,""01110011"":34,""10110110"":3,""00000110"":10,""00101001"":13,""00110100"":3,""00110010"":5,""10000111"":11,""01001101"":88,""00010101"":3,""01001000"":52,""11100001"":5,""10011000"":3,""01001001"":82,""10101111"":13,""11100111"":9,""10000010"":12,""10110100"":3,""00110000"":4,""00001001"":12,""10100101"":9,""01011011"":58,""01111110"":8,""01001100"":57,""11001100"":4,""01011111"":35,""01101101"":30,""10001011"":18,""11011011"":7,""01101100"":15,""00101011"":32,""00011001"":7,""00001101"":11,""00111101"":7,""01011110"":17,""00001100"":7,""00101101"":12,""01101010"":43,""01101000"":14,""11001101"":8,""11111110"":4,""00101111"":9,""00101010"":12,""01111001"":13,""01101110"":11,""00001010"":8,""01101111"":19,""10101010"":26,""00111011"":20,""11101111"":5,""10001010"":8,""10001111"":15,""01011001"":33,""10101001"":13,""11111100"":3,""10101000"":11,""11000101"":24,""01111011"":32,""11110000"":1,""00001011"":14,""00000001"":8,""11110011"":5,""11000000"":5,""00100110"":7,""10100111"":4,""00100111"":14,""00110001"":8,""10110011"":8,""10111111"":6,""01110000"":4,""10010001"":1,""11100010"":7,""00101000"":12,""00010000"":2,""11001001"":10,""11010100"":3,""01110100"":6,""11001010"":10,""11010110"":1,""10010010"":3,""11110110"":2,""00010011"":8,""11110100"":2,""10000100"":5,""11100000"":4,""11110001"":3,""11100101"":5,""10011111"":8,""11001111"":9,""01011000"":20,""00101110"":12,""11101000"":1,""11101011"":13,""01111000"":12,""01111101"":6,""00101100"":12,""10011010"":4,""11011010"":3,""10101101"":10,""01011100"":21,""11011110"":1,""00111000"":9,""10111101"":7,""00001110"":3,""10111110"":3,""10111000"":5,""00011011"":6,""01011101"":16,""00011100"":1,""00001111"":3,""10001001"":13,""11001011"":19,""11101010"":6,""10001101"":7,""00011101"":3,""10001100"":9,""11111101"":2,""10011011"":7,""11101100"":4,""11001000"":8,""01111100"":8,""10001110"":4,""11100110"":3,""11110101"":3,""00111100"":6,""10011100"":6,""00000000"":5,""01110110"":2,""11010001"":5,""00001000"":6,""11011000"":4,""00111110"":2,""11011101"":1,""11111011"":4,""11101101"":7,""10011101"":2,""11101110"":2,""10011001"":2,""11111111"":4,""10101100"":6,""10010000"":1,""10100110"":2,""10111100"":1,""00011010"":1,""11010101"":1,""11101001"":3,""10101110"":2,""10010100"":1,""00010100"":2,""10011110"":1,""11011001"":2,""11001110"":2,""00011111"":1,""00010111"":1,""11011100"":1}"
31,x,4000,0.534,0.6585,0.10899999999999999,-0.0035000000000000586,0.505,0.05300000000000005,-0.19700000000000006,-0.756,"{""01000000"":23,""10101000"":102,""11000100"":138,""10000100"":75,""11010110"":1,""10010000"":20,""01100000"":20,""10100100"":102,""10110000"":33,""01100101"":2,""10100010"":11,""10000000"":106,""11110000"":45,""10110001"":17,""11100100"":132,""11100000"":93,""11001100"":122,""11000000"":131,""11110100"":39,""11001000"":188,""11010000"":38,""11100001"":31,""10110010"":12,""10110100"":36,""11011000"":51,""11010010"":5,""01000101"":5,""01100100"":12,""10101100"":86,""11101110"":14,""11100111"":11,""10100000"":90,""01000010"":10,""00000010"":4,""10010100"":23,""11100010"":25,""10101101"":18,""10100101"":33,""10100001"":25,""10000110"":11,""11001010"":36,""01110000"":4,""11010100"":37,""11000110"":25,""10000010"":16,""00001000"":13,""01010001"":2,""01000011"":5,""11000010"":34,""11001110"":18,""11100101"":25,""11100011"":7,""11100110"":17,""00010101"":1,""11101101"":25,""11000001"":56,""11000101"":35,""01000100"":22,""10010101"":11,""10011000"":18,""00000000"":9,""00100100"":9,""10000001"":24,""11000011"":18,""01001001"":12,""10111000"":42,""11010001"":10,""11110001"":11,""11110101"":13,""01011101"":4,""10001000"":113,""11101000"":124,""10010011"":2,""11001111"":9,""01100001"":3,""11101100"":67,""11000111"":13,""10000111"":5,""10000101"":24,""01010100"":6,""00101011"":1,""11110010"":5,""00001100"":11,""10011010"":7,""10011011"":4,""10101010"":26,""11111100"":49,""11011010"":12,""10001010"":19,""10111001"":15,""01101000"":19,""01001100"":26,""10011100"":15,""10001100"":73,""11011100"":38,""11001001"":51,""11111101"":14,""11101010"":29,""10011101"":11,""11101001"":30,""11001011"":12,""10111101"":4,""10101001"":20,""01001011"":4,""11001101"":27,""01101100"":13,""10001111"":8,""10111111"":4,""01011011"":1,""00011000"":3,""11101011"":10,""11111000"":42,""11011111"":8,""11110111"":4,""11010101"":5,""10000011"":10,""10010111"":2,""00010111"":1,""11010011"":4,""10110101"":14,""01100011"":6,""10100111"":4,""10100110"":12,""00101000"":8,""00000100"":6,""00110010"":3,""10110110"":4,""01001111"":1,""11111001"":10,""01001000"":39,""00100011"":2,""00100110"":2,""00110111"":1,""01010010"":3,""01000001"":5,""10111011"":3,""01110100"":6,""10100011"":7,""00001001"":1,""11110110"":4,""01100010"":1,""11010111"":4,""01111100"":5,""01010000"":5,""11111110"":7,""01010111"":2,""01000110"":4,""00000110"":1,""10110011"":5,""11011001"":7,""10010001"":8,""11110011"":7,""00000001"":7,""00110000"":4,""00100001"":1,""10001001"":24,""01110001"":1,""10111100"":33,""11011101"":11,""01111001"":2,""10111010"":10,""10001101"":12,""01110101"":3,""01001101"":4,""10101111"":5,""00011101"":1,""01101010"":4,""01101101"":3,""01101001"":4,""10001110"":11,""00100010"":2,""00100000"":5,""01111000"":8,""00011110"":1,""01101011"":2,""00001011"":2,""00101100"":3,""10111110"":5,""10101110"":8,""11101111"":5,""00101101"":5,""10011001"":6,""00111000"":8,""00011011"":1,""11011110"":2,""00001101"":4,""01011100"":8,""10001011"":5,""00111101"":1,""01011000"":5,""11111010"":3,""11111011"":4,""10101011"":2,""00111110"":2,""10011110"":4,""11111111"":1,""01011001"":2,""01111010"":5,""00001010"":1,""00100101"":1,""10010110"":1,""10010010"":1,""01110110"":1,""00010100"":2,""00110100"":3,""01011110"":1,""01011111"":1,""00101110"":2,""10011111"":3,""00000101"":3,""00110101"":1,""01110010"":1,""01100111"":2,""00010000"":1,""01110111"":1,""00100111"":1,""00011100"":1,""11011011"":3,""01001110"":3,""01111110"":2,""01001010"":4,""00111100"":2,""01011010"":2,""01101110"":1,""00000011"":1,""01111101"":2,""00111011"":1,""00011010"":1,""00111010"":1,""00101010"":1}"
32,x,4000,-0.488,-0.04899999999999993,-0.09499999999999997,0.025000000000000022,0.2835,0.613,-0.22399999999999998,0.42500000000000004,"{""01100110"":5,""01010010"":28,""01000101"":156,""00000011"":44,""00000110"":13,""10010010"":12,""11000011"":11,""01001100"":52,""10010111"":24,""10000110"":15,""01110101"":21,""01000100"":46,""00110011"":19,""11100111"":9,""10010100"":12,""00000101"":47,""10000010"":17,""10111101"":11,""00110101"":11,""01010011"":62,""11010101"":15,""01000000"":35,""10001111"":43,""11100011"":5,""00000001"":21,""11000001"":6,""01000011"":114,""01110111"":13,""10000000"":14,""10000011"":53,""11010011"":14,""01000001"":56,""10011100"":9,""01110110"":2,""00000010"":15,""10110101"":8,""10000111"":38,""01000111"":126,""11000100"":6,""00010011"":19,""01010110"":15,""00110111"":7,""10000101"":52,""11000111"":9,""11000101"":14,""11010100"":4,""01010101"":79,""10010011"":19,""00110010"":9,""10010101"":23,""01001101"":143,""11010010"":2,""00010110"":2,""11100100"":1,""00001100"":9,""01101001"":12,""01100101"":21,""01100001"":8,""11000000"":6,""01110011"":18,""00010101"":15,""01100011"":23,""00000100"":28,""10001001"":23,""00010000"":2,""01010111"":56,""01000110"":37,""01100111"":24,""01010100"":28,""11001111"":13,""01001111"":107,""10110011"":13,""01000010"":41,""01010001"":31,""01111101"":21,""01001110"":29,""10100000"":1,""10000001"":23,""01010000"":22,""00100111"":6,""11110011"":4,""11100101"":10,""10011011"":29,""01011100"":22,""10100011"":3,""10001010"":18,""00000111"":40,""00110001"":8,""01001001"":74,""00100101"":10,""01011011"":53,""11010111"":9,""10100111"":9,""10111111"":11,""11001110"":7,""10110111"":8,""01111001"":7,""11101010"":1,""00011111"":13,""11101001"":5,""00011100"":7,""11011011"":14,""10001101"":44,""01001010"":34,""00010111"":13,""01001000"":25,""01011101"":67,""10001000"":14,""01011111"":44,""00001010"":12,""10111100"":1,""01011110"":10,""10000100"":21,""00111010"":6,""10001011"":53,""10001100"":24,""01111111"":12,""00001001"":38,""11011000"":2,""01011000"":12,""01001011"":128,""01011010"":18,""00001101"":32,""01101011"":19,""11101011"":9,""01111000"":7,""01101101"":15,""00011011"":20,""10011111"":27,""00101111"":4,""10111010"":2,""01111011"":21,""11011101"":10,""00111011"":16,""11001011"":18,""00011101"":18,""11101100"":3,""00001011"":44,""11100010"":1,""00101011"":7,""11101101"":11,""00111111"":5,""01111100"":8,""00001111"":30,""01101110"":6,""11001101"":12,""01101111"":22,""10011101"":23,""00001000"":11,""10101101"":8,""11001100"":3,""10111011"":13,""11011111"":8,""11011100"":2,""11001001"":11,""11101110"":4,""01011001"":31,""00111101"":11,""11111111"":1,""01111010"":3,""10011000"":3,""10011001"":9,""00111001"":8,""00001110"":8,""00101001"":6,""00111000"":4,""01101010"":5,""11111001"":3,""10111000"":3,""01110010"":5,""00011010"":3,""00100000"":3,""01100100"":10,""10110010"":3,""01110000"":5,""11100110"":2,""11010000"":2,""10100010"":1,""11000110"":1,""11100001"":2,""00010100"":8,""01100000"":9,""10110001"":9,""00110000"":4,""01101100"":7,""10011010"":10,""11110001"":1,""10101001"":2,""00011110"":5,""10001110"":10,""10111110"":1,""00011001"":5,""00101010"":4,""10101000"":2,""11011001"":2,""11111101"":3,""00101100"":2,""00111110"":2,""11110101"":2,""10100101"":4,""11101111"":6,""01101000"":6,""11111011"":4,""10101011"":8,""11011010"":3,""11001010"":4,""10100001"":2,""00100001"":2,""11110100"":1,""10110110"":4,""01110100"":2,""00100100"":5,""00100011"":3,""00010010"":7,""00100110"":1,""10010000"":4,""01111110"":5,""11000010"":4,""11100000"":3,""10010001"":8,""11010001"":4,""10110000"":4,""00110110"":3,""01110001"":5,""00000000"":6,""11111110"":2,""11001000"":3,""10111001"":9,""10100110"":2,""00010001"":7,""10100100"":1,""10010110"":4,""10110100"":2,""10101111"":2,""11101000"":1,""10101110"":4,""00111100"":2,""00101101"":2,""10101010"":1,""10011110"":3,""01100010"":3,""00101000"":1,""11110010"":1,""11111100"":1,""00011000"":2,""11111010"":1,""11011110"":1,""00110100"":2,""00100010"":2}"
33,x,4000,0.14100000000000001,0.6739999999999999,0.04349999999999998,-0.006000000000000005,0.01749999999999996,-0.131,0.11350000000000005,-0.5765,"{""10111100"":60,""00111100"":14,""10010000"":37,""10111001"":53,""11011011"":7,""11101100"":67,""10101100"":49,""10110101"":52,""00001101"":8,""10011100"":37,""11011000"":48,""10101101"":38,""11110000"":45,""10101010"":13,""11101110"":7,""10111010"":14,""11101000"":80,""10011001"":25,""10111111"":7,""11011001"":22,""11101001"":49,""00011101"":13,""10001001"":50,""10011000"":27,""10101000"":45,""10111000"":71,""11011100"":37,""11111100"":27,""11011110"":7,""10111101"":50,""01001101"":8,""10101001"":43,""01010101"":19,""00001100"":9,""10010100"":30,""11100000"":61,""11001001"":23,""11111000"":42,""11101101"":53,""10001101"":47,""00101100"":14,""11010100"":56,""10001111"":13,""00101000"":43,""11010001"":30,""01011101"":14,""10100010"":13,""10001110"":11,""01011000"":24,""11111101"":22,""11001100"":23,""10001000"":59,""10001100"":44,""10100100"":37,""00101101"":18,""11011010"":14,""01111110"":1,""01101000"":9,""11001010"":7,""11001011"":8,""10000000"":52,""11000110"":3,""11011101"":31,""01111000"":8,""01111100"":9,""00011001"":11,""00000000"":8,""10000010"":16,""11100001"":48,""00010100"":13,""10110000"":61,""11000001"":16,""00110001"":5,""11110100"":40,""10100000"":35,""10100001"":41,""00000100"":6,""11010111"":7,""01000100"":10,""11010101"":34,""00000001"":5,""11100101"":34,""11100011"":10,""01100100"":8,""10000101"":57,""00100011"":4,""10100011"":10,""11100100"":53,""00000010"":2,""00100100"":23,""11110101"":41,""10110100"":87,""11000000"":27,""10110001"":50,""01000000"":10,""11010000"":34,""01100000"":14,""10100101"":34,""00100111"":2,""01010000"":17,""10000100"":66,""11000100"":14,""01010100"":20,""11101010"":15,""11010110"":13,""01010010"":4,""11000101"":12,""10110011"":15,""01100001"":13,""11010010"":12,""00100000"":26,""10010101"":22,""10000001"":39,""00000101"":4,""11100010"":26,""10001011"":10,""00011000"":14,""01110011"":2,""10100110"":12,""00101010"":8,""00111001"":11,""00101001"":31,""11111001"":42,""11101011"":6,""01001100"":12,""01011110"":4,""10011101"":31,""10101011"":10,""00101110"":1,""00111010"":3,""01101001"":13,""11011111"":8,""00110101"":13,""00001001"":4,""10111110"":10,""10011110"":3,""10011111"":6,""01001110"":2,""00011010"":5,""11001000"":21,""01100101"":10,""10010010"":10,""01110001"":2,""00010000"":15,""00100110"":8,""01110100"":9,""10110111"":7,""11100111"":5,""10000111"":13,""11110110"":6,""11000010"":6,""10010110"":5,""11111010"":3,""00110100"":16,""01101100"":10,""10101111"":3,""10110010"":10,""00100010"":7,""11000011"":5,""10100111"":3,""01000001"":4,""00110000"":9,""11110001"":22,""10110110"":17,""10010011"":3,""01010001"":8,""00010010"":2,""01000101"":6,""01001000"":3,""11111110"":5,""10001010"":15,""10011011"":4,""01011001"":11,""10111011"":10,""00011100"":8,""00111000"":7,""11001101"":14,""00001000"":6,""01001010"":3,""00111111"":1,""01011100"":22,""01110101"":7,""00111011"":2,""00010001"":11,""10000011"":9,""00100001"":9,""10010001"":29,""00100101"":10,""10000110"":8,""01000110"":1,""00010101"":13,""11110111"":2,""11111011"":8,""01110000"":4,""11100110"":6,""01010111"":1,""01100011"":4,""01010011"":4,""11010011"":6,""01011111"":2,""11001110"":4,""01010110"":2,""00110011"":1,""00110110"":2,""01110110"":2,""10011010"":8,""01111001"":4,""11101111"":3,""11110010"":10,""01000111"":1,""01100111"":1,""00000011"":2,""00111101"":8,""00011011"":3,""11000111"":4,""11110011"":6,""00101111"":3,""01110010"":4,""00010111"":1,""11001111"":2,""00110010"":2,""01101101"":4,""01111011"":1,""11111111"":3,""10101110"":3,""00011110"":3,""01101110"":1,""00001010"":2,""01011010"":3,""10010111"":2,""01101011"":2,""01111101"":4,""01001011"":3,""01100010"":3,""01011011"":2,""01001001"":1,""00011111"":1,""01000010"":1,""00010110"":1,""00001110"":1,""00101011"":2,""00000111"":1,""00001111"":1}"
34,x,4000,0.353,0.6045,0.21350000000000002,0.027000000000000024,0.26449999999999996,0.733,0.10499999999999998,-0.12650000000000006,"{""10000101"":18,""00010000"":87,""10000011"":13,""00000101"":41,""10010001"":25,""00010100"":49,""11010100"":49,""00000000"":147,""10000111"":22,""11010101"":30,""11000000"":131,""00000001"":70,""00010101"":30,""11010000"":63,""11000011"":25,""10000000"":75,""00001000"":166,""01001000"":37,""00001001"":61,""11100100"":23,""11010010"":26,""11100101"":6,""11000101"":36,""11010011"":11,""11000001"":55,""11011100"":48,""10000001"":37,""00100100"":7,""00100000"":9,""10010101"":19,""11010001"":33,""11010111"":11,""00000100"":96,""01110001"":6,""11000111"":21,""10000100"":44,""00000110"":18,""11001000"":146,""11110000"":24,""11000100"":84,""00010011"":14,""11100000"":28,""00000011"":12,""00010001"":35,""00010010"":18,""01000101"":10,""10010000"":39,""11110100"":9,""01010001"":7,""00000111"":25,""00001101"":28,""00010111"":11,""00001011"":23,""10011100"":23,""11110010"":1,""11100001"":14,""00011100"":65,""00000010"":26,""11001100"":79,""10011110"":4,""11101001"":6,""11001101"":37,""10011000"":38,""11101000"":27,""10001000"":89,""11001010"":28,""01001100"":15,""10101001"":2,""10001100"":52,""00001010"":26,""10001011"":10,""10101101"":2,""10001110"":12,""11011110"":15,""11101011"":1,""10000010"":14,""10001010"":15,""00011010"":14,""11111011"":2,""10001001"":42,""00011101"":21,""01011101"":7,""01111001"":7,""00001100"":83,""11111000"":26,""11011000"":67,""10111011"":2,""00101000"":16,""11101100"":20,""11101101"":7,""01011001"":1,""00011000"":62,""00011110"":8,""01111010"":3,""00001111"":15,""01111000"":8,""01010000"":17,""01000100"":17,""00001110"":15,""10110000"":7,""11011011"":10,""11011010"":15,""10001101"":14,""00011001"":24,""11001011"":15,""11100010"":11,""00111000"":9,""01101001"":5,""10010100"":27,""11001001"":45,""01001101"":4,""11000010"":18,""11101110"":5,""01011100"":10,""01001001"":9,""10001111"":10,""11011001"":23,""10101100"":5,""00111010"":1,""01100000"":6,""10011010"":10,""10100000"":8,""00100001"":5,""00110110"":1,""10000110"":10,""11110101"":2,""01000001"":6,""10010110"":13,""01000110"":2,""11100111"":3,""01100100"":8,""01001011"":1,""10111010"":2,""01110000"":5,""01010111"":2,""11111100"":8,""10111000"":6,""10011111"":3,""11111001"":12,""00100011"":1,""10011101"":8,""01101100"":6,""00011111"":11,""01011110"":3,""00011011"":13,""01011010"":6,""11001110"":13,""11011111"":6,""10111100"":5,""01001010"":5,""10111110"":2,""00111001"":3,""00110101"":3,""01001111"":3,""11101111"":5,""10101000"":6,""01001110"":2,""11011101"":28,""01011000"":12,""11111010"":3,""00111100"":1,""00101111"":5,""00111101"":3,""10011001"":14,""11001111"":5,""01010110"":6,""01101011"":3,""10110100"":4,""00101010"":3,""00101001"":4,""11101010"":5,""01101000"":3,""01111110"":2,""01010101"":5,""00101011"":1,""11111110"":4,""01111100"":4,""00111110"":2,""10011011"":2,""01111101"":2,""00110000"":9,""00101101"":1,""11110110"":2,""11010110"":7,""11000110"":4,""00110011"":1,""11110001"":13,""01100101"":4,""01000000"":28,""10010011"":6,""11100011"":2,""11100110"":4,""01000010"":7,""10010010"":9,""01010010"":2,""10100101"":4,""01100110"":3,""01010011"":2,""10010111"":3,""01010100"":10,""00100110"":1,""00010110"":6,""01110100"":4,""10110001"":2,""00100101"":1,""00110111"":1,""11110011"":3,""01100010"":1,""01000011"":4,""10100001"":2,""10100010"":1,""00101100"":2,""11111101"":1,""10100100"":4,""00110010"":2,""00101110"":1,""10101111"":2,""10111101"":2,""01101111"":2,""10101011"":1,""10101110"":1,""01100001"":1,""01110110"":1,""10110110"":1,""00100111"":1,""10111001"":1,""00110001"":3,""01011111"":1,""01110010"":2,""00100010"":1,""01101110"":1,""01000111"":1}"
35,x,4000,-0.5289999999999999,0.47850000000000004,0.279,-0.014499999999999957,-0.04899999999999993,0.04500000000000004,0.0024999999999999467,-0.10050000000000003,"{""00000110"":5,""00000101"":56,""01111011"":64,""10010001"":120,""00001001"":54,""01110010"":15,""11110101"":19,""11100001"":43,""01010101"":10,""01110000"":34,""10100011"":27,""11000001"":44,""00100000"":10,""01110101"":87,""10000101"":31,""00000100"":16,""00100001"":36,""11110000"":16,""01100001"":33,""11100100"":16,""11000100"":14,""10010000"":37,""00000001"":62,""00111011"":5,""01010011"":9,""01110001"":101,""01000000"":3,""10110011"":7,""00000011"":34,""00010000"":4,""01000101"":14,""11100011"":14,""10000000"":12,""10010100"":26,""11101101"":22,""01110100"":28,""11011001"":26,""00010001"":26,""01110011"":42,""10110001"":29,""10010011"":54,""10010111"":14,""11110001"":33,""00100101"":15,""01010111"":6,""11100110"":3,""01000100"":2,""01100100"":6,""01001000"":5,""10000001"":48,""10010101"":73,""10001000"":13,""10100001"":42,""11000110"":5,""10110101"":12,""11110100"":4,""10101101"":23,""11000000"":21,""10110000"":6,""11010001"":27,""11110111"":4,""10111101"":14,""10001001"":59,""01111101"":90,""01000001"":20,""11100010"":7,""01100000"":12,""10001101"":27,""00110011"":4,""01111001"":100,""01110111"":10,""11100101"":21,""10100000"":17,""10010010"":12,""01010000"":7,""01100101"":18,""00110000"":4,""00010011"":10,""11010101"":21,""10100101"":12,""00010101"":10,""00001011"":34,""10011011"":46,""01111000"":32,""01111111"":25,""00111001"":9,""11011101"":20,""00000000"":14,""01010001"":18,""10011101"":74,""10101011"":17,""00110001"":6,""10000011"":19,""01011100"":6,""10001010"":5,""11111000"":14,""01111010"":13,""00001101"":28,""10011100"":25,""10100010"":2,""11111101"":27,""01101001"":34,""10101001"":53,""11000011"":25,""00100011"":19,""11001101"":44,""10000111"":6,""10110100"":5,""01000010"":5,""10001110"":4,""10000100"":9,""11010100"":6,""10010110"":8,""10110010"":1,""11000101"":26,""11001000"":21,""11110011"":18,""10011001"":100,""00100100"":5,""01011001"":9,""11101011"":24,""01000011"":8,""10110111"":4,""11111011"":19,""01010100"":6,""00100111"":4,""11010011"":10,""00010111"":1,""11000111"":3,""11111111"":4,""11101001"":36,""11001011"":25,""11101100"":13,""00101001"":39,""01111100"":25,""00011100"":8,""00101011"":11,""10001111"":7,""01001010"":3,""11001111"":7,""10001011"":24,""10111100"":3,""01001001"":15,""00001000"":17,""11111001"":36,""00101111"":5,""11001001"":46,""00011001"":22,""11011100"":7,""10111111"":3,""10011000"":29,""10101000"":12,""11001110"":3,""00011011"":10,""11101000"":15,""01101111"":9,""10011110"":6,""00101010"":3,""01011000"":6,""01011010"":4,""10011111"":14,""10111011"":11,""01001101"":18,""11010111"":6,""00110010"":2,""10100111"":2,""00000010"":10,""00110111"":2,""10000110"":1,""11100000"":11,""00111101"":6,""01100010"":3,""00011101"":8,""10100100"":5,""01100110"":3,""01110110"":5,""11110010"":4,""11000010"":4,""11010000"":4,""00001100"":12,""11001100"":18,""10000010"":3,""01101101"":21,""01011011"":9,""01011101"":17,""00101101"":18,""10001100"":9,""01001011"":8,""00101100"":5,""10011010"":13,""11011011"":13,""01101011"":9,""01100011"":12,""01101000"":7,""01101010"":3,""10101111"":9,""10111001"":23,""00001111"":11,""00001010"":6,""11111100"":9,""01101110"":4,""11011111"":5,""01101100"":3,""11001010"":5,""00101000"":20,""00011010"":4,""01001111"":3,""00101110"":1,""10111000"":2,""10101100"":5,""00111100"":3,""01111110"":7,""01000111"":1,""00000111"":2,""00011111"":4,""11111010"":2,""00111000"":4,""01001100"":3,""00111111"":3,""00001110"":2,""11111110"":2,""01011110"":1,""00110100"":3,""11011000"":7,""11101010"":6,""11010010"":3,""00100010"":3,""00010010"":2,""10100110"":2,""00011000"":3,""00110101"":2,""00100110"":2,""01100111"":1,""01011111"":3,""11110110"":2,""10111010"":3,""11100111"":3,""11101111"":3,""10101010"":2,""11101110"":2,""11011010"":1,""11011110"":1}"
36,x,4000,-0.02849999999999997,-0.08499999999999996,0.28900000000000003,-0.016999999999999904,-0.272,0.132,-0.33099999999999996,0.495,"{""01000000"":42,""10001011"":19,""11110010"":14,""01110011"":95,""01110001"":50,""01110010"":85,""00110000"":33,""01110111"":27,""00010011"":16,""00110110"":9,""10010011"":33,""01110100"":39,""10010000"":17,""10010101"":15,""01110101"":33,""01010111"":22,""01100001"":10,""11000110"":9,""01000111"":30,""11111100"":9,""01010100"":21,""11010010"":9,""00010010"":16,""00111100"":16,""00110010"":32,""10000000"":10,""00100000"":12,""01010101"":21,""11101010"":7,""01111010"":92,""10010001"":24,""01110110"":20,""11010011"":8,""00000100"":9,""00110011"":50,""10011000"":18,""01010011"":58,""01000110"":20,""01000001"":42,""00010111"":8,""11010101"":11,""00001100"":5,""10001010"":12,""01000011"":65,""01000010"":46,""01010010"":61,""00000011"":10,""01000101"":37,""11011011"":14,""01110000"":55,""11010100"":7,""10111101"":2,""10000011"":15,""11011110"":4,""11010000"":10,""11110100"":6,""00100010"":5,""01000100"":41,""00110001"":41,""01011101"":34,""00110100"":13,""01111011"":73,""10010010"":25,""00100101"":8,""01100110"":13,""00010100"":11,""01111000"":53,""00111011"":50,""00111000"":43,""01001101"":36,""01001001"":46,""10101010"":5,""11001101"":8,""01001011"":66,""01001100"":50,""01001111"":49,""01011011"":63,""01010000"":36,""01111101"":31,""11001000"":10,""01011010"":47,""01111001"":54,""01101011"":18,""01100011"":18,""11011000"":7,""11100011"":5,""01111111"":31,""10001100"":9,""11010111"":4,""01111100"":35,""01001110"":25,""11011101"":6,""00010001"":10,""00011010"":15,""11111011"":8,""01001010"":50,""01011001"":29,""00011110"":9,""01011110"":21,""10001001"":8,""10011010"":33,""01011111"":25,""01011100"":23,""11011010"":18,""10011110"":17,""01001000"":40,""01011000"":28,""11111010"":10,""11110001"":13,""00010110"":3,""10000010"":21,""11010001"":12,""10010100"":13,""11100110"":3,""01100010"":17,""10000110"":5,""00110111"":14,""01010110"":18,""11111001"":8,""00100100"":4,""00000110"":6,""10011011"":34,""11001110"":7,""10100001"":6,""10010111"":12,""11000100"":8,""00011100"":14,""00000001"":2,""11110101"":3,""10110011"":2,""00000010"":10,""10010110"":10,""11100111"":1,""10000001"":10,""00100011"":10,""10000101"":9,""10100010"":7,""11001111"":8,""11000000"":13,""11000011"":11,""00011001"":11,""00101000"":9,""01010001"":35,""10001000"":8,""00110101"":23,""00111101"":21,""10110110"":2,""00111111"":11,""10110111"":2,""10100011"":1,""11000001"":11,""00010000"":5,""00100110"":2,""00000101"":6,""00100111"":5,""01100111"":8,""11000101"":7,""10000100"":9,""01100100"":10,""10100000"":5,""01100000"":9,""10011101"":22,""11110110"":2,""00100001"":5,""10011100"":29,""11011001"":8,""10101011"":5,""00111010"":29,""10011111"":22,""00011011"":19,""11111111"":8,""01101111"":10,""11011111"":7,""11001010"":16,""10011001"":14,""10001101"":6,""00011000"":17,""01111110"":22,""01101001"":11,""00101110"":5,""01101101"":15,""01101110"":10,""00101001"":7,""00001001"":3,""01101000"":14,""10101110"":4,""00001000"":6,""00000111"":6,""01101010"":16,""00000000"":3,""11001001"":8,""10001110"":4,""11011100"":6,""00001111"":8,""10101001"":6,""10101100"":1,""00111001"":20,""11001011"":16,""00011111"":7,""00101011"":7,""00111110"":16,""00001011"":5,""11101110"":3,""10111011"":4,""00001010"":10,""11111000"":7,""10001111"":4,""00011101"":5,""10111100"":1,""10111000"":4,""11100101"":3,""00001110"":3,""11000111"":5,""11100010"":4,""11100000"":4,""11110111"":5,""10100111"":2,""11111110"":3,""11101011"":3,""01100101"":9,""00010101"":4,""01101100"":5,""11111101"":4,""11101100"":1,""11001100"":7,""10101000"":3,""10101101"":2,""00101111"":1,""10111111"":1,""00101101"":5,""10100100"":1,""11000010"":10,""11110000"":5,""11110011"":14,""11101101"":2,""11010110"":3,""10110010"":2,""11100100"":1,""10100101"":1,""00101100"":3,""00101010"":4,""11101111"":1,""10111110"":2,""10101111"":2,""11101001"":2,""10110001"":1,""10111010"":1,""10110000"":1}"
37,x,4000,0.44899999999999995,-0.08499999999999996,-0.23750000000000004,0.022499999999999964,-0.4245000000000001,0.09899999999999998,-0.647,-0.14850000000000008,"{""10110110"":23,""01100100"":10,""01110010"":69,""11110101"":43,""01010100"":58,""10000100"":8,""11000100"":42,""11100100"":17,""11010110"":73,""01000110"":23,""01110111"":28,""01110100"":53,""11110110"":72,""01010010"":48,""01000000"":11,""01010111"":16,""01010101"":28,""01110000"":37,""11010000"":40,""11010001"":12,""11010011"":14,""01010110"":66,""01110110"":74,""11010010"":60,""11000010"":35,""00010110"":13,""01111101"":39,""01100110"":17,""10010110"":19,""00010100"":8,""11010100"":57,""10011000"":13,""10110000"":6,""01100010"":23,""01000100"":23,""01010000"":34,""11101110"":19,""10110001"":1,""11111110"":66,""11110100"":72,""10010100"":24,""11000101"":11,""11000011"":10,""01110101"":24,""01000011"":3,""11110010"":80,""11100000"":13,""11001100"":40,""10010010"":29,""11101100"":15,""11100010"":23,""10000010"":7,""11110000"":29,""01000010"":20,""11110011"":16,""10000101"":3,""10100010"":5,""01100000"":14,""01011011"":13,""10100100"":5,""11010101"":33,""11000110"":48,""00110110"":4,""01001110"":23,""10110010"":15,""00010000"":9,""01100001"":4,""11111010"":47,""11011110"":58,""00000111"":1,""01011001"":12,""10010001"":4,""01100111"":9,""00011101"":6,""10000001"":2,""11100111"":3,""01011110"":50,""11110111"":20,""01100101"":6,""01110011"":8,""00110101"":5,""01101110"":11,""10010000"":13,""01000111"":4,""11000000"":24,""01111110"":74,""01111100"":57,""11010111"":20,""01011010"":38,""10110100"":11,""01011100"":56,""01011101"":32,""10110111"":7,""10010111"":10,""10110101"":14,""01111000"":20,""11101010"":9,""01001111"":13,""11111111"":25,""10011110"":36,""11001010"":33,""11011101"":29,""11111000"":29,""11001001"":8,""00001110"":6,""11011010"":56,""10011101"":19,""00011100"":15,""10111110"":17,""01111001"":14,""11111100"":63,""00001000"":3,""10011011"":8,""11001101"":28,""10011010"":22,""11011100"":54,""01111010"":45,""01001001"":5,""11111101"":29,""10011100"":18,""10111011"":4,""11011000"":21,""10111100"":12,""01111011"":14,""01001100"":30,""00011110"":8,""11011111"":30,""11101101"":15,""10001111"":2,""01111111"":21,""11001011"":19,""01101010"":16,""11011001"":16,""11011011"":6,""01001101"":16,""01101101"":11,""11001000"":20,""01001010"":23,""00111110"":9,""10001110"":12,""00011010"":9,""11001110"":53,""01101111"":7,""01101100"":25,""10011111"":13,""00001010"":2,""11101111"":6,""10001010"":6,""10111010"":11,""11111001"":12,""00101101"":1,""01011000"":26,""11111011"":23,""11101011"":4,""00111100"":3,""11110001"":15,""00011000"":3,""01000001"":8,""11001111"":10,""10101100"":3,""00101100"":1,""00001011"":2,""10001100"":8,""01101011"":7,""01001011"":6,""01011111"":17,""10101110"":5,""00001100"":6,""01010001"":10,""10111111"":7,""01101000"":14,""01100011"":1,""10111101"":12,""10001011"":2,""00101000"":4,""10101001"":3,""00101011"":1,""01001000"":12,""11100110"":21,""00011111"":4,""11101000"":7,""10111000"":3,""00101010"":1,""00111000"":2,""10011001"":4,""10010011"":5,""10000110"":6,""00010010"":10,""00000100"":5,""10000000"":5,""01000101"":8,""10100111"":2,""00000110"":6,""01110001"":5,""11100001"":4,""11000111"":16,""10001101"":6,""01010011"":12,""10010101"":8,""10001000"":4,""10101010"":1,""00100110"":1,""10000011"":3,""10000111"":2,""11100011"":1,""00000010"":7,""11000001"":5,""00010101"":5,""00010111"":6,""10110011"":3,""10100110"":5,""00000011"":2,""00010011"":3,""00110010"":2,""11100101"":10,""00110111"":1,""10100101"":2,""01101001"":3,""10111001"":2,""00001111"":1,""00110100"":3,""00000000"":3,""00100010"":2,""00001101"":2,""00101110"":2,""00011001"":3,""00011011"":1,""11101001"":1,""10101101"":2,""00111111"":1,""10101111"":2,""10100000"":2,""00111001"":1,""00010001"":3,""10100001"":1,""00100100"":1,""00100101"":1,""00110011"":1}"
38,x,4000,0.5245,0.625,0.19199999999999995,0.020499999999999963,0.4345,0.7484999999999999,0.5935,0.07999999999999996,"{""00010000"":79,""10000000"":188,""00011000"":70,""10001100"":135,""10001000"":195,""10001101"":52,""00000000"":224,""00001100"":150,""00001000"":224,""00001101"":47,""10010001"":19,""11001000"":15,""00011001"":21,""01001000"":52,""11001100"":20,""10011010"":16,""01001100"":30,""00011100"":48,""00011101"":12,""11111001"":8,""10011000"":62,""10001010"":37,""00001010"":45,""00001001"":56,""10011001"":12,""10000100"":165,""01001001"":13,""11001001"":13,""01011101"":3,""01111000"":17,""10001001"":42,""00011111"":7,""00101000"":11,""00011110"":9,""01011100"":9,""01001110"":3,""10011100"":35,""01111110"":2,""10001011"":19,""11010000"":11,""01101001"":2,""10011101"":12,""01001010"":10,""11011100"":7,""01011001"":8,""11001011"":5,""00001110"":21,""10001110"":19,""11101010"":2,""11111000"":16,""10111000"":10,""00001011"":31,""11111110"":4,""00110110"":3,""00111100"":8,""11000100"":14,""00000010"":48,""01000100"":40,""10010010"":16,""00000100"":162,""00110001"":7,""10000001"":57,""01000010"":13,""00010101"":8,""10010100"":33,""00000101"":48,""01000000"":45,""10010000"":70,""10000010"":46,""01100100"":13,""00010011"":7,""01000101"":9,""00010100"":46,""00000111"":14,""10000110"":29,""00000001"":56,""00000110"":23,""01010000"":25,""10000101"":40,""10100000"":15,""11100000"":11,""10110000"":6,""01110001"":6,""11000000"":24,""10110110"":2,""00010110"":12,""10000111"":16,""11010001"":4,""00000011"":14,""10010011"":5,""10100011"":2,""10100100"":9,""11110000"":22,""01000110"":10,""00100100"":8,""11100100"":11,""10110010"":3,""01010010"":6,""01100000"":12,""11010100"":6,""00110100"":8,""00100000"":10,""11010110"":1,""01000001"":15,""01010101"":3,""10100001"":4,""10010101"":11,""00110010"":4,""11101011"":2,""10111011"":2,""11101100"":11,""11100001"":4,""00011010"":16,""00111000"":20,""10101100"":8,""11011000"":10,""01101000"":8,""01011000"":20,""10011011"":9,""00111110"":3,""01011110"":3,""01001101"":14,""00101001"":3,""10111100"":6,""10110101"":1,""10001111"":14,""10101000"":9,""11111100"":10,""11111011"":1,""10011111"":3,""00110101"":5,""00001111"":12,""11111010"":3,""00010010"":22,""10000011"":16,""01110000"":9,""11110100"":14,""01010100"":2,""01010001"":5,""11010010"":2,""01111010"":2,""11001010"":4,""11000101"":4,""11010101"":1,""10110100"":9,""01100101"":2,""00110111"":3,""01000011"":5,""11110110"":3,""01010011"":6,""01110100"":4,""11110001"":4,""11010011"":4,""01000111"":4,""10100010"":2,""10100110"":2,""11000001"":7,""11100011"":1,""00100101"":2,""10010110"":6,""10010111"":3,""00010001"":16,""00110000"":7,""00010111"":3,""00111011"":1,""01111100"":4,""11011011"":2,""11001111"":5,""01101100"":8,""01011111"":1,""11101000"":9,""00111001"":3,""00101101"":2,""00101010"":4,""01101011"":1,""11111111"":1,""11110111"":1,""10110001"":4,""10100101"":2,""11110101"":4,""11110010"":1,""00100110"":2,""11111101"":3,""11100101"":2,""00101100"":7,""00111010"":2,""01100011"":3,""10101110"":1,""00011011"":8,""10111001"":4,""11011110"":2,""01001011"":2,""10101101"":1,""11101001"":3,""10011110"":12,""11101111"":4,""01111001"":4,""01111011"":1,""01010110"":2,""11000110"":3,""11001110"":5,""00111111"":1,""11001101"":5,""11011101"":1,""11101101"":2,""01110101"":1,""01110010"":3,""01001111"":2,""00100010"":3,""00100011"":1,""11100110"":1,""11000010"":4,""01101010"":2,""01111101"":1,""11100010"":1,""10110011"":1,""00100001"":1,""01100001"":3,""01011010"":1,""01011011"":2,""10101001"":1,""11011001"":1,""11011010"":1,""01110111"":1,""11110011"":1,""10101010"":1}"
39,x,4000,-0.4575,-0.08250000000000002,-0.11349999999999993,-0.006000000000000005,0.266,-0.10749999999999993,-0.7464999999999999,0.8255,"{""10001101"":2,""11001111"":10,""01011101"":40,""01101110"":57,""01101101"":73,""10010111"":2,""01111011"":58,""01101111"":147,""11101101"":7,""01101011"":66,""01001111"":141,""01010110"":44,""01001000"":23,""01011001"":35,""01100011"":85,""01000110"":72,""01010001"":47,""00111111"":8,""00101111"":11,""01001101"":85,""00111101"":7,""01101001"":131,""01111010"":19,""01000010"":26,""11101111"":6,""01101100"":25,""10001011"":2,""10011111"":3,""01001100"":22,""01100101"":86,""10101001"":3,""01011011"":32,""01001011"":73,""01001001"":105,""01011010"":6,""01111001"":79,""01001110"":56,""01000111"":118,""01011111"":53,""10001001"":3,""01111100"":24,""00011111"":4,""00111000"":2,""01110110"":41,""01111101"":58,""01110101"":53,""00001111"":12,""01110111"":71,""00101001"":26,""11111101"":4,""01000011"":50,""11101011"":7,""00101011"":14,""01101000"":18,""00001001"":6,""00111100"":3,""11011001"":2,""01001010"":25,""01111110"":34,""01101010"":22,""00001110"":8,""11001011"":9,""01111111"":77,""01011110"":24,""10111011"":7,""00101101"":8,""00011011"":6,""01010111"":72,""01110010"":23,""11111001"":8,""10001111"":4,""00111011"":6,""00011001"":6,""11011111"":5,""00101000"":2,""11101001"":7,""01100001"":107,""01000000"":30,""01100100"":29,""01000001"":78,""01100110"":51,""01100111"":134,""11110111"":1,""11100001"":8,""01110011"":44,""00110011"":4,""01111000"":17,""01110001"":70,""01010100"":15,""01000101"":60,""10011110"":2,""01100010"":31,""10010110"":3,""11100111"":13,""00000111"":14,""10101111"":6,""01010101"":33,""11000111"":12,""00110010"":3,""11000010"":1,""00010111"":5,""11010111"":4,""01110100"":20,""00001101"":11,""00000011"":9,""10010101"":5,""00110001"":8,""00001100"":1,""11100110"":3,""00101010"":3,""10001110"":2,""00001011"":6,""00111001"":14,""11001101"":6,""11100011"":5,""11010001"":4,""01100000"":39,""00100000"":5,""00010101"":5,""10110011"":6,""01010000"":19,""00100001"":12,""01010010"":11,""10100001"":7,""10000001"":5,""00110110"":3,""11000001"":6,""01000100"":17,""00100100"":5,""00000010"":5,""00010100"":4,""11110000"":3,""01110000"":26,""00110111"":4,""00111010"":2,""00011100"":2,""10111001"":4,""00001010"":2,""11111111"":4,""11100101"":3,""01010011"":24,""00101100"":6,""11101110"":4,""11001100"":6,""10101110"":1,""11111000"":1,""01011100"":12,""00011010"":1,""00011101"":10,""11001110"":3,""00111110"":3,""00011000"":2,""10000111"":4,""11000000"":3,""00100111"":13,""00000001"":8,""00010011"":3,""00000000"":7,""11100100"":1,""11110010"":1,""11011010"":1,""11110001"":6,""10110001"":6,""10110101"":2,""11000100"":3,""00100011"":11,""10010001"":4,""00100110"":7,""00100010"":3,""00110100"":4,""01011000"":7,""11111110"":1,""10111100"":1,""11011101"":2,""11101100"":3,""11000110"":7,""11110101"":4,""00001000"":2,""10100111"":6,""11000101"":3,""11110110"":4,""11010011"":2,""11010110"":3,""10100010"":1,""10110010"":1,""11111011"":5,""10101010"":1,""00000101"":8,""10111110"":2,""11001001"":2,""00000110"":5,""11010101"":2,""10110111"":3,""10000110"":1,""00110101"":4,""11100010"":5,""11011000"":1,""11000011"":1,""10100101"":2,""10010000"":2,""11010000"":1,""10000000"":1,""00100101"":5,""11001000"":2,""00011110"":4,""10011101"":2,""10011100"":1,""00101110"":4,""00010001"":5,""10011011"":2,""10101000"":1,""10101011"":2,""10011001"":1,""10111111"":1,""10101101"":1,""10101100"":1,""00010010"":4,""10000011"":2,""10100011"":1,""00000100"":2,""11111100"":1,""11011100"":1,""00010110"":3,""11011110"":1,""10011000"":1,""10001010"":1,""10100000"":1,""10010100"":1,""11100000"":1,""00110000"":1,""10110110"":1,""11110011"":1,""10100110"":1,""11110100"":2,""11010010"":1,""10110100"":1}"
40,x,4000,-0.3075000000000001,-0.020000000000000018,0.363,-0.038000000000000034,0.10399999999999998,0.267,0.5615,0.0034999999999999476,"{""11111000"":7,""10001111"":33,""11011111"":10,""10111100"":17,""00111100"":26,""00110111"":40,""00111111"":41,""11001011"":53,""00010011"":50,""01101011"":12,""00001001"":88,""00010000"":27,""00111101"":27,""00111110"":26,""00001010"":46,""00111001"":55,""00011001"":26,""10111001"":33,""00001000"":55,""11101111"":2,""00111011"":67,""11001110"":11,""00011011"":38,""00001110"":25,""00001111"":48,""10001100"":27,""00011111"":13,""10001011"":84,""10000100"":21,""11001100"":13,""00011000"":34,""00001011"":105,""00101110"":4,""00111000"":46,""10101001"":7,""11011100"":5,""11001101"":9,""10011111"":9,""10011011"":24,""10111101"":12,""10001010"":26,""00000111"":42,""01111001"":5,""10101100"":1,""10001000"":52,""11001000"":23,""00001101"":23,""00111010"":27,""10101111"":7,""00000001"":77,""10010000"":19,""11010011"":32,""11011011"":26,""10101000"":6,""10110010"":10,""10011101"":7,""11001001"":47,""00011101"":12,""11111110"":1,""11011000"":12,""10011001"":23,""00001100"":30,""10110100"":22,""00101000"":12,""11111111"":13,""00000110"":26,""10000011"":88,""00011010"":12,""11010111"":11,""00110011"":74,""10110011"":40,""00000100"":20,""01000011"":10,""10110001"":33,""00110101"":33,""11010001"":17,""11100010"":4,""11000100"":11,""10010001"":18,""00000101"":27,""00110110"":13,""11001111"":28,""11000011"":36,""00100001"":10,""00000010"":15,""10000000"":34,""10000001"":55,""10110000"":26,""10110111"":21,""01100000"":4,""00000000"":68,""11000001"":38,""10000111"":45,""00110001"":53,""10010011"":28,""00110000"":32,""10100011"":16,""11000000"":23,""00010010"":12,""10000010"":19,""10110101"":14,""11010000"":11,""00000011"":79,""11010101"":6,""10100100"":5,""10100001"":13,""00100000"":9,""11101100"":2,""00100011"":25,""10001001"":74,""11100011"":19,""11010100"":4,""00110010"":18,""11100001"":12,""10101101"":4,""11000010"":9,""11110011"":4,""00010001"":37,""01110001"":5,""00010100"":13,""10000110"":17,""01100011"":6,""11110001"":9,""11000101"":13,""11000110"":9,""11100000"":6,""11000111"":21,""10010101"":3,""00101001"":12,""10111010"":10,""10111011"":50,""11110000"":7,""11011001"":17,""11010110"":4,""10000101"":28,""11010010"":11,""00110100"":20,""01010000"":2,""00100110"":5,""01000110"":2,""01010101"":2,""01111011"":9,""00101011"":23,""11111011"":10,""11101001"":12,""00101101"":2,""11111001"":6,""00101111"":7,""10111000"":28,""10101011"":16,""10111110"":11,""10001101"":17,""10001110"":28,""00011110"":7,""01011011"":6,""10011100"":5,""01101000"":4,""01101101"":2,""10111111"":23,""01001001"":10,""10100000"":6,""11111100"":6,""11011010"":7,""11101000"":5,""01111101"":3,""01001100"":4,""01001011"":8,""01011001"":2,""01101010"":2,""11101011"":11,""01001111"":4,""01111111"":1,""11110110"":2,""11110010"":3,""01110100"":1,""10010110"":5,""11101010"":2,""00100100"":7,""11101101"":3,""10010111"":9,""11111101"":4,""01110011"":5,""00010111"":15,""00010101"":12,""01000001"":4,""01000111"":2,""01100101"":1,""01010011"":4,""10110110"":12,""11110111"":8,""01100010"":4,""10100101"":4,""10100111"":4,""01100001"":3,""01110000"":4,""01000010"":3,""01111010"":2,""00011100"":11,""10101010"":3,""01111000"":5,""10011010"":3,""10011000"":11,""10011110"":5,""10100010"":3,""11101110"":4,""11100111"":3,""11100100"":2,""01001110"":1,""01000000"":3,""11100101"":2,""01010110"":1,""00100111"":9,""10101110"":2,""10010010"":4,""01011000"":2,""00101100"":4,""01001000"":2,""00100010"":5,""01111100"":2,""11011101"":2,""01101001"":4,""11001010"":9,""11011110"":3,""01001101"":2,""01101100"":1,""00010110"":4,""10010100"":5,""10100110"":3,""01100111"":2,""01011010"":2,""00101010"":4,""11111010"":2,""11110100"":2,""01000100"":1,""01010001"":1,""01000101"":1,""01110101"":2,""11110101"":1,""01101110"":1,""01011100"":1,""01100110"":1,""00100101"":2,""01110110"":1}"
41,x,4000,-0.38349999999999995,0.04849999999999999,0.31100000000000005,-0.010999999999999899,-0.24249999999999994,-0.474,-0.6145,-0.2955000000000001,"{""11111001"":170,""01111011"":78,""01111010"":51,""10101011"":6,""11101001"":55,""11111010"":60,""11111011"":138,""11011111"":7,""11101000"":18,""01111001"":80,""11111101"":93,""01001001"":14,""11101011"":34,""11101010"":24,""00001011"":8,""11111000"":56,""11001101"":17,""11011011"":15,""11111111"":78,""00011011"":5,""01101110"":4,""10110101"":7,""10100010"":5,""01111110"":7,""11111100"":29,""11101110"":8,""00101001"":6,""10101001"":10,""11101100"":12,""01111101"":64,""11100010"":29,""01101001"":30,""01101010"":12,""10001001"":29,""10001000"":11,""00110001"":7,""01111000"":47,""01101011"":19,""10011001"":13,""10111001"":15,""11001010"":12,""01001111"":9,""11100001"":52,""10111101"":9,""11001001"":24,""11101101"":29,""01001110"":9,""11110101"":81,""11001111"":20,""11111110"":28,""11011001"":18,""01101111"":8,""11001011"":21,""10001110"":8,""10011101"":5,""01110001"":100,""00000010"":8,""01101000"":21,""10011011"":16,""01100001"":42,""01100011"":26,""10111111"":10,""00001000"":3,""11001100"":8,""01001011"":23,""10001111"":25,""00001111"":11,""01111111"":43,""00101110"":1,""01001010"":8,""00001001"":13,""01111100"":10,""10001011"":20,""00011111"":3,""10101101"":4,""00011110"":1,""01110010"":41,""00001101"":10,""11000111"":11,""00111001"":8,""10100000"":5,""11110011"":138,""11110010"":81,""00101010"":2,""10111000"":3,""00001010"":6,""01001101"":13,""01011001"":6,""00111011"":7,""10011010"":8,""11011101"":7,""01101101"":13,""01011111"":2,""10001010"":17,""11011010"":8,""10011000"":4,""10111010"":10,""11101111"":14,""01110101"":57,""11110000"":73,""01110000"":32,""01011010"":4,""00011000"":1,""10101111"":8,""10111011"":9,""11110111"":66,""10111100"":3,""11000001"":29,""00011001"":2,""00101101"":5,""01101100"":6,""10100101"":4,""00001100"":5,""01011101"":3,""00001110"":4,""01001000"":6,""00000100"":2,""01001100"":4,""11010000"":5,""10001101"":13,""10000001"":30,""10010110"":5,""11100011"":41,""11010001"":14,""11010010"":4,""11110110"":39,""00100011"":1,""11110001"":154,""10110011"":16,""10110001"":11,""10010101"":4,""11000110"":15,""00110111"":2,""01100111"":8,""10000010"":19,""10010011"":11,""10010111"":4,""11000000"":11,""11100000"":19,""11100111"":17,""10001100"":6,""11000100"":6,""01100010"":14,""00010011"":5,""01110111"":35,""11010011"":10,""10110111"":5,""11100101"":21,""00000101"":11,""10110010"":7,""11000011"":17,""10000101"":24,""11000010"":12,""00100100"":1,""10000111"":16,""01110100"":12,""11000101"":19,""00000001"":18,""11001000"":7,""01011011"":1,""00000011"":6,""00110101"":4,""01000011"":13,""10000000"":13,""01000100"":2,""01110011"":62,""11011000"":4,""10011110"":2,""01011100"":1,""00111000"":1,""10000100"":7,""01011000"":1,""00101011"":6,""11001110"":8,""01100101"":19,""10101010"":2,""11100110"":12,""01000001"":14,""01000101"":13,""10011111"":4,""01000111"":12,""00110010"":3,""01100100"":6,""10100011"":5,""10100111"":3,""01100000"":11,""11110100"":25,""10000011"":17,""01000010"":10,""00000000"":9,""01100110"":7,""11010111"":8,""00000111"":8,""00100000"":1,""00010000"":2,""10100001"":5,""10010010"":5,""00110011"":5,""00110000"":6,""00010101"":1,""01010110"":3,""10011100"":3,""01000110"":7,""00010010"":3,""01110110"":17,""11100100"":9,""10010001"":9,""11010110"":3,""01011110"":1,""00100010"":2,""10110110"":4,""10110100"":3,""01010001"":4,""10000110"":5,""10110000"":6,""00101111"":1,""00011010"":1,""10101000"":3,""00111010"":1,""00011101"":2,""10111110"":3,""10101100"":1,""11011100"":3,""10101110"":1,""01010101"":3,""00111101"":2,""10100100"":3,""11011110"":2,""01010000"":3,""01010011"":2,""00100001"":1,""01010010"":2,""00101000"":1,""00110110"":1,""00000110"":3,""00100110"":1,""01010111"":2,""11010101"":2,""00010001"":2,""00100111"":1,""10010000"":1,""00010111"":1,""11010100"":1,""01000000"":1}"
42,x,4000,0.0595,0.0024999999999999467,-0.014999999999999902,0.01100000000000001,-0.16100000000000003,0.14249999999999996,0.04249999999999998,-0.5725,"{""10001001"":13,""11011011"":14,""00001111"":11,""10001111"":19,""10001110"":14,""11001101"":20,""10011100"":67,""10001000"":30,""11111000"":54,""10011000"":75,""00001001"":6,""11000110"":18,""11000111"":28,""11111011"":56,""10111010"":24,""10010110"":32,""10111001"":15,""10111100"":36,""10011001"":25,""10101000"":14,""10011110"":44,""10011011"":51,""00111011"":2,""10010000"":39,""11100101"":15,""00111101"":3,""10011010"":59,""00011011"":10,""11001000"":42,""00101100"":20,""11011010"":17,""11101000"":15,""00101110"":17,""11111101"":24,""10000110"":7,""11111111"":37,""10101010"":14,""11011110"":15,""01001110"":6,""11111001"":21,""01011011"":7,""10111101"":17,""10111000"":19,""10010111"":68,""11111100"":64,""10001010"":17,""10000101"":15,""11101100"":15,""10001100"":15,""10110100"":33,""10111111"":27,""10011111"":46,""11001011"":32,""00101001"":6,""00001100"":14,""11001010"":38,""00101101"":9,""11110100"":42,""00001011"":13,""00101000"":25,""01011001"":6,""11111110"":25,""11111010"":35,""10100100"":8,""01101101"":3,""11001100"":30,""11000000"":29,""01011000"":10,""11011100"":37,""00100011"":19,""00101111"":8,""11101001"":8,""10111110"":16,""01001100"":11,""10011101"":32,""01101010"":8,""10001011"":27,""01011010"":3,""11001111"":22,""01011101"":3,""00101011"":23,""11011111"":15,""01111011"":3,""11110111"":40,""11011101"":10,""00001101"":10,""01011100"":13,""01010110"":3,""10100110"":6,""01011111"":8,""11101010"":18,""11010100"":44,""11101011"":17,""11101111"":13,""01111100"":1,""11110110"":18,""00100110"":11,""10111011"":32,""10001101"":14,""00011000"":9,""11101110"":6,""10010100"":62,""01011110"":3,""11001110"":19,""01001000"":7,""00001110"":9,""11000100"":42,""11011000"":19,""10000100"":28,""01111111"":2,""00101010"":13,""00100111"":24,""10110101"":23,""01111010"":4,""00111010"":2,""00001000"":5,""10010101"":56,""11100110"":13,""11100100"":24,""11110000"":41,""00001010"":7,""10110010"":27,""10101101"":6,""10101001"":4,""10101110"":4,""01111101"":2,""01000100"":11,""01001111"":4,""01101111"":3,""11000011"":34,""11011001"":12,""11101101"":11,""10101111"":11,""01010111"":16,""00100100"":17,""00111100"":5,""01111110"":2,""11100111"":15,""00000100"":12,""10101011"":11,""00111111"":2,""00011001"":2,""10110111"":24,""11001001"":12,""01101000"":7,""11010101"":31,""11010000"":19,""11010110"":19,""10101100"":9,""00100010"":15,""00000011"":14,""11000001"":26,""10100001"":4,""10000111"":22,""01010011"":9,""01000101"":5,""11100011"":16,""10100011"":10,""11110101"":26,""10110000"":32,""11110011"":39,""10010001"":24,""00000111"":18,""01000011"":10,""10010011"":52,""01110110"":2,""00010000"":5,""00000000"":8,""10100101"":5,""10000011"":29,""10110011"":34,""10110001"":9,""11110001"":25,""01110100"":3,""11010010"":14,""00100000"":21,""11000101"":39,""00110101"":4,""00010101"":6,""10000001"":10,""10010010"":39,""10110110"":14,""01110011"":6,""00000010"":9,""01100000"":5,""11010011"":20,""00000101"":6,""00010010"":6,""01010101"":12,""11100010"":12,""10100111"":11,""00100001"":10,""10000000"":19,""01000000"":13,""10100010"":7,""11100001"":9,""11110010"":26,""11010111"":29,""01000010"":4,""01001001"":1,""11010001"":9,""00010110"":2,""01000111"":16,""01010000"":5,""01100001"":5,""00110000"":3,""11000010"":20,""10000010"":18,""01110010"":5,""01110111"":4,""00010100"":8,""01000110"":6,""00000110"":4,""01100111"":5,""01010100"":10,""01100010"":5,""00110011"":5,""11100000"":12,""00010011"":3,""00010111"":3,""00100101"":11,""00111000"":2,""01101011"":8,""00110111"":3,""01100110"":3,""01010010"":7,""00010001"":3,""01100011"":4,""01110000"":1,""01100100"":9,""01010001"":4,""01100101"":6,""00000001"":2,""00011010"":4,""00011111"":1,""01101110"":1,""01001010"":2,""00011110"":2,""01111000"":4,""00011100"":3,""01101001"":3,""01001011"":5,""00111110"":1,""00111001"":2,""01001101"":3,""00110100"":3,""10100000"":4,""01101100"":5,""00011101"":2,""01111001"":2,""00110010"":2,""00110110"":2,""01000001"":2,""01110001"":1,""01110101"":1}"
43,x,4000,-0.3480000000000001,0.5425,0.08499999999999996,0.015000000000000013,0.10899999999999999,0.269,0.22899999999999998,-0.567,"{""10100000"":34,""10101101"":71,""10111001"":58,""10001111"":27,""10101100"":26,""11000101"":42,""11011101"":50,""11011011"":25,""01111101"":10,""01011011"":11,""10001101"":83,""01101101"":8,""11111000"":7,""10011000"":34,""10101111"":15,""10111011"":24,""11101000"":7,""11001100"":16,""01101000"":3,""11100101"":9,""11011001"":83,""11001110"":4,""01001111"":10,""01001000"":20,""10111000"":41,""10011110"":13,""00110110"":1,""01001100"":18,""10100101"":64,""01001101"":32,""11111101"":11,""00001001"":12,""00001100"":5,""10001001"":109,""10010101"":44,""11010110"":12,""01001001"":34,""00101110"":1,""11001101"":28,""10000011"":36,""10001000"":52,""11001000"":24,""11111001"":14,""11011100"":22,""00111001"":11,""01101110"":2,""00001010"":5,""11011000"":37,""01111010"":1,""01011001"":19,""10001011"":37,""10111101"":56,""10011010"":4,""10011101"":41,""00001011"":9,""10110010"":7,""11011010"":9,""10101000"":38,""11101100"":5,""01001011"":10,""01001010"":9,""01101001"":9,""10011111"":11,""11001001"":42,""10001100"":44,""10101001"":71,""11001111"":12,""00011011"":7,""01111000"":9,""10111111"":8,""01111001"":19,""10000001"":115,""10101110"":9,""00011000"":6,""10000100"":69,""11001011"":11,""10111100"":21,""00101111"":1,""00101001"":17,""00101101"":12,""11110101"":19,""10011100"":20,""10011001"":54,""00111000"":4,""10101011"":21,""10011011"":13,""10000000"":49,""11101101"":6,""10110100"":20,""01111011"":7,""10001110"":17,""11011111"":9,""00011001"":5,""01011101"":9,""00011101"":9,""11101001"":13,""01100011"":2,""10000110"":19,""00100010"":2,""10000101"":113,""11111011"":6,""01100110"":2,""00001000"":4,""01010110"":2,""11000001"":36,""10111010"":12,""10001010"":13,""10100111"":24,""01000001"":37,""10100011"":15,""10110011"":27,""11000111"":7,""01011000"":11,""11111100"":6,""00101000"":2,""11101110"":1,""10100100"":32,""10110101"":69,""11010000"":30,""11111111"":2,""10101010"":11,""10100001"":62,""10111110"":6,""00001101"":11,""11000100"":16,""00111100"":4,""00101100"":2,""00010010"":2,""10000010"":8,""11010101"":59,""00001111"":2,""00011111"":2,""01000100"":22,""01011100"":3,""11001010"":6,""11011110"":8,""01101100"":4,""01111111"":4,""00100100"":9,""01000101"":48,""01111110"":4,""01100000"":5,""01011111"":2,""11110000"":5,""01110111"":9,""01000110"":6,""01110000"":8,""01111100"":10,""00011100"":3,""01001110"":6,""00111111"":1,""01011010"":2,""00000001"":8,""11100100"":3,""00101010"":3,""11010111"":14,""11000000"":22,""10010000"":23,""00100101"":12,""01000011"":12,""11101011"":2,""10100010"":7,""00000101"":13,""10110111"":13,""11110011"":4,""11010001"":63,""10110001"":66,""10010001"":58,""01100001"":7,""01100111"":7,""01010101"":8,""01110001"":16,""00010001"":10,""10110110"":9,""11000011"":16,""11010100"":31,""00100000"":7,""01010000"":7,""11000110"":10,""01010001"":20,""11110001"":13,""10010011"":21,""11010011"":33,""01000111"":8,""11110100"":7,""00110101"":11,""00110111"":2,""01000000"":16,""00000100"":3,""11000010"":8,""00000111"":4,""10000111"":29,""11010010"":9,""00010110"":2,""10010100"":16,""10010111"":9,""01000010"":3,""00000000"":7,""11100001"":7,""00110000"":2,""10110000"":36,""01101011"":2,""10010010"":7,""00010101"":9,""01100101"":4,""01110101"":14,""10100110"":7,""00010000"":1,""00100111"":2,""01100100"":4,""00000011"":6,""00100001"":7,""00110001"":2,""00100011"":3,""01010100"":5,""01010111"":2,""11110111"":2,""10010110"":5,""11100111"":2,""01110100"":4,""01110011"":2,""01010011"":5,""00010100"":3,""01110110"":3,""00101011"":4,""00111011"":2,""00111101"":1,""11110110"":2,""00010111"":2,""00001110"":1,""01101111"":1,""00011010"":1,""11111010"":2,""00111010"":2,""11101111"":3,""01011110"":1,""00110011"":3,""11100000"":6,""01010010"":1,""00110100"":2,""01110010"":2,""11110010"":1,""11100011"":1,""11100010"":1,""00110010"":1}"
44,x,4000,0.4495,0.123,-0.25350000000000006,-0.014000000000000012,-0.29200000000000004,-0.23350000000000004,-0.43199999999999994,-0.43799999999999994,"{""10001110"":46,""11111100"":222,""11111010"":98,""10001001"":14,""11001100"":30,""11100110"":26,""11111101"":99,""10011110"":20,""00001110"":9,""10001010"":14,""11011000"":16,""00011100"":9,""11111110"":162,""11101000"":31,""00101000"":7,""11111111"":54,""01011110"":17,""01101110"":6,""01111001"":5,""11101010"":33,""10110010"":10,""01011010"":19,""10011010"":16,""11110010"":92,""11111001"":39,""11111000"":81,""01001101"":26,""01001001"":10,""10011100"":16,""01111110"":17,""10000100"":64,""01001110"":26,""11100001"":11,""11101100"":29,""10010010"":22,""11010010"":22,""01111100"":24,""10001100"":76,""01110001"":3,""10111010"":7,""01111101"":13,""01001100"":54,""10011000"":15,""10101010"":6,""11011110"":13,""00001000"":7,""11001110"":11,""10101101"":3,""00111001"":6,""01011000"":18,""11110000"":93,""11101001"":14,""00111100"":29,""11110110"":164,""00110010"":8,""10011101"":9,""00011011"":1,""00001101"":6,""01110101"":16,""00110110"":15,""01111010"":8,""10111110"":10,""11011101"":8,""10011001"":4,""11011011"":7,""11101011"":8,""11011010"":12,""10010000"":31,""10111101"":7,""00011010"":4,""01100101"":6,""11111011"":28,""01100100"":7,""01001111"":7,""01000010"":22,""11101111"":5,""00101011"":2,""01001000"":19,""01001011"":10,""01010111"":3,""10111011"":2,""00111011"":3,""11101110"":29,""01011100"":19,""10011011"":7,""11110001"":41,""10101100"":3,""10111111"":5,""00111000"":8,""01010011"":7,""10001101"":21,""11100000"":25,""01001010"":12,""11110111"":52,""00011110"":3,""00010010"":6,""11100010"":25,""11011111"":3,""11001111"":3,""01000001"":8,""01010101"":3,""10011111"":7,""10111000"":4,""00111111"":6,""00101111"":4,""10111100"":21,""01111000"":8,""01000111"":12,""00111110"":18,""11101101"":17,""10001111"":13,""01011111"":6,""00101110"":8,""00111101"":3,""10111001"":4,""11010000"":18,""10001000"":16,""00001111"":3,""10000110"":41,""01011101"":7,""00101100"":6,""11110100"":172,""01101001"":1,""11011001"":6,""00010011"":4,""11000000"":10,""11110101"":80,""01000000"":19,""01000100"":36,""11110011"":28,""01100001"":5,""01110000"":12,""11010101"":9,""10010111"":7,""01010001"":9,""01010000"":25,""01110111"":9,""10000111"":10,""01100110"":14,""00100100"":7,""01010010"":17,""10000000"":24,""00000101"":9,""01010110"":21,""01110100"":20,""11100011"":7,""11010100"":16,""10110001"":8,""10000010"":18,""10110110"":9,""10100100"":3,""00000010"":6,""10000001"":7,""11100100"":27,""11000100"":17,""00000100"":12,""10110100"":17,""00000110"":10,""10110101"":7,""01000110"":29,""10000101"":17,""00100000"":4,""00110111"":8,""10010101"":5,""11100101"":17,""11010111"":5,""11100111"":10,""00110101"":7,""01100000"":11,""10001011"":7,""11001000"":9,""00100110"":5,""01010100"":10,""00010100"":4,""10010100"":15,""00110100"":17,""10110000"":13,""00000000"":3,""11000110"":16,""01110110"":14,""00010110"":5,""00101101"":3,""11001001"":1,""11001010"":5,""00001011"":2,""11001101"":5,""00001100"":13,""01110010"":10,""01101100"":8,""11010110"":12,""11011100"":12,""00111010"":8,""11000101"":6,""00011000"":3,""10110011"":5,""01000101"":14,""11010001"":12,""10110111"":5,""10000011"":5,""10010110"":15,""01100010"":5,""00110011"":5,""10100101"":2,""00000001"":4,""01000011"":4,""11010011"":4,""01110011"":2,""10010001"":9,""01101101"":4,""00100111"":2,""10100110"":4,""00100011"":3,""00010000"":5,""11000011"":2,""00100001"":2,""10100000"":3,""00010111"":1,""00110000"":15,""11000010"":5,""00101010"":6,""01011011"":3,""10101110"":3,""01011001"":4,""01101010"":4,""01111111"":3,""00001010"":4,""01111011"":4,""10101001"":2,""01101111"":5,""01100111"":4,""00100010"":4,""00010001"":4,""10010011"":2,""00000111"":4,""00100101"":2,""00011101"":1,""01101011"":1,""10101011"":1,""01100011"":2,""00101001"":3,""00110001"":3,""00010101"":3,""01101000"":2,""10101111"":1,""10101000"":1,""11000111"":1,""00000011"":1,""00011111"":1,""00011001"":1,""10100010"":2}"
45,x,4000,-0.38549999999999995,-0.020999999999999908,0.34550000000000003,0.012499999999999956,0.16100000000000003,0.6665,0.49950000000000006,-0.5714999999999999,"{""01000100"":13,""11010110"":1,""10010010"":56,""00010010"":5,""10001001"":149,""10010001"":87,""11011010"":8,""10000000"":71,""01000010"":18,""10000001"":149,""01010001"":20,""10010000"":47,""01000000"":11,""10000011"":224,""01100110"":2,""10110010"":15,""10100010"":10,""10110011"":27,""11101101"":11,""00010011"":9,""00100010"":3,""11000011"":20,""10110001"":17,""10000101"":106,""00101110"":2,""11100110"":4,""11010101"":5,""11100011"":19,""01000001"":36,""01000111"":24,""10011110"":21,""00110001"":5,""01010000"":8,""10110100"":4,""10000100"":45,""10001000"":103,""10011010"":56,""10010101"":52,""11111101"":3,""00010000"":3,""01100011"":12,""11000010"":5,""10011011"":123,""11010001"":5,""10000110"":36,""11010111"":4,""11110001"":12,""01000101"":25,""10100101"":4,""10001111"":78,""11010010"":8,""10110111"":13,""10010011"":141,""01010101"":10,""11100001"":12,""10010100"":33,""10010111"":44,""10000010"":66,""10001011"":177,""10001101"":82,""11100101"":9,""01000011"":35,""10110101"":15,""01001001"":24,""10010110"":12,""01011001"":19,""10001010"":70,""11101001"":12,""10011000"":59,""11101100"":4,""10011101"":65,""01010111"":11,""10111101"":3,""00011100"":4,""01001100"":7,""01001011"":39,""11101011"":16,""10001110"":35,""10100011"":16,""00101001"":5,""10001100"":46,""11011001"":7,""10111100"":4,""10111001"":15,""11011000"":6,""10111011"":23,""11110011"":11,""01101000"":7,""11100000"":8,""10011001"":114,""00001111"":5,""11001011"":10,""11001100"":4,""10011100"":42,""10101101"":6,""00011011"":11,""00001001"":9,""01111011"":8,""11111001"":15,""11111010"":2,""10101111"":6,""10011111"":39,""01101011"":8,""01111001"":5,""00011101"":8,""01111010"":2,""11101111"":10,""01101111"":4,""11011011"":7,""01001010"":17,""00011010"":5,""11101010"":5,""11001010"":4,""01001111"":13,""11011101"":5,""00001101"":5,""10111000"":12,""11111011"":8,""01111000"":3,""10000111"":74,""01011101"":20,""11001111"":5,""00111111"":2,""01001101"":13,""01101010"":4,""00101010"":5,""01011010"":5,""01011100"":11,""11111111"":2,""00001010"":4,""01111111"":4,""11001001"":9,""00011001"":6,""00001011"":5,""10101000"":6,""01011011"":29,""00000011"":14,""01100101"":6,""01001000"":10,""01001110"":9,""00111011"":4,""11001000"":3,""00011111"":5,""01010110"":7,""01111101"":3,""01010010"":10,""00111001"":8,""01101100"":3,""10101011"":6,""11001110"":3,""01010011"":37,""11011111"":4,""01011000"":11,""01110011"":6,""10101110"":3,""00001000"":4,""10101001"":11,""00110101"":4,""00110011"":4,""11000110"":4,""00100100"":2,""01110110"":1,""10101100"":2,""10110000"":8,""00110000"":3,""11100100"":6,""11000000"":4,""00100101"":1,""01010100"":4,""10111111"":7,""01101001"":9,""01110101"":3,""11111100"":3,""01011111"":7,""00100111"":4,""00101111"":3,""11001101"":4,""00101011"":5,""01011110"":4,""00111101"":4,""01100000"":4,""11101000"":6,""01110111"":3,""10111010"":6,""10101010"":2,""00000001"":10,""00010001"":5,""11010011"":8,""00000111"":6,""10100001"":10,""11000100"":1,""11100010"":3,""11000111"":5,""10100000"":2,""00000110"":2,""00010111"":6,""11000001"":11,""00010101"":2,""11100111"":10,""11110000"":3,""11110101"":2,""10100111"":10,""10110110"":1,""11000101"":6,""10100100"":3,""01100001"":6,""01100111"":3,""01100100"":1,""00000101"":1,""01110001"":6,""00100011"":4,""00001100"":2,""00010110"":1,""00000010"":2,""10100110"":1,""00011110"":2,""11101110"":1,""00011000"":4,""00111010"":1,""11111000"":4,""00111110"":1,""00101101"":1,""10111110"":1,""01000110"":6,""00100110"":1,""11010000"":2,""00001110"":1,""00101000"":1,""01111110"":1,""01110010"":1,""11110010"":1,""11010100"":1,""00110111"":1,""00000100"":1,""00000000"":1,""00010100"":1,""01110000"":1,""00111000"":1,""00100001"":1,""00110010"":1,""00110100"":2,""11110110"":1}"
46,x,4000,-0.32600000000000007,0.09199999999999997,-0.15250000000000008,0.009499999999999953,0.06899999999999995,0.11199999999999999,0.1725,-0.04499999999999993,"{""10100100"":29,""00100100"":33,""11110011"":20,""10010010"":14,""10100101"":55,""01111100"":12,""10001000"":9,""10100111"":34,""10010111"":27,""00000111"":13,""00000110"":13,""10100010"":32,""10100001"":31,""01010100"":16,""00100001"":22,""10100110"":17,""10010011"":41,""00000011"":20,""10100011"":50,""00100101"":39,""01110010"":17,""01000101"":28,""11110010"":10,""11011001"":30,""11010101"":40,""01110100"":21,""00001100"":23,""10000101"":35,""01000100"":24,""11010011"":19,""11000101"":19,""10000000"":9,""10001110"":15,""10000110"":14,""10110101"":8,""01110000"":11,""11010010"":14,""00100110"":13,""01000001"":14,""10000100"":31,""10011101"":53,""00110100"":7,""00010111"":17,""11000000"":7,""11000011"":19,""00110011"":11,""10010110"":15,""00000101"":34,""00010010"":6,""11010110"":16,""00110110"":9,""01110111"":17,""11010000"":8,""10010000"":20,""00010110"":7,""00100000"":12,""11000001"":8,""00001110"":21,""01100010"":2,""00110010"":5,""01010001"":19,""01010110"":11,""11110000"":3,""11010100"":24,""01100000"":4,""11011110"":13,""10010101"":44,""10111000"":2,""10010100"":31,""10110011"":5,""11110101"":18,""10110111"":12,""11110001"":15,""01111101"":45,""11000111"":9,""00100111"":29,""01000010"":16,""00010000"":9,""10001100"":24,""11010111"":22,""01010101"":25,""11100011"":13,""11111001"":13,""00100011"":48,""10000001"":17,""10101000"":15,""10000111"":15,""00100010"":14,""00010100"":13,""01001101"":24,""00000000"":13,""10110001"":8,""10010001"":17,""11000100"":5,""11101100"":8,""00000100"":27,""11100001"":12,""00110101"":19,""01000111"":8,""10110100"":10,""11111000"":2,""01011000"":11,""10000011"":23,""01010111"":18,""01000110"":8,""00011111"":10,""11100101"":17,""00101100"":33,""11010001"":15,""00000010"":13,""11011111"":33,""01110011"":24,""10001111"":30,""01110101"":41,""00010001"":11,""11000010"":6,""00010101"":13,""10100000"":19,""10011111"":27,""00001000"":8,""01000000"":10,""11110111"":9,""10101100"":26,""01000011"":13,""01011100"":13,""11101111"":14,""00001101"":60,""01110110"":7,""11011101"":42,""11111101"":16,""01110001"":16,""10101010"":11,""01010011"":20,""01010010"":15,""10011011"":35,""00110001"":6,""00001010"":8,""11001011"":13,""01010000"":10,""00001111"":37,""11100100"":16,""10110110"":2,""01111000"":6,""10111111"":6,""00000001"":16,""11110110"":4,""11100000"":3,""11100110"":5,""10000010"":14,""11110100"":8,""01011001"":15,""11100111"":8,""11001111"":11,""01111011"":25,""01101000"":2,""00010011"":9,""10101101"":53,""01011111"":33,""11011000"":12,""00011110"":4,""11101101"":18,""00111111"":10,""10101111"":30,""10111011"":7,""10011000"":6,""10101011"":41,""11101010"":2,""11001100"":6,""10101001"":26,""00101011"":30,""11101011"":14,""01011101"":41,""01001011"":27,""10001001"":26,""01101011"":7,""00011101"":24,""00011001"":9,""11011011"":33,""10011010"":12,""00111001"":9,""00011011"":17,""01101100"":5,""11001101"":12,""11111100"":11,""11101001"":10,""10111001"":4,""00101101"":46,""10011001"":23,""00101111"":24,""01001010"":6,""00101001"":18,""01001100"":5,""01011011"":22,""00101010"":20,""10001101"":35,""11001010"":3,""00111101"":20,""00101000"":12,""00001001"":28,""01101101"":5,""00111110"":4,""00011010"":3,""10101110"":14,""10001010"":14,""01101001"":5,""11011100"":12,""11011010"":12,""00111011"":9,""11111110"":5,""11111111"":14,""01101110"":3,""01111111"":21,""00001011"":26,""01111001"":14,""11101110"":12,""10011100"":16,""01011110"":9,""01011010"":6,""11100010"":6,""01111110"":8,""01100101"":6,""11111011"":12,""11001110"":3,""10110000"":3,""11001001"":9,""01001111"":15,""00101110"":8,""10111100"":7,""11101000"":5,""00011000"":6,""00111000"":4,""01001001"":9,""10001011"":14,""00111100"":10,""01111010"":9,""00011100"":8,""01101010"":1,""10011110"":9,""01001000"":5,""01001110"":11,""11001000"":1,""10111101"":9,""01100001"":1,""10110010"":2,""01100100"":1,""01100110"":1,""01100111"":5,""00111010"":2,""00110111"":3,""01100011"":2,""10111010"":3,""11111010"":3,""01101111"":2,""10111110"":2,""00110000"":2}"
47,x,4000,-0.5785,0.14800000000000002,0.26849999999999996,0.0,-0.10250000000000004,0.28200000000000003,-0.038000000000000034,-0.3205,"{""11000001"":51,""11100011"":20,""00010010"":9,""10000010"":26,""01100001"":12,""11110101"":43,""11100001"":25,""01110101"":22,""01000001"":44,""11010010"":5,""10010001"":78,""10010101"":80,""11100111"":11,""00000000"":3,""11110100"":16,""01000011"":30,""01111000"":7,""00001001"":27,""11111010"":25,""10000011"":54,""01110000"":12,""11000110"":8,""11110001"":65,""11110110"":7,""10000100"":11,""01010000"":8,""00010011"":21,""11111101"":49,""10110111"":13,""01110010"":10,""10000101"":56,""10010100"":17,""10000001"":65,""11000011"":38,""11010111"":2,""10100011"":16,""11110111"":20,""10010110"":11,""01010101"":31,""10010011"":57,""00000110"":4,""10110011"":20,""10000111"":25,""00111001"":12,""00100110"":2,""01001001"":57,""00111011"":11,""00000100"":4,""00110001"":15,""11000101"":43,""10010000"":14,""01000100"":11,""11110011"":57,""01000010"":10,""10011011"":68,""01100101"":4,""10100111"":3,""00000011"":14,""10010111"":31,""10001110"":7,""01110100"":9,""00010001"":14,""01010010"":6,""01010011"":23,""01110011"":21,""00101110"":1,""00110010"":3,""11100101"":18,""01110111"":15,""11000010"":17,""00110101"":10,""11101010"":4,""11011001"":21,""00111010"":4,""10011001"":82,""11001111"":18,""11111011"":68,""00011101"":16,""01011001"":35,""10001101"":44,""11111001"":63,""11001001"":57,""10011101"":55,""01001011"":38,""11001110"":5,""01111011"":36,""11001101"":41,""10111001"":29,""00010101"":25,""10011111"":38,""01011011"":36,""00100010"":2,""00001011"":26,""00011001"":30,""10101101"":12,""11011011"":25,""10001111"":29,""10101011"":19,""10001010"":20,""10011110"":11,""01101101"":6,""11101001"":23,""01011010"":7,""10001001"":60,""01011101"":32,""01001101"":28,""11011111"":4,""10000000"":17,""11101000"":5,""11011101"":18,""11001100"":8,""01011110"":5,""10010010"":20,""11101101"":12,""11001011"":53,""10011000"":15,""00001100"":5,""00111000"":1,""10100000"":5,""10111011"":16,""10001000"":13,""00100011"":6,""10111010"":8,""10101010"":12,""11111000"":9,""10011100"":12,""00011011"":18,""01101011"":4,""01011000"":3,""01001010"":17,""10001011"":63,""00001101"":16,""00100000"":5,""00101001"":9,""11001000"":7,""01101000"":2,""01001000"":9,""10011010"":17,""01001111"":17,""00000101"":21,""00011010"":6,""10111101"":17,""10111110"":5,""01110001"":31,""01000000"":9,""00110011"":10,""11000100"":10,""11100010"":5,""00110110"":4,""10110010"":7,""11000111"":15,""11101011"":16,""10100100"":4,""00010000"":9,""11110010"":26,""10100101"":9,""11110000"":15,""01010110"":6,""00100111"":3,""10110101"":23,""00110111"":4,""10100001"":17,""00001110"":1,""10110001"":23,""11010001"":20,""01010100"":7,""01000110"":6,""11010011"":13,""10000110"":8,""01000101"":28,""10101001"":23,""11010101"":16,""00010100"":4,""01101001"":4,""01011100"":5,""10110110"":3,""00000111"":2,""01010001"":40,""01100011"":8,""00010111"":3,""01100111"":1,""11100000"":8,""01000111"":9,""01111010"":12,""10110100"":7,""00000001"":19,""01010111"":9,""00100101"":6,""11000000"":9,""01100000"":2,""10100110"":2,""00100001"":6,""10101000"":4,""01111001"":30,""00010110"":2,""10001100"":11,""11010000"":2,""00111101"":6,""01111101"":27,""11011000"":3,""10111111"":4,""11111111"":20,""01001100"":3,""10111000"":10,""00011100"":6,""01101111"":3,""01111110"":5,""00101101"":4,""00000010"":7,""10110000"":3,""11100110"":1,""11101111"":6,""00110000"":2,""00101010"":2,""01011111"":7,""11001010"":16,""00001111"":9,""00001010"":6,""00111111"":4,""01111111"":7,""00101111"":2,""00101011"":2,""10101111"":6,""00001000"":3,""01110110"":7,""11111110"":8,""01101100"":3,""00011111"":5,""01101010"":3,""11111100"":7,""01100010"":2,""11010100"":2,""10101100"":2,""11011010"":4,""00111110"":1,""11010110"":2,""10100010"":9,""11100100"":3,""11101110"":2,""00011110"":1,""10111100"":2,""01111100"":2,""00011000"":1,""11011100"":3,""00110100"":1,""00101000"":1}"
48,x,4000,0.32599999999999996,0.6915,0.16149999999999998,0.0020000000000000018,0.38049999999999995,0.785,0.01849999999999996,-0.044499999999999984,"{""00010000"":39,""11000000"":104,""01010010"":10,""10000001"":68,""01010000"":35,""11000100"":78,""01110000"":10,""11010000"":41,""00100100"":10,""01001100"":75,""11000001"":45,""01000010"":18,""00110101"":7,""01100000"":10,""00110001"":5,""11000111"":11,""10000111"":10,""10000000"":111,""00010100"":35,""10000101"":51,""00110100"":14,""11101000"":10,""00000100"":77,""10000010"":19,""00110010"":4,""10000100"":84,""01000001"":47,""11001000"":116,""00010010"":8,""01000000"":77,""01000101"":31,""01010011"":6,""01000100"":69,""11000011"":7,""00010110"":4,""11001101"":43,""01110101"":3,""10010100"":29,""11100100"":12,""11010101"":11,""00000101"":45,""10010001"":20,""10000011"":22,""11000101"":51,""10010111"":3,""11010010"":6,""11010001"":20,""01010001"":21,""01010100"":23,""00000001"":49,""11010011"":3,""10000110"":12,""10001001"":48,""00001000"":100,""00001101"":37,""01000110"":8,""11010100"":30,""01000011"":6,""00110000"":11,""00010101"":10,""11110100"":10,""11010111"":6,""00000000"":101,""10010000"":43,""10110001"":6,""01110010"":2,""11011000"":54,""11110000"":16,""01001000"":96,""01110001"":4,""10001000"":113,""11110110"":3,""10010010"":9,""00000010"":11,""10011100"":30,""10010101"":12,""11100110"":2,""00010011"":7,""00011010"":10,""11100001"":8,""01100100"":6,""10010011"":11,""11111101"":4,""11101100"":14,""10001101"":41,""10001100"":84,""00001011"":14,""10001010"":20,""11001011"":10,""01001111"":10,""01011000"":52,""10101100"":3,""11001001"":43,""10111000"":5,""11011101"":10,""01001101"":37,""01001010"":15,""00011111"":8,""01001001"":47,""00001001"":60,""11100111"":3,""01101001"":3,""11101001"":5,""10001110"":9,""00111000"":7,""01011100"":28,""00111001"":7,""10111101"":4,""10011101"":9,""00000011"":9,""11001100"":83,""01001110"":9,""11001010"":19,""01001011"":8,""00011001"":17,""01011101"":6,""00011000"":53,""11011100"":24,""10011001"":15,""10011000"":46,""00101011"":1,""11011111"":3,""11011001"":22,""11101011"":4,""00001100"":92,""11011010"":7,""01011001"":17,""11110101"":5,""10011010"":9,""01101000"":6,""00011100"":24,""01111110"":3,""10011011"":7,""10001011"":10,""11111111"":2,""00001010"":16,""00111010"":4,""11111000"":11,""11011110"":3,""01010111"":3,""01010101"":18,""11100010"":3,""10101101"":4,""11001110"":11,""10100100"":3,""01111000"":11,""10100000"":8,""00000110"":8,""10001111"":7,""01011110"":4,""00001110"":12,""00101110"":2,""11111110"":3,""00101001"":4,""00101101"":4,""11011011"":8,""10101000"":5,""01011011"":8,""00100010"":2,""11110001"":6,""01100111"":3,""10010110"":9,""01000111"":7,""00100000"":10,""00010001"":16,""11100101"":6,""10110011"":1,""11111001"":6,""00011101"":11,""00111101"":2,""11111100"":8,""10011111"":4,""11000110"":11,""00011110"":3,""01111100"":7,""10111100"":5,""00011011"":6,""00001111"":5,""00111111"":2,""01011010"":9,""01111111"":1,""11101110"":2,""01110110"":2,""00000111"":5,""11000010"":15,""01100010"":3,""11010110"":4,""11110011"":2,""00110110"":1,""10110000"":5,""01110100"":4,""11100000"":9,""10100010"":2,""11110010"":2,""11001111"":7,""01101111"":1,""00100111"":1,""00010111"":1,""01111001"":4,""10100110"":1,""01100101"":3,""01111101"":2,""01101010"":2,""00101000"":6,""10011110"":2,""00100001"":5,""00101100"":2,""01010110"":3,""10110111"":1,""01100001"":1,""00101010"":1,""00100101"":2,""10111001"":1,""00111100"":4,""10110100"":1,""01011111"":1,""01111010"":2,""01101101"":2,""10110010"":2,""10100101"":1,""10101001"":1,""01101100"":1,""11111010"":1}"
49,x,4000,0.09750000000000003,0.758,0.045499999999999985,0.014000000000000012,0.09950000000000003,0.5820000000000001,-0.391,-0.4544999999999999,"{""10101000"":15,""11001000"":105,""01011011"":3,""10111000"":23,""11001101"":95,""10001001"":24,""11011100"":73,""11100101"":35,""11001001"":87,""00101100"":5,""11011000"":95,""11011001"":85,""11101100"":39,""00001100"":20,""01001000"":31,""11011101"":79,""11101001"":39,""00001001"":13,""10011001"":46,""11101000"":39,""10111100"":15,""01001001"":38,""11001100"":90,""11011011"":20,""00000000"":27,""10101101"":6,""01011000"":29,""00100000"":4,""10011100"":28,""00011000"":17,""11001010"":16,""10000000"":30,""10111101"":10,""10001101"":23,""01101001"":8,""01001100"":35,""01001101"":35,""00001101"":22,""11010101"":60,""01011101"":23,""00001000"":17,""11001111"":12,""01101110"":1,""00010010"":6,""01111101"":3,""01010100"":32,""01011001"":28,""00011100"":14,""11010010"":20,""11101101"":30,""10000101"":34,""10010001"":30,""11011010"":16,""01011111"":6,""01011100"":31,""11011111"":10,""00011001"":24,""11010011"":10,""01001110"":2,""11111000"":11,""11001011"":17,""10001000"":29,""01101000"":16,""00011101"":13,""10011000"":51,""01111010"":1,""10011101"":29,""11111001"":7,""10101111"":2,""10001100"":38,""11010001"":72,""11010100"":105,""11001110"":12,""01010000"":49,""11101111"":4,""10001010"":7,""10101011"":5,""01000001"":33,""01010101"":31,""11100111"":6,""11010000"":100,""11000101"":101,""01011010"":5,""10101001"":8,""10010100"":35,""10001110"":3,""10101100"":12,""01010001"":33,""00011110"":2,""10010101"":42,""10011010"":7,""10011110"":2,""10000100"":29,""10111001"":18,""01101101"":7,""10110110"":4,""11100100"":51,""11000001"":70,""00000001"":16,""10001011"":5,""01100100"":12,""11101110"":6,""01001010"":8,""11111101"":4,""01100000"":16,""10010111"":5,""01011110"":1,""01101100"":7,""10011011"":5,""11111100"":6,""11101010"":3,""00010101"":14,""10001111"":4,""11101011"":5,""11000100"":116,""11100001"":29,""11000011"":13,""10010010"":4,""10000001"":17,""01000100"":31,""11000000"":109,""11000111"":11,""10000010"":9,""11000010"":11,""10100000"":11,""11100000"":47,""11100010"":10,""10100101"":9,""11100011"":9,""10010000"":44,""00010000"":25,""11010110"":13,""11000110"":11,""00110000"":4,""00100110"":1,""10110101"":16,""01000101"":32,""00000101"":14,""11110100"":6,""00000100"":21,""10000111"":5,""11010111"":12,""01110010"":1,""00000111"":2,""11111010"":1,""00101101"":9,""00101001"":5,""11011110"":9,""01101011"":1,""10110001"":13,""00001110"":1,""00111000"":3,""00101011"":2,""01101010"":2,""10101110"":3,""01000000"":41,""00100101"":6,""01110001"":3,""00010100"":14,""10111011"":1,""01000110"":4,""10111010"":4,""00100010"":2,""01110101"":3,""11110000"":11,""10110100"":18,""01010011"":4,""10100001"":11,""10110010"":5,""01100101"":4,""01100001"":6,""01010010"":7,""10100100"":12,""10010110"":5,""00010011"":2,""11110101"":7,""10110000"":10,""00010001"":10,""01010110"":3,""10100111"":1,""01000010"":8,""11100110"":4,""00010111"":3,""01000111"":4,""00100100"":4,""00100001"":5,""11110001"":3,""01111000"":7,""01110100"":3,""01100110"":1,""00101000"":7,""00011111"":1,""00111111"":2,""00001010"":5,""11110010"":1,""10000011"":3,""10000110"":3,""11110110"":1,""10010011"":2,""10110011"":2,""01001011"":2,""01001111"":1,""01111001"":2,""00011010"":2,""01111100"":4,""00111001"":1,""00111100"":2,""11110111"":1,""10111111"":1,""10111110"":2,""01100011"":1,""01101111"":1,""00000110"":2,""00101110"":1,""01111111"":1,""00010110"":1,""10110111"":1,""00000011"":4,""01010111"":5,""01110000"":3,""11110011"":1,""00001011"":1,""10101010"":1,""00001111"":1,""00110100"":1,""01000011"":1,""00100111"":1,""10011111"":1,""01100111"":1,""00110101"":1}"
50,x,4000,-0.20599999999999996,0.09150000000000003,-0.09050000000000002,-0.010000000000000009,-0.3919999999999999,0.22699999999999998,0.21399999999999997,-0.31699999999999995,"{""10110111"":46,""10010001"":47,""11010001"":10,""11010110"":17,""11010010"":19,""10010000"":46,""10110000"":25,""10000100"":14,""01110010"":6,""10010011"":56,""10110101"":48,""11000110"":2,""10000011"":30,""01010101"":43,""10110100"":55,""01010100"":32,""10010110"":46,""01010001"":36,""11111001"":9,""11110101"":12,""11111101"":16,""00110000"":8,""11000101"":6,""10000101"":35,""11010101"":12,""01110000"":11,""11110011"":5,""01010000"":27,""10010100"":84,""10010111"":64,""01110100"":16,""10010010"":29,""01000100"":20,""11100100"":6,""11000010"":3,""11100001"":5,""11110100"":13,""10110001"":49,""11010100"":23,""11000100"":5,""01000011"":15,""10100001"":13,""01110111"":16,""00000001"":3,""01000001"":19,""01010011"":31,""10111010"":27,""01000101"":19,""10010101"":93,""11101001"":8,""10011101"":67,""00100111"":7,""00000100"":6,""00101111"":9,""01010110"":39,""11000001"":8,""11100101"":15,""01110011"":12,""00110001"":10,""11000000"":4,""01011011"":36,""01100001"":3,""10110011"":36,""11010011"":9,""10000001"":22,""00010011"":3,""00111011"":14,""10011111"":67,""00111001"":7,""10101000"":6,""10000111"":22,""10100010"":7,""00010101"":10,""00110111"":8,""11110111"":8,""11100000"":5,""11011001"":15,""10111111"":40,""01000110"":19,""01010111"":31,""10100110"":8,""11010000"":9,""01011111"":47,""01000111"":17,""00000101"":11,""00100011"":7,""10100011"":17,""10110110"":32,""01110001"":9,""10100100"":9,""10000000"":12,""10011001"":92,""01010010"":20,""11001000"":2,""11101101"":16,""11100011"":7,""10100101"":16,""01101011"":9,""01011101"":47,""11001011"":5,""00000000"":1,""10011011"":62,""10101101"":20,""10111001"":72,""01000000"":8,""01111011"":13,""10011110"":41,""01100101"":5,""10000010"":11,""00000111"":6,""10101010"":7,""11110110"":5,""00110110"":5,""10110010"":30,""01100000"":3,""00010010"":4,""10000110"":23,""00010100"":2,""00100001"":10,""01000010"":14,""11100110"":4,""00100000"":8,""00101010"":3,""10001001"":39,""01011010"":21,""10001111"":25,""00010111"":3,""10001101"":23,""11111010"":2,""01110110"":13,""10100000"":5,""11000111"":7,""01100111"":5,""00100010"":8,""10001110"":16,""00100110"":4,""11101010"":5,""01011001"":39,""00010001"":2,""00101001"":14,""11011000"":6,""11010111"":10,""01011000"":15,""00110100"":4,""00010000"":1,""11111111"":14,""11100010"":6,""11011100"":10,""01110101"":17,""00100101"":9,""01100100"":5,""10111000"":36,""11100111"":8,""01001000"":9,""01100010"":3,""10111101"":61,""01101010"":3,""10001000"":15,""00000010"":2,""00100100"":3,""11110010"":4,""00010110"":3,""01011110"":22,""11110001"":10,""10001011"":27,""00000110"":4,""01111000"":10,""00110101"":5,""11110000"":4,""00101011"":10,""01111001"":19,""01001011"":21,""00000011"":1,""01100110"":3,""10011010"":49,""10011100"":55,""10001010"":14,""01100011"":4,""01111111"":17,""00011111"":3,""11011101"":17,""10100111"":3,""10011000"":34,""10101001"":11,""11101100"":8,""01001100"":14,""01111110"":6,""01001101"":21,""10111110"":16,""01001001"":28,""10111100"":51,""10111011"":42,""00011001"":4,""00111010"":6,""00101101"":7,""10101011"":12,""01001010"":7,""10001100"":20,""01111010"":10,""11001110"":5,""11111011"":9,""01001111"":24,""11011111"":15,""11011011"":11,""01001110"":15,""00101100"":7,""01011100"":25,""01101100"":3,""11000011"":4,""11001101"":7,""00101110"":3,""10101100"":7,""11011010"":9,""00001101"":4,""11111000"":2,""11101110"":9,""00111111"":10,""11101011"":5,""01111101"":23,""11101000"":5,""01111100"":7,""11011110"":7,""11001010"":7,""10101110"":9,""11001001"":8,""11001111"":10,""11111110"":6,""00011010"":1,""00011011"":2,""11001100"":3,""10101111"":15,""00111101"":5,""00001100"":4,""00001011"":4,""00011101"":5,""01101101"":5,""00101000"":4,""01101001"":4,""00111100"":5,""00001110"":5,""00001001"":2,""00011110"":2,""11111100"":7,""00001000"":2,""00001111"":3,""00111110"":3,""01101000"":3,""00110011"":3,""00011100"":1,""00011000"":3,""01101111"":3,""00111000"":3,""00001010"":1,""01101110"":2}"
51,x,4000,-0.4404999999999999,-0.11650000000000005,0.20299999999999996,-0.004999999999999893,0.062000000000000055,0.24850000000000005,-0.5914999999999999,0.04049999999999998,"{""11011011"":54,""11101001"":25,""01100011"":40,""11101101"":13,""11001001"":54,""11100011"":38,""01001001"":66,""01011001"":55,""01001111"":60,""00101001"":6,""11111011"":18,""00001101"":5,""01011010"":16,""01101100"":6,""01111111"":32,""10001000"":9,""01001011"":67,""11001011"":55,""01101011"":59,""01001100"":13,""11101111"":27,""01111010"":14,""01000111"":41,""11000111"":40,""10001111"":26,""11011010"":24,""10101011"":11,""01011011"":48,""01101111"":27,""01101001"":49,""10111011"":14,""01010111"":37,""11001101"":26,""11001111"":43,""11111101"":21,""11011111"":42,""10101010"":8,""10000101"":12,""11010111"":28,""01001101"":30,""01011111"":34,""11101011"":38,""11001010"":21,""00001111"":7,""11010000"":19,""01001010"":39,""10001001"":28,""01111001"":26,""11011001"":38,""10111000"":6,""11111001"":12,""11011101"":28,""11101000"":15,""10101101"":3,""10001110"":10,""11111111"":27,""10111111"":7,""01100111"":24,""01011101"":41,""10101000"":6,""01000001"":53,""10011011"":25,""01101101"":20,""11001110"":11,""10001010"":6,""01110000"":17,""10010001"":12,""01111000"":8,""10111001"":12,""01011000"":16,""01011110"":15,""10110010"":8,""11111010"":9,""00011011"":5,""10011001"":13,""10001101"":16,""11111100"":6,""11001100"":7,""11111000"":7,""10011111"":5,""10001011"":24,""11011110"":13,""10111101"":5,""01110001"":25,""10011101"":12,""11101010"":18,""01001000"":22,""01100001"":36,""11000011"":48,""01101110"":5,""00001011"":8,""00100111"":4,""01101000"":17,""11011000"":16,""10001100"":4,""01010001"":59,""00000000"":5,""10011010"":7,""11000001"":28,""01011100"":9,""11100001"":21,""01100000"":23,""01101010"":18,""10010100"":3,""00001010"":4,""10010010"":8,""11001000"":16,""00010100"":2,""00101010"":6,""00011101"":5,""11010110"":11,""11011100"":12,""01100110"":15,""10111110"":5,""01111101"":23,""11000101"":30,""00111001"":5,""10010011"":22,""11110100"":5,""01110100"":7,""10010101"":9,""01010110"":16,""00111011"":6,""00101100"":1,""01100101"":13,""00111100"":1,""01000011"":71,""01010011"":72,""01010000"":22,""00011111"":7,""01001110"":15,""01010101"":43,""11010011"":51,""10000100"":6,""10101001"":9,""00110110"":3,""01110101"":28,""10000001"":12,""01110011"":28,""01000010"":29,""01000110"":15,""01100010"":26,""01110110"":8,""01010010"":35,""11110011"":12,""11110010"":8,""11000010"":18,""00110101"":11,""11010010"":24,""10110101"":12,""01100100"":13,""10000010"":7,""00010011"":9,""10110111"":13,""00110000"":8,""01010100"":10,""01110111"":37,""00000010"":3,""11110111"":24,""11100010"":16,""01111110"":6,""10010110"":8,""11010001"":46,""11100100"":11,""01000101"":39,""11100000"":10,""10100000"":2,""10000011"":20,""11100110"":8,""00110011"":11,""00100010"":4,""10110001"":6,""00010010"":5,""11010101"":30,""01111011"":30,""11101100"":3,""00111111"":7,""11110000"":7,""00101101"":4,""00000100"":3,""10011100"":2,""11101110"":5,""11000110"":11,""11110110"":9,""10000110"":4,""00010111"":5,""01000000"":23,""00000011"":7,""10100011"":20,""11000100"":13,""11010100"":14,""00110111"":6,""10010111"":14,""01110010"":10,""10100001"":5,""11100111"":24,""00100101"":3,""00000001"":8,""00100000"":1,""00101111"":4,""00001100"":3,""11100101"":11,""10000000"":13,""00000111"":4,""11110101"":18,""00010101"":4,""10100101"":2,""11000000"":15,""10000111"":11,""00010001"":3,""11111110"":5,""11110001"":14,""00100100"":2,""00000110"":1,""10100111"":5,""10110110"":3,""01000100"":9,""00110001"":6,""10110011"":10,""00100011"":5,""10111010"":3,""00101011"":10,""01111100"":2,""00111000"":2,""00010000"":3,""00100001"":5,""00001001"":5,""10110000"":2,""00111010"":2,""10111100"":2,""00011001"":2,""00011000"":2,""00110010"":3,""10010000"":5,""00011110"":2,""10101111"":4,""10101100"":1,""00111101"":3,""00101110"":4,""00001110"":2,""10011000"":3,""00001000"":4,""00110100"":2,""10011110"":3,""00000101"":5,""10110100"":2,""00011010"":2,""10100110"":2,""00010110"":2,""00100110"":2,""10100010"":1}"
52,x,4000,-0.3314999999999999,0.020000000000000018,-0.007500000000000062,0.007000000000000006,0.49350000000000005,0.6134999999999999,-0.1279999999999999,-0.5429999999999999,"{""10111010"":5,""10001000"":40,""11001011"":121,""11001101"":109,""01111101"":8,""11000011"":122,""00011000"":5,""11111100"":9,""11001111"":103,""10001111"":52,""11001100"":68,""10111000"":3,""11100001"":10,""00110110"":4,""11111111"":15,""10001110"":27,""10001010"":34,""11011100"":18,""11111001"":19,""00101000"":4,""00101011"":9,""11011001"":25,""11001001"":117,""10001001"":64,""11001000"":49,""10001011"":66,""11101101"":12,""10011010"":7,""11111010"":5,""00000101"":38,""00001110"":23,""11011110"":9,""10111111"":6,""10111011"":15,""01101000"":3,""11000010"":75,""10001101"":69,""10101101"":6,""00011101"":6,""00111110"":5,""01101011"":3,""11101001"":8,""11001010"":53,""11001110"":52,""00111011"":5,""11000101"":148,""01001011"":9,""10111001"":14,""10011000"":2,""10111110"":6,""11011011"":28,""11011101"":21,""00000011"":38,""11000111"":111,""10010111"":11,""00001001"":41,""00001100"":17,""01001001"":7,""10101111"":4,""01001111"":7,""01101110"":3,""00101010"":4,""00101111"":9,""10011101"":11,""10011011"":13,""00001101"":36,""00111100"":3,""01001101"":10,""11111000"":4,""10101001"":8,""10000111"":47,""01111011"":8,""10000011"":56,""00011100"":9,""10000001"":57,""11011000"":9,""10001100"":42,""00000110"":13,""00101100"":5,""00011001"":6,""01011011"":4,""10011110"":2,""01111000"":3,""11101110"":2,""00001111"":29,""10011111"":8,""10000101"":73,""00001011"":26,""01111010"":5,""01011111"":1,""11000100"":61,""10101100"":3,""11000001"":115,""11111110"":10,""01101111"":3,""00011011"":11,""00001010"":26,""11010001"":33,""01001100"":6,""01100101"":8,""01001110"":3,""11011010"":17,""11101000"":4,""11111101"":18,""00101101"":12,""00001000"":8,""00101110"":6,""11011111"":21,""11000110"":65,""10101011"":7,""11010111"":23,""00000001"":36,""11101010"":7,""00111111"":5,""11010101"":25,""10011001"":7,""01000011"":10,""11111011"":19,""10000110"":34,""10101010"":4,""01111100"":2,""11101111"":4,""00101001"":10,""00110111"":5,""01110100"":4,""11110010"":4,""10100001"":7,""11010100"":18,""01001010"":4,""01100111"":5,""01100001"":7,""01011101"":4,""11110100"":12,""10110101"":11,""00011111"":4,""00111010"":2,""00111001"":9,""11010110"":24,""11101011"":8,""01011001"":3,""00111000"":2,""00100101"":13,""01000110"":4,""01101101"":3,""00000111"":36,""10110011"":14,""11000000"":46,""11010011"":35,""10000010"":34,""00010101"":9,""00010011"":6,""00110010"":2,""11010010"":15,""11100011"":10,""10000000"":20,""01000000"":4,""10010101"":12,""00100111"":11,""10110001"":9,""00100000"":2,""10110100"":6,""00000000"":9,""01110001"":8,""11110001"":20,""00000100"":22,""00100011"":7,""00010001"":8,""11110110"":9,""00100001"":11,""00100100"":6,""00000010"":20,""10000100"":34,""10110111"":12,""11100110"":5,""10111101"":7,""01111110"":4,""10010010"":4,""00011010"":6,""01011100"":3,""01011000"":2,""01110101"":6,""10100011"":4,""00110001"":6,""01110011"":3,""11110011"":17,""11110111"":14,""00110101"":8,""00010111"":5,""00010100"":4,""11110101"":19,""10010100"":7,""01100011"":2,""11100101"":6,""00010000"":4,""10110110"":2,""10010011"":13,""01000101"":5,""00110000"":2,""01110000"":4,""01010101"":3,""11100000"":2,""00100010"":8,""00010010"":3,""00110011"":1,""10010001"":8,""11100111"":8,""10010110"":7,""01110110"":3,""11100100"":4,""10110000"":4,""10011100"":5,""10100110"":4,""01000001"":4,""01000111"":2,""11010000"":3,""00011110"":4,""01010001"":3,""10100100"":2,""00010110"":2,""01100110"":2,""10100111"":2,""00100110"":5,""01010011"":2,""01111001"":2,""00111101"":3,""10111100"":6,""10110010"":3,""11100010"":6,""00110100"":1,""01001000"":3,""01111111"":1,""01101100"":2,""11101100"":5,""10101000"":3,""01011010"":3,""11110000"":3,""10101110"":1,""01010000"":1,""10100010"":1,""01110010"":2,""10010000"":1,""01100100"":1,""10100101"":2,""01010111"":2,""01000100"":1,""01100010"":1,""10100000"":1,""01110111"":1,""01010110"":1,""01101001"":1}"
53,x,4000,0.12949999999999995,0.6615,0.14749999999999996,0.021499999999999964,0.27049999999999996,0.815,-0.1479999999999999,-0.6205,"{""11000100"":110,""11010000"":80,""11000011"":32,""10000001"":91,""01010101"":10,""10000100"":85,""10001001"":74,""11010001"":75,""11001100"":132,""10110001"":6,""11100101"":6,""10010110"":11,""00010100"":10,""11110001"":5,""10000000"":97,""11010101"":69,""00000111"":8,""11001001"":115,""00000011"":4,""01000101"":15,""10010101"":37,""00010011"":5,""11010100"":62,""00000000"":27,""00000100"":29,""11000001"":124,""11000101"":118,""10000111"":19,""11000000"":141,""10010001"":36,""11010111"":12,""10010111"":11,""11011101"":48,""11000110"":11,""10010000"":46,""01110101"":2,""01000100"":9,""10010100"":46,""11000111"":23,""10000101"":62,""10100101"":5,""01010000"":13,""01110111"":1,""00000101"":25,""11110010"":4,""01000000"":23,""00010001"":15,""11110000"":10,""01111001"":8,""10100110"":2,""00000001"":30,""01010001"":5,""10100010"":2,""11011100"":72,""01100001"":8,""10000010"":14,""01000001"":13,""00010000"":28,""11001000"":194,""10100000"":8,""01010110"":4,""10000011"":11,""11110101"":5,""11010011"":13,""00100110"":1,""11001101"":55,""10110100"":10,""00010110"":3,""01100111"":3,""01100000"":4,""10100100"":5,""10001000"":129,""11011001"":50,""00001101"":10,""10000110"":11,""11000010"":25,""10010010"":8,""01100101"":4,""11011000"":89,""00110101"":2,""10001011"":18,""10011101"":23,""10010011"":12,""11110100"":6,""01010111"":4,""10110101"":5,""11100100"":8,""00000010"":5,""00001001"":23,""10110000"":4,""11011010"":21,""01011000"":15,""10001111"":11,""10001010"":16,""11001110"":18,""00111001"":4,""10001100"":56,""11111110"":4,""00001000"":52,""11001011"":34,""11001111"":25,""00001010"":9,""01001101"":10,""10011000"":44,""11101001"":6,""00011001"":13,""00011101"":8,""00010010"":7,""10011100"":44,""11001010"":35,""01101100"":5,""11111100"":6,""10011011"":5,""01001000"":22,""00010101"":9,""11011110"":11,""10001110"":10,""11101100"":5,""10001101"":53,""10011010"":10,""11111000"":15,""01101110"":1,""00001100"":30,""10101100"":13,""01000010"":3,""00010111"":5,""01001011"":2,""01000111"":2,""11111001"":9,""11100000"":10,""10111000"":13,""10110010"":1,""10100111"":2,""11010010"":25,""10101101"":3,""10111100"":3,""01011100"":11,""10011001"":30,""10011111"":8,""01011101"":8,""01011001"":7,""00011011"":1,""01111000"":9,""01001111"":3,""11101000"":5,""00011000"":21,""10111111"":1,""00101010"":3,""01001010"":8,""01001001"":13,""00110100"":2,""11010110"":5,""01000011"":5,""01100010"":2,""01010010"":4,""10101000"":6,""11101101"":7,""11011011"":14,""01101011"":1,""00001111"":3,""00111110"":1,""11101111"":1,""00100100"":2,""01010100"":6,""01001100"":20,""00111100"":3,""00001110"":6,""01111100"":2,""11111101"":2,""11101110"":2,""10111001"":8,""00011010"":4,""01101000"":2,""11011111"":10,""10111101"":4,""10101111"":1,""10101010"":2,""01101001"":2,""10011110"":8,""01101111"":1,""01011010"":1,""00100111"":2,""00100010"":2,""11110011"":3,""00110001"":1,""00110011"":1,""01110001"":2,""11111011"":1,""10110011"":2,""01000110"":2,""11100001"":4,""00101001"":1,""11110111"":3,""00011100"":5,""00100101"":5,""01110011"":1,""01010011"":2,""10111011"":1,""00111000"":3,""01101101"":1,""00011111"":2,""01111010"":1,""11101010"":2,""00101101"":1,""10110111"":2,""10100001"":7,""01110000"":4,""00000110"":3,""11100010"":2,""01100100"":4,""00101000"":2,""10110110"":2,""11111010"":2,""00011110"":2,""00111101"":2,""00110000"":2,""10111010"":1,""01111101"":2,""00100000"":1,""11111111"":2,""01011111"":1,""10101001"":1,""00001011"":3,""10101110"":1,""00110111"":1,""11100111"":1,""01110100"":1}"
54,x,4000,-0.026999999999999913,0.5640000000000001,0.27749999999999997,0.0040000000000000036,0.1795,0.7675,-0.14500000000000002,0.3005,"{""11000100"":7,""00000000"":36,""00010110"":4,""10010101"":34,""00000101"":15,""10000001"":75,""01000100"":72,""01000111"":38,""11000000"":19,""01000011"":35,""01000001"":128,""10000101"":61,""10010000"":51,""01100000"":17,""10001000"":83,""01010000"":90,""01001010"":35,""00000001"":34,""10010001"":41,""10000000"":91,""10010011"":20,""10000011"":24,""01010101"":64,""01010001"":90,""10110100"":3,""01001000"":143,""00001001"":33,""01010010"":23,""00000011"":5,""01000110"":15,""10110000"":9,""01000010"":38,""01011001"":94,""01001011"":36,""10010100"":31,""01010011"":25,""00001000"":37,""10011101"":19,""00010000"":23,""11000110"":1,""01000101"":82,""01011101"":49,""01111000"":17,""10101011"":2,""10011001"":54,""01011100"":48,""00101101"":5,""10100001"":4,""00010101"":24,""10001001"":65,""10110110"":1,""01000000"":131,""11010100"":3,""01011000"":104,""01101001"":15,""01011011"":28,""11000011"":5,""01001100"":73,""00001011"":10,""00110001"":8,""01111011"":6,""01001110"":18,""10000111"":17,""00000100"":25,""11010000"":8,""10011100"":37,""10100101"":6,""11000001"":9,""10000100"":38,""11100000"":5,""00011100"":17,""11010001"":11,""10110101"":4,""10001100"":35,""10000110"":8,""10011000"":54,""01110000"":9,""01100111"":6,""00000111"":3,""00100111"":4,""10010111"":10,""01010100"":37,""00010010"":4,""10100100"":7,""01001101"":78,""01100100"":5,""01110010"":3,""10010010"":16,""11010110"":2,""00100100"":4,""01010111"":27,""10011011"":21,""01100001"":14,""01100101"":7,""11010101"":3,""10000010"":20,""01110011"":3,""11110001"":6,""00000110"":4,""00010100"":10,""01100010"":7,""01110001"":14,""00010001"":20,""00110000"":10,""10100011"":5,""00100000"":5,""00010111"":4,""10010110"":8,""00111000"":13,""10100000"":9,""10001101"":43,""01110110"":1,""10001010"":18,""01001001"":146,""00010011"":6,""01010110"":17,""10100010"":1,""10110011"":2,""00001100"":16,""11001000"":23,""11010010"":2,""11000111"":5,""00100010"":2,""01111010"":3,""11110000"":4,""00100001"":5,""11111001"":8,""00001110"":6,""01001111"":37,""10101100"":3,""11101101"":5,""00011001"":24,""10011111"":8,""00011110"":3,""11011000"":10,""00011101"":12,""10101001"":3,""00011000"":24,""01111100"":3,""00001101"":19,""01011110"":9,""00011010"":4,""10111000"":4,""10001111"":20,""10101101"":5,""00001111"":5,""00101010"":5,""11001010"":3,""10001011"":23,""01011111"":24,""01011010"":23,""10100111"":2,""01101100"":10,""00100011"":1,""01100011"":2,""11100100"":4,""10101010"":3,""11000101"":12,""11000010"":2,""01110100"":4,""00110011"":2,""11111000"":3,""10110010"":4,""00011111"":2,""00111100"":3,""10011110"":3,""10111100"":5,""00101100"":2,""00001010"":6,""11001100"":8,""10111011"":4,""11011100"":4,""11001011"":3,""00111001"":7,""00101000"":8,""10001110"":7,""11101110"":1,""01101111"":2,""01101000"":14,""00111101"":2,""11011001"":11,""00011011"":5,""11001101"":9,""11011111"":1,""11001001"":15,""01101110"":1,""10111010"":2,""11011011"":4,""10111111"":1,""00101001"":7,""10111001"":10,""10101110"":2,""01111001"":6,""01110101"":5,""00110100"":3,""10011010"":11,""00111111"":2,""11101001"":2,""00110101"":2,""11011101"":3,""11111101"":2,""01101101"":4,""01101011"":4,""00000010"":5,""00110010"":2,""10110001"":4,""11110010"":2,""11110100"":2,""11110101"":1,""10100110"":1,""11010011"":1,""00100101"":2,""11100011"":1,""00101110"":2,""10101000"":1,""01111111"":2,""11001111"":1,""11100001"":1,""00111011"":1,""11101000"":3,""01111101"":2,""11100101"":3,""01100110"":1,""00111010"":3,""10111101"":1,""11011010"":1,""11111100"":1,""11101100"":3,""01101010"":1,""11011110"":1,""00101111"":1,""11111111"":1}"
55,x,4000,0.132,0.5845,0.40449999999999997,-0.020499999999999963,0.05900000000000005,0.771,0.3135,-0.4059999999999999,"{""11011000"":56,""11001100"":39,""10001011"":41,""11101001"":9,""00011000"":48,""10001100"":73,""00100000"":10,""10011001"":106,""01010110"":4,""10001010"":31,""10011100"":67,""10000100"":68,""01101010"":4,""10011011"":30,""10011000"":132,""00010100"":22,""00010011"":9,""10011010"":27,""10001101"":55,""00111000"":15,""10000010"":33,""10111001"":8,""10111100"":3,""11011010"":17,""00111010"":1,""00011001"":44,""11001011"":22,""10001001"":92,""10001000"":154,""00101001"":7,""00011011"":12,""11001000"":70,""11001001"":44,""11011001"":66,""00011100"":24,""11011100"":23,""01011000"":24,""00001011"":12,""11011111"":9,""10100000"":14,""01001100"":8,""01111010"":3,""01101001"":6,""00001100"":36,""11001101"":20,""01011110"":3,""10001111"":17,""01011010"":5,""10101011"":5,""11101100"":4,""10000001"":94,""01111100"":6,""11001010"":16,""10101000"":14,""10000000"":174,""01001001"":10,""01001110"":2,""01101000"":13,""10011110"":12,""01000011"":5,""10011101"":36,""00110011"":2,""11010000"":73,""10010001"":84,""01100001"":6,""00000000"":54,""01100000"":17,""01000000"":25,""11100001"":8,""10000101"":41,""11010111"":7,""00010000"":57,""00000100"":14,""11010101"":23,""10100010"":2,""00010001"":35,""10101001"":6,""10000011"":42,""10000110"":14,""01000001"":22,""10010100"":64,""00000101"":17,""01010100"":6,""00001000"":49,""10110000"":7,""00010101"":22,""01011001"":15,""01000100"":10,""11000001"":53,""01010000"":29,""10110101"":3,""00001001"":46,""10010010"":29,""11110001"":4,""01010011"":5,""11010001"":47,""01110000"":12,""10010000"":117,""00110101"":6,""00000011"":15,""11010011"":11,""11010100"":20,""10000111"":11,""11000000"":69,""01001111"":3,""11100100"":4,""10010101"":23,""00000111"":10,""01010001"":16,""11011101"":18,""01011100"":8,""10001110"":12,""01111000"":5,""01001010"":6,""11001111"":7,""00011010"":11,""10111101"":3,""01001000"":24,""10101111"":1,""11101000"":8,""11010010"":13,""00000010"":10,""00000001"":27,""00100001"":5,""01100100"":6,""00010010"":16,""11111000"":11,""10010011"":27,""00011110"":3,""10100001"":10,""01110001"":10,""01110010"":2,""00110000"":10,""10010111"":17,""11000011"":8,""11000100"":31,""01000101"":14,""11000010"":18,""10110001"":8,""00001101"":13,""10011111"":13,""11011011"":23,""00101011"":2,""01111001"":8,""11111001"":6,""00101101"":3,""00001111"":8,""01011111"":7,""11011110"":5,""00001110"":7,""01101100"":4,""10101101"":6,""00101100"":2,""00011111"":5,""10100111"":2,""01111101"":7,""01100011"":8,""00001010"":6,""00011101"":11,""01011101"":6,""01111110"":3,""00101010"":2,""01101101"":6,""00111101"":3,""11001110"":6,""00010111"":3,""11000101"":22,""11000111"":7,""11100000"":6,""00111011"":2,""00000110"":8,""11000110"":4,""10010110"":10,""00110100"":2,""11100011"":2,""10110100"":5,""01010010"":7,""01110011"":2,""11110000"":1,""01111011"":2,""11101111"":1,""10111000"":7,""11111100"":5,""10100100"":6,""10100011"":2,""01010111"":2,""01100111"":1,""00110111"":3,""11100010"":4,""11111010"":1,""00101000"":3,""01001101"":7,""01100010"":4,""00101110"":1,""01000010"":7,""00111100"":1,""11110101"":2,""10111010"":4,""01110100"":3,""00100101"":3,""10100101"":2,""01101111"":1,""11110110"":1,""01010101"":2,""00100011"":1,""01000110"":2,""10101100"":3,""11101011"":2,""10101010"":3,""10110011"":1,""01011011"":5,""01001011"":3,""11110100"":4,""01101011"":1,""11100101"":2,""10111011"":2,""00111001"":4,""11111101"":1,""00110001"":4,""11111011"":1,""00101111"":2,""11100111"":1,""00110110"":1,""01000111"":2,""00110010"":1,""11110011"":1,""10110010"":2,""00100111"":1,""00100100"":1,""01100101"":1,""01110101"":1,""11010110"":1}"
56,x,4000,-0.19999999999999996,0.251,0.16800000000000004,0.009499999999999953,-0.21649999999999991,0.07250000000000001,0.11250000000000004,-0.5814999999999999,"{""00100000"":10,""11111001"":51,""10100101"":27,""00000000"":16,""00100101"":21,""11110010"":19,""10100001"":28,""11110001"":64,""10110001"":43,""11000111"":10,""11010001"":40,""00110111"":5,""10100100"":23,""10011011"":57,""11010011"":29,""00110101"":7,""10110100"":35,""00100010"":5,""01010110"":7,""11010110"":13,""11110110"":20,""10010111"":32,""10010000"":54,""10010001"":65,""11000101"":40,""10010010"":23,""11001001"":32,""11000100"":16,""10010100"":33,""10110101"":36,""11010000"":25,""10000100"":17,""10010101"":53,""11010111"":23,""01110011"":5,""00010110"":3,""00010001"":8,""11011010"":18,""11000001"":37,""00101100"":13,""00100100"":23,""10100111"":15,""11100101"":8,""11110000"":43,""00110100"":3,""00011011"":7,""01010011"":8,""01000001"":11,""10000110"":7,""00110001"":2,""00101111"":15,""01010100"":6,""11101010"":3,""11110100"":45,""01000010"":8,""11011011"":38,""10110010"":14,""11010100"":29,""10110111"":28,""11011001"":50,""11001011"":23,""10000010"":10,""11110011"":59,""00010111"":8,""11110101"":53,""10100011"":14,""01100100"":7,""10010011"":33,""00010010"":5,""00100111"":20,""10100010"":7,""00000001"":11,""10000001"":41,""11000000"":18,""11101001"":15,""11110111"":19,""11000011"":29,""10010110"":24,""00001111"":8,""00001101"":5,""10110011"":43,""11000010"":12,""10111001"":53,""11000110"":4,""01000110"":5,""10001010"":11,""10011110"":17,""10011000"":58,""11010101"":21,""10000011"":29,""01100000"":3,""10000000"":18,""11100000"":6,""00000101"":8,""10111111"":15,""10100000"":19,""10011010"":28,""10110000"":37,""10101000"":18,""01100001"":10,""00010011"":4,""11010010"":19,""00010000"":6,""10111110"":11,""00101000"":19,""10101011"":18,""00000111"":6,""10000101"":27,""00100011"":13,""01110000"":9,""01001101"":5,""01000111"":4,""10011101"":42,""01000101"":10,""10011001"":77,""01111011"":4,""00010101"":4,""01000011"":5,""11100111"":5,""01010001"":6,""00100001"":17,""01100101"":6,""00110110"":4,""00100110"":4,""11011111"":21,""10001101"":32,""11011100"":25,""10111011"":37,""11101101"":10,""10001100"":25,""10001001"":34,""10110110"":11,""11111100"":27,""11111000"":41,""10101101"":20,""01001011"":10,""10101110"":8,""10101001"":26,""11101011"":12,""11011000"":40,""11111011"":47,""10111100"":21,""10111000"":33,""10001110"":11,""10111101"":35,""01001001"":17,""00011001"":16,""11111101"":36,""11101111"":8,""10011100"":22,""11111111"":21,""10101100"":24,""00011000"":4,""00001011"":12,""00101010"":8,""11001010"":16,""11001101"":15,""10001000"":30,""10001111"":12,""11011110"":16,""00101011"":13,""10101111"":9,""11001000"":21,""01011010"":5,""11011101"":30,""10011111"":36,""00101001"":26,""00111001"":4,""11111110"":16,""01111101"":5,""00101110"":6,""00001000"":17,""01011100"":2,""10001011"":13,""11001111"":9,""00111111"":2,""10111010"":18,""00111011"":8,""00111010"":3,""01011011"":2,""00001100"":7,""11111010"":26,""01011000"":3,""11001100"":13,""00011101"":6,""00011100"":6,""11001110"":8,""00011111"":5,""01101101"":7,""01001000"":20,""00110011"":4,""11101110"":5,""01001111"":6,""01111111"":3,""10101010"":4,""01101001"":6,""01010111"":3,""01111001"":7,""11100100"":8,""01000000"":13,""01010000"":7,""01101000"":4,""01001010"":4,""01001100"":2,""00001001"":13,""00011010"":5,""01101010"":3,""00111000"":6,""01011001"":8,""00111100"":4,""11101100"":3,""01101100"":6,""00101101"":13,""10000111"":14,""11101000"":7,""01111010"":4,""00111101"":4,""01100110"":4,""01110110"":3,""01101111"":3,""01111000"":2,""01011110"":1,""00001010"":7,""00001110"":1,""11100110"":3,""10100110"":7,""00011110"":3,""01110101"":4,""01000100"":5,""00000010"":5,""11100011"":9,""01110100"":1,""11100001"":11,""01101110"":3,""00110010"":3,""01010101"":10,""00000100"":5,""00000011"":2,""01101011"":3,""01100011"":5,""00010100"":3,""01110111"":1,""01100010"":4,""01010010"":3,""01111110"":3,""01001110"":2,""01011111"":2,""01011101"":4,""11100010"":1,""00111110"":1,""01110010"":1,""01100111"":2,""01110001"":2,""00110000"":1}"
57,x,4000,-0.31200000000000006,0.14800000000000002,0.24350000000000005,-0.008000000000000007,-0.05899999999999994,-0.08099999999999996,-0.4664999999999999,0.5569999999999999,"{""01110010"":22,""01100100"":36,""01100000"":60,""01110000"":70,""01100011"":53,""00000011"":11,""01100111"":35,""00010001"":10,""01110110"":17,""01111111"":41,""01110011"":88,""01110101"":40,""01100001"":53,""01110001"":77,""11100011"":8,""01000010"":21,""01101000"":43,""00100110"":5,""01011010"":11,""01011011"":63,""00110001"":13,""01101101"":53,""00010000"":9,""00110101"":13,""11111000"":7,""10100110"":7,""01000100"":24,""01010000"":32,""01110100"":24,""01110111"":36,""10000010"":3,""01111000"":72,""11110000"":15,""01000000"":52,""00100101"":7,""00110000"":11,""11110001"":13,""00010111"":9,""11111001"":15,""10010000"":13,""11000000"":8,""01000110"":17,""11110100"":6,""01010111"":59,""01100010"":12,""11110111"":9,""00010100"":4,""01111011"":86,""00100011"":7,""00011111"":9,""10000101"":11,""11010101"":3,""10000001"":22,""00000111"":8,""10100101"":8,""01111101"":51,""00000001"":14,""00010110"":3,""01010001"":43,""11010000"":5,""00110011"":21,""11110011"":14,""01000111"":24,""01000101"":31,""10000000"":17,""10100000"":12,""10000111"":7,""10110010"":4,""10100011"":8,""00110100"":3,""00100000"":11,""01010011"":62,""11110110"":3,""10110011"":15,""01001011"":60,""01101001"":53,""01011100"":37,""01101100"":32,""10101001"":10,""01001101"":33,""01011000"":52,""01101011"":70,""01001100"":20,""01111001"":98,""01000011"":64,""10001001"":17,""10011001"":10,""01101111"":52,""01011111"":42,""10111101"":3,""10111111"":7,""00101110"":3,""10001111"":8,""00111001"":17,""01001001"":53,""01101110"":14,""01011101"":44,""01001010"":21,""01011001"":56,""01101010"":15,""10001000"":10,""10001011"":11,""00101100"":13,""00011011"":12,""00111011"":17,""01111010"":21,""10011000"":17,""11011111"":5,""11101010"":3,""01001000"":33,""01001111"":31,""11111011"":12,""01001110"":13,""00101000"":10,""00011101"":12,""10100100"":15,""00111010"":5,""00000110"":2,""10110001"":15,""00100111"":8,""01100101"":40,""00010101"":11,""01010010"":13,""01010100"":29,""11101100"":5,""00000010"":3,""01010101"":36,""01000001"":56,""10000011"":17,""11101011"":4,""10100001"":10,""11010011"":11,""00100001"":15,""11100001"":6,""00000000"":14,""00101111"":10,""00000100"":4,""11011011"":6,""10010101"":10,""11000011"":10,""10110111"":4,""11010100"":5,""00100100"":6,""10010011"":11,""11110010"":3,""10101000"":5,""11000101"":3,""11100111"":5,""11110101"":12,""01010110"":11,""11010111"":4,""00010011"":15,""11000111"":5,""11100101"":5,""00111000"":13,""10111010"":10,""11010001"":7,""10010111"":10,""00110111"":6,""11100000"":8,""01100110"":23,""10100010"":5,""10000100"":6,""00000101"":2,""10010100"":6,""11011000"":10,""10010001"":15,""01111100"":23,""00001111"":9,""11001001"":8,""00001011"":19,""11101001"":11,""10010010"":2,""00010010"":3,""10111100"":7,""00001101"":8,""00011110"":4,""11111101"":8,""00001000"":9,""10101011"":13,""10011011"":16,""10101101"":17,""00011001"":18,""11111010"":4,""10111011"":9,""10011100"":7,""10011101"":11,""11001000"":6,""00011000"":10,""00001001"":20,""10111000"":8,""10001101"":5,""11011001"":4,""11111111"":8,""10101111"":11,""00101001"":7,""10001010"":3,""00011100"":5,""11001011"":11,""00001010"":4,""11111100"":4,""00111101"":7,""10100111"":6,""10110101"":5,""11000001"":4,""10010110"":3,""11101000"":7,""10111001"":10,""11101101"":9,""00101011"":14,""00101101"":7,""11101111"":9,""10011010"":1,""00101010"":2,""10011111"":7,""11011010"":2,""00111111"":7,""01011110"":11,""01111110"":12,""00111100"":6,""11011110"":2,""11001101"":6,""10101100"":4,""11011101"":2,""11001111"":2,""10110100"":4,""00110110"":2,""11100010"":2,""10110000"":10,""00100010"":3,""11000100"":1,""00110010"":5,""11100100"":2,""00011010"":2,""10101110"":2,""10011110"":2,""10001110"":1,""11001010"":1,""11000010"":3,""10000110"":1,""11010010"":1,""10110110"":2,""11100110"":1,""10001100"":2,""11011100"":1,""10111110"":1,""11001100"":2,""00001100"":1,""11111110"":1}"
58,x,4000,0.08150000000000002,0.62,0.15500000000000003,-0.00550000000000006,0.26549999999999996,0.1875,0.377,-0.4305000000000001,"{""10101011"":35,""01111000"":5,""10001001"":66,""11011011"":13,""10101000"":60,""10001100"":81,""11011100"":10,""01101100"":17,""10001000"":107,""10011101"":26,""10101001"":57,""10011001"":44,""10100101"":73,""10111001"":25,""00011100"":12,""00111010"":2,""10011000"":44,""10111110"":2,""01011000"":37,""10101101"":65,""11101001"":13,""10111100"":40,""01001101"":19,""10101010"":14,""10001111"":16,""10001110"":4,""01001100"":26,""00001011"":12,""10001101"":50,""01011101"":17,""10111101"":24,""01010001"":19,""10011100"":43,""11001010"":6,""11001000"":40,""01001000"":37,""00011000"":26,""00101100"":9,""10100000"":106,""11001100"":35,""00001010"":6,""10111000"":59,""10101100"":93,""00111000"":11,""10100100"":106,""10100110"":7,""10110000"":51,""10001010"":20,""10000100"":59,""10101111"":17,""10111111"":5,""00011110"":1,""00001100"":23,""11011001"":24,""11111101"":4,""01001001"":33,""10001011"":29,""10111011"":9,""01001111"":8,""00000100"":19,""01101101"":14,""11011101"":19,""10010011"":22,""00000000"":30,""11011000"":29,""00111001"":6,""00010100"":11,""11001001"":34,""01111001"":4,""00011001"":18,""10010100"":33,""10000001"":58,""00001000"":27,""00001101"":8,""01111111"":1,""00101001"":8,""00101101"":8,""01011001"":23,""11010100"":23,""10011110"":5,""11001101"":15,""11011010"":2,""11011110"":7,""01000100"":17,""01001011"":11,""00111111"":2,""01011100"":17,""11000101"":14,""10000101"":56,""00100101"":14,""00100100"":12,""11010011"":9,""10010000"":53,""10000000"":75,""10100011"":31,""01010101"":9,""00000001"":20,""10000111"":15,""11010001"":18,""01000000"":31,""11000110"":8,""00110001"":6,""10000010"":18,""10010001"":40,""01010010"":8,""10100001"":69,""10000011"":27,""00000110"":6,""10110001"":38,""11110101"":1,""01010000"":18,""10000110"":11,""11000000"":37,""01010100"":15,""00100011"":6,""01110001"":8,""10110100"":49,""01000001"":21,""10010101"":31,""00100111"":6,""10110101"":22,""00100001"":7,""01000111"":3,""01110000"":5,""00010000"":25,""01100100"":21,""11000100"":35,""11010101"":9,""01100101"":19,""11010000"":35,""11000001"":29,""11000011"":14,""11010111"":4,""01100001"":10,""11100001"":9,""10100010"":16,""10010111"":6,""01110100"":4,""00110000"":11,""11100000"":9,""10110011"":11,""01100010"":3,""10010010"":9,""01110101"":3,""10110111"":12,""00010001"":9,""00010101"":7,""10110110"":6,""00010011"":6,""00100000"":7,""11000111"":5,""00110100"":4,""00000111"":4,""00010010"":3,""01100000"":16,""10011011"":21,""11001011"":16,""01011111"":3,""00101000"":17,""11101010"":1,""01011011"":7,""00111101"":4,""11111001"":6,""11101000"":12,""10011010"":16,""01111100"":6,""10011111"":8,""11111010"":2,""00001001"":12,""01101000"":13,""00011010"":4,""11111110"":3,""01000101"":17,""01000011"":9,""11111100"":6,""11101100"":5,""00011101"":7,""01101111"":2,""11001111"":6,""11101011"":1,""01101011"":8,""00011011"":5,""00111100"":9,""11111000"":9,""00000011"":10,""10100111"":21,""11100101"":8,""10110010"":10,""10010110"":5,""01000110"":4,""01010011"":6,""01101010"":4,""11110000"":5,""00101111"":3,""11110001"":4,""11000010"":1,""01010110"":1,""01110111"":2,""01000010"":6,""01011010"":3,""00100010"":4,""11010010"":6,""00000101"":15,""11100100"":5,""11110100"":3,""11111011"":1,""00001110"":1,""10111010"":4,""10101110"":4,""01101001"":14,""00101011"":2,""01100011"":2,""01001110"":2,""11101101"":3,""01111101"":4,""01100111"":2,""11100111"":2,""00110111"":1,""01110010"":1,""00110101"":8,""00101010"":2,""00001111"":2,""00010110"":2,""11011111"":2,""11001110"":2,""00111011"":2,""11100011"":1,""00000010"":5,""00110011"":3,""01110011"":2,""01010111"":3,""00110110"":2,""01111010"":1,""01001010"":3,""11101110"":1,""00101110"":1,""00111110"":2,""11010110"":1}"
59,x,4000,-0.5449999999999999,-0.04049999999999998,0.21150000000000002,-0.00550000000000006,-0.17799999999999994,0.15800000000000003,0.07350000000000001,-0.613,"{""10001011"":34,""11001001"":58,""11101110"":11,""00111011"":13,""00001111"":13,""01000110"":1,""11011011"":64,""11001011"":58,""10001110"":6,""10111111"":56,""11001111"":48,""11011110"":13,""11011000"":12,""11111011"":26,""01101101"":6,""11111001"":52,""10111101"":34,""10011111"":45,""11011101"":56,""00101011"":21,""10001001"":48,""10111000"":17,""11110001"":41,""10011011"":53,""10111011"":66,""11011001"":64,""11101011"":20,""11001010"":14,""10101000"":2,""01101111"":10,""10011010"":23,""10011110"":15,""00101010"":4,""10001010"":13,""10101001"":27,""11101111"":12,""00111001"":12,""11010100"":12,""10101011"":27,""10111001"":103,""10001111"":39,""10011001"":56,""11111110"":6,""11111010"":7,""10010000"":9,""11000111"":38,""00101001"":26,""11010011"":80,""00101111"":12,""11001101"":27,""10011101"":39,""10101111"":19,""00001000"":8,""10101101"":18,""11011111"":41,""11010001"":57,""11011010"":28,""11101010"":5,""11000011"":36,""01101010"":5,""10011000"":8,""10010101"":61,""10101010"":15,""11111101"":20,""10101100"":4,""10010111"":50,""01001010"":3,""01000011"":13,""01110001"":6,""00100001"":20,""10000101"":17,""10010010"":33,""00100111"":13,""01100101"":12,""11000101"":23,""10000001"":34,""01100011"":16,""01000001"":16,""11000001"":46,""01001000"":2,""10010100"":11,""10110011"":61,""11100001"":25,""11010111"":53,""10110111"":51,""10110001"":83,""01001001"":7,""10110010"":27,""11000110"":14,""10010011"":61,""10000100"":6,""10010001"":68,""10000110"":11,""00110001"":8,""10000111"":21,""11100101"":9,""10100011"":18,""10100001"":34,""11110011"":30,""00010000"":6,""00010111"":10,""11010101"":64,""01010011"":10,""10110101"":37,""11001000"":9,""10010110"":11,""00000111"":11,""01000101"":8,""11100100"":5,""11010010"":36,""00101110"":4,""10100101"":15,""00010100"":2,""11100110"":4,""00000101"":10,""00010011"":9,""11010000"":13,""01011101"":5,""11111111"":25,""01011011"":9,""01010010"":5,""00000001"":22,""00001011"":7,""01001111"":15,""00010101"":2,""11101001"":23,""01111111"":6,""10001000"":7,""01011001"":8,""01011111"":3,""11011100"":11,""01001011"":6,""00001001"":17,""01101011"":10,""00011101"":8,""10101110"":6,""11001110"":14,""11100011"":14,""11001100"":4,""10011100"":11,""00011111"":6,""10001101"":17,""10100010"":8,""11101101"":8,""01011110"":2,""01001101"":5,""01101000"":5,""01101001"":18,""01111010"":2,""10111010"":23,""01011100"":4,""10001100"":7,""01000010"":3,""00001110"":3,""11111000"":13,""00011001"":10,""10100111"":9,""10111100"":22,""10111110"":15,""10110110"":11,""00001010"":2,""01111110"":4,""00101100"":2,""11101000"":3,""01110110"":2,""00011100"":2,""00101101"":7,""01111011"":4,""00111101"":5,""00011011"":10,""00001100"":3,""00000011"":14,""11010110"":15,""01010101"":5,""10000011"":36,""01001110"":5,""11100111"":11,""00100011"":19,""11110110"":11,""00110111"":5,""10000010"":18,""11110111"":19,""11000100"":8,""11100000"":8,""00011010"":4,""00110110"":1,""11110000"":7,""01100111"":11,""01000111"":9,""00100110"":7,""11000010"":23,""01110101"":6,""00100101"":6,""11110101"":8,""11100010"":13,""10000000"":7,""00010010"":3,""00110101"":4,""11000000"":18,""00100000"":2,""00010001"":8,""01000000"":4,""01010111"":4,""00101000"":4,""01011000"":2,""01101110"":5,""01100100"":3,""00000100"":3,""01010001"":9,""10110000"":15,""01100110"":2,""10110100"":7,""10100000"":5,""01010110"":3,""00100100"":4,""00000110"":3,""00110000"":3,""01010000"":1,""00000000"":1,""11110010"":11,""00010110"":2,""00100010"":5,""01000100"":3,""01100001"":13,""01010100"":2,""01001100"":1,""01100010"":2,""10100110"":4,""00110100"":2,""01110011"":4,""11111100"":4,""00001101"":3,""01011010"":2,""00111000"":1,""10100100"":2,""00111010"":3,""01111001"":5,""01111000"":3,""11110100"":2,""00011000"":2,""00011110"":1,""00111111"":2,""01110000"":1,""00110010"":3,""00111110"":1,""00111100"":1,""00000010"":4,""01110111"":2,""01110010"":1,""00110011"":2,""01110100"":1,""01100000"":2,""01111101"":1}"
60,x,4000,0.373,0.23099999999999998,0.4205,0.0,-0.01750000000000007,0.7484999999999999,-0.7184999999999999,0.42400000000000004,"{""01001000"":145,""01001110"":36,""11011100"":27,""01101000"":16,""00111111"":4,""01011100"":102,""11011000"":50,""01010100"":89,""00001100"":5,""11100000"":6,""01011000"":146,""01011011"":49,""01001100"":62,""01111100"":4,""11001111"":5,""01001010"":122,""00011010"":8,""01011010"":123,""10001010"":19,""01001001"":120,""00011011"":2,""11011010"":47,""01011001"":84,""01100000"":16,""10011110"":9,""10010001"":9,""10001011"":3,""01010000"":158,""01011110"":45,""11001100"":16,""01000001"":94,""10001000"":22,""01110010"":10,""10011100"":17,""11011001"":28,""11001000"":44,""10000001"":6,""10111001"":2,""10110101"":1,""10011000"":21,""01101111"":3,""01011101"":42,""01001111"":10,""11011101"":15,""01001011"":33,""01011111"":18,""11011011"":17,""11101000"":12,""10001101"":4,""11001001"":24,""00000100"":3,""01000010"":133,""00111100"":7,""01101100"":10,""01111010"":18,""10011101"":2,""00111011"":4,""11111010"":8,""11101001"":4,""01010010"":126,""01010110"":36,""00111000"":10,""11111001"":4,""00111010"":8,""11001010"":28,""11000010"":36,""11011110"":14,""01111000"":9,""00001000"":7,""01000100"":73,""00101000"":5,""10111000"":7,""11000000"":49,""11111000"":8,""01000000"":195,""11100011"":5,""01010011"":39,""00111001"":6,""11110100"":2,""11100100"":3,""11010010"":41,""01000101"":42,""11010000"":50,""11000101"":19,""01110000"":9,""01010001"":83,""10101100"":1,""01000011"":49,""00010001"":7,""01110111"":1,""11010001"":29,""00010000"":9,""10011010"":18,""11010100"":29,""11110000"":9,""10101001"":2,""01000111"":19,""11010101"":11,""11000100"":14,""01100011"":5,""01110001"":7,""11100110"":2,""01000110"":43,""10110000"":3,""10010010"":20,""00110011"":3,""01110100"":8,""11110001"":7,""10110001"":4,""11000011"":14,""11000110"":8,""01100101"":4,""00110000"":8,""01100010"":11,""00110101"":2,""01100001"":7,""00000000"":12,""01010101"":31,""10000010"":12,""11111110"":4,""11001110"":12,""11001011"":9,""01111001"":8,""10011001"":7,""00001010"":9,""10111111"":1,""00011000"":5,""11100010"":7,""01101010"":14,""01101011"":7,""00000001"":3,""01001101"":29,""01101001"":10,""00011001"":9,""10001111"":3,""00101001"":2,""11101110"":3,""01101101"":8,""10101010"":4,""00001011"":3,""10001001"":15,""00001001"":4,""11111011"":2,""00011110"":5,""11101010"":11,""11001101"":6,""11101100"":4,""10010110"":6,""10000100"":12,""11010110"":13,""00110100"":4,""10010100"":9,""01010111"":14,""10010000"":10,""10000000"":14,""11110010"":5,""11000111"":4,""10110010"":4,""11000001"":24,""10000110"":7,""10000011"":4,""10001100"":7,""01111011"":2,""00000010"":7,""10100011"":2,""00100000"":4,""00100011"":2,""01100100"":9,""11010011"":12,""01100111"":5,""01110110"":1,""00110001"":3,""11110111"":1,""10000101"":4,""10010011"":5,""01111110"":4,""01110101"":5,""11011111"":3,""00010100"":3,""01110011"":2,""00110111"":2,""00110010"":11,""10001110"":3,""00001111"":1,""00101011"":1,""00100100"":4,""10000111"":1,""10100101"":1,""00100110"":2,""10110100"":1,""00100001"":5,""01100110"":6,""00000110"":3,""11010111"":5,""11100101"":2,""10100001"":3,""10100010"":5,""10010111"":2,""10011011"":4,""00101010"":3,""01101110"":2,""01111101"":3,""10111010"":1,""10111011"":3,""10101101"":1,""11111100"":5,""11101111"":1,""00001101"":2,""00011100"":5,""00101101"":1,""00111110"":1,""11110110"":1,""00101100"":2,""00011111"":1,""10011111"":2,""10100000"":1,""00010010"":6,""00010111"":2,""00100010"":2,""11111101"":1,""00011101"":1,""00001110"":2,""00110110"":2,""10010101"":3,""11100001"":1,""00100111"":1,""11110101"":1,""11100111"":1,""10101000"":2,""00111101"":1}"
61,x,4000,-0.45500000000000007,0.05449999999999999,-0.008499999999999952,0.0010000000000000009,0.04700000000000004,0.040000000000000036,-0.20199999999999996,0.08199999999999996,"{""11101001"":19,""00101001"":52,""11101101"":24,""10011100"":4,""11001001"":9,""10111100"":6,""10111010"":12,""01111111"":9,""00001101"":23,""10011010"":1,""00000110"":5,""10111011"":15,""00111010"":5,""00011110"":7,""10111101"":28,""11011011"":49,""11111111"":28,""10101111"":18,""11011010"":35,""11011100"":25,""11111100"":11,""11011101"":77,""01001111"":51,""00101110"":18,""01011101"":9,""10110011"":20,""00001001"":19,""00111101"":19,""00101011"":33,""01101100"":12,""00111011"":19,""00001011"":22,""00101101"":51,""01011100"":10,""11001000"":8,""01000101"":71,""10101001"":9,""00011111"":10,""11011111"":45,""10011101"":6,""00101010"":16,""11011110"":27,""00111111"":11,""01001101"":81,""11101011"":13,""01001010"":23,""01100101"":24,""11111101"":37,""10011001"":1,""01001001"":53,""00101111"":52,""10101101"":24,""01001000"":15,""11111011"":18,""10111111"":20,""11101111"":10,""11111001"":28,""11011001"":83,""10111000"":10,""11101000"":7,""01101101"":30,""00111001"":19,""01111110"":1,""01001100"":19,""11011000"":19,""10001101"":6,""11101010"":8,""00000011"":13,""01101001"":20,""00011001"":17,""11001100"":4,""10101100"":6,""11010000"":24,""01101010"":8,""10001001"":4,""11001101"":11,""11010011"":73,""01100010"":7,""01011001"":12,""01101011"":12,""00110010"":9,""11101110"":10,""01011011"":12,""11110011"":27,""10011011"":4,""01000001"":61,""01100111"":18,""10111001"":20,""01000100"":23,""11001110"":4,""01001110"":22,""10001010"":2,""11001111"":11,""00001100"":4,""11010010"":29,""00001000"":2,""10001100"":3,""01000111"":46,""11001010"":7,""01101111"":14,""01000010"":33,""01010011"":10,""11111000"":11,""00100110"":15,""11100011"":15,""00110011"":26,""01000011"":74,""01000110"":17,""11010001"":73,""10100111"":23,""01110010"":9,""11010110"":27,""11000001"":17,""11000010"":5,""00100000"":14,""11010101"":55,""01010110"":5,""01010101"":8,""00100101"":57,""01100011"":30,""10110000"":6,""00010001"":16,""10100011"":25,""10100100"":7,""10110010"":9,""00110101"":25,""00000001"":20,""10110111"":13,""11000110"":6,""00000100"":7,""01000000"":15,""00110110"":9,""01010001"":7,""00100111"":41,""10100101"":17,""10000110"":2,""01100001"":17,""00100001"":34,""00110111"":22,""10110101"":30,""01110101"":14,""00110001"":25,""11001011"":13,""10101011"":11,""10100010"":6,""00010011"":21,""01110110"":2,""00110000"":1,""10000111"":8,""00000010"":8,""00000101"":30,""11100111"":9,""11000011"":7,""11010111"":55,""11110101"":42,""01010111"":6,""11100101"":16,""11010100"":21,""00100010"":22,""10010001"":4,""10110001"":26,""10000101"":10,""10110110"":9,""11110001"":27,""01110111"":7,""00100011"":32,""10000011"":4,""00000111"":10,""10100001"":9,""01110011"":9,""01110001"":11,""11110000"":6,""00101100"":13,""11100001"":20,""11110111"":11,""01100000"":6,""10110100"":4,""11100110"":8,""01001011"":42,""01111101"":15,""01111010"":3,""00101000"":14,""00011010"":8,""00001010"":18,""00001111"":8,""10001110"":2,""00111100"":3,""01101110"":8,""10101010"":11,""00011100"":6,""00010100"":8,""00111000"":3,""00010101"":14,""10100110"":2,""10010110"":2,""00011101"":17,""01010000"":3,""00010111"":12,""11000111"":14,""10010101"":5,""10010000"":3,""00110100"":10,""00100100"":13,""11110100"":9,""11100010"":7,""10000001"":6,""00111110"":11,""11100100"":3,""10111110"":10,""10010111"":5,""00001110"":7,""11110110"":7,""00010010"":10,""01101000"":9,""01100110"":9,""00010110"":1,""11000100"":7,""10010010"":1,""00010000"":8,""11110010"":6,""01111000"":6,""11111010"":11,""10100000"":4,""10010011"":4,""01111011"":12,""11100000"":3,""00000000"":1,""01100100"":5,""01110000"":3,""01011110"":6,""11111110"":5,""00011011"":15,""01111001"":8,""10011111"":6,""10101110"":6,""00011000"":4,""01011010"":1,""01011000"":4,""10000010"":2,""01010100"":5,""01011111"":3,""01111100"":10,""10001000"":3,""10001011"":3,""11000101"":6,""10000000"":1,""10011110"":4,""10001111"":3,""01010010"":3,""10000100"":1,""11000000"":1,""01110100"":1,""10101000"":3,""10011000"":2,""11101100"":2}"
62,x,4000,-0.405,-0.04049999999999998,-0.26550000000000007,0.035499999999999976,0.389,0.4465,-0.694,-0.02750000000000008,"{""01001101"":121,""11001111"":114,""11001100"":46,""11001101"":107,""11001011"":76,""01001110"":30,""01011011"":21,""01110010"":6,""01001100"":39,""01010011"":36,""01001011"":57,""01011101"":33,""11011101"":35,""01011111"":40,""01101101"":44,""10001101"":22,""10011000"":3,""01001111"":95,""01111111"":16,""11101101"":31,""01111110"":9,""01101011"":29,""01010111"":42,""01101111"":45,""11001001"":38,""11011011"":31,""11111101"":11,""11001000"":26,""10011011"":6,""01001001"":33,""01111011"":16,""01000111"":80,""01000101"":104,""11111111"":9,""01000010"":29,""11001010"":37,""11111000"":4,""10001100"":10,""11000100"":52,""00001111"":7,""11111110"":3,""11101111"":26,""10111100"":3,""01000100"":38,""11011000"":13,""00000011"":4,""11111010"":4,""11011111"":40,""01101110"":13,""01111100"":4,""01011000"":13,""10110011"":3,""01001000"":26,""01101100"":17,""10101111"":5,""10101101"":7,""11000111"":111,""01101000"":17,""11101100"":5,""01100010"":15,""01111101"":22,""11111001"":3,""01111000"":4,""11010001"":19,""11101011"":16,""01010100"":19,""00011111"":6,""01011010"":13,""10011101"":5,""01001010"":16,""10011110"":1,""01011100"":19,""01000000"":23,""10010101"":15,""11011010"":14,""10000100"":10,""01100110"":15,""11010011"":29,""11111100"":6,""10001110"":12,""00111101"":7,""01011001"":10,""10111011"":5,""10001011"":19,""00101110"":3,""10001010"":6,""00100100"":8,""00001000"":7,""11011110"":15,""11110110"":7,""00001011"":4,""10101110"":4,""01101010"":8,""01111010"":3,""11011100"":12,""10101000"":2,""11001110"":27,""00100101"":11,""01010101"":45,""01000011"":65,""11100100"":7,""11101110"":8,""10100101"":13,""11100101"":26,""10000011"":17,""11000010"":39,""11000001"":48,""11101001"":11,""01110100"":12,""01010001"":16,""11000011"":69,""01100111"":42,""11010100"":29,""11000110"":41,""11100001"":8,""10000110"":5,""11000101"":115,""01100101"":46,""01000110"":20,""11010111"":48,""11010101"":54,""11010110"":13,""01000001"":29,""10100100"":3,""11100011"":14,""11110111"":11,""01110101"":29,""01100100"":10,""01100000"":12,""10000101"":24,""01110011"":17,""00000110"":1,""01010010"":9,""01110110"":7,""10010110"":2,""10000010"":3,""01110111"":21,""01100011"":36,""01010110"":12,""11100111"":28,""10110000"":3,""11000000"":40,""10111110"":1,""00011010"":2,""10111111"":7,""10101011"":4,""10111101"":5,""11101000"":5,""11010010"":16,""00101100"":4,""10101100"":6,""00000100"":1,""10001111"":17,""00111110"":3,""01101001"":16,""11110011"":10,""10010111"":8,""00010110"":7,""00000111"":11,""00011110"":1,""01010000"":11,""11100000"":5,""11010000"":11,""10000000"":5,""00100010"":2,""10000111"":25,""00101101"":3,""00010010"":3,""00011000"":2,""01011110"":4,""00111000"":2,""10110111"":7,""01110000"":7,""00001110"":3,""11101010"":8,""11011001"":11,""00011101"":5,""00001101"":3,""11110101"":10,""00100111"":7,""00110010"":1,""00001010"":1,""00100011"":13,""10000001"":4,""10010010"":2,""11100010"":6,""11100110"":7,""10110101"":6,""00000001"":3,""00000101"":4,""10010100"":2,""00110011"":4,""00110101"":2,""11110001"":4,""01110001"":7,""00000010"":2,""11110010"":4,""11111011"":8,""00010111"":7,""10010001"":2,""10100111"":5,""00010101"":6,""00100001"":6,""00010001"":4,""10010000"":3,""00001100"":4,""10100001"":3,""00011011"":4,""10001001"":7,""10111001"":1,""10011111"":5,""01100001"":9,""10100011"":2,""00111100"":3,""00010011"":2,""00110000"":1,""10101010"":8,""00111111"":4,""00101010"":2,""00101001"":4,""00111010"":3,""00101111"":4,""10010011"":6,""10100110"":2,""11110100"":3,""00010100"":3,""00110111"":6,""00011001"":2,""00111011"":4,""00101000"":5,""10001000"":5,""00111001"":1,""00101011"":8,""00001001"":1,""11110000"":2,""00010000"":3,""10110010"":1,""10100010"":1,""00100110"":5,""00110110"":1,""10100000"":2,""10011100"":1,""10111010"":1,""00011100"":1,""10111000"":1,""00000000"":1,""10110001"":1,""10110100"":1,""10101001"":2,""00110100"":1,""10011001"":2}"
63,x,4000,-0.3405,-0.18500000000000005,0.37450000000000006,0.0030000000000000027,0.24150000000000005,0.6445000000000001,-0.6415,0.569,"{""01010101"":41,""10000010"":10,""00011010"":5,""01001011"":239,""10110010"":2,""01000010"":125,""01000011"":266,""00010011"":9,""01000001"":160,""00111011"":19,""01000110"":59,""10001011"":21,""01000100"":44,""10110011"":13,""01011001"":97,""01000111"":111,""11100011"":11,""01101100"":4,""01000101"":80,""01010001"":80,""01001001"":111,""01010110"":20,""00010111"":2,""11101001"":9,""01000000"":88,""10100001"":5,""01010111"":48,""11110010"":7,""01010011"":120,""10000011"":23,""11110100"":2,""01011010"":74,""00110010"":4,""01010100"":15,""11010000"":4,""01011111"":60,""11010011"":15,""01100000"":8,""10000101"":9,""11000010"":11,""01110011"":12,""10000111"":8,""00010101"":1,""01100010"":12,""11000111"":13,""10000001"":15,""00110000"":5,""11000011"":24,""11001011"":27,""11010110"":2,""11000110"":3,""11100101"":8,""01010010"":58,""11010111"":3,""01011101"":49,""00000010"":5,""11000101"":10,""10100011"":14,""10010001"":10,""10000100"":5,""11000001"":9,""10110001"":4,""10010111"":3,""01110100"":2,""00110001"":11,""00100010"":6,""11000000"":6,""01010000"":40,""10101001"":11,""10000000"":7,""00010100"":5,""00000001"":6,""11110110"":4,""01011110"":19,""10010110"":3,""01110000"":3,""00000011"":9,""10010011"":8,""01101111"":10,""11110000"":2,""01001010"":90,""10010010"":8,""01110101"":3,""01100110"":5,""00100000"":2,""00001001"":10,""11010001"":9,""10010100"":4,""11100001"":9,""00010010"":5,""01011011"":150,""00000111"":4,""11100111"":10,""01100111"":8,""00000101"":4,""00101111"":5,""01110001"":7,""10100010"":6,""01100001"":7,""10100000"":7,""00110111"":4,""01100011"":19,""11100010"":6,""10110100"":1,""10110111"":5,""00001101"":4,""01001110"":44,""01001111"":83,""00101011"":8,""10111001"":10,""01001000"":75,""01101010"":9,""01001101"":61,""01001100"":38,""01111011"":12,""01101000"":11,""10001101"":5,""10001100"":1,""10001001"":13,""01011000"":50,""11011011"":17,""01101101"":8,""11001101"":6,""00001010"":5,""11011001"":8,""10101011"":5,""01101011"":23,""00111001"":8,""11111011"":15,""10101010"":5,""01111001"":3,""11011111"":5,""00001011"":17,""00111111"":6,""10100101"":5,""11010010"":3,""10110101"":9,""11000100"":6,""00000100"":1,""10011111"":7,""00110100"":1,""11010101"":6,""10100111"":4,""00010000"":3,""01011100"":31,""00000110"":5,""00010001"":4,""00000000"":2,""10011011"":15,""01111000"":3,""10010101"":2,""10111011"":16,""11110111"":5,""00100111"":5,""00100011"":8,""10110000"":2,""11101010"":4,""11001000"":14,""00001111"":7,""10011010"":4,""00101101"":6,""10011001"":11,""10111101"":1,""10111110"":2,""11001111"":13,""11001110"":5,""11111001"":11,""10011101"":3,""11001010"":9,""10011100"":6,""00101100"":4,""10001000"":5,""01111111"":4,""01101001"":14,""00011011"":12,""10111111"":4,""01101110"":5,""10100100"":3,""00111000"":8,""11011100"":3,""10101110"":6,""01111010"":5,""10101101"":9,""00011000"":4,""10011110"":4,""10111010"":9,""10001111"":13,""00101000"":5,""00001100"":3,""11001001"":12,""11111000"":5,""11101101"":6,""10001010"":8,""00011110"":1,""11111111"":6,""10011000"":9,""11101011"":10,""11011101"":6,""00011111"":1,""10110110"":2,""00100101"":5,""00101110"":3,""11011010"":3,""00110101"":1,""11001100"":4,""00101010"":3,""11101111"":5,""10001110"":6,""00001110"":1,""11011000"":5,""00110011"":8,""11110101"":3,""00100001"":3,""11100000"":3,""11100100"":4,""01110010"":4,""11110001"":4,""11100110"":3,""10101100"":1,""11101000"":5,""00011001"":5,""01100101"":3,""00111101"":4,""00111010"":2,""10010000"":2,""11010100"":2,""11110011"":8,""10000110"":5,""00110110"":1,""01100100"":4,""00010110"":1,""01111101"":3,""11111100"":1,""11111010"":4,""00111100"":3,""01110110"":1,""10101111"":3,""11011110"":4,""00111110"":1,""11111110"":1,""01111100"":1,""01111110"":1,""11101100"":2,""00001000"":1,""10101000"":1,""11111101"":2,""00011100"":1,""01110111"":1,""10111000"":1,""00101001"":3,""10100110"":1,""00100110"":2}"
64,x,4000,0.4555,-0.15050000000000008,-0.10850000000000004,0.024499999999999966,0.03249999999999997,-0.2769999999999999,-0.7375,0.29600000000000004,"{""01010011"":17,""11000110"":22,""11100101"":17,""01000010"":41,""01010010"":64,""01110100"":84,""10100010"":30,""01000100"":48,""00010110"":3,""11100010"":46,""01000110"":43,""11000010"":28,""10110110"":7,""10100100"":13,""01100100"":70,""01010000"":20,""00110011"":2,""10010001"":1,""01010100"":51,""01010110"":43,""10000110"":18,""11100111"":20,""01100010"":91,""11110010"":44,""01110101"":38,""11000100"":20,""01011101"":21,""11100110"":33,""11110100"":42,""00010101"":4,""01110001"":25,""01110111"":24,""01100110"":81,""01100001"":22,""01000111"":18,""11110000"":16,""01110110"":69,""01000101"":23,""11010001"":8,""11101010"":53,""01100011"":27,""01010101"":30,""11010100"":13,""01110000"":22,""11100100"":32,""11110101"":21,""01010001"":12,""00010000"":1,""10010111"":1,""11000101"":11,""11010111"":4,""11110011"":13,""00011011"":3,""00000110"":6,""10100110"":14,""11010011"":6,""11010110"":17,""11010010"":18,""01000000"":15,""00011100"":6,""00000010"":7,""01111100"":78,""01011100"":47,""01101010"":116,""01110010"":86,""01011110"":51,""10101110"":21,""10010100"":2,""10011110"":5,""11111110"":35,""01001010"":54,""01111010"":101,""01101011"":27,""01001001"":4,""11001110"":12,""01111110"":75,""01101101"":30,""11001000"":10,""11101100"":28,""00001100"":11,""01111000"":23,""01101100"":89,""11011100"":15,""01001101"":13,""01001011"":15,""00101111"":3,""01111111"":22,""01101001"":23,""10011010"":5,""01111101"":40,""01111001"":16,""10111010"":21,""01001000"":14,""10001010"":13,""01101110"":61,""10101111"":2,""11101101"":15,""01001110"":36,""11011110"":20,""01101000"":28,""10101011"":4,""11001010"":20,""11111001"":8,""11111000"":10,""01011010"":65,""01011000"":11,""11111100"":38,""11111101"":13,""10001100"":6,""00101100"":2,""11111011"":9,""11101110"":34,""10101010"":16,""11111010"":27,""01001100"":46,""11000111"":6,""00011010"":11,""11101000"":16,""01111011"":28,""00101000"":4,""11100011"":20,""10111100"":10,""10101101"":5,""11101011"":10,""11001100"":20,""00101010"":6,""11011101"":7,""01101111"":15,""11011111"":3,""10001110"":8,""01000001"":11,""01100101"":43,""10011000"":1,""00100100"":3,""01110011"":35,""01100111"":25,""00100110"":6,""01100000"":32,""11100001"":10,""10010110"":9,""11010101"":8,""00010011"":4,""10110100"":12,""11000001"":4,""11000000"":13,""11110110"":36,""10100000"":6,""00110110"":2,""01000011"":15,""10111101"":6,""10000111"":2,""00100000"":2,""11110001"":7,""10000011"":3,""11111111"":12,""11001111"":5,""00011101"":5,""11001011"":3,""11011000"":9,""11101001"":10,""00011110"":5,""11101111"":13,""00100010"":4,""10101100"":15,""10001011"":1,""00011000"":2,""11011010"":19,""10110010"":7,""01011011"":17,""10111110"":4,""11001101"":9,""10101000"":4,""01011001"":6,""00111100"":3,""00000111"":1,""01001111"":6,""00101101"":4,""11100000"":12,""10110111"":1,""10000101"":4,""01010111"":8,""10100001"":6,""10001101"":4,""00000100"":4,""10100111"":2,""00111000"":1,""00101110"":2,""00111010"":4,""11011001"":2,""10011100"":6,""00001000"":4,""00001110"":6,""01011111"":8,""00001001"":2,""11001001"":3,""00101001"":2,""00111110"":3,""10110001"":2,""10111011"":2,""10000000"":2,""11011011"":3,""10100011"":3,""11110111"":8,""10010011"":2,""10000001"":3,""10111001"":4,""11010000"":3,""00100001"":1,""00110101"":2,""00010010"":5,""10000010"":4,""10000100"":4,""00010100"":2,""00000011"":4,""00100101"":3,""10010000"":4,""10111000"":2,""00000000"":1,""10100101"":5,""00110010"":1,""11000011"":7,""10011001"":2,""00011111"":1,""10110000"":3,""10111111"":1,""00000101"":2,""10101001"":3,""10011101"":1,""10001111"":3,""00110111"":2,""00010111"":1,""00001010"":2,""10001001"":1,""00111111"":1,""00110100"":1,""00100111"":2,""00001111"":1,""10010010"":3,""10110101"":1,""10011011"":1,""00111101"":1,""00001101"":1,""00111001"":1,""10010101"":1}"
65,x,4000,-0.45100000000000007,-0.01550000000000007,-0.06800000000000006,0.02100000000000002,-0.09600000000000009,-0.14650000000000007,-0.13549999999999995,0.26849999999999996,"{""10110001"":27,""11000001"":15,""01000111"":52,""00010110"":9,""01000001"":40,""00010001"":13,""11110110"":2,""00010101"":22,""10110011"":15,""00101111"":26,""01010101"":43,""01110110"":30,""00010111"":32,""01110111"":103,""10111110"":16,""01010000"":14,""00100010"":6,""01110101"":35,""00110011"":6,""10010101"":14,""10100111"":59,""10000001"":5,""10100010"":13,""01100111"":36,""10000101"":6,""10010011"":12,""10101101"":53,""11000101"":9,""01010001"":67,""11110111"":13,""01100101"":27,""11000011"":11,""01100011"":17,""10010001"":15,""10010111"":30,""00110000"":6,""11000111"":10,""10100011"":36,""01110001"":83,""01010111"":60,""01110011"":58,""10011101"":20,""10110110"":12,""11010001"":15,""01101010"":6,""00100001"":21,""00110110"":8,""11010011"":5,""01010110"":28,""01100001"":29,""00000001"":6,""11010101"":9,""11000110"":8,""10100101"":45,""11110101"":6,""01010011"":39,""01000011"":36,""01000110"":15,""11100100"":3,""11000000"":4,""10100100"":16,""00010010"":3,""01011100"":21,""10101111"":76,""01100010"":5,""01000101"":38,""10110111"":34,""00100101"":17,""01101111"":39,""01110000"":28,""10100110"":20,""11010110"":3,""10100001"":57,""00100111"":23,""00100100"":5,""10110010"":5,""11110011"":10,""11010100"":3,""00100110"":3,""00010011"":21,""11100111"":9,""10110101"":10,""10011000"":16,""11100011"":7,""10110100"":5,""10000000"":4,""00110111"":23,""11000010"":2,""10000110"":3,""00110100"":5,""01001000"":24,""00010000"":5,""01010010"":15,""01111101"":41,""11100010"":2,""00100000"":14,""00000110"":4,""01010100"":16,""11010111"":9,""01100110"":13,""00110101"":13,""10100000"":20,""10010000"":5,""10000011"":8,""01000000"":15,""11110001"":6,""01001111"":42,""00010100"":7,""01111010"":10,""01110010"":16,""10010010"":7,""00011101"":12,""00000101"":8,""00110001"":13,""01011111"":42,""10000010"":2,""11111011"":13,""01000100"":10,""00000111"":10,""01101110"":7,""11100001"":8,""10101011"":40,""10011100"":6,""10000111"":11,""10110000"":8,""01101011"":13,""10010110"":7,""10111011"":17,""10101001"":45,""01110100"":15,""01100100"":7,""00101001"":18,""11011101"":13,""10000100"":1,""00111001"":15,""01101001"":33,""10111001"":29,""01011101"":30,""01001101"":28,""01000010"":10,""11101110"":4,""00101000"":10,""11000100"":2,""11010000"":5,""11110000"":3,""01100000"":12,""01001110"":15,""01011010"":13,""01001100"":15,""01111001"":62,""10101000"":35,""00101101"":16,""01111000"":35,""00001011"":5,""00011010"":7,""01111111"":82,""11011110"":7,""00011000"":13,""11001010"":5,""00101011"":10,""10111000"":7,""01011001"":38,""01111100"":18,""01001001"":43,""10001000"":2,""01111011"":36,""00011111"":33,""10011111"":20,""10001010"":4,""10101100"":19,""01011011"":28,""00111011"":9,""11111001"":6,""10011110"":21,""11011111"":9,""01011110"":20,""01011000"":18,""01001011"":28,""10111111"":33,""10101010"":8,""01101101"":24,""10011001"":25,""00001101"":6,""10001001"":9,""11111101"":8,""01101000"":17,""00011100"":1,""00001111"":11,""00011110"":10,""11001111"":9,""11001100"":3,""11001000"":6,""11011100"":5,""01111110"":37,""10111101"":15,""11101111"":7,""00111101"":6,""01101100"":11,""10011011"":11,""11101101"":8,""11001001"":8,""11111111"":12,""11011000"":4,""11001011"":8,""11101001"":10,""00001110"":3,""11011001"":5,""10001101"":5,""11011011"":5,""00011001"":16,""10001111"":8,""00111000"":11,""00101110"":11,""10111010"":7,""00001001"":13,""10011010"":6,""11001101"":3,""10101110"":11,""00111111"":15,""01001010"":9,""11101000"":3,""00001000"":6,""11101011"":5,""11111000"":5,""00101100"":11,""10001110"":3,""00111010"":2,""10001100"":2,""10010100"":4,""00011011"":10,""00111100"":3,""00001100"":2,""11111110"":2,""11011010"":3,""10001011"":1,""10111100"":3,""11101100"":2,""00100011"":10,""11100101"":4,""00110010"":2,""11110010"":2,""11100000"":1,""11010010"":1,""11100110"":2,""00000010"":2,""00000011"":5,""00101010"":2,""00111110"":4,""00000100"":1,""11111010"":3,""11001110"":2,""11110100"":2}"
66,x,4000,-0.08949999999999991,0.019499999999999962,-0.125,0.026499999999999968,0.1905,0.738,0.08399999999999996,0.16949999999999998,"{""00100000"":4,""01000100"":67,""01000101"":59,""10010010"":42,""01000001"":51,""10001001"":50,""01100111"":13,""00000111"":36,""01110010"":6,""10100101"":5,""10000101"":72,""01010100"":32,""01010011"":36,""10000110"":34,""01000010"":51,""00000001"":30,""10000000"":42,""01010101"":36,""10010000"":33,""01000000"":31,""00010100"":14,""10000011"":34,""01000110"":45,""10100110"":3,""00100100"":3,""00010001"":13,""00001100"":29,""00010000"":13,""10010101"":32,""01001110"":55,""01010111"":45,""11000111"":15,""00010010"":20,""01100001"":10,""10010001"":38,""01000011"":25,""10110011"":2,""00010101"":17,""01100110"":6,""11010010"":7,""10000100"":48,""00000011"":18,""01011111"":49,""01001001"":32,""10000010"":50,""00010011"":15,""10110001"":4,""01011101"":40,""01010000"":33,""01000111"":64,""11000100"":11,""00000101"":23,""00000100"":28,""01011001"":34,""01110000"":6,""11010101"":6,""01100101"":6,""10001100"":58,""10000001"":55,""00110001"":5,""01010010"":33,""00110111"":6,""11000000"":10,""11000010"":10,""00100001"":6,""10010110"":15,""01011110"":30,""00110000"":4,""01010001"":46,""10010011"":30,""10001101"":58,""11000101"":7,""01110001"":6,""01110100"":9,""11100100"":1,""01101000"":7,""10010111"":35,""00010111"":23,""01110101"":6,""01001111"":74,""00111100"":7,""00000010"":22,""00011111"":23,""00110100"":8,""10110111"":16,""00100010"":9,""10000111"":67,""00011100"":21,""10110110"":4,""01111110"":7,""01100010"":13,""00001111"":44,""10011101"":42,""00000000"":17,""10100100"":4,""00100111"":14,""10100010"":2,""01001010"":41,""00101101"":8,""11010001"":10,""00111111"":3,""00010110"":12,""11001010"":10,""10100111"":7,""10011100"":34,""11001001"":10,""11101000"":2,""01011100"":26,""10100001"":5,""00000110"":17,""11010111"":12,""00001110"":27,""01011010"":37,""01100100"":8,""10010100"":21,""11000001"":6,""11010110"":4,""00100110"":5,""01010110"":20,""01110111"":10,""11010000"":10,""10001010"":43,""00110010"":3,""11110100"":1,""10110101"":6,""00100101"":4,""10110010"":5,""11000110"":4,""11010100"":4,""11110101"":1,""11011101"":3,""01011011"":28,""01001100"":72,""11110111"":2,""01110011"":3,""11110010"":1,""01001101"":68,""10110000"":3,""01100000"":5,""01001000"":30,""10001111"":58,""11001100"":11,""10011001"":31,""10011110"":23,""10100000"":4,""00101001"":2,""11010011"":8,""11000011"":5,""01100011"":5,""10110100"":1,""10011010"":39,""10011111"":32,""00011101"":15,""10001110"":40,""01001011"":27,""10001011"":29,""10111111"":4,""00001011"":18,""11001011"":6,""10011011"":18,""00001000"":12,""10101111"":6,""00011010"":18,""01101011"":2,""01111100"":12,""11001101"":21,""01111001"":8,""11011100"":4,""00001101"":30,""00011001"":14,""10101000"":6,""00001001"":24,""11011111"":11,""00011000"":13,""11001111"":16,""00101100"":3,""01011000"":17,""00111011"":3,""01111010"":4,""00001010"":22,""11001110"":6,""10001000"":18,""10011000"":18,""00111010"":6,""00101011"":2,""01101010"":11,""01101110"":3,""01101111"":7,""01101001"":8,""10111101"":6,""10101101"":6,""11001000"":7,""00011011"":15,""01101100"":6,""00111101"":3,""11011011"":3,""11101100"":2,""00011110"":9,""00101110"":3,""11011001"":4,""11100101"":3,""10101011"":5,""10101001"":4,""10111000"":2,""11011010"":3,""10111110"":3,""01111000"":6,""11011000"":2,""11100000"":1,""10101010"":2,""01111011"":1,""00110101"":2,""10111011"":4,""01101101"":7,""00111110"":2,""11101001"":3,""11111001"":1,""10101100"":5,""11100111"":3,""00111001"":8,""00101111"":3,""01111111"":7,""00111000"":2,""10111100"":7,""11011110"":5,""00101000"":2,""01111101"":3,""00101010"":2,""10111001"":5,""11100001"":2,""00110110"":3,""00100011"":4,""01110110"":2,""00110011"":1,""11100010"":2,""11101011"":1,""11101101"":1,""11111111"":1,""11101110"":1,""11101111"":2,""11111010"":1,""11111101"":1,""10100011"":1,""11101010"":1}"
67,x,4000,-0.29899999999999993,0.2825,0.12949999999999995,-0.01649999999999996,-0.1845000000000001,0.2965,-0.38749999999999996,-0.4185000000000001,"{""00000101"":13,""11100100"":5,""01000011"":12,""01100001"":4,""10010010"":13,""01111001"":29,""11010111"":22,""11010001"":63,""10100111"":6,""11000110"":16,""00110010"":3,""01000101"":21,""11010101"":39,""11110100"":48,""11110000"":48,""10010111"":17,""01010000"":19,""11000101"":46,""11111001"":91,""10100000"":6,""11000010"":16,""01010100"":21,""10010110"":13,""11110111"":39,""10000000"":29,""01000000"":20,""10000101"":16,""01111100"":13,""00010000"":14,""10010101"":32,""11100011"":15,""01000111"":13,""11000100"":48,""01110001"":21,""00110001"":7,""10000111"":13,""00001101"":15,""00110101"":4,""11000001"":52,""01110110"":11,""01010001"":26,""11000000"":49,""11110001"":71,""01110101"":12,""00011011"":25,""11110101"":62,""10001111"":25,""00100011"":2,""11101000"":10,""01011001"":22,""11110010"":18,""11110011"":50,""10010011"":19,""11000111"":30,""11010010"":18,""00000011"":8,""11111100"":30,""01101100"":4,""11010000"":33,""01010111"":12,""10000100"":25,""10010000"":23,""00100000"":2,""11010100"":19,""10110101"":12,""11000011"":47,""01110000"":20,""10110011"":3,""10101000"":5,""01011100"":7,""00111101"":3,""00000000"":11,""01000001"":31,""01000010"":6,""11111011"":57,""01011011"":31,""10100110"":3,""01110111"":20,""10100100"":4,""01000100"":20,""11111010"":19,""00010010"":6,""01010110"":4,""01010101"":16,""10010001"":45,""01110010"":6,""11011001"":65,""11100101"":14,""10000010"":9,""11110110"":23,""01010011"":22,""10011000"":23,""10001101"":34,""10100010"":6,""00011001"":23,""10110100"":8,""01001001"":23,""11010011"":25,""01110100"":14,""10000001"":36,""00010111"":12,""00010001"":13,""00010100"":10,""00010011"":10,""00010101"":12,""00000100"":10,""10100101"":10,""01100000"":4,""11100001"":17,""10011100"":15,""01001101"":26,""10101111"":4,""10010100"":23,""11001011"":54,""01111101"":22,""00011111"":5,""11001100"":29,""11001111"":42,""00111001"":5,""11111111"":36,""11111000"":64,""11001010"":12,""01001011"":23,""11001001"":73,""11111101"":76,""11011011"":33,""01001110"":5,""11011000"":37,""10111001"":9,""11101001"":18,""00001110"":3,""11011111"":30,""00001011"":17,""01111111"":12,""11001101"":53,""11001000"":39,""00101100"":1,""11011101"":38,""11011010"":17,""00001001"":10,""11001110"":20,""11101101"":9,""01011101"":25,""10001001"":39,""10011001"":44,""01011000"":15,""00011101"":14,""10011111"":18,""00001111"":12,""10011101"":25,""10101001"":12,""11101111"":8,""10011110"":7,""11101011"":15,""11011110"":8,""10011011"":32,""10001011"":25,""10001100"":10,""00111011"":7,""11111110"":18,""01101000"":5,""11101010"":2,""11011100"":18,""01001000"":14,""00001100"":7,""00001000"":7,""01111000"":27,""11101100"":7,""10001010"":6,""01001100"":13,""10001000"":21,""01001010"":7,""01111010"":5,""01100011"":2,""00000001"":12,""11100010"":2,""00110110"":2,""11100111"":8,""10000011"":17,""10111000"":4,""11010110"":11,""01011111"":22,""11100000"":9,""01101011"":1,""10001110"":10,""10111111"":6,""10111101"":7,""10101011"":6,""10101101"":7,""01101010"":2,""01111011"":12,""10011010"":7,""10110111"":4,""01101001"":2,""10101100"":2,""10111010"":1,""00011000"":11,""01001111"":8,""00101011"":4,""10111100"":2,""00011010"":3,""10111011"":4,""01111110"":7,""11101110"":4,""01101101"":2,""00001010"":2,""10110000"":5,""00000111"":9,""01100100"":4,""00000110"":2,""00000010"":2,""10100001"":7,""10110001"":9,""10000110"":8,""00111000"":4,""00101001"":3,""01011010"":2,""01110011"":11,""00100101"":2,""00010110"":6,""00110011"":5,""01000110"":8,""00110000"":2,""00110111"":2,""10100011"":3,""00100001"":4,""10110110"":3,""11100110"":3,""01100010"":1,""01100101"":2,""10101010"":1,""00101101"":6,""01101111"":3,""00111111"":1,""01010010"":3,""00011110"":6,""00011100"":4,""10111110"":1,""00100100"":2,""01011110"":1,""01100111"":1,""00101000"":1}"
68,x,4000,-0.15599999999999992,-0.1745000000000001,0.11850000000000005,-0.014499999999999957,0.42600000000000005,0.5155000000000001,0.08399999999999996,0.09350000000000003,"{""01000010"":40,""00000001"":18,""00000111"":35,""01010001"":19,""10000111"":78,""10000101"":42,""00000110"":9,""11000000"":11,""10001101"":48,""10010111"":21,""01001011"":84,""01010010"":14,""11100010"":7,""01100111"":27,""10000000"":69,""00100001"":11,""10000010"":63,""01001111"":71,""01000101"":42,""01010011"":39,""01011000"":19,""01000111"":85,""00010001"":10,""10010101"":11,""00110010"":3,""01000011"":100,""00010000"":6,""01010110"":7,""01010000"":18,""10010010"":15,""01000110"":19,""10101110"":3,""11100001"":5,""01000000"":37,""00010010"":7,""00100110"":4,""01101100"":22,""10010011"":32,""01111111"":11,""10100111"":14,""10000100"":48,""11100011"":12,""11110001"":8,""10110110"":8,""00100000"":15,""11010110"":1,""11010000"":1,""11000010"":13,""01100100"":15,""01000100"":29,""01000001"":46,""10010100"":11,""10000110"":30,""10111111"":16,""10001000"":65,""00000101"":19,""01001010"":69,""00110100"":8,""01100000"":13,""10000011"":102,""01110111"":16,""11110111"":9,""00000000"":23,""01110010"":5,""00001000"":12,""00011110"":8,""00110001"":2,""01001101"":39,""11001010"":16,""00110000"":6,""00010011"":23,""10001111"":68,""11000101"":6,""10001100"":57,""11100000"":1,""10001001"":39,""00100011"":8,""11010111"":7,""01110011"":16,""01001000"":51,""01100010"":9,""10000001"":59,""10010001"":14,""11100100"":3,""00010100"":8,""10110111"":7,""10011001"":13,""11000111"":14,""10100101"":4,""11000011"":13,""10100000"":4,""01010111"":13,""01110000"":8,""00100101"":9,""10011101"":11,""10010000"":10,""10010110"":7,""00110111"":11,""01101111"":20,""11010010"":12,""00110011"":14,""00111010"":7,""10110100"":3,""11000100"":7,""01011001"":10,""10110101"":3,""00001111"":42,""00110110"":7,""00111101"":6,""01101011"":23,""01010101"":6,""11000110"":8,""00010101"":3,""00010110"":3,""00000010"":23,""00000011"":32,""11110011"":11,""11110101"":4,""01111000"":4,""01011010"":24,""10110011"":12,""00101010"":7,""11100111"":5,""01100110"":11,""10100011"":11,""10111001"":8,""10001011"":92,""01100101"":14,""00110101"":10,""10011010"":16,""00010111"":7,""01100011"":19,""01111001"":7,""00111110"":9,""11111001"":6,""10101010"":6,""10001010"":63,""00000100"":14,""11000001"":10,""00100111"":8,""10100010"":5,""00111100"":9,""10011000"":17,""10100100"":8,""10011011"":25,""10011111"":21,""01001110"":33,""00111000"":4,""01001001"":38,""01101010"":15,""00101000"":8,""01011110"":13,""00011100"":9,""01001100"":50,""00011011"":17,""10101011"":12,""00001001"":13,""11001101"":14,""00101111"":10,""11011000"":4,""11011011"":8,""00001010"":24,""00111011"":12,""00101001"":8,""00001101"":22,""11001011"":17,""01101001"":5,""00111111"":13,""11001111"":18,""11001110"":5,""01011111"":12,""01101110"":9,""00011001"":4,""01101101"":18,""11101001"":5,""10001110"":31,""00001011"":35,""11110000"":6,""01100001"":8,""10110010"":6,""00011101"":8,""01110001"":6,""11100110"":2,""10110000"":3,""01110100"":4,""01010100"":5,""11001100"":12,""01011011"":30,""00001100"":23,""00100010"":5,""10100110"":2,""11111011"":9,""10011100"":19,""11111000"":8,""00111001"":4,""11011010"":5,""10101111"":13,""00101100"":7,""10011110"":12,""00011111"":10,""10111011"":9,""00101011"":13,""10101101"":2,""00101101"":5,""01111011"":9,""01011100"":14,""10111000"":3,""11101010"":4,""10111110"":8,""01111110"":8,""10101001"":3,""11011111"":4,""11001000"":9,""11001001"":5,""11011101"":2,""01011101"":7,""11101101"":2,""11111010"":6,""00100100"":5,""00011010"":12,""10111010"":10,""11101111"":3,""10101000"":5,""11111100"":2,""10111100"":3,""11111111"":6,""11101000"":3,""11101110"":4,""01101000"":12,""00001110"":10,""11111110"":4,""00011000"":9,""01111100"":8,""11011001"":5,""11011100"":3,""01111010"":4,""10110001"":4,""11110010"":8,""11010001"":4,""01111101"":4,""00101110"":2,""10111101"":2,""10101100"":8,""01110110"":4,""11010011"":4,""10100001"":6,""11110110"":1,""11110100"":2,""01110101"":2,""11100101"":1,""11011110"":2,""11101011"":4,""11010101"":1,""11101100"":1}"
69,x,4000,-0.3125,-0.0004999999999999449,0.391,0.030000000000000027,-0.4155,0.35650000000000004,-0.1399999999999999,-0.8440000000000001,"{""11000010"":26,""11110101"":29,""11010011"":113,""10010111"":43,""10110011"":46,""10010001"":87,""10010101"":42,""11110000"":34,""10100101"":7,""11110001"":74,""11010100"":26,""11010010"":56,""10000011"":46,""10010100"":26,""00010011"":7,""11110011"":67,""10010010"":47,""10000101"":17,""11100011"":26,""00010001"":3,""10011101"":50,""11100110"":5,""11010111"":44,""10100011"":15,""11000011"":61,""11100001"":29,""10000111"":17,""10111011"":42,""11000110"":6,""10000110"":11,""11011101"":60,""11011001"":89,""11000101"":16,""10000000"":25,""11010101"":63,""10110010"":26,""11000111"":10,""11010000"":48,""11110100"":17,""10110101"":35,""10010000"":53,""00000001"":6,""10010011"":88,""11000000"":24,""10000001"":45,""11010001"":117,""00011010"":4,""11110111"":26,""11110110"":14,""11000001"":52,""11100010"":16,""00110101"":2,""10110110"":8,""01010001"":12,""11011011"":100,""10000010"":15,""11011000"":58,""01000101"":1,""11001001"":37,""11110010"":32,""01000000"":3,""10110000"":21,""10101001"":16,""10100001"":12,""00010100"":1,""10110001"":36,""10010110"":16,""10110111"":14,""01010111"":2,""11111001"":43,""01010011"":10,""00010010"":3,""11010110"":17,""00000011"":8,""00100100"":1,""01110001"":4,""11011100"":34,""01010010"":5,""10011001"":96,""11111000"":27,""10000100"":6,""11100111"":11,""11001010"":28,""11000100"":9,""11011010"":70,""11111111"":27,""01100010"":1,""01110000"":3,""00100000"":1,""11101100"":4,""11001101"":21,""11001011"":52,""11011110"":26,""11111011"":52,""11111010"":39,""10011010"":49,""11111101"":27,""10111101"":22,""10111111"":18,""11101011"":13,""11101101"":10,""10111001"":27,""10001010"":29,""10111000"":15,""10011000"":38,""10011111"":29,""10101010"":9,""10011011"":74,""11011111"":43,""01011000"":8,""10111010"":27,""01111100"":1,""10001001"":38,""00011011"":5,""00001000"":2,""11001111"":21,""10001101"":21,""10101110"":5,""00011001"":4,""10011100"":26,""11001100"":10,""10111110"":10,""11101010"":10,""10001100"":7,""10101101"":5,""00101101"":1,""01001101"":3,""10101000"":5,""00101001"":2,""10101011"":11,""11001000"":20,""11001110"":11,""11101000"":9,""11101111"":7,""10001011"":47,""01111110"":1,""10011110"":16,""01001001"":4,""00001101"":3,""01011011"":9,""10001111"":5,""01011111"":4,""01111001"":3,""01001000"":4,""01101100"":1,""01111011"":4,""01001011"":6,""00001001"":4,""01001010"":4,""01110111"":5,""11100101"":8,""11100100"":3,""10110100"":4,""11100000"":8,""10100111"":1,""00100010"":2,""10100000"":7,""01000011"":6,""01010000"":3,""01000111"":3,""00110110"":2,""01101011"":3,""11101110"":4,""01101001"":1,""11111110"":15,""11111100"":13,""00001010"":4,""01011001"":13,""01011010"":9,""00110011"":4,""01011110"":6,""10111100"":6,""11101001"":19,""00011111"":2,""00011000"":5,""01101101"":2,""00011110"":2,""01001110"":1,""10101111"":10,""01100000"":1,""00101010"":2,""01010110"":3,""00111010"":2,""10001000"":15,""01011100"":2,""01101111"":1,""01101000"":4,""00101011"":1,""00111011"":3,""10101100"":5,""10001110"":6,""01011101"":2,""01110010"":2,""10100100"":4,""01110011"":2,""10100010"":3,""00110000"":1,""01100011"":4,""00101111"":1,""01001100"":2,""00111100"":1,""01111010"":2,""00011101"":1,""00111001"":1,""00010101"":3,""01110110"":1,""01110101"":2,""00000000"":2,""01100001"":2,""00010111"":3,""00110010"":1,""01010101"":4,""00110001"":1,""00100011"":3,""00110111"":2,""00000111"":1,""00110100"":1,""00010110"":1,""01010100"":2,""00100111"":2,""01111000"":3,""01111101"":1,""01100101"":1,""01000100"":1,""00001011"":4,""01101110"":2,""00000101"":2,""01100111"":2,""00010000"":1,""01000010"":1,""01101010"":1,""01001111"":1}"
70,x,4000,-0.5505,0.03600000000000003,-0.03200000000000003,0.026000000000000023,-0.4365000000000001,0.22850000000000004,-0.4810000000000001,0.6855,"{""00001111"":12,""00101000"":7,""01001111"":44,""00001011"":15,""01011100"":38,""01111111"":67,""01111100"":20,""01011111"":114,""10011010"":6,""01111000"":19,""01011011"":131,""01010001"":145,""01011101"":173,""00011101"":15,""01001101"":47,""01111011"":86,""01101110"":4,""10111001"":13,""01011110"":42,""10111110"":6,""00101101"":18,""01011001"":134,""10101101"":13,""10111011"":16,""00001100"":2,""01011010"":50,""01010101"":184,""01001110"":16,""01101101"":21,""01111001"":55,""01001100"":12,""01001010"":19,""01011000"":29,""00010001"":11,""01111101"":90,""10001000"":3,""01110110"":18,""11001110"":1,""01101010"":7,""00011111"":13,""01010000"":50,""01001001"":22,""10011011"":17,""11001101"":2,""00101001"":18,""00110111"":14,""10011001"":13,""01010111"":113,""11011111"":6,""00101011"":34,""01001011"":42,""10011101"":17,""00111101"":12,""01010011"":125,""01111010"":26,""10001101"":11,""11111000"":4,""11010001"":9,""10111100"":7,""01101111"":12,""01101011"":14,""01101001"":12,""10011100"":2,""11111001"":7,""00111110"":3,""11111011"":9,""01110001"":67,""11110001"":10,""00101010"":4,""00111011"":5,""11010110"":4,""11011001"":3,""10111010"":7,""10111111"":10,""00100011"":28,""01100111"":14,""11011101"":8,""00001101"":9,""01000111"":44,""00010111"":14,""00011011"":13,""10001001"":5,""11111101"":6,""00101111"":14,""01010110"":48,""00101110"":7,""10111101"":15,""11011011"":5,""00001001"":10,""10001011"":7,""01000110"":14,""00101100"":7,""10011110"":8,""11001001"":2,""01010010"":51,""10000100"":2,""01110011"":85,""01000000"":10,""10101001"":4,""01110101"":82,""01000001"":29,""00000011"":21,""10011111"":7,""00010011"":5,""00100001"":29,""01100110"":6,""01000011"":28,""10010010"":2,""00110100"":3,""01010100"":39,""10010011"":7,""11001011"":3,""00010101"":17,""01110111"":56,""10110101"":18,""10010101"":25,""01100010"":4,""01110100"":18,""01000101"":57,""00000100"":4,""10110001"":21,""11000101"":5,""11110010"":3,""10000110"":6,""01110010"":21,""00100010"":8,""01100101"":13,""00100101"":28,""10100011"":6,""10010110"":7,""00110001"":8,""10000101"":12,""00110010"":4,""01110000"":22,""01000010"":8,""10100101"":7,""10000111"":5,""10000001"":6,""00000001"":21,""11000001"":3,""10010000"":6,""10110100"":2,""00111001"":8,""00110011"":8,""00000010"":3,""11110111"":7,""00110101"":18,""00000111"":9,""00010110"":5,""10000011"":7,""00000101"":19,""01100011"":14,""00110000"":4,""01100001"":18,""00100110"":7,""00000110"":4,""00010010"":3,""00110110"":2,""11001010"":1,""10110110"":9,""11000000"":1,""11010101"":10,""00100111"":16,""10101011"":12,""11110101"":8,""10101111"":5,""00001000"":2,""11011110"":2,""10001111"":7,""10001110"":4,""01111110"":19,""10101100"":2,""00111010"":2,""00011010"":3,""10010001"":16,""10001100"":2,""00111000"":2,""00111111"":6,""00011110"":6,""11011010"":4,""00011001"":5,""10100111"":2,""10100010"":2,""10110111"":11,""11010010"":3,""01000100"":12,""10010111"":11,""10110011"":12,""10010100"":6,""00010100"":1,""00100000"":7,""11010111"":8,""11110011"":7,""00100100"":5,""11010011"":6,""00010000"":1,""11110110"":1,""11001111"":2,""11101001"":5,""01101000"":3,""10101010"":3,""11100101"":5,""11101101"":3,""11111111"":1,""00011000"":3,""11000011"":1,""11100001"":2,""10000010"":1,""01001000"":7,""10001010"":1,""10110010"":2,""01100100"":3,""01101100"":2,""00001110"":2,""00001010"":5,""10000000"":1,""11011100"":1,""00011100"":1,""10101110"":1,""10100100"":1,""11100010"":2,""01100000"":5,""10100110"":1,""10110000"":2,""11001000"":1,""10111000"":2,""11011000"":1,""11100011"":1,""11110000"":1,""10100001"":3,""11100111"":2,""11010000"":1,""11000111"":1,""11101111"":2,""10011000"":1,""00111100"":1,""11101010"":1,""10100000"":1,""11010100"":1}"
71,x,4000,0.21299999999999997,0.612,0.18899999999999995,0.01749999999999996,0.20850000000000002,0.35650000000000004,0.07350000000000001,0.17400000000000004,"{""00111101"":8,""10001010"":17,""10011101"":14,""01001110"":21,""01101001"":15,""11001100"":12,""01010100"":33,""10001100"":94,""01101000"":59,""01001000"":125,""01011000"":84,""11011100"":1,""00101001"":12,""01001101"":42,""01000000"":76,""10111100"":16,""10110001"":18,""01101100"":44,""01001001"":48,""10011000"":86,""01100101"":29,""10111011"":3,""10001111"":11,""10101111"":1,""00111000"":41,""10001000"":101,""00101100"":18,""00101000"":35,""11101000"":11,""10111001"":11,""00011100"":13,""10101000"":27,""10111101"":6,""01011100"":27,""01001010"":24,""10000101"":84,""01011001"":37,""01101101"":14,""10001001"":60,""01001100"":83,""01011011"":17,""01011101"":13,""10111000"":24,""10011001"":37,""10000001"":65,""00111001"":19,""01111010"":10,""10101010"":5,""00001101"":10,""00001011"":8,""10000000"":88,""01111000"":38,""00001000"":32,""01011010"":23,""11011001"":2,""10001110"":14,""11100010"":4,""01110111"":5,""01101111"":7,""10100000"":21,""00011101"":10,""00001100"":16,""00110011"":5,""01001111"":18,""00011001"":8,""11000100"":10,""01000011"":22,""01100111"":17,""10011100"":25,""10101100"":13,""10001101"":39,""11011010"":1,""01010110"":7,""10001011"":11,""11011000"":9,""00111011"":7,""01000100"":79,""01010111"":16,""11100001"":6,""00000100"":16,""10100101"":10,""00101101"":9,""11000101"":6,""01001011"":12,""00101010"":2,""10000111"":22,""10010001"":45,""00111111"":3,""10000100"":98,""10111111"":3,""10011010"":18,""00001010"":7,""10101001"":16,""10111010"":3,""00010001"":21,""00111100"":19,""10110100"":22,""01101110"":6,""11111000"":13,""00011000"":24,""01010010"":10,""10011111"":11,""01111111"":2,""00110000"":30,""01111001"":12,""10010100"":29,""00011110"":4,""00000111"":3,""10010010"":12,""00000001"":13,""11101011"":2,""01000110"":8,""00010000"":15,""01100100"":46,""10110000"":15,""01000001"":70,""00000110"":1,""00000000"":20,""10010000"":75,""01010000"":58,""00110001"":30,""01000101"":59,""01000111"":28,""01100000"":41,""01010011"":13,""01110000"":28,""00100000"":30,""10110101"":11,""10100001"":18,""00100100"":18,""01010001"":55,""10100100"":15,""11000001"":7,""11000110"":2,""10110010"":7,""01000010"":19,""10010011"":13,""00110101"":13,""11000111"":2,""00100001"":9,""01100010"":5,""00010010"":5,""01011110"":9,""00000101"":8,""11001001"":2,""11100100"":11,""00010100"":23,""10010111"":6,""00010111"":5,""11110100"":7,""11110000"":5,""00100111"":4,""01010101"":22,""11100101"":3,""01100011"":4,""00100011"":9,""00000011"":7,""10000011"":21,""10110110"":4,""01100001"":22,""00010011"":5,""00000010"":7,""01110001"":16,""01110101"":8,""10010101"":13,""11010101"":4,""11111100"":4,""10000110"":15,""11001000"":12,""10111110"":5,""10011110"":8,""01101010"":11,""00001001"":7,""01111011"":7,""01110110"":2,""00110100"":12,""00101011"":4,""11101101"":9,""01100110"":4,""10000010"":14,""00011111"":4,""00100010"":4,""00100101"":14,""00110010"":13,""11000000"":3,""00100110"":3,""11010010"":2,""01110010"":6,""10011011"":10,""11100000"":3,""11110111"":3,""11110101"":4,""01110100"":7,""10100011"":4,""11110001"":3,""11110010"":1,""10100010"":2,""01110011"":8,""11110011"":1,""11111011"":2,""01101011"":5,""11101100"":7,""01111110"":3,""11001010"":1,""00111010"":4,""11111110"":1,""11111001"":4,""00110110"":3,""00010101"":9,""10101011"":3,""00001110"":1,""10101110"":1,""11101001"":3,""10101101"":2,""10110011"":2,""00101111"":3,""11101010"":1,""11101110"":2,""00011010"":3,""01111100"":5,""11001011"":1,""01111101"":5,""00011011"":3,""00101110"":1,""01011111"":3,""11101111"":1,""00001111"":3,""11100011"":4,""10010110"":3,""10110111"":4,""00110111"":2,""11010011"":1,""11100110"":1,""11100111"":2,""00010110"":1,""11010000"":3,""11111111"":2}"
72,x,4000,-0.33299999999999996,0.0695,0.393,-0.00649999999999995,-0.028000000000000025,-0.13650000000000007,-0.045500000000000096,-0.04600000000000004,"{""11011011"":22,""01101001"":40,""11111001"":84,""10001011"":9,""11011001"":19,""10011001"":73,""11101101"":21,""10011010"":28,""01100001"":29,""10101000"":7,""00101111"":12,""11101001"":22,""11101011"":24,""10101010"":16,""00011001"":22,""00111011"":20,""00101011"":55,""11111011"":54,""01111010"":14,""11111100"":24,""10010011"":44,""01111001"":34,""10111101"":16,""10101011"":22,""01101011"":37,""10111010"":15,""01001101"":18,""11111000"":19,""00101000"":16,""10101001"":36,""01001011"":44,""00101010"":25,""10011011"":69,""01001001"":60,""11011111"":8,""01100011"":34,""10001101"":7,""00111010"":8,""11101100"":3,""10011111"":27,""00101001"":66,""00111001"":36,""01111000"":9,""00001011"":25,""00101101"":17,""10101100"":6,""10010101"":24,""01101101"":17,""10011101"":29,""11100011"":22,""10111000"":5,""11111010"":25,""00100011"":60,""11111101"":40,""10010001"":54,""01011001"":18,""01011000"":7,""01001000"":13,""01110101"":9,""01101110"":10,""10000010"":16,""01111100"":10,""01101100"":6,""01011101"":9,""10110000"":14,""10010000"":23,""01110001"":18,""10110101"":9,""10010100"":17,""10011110"":9,""00110011"":14,""01100100"":14,""01000000"":18,""11110010"":41,""11100101"":10,""00010001"":20,""00000011"":28,""00110110"":6,""11110011"":43,""01000100"":23,""10010010"":35,""11100000"":14,""01000010"":32,""00000111"":7,""00110010"":10,""00100010"":34,""10110010"":12,""00000000"":2,""11010010"":15,""01110011"":19,""00010000"":9,""01000101"":18,""00000010"":16,""01000011"":48,""01000001"":40,""01100000"":16,""00010111"":2,""10100001"":14,""00110101"":11,""11110101"":40,""00100001"":52,""00110001"":22,""01111110"":3,""11110111"":18,""01010011"":16,""11110001"":64,""00000110"":6,""10100011"":25,""01110100"":10,""11010001"":26,""11110000"":28,""00100101"":22,""11110110"":16,""10100100"":9,""10110001"":25,""10110011"":14,""11100010"":18,""10100111"":12,""01100110"":8,""00010101"":7,""00100100"":15,""00110111"":6,""11011110"":5,""10011000"":12,""01011011"":13,""10001001"":12,""00111000"":6,""11011101"":9,""01111011"":31,""01011010"":6,""00001001"":28,""01010101"":3,""10101101"":8,""01010001"":16,""10111011"":19,""01101111"":12,""01111111"":10,""01100101"":18,""01001100"":15,""01001010"":19,""01011111"":7,""01100010"":17,""11101000"":11,""10011100"":20,""11101010"":9,""11001011"":21,""11001101"":8,""11101110"":4,""10111001"":28,""01101010"":18,""00111111"":10,""00111110"":5,""00111101"":10,""10000111"":5,""11000000"":9,""11100001"":21,""10000001"":17,""01110110"":8,""11110100"":25,""00100110"":8,""10010110"":20,""10110110"":5,""01110000"":5,""01110010"":12,""11000101"":9,""11001001"":22,""01010000"":6,""10110100"":7,""01010010"":7,""11010000"":9,""01110111"":11,""00000001"":17,""10000100"":9,""11010011"":15,""11000001"":19,""10100101"":10,""10000110"":5,""10101110"":3,""00011011"":6,""11101111"":7,""01101000"":13,""00001110"":2,""00101110"":11,""11100111"":8,""01001110"":4,""11111110"":13,""11111111"":19,""00011100"":3,""11100100"":9,""01011110"":3,""11011010"":10,""01011100"":4,""11011100"":4,""01001111"":10,""01111101"":12,""00011101"":7,""00100000"":18,""10100010"":9,""11000111"":3,""00100111"":16,""00010010"":8,""11001000"":5,""00000100"":9,""10111100"":9,""00110000"":9,""11010100"":7,""00111100"":6,""11000110"":8,""10000011"":12,""10000000"":12,""01000111"":13,""00010011"":6,""10010111"":14,""01000110"":7,""11100110"":3,""11000011"":15,""11000100"":5,""10100000"":7,""00110100"":8,""00001010"":9,""11000010"":9,""00010100"":5,""00000101"":3,""11010110"":8,""00101100"":8,""11011000"":9,""00011000"":3,""00001000"":7,""11010101"":9,""00011111"":5,""10111111"":9,""01100111"":4,""10100110"":2,""10001100"":1,""00001101"":7,""10001010"":4,""11010111"":5,""10000101"":8,""01010100"":5,""10110111"":4,""10001111"":8,""11001010"":4,""10101111"":3,""11001111"":3,""10111110"":4,""10001110"":2,""10001000"":3,""00011110"":1,""00010110"":2,""00001111"":2,""00011010"":1,""01010111"":1,""11001110"":1}"
73,x,4000,-0.013500000000000068,0.6335,0.12450000000000006,0.0030000000000000027,0.14600000000000002,0.741,-0.36149999999999993,-0.29600000000000004,"{""11000000"":99,""11010101"":56,""01010101"":26,""00111001"":6,""10000000"":33,""11110001"":28,""11000110"":23,""11000101"":101,""00000100"":31,""11010000"":51,""10010101"":28,""10010011"":4,""10000001"":44,""11000001"":117,""10110100"":2,""10000100"":37,""10000010"":14,""10010010"":9,""00000101"":41,""00110100"":9,""10010100"":14,""00000010"":8,""10110101"":4,""01000101"":66,""00010101"":22,""00010111"":5,""00000001"":38,""10000101"":47,""11000010"":39,""01010001"":28,""00000111"":4,""01000000"":48,""00010000"":17,""01000100"":24,""11100111"":3,""01001001"":42,""10010000"":24,""01010100"":30,""10000111"":12,""00110010"":4,""11010001"":95,""01011101"":28,""11010100"":45,""11100001"":12,""10010111"":6,""11001001"":87,""00000000"":30,""01000001"":61,""10001101"":30,""11010111"":12,""11110101"":21,""10010001"":37,""01010010"":10,""11001011"":24,""10001111"":6,""11100100"":9,""00010001"":21,""01011110"":6,""10110001"":6,""11000100"":57,""00000110"":9,""11110010"":11,""11110011"":8,""11000011"":28,""00110000"":5,""11010110"":12,""10011001"":24,""11001000"":119,""11011000"":84,""11011001"":83,""10011101"":20,""01001100"":49,""00011000"":23,""01101101"":3,""10001100"":38,""11101110"":3,""10001001"":41,""01101000"":4,""11001010"":31,""00101001"":2,""00001111"":7,""11111110"":5,""00001001"":31,""00000011"":6,""01011000"":36,""01011001"":47,""11001110"":21,""11001101"":72,""01011100"":31,""11011101"":54,""11011111"":10,""00011110"":4,""00110011"":2,""00001000"":38,""10001000"":47,""01001101"":47,""10101000"":3,""11111100"":14,""01001011"":10,""11001111"":7,""11011010"":27,""00001101"":36,""10011100"":17,""11001100"":103,""01011011"":7,""00011101"":10,""01001010"":20,""00001100"":29,""11101001"":6,""11011100"":51,""01001000"":50,""11111001"":21,""00001010"":11,""11111000"":30,""10011011"":4,""10011000"":39,""10011110"":3,""10001011"":6,""00011100"":17,""11100101"":5,""11101101"":5,""10000011"":10,""00010100"":8,""10111010"":1,""10101100"":4,""11101000"":8,""01011010"":16,""00011001"":24,""10101001"":4,""10111101"":4,""11111101"":22,""01001111"":10,""10111000"":5,""01111101"":2,""00111000"":9,""11011110"":16,""00101100"":2,""01001110"":5,""00110001"":7,""10011010"":9,""10001010"":6,""10001110"":6,""11111010"":12,""11110110"":5,""01101001"":3,""11000111"":22,""00111100"":2,""11010010"":19,""01111100"":3,""00111101"":3,""00011010"":4,""00001110"":5,""10111011"":1,""00100001"":3,""01111000"":4,""11011011"":10,""10100100"":4,""11101100"":10,""01000110"":10,""11110100"":22,""00010010"":4,""00110101"":13,""01010000"":26,""00111111"":1,""10010110"":6,""10110000"":3,""11100110"":3,""01110101"":6,""11110000"":14,""10000110"":5,""00001011"":6,""01101011"":1,""11010011"":11,""01111001"":3,""01111010"":1,""10101110"":1,""10011111"":2,""10111001"":4,""01101010"":1,""11100010"":6,""01100101"":6,""11111011"":4,""01010110"":3,""01100001"":3,""01100100"":3,""01110001"":3,""01000111"":9,""11100000"":10,""01100000"":2,""01000011"":7,""00101111"":1,""10100001"":6,""00100100"":1,""00010011"":3,""10100000"":3,""01110000"":5,""01110011"":1,""10100101"":4,""01000010"":9,""01011111"":1,""10111111"":1,""10101010"":1,""10111100"":4,""00011111"":3,""00101000"":1,""11100011"":1,""01010011"":6,""00110111"":3,""01110100"":1,""11110111"":2,""11111111"":2,""01101100"":1,""11101111"":2,""00101101"":1,""10101101"":3,""00111110"":1,""01101110"":1,""11101011"":1,""10110111"":1,""00011011"":3,""01100111"":1,""01100011"":1,""00100101"":2,""01010111"":2,""00111011"":1,""10100010"":1,""01110110"":2,""10101011"":1,""10111110"":1,""11101010"":1}"
74,x,4000,-0.48449999999999993,0.3325,0.25,-0.018999999999999906,0.11150000000000004,0.1785,0.20399999999999996,-0.647,"{""01010000"":4,""10010011"":27,""11000000"":28,""11010011"":27,""01000100"":2,""00101001"":18,""10110101"":71,""10000001"":88,""11000001"":91,""00000111"":4,""01111111"":7,""11000111"":24,""00110101"":11,""11110000"":10,""00000101"":13,""10110111"":27,""10100010"":16,""10100001"":67,""01100001"":5,""10001101"":68,""10000011"":45,""10111110"":14,""10000101"":76,""01110001"":10,""10000100"":5,""00110000"":3,""11000101"":55,""01000101"":17,""10100011"":53,""01000000"":8,""10110010"":18,""10100101"":46,""11001101"":69,""10110000"":31,""10010000"":24,""01000111"":13,""11100000"":16,""10110011"":45,""10110100"":25,""10110001"":84,""01111000"":2,""11110001"":34,""10110110"":9,""10000000"":31,""11010001"":67,""11100011"":22,""10000111"":47,""10010001"":72,""10111011"":37,""10000110"":10,""11010000"":23,""11100101"":12,""11000011"":27,""01000001"":17,""11101001"":37,""10111001"":67,""01010110"":2,""10100111"":11,""10100100"":11,""10001000"":54,""00100101"":6,""11000010"":18,""10100000"":24,""11110101"":19,""11001100"":20,""11011010"":19,""11001011"":18,""00101101"":2,""01001111"":10,""10011001"":68,""00111111"":4,""00101111"":5,""11011000"":17,""10001010"":19,""10001111"":61,""01011000"":8,""10101011"":36,""11111000"":14,""01011100"":2,""11011001"":48,""00011001"":13,""10001011"":52,""11001001"":89,""11011111"":11,""10011110"":6,""11011011"":32,""01011010"":6,""10111101"":75,""11111100"":5,""10101100"":8,""10011000"":25,""01111011"":5,""10111000"":33,""10101000"":21,""00110010"":1,""11101000"":4,""10011010"":20,""10101101"":22,""11001111"":36,""10111100"":22,""10011101"":13,""10111111"":45,""00111000"":8,""10001100"":24,""10011111"":16,""01001100"":12,""10001001"":86,""01001001"":36,""10111010"":21,""01111001"":5,""00001001"":18,""00111011"":4,""11111111"":8,""11001010"":15,""00000110"":2,""11101011"":13,""01000011"":4,""00001000"":7,""10101001"":70,""11111001"":10,""00111001"":13,""00110110"":1,""00101000"":4,""00011101"":6,""11101101"":9,""00000001"":22,""00110001"":15,""01001101"":19,""11100001"":29,""11011101"":16,""00000100"":5,""00000011"":7,""11010010"":9,""01111101"":8,""10010101"":22,""11110011"":18,""00001111"":9,""00010101"":7,""01010001"":18,""11010111"":4,""11110111"":9,""01100111"":4,""00100011"":4,""11010101"":18,""10010010"":8,""01100101"":7,""00100001"":8,""01010011"":8,""11000110"":7,""11001000"":27,""01110101"":13,""10000010"":10,""00110011"":5,""01010101"":8,""10011011"":29,""00010001"":9,""11100010"":4,""10010111"":12,""10100110"":6,""00010011"":5,""11010100"":9,""00110111"":3,""01110010"":2,""00000000"":4,""01000010"":3,""01110000"":3,""00010000"":6,""00010010"":3,""01100010"":3,""11000100"":12,""10101010"":10,""01101011"":1,""01101111"":3,""01011001"":17,""01001010"":6,""01011101"":9,""00001101"":10,""11001110"":13,""11101010"":5,""11101100"":4,""01011011"":9,""11011110"":7,""10011100"":10,""01101010"":4,""00111110"":2,""10101111"":18,""11111101"":14,""01101001"":6,""11111010"":5,""01011111"":4,""01001110"":6,""00011111"":1,""11101111"":5,""01101101"":3,""11011100"":8,""01111010"":2,""10101110"":7,""01001000"":13,""11100111"":10,""00000010"":1,""01100100"":2,""01010010"":4,""11110110"":2,""11111011"":5,""10001110"":9,""00011000"":6,""00111100"":3,""00010100"":2,""00111101"":9,""01011110"":1,""11111110"":2,""11101110"":3,""00111010"":1,""00001100"":3,""01111110"":2,""01101000"":3,""00101011"":3,""01111100"":4,""01001011"":8,""00011110"":1,""00011011"":5,""00110100"":2,""11010110"":1,""00001011"":2,""11100100"":3,""00100000"":2,""00100111"":2,""11100110"":1,""11110100"":3,""10010100"":4,""01010100"":1,""01110111"":6,""00101010"":1,""10010110"":1,""01100011"":4,""01100000"":1,""11110010"":2,""00001110"":1,""00011010"":1,""00101110"":1,""00001010"":2}"
75,x,4000,0.05249999999999999,0.657,0.1935,-0.02499999999999991,-0.07000000000000006,0.29200000000000004,0.06799999999999995,-0.7275,"{""10100011"":14,""11010101"":39,""01010000"":11,""11000000"":61,""01010100"":19,""11000001"":48,""10010001"":119,""10010000"":103,""10100001"":28,""11000010"":8,""10010011"":32,""11001100"":48,""10110101"":24,""10000100"":36,""11110010"":3,""11010111"":12,""00010101"":3,""10110001"":38,""01000101"":11,""11111100"":7,""10010010"":13,""11011101"":33,""10110000"":38,""11000101"":48,""10010100"":69,""11101001"":32,""10011011"":40,""11010100"":41,""00001000"":6,""00100101"":5,""11100101"":52,""10000010"":8,""10110100"":19,""11010000"":67,""01100000"":11,""11000100"":43,""10010101"":88,""11100001"":50,""10011001"":89,""00110001"":15,""10000110"":4,""11111001"":8,""10101000"":47,""01010011"":6,""10110010"":6,""10101101"":25,""01011001"":18,""01010111"":1,""10001011"":6,""11110001"":9,""01000001"":5,""11100100"":42,""10110110"":4,""00110100"":4,""00110000"":10,""10100000"":39,""11011100"":43,""11010001"":42,""11100000"":66,""11010011"":13,""10100101"":31,""10011100"":106,""00010000"":9,""10000000"":32,""10000011"":13,""11001001"":39,""10111100"":28,""11101010"":11,""01011100"":16,""10011000"":157,""11011000"":86,""11011111"":10,""10111101"":23,""10001100"":33,""10011101"":57,""10001101"":32,""11101000"":65,""10011010"":17,""10011111"":19,""11011011"":12,""10101100"":35,""11111000"":15,""10111011"":12,""10101011"":12,""00000000"":2,""01101001"":5,""11101100"":54,""10111001"":32,""11001110"":8,""00011000"":18,""01001000"":9,""11001011"":18,""01101111"":1,""10111000"":54,""10101001"":27,""11101111"":11,""11001101"":37,""10111111"":7,""01111100"":6,""11101011"":15,""10001110"":5,""10100100"":26,""01101000"":15,""11011010"":14,""11100011"":17,""10001000"":59,""01001001"":9,""00111011"":7,""00111000"":8,""11001000"":84,""01001110"":1,""10011110"":11,""10010111"":19,""10001001"":45,""01011101"":10,""00111101"":7,""00011011"":6,""10001111"":10,""11101101"":30,""10001010"":7,""11011001"":43,""01111011"":2,""01011111"":1,""11001010"":15,""00111010"":2,""01101101"":7,""10101111"":4,""00101000"":3,""00010111"":1,""10000001"":40,""01100100"":14,""10000101"":30,""00010001"":10,""01100101"":7,""00100001"":5,""11010010"":9,""01110001"":8,""00000101"":2,""00110011"":5,""00010011"":1,""01000000"":13,""11000011"":24,""01110010"":4,""11100010"":12,""10111010"":7,""01111010"":1,""01111000"":5,""00111001"":12,""00001100"":5,""00011110"":1,""11001111"":4,""10000111"":8,""01110100"":1,""01010101"":8,""10010110"":9,""11100110"":12,""11100111"":8,""11110101"":3,""01010001"":16,""00110101"":6,""00010100"":6,""10110011"":10,""10110111"":6,""10100010"":4,""00011100"":8,""11000110"":9,""01110101"":4,""11110111"":2,""11110100"":6,""01100010"":3,""01100111"":4,""11110011"":2,""11110000"":5,""11000111"":11,""10100111"":2,""01010010"":3,""01011000"":12,""00100000"":4,""11111011"":5,""00001001"":2,""00101001"":3,""01100001"":9,""01011010"":3,""10101010"":5,""11111010"":4,""00011101"":7,""11111110"":2,""01001101"":2,""11101110"":2,""11111111"":2,""01110000"":4,""00000001"":3,""01000010"":1,""00101100"":1,""01001011"":3,""01101100"":11,""00011010"":1,""11111101"":3,""00011111"":1,""01111101"":3,""01101011"":2,""00111100"":6,""00001101"":1,""01100011"":3,""01000100"":3,""10101110"":3,""00101010"":1,""00011001"":5,""01101010"":2,""00000110"":1,""01011011"":2,""01000011"":1,""01111001"":3,""01001100"":4,""00111111"":1,""01111111"":2,""11011110"":3,""01110011"":4,""01010110"":2,""01011110"":1,""11010110"":1,""00100111"":1,""00001111"":1,""00101101"":1,""01001111"":2,""00000010"":1,""00010110"":1,""01110110"":1,""10111110"":1,""01110111"":1}"
76,x,4000,-0.5125,0.19599999999999995,0.19899999999999995,-0.019500000000000073,-0.016999999999999904,0.33199999999999996,-0.5009999999999999,0.565,"{""01000001"":91,""10100000"":12,""01000100"":18,""00000111"":18,""10110101"":6,""01001111"":70,""01010000"":58,""00100110"":10,""10000001"":23,""01000110"":41,""00100010"":4,""01110111"":18,""01100110"":26,""11010000"":4,""01000000"":27,""01010001"":225,""01100011"":53,""01100001"":114,""01011001"":275,""10110011"":3,""00010001"":24,""01010111"":75,""11000011"":2,""11100000"":3,""01010101"":88,""11100001"":6,""00010110"":5,""11100111"":8,""10010001"":24,""10000000"":3,""01000111"":72,""01111110"":7,""01010011"":59,""01111000"":6,""11010011"":6,""01101001"":122,""10100101"":12,""01100010"":20,""01010110"":56,""01010010"":12,""01110001"":28,""01100101"":36,""01101111"":42,""01100111"":67,""10100001"":25,""10101001"":43,""01011000"":61,""01011111"":112,""01100100"":10,""11000110"":4,""11010111"":5,""00100111"":13,""01101101"":19,""10000101"":10,""00110110"":1,""00010011"":4,""00100011"":5,""01011101"":80,""10011000"":7,""11001000"":4,""01100000"":36,""00000001"":19,""00100001"":18,""10010100"":10,""10100011"":12,""11100101"":1,""01110101"":8,""11100011"":8,""11000111"":4,""11010001"":21,""01010100"":25,""10010101"":8,""10110111"":4,""01000011"":33,""01000101"":34,""10000011"":10,""01011110"":44,""01111001"":32,""10000111"":12,""00010111"":6,""11110001"":5,""10100110"":10,""00110011"":2,""01000010"":13,""00010100"":3,""01110011"":7,""10010111"":17,""00100000"":5,""00111001"":1,""00011101"":9,""00111101"":3,""01101011"":44,""01101100"":6,""10111001"":29,""11011101"":5,""01001011"":43,""10101011"":11,""01001001"":125,""11011110"":6,""01001101"":34,""10011001"":47,""01011011"":75,""00101001"":17,""01101000"":31,""00101011"":5,""10001110"":7,""01101110"":25,""10011011"":12,""11111011"":3,""00011111"":12,""01001000"":24,""11101110"":2,""01011010"":21,""01001010"":5,""00000100"":3,""10101111"":18,""11011001"":16,""00011001"":24,""00111100"":1,""11001101"":2,""01111111"":16,""00101110"":4,""10011010"":5,""10001111"":13,""01111011"":10,""11000000"":1,""11110101"":5,""00010101"":4,""00000110"":4,""10100100"":4,""10110001"":20,""10010010"":4,""10001001"":27,""10111100"":3,""11001110"":3,""00111011"":5,""10111111"":8,""00001001"":18,""11010100"":6,""10011101"":14,""00001110"":5,""10111000"":3,""10011111"":11,""11101001"":13,""01001100"":6,""10010011"":4,""00011110"":7,""10111011"":6,""10001101"":15,""00011011"":8,""00001101"":5,""11011111"":15,""10101000"":10,""01011100"":25,""00101100"":2,""01110110"":5,""00101000"":2,""10011110"":7,""11001001"":11,""01111101"":10,""10001000"":4,""01111010"":1,""11111101"":2,""10010110"":9,""01001110"":19,""00001000"":3,""10101101"":8,""01111100"":4,""00101111"":6,""10111101"":6,""00000010"":7,""11001111"":4,""10111110"":3,""10011100"":2,""11001011"":2,""11011000"":5,""11101000"":3,""11011011"":9,""11111110"":1,""10001010"":6,""11101111"":4,""01101010"":10,""10001011"":6,""00111111"":2,""00111000"":2,""10101010"":3,""10101110"":6,""00001011"":3,""10111010"":3,""10000100"":3,""00001111"":7,""10001100"":4,""01110100"":3,""10110110"":8,""00000101"":4,""10100111"":12,""11110100"":2,""00000011"":6,""00010000"":4,""10110100"":2,""00110100"":1,""00101101"":2,""10101100"":2,""00001100"":1,""01110000"":6,""10010000"":10,""00100100"":6,""10100010"":5,""11000101"":2,""11110111"":2,""11010101"":3,""11000001"":4,""00110001"":2,""00110000"":3,""10000110"":6,""00010010"":2,""01110010"":5,""00100101"":1,""00110111"":2,""10110000"":2,""11111001"":2,""00111010"":2,""00011100"":1,""10110010"":2,""11110011"":1,""00011010"":3,""11101100"":2,""11101011"":3,""00011000"":4,""00001010"":2,""11111000"":1,""11111111"":1,""11101010"":1,""11000010"":2,""11010010"":2,""00110101"":2,""11010110"":1,""11000100"":1,""00000000"":3}"
77,x,4000,-0.046499999999999986,-0.02499999999999991,-0.0129999999999999,0.0,-0.10699999999999998,-0.1845000000000001,0.13749999999999996,-0.139,"{""00000110"":3,""00110111"":47,""11100010"":33,""01011000"":5,""00100011"":17,""10000110"":15,""10010111"":37,""10010110"":26,""00110010"":51,""11000111"":17,""01110100"":22,""10110010"":32,""01111011"":18,""01100010"":19,""01011010"":9,""01110011"":18,""01010000"":11,""00010010"":12,""01010001"":9,""10010010"":32,""00110110"":17,""10010011"":22,""01110101"":40,""01111000"":23,""00100010"":23,""01000101"":13,""10111000"":24,""10110001"":11,""11100100"":19,""11100000"":26,""11100101"":38,""10010100"":23,""11100111"":27,""01110000"":14,""10110011"":18,""11000000"":20,""01100101"":22,""10000010"":25,""11010011"":5,""10000111"":26,""00110101"":52,""10100010"":13,""01100100"":7,""00010100"":7,""11010110"":12,""00111100"":29,""10000011"":19,""00100001"":12,""01100000"":10,""00110000"":34,""10110100"":27,""01110001"":16,""11010101"":4,""11000010"":25,""00111111"":45,""00010011"":9,""01010111"":12,""01111100"":14,""01101000"":13,""00111000"":31,""10000101"":34,""00110100"":21,""10100001"":11,""00100101"":16,""00000101"":4,""11000100"":19,""10100101"":12,""00100000"":14,""00110001"":22,""00110011"":20,""01100011"":11,""00111101"":48,""11101111"":32,""00111011"":32,""10111010"":33,""11110001"":6,""10011101"":35,""10111100"":19,""01101101"":11,""00111010"":45,""01111111"":38,""01001001"":2,""11101001"":15,""11001111"":30,""10001001"":17,""11001110"":11,""10011111"":24,""10001000"":21,""01101010"":25,""11001011"":18,""11111001"":9,""00011101"":11,""10001110"":13,""11001101"":30,""11111011"":7,""01111101"":19,""01001011"":3,""11011011"":5,""00001111"":2,""10001111"":34,""10001011"":19,""11101011"":23,""10001100"":19,""01111001"":14,""10011001"":20,""10101001"":12,""11111100"":6,""11111101"":8,""10111101"":36,""11000001"":13,""00111110"":23,""10011011"":16,""10111001"":21,""00011111"":8,""00101010"":22,""10101011"":7,""11001010"":31,""00101011"":14,""10111110"":15,""00111001"":34,""00101100"":14,""10111111"":31,""10101000"":15,""10011000"":32,""01101111"":15,""11101101"":37,""11011101"":15,""11101000"":29,""00101101"":23,""10001101"":22,""00011011"":6,""00101111"":15,""00011001"":7,""01001101"":5,""10011110"":11,""01011111"":11,""00100100"":15,""10110101"":25,""10010101"":36,""10010000"":29,""11000101"":29,""01010010"":15,""10110110"":16,""10010001"":21,""01110010"":20,""11110101"":8,""10110000"":25,""11100001"":13,""01110111"":20,""11000110"":11,""01100001"":5,""10000000"":24,""00010101"":11,""01100110"":6,""11110111"":9,""01000100"":5,""11010001"":5,""11010100"":14,""10110111"":30,""11010111"":9,""00010001"":4,""10000100"":13,""11000011"":27,""10100000"":12,""10100011"":9,""00100110"":16,""11011110"":4,""01010101"":13,""11010010"":17,""01011100"":5,""01011110"":7,""11011111"":18,""10001010"":41,""11011010"":19,""11011100"":8,""01111010"":33,""11011001"":9,""10101101"":9,""10101100"":10,""10101111"":17,""00101000"":15,""11001000"":17,""10111011"":17,""00101001"":15,""01101001"":9,""11111110"":5,""11101110"":13,""11111000"":5,""10011010"":27,""11111010"":9,""01011011"":8,""00001011"":5,""11001001"":17,""01111110"":19,""11011000"":11,""01001010"":7,""11111111"":8,""01101100"":11,""00001010"":5,""11101100"":14,""10101110"":4,""00011100"":4,""01001000"":4,""00000001"":5,""11001100"":8,""11101010"":36,""10101010"":8,""10011100"":19,""01011101"":13,""10100110"":6,""01000010"":5,""00011010"":10,""01010110"":9,""01101011"":6,""00001001"":1,""01001111"":5,""00001110"":3,""01011001"":4,""11100011"":15,""11110010"":12,""11010000"":8,""01010100"":11,""01000001"":2,""01100111"":10,""00100111"":26,""01000111"":6,""00101110"":5,""01001100"":1,""00000000"":3,""11100110"":12,""01010011"":4,""10100111"":10,""00000111"":3,""01110110"":11,""10000001"":6,""00010110"":5,""00010000"":9,""00010111"":7,""11110100"":6,""01000011"":8,""11110011"":3,""01000000"":7,""00000011"":3,""00000100"":2,""00000010"":2,""01000110"":4,""11110000"":6,""10100100"":6,""00011000"":1,""11110110"":4,""01101110"":3,""00011110"":3,""00001101"":6,""01001110"":1,""00001100"":1,""00001000"":1}"
78,x,4000,0.4625,0.679,0.08799999999999997,0.0040000000000000036,0.014499999999999957,-0.0794999999999999,0.39049999999999996,-0.4495,"{""01011100"":28,""10111000"":125,""00001001"":15,""10111010"":20,""01111000"":12,""10101100"":140,""11101000"":32,""11101100"":34,""11110101"":4,""00010001"":18,""01011000"":43,""00011000"":50,""01011101"":11,""10111001"":40,""10111101"":30,""11000010"":11,""10101101"":45,""11011100"":27,""11100101"":13,""10101001"":55,""11111100"":8,""01111100"":5,""10011001"":36,""00101101"":6,""11001000"":36,""11010011"":3,""10011100"":55,""10101011"":15,""11011000"":25,""10011000"":88,""01111001"":4,""01001000"":34,""11000100"":41,""00000101"":11,""00101000"":24,""10111100"":89,""00111000"":10,""10101000"":154,""10110100"":103,""11101110"":5,""11001100"":33,""01001101"":6,""10001100"":17,""00011110"":8,""10010000"":77,""00011101"":13,""10101010"":28,""10101110"":20,""11111001"":7,""01001100"":13,""01101000"":9,""00001000"":31,""10100100"":160,""00101100"":17,""10001110"":3,""00011100"":35,""10011101"":18,""01010000"":37,""00100100"":27,""10100000"":135,""00000001"":15,""10010100"":90,""10110000"":109,""11100100"":32,""00010101"":13,""01000000"":18,""11000000"":44,""11100010"":6,""00010000"":41,""01010101"":6,""01000100"":20,""00100000"":21,""01010100"":33,""00010100"":40,""10000000"":9,""10110001"":34,""11000101"":19,""00000100"":24,""00100010"":8,""10100101"":39,""10100001"":51,""11110001"":4,""10000111"":5,""10011110"":9,""01000010"":5,""11100000"":36,""11010000"":37,""10100011"":16,""10110011"":10,""10100110"":17,""01100100"":15,""11010100"":36,""10110101"":28,""10110010"":22,""10110110"":10,""00000000"":31,""11100001"":13,""01110100"":4,""01010010"":6,""10000010"":1,""01100000"":16,""10100010"":31,""01010001"":12,""00010010"":9,""01110001"":2,""00001011"":3,""00001100"":23,""00001010"":11,""11101101"":13,""01001111"":2,""10111110"":11,""10001000"":11,""01101101"":5,""11011010"":9,""11011101"":13,""11111000"":11,""10111011"":15,""11011111"":1,""10010111"":12,""01101100"":10,""01011001"":18,""00111110"":2,""11101001"":11,""11010110"":6,""01101001"":7,""11001001"":16,""11001101"":8,""10010001"":26,""10011011"":7,""10001010"":5,""10011010"":12,""10001101"":3,""11111011"":1,""01101110"":2,""11011001"":11,""10001111"":3,""11000001"":14,""01011011"":5,""10101111"":10,""10111111"":7,""11001010"":12,""01011111"":4,""00010110"":3,""10011111"":6,""00001110"":5,""11001110"":6,""11100110"":6,""01001001"":10,""10000100"":11,""00111100"":2,""00101001"":9,""11111110"":2,""11111111"":1,""11110000"":10,""01110110"":1,""01100001"":2,""00110100"":4,""10000101"":7,""00000010"":9,""11000110"":5,""11110100"":12,""11010111"":3,""00010111"":10,""10010101"":22,""11011011"":4,""00111011"":1,""11101010"":5,""01111110"":2,""10001001"":4,""00011010"":10,""11100111"":3,""11001011"":5,""11001111"":6,""01101111"":1,""01011010"":6,""01110000"":7,""00000110"":3,""01100110"":2,""11010001"":11,""00010011"":1,""00110110"":1,""01001010"":5,""00011011"":2,""00011001"":11,""00100001"":4,""00001101"":5,""01000101"":12,""11011110"":2,""10110111"":7,""00100110"":3,""00110000"":3,""01000001"":2,""00100111"":1,""10010110"":6,""00100011"":3,""00110111"":2,""10010011"":4,""11110011"":1,""01100111"":1,""11000011"":3,""01010111"":2,""01010110"":5,""10000110"":2,""00111101"":2,""01000111"":2,""10000001"":5,""11010101"":7,""11100011"":3,""00000011"":1,""01010011"":5,""10100111"":9,""01000011"":2,""00100101"":5,""10010010"":14,""11010010"":5,""01100010"":4,""00101010"":5,""00101110"":1,""01111101"":2,""00110001"":1,""00001111"":2,""01111011"":2,""11110110"":1,""11101111"":2,""01100101"":3,""00111001"":3,""01001110"":1,""00101111"":2,""10001011"":1,""01011110"":1,""01101010"":1,""11111101"":3,""00111111"":1,""11101011"":2,""01110111"":1,""00000111"":2,""11110111"":1,""11000111"":3,""10000011"":1,""00110011"":1,""01110011"":1,""00101011"":1,""00110101"":1}"
79,x,4000,0.2825,0.010000000000000009,0.058499999999999996,0.0014999999999999458,0.34199999999999997,0.513,0.08199999999999996,-0.1745000000000001,"{""10010000"":19,""00101000"":33,""10000010"":45,""00100000"":26,""10110000"":13,""01000100"":37,""01010110"":20,""11100100"":9,""10000110"":62,""11110101"":9,""11000011"":33,""01000011"":24,""11110111"":9,""00100110"":38,""00100100"":26,""11000110"":50,""10010010"":16,""00000101"":18,""01110000"":15,""10010100"":20,""00110001"":2,""00011011"":8,""00010110"":11,""01010010"":28,""00010100"":9,""00011010"":9,""11110110"":12,""00000110"":33,""00010000"":12,""01010000"":32,""11010100"":14,""11000001"":23,""11000010"":45,""00001100"":31,""11000111"":22,""10000000"":85,""01000001"":17,""10000100"":61,""00000011"":10,""10100110"":5,""10011000"":31,""01100110"":3,""00000000"":29,""00110011"":6,""10110100"":8,""11011100"":18,""01000000"":37,""01010100"":16,""11000100"":42,""00010010"":9,""10001011"":50,""00000111"":13,""00110100"":6,""11000000"":53,""00100101"":16,""11110010"":7,""00100011"":18,""10110011"":12,""11001010"":43,""11110000"":9,""10011011"":19,""11010111"":7,""11010000"":13,""11110100"":11,""01110010"":16,""10000011"":37,""01010001"":11,""10011010"":30,""10111110"":16,""00101111"":13,""10011100"":23,""00001101"":12,""11001100"":45,""10001111"":44,""00001010"":17,""01011000"":19,""01001000"":47,""01011100"":8,""10001001"":45,""11001001"":37,""11000101"":25,""01011111"":7,""10001101"":39,""11001000"":67,""01001011"":21,""01000101"":16,""01001110"":31,""00001110"":31,""11011110"":12,""11011010"":15,""11011111"":6,""11001110"":43,""00011001"":4,""10001100"":62,""01011001"":10,""11011000"":27,""01001111"":18,""00101010"":18,""11001011"":32,""10001000"":76,""01010011"":16,""00101101"":18,""01111010"":12,""10001010"":63,""11010101"":8,""01001100"":32,""01001010"":24,""10111001"":6,""01001101"":13,""00001011"":8,""10001110"":54,""01010111"":10,""00001001"":18,""11101101"":2,""00111000"":8,""10101011"":5,""11011011"":17,""00111111"":5,""00001000"":28,""01001001"":17,""10100111"":2,""10011001"":12,""00101110"":20,""11101001"":4,""00011100"":8,""10110110"":22,""10000101"":35,""00111011"":3,""01111001"":2,""11001111"":28,""00001111"":27,""10111010"":13,""10110010"":9,""01000110"":43,""00000010"":24,""10000111"":33,""11010010"":22,""10010111"":13,""00000100"":25,""10000001"":22,""11010001"":9,""01000111"":27,""01110011"":8,""01000010"":25,""10010110"":25,""00110110"":2,""00110000"":7,""10100001"":5,""01111110"":5,""11111011"":9,""10010001"":9,""10110111"":3,""00100001"":11,""00111101"":4,""01110110"":8,""10100011"":5,""11101011"":6,""00010011"":5,""11010011"":14,""11010110"":12,""01101011"":1,""11101111"":3,""01100000"":3,""00100111"":11,""00110010"":5,""01110100"":8,""10011111"":10,""00000001"":12,""10101010"":8,""11100011"":5,""00110101"":2,""01111011"":9,""00011000"":18,""01011010"":24,""11011101"":5,""00101011"":12,""10101101"":4,""11011001"":5,""01011011"":7,""10111101"":4,""11101110"":8,""00101001"":13,""11111010"":8,""10111000"":26,""00111100"":7,""10011110"":23,""11001101"":25,""11101000"":7,""01100010"":1,""11100000"":8,""00100010"":15,""10100100"":5,""01110101"":5,""10010011"":13,""11111000"":16,""11100010"":4,""01010101"":11,""10010101"":8,""00010001"":6,""11110011"":11,""10011101"":7,""00101100"":24,""00011110"":4,""00111010"":6,""11111110"":6,""10101001"":6,""01101001"":1,""11111111"":6,""01101110"":5,""11110001"":4,""10111111"":5,""11111100"":7,""10101111"":4,""01011110"":13,""11111101"":4,""00011101"":4,""10111100"":5,""10101000"":3,""01100101"":3,""00010101"":2,""10110001"":11,""11100110"":5,""10100010"":6,""11111001"":3,""11101100"":1,""10111011"":4,""00010111"":5,""01101100"":4,""00111001"":2,""01111100"":1,""01111000"":9,""10101100"":2,""11100101"":4,""01100100"":7,""01111101"":6,""10110101"":6,""00011111"":5,""10101110"":3,""11101010"":3,""11100001"":3,""10100000"":5,""01110001"":3,""00110111"":4,""01101010"":2,""01111111"":3,""01101000"":3,""11100111"":3,""10100101"":4,""01110111"":6,""01011101"":2,""01101111"":1,""00111110"":2}"
80,x,4000,0.353,0.4075,-0.43100000000000005,-0.0129999999999999,0.19199999999999995,0.37749999999999995,-0.5820000000000001,-0.11099999999999999,"{""10001000"":15,""01001110"":39,""11011100"":87,""10101101"":4,""10111100"":19,""11001110"":36,""01100101"":26,""10011100"":30,""11011101"":61,""11000001"":9,""01001100"":106,""01001010"":30,""01011101"":41,""01011110"":29,""11111100"":35,""01001001"":12,""11001101"":51,""01011011"":6,""00001100"":24,""11101001"":8,""01001101"":62,""11011110"":37,""11001000"":35,""01011001"":7,""11001010"":27,""10001101"":20,""01011010"":20,""11101000"":30,""11001011"":18,""01111100"":31,""00111010"":3,""01001011"":12,""11111010"":8,""10000111"":7,""01001000"":34,""11001100"":112,""11011010"":12,""00001101"":14,""11011111"":14,""01000011"":21,""10001011"":4,""01101100"":48,""00011100"":8,""11011000"":22,""11111000"":13,""00011101"":6,""01101101"":18,""11111001"":7,""01101000"":18,""11000000"":35,""00001110"":7,""00101010"":2,""10111101"":9,""01110100"":39,""01011000"":18,""01101111"":5,""01111101"":18,""10001110"":12,""10000000"":22,""01111011"":5,""11000110"":33,""11101110"":19,""01101010"":13,""11101101"":39,""01101001"":7,""01011100"":66,""10111000"":7,""11101100"":69,""11001001"":22,""01110000"":9,""01001111"":12,""11000100"":132,""11010101"":44,""01000100"":129,""10010011"":3,""11010011"":6,""10100101"":6,""11100100"":49,""10100100"":16,""11010100"":92,""10000100"":42,""11100101"":19,""01000110"":38,""10000110"":14,""00100110"":3,""11000111"":17,""01000111"":20,""11110110"":17,""00000100"":30,""10010100"":29,""01010101"":45,""01100110"":10,""01100100"":38,""01000000"":44,""01010100"":71,""11010000"":18,""01000101"":52,""01100001"":7,""11100110"":24,""11100010"":20,""00010011"":3,""11000101"":56,""10000101"":24,""01010110"":26,""00000111"":7,""01100111"":8,""11010110"":27,""11010001"":9,""01100000"":18,""00000110"":14,""01000001"":18,""11010010"":16,""00000000"":7,""01110010"":10,""11100111"":11,""00010100"":7,""10010110"":7,""10110010"":2,""11000011"":14,""11001111"":20,""00100000"":3,""00011010"":5,""11101010"":21,""00011000"":2,""10011101"":13,""10001010"":15,""11101011"":9,""10001100"":43,""10101110"":7,""00111100"":7,""11111011"":8,""01010111"":11,""11110100"":35,""11111101"":20,""01010010"":16,""00001000"":6,""10111111"":2,""11011011"":9,""01011111"":11,""00111001"":6,""01110101"":20,""01010000"":23,""10010010"":4,""00110011"":2,""00000010"":6,""11100000"":17,""11100001"":10,""01100010"":5,""10000001"":4,""11110011"":3,""11110000"":12,""01010001"":7,""01000010"":18,""00000011"":3,""10100110"":5,""01101110"":14,""00110001"":3,""11000010"":20,""11110101"":17,""10101100"":12,""11011001"":9,""10001001"":8,""11111110"":14,""00011111"":2,""01101011"":3,""10001111"":8,""01111000"":14,""01111111"":6,""01111001"":5,""10010001"":3,""01111110"":10,""00101000"":4,""01111010"":9,""00110110"":8,""10101010"":5,""00100010"":3,""00110101"":4,""10010000"":8,""10100000"":6,""10110100"":11,""00010000"":7,""11010111"":14,""00110010"":2,""10010111"":3,""01110110"":4,""10110110"":2,""00111110"":5,""00111000"":2,""11111111"":6,""00001010"":3,""00001001"":2,""00001011"":2,""10011000"":12,""00000001"":4,""00110100"":9,""00110000"":4,""01110001"":7,""00000101"":12,""00100100"":3,""11100011"":6,""10010101"":8,""00101100"":7,""10111110"":7,""00010111"":2,""10000010"":10,""10000011"":7,""10111001"":3,""10101001"":3,""10011001"":3,""11101111"":5,""10011011"":3,""00010110"":4,""01010011"":5,""01110111"":8,""01110011"":1,""10100111"":3,""10111010"":1,""10110111"":5,""11110111"":3,""01100011"":4,""00101110"":1,""10011110"":9,""10111011"":2,""00001111"":1,""00111101"":2,""10110101"":3,""10110001"":3,""11110010"":8,""11110001"":1,""10101111"":2,""00011110"":4,""10110000"":2,""00100101"":5,""10011010"":2,""00101001"":1,""00111011"":2,""10011111"":3,""00110111"":1,""00101101"":1,""10100001"":1,""10110011"":1,""00010101"":2,""00010010"":1,""00100111"":1,""00010001"":1,""10101011"":1,""00011011"":1}"
81,x,4000,0.31999999999999995,-0.09749999999999992,-0.07250000000000001,-0.0009999999999998899,0.04200000000000004,0.0685,0.11650000000000005,-0.15599999999999992,"{""10001110"":46,""10101101"":36,""11111001"":4,""10011111"":17,""01001100"":25,""00011001"":9,""10111010"":31,""01011100"":38,""01111000"":6,""01001111"":21,""01001101"":19,""10111111"":25,""10011001"":20,""10011011"":7,""01011010"":36,""11001011"":6,""01000010"":49,""00001111"":6,""11011010"":12,""01001010"":38,""01010011"":15,""10101011"":23,""11101111"":5,""00011010"":20,""01011011"":13,""01001001"":19,""00101110"":10,""11101011"":6,""00010010"":18,""01101111"":7,""11011110"":17,""00010000"":7,""01101110"":19,""00011101"":10,""00011110"":11,""10111110"":35,""10111011"":15,""10111100"":36,""10011100"":36,""01101001"":8,""01111011"":6,""11001010"":13,""10011010"":53,""11101110"":17,""10001111"":11,""10101110"":62,""01011101"":25,""10101111"":18,""10011101"":20,""01111110"":27,""10100010"":87,""10101010"":64,""01010001"":17,""10011110"":31,""10001100"":18,""01011000"":34,""01011110"":45,""10001010"":32,""10010011"":24,""00101010"":15,""11101101"":10,""01101011"":8,""11111101"":11,""01011001"":20,""00111111"":4,""00100001"":3,""11101100"":13,""10000111"":16,""01111001"":7,""11010100"":15,""10101000"":29,""10001101"":21,""10010010"":48,""01111010"":6,""11111010"":13,""00111010"":8,""10101100"":66,""00011100"":17,""00001101"":6,""01101100"":24,""00101100"":10,""00111110"":8,""11111100"":11,""01101010"":17,""00000000"":7,""01001011"":16,""00010110"":14,""11011100"":14,""10010000"":25,""11111110"":10,""11001110"":10,""11111000"":3,""10001001"":9,""01000110"":36,""01001110"":43,""10100001"":30,""10101001"":30,""01101000"":9,""00101000"":7,""10110011"":10,""01111100"":13,""10111101"":24,""11001100"":15,""10111001"":10,""11101001"":5,""10001011"":12,""10001000"":10,""10100000"":23,""10110000"":13,""00000010"":17,""00001010"":11,""01001000"":16,""01000001"":16,""01110010"":19,""11000001"":6,""01111111"":10,""00110001"":7,""01000100"":39,""10000101"":17,""01000011"":25,""00100000"":7,""01010101"":15,""10000010"":33,""10100100"":47,""10110001"":14,""01100101"":15,""11110101"":9,""01000000"":13,""01100010"":23,""00000011"":5,""11000100"":12,""00100010"":21,""10010100"":35,""00000110"":9,""01110110"":13,""01110100"":11,""00010001"":4,""10110100"":28,""00010101"":8,""01000101"":18,""01010100"":33,""10100101"":31,""00000111"":4,""11010000"":8,""10000000"":15,""01010010"":60,""11000110"":8,""00010100"":21,""10110101"":22,""10000110"":30,""01100100"":30,""11000010"":15,""11110111"":6,""10010110"":35,""00100110"":11,""01100111"":4,""11110010"":14,""10010101"":24,""10100111"":23,""11100101"":13,""01010110"":32,""11100010"":21,""00100111"":4,""10010111"":12,""10000100"":32,""11000000"":6,""01100011"":9,""10100110"":45,""11010001"":7,""11110001"":7,""00000100"":11,""01111101"":6,""01100110"":14,""10110110"":29,""11100001"":7,""00110110"":7,""10000011"":10,""00110111"":3,""10110111"":10,""11110011"":7,""01010000"":25,""10010001"":21,""00100100"":9,""11000011"":7,""00110101"":6,""10000001"":13,""10100011"":27,""10110010"":30,""11010101"":5,""01110001"":4,""11111111"":8,""10011000"":21,""11010110"":18,""01110011"":10,""11000101"":3,""01100000"":6,""00110100"":13,""00010011"":6,""11110110"":15,""11100011"":11,""00101011"":6,""00111000"":4,""01101101"":9,""11011000"":4,""00011011"":7,""11010010"":17,""11011011"":4,""10111000"":19,""00111100"":8,""00011000"":6,""11101010"":14,""11011111"":5,""01011111"":16,""00001100"":4,""00011111"":9,""11001000"":7,""00101001"":4,""11001111"":5,""11011101"":12,""00101101"":7,""01100001"":9,""00101111"":5,""11101000"":7,""00001000"":2,""00110000"":4,""00100011"":4,""01000111"":10,""01010111"":16,""00110010"":8,""11010011"":4,""00100101"":8,""11110000"":5,""11100100"":10,""01110111"":5,""11100110"":6,""11010111"":4,""11100000"":5,""11110100"":11,""00001110"":5,""00010111"":4,""11100111"":4,""11000111"":3,""00000101"":3,""01110101"":3,""11001001"":5,""00001011"":3,""11001101"":2,""00111101"":4,""00111001"":2,""00110011"":2,""11011001"":4,""11111011"":5,""00111011"":1,""00001001"":3,""01110000"":1}"
82,x,4000,0.41600000000000004,0.22250000000000003,-0.009500000000000064,-0.00649999999999995,-0.14700000000000002,0.044499999999999984,-0.3194999999999999,-0.391,"{""10001010"":13,""11101001"":12,""11011111"":8,""11111100"":52,""00111011"":3,""10001000"":30,""11110010"":50,""11111000"":69,""11011100"":64,""10101000"":15,""10001110"":18,""10011000"":20,""11111010"":34,""01101010"":6,""11110110"":47,""00001110"":12,""11111101"":39,""00001000"":12,""00111110"":7,""11011010"":16,""11011000"":52,""11001010"":41,""11001001"":24,""10011100"":13,""11000101"":39,""10111000"":55,""11001100"":53,""11001000"":71,""11111110"":48,""01011110"":21,""01001010"":18,""11011001"":18,""11011101"":28,""01111000"":23,""10011010"":8,""10011101"":11,""10111010"":29,""10111110"":48,""00101010"":2,""10001101"":9,""11101100"":30,""10001100"":25,""10110110"":29,""11101010"":13,""10111100"":58,""10101010"":5,""00101000"":6,""01101000"":15,""11000000"":55,""11111111"":16,""01011000"":41,""00010001"":4,""01111111"":7,""11001011"":17,""10101110"":2,""10011001"":5,""11111001"":16,""00111010"":6,""11110101"":34,""11001111"":13,""01111101"":14,""10000001"":4,""00001010"":11,""01001110"":19,""10111101"":32,""11101110"":13,""11110111"":13,""01011101"":18,""01100111"":2,""00000110"":15,""01000010"":27,""01010101"":13,""11110000"":60,""11110100"":52,""11010011"":11,""11100001"":10,""10010101"":7,""10100000"":17,""11010110"":19,""10000110"":25,""11100000"":17,""11000110"":47,""10110100"":57,""01000101"":17,""01100011"":6,""01110010"":17,""11010000"":62,""11110001"":17,""00110011"":4,""00100100"":7,""10110010"":46,""00101110"":3,""00100001"":5,""11010101"":23,""11110011"":18,""01110000"":34,""10110101"":29,""10110111"":14,""11010100"":29,""11000011"":18,""11100101"":4,""10000101"":12,""01010011"":6,""00000001"":7,""11000001"":14,""10000000"":26,""01000100"":21,""11000010"":51,""00110100"":8,""10110011"":21,""00100000"":7,""01000000"":34,""10010110"":14,""11000111"":9,""01101011"":3,""11010010"":32,""10100101"":5,""11010001"":17,""10000010"":19,""01100001"":2,""01010000"":19,""11100010"":10,""10000111"":9,""00000000"":17,""10010010"":11,""10100100"":10,""11100011"":6,""00000100"":22,""10010111"":5,""01110100"":24,""01000110"":30,""10000011"":6,""10110000"":53,""10110001"":15,""00110010"":7,""00110000"":6,""11000100"":50,""01100100"":14,""01010100"":30,""01100010"":11,""01100000"":19,""01001011"":16,""01110110"":7,""01110111"":7,""00111100"":12,""01010010"":10,""00010100"":4,""10010000"":13,""11100100"":22,""01011100"":28,""11101111"":7,""11101000"":28,""01110001"":6,""10000100"":19,""00110101"":5,""01010111"":8,""01010110"":19,""10100110"":14,""00110001"":3,""00000111"":2,""10010001"":10,""00000010"":6,""11100110"":10,""00110110"":8,""11010111"":8,""10010011"":6,""01100110"":7,""01001000"":28,""00000011"":3,""00010000"":6,""00101100"":4,""10100111"":2,""01110101"":9,""01000011"":9,""11111011"":18,""00111111"":7,""01111110"":18,""10101101"":9,""11101101"":11,""11001110"":33,""01111001"":7,""10001001"":11,""10111111"":15,""01011011"":10,""10011111"":6,""01101001"":5,""01101100"":11,""10111001"":16,""01001100"":15,""11001101"":27,""11101011"":6,""00001101"":11,""10001111"":9,""00111000"":11,""01111010"":9,""01001111"":5,""01101110"":10,""00001001"":5,""10111011"":7,""01111100"":23,""11011110"":24,""01001101"":14,""01010001"":4,""10101111"":3,""00011000"":5,""00101001"":3,""10011011"":2,""10101011"":2,""01011010"":11,""00001100"":7,""00011110"":3,""00000101"":7,""00111101"":3,""00011100"":5,""01111011"":8,""00010110"":3,""01100101"":3,""00110111"":3,""00100011"":2,""00100110"":2,""10011110"":8,""01000001"":9,""01000111"":7,""01110011"":7,""00011111"":2,""01011111"":4,""00011011"":2,""00011010"":3,""01011001"":14,""01101101"":8,""10101001"":3,""01001001"":6,""11011011"":8,""00001011"":6,""00011101"":3,""10101100"":9,""01101111"":1,""00101101"":5,""10100001"":2,""10010100"":8,""10100010"":7,""00100010"":4,""00111001"":5,""00101111"":1,""00001111"":2,""10100011"":3,""00100101"":2,""00100111"":1,""11100111"":2,""00010010"":4,""00011001"":2,""00010101"":1,""10001011"":3}"
83,x,4000,0.05149999999999999,-0.20500000000000007,-0.10899999999999999,0.0044999999999999485,0.397,0.4525,-0.7115,0.31299999999999994,"{""11000000"":28,""01000101"":50,""01010110"":31,""11000110"":36,""01000010"":78,""01100110"":42,""01110100"":14,""10000010"":14,""01000100"":105,""10000000"":14,""01010011"":55,""01010111"":51,""01000111"":98,""01100010"":37,""01010010"":42,""10000100"":20,""11010010"":24,""01110011"":16,""00110111"":5,""11000011"":56,""01100111"":48,""00100110"":4,""11000100"":60,""10111011"":2,""11100110"":7,""01000011"":87,""01001010"":86,""11000101"":27,""11010000"":11,""01110010"":16,""11000111"":37,""10001100"":19,""01000110"":70,""01100100"":45,""01010101"":23,""10001011"":23,""11010001"":4,""01101011"":55,""01100101"":26,""10100111"":5,""00000000"":3,""11001011"":47,""01010001"":8,""00101010"":8,""01000001"":25,""11000010"":29,""11101011"":20,""01110000"":6,""01100011"":45,""01000000"":49,""10100010"":8,""01110101"":11,""10000011"":22,""10100100"":6,""11010111"":19,""00100011"":5,""10001101"":17,""01011011"":71,""01100001"":10,""01010100"":65,""11100010"":10,""11101001"":3,""11100111"":10,""11010100"":27,""00110100"":4,""00011101"":2,""01001110"":58,""00100010"":6,""11001110"":24,""01001100"":108,""01101010"":37,""11011111"":23,""11001100"":49,""00010101"":2,""11001101"":23,""01001111"":100,""01101111"":39,""11101110"":4,""01001101"":65,""01011111"":41,""01101100"":48,""01101001"":17,""00111011"":5,""01001000"":37,""01011100"":39,""01011110"":26,""01101101"":32,""01001011"":117,""11010011"":18,""11001000"":17,""11001111"":31,""10001111"":13,""01101000"":27,""00101000"":2,""01111111"":6,""01111100"":12,""11011010"":21,""01011010"":42,""01111010"":9,""01011000"":13,""11000001"":8,""00101101"":2,""10011100"":13,""00100101"":2,""11011101"":17,""00011010"":4,""11001010"":47,""01110110"":8,""11101000"":4,""01011101"":30,""01111011"":10,""10011110"":5,""11010110"":18,""00101011"":7,""01010000"":21,""01110111"":11,""10011101"":5,""10010111"":7,""00110110"":4,""11100100"":11,""10010010"":6,""10000111"":16,""11100000"":11,""10100011"":7,""00100100"":7,""01100000"":23,""00110101"":3,""10000110"":15,""10100110"":7,""11101010"":10,""10001010"":14,""10111010"":2,""00011111"":4,""11011100"":31,""11011011"":30,""10110100"":2,""01001001"":22,""10011000"":4,""11101111"":15,""11011110"":11,""00001010"":4,""10011011"":8,""00001000"":1,""10001110"":10,""00101110"":4,""10101010"":4,""10000101"":9,""11111100"":8,""11001001"":12,""10101001"":2,""01101110"":35,""01111000"":5,""00000010"":5,""11101100"":11,""11111000"":3,""00111111"":3,""00101111"":7,""10111110"":3,""11100011"":12,""11011001"":7,""11111001"":2,""10101011"":8,""11111110"":4,""10101111"":2,""00001011"":8,""10101100"":8,""01011001"":6,""10001000"":1,""00101100"":7,""00011100"":4,""10011010"":4,""10010110"":7,""00111110"":3,""10011111"":3,""00000111"":4,""11110000"":3,""11110010"":3,""10010100"":9,""10100101"":2,""11110111"":5,""00000110"":5,""01111101"":4,""00111100"":6,""00011011"":4,""00000100"":5,""11110100"":5,""00010100"":4,""00010111"":3,""00100111"":7,""00110000"":2,""11010101"":9,""00010001"":1,""11100101"":6,""11101101"":5,""11110011"":3,""00111000"":1,""10001001"":3,""11011000"":10,""10101101"":3,""11111011"":6,""10010101"":4,""11110110"":3,""00110011"":2,""00000101"":2,""00110010"":2,""00000011"":5,""10110010"":1,""00100000"":4,""10110101"":2,""10010000"":1,""00001001"":1,""00011000"":3,""00001111"":1,""01111110"":9,""10110011"":2,""10110110"":1,""11111101"":2,""00111010"":4,""11111010"":1,""00010110"":3,""00001101"":1,""01111001"":1,""00001100"":4,""10111101"":1,""10111100"":2,""10101110"":1,""10101000"":3,""00001110"":1,""00101001"":2,""11100001"":2,""10010011"":2,""00010010"":1,""10010001"":1,""10000001"":1}"
84,x,4000,-0.0040000000000000036,0.5845,0.22850000000000004,-0.0015000000000000568,-0.20100000000000007,0.131,-0.18900000000000006,0.23199999999999998,"{""11111000"":15,""00001100"":10,""10101010"":3,""10111001"":50,""11111110"":2,""10011000"":60,""01011000"":90,""01101001"":34,""01111011"":14,""01011010"":15,""01111110"":6,""10111000"":56,""01001001"":47,""10100110"":2,""01001100"":63,""10001000"":15,""11111010"":3,""01001101"":63,""10011010"":19,""01001011"":24,""11101101"":11,""00011000"":21,""01010000"":117,""10001111"":9,""01010001"":99,""10101110"":4,""01111101"":34,""10110001"":43,""10111101"":26,""01101000"":33,""10011011"":22,""01111001"":64,""10111011"":16,""00111110"":1,""01011101"":69,""00101001"":17,""01001111"":13,""11101001"":19,""10101001"":18,""01011100"":38,""00011001"":13,""01011001"":95,""01100001"":24,""11101011"":10,""10011111"":9,""01011110"":19,""10010011"":22,""00111001"":10,""10001001"":14,""00001000"":7,""11001001"":8,""01001000"":43,""10101111"":5,""10011100"":24,""00101011"":7,""01111100"":25,""10011101"":26,""01011111"":13,""11001101"":3,""00001001"":8,""10011001"":44,""11111100"":9,""10101101"":18,""10001100"":26,""00100101"":15,""01100110"":10,""01101011"":9,""10010000"":53,""01011011"":37,""11011000"":6,""01101101"":19,""01111000"":75,""10111100"":22,""00111010"":2,""10000100"":23,""00101100"":10,""00011100"":15,""01111111"":3,""01000100"":72,""10010001"":49,""00101000"":21,""10001101"":21,""01101111"":9,""11011001"":10,""01010110"":4,""10000111"":10,""10110100"":35,""00011101"":12,""11011101"":4,""11101110"":2,""01101100"":27,""11101100"":12,""00011011"":9,""01101010"":9,""00010011"":5,""10101100"":19,""01110011"":19,""01000111"":17,""00111101"":6,""10101011"":7,""10111010"":5,""01110001"":49,""01111010"":16,""10100000"":31,""10010101"":25,""00001101"":7,""00101111"":4,""01010011"":33,""00010001"":18,""01001010"":10,""11100001"":18,""11111011"":6,""00110000"":10,""00100000"":15,""00110100"":10,""11001011"":3,""11101111"":4,""01110000"":59,""10111111"":9,""00111011"":4,""01010101"":40,""01000011"":21,""11110100"":9,""11100111"":9,""10101000"":12,""00011110"":1,""01000001"":37,""00111100"":2,""10110000"":56,""00101101"":14,""00001111"":1,""01110101"":21,""01100011"":10,""11010101"":2,""11000000"":5,""11111001"":11,""00011111"":2,""11101000"":10,""11110000"":17,""11010100"":7,""10010100"":30,""11001100"":4,""00010000"":31,""00111000"":11,""01000101"":55,""00010100"":11,""11011100"":5,""11001000"":6,""10000000"":19,""01010100"":62,""10100100"":24,""01100100"":23,""01010010"":26,""01110100"":16,""11000001"":4,""01000000"":69,""00010111"":6,""10100001"":20,""10110101"":20,""00110001"":5,""10110011"":20,""00100100"":14,""10010010"":11,""01100010"":1,""00010010"":2,""00100001"":17,""11100101"":6,""01100000"":31,""10010110"":8,""11110011"":6,""10100101"":12,""10110111"":5,""01110010"":6,""00100110"":3,""10100111"":4,""00110101"":3,""11101010"":1,""10011110"":7,""11111101"":7,""00101010"":5,""11001110"":1,""01010111"":19,""00010101"":14,""11110101"":5,""00100111"":3,""11000011"":1,""10000001"":16,""01100101"":19,""11010000"":8,""10110010"":18,""11100000"":22,""01100111"":6,""10110110"":7,""00000000"":9,""01000010"":18,""11010001"":5,""00110110"":1,""10010111"":8,""10000101"":12,""10100011"":7,""11100011"":12,""11010111"":2,""10111110"":3,""01110111"":9,""00110010"":3,""11100110"":1,""00110011"":2,""11110001"":10,""00000100"":3,""00100010"":3,""11100100"":7,""00000101"":5,""10100010"":3,""11100010"":4,""11010011"":6,""10001110"":5,""10000011"":5,""11011011"":1,""01101110"":3,""11110010"":4,""11110110"":1,""01000110"":5,""00100011"":2,""00011010"":3,""00101110"":1,""00001110"":1,""00000001"":5,""01001110"":3,""10001011"":3,""11001010"":1,""11011111"":3,""10001010"":1,""00001011"":1,""11000101"":3,""11000100"":1,""10000010"":1,""11010010"":3,""00000010"":2,""11110111"":1,""00010110"":1,""11000010"":1,""00000111"":1,""11000111"":2}"
85,x,4000,-0.20399999999999996,-0.023500000000000076,0.0605,0.0024999999999999467,0.4225,0.48150000000000004,0.009000000000000008,0.262,"{""11001101"":15,""01001111"":52,""00111001"":18,""01011101"":56,""01001010"":91,""01011100"":14,""01011011"":24,""01011110"":18,""10001001"":49,""10101011"":6,""00001101"":42,""00011001"":6,""00101110"":8,""11001011"":11,""11001110"":10,""01001011"":52,""01111001"":11,""01001001"":77,""10101101"":11,""00100110"":8,""01011010"":31,""10011011"":13,""01001110"":47,""10111110"":6,""01101101"":20,""10001010"":62,""00111010"":16,""00001111"":18,""10001000"":20,""00001001"":36,""10011001"":27,""01111011"":8,""00001010"":30,""10010011"":13,""10001011"":39,""01001101"":77,""01011111"":26,""00101100"":7,""00001110"":22,""01101111"":14,""00011010"":7,""00101011"":19,""10101010"":20,""10001110"":34,""01000111"":50,""01000011"":87,""00101001"":13,""10011110"":13,""00100010"":21,""00101010"":26,""10101100"":4,""10011100"":16,""10000010"":57,""00111000"":4,""11101010"":11,""01111100"":3,""10101111"":14,""11001111"":10,""01101001"":15,""10011111"":19,""01001100"":37,""10000111"":39,""01101100"":10,""11111010"":4,""01010010"":25,""10001100"":32,""01101010"":13,""11111011"":2,""11110001"":7,""00000100"":22,""00110110"":10,""01000001"":85,""01111110"":6,""01100011"":14,""01011001"":27,""10011101"":31,""10001101"":57,""01001000"":27,""00111110"":7,""11011101"":5,""11101100"":8,""01111101"":14,""10011010"":21,""11001010"":9,""00001011"":22,""11101000"":8,""01111000"":2,""00001000"":11,""00001100"":20,""01010011"":32,""11000000"":3,""01000101"":81,""10011000"":8,""10001111"":41,""11011001"":3,""00100001"":19,""01000100"":37,""01100111"":11,""00000010"":35,""00110111"":11,""10010110"":16,""01100101"":18,""11110011"":3,""10000101"":45,""11100111"":8,""00000111"":23,""10000001"":63,""10000110"":20,""01010111"":39,""00111011"":13,""01000010"":82,""10000011"":61,""01000000"":24,""10110001"":8,""00110101"":14,""00010101"":8,""11000011"":10,""00000011"":31,""00110010"":17,""10010001"":19,""10000100"":27,""10110010"":4,""01100010"":12,""10100011"":13,""01100001"":16,""11100001"":12,""10100101"":15,""01010001"":35,""10010101"":31,""10100001"":13,""10100100"":3,""00000101"":38,""10100111"":9,""11100100"":5,""00110001"":9,""11000111"":9,""11010001"":6,""01100100"":8,""01010100"":14,""00100011"":20,""01111111"":5,""10110111"":4,""11000010"":13,""00111101"":20,""01101110"":7,""01110001"":10,""11111001"":3,""01011000"":14,""00101101"":21,""10111000"":2,""11011110"":3,""00111100"":7,""10110100"":2,""10101110"":11,""01101011"":6,""00101111"":8,""10000000"":18,""11111101"":3,""01110111"":7,""11101011"":5,""10111111"":2,""11000001"":15,""10111101"":4,""01000110"":35,""10111001"":2,""11001100"":6,""11101101"":14,""00011101"":2,""10101001"":10,""00111111"":4,""11001000"":5,""00000001"":45,""11101001"":6,""11101111"":4,""01101000"":7,""01010110"":17,""11011010"":3,""10010010"":19,""00100100"":10,""11000101"":12,""00100111"":15,""10010111"":13,""00110000"":11,""10100010"":10,""01010000"":15,""11010101"":3,""00100101"":13,""11110100"":4,""01100000"":7,""01010101"":33,""11100011"":7,""11110010"":2,""11011100"":2,""01110100"":3,""10100110"":7,""00000110"":19,""00010010"":4,""01100110"":10,""11111100"":2,""11100000"":5,""00000000"":12,""01111010"":8,""00100000"":3,""10010000"":8,""11010011"":3,""11100101"":7,""10110011"":3,""11010100"":2,""10110101"":6,""01110101"":7,""10010100"":6,""01110110"":3,""11110111"":3,""01110000"":2,""11101110"":5,""11001001"":7,""00011000"":1,""11111110"":1,""00101000"":7,""00011111"":1,""00011011"":2,""00011110"":3,""00110011"":9,""11000100"":3,""00010111"":6,""01110010"":10,""11100010"":4,""00010011"":3,""00010001"":6,""00110100"":4,""10110110"":4,""11011111"":1,""00011100"":1,""11111111"":1,""11000110"":12,""10111011"":5,""10111100"":1,""10110000"":1,""10111010"":6,""11010111"":1,""11110110"":2,""11010000"":1,""10100000"":2,""01110011"":3,""00010100"":1,""00010110"":2,""00010000"":2,""11011000"":1,""11100110"":1}"
86,x,4000,0.22850000000000004,-0.0044999999999999485,-0.014000000000000012,-0.008999999999999897,-0.5505,-0.486,-0.6425000000000001,0.857,"{""01111011"":145,""01001111"":16,""01111100"":185,""01001100"":15,""00011100"":11,""01111000"":184,""11111010"":8,""01000000"":26,""01101011"":20,""01111111"":120,""01111110"":159,""01111010"":112,""01111001"":93,""00011111"":14,""10001111"":1,""01111101"":74,""00011011"":6,""01101111"":16,""10101100"":1,""01011100"":33,""00111000"":27,""00001000"":11,""01110100"":176,""01001110"":36,""01110111"":110,""11011001"":2,""01100000"":37,""00001100"":10,""01101001"":12,""01101101"":13,""01001010"":22,""00111011"":17,""01001001"":16,""10001001"":1,""00101000"":2,""01110010"":112,""01101000"":23,""10111111"":4,""01001011"":22,""01101110"":22,""01011101"":17,""00111001"":13,""01011110"":16,""11101100"":3,""01101100"":31,""01001000"":21,""01011111"":21,""00101100"":5,""00011000"":9,""01110001"":85,""01101010"":13,""00110000"":22,""01110110"":170,""01110000"":198,""01010000"":28,""01010111"":17,""01010010"":26,""00111111"":18,""01010011"":20,""01100011"":19,""01100010"":20,""11110011"":8,""01110011"":117,""01010100"":35,""00000000"":12,""01100101"":13,""11110110"":6,""01100100"":32,""01100110"":16,""01110101"":69,""01000111"":20,""11110100"":10,""01000100"":26,""00110001"":13,""00010010"":7,""10010100"":2,""01010110"":27,""01010101"":16,""00010111"":12,""00000100"":12,""01100001"":11,""00010001"":5,""01000010"":29,""01000011"":21,""00110100"":29,""00010011"":12,""00011101"":9,""11110111"":7,""01010001"":10,""00110011"":9,""01000110"":27,""11000110"":3,""00110111"":12,""00100011"":7,""00000010"":11,""11111110"":11,""10110101"":2,""10000111"":2,""11100010"":1,""10011000"":2,""01011000"":21,""00111110"":31,""00001111"":9,""00111010"":13,""00001001"":7,""10001110"":3,""00000011"":6,""00010000"":21,""01011011"":23,""00101010"":4,""01011010"":26,""10111000"":5,""00011110"":10,""10111010"":2,""11001011"":2,""00011010"":10,""00001010"":6,""11111000"":9,""11011101"":1,""10111110"":2,""00111100"":22,""11001111"":3,""11101010"":1,""01011001"":7,""11101001"":3,""10001010"":4,""11011011"":2,""00111101"":8,""11111100"":16,""11111111"":11,""10111101"":4,""00101111"":3,""01001101"":14,""10101011"":2,""11111011"":11,""11111101"":3,""11110010"":5,""10110100"":6,""00010101"":6,""01100111"":14,""00100100"":6,""01000001"":12,""00001011"":7,""00000110"":13,""11000011"":2,""11110001"":7,""00000101"":3,""11000000"":2,""00010110"":9,""11101011"":4,""11111001"":6,""11011100"":4,""00100110"":6,""01000101"":10,""11000010"":2,""00100000"":6,""00010100"":12,""10011011"":1,""00100001"":3,""10101000"":2,""10111011"":6,""00001110"":6,""00110110"":20,""11011111"":1,""11110000"":11,""11010000"":4,""10110010"":4,""10110110"":8,""00100101"":5,""00000001"":3,""00110010"":14,""00110101"":8,""10110011"":1,""10000110"":2,""00100111"":1,""00000111"":2,""11010110"":1,""00011001"":8,""10001100"":2,""10110000"":2,""10000000"":2,""00101011"":2,""11001110"":2,""11110101"":1,""10110001"":1,""11100111"":1,""00100010"":3,""11010001"":1,""10100001"":1,""10011110"":1,""10101110"":1,""11000111"":2,""10111001"":2,""11101110"":2,""00101001"":3,""10111100"":5,""10011111"":1,""10011010"":1,""11101111"":1,""00101110"":3,""00001101"":1,""10001000"":2,""10000011"":4,""11100110"":1,""10101001"":2,""11010010"":1,""10000100"":2,""11100000"":1,""11000100"":1,""10000010"":1,""00101101"":2,""11100100"":2,""11010011"":1,""11010100"":1,""10110111"":1}"
87,x,4000,0.04749999999999999,0.09499999999999997,0.135,-0.01649999999999996,0.27549999999999997,0.71,0.4285,0.348,"{""00011011"":19,""10010001"":15,""00001011"":66,""00010011"":43,""01111110"":4,""00001101"":67,""11011000"":13,""10011111"":9,""00111100"":5,""00001001"":124,""10001111"":18,""11001110"":18,""00001010"":72,""00011010"":39,""00001100"":59,""10001100"":17,""11011111"":8,""00001111"":63,""10011001"":19,""00011000"":50,""11001111"":8,""00011110"":43,""10000010"":18,""10001000"":51,""00000001"":109,""10011100"":11,""00000110"":111,""00111000"":12,""01010100"":6,""11111010"":6,""11000001"":21,""01001000"":34,""01101110"":3,""01001011"":15,""00000010"":81,""11011100"":5,""01001100"":9,""11001010"":13,""11101110"":4,""10001011"":16,""11001000"":24,""00001110"":113,""00011111"":29,""10101110"":2,""00111101"":6,""10011110"":11,""11111011"":9,""11101100"":3,""10001001"":51,""01011001"":8,""01001110"":20,""11111001"":16,""11011010"":7,""10001010"":22,""00001000"":143,""00011100"":31,""10000111"":29,""11111000"":7,""11001011"":11,""10001110"":39,""01101000"":9,""10011010"":8,""10111100"":1,""10101100"":1,""10011101"":13,""01010010"":12,""00111110"":14,""10000101"":13,""00000111"":51,""01011010"":5,""11101011"":4,""00111011"":9,""00010101"":55,""11001001"":26,""11101001"":9,""01001001"":31,""01001101"":18,""01101111"":3,""11111110"":20,""10111010"":4,""01001111"":12,""10111001"":1,""10001101"":20,""00111010"":11,""10011011"":11,""00011101"":44,""11111111"":6,""00000000"":108,""11011101"":9,""01101010"":4,""11001100"":9,""01011011"":5,""11110110"":17,""00111111"":6,""00000011"":58,""00101001"":11,""00110101"":11,""01000000"":29,""00010000"":53,""01000110"":25,""10110110"":1,""00000101"":59,""11110001"":16,""10010111"":9,""11110011"":11,""01100010"":3,""01000100"":9,""10000000"":44,""01010000"":11,""11100101"":6,""10010101"":13,""01000111"":17,""01000101"":13,""10010011"":16,""01000001"":26,""00010111"":28,""01000010"":16,""00100110"":4,""11001101"":17,""01110110"":6,""01000011"":15,""00000100"":57,""11010010"":6,""00011001"":41,""00100010"":9,""11110101"":13,""01100011"":3,""01010111"":4,""01010110"":12,""00110011"":7,""01110000"":2,""00110111"":10,""11110010"":11,""10000110"":22,""00010110"":34,""10010110"":8,""01010001"":15,""00110100"":3,""10000001"":42,""00010010"":36,""11010000"":15,""11010011"":10,""11000010"":14,""11110000"":13,""11000101"":10,""10000100"":20,""11010101"":16,""10000011"":26,""01110010"":1,""01110101"":3,""10010010"":15,""00100111"":3,""11000110"":16,""11100111"":2,""11000011"":16,""00100101"":5,""00110000"":5,""11000111"":17,""00010100"":29,""00110001"":8,""00100011"":8,""00010001"":40,""01010011"":9,""11010100"":9,""00100000"":9,""10110000"":5,""00110110"":13,""11010110"":6,""11100100"":2,""11010111"":6,""11000000"":25,""11010001"":6,""10010000"":6,""11100001"":4,""01100001"":4,""00100001"":7,""11110100"":4,""11000100"":7,""10110010"":2,""10110101"":2,""01100101"":1,""01110001"":2,""01110100"":1,""11110111"":8,""00100100"":1,""10110001"":1,""10011000"":14,""10010100"":6,""01100111"":1,""01110011"":3,""01100100"":1,""11100110"":3,""11100000"":4,""00101111"":3,""10100000"":3,""10100011"":1,""11100011"":2,""11011011"":8,""01010101"":11,""00101011"":2,""00110010"":8,""11011001"":16,""00111001"":6,""01001010"":11,""11101000"":2,""11011110"":4,""10101001"":2,""11111100"":9,""01011000"":15,""00101000"":10,""01011111"":7,""00101010"":8,""11101101"":1,""11111101"":10,""01011101"":5,""10101111"":2,""10101011"":1,""00101100"":7,""01011100"":6,""10101101"":2,""11101010"":4,""10111110"":2,""01111010"":1,""01101011"":3,""10111000"":2,""01111001"":2,""01101001"":3,""10101000"":3,""01011110"":6,""10101010"":3,""01101101"":3,""01111000"":2,""11100010"":3,""10111101"":3,""10100010"":2,""01111101"":4,""01100000"":2,""01100110"":2,""00101110"":2,""10110111"":1,""01111111"":2,""01111100"":1,""01111011"":1,""01101100"":1}"
88,x,4000,0.11550000000000005,0.246,-0.1459999999999999,0.0044999999999999485,0.17700000000000005,0.244,0.16100000000000003,-0.44799999999999995,"{""11100100"":26,""10000100"":63,""10010100"":37,""10010101"":70,""00000111"":5,""10000010"":39,""11110001"":19,""00100100"":5,""10001101"":65,""11000000"":22,""11110111"":9,""10010001"":35,""00010100"":12,""10110111"":16,""00000110"":10,""01010010"":14,""00110111"":4,""01000000"":33,""11100000"":47,""11100101"":38,""00101110"":6,""11000110"":7,""11000001"":16,""11110000"":23,""10001110"":61,""01000001"":17,""11100010"":27,""10000101"":84,""11010111"":4,""10110110"":17,""11100001"":28,""01000010"":17,""01100001"":7,""00000100"":12,""00100001"":6,""00100101"":7,""10000000"":75,""10000001"":57,""10000110"":48,""01000110"":17,""01100011"":4,""10100111"":12,""01010110"":15,""10100000"":11,""01000011"":13,""10010110"":35,""11110110"":19,""01001000"":29,""10110101"":25,""10010111"":28,""01010001"":12,""10110010"":17,""01000100"":21,""01100111"":4,""01010000"":21,""01100000"":8,""01011101"":20,""11100110"":24,""00110101"":4,""11000101"":6,""11110100"":26,""10010000"":47,""00100011"":3,""10000111"":32,""10110011"":6,""01010111"":12,""01000101"":34,""10101100"":24,""10001100"":89,""10000011"":22,""10100101"":25,""01000111"":13,""11010100"":6,""11100111"":22,""01010101"":27,""10100010"":7,""10110000"":21,""10100100"":14,""01011000"":10,""01110100"":4,""01100110"":9,""01110011"":6,""11000011"":8,""11001001"":8,""10010011"":29,""00110010"":2,""10010010"":26,""10111110"":9,""11110011"":15,""11110101"":29,""00000101"":13,""11000100"":9,""10110100"":19,""01110101"":6,""10011111"":27,""10110001"":11,""01011011"":9,""11101101"":39,""01010100"":14,""00100111"":9,""11000010"":7,""00100000"":10,""11000111"":5,""10100001"":8,""01100010"":3,""10001111"":43,""00111101"":12,""10011100"":52,""00000010"":8,""10011010"":25,""11111101"":21,""11010010"":5,""11010101"":9,""01001111"":9,""01010011"":7,""11010110"":4,""11100011"":20,""11010000"":7,""00000001"":11,""10111101"":17,""11111111"":14,""00101111"":1,""11101111"":17,""00110100"":7,""10101110"":20,""01001010"":13,""00001001"":7,""00111001"":2,""10011110"":33,""00011111"":6,""10111000"":14,""10111100"":31,""10011001"":25,""10011101"":58,""11111100"":28,""11101110"":42,""11001110"":11,""11101000"":49,""10001001"":47,""11001010"":11,""11101100"":37,""00001101"":20,""11101010"":14,""11101001"":15,""10001010"":53,""00001100"":26,""11111010"":19,""11011000"":7,""11011101"":10,""01001100"":33,""01011100"":17,""01111101"":8,""10001000"":84,""11111000"":20,""01001101"":32,""10011000"":31,""01011010"":11,""11001101"":16,""10111001"":6,""01111010"":3,""00101101"":7,""10011011"":15,""10101101"":19,""01101011"":3,""00001110"":14,""00001010"":12,""10111111"":16,""11111110"":28,""10101000"":15,""10001011"":14,""00011101"":12,""00101010"":6,""00101001"":1,""11001000"":14,""10101001"":10,""00011000"":5,""00111011"":4,""00001000"":12,""01001110"":21,""11111001"":13,""00101011"":3,""00101100"":10,""01011110"":8,""10101011"":3,""11111011"":11,""01101101"":4,""11110010"":9,""11011111"":5,""10111011"":6,""01001001"":15,""00001111"":7,""01011001"":5,""10101010"":9,""10101111"":16,""01001011"":9,""01101110"":2,""11001011"":3,""11101011"":10,""11001100"":9,""01011111"":10,""11001111"":5,""11010001"":2,""11011110"":5,""00111010"":2,""10111010"":12,""00011011"":3,""00111110"":10,""01111110"":5,""00001011"":4,""01111100"":8,""11011001"":3,""00000000"":19,""01101111"":3,""00000011"":7,""01110010"":3,""01110111"":6,""00010101"":6,""10100110"":8,""00111000"":7,""00011100"":7,""01111000"":7,""00011010"":2,""00101000"":6,""01111001"":4,""01101000"":3,""00111100"":8,""01111111"":5,""10100011"":4,""00010010"":2,""11011100"":9,""01100101"":2,""01100100"":6,""00010111"":2,""01110110"":8,""00010001"":5,""00110011"":4,""00010000"":3,""00100110"":3,""00110110"":3,""01110001"":2,""00110001"":4,""00110000"":4,""01101100"":4,""01110000"":3,""11010011"":1,""00010011"":1,""00011001"":5,""01101001"":1,""00111111"":3,""11011010"":7,""00011110"":1,""00100010"":2,""00010110"":1}"
89,x,4000,-0.36650000000000005,0.3065,0.18500000000000005,-0.01200000000000001,0.246,0.7535000000000001,-0.7370000000000001,0.27,"{""01001101"":157,""01011101"":49,""01011011"":66,""01011010"":24,""01001011"":105,""00100111"":8,""01001000"":95,""01001111"":93,""01001010"":23,""10011101"":6,""11011101"":26,""01010011"":64,""01010101"":53,""10001001"":11,""10001111"":11,""00011000"":4,""11001010"":14,""10001011"":9,""01011001"":101,""01001001"":180,""01011000"":46,""11011010"":11,""11001001"":81,""11011100"":16,""01011111"":38,""11111101"":7,""01111000"":3,""01001100"":84,""10101101"":4,""01011110"":4,""00001010"":3,""00011100"":3,""11011001"":43,""00001101"":9,""00101000"":2,""01101001"":12,""11000001"":58,""11101000"":12,""11001100"":25,""01000111"":62,""01011100"":22,""10011010"":3,""00111000"":5,""11011111"":19,""00001110"":1,""11001101"":75,""10011000"":9,""00011011"":3,""11001011"":50,""10001101"":23,""00101101"":11,""11000100"":38,""00101001"":5,""00101100"":5,""11001111"":25,""00111001"":7,""00011010"":1,""00100011"":10,""01010001"":124,""00000101"":7,""01000101"":101,""01000001"":153,""01000000"":78,""01010111"":40,""01000100"":72,""11110011"":8,""11010001"":55,""00100110"":1,""11100001"":8,""11010000"":43,""11000101"":52,""11000011"":43,""10000111"":10,""01100001"":9,""11010101"":33,""11010100"":15,""11001000"":40,""11010111"":19,""11000111"":38,""11010011"":39,""11110001"":14,""10010101"":7,""01000011"":103,""10000000"":13,""11100101"":8,""10010110"":1,""10110101"":2,""11110000"":6,""10100000"":2,""01110101"":6,""01000110"":27,""01110100"":4,""10110011"":5,""01010000"":66,""00100101"":5,""01111001"":15,""11000000"":32,""11000010"":18,""01010100"":22,""10000011"":8,""10000010"":8,""00000110"":1,""00100001"":10,""01100011"":7,""00110101"":4,""10010000"":5,""01010010"":35,""01100100"":3,""10000100"":11,""11010010"":12,""11100111"":3,""10110000"":4,""10010010"":4,""11110100"":6,""11000110"":16,""01100000"":8,""10000101"":10,""10110111"":2,""00010011"":2,""00010110"":2,""00000011"":3,""00010101"":5,""11110101"":4,""01110001"":10,""00010111"":7,""01000010"":28,""10100001"":4,""00000010"":2,""01110011"":5,""11100011"":4,""11001110"":11,""10010001"":8,""00101111"":5,""00110011"":4,""01111101"":8,""00001011"":6,""11011011"":33,""01101011"":5,""01001110"":27,""11101001"":9,""00111110"":1,""10001010"":6,""10011011"":7,""00110001"":12,""11111000"":7,""10111101"":2,""01101000"":9,""10010011"":7,""11111111"":1,""11011110"":4,""11100100"":3,""00010000"":5,""10010100"":2,""10010111"":2,""10101011"":1,""01100110"":2,""00000100"":3,""00000000"":8,""01010110"":9,""11010110"":6,""00011101"":3,""11101100"":6,""01101101"":7,""00111010"":1,""11011000"":23,""11111011"":3,""11101110"":1,""10011111"":3,""00101011"":2,""00111111"":3,""11111100"":6,""00011001"":5,""00001111"":6,""01101111"":5,""11111001"":6,""00111011"":4,""00001000"":4,""11101101"":11,""10011001"":8,""10001100"":13,""00100000"":3,""00000111"":2,""11110111"":3,""11110010"":4,""00010001"":2,""10000001"":10,""01110111"":3,""00110010"":2,""10100101"":2,""11100000"":3,""11110110"":1,""01100111"":4,""00001001"":7,""01110110"":1,""00000001"":6,""10110001"":7,""10101111"":4,""00101010"":1,""00001100"":4,""10111111"":3,""11101011"":8,""10111000"":2,""11101111"":4,""11111110"":1,""11100010"":3,""01101100"":2,""10100011"":2,""01100101"":4,""00110100"":2,""01110000"":6,""00100100"":1,""11100110"":1,""10001000"":4,""01100010"":3,""01111010"":1,""00011110"":2,""10111100"":2,""10110110"":1,""10000110"":3,""10100111"":1,""00111100"":1,""00110000"":1,""00010100"":1,""00100010"":3,""00110110"":2,""01111011"":1,""11101010"":2,""10101001"":4,""10111011"":1,""01111100"":2,""10101100"":1,""10101010"":1,""10001110"":1,""00011111"":2,""10111001"":3,""00111101"":1,""01110010"":2,""10101000"":1,""00010010"":1}"
90,x,4000,-0.14250000000000007,0.05500000000000005,0.1945,0.02200000000000002,-0.11149999999999993,-0.0714999999999999,0.026499999999999968,-0.45599999999999996,"{""10101011"":34,""10011001"":57,""11101000"":35,""11111110"":11,""00001000"":13,""01011000"":10,""11001110"":11,""11101011"":48,""10111000"":53,""01111000"":26,""00001100"":9,""00001011"":16,""10011000"":49,""11100011"":53,""01110111"":18,""01011011"":10,""11111100"":14,""00011100"":10,""00101000"":10,""10111010"":17,""01101001"":12,""10011101"":26,""01111111"":12,""10101001"":17,""11111011"":42,""10011011"":71,""11011100"":8,""10111011"":81,""11011101"":5,""10011010"":16,""01110101"":13,""00111100"":2,""10011111"":41,""01111100"":11,""11101010"":12,""10001111"":14,""11111000"":35,""01100100"":11,""00001110"":1,""11001010"":16,""11101100"":29,""01101101"":11,""00010100"":13,""01110001"":16,""11001000"":53,""10001000"":15,""11111001"":27,""11001101"":19,""11001100"":16,""11101110"":14,""00011011"":15,""10011100"":38,""10111101"":25,""00101010"":3,""11101111"":24,""00101100"":6,""01110010"":8,""01101010"":8,""11001011"":49,""10101010"":7,""10111111"":28,""01101100"":11,""10011110"":10,""00010011"":23,""10101000"":22,""01001001"":8,""10110011"":58,""11011001"":11,""11101101"":16,""01011100"":3,""10111100"":36,""01111110"":4,""10110001"":37,""10010000"":59,""01101011"":24,""10001010"":6,""11000011"":38,""11010010"":7,""10111001"":37,""11000000"":41,""11110111"":28,""01100111"":15,""00000111"":17,""11010111"":12,""01110000"":22,""11100100"":26,""10110111"":46,""11010001"":5,""10110101"":25,""11100001"":23,""01000100"":7,""11000001"":26,""10110000"":46,""01100011"":18,""01010001"":8,""10010011"":72,""00000100"":16,""01010100"":8,""11110011"":34,""10010100"":54,""00000011"":9,""11010100"":17,""11110101"":16,""10010101"":28,""11000100"":23,""11000111"":19,""10010001"":28,""01110100"":6,""10100000"":23,""10100001"":8,""00010001"":11,""10100111"":14,""01110110"":6,""10010111"":48,""11110001"":24,""11100101"":28,""10110010"":21,""10000001"":7,""01000000"":15,""10110100"":40,""10100101"":9,""01000111"":12,""01010110"":5,""10010010"":27,""00100101"":4,""11000101"":20,""01000001"":7,""00010111"":15,""00100000"":9,""01110011"":37,""11001001"":27,""11100111"":33,""11100000"":39,""10010110"":15,""10100011"":20,""11011011"":13,""00101011"":10,""00001111"":14,""10001001"":14,""01111011"":29,""10001011"":11,""11011111"":14,""10101100"":21,""11001111"":21,""01111001"":13,""00011000"":15,""01101000"":18,""10001100"":13,""11101001"":22,""11100010"":23,""00011010"":5,""00011001"":9,""01100001"":6,""01111010"":14,""00000000"":13,""11110100"":22,""00000101"":10,""11011000"":9,""10110110"":12,""00001101"":8,""01111101"":12,""11111111"":16,""01001000"":12,""00011111"":11,""10000000"":13,""11110010"":12,""01011111"":4,""01001011"":6,""00011101"":7,""00000001"":9,""10101111"":11,""11111101"":14,""01011010"":3,""00100011"":13,""00001001"":9,""00111011"":5,""00010101"":8,""00111010"":4,""01101111"":10,""00101111"":5,""00111001"":1,""01100000"":18,""01000010"":7,""01010010"":5,""10000010"":5,""11010011"":10,""10000110"":7,""01100110"":7,""11010000"":9,""11100110"":12,""00100100"":9,""00110100"":2,""00010000"":13,""00000110"":6,""10100100"":16,""10100010"":7,""11110110"":10,""11010110"":7,""10000100"":9,""01000110"":5,""00010110"":4,""00111111"":1,""01000101"":7,""01001111"":4,""01001101"":5,""01001110"":3,""10111110"":9,""00100001"":4,""11110000"":28,""00000010"":3,""10000011"":12,""01010101"":6,""01000011"":8,""01010011"":6,""00110000"":2,""10000111"":17,""00010010"":4,""11000010"":11,""11000110"":6,""01100101"":12,""00110101"":4,""10000101"":11,""01010000"":5,""01011001"":9,""00111000"":2,""01011110"":2,""00101101"":6,""10001101"":9,""10101110"":1,""00101110"":1,""01010111"":4,""01100010"":3,""00100111"":7,""00110011"":3,""10100110"":9,""00100010"":5,""00110010"":2,""00100110"":2,""00101001"":5,""01101110"":3,""00011110"":1,""01001100"":5,""00110111"":5,""11111010"":12,""00001010"":4,""01001010"":1,""10001110"":3,""11011010"":4,""11011110"":2,""11010101"":2,""10101101"":4,""00110110"":1}"
91,x,4000,-0.48849999999999993,0.5385,0.21899999999999997,-0.009500000000000064,-0.01550000000000007,0.2955,-0.4535,0.4165,"{""00101011"":14,""01011001"":206,""01001001"":122,""01001010"":23,""01011101"":100,""11101001"":67,""11101110"":7,""10111001"":11,""01011011"":56,""01011100"":39,""10001101"":9,""01001110"":9,""01111101"":32,""10011001"":36,""00001001"":24,""01001100"":43,""01001011"":42,""01101000"":12,""10100001"":33,""01101100"":8,""00111101"":11,""01001111"":30,""11111001"":14,""00011000"":8,""10101101"":14,""01101001"":31,""00111000"":2,""10101011"":7,""10101001"":26,""01101101"":17,""00011001"":16,""00101101"":14,""11101101"":30,""01111001"":41,""01010011"":72,""01011000"":75,""01011111"":36,""11010001"":20,""10011101"":19,""01001101"":105,""01101011"":12,""01111000"":18,""01111011"":12,""00101001"":40,""00001000"":5,""10000001"":19,""01000101"":99,""11001001"":20,""01011010"":21,""10111011"":6,""11111010"":6,""10001011"":7,""00001110"":2,""10011011"":8,""01111111"":7,""01111010"":9,""00101000"":13,""11111101"":11,""11101100"":9,""01010000"":44,""00011101"":17,""00101111"":8,""11101011"":18,""00111111"":1,""01010101"":121,""00101110"":4,""00011100"":5,""11111100"":6,""00001011"":5,""01001000"":46,""10010101"":31,""00100110"":4,""00111001"":10,""11011101"":5,""10011111"":3,""00000101"":20,""00001111"":5,""10111101"":8,""01010111"":28,""00110001"":14,""11000101"":11,""01101010"":8,""00001101"":14,""00000100"":5,""11001101"":12,""00000011"":8,""01010100"":41,""11111011"":7,""01100001"":27,""01110111"":9,""11100011"":20,""01100100"":8,""00100100"":8,""01010001"":200,""01000001"":124,""01010110"":16,""01110100"":19,""11000000"":5,""11100101"":29,""00100001"":32,""01110000"":12,""11000011"":3,""10100101"":23,""01100101"":17,""10010001"":28,""00010000"":10,""10010000"":17,""01000111"":26,""10000101"":16,""10110000"":4,""11110101"":14,""11010101"":8,""01000100"":25,""00010011"":7,""11000001"":13,""01110001"":48,""11100110"":4,""00000001"":23,""00010101"":16,""01110010"":3,""11100001"":65,""00000000"":7,""01000011"":28,""01000000"":39,""00110111"":4,""00100010"":1,""10110101"":10,""01110011"":11,""10100010"":3,""00100000"":10,""00010001"":20,""10100000"":14,""10100110"":3,""00100011"":16,""11010011"":4,""10110111"":5,""00110011"":4,""00000111"":10,""10000011"":3,""01110101"":41,""00110101"":10,""11110001"":22,""11100010"":4,""01100110"":2,""00100101"":18,""10001000"":13,""11110011"":5,""10111111"":4,""00111011"":3,""00011111"":8,""10101000"":11,""10101111"":6,""10011010"":3,""10011000"":14,""10111000"":8,""01111110"":2,""01101111"":5,""10001001"":15,""11101000"":22,""00011011"":4,""11011001"":13,""01111100"":11,""10111100"":5,""10011100"":9,""11001100"":2,""01011110"":8,""10101100"":4,""11010000"":3,""11101111"":6,""00111100"":2,""11101010"":7,""10011110"":4,""10101010"":5,""11011000"":6,""00101010"":3,""11001011"":2,""11011011"":4,""00001010"":3,""11111111"":6,""11001000"":8,""00011010"":2,""11011111"":2,""00111110"":1,""11001111"":3,""00001100"":6,""10001010"":3,""11111000"":7,""10010110"":4,""10010111"":10,""11110000"":7,""11100000"":14,""10100011"":13,""01010010"":18,""10010011"":10,""11100100"":11,""11010100"":5,""01100010"":6,""10110001"":12,""10000100"":5,""01100000"":9,""10000000"":4,""10100100"":7,""11110100"":5,""10010100"":3,""00110000"":7,""11110010"":1,""01100011"":8,""10001111"":3,""10101110"":1,""00101100"":4,""11000010"":2,""01000110"":6,""00011110"":2,""10000111"":4,""10010010"":4,""00100111"":4,""01100111"":5,""00000010"":1,""01000010"":6,""00010111"":1,""11110111"":5,""11100111"":6,""10100111"":6,""00010110"":1,""10110011"":3,""11000111"":2,""00110100"":2,""00010100"":4,""01110110"":1,""11011100"":3,""10111110"":1,""11011110"":2,""10001100"":2,""00000110"":2,""10001110"":1,""11010111"":3,""00111010"":1,""11001010"":2,""10111010"":1,""11111110"":2,""10110110"":1,""10000010"":2,""10110100"":1,""00010010"":2,""11000100"":2}"
92,x,4000,-0.5045,-0.3680000000000001,0.12949999999999995,0.008499999999999952,-0.06150000000000011,0.351,0.12,-0.18799999999999994,"{""10111011"":20,""00011011"":49,""00011111"":42,""11101110"":4,""11011111"":43,""00001001"":38,""11111010"":28,""11001111"":63,""11000010"":20,""00011001"":33,""00001111"":62,""00000100"":9,""00111111"":31,""11100111"":17,""11001001"":39,""11001011"":74,""01101101"":3,""00011110"":23,""00001011"":74,""01011111"":8,""00111101"":35,""10011101"":9,""10011001"":20,""11001010"":34,""10001011"":53,""11101111"":17,""11011101"":31,""10111111"":21,""11010001"":31,""10011111"":33,""11001101"":27,""00101000"":2,""00110011"":50,""00001010"":27,""11000011"":81,""10001101"":19,""01011001"":4,""00111011"":39,""11000001"":43,""10101111"":6,""11101001"":8,""00110000"":9,""11011001"":23,""00111100"":6,""11101011"":14,""00111001"":29,""11111111"":51,""00011010"":15,""11011011"":48,""01111011"":9,""10000011"":62,""11000101"":25,""11111101"":30,""10001111"":42,""10001001"":21,""01001011"":12,""10010011"":47,""10000001"":29,""00001101"":29,""01011011"":4,""00101101"":5,""01001111"":7,""10001010"":12,""11110110"":19,""10011011"":36,""11111011"":68,""11011110"":22,""00101001"":8,""10011110"":14,""11101101"":5,""01001010"":3,""11111001"":27,""00010011"":57,""01110001"":6,""11001110"":26,""10010101"":18,""11110011"":72,""00110010"":14,""11010111"":41,""10110000"":5,""00000001"":44,""00000011"":102,""00010111"":39,""11010101"":18,""00010101"":23,""00000110"":26,""00100011"":18,""11000100"":7,""00000111"":52,""00110111"":35,""10110011"":20,""01100001"":4,""10010000"":5,""01000001"":6,""10000111"":33,""00000010"":32,""01110011"":17,""01000111"":12,""11000111"":60,""10010111"":35,""00110101"":17,""11011100"":9,""00000000"":7,""10110010"":5,""10010001"":12,""10000110"":18,""11000110"":22,""11010010"":17,""01111001"":4,""11010011"":62,""10010110"":11,""11010000"":5,""00010001"":30,""01000011"":13,""10100100"":1,""00010010"":32,""11100011"":22,""01110101"":4,""11010110"":9,""11010100"":11,""01000000"":2,""11110111"":40,""10100011"":10,""11110001"":21,""01010011"":7,""10000101"":17,""01110100"":2,""01110111"":6,""11000000"":7,""01000110"":3,""10100101"":7,""00000101"":30,""00110110"":10,""11110101"":27,""10000100"":6,""01010110"":3,""11100000"":2,""10000010"":23,""00101011"":10,""11100101"":6,""01000101"":6,""01100110"":2,""10100110"":2,""11110010"":29,""00110100"":5,""00010100"":13,""10110111"":17,""00010110"":8,""10110100"":2,""10100111"":4,""00100001"":13,""00110001"":12,""10010010"":15,""00100110"":7,""01010001"":2,""00100100"":2,""00100111"":3,""10110001"":12,""01000010"":5,""10110101"":4,""01100011"":4,""11100001"":9,""00011101"":23,""10100000"":1,""10111010"":8,""01010010"":2,""00100101"":3,""00100000"":2,""01010111"":7,""11111110"":22,""10101011"":5,""00100010"":9,""10010100"":1,""01100100"":1,""11110100"":7,""11100010"":7,""01100101"":1,""11100100"":1,""01110000"":1,""01101001"":1,""11011010"":22,""01011000"":2,""01011101"":4,""10011000"":9,""00101100"":1,""10111100"":1,""00001100"":11,""10001100"":9,""00011100"":6,""10011010"":11,""00001110"":18,""00101110"":5,""11111100"":5,""11001100"":10,""00001000"":10,""10011100"":4,""01101011"":5,""10111110"":7,""00111010"":15,""10000000"":5,""00111110"":7,""00011000"":8,""11100110"":3,""01100010"":1,""01010100"":1,""11111000"":10,""00111000"":4,""01111010"":3,""10111101"":8,""00101111"":8,""10111001"":12,""01001000"":4,""10001110"":14,""01001001"":8,""10101101"":3,""11011000"":6,""01111000"":1,""10001000"":8,""01111111"":7,""11001000"":9,""00101010"":4,""01111101"":3,""11101000"":2,""11101010"":7,""10101001"":3,""01101111"":5,""01111100"":1,""10101010"":1,""00010000"":3,""10110110"":5,""01110010"":2,""11101100"":1,""01100111"":3,""01011010"":2,""11110000"":3,""10101100"":1,""10100001"":2,""01011110"":3,""10101000"":2,""01101110"":2,""01111110"":1,""01101010"":1,""10111000"":1,""01001101"":1}"
93,x,4000,-0.03849999999999998,-0.0645,-0.09600000000000009,-0.02400000000000002,-0.06499999999999995,0.1865,-0.016000000000000014,-0.7635000000000001,"{""11101100"":18,""10001010"":81,""11110101"":62,""10011001"":16,""11011101"":48,""11010010"":37,""00001000"":9,""10001100"":42,""10001011"":60,""11111100"":42,""10111110"":14,""11001100"":34,""01111010"":8,""11101101"":19,""11111111"":41,""11001011"":38,""11110000"":27,""00101111"":3,""10011010"":29,""11001010"":54,""11111110"":52,""10011110"":45,""10010110"":39,""11011111"":31,""01001110"":6,""10001000"":37,""10111010"":22,""10011101"":42,""11001110"":19,""11011001"":25,""00001111"":4,""10001001"":45,""10011111"":33,""11111011"":32,""10101010"":23,""11011100"":40,""10001101"":35,""10111101"":23,""10101110"":23,""11111001"":36,""00101001"":4,""11111010"":49,""11001101"":24,""11111000"":23,""11001111"":30,""11010110"":40,""11011110"":33,""11001001"":31,""00111001"":3,""01101111"":2,""10101111"":19,""10111100"":12,""11011000"":19,""11000110"":26,""00001001"":4,""10001111"":40,""11110111"":58,""10101001"":15,""00111011"":8,""00101011"":4,""10111111"":15,""11101111"":14,""11000100"":16,""10101011"":18,""11111101"":36,""01001000"":2,""01101011"":3,""01111100"":4,""00101100"":10,""01001010"":8,""11101000"":8,""10010000"":17,""10001110"":29,""10011011"":27,""01111011"":6,""00111101"":3,""11110100"":46,""11010000"":22,""10111000"":11,""00001010"":11,""11011010"":46,""00110111"":4,""11101010"":10,""10111011"":14,""11101110"":11,""10111001"":10,""01111111"":7,""11011011"":37,""10010100"":32,""10011100"":31,""11001000"":24,""10101101"":19,""10000001"":55,""10000101"":43,""11110110"":52,""11100100"":13,""01011110"":6,""11110010"":30,""11000101"":25,""01001001"":5,""00111100"":3,""11010111"":43,""11110001"":27,""10011000"":18,""00011011"":3,""01111101"":5,""00011100"":2,""01011100"":9,""10010101"":55,""10100111"":33,""00101110"":6,""00011110"":3,""10000000"":24,""00100110"":6,""00001100"":4,""01011011"":1,""11101001"":9,""01001011"":4,""10010010"":17,""00001011"":8,""10101100"":17,""11010101"":52,""01001100"":2,""00101010"":3,""01101101"":3,""11000001"":31,""00110000"":3,""00111010"":7,""10000110"":25,""01011101"":2,""00110110"":6,""10100100"":25,""10110111"":20,""01101100"":5,""10100110"":22,""00011010"":4,""10010111"":32,""00001110"":3,""10000011"":48,""01011111"":2,""10010001"":22,""00111111"":2,""10110110"":21,""10100101"":41,""10110101"":23,""11000111"":21,""00101101"":3,""00011101"":2,""11000000"":21,""10110010"":13,""00101000"":3,""00011000"":1,""01100101"":7,""11100101"":13,""11000010"":34,""00011111"":2,""00100101"":14,""11010011"":23,""10000010"":51,""01000010"":5,""10100001"":11,""01110010"":6,""00010101"":3,""01110100"":11,""11110011"":38,""00110101"":2,""11010001"":17,""11000011"":31,""11100011"":7,""00000100"":5,""10000111"":35,""11010100"":33,""10110000"":5,""10110011"":13,""00100100"":6,""11100001"":7,""10100010"":17,""01110101"":9,""10100000"":9,""01100100"":2,""00111000"":4,""00100111"":11,""01110000"":2,""10110001"":15,""00010010"":1,""00100000"":2,""11100010"":6,""10110100"":18,""00010011"":2,""10010011"":23,""10100011"":18,""01100010"":2,""01010101"":4,""00000011"":4,""11100111"":11,""11100110"":6,""00100010"":4,""01110001"":5,""01100011"":1,""01110111"":4,""01000101"":5,""01000100"":5,""10000100"":21,""00000101"":5,""00000111"":5,""01000111"":3,""01100110"":3,""00000110"":7,""00110010"":5,""00000010"":3,""11101011"":2,""00000000"":4,""00000001"":2,""01010011"":6,""01000001"":2,""01110011"":5,""01000000"":1,""00110001"":3,""01000110"":4,""01000011"":5,""00100001"":3,""00110100"":1,""01100000"":1,""01010010"":1,""10101000"":5,""01010000"":1,""01011010"":3,""01100111"":4,""00010110"":2,""00011001"":2,""00001101"":7,""01001101"":4,""01111000"":2,""01101010"":1,""01010100"":2,""01111001"":2,""01011000"":1,""01011001"":2,""01001111"":2,""01111110"":1,""00010111"":1,""00110011"":4,""01100001"":1,""00100011"":2,""01010001"":2,""11100000"":4,""01010110"":1}"
94,x,4000,-0.42500000000000004,0.5505,0.0605,0.0030000000000000027,-0.1160000000000001,-0.19799999999999995,0.03600000000000003,-0.5894999999999999,"{""11000000"":10,""10110011"":33,""01100000"":8,""11100101"":37,""10010001"":25,""11110010"":8,""10010101"":23,""10100100"":24,""10110001"":102,""11010100"":27,""10110110"":13,""10110111"":21,""10110101"":93,""10000110"":1,""11110111"":26,""11000001"":24,""01010100"":7,""11110001"":65,""11010001"":53,""01000000"":4,""01000110"":4,""10000101"":56,""10000111"":13,""10000000"":25,""11010000"":31,""11100000"":26,""01100001"":7,""10101101"":70,""10100111"":13,""11110100"":27,""01010001"":19,""10101001"":36,""11011101"":57,""10110100"":50,""10100000"":20,""10011100"":10,""11111101"":70,""10100001"":45,""00010111"":3,""10001101"":51,""10010100"":10,""00100001"":28,""11101011"":21,""01000001"":9,""10111011"":30,""10011001"":32,""10010010"":3,""11111111"":27,""00000101"":5,""00100011"":7,""10100010"":9,""10100101"":60,""10111100"":25,""10110010"":18,""11110101"":65,""10010011"":10,""11110110"":5,""11010011"":25,""00100111"":5,""11000101"":24,""11000111"":5,""00110000"":2,""00011001"":18,""10100011"":18,""11100010"":3,""00100100"":9,""10000001"":48,""01011000"":11,""00000100"":3,""00100010"":4,""01110111"":3,""11010010"":4,""11010110"":7,""11010111"":16,""11010101"":59,""11100001"":60,""11110011"":18,""11100011"":22,""00110001"":8,""01110000"":3,""01100101"":17,""10101011"":24,""11000010"":6,""11001000"":17,""01000101"":16,""11100111"":14,""11000100"":18,""11000011"":8,""11111011"":22,""00110101"":8,""11100100"":26,""01101011"":8,""10111101"":89,""01010000"":9,""00100101"":22,""10101100"":30,""11011011"":30,""10100110"":2,""10010000"":10,""00000001"":7,""01100011"":2,""01100100"":6,""10111001"":103,""01000011"":3,""10110000"":42,""01011001"":26,""11101101"":51,""00101101"":28,""00111110"":2,""11011100"":15,""10111000"":51,""11111000"":33,""11001101"":39,""11111010"":8,""00111001"":9,""10101000"":18,""01001101"":15,""10011101"":24,""11011001"":51,""11001100"":14,""10001010"":6,""11111001"":82,""10001111"":13,""10111111"":25,""10011000"":15,""01111101"":12,""10111010"":12,""01001001"":10,""10101110"":4,""00011100"":4,""00011101"":14,""10001011"":15,""00111111"":2,""10001100"":12,""00111000"":2,""00101010"":2,""10001001"":56,""10001000"":26,""10011010"":5,""11011000"":19,""01101001"":10,""11011010"":4,""11001110"":3,""01101100"":2,""11111100"":28,""00010101"":8,""10011111"":8,""01000111"":5,""00111100"":5,""10101010"":5,""01111100"":7,""11101001"":52,""00101001"":19,""11101000"":19,""10101111"":9,""11101100"":13,""11011110"":4,""01111111"":3,""01011100"":12,""00111011"":6,""10001110"":4,""01011101"":16,""01111001"":14,""11001011"":16,""11001111"":7,""11101111"":10,""11001001"":33,""00101011"":12,""01101101"":10,""00111101"":6,""01001111"":3,""01100010"":5,""01110001"":10,""10000010"":7,""01110101"":17,""01110011"":1,""00110111"":4,""10000011"":13,""01110010"":2,""00100110"":3,""01010010"":6,""11110000"":31,""01010101"":16,""10000100"":25,""10011011"":12,""00000011"":8,""00010011"":5,""00100000"":15,""01010111"":3,""11100110"":4,""00110011"":4,""00010000"":7,""00010001"":16,""00101111"":7,""00010010"":5,""10010111"":4,""01000100"":3,""01101000"":7,""01100111"":3,""00000010"":3,""00010100"":9,""00001001"":8,""01001100"":6,""00101100"":7,""00011011"":7,""01001011"":5,""10011110"":4,""00101110"":2,""01101010"":2,""00101000"":11,""11011111"":5,""00001101"":9,""00011000"":6,""01001000"":3,""01101111"":5,""00001100"":3,""00011111"":3,""11101010"":3,""11000110"":2,""01010011"":8,""00000000"":4,""00000111"":1,""10010110"":2,""01110100"":3,""01111110"":2,""01011011"":7,""11001010"":4,""00001011"":5,""11111110"":3,""01011010"":2,""01100110"":2,""01010110"":2,""01110110"":1,""00110100"":2,""01111011"":3,""00110110"":2,""00110010"":1,""00011010"":2,""01011111"":3,""01111010"":2,""00001000"":1,""01111000"":1,""00001111"":1,""01011110"":1,""10111110"":1}"
95,x,4000,0.4385,-0.034499999999999975,0.139,-0.006000000000000005,0.2975,-0.06499999999999995,0.22550000000000003,-0.6285000000000001,"{""10010100"":13,""10010010"":23,""10111110"":18,""10000010"":141,""01010000"":7,""01111100"":21,""10100100"":57,""10000100"":115,""11100110"":23,""10000001"":32,""10011010"":38,""10101010"":81,""10000000"":74,""00010011"":3,""01010010"":7,""11100100"":52,""10110101"":17,""11100000"":36,""01100010"":18,""00111110"":11,""11000010"":37,""10010001"":12,""11000101"":5,""10110100"":31,""11010100"":15,""11000111"":3,""10100010"":75,""10100000"":43,""10100110"":24,""00010111"":3,""10000110"":42,""11100010"":75,""10010101"":4,""11010010"":26,""00110110"":8,""11101010"":67,""10010000"":24,""00010110"":1,""11111100"":36,""01100100"":10,""00000010"":6,""10010110"":24,""10000111"":21,""11110000"":25,""10000011"":29,""11000100"":38,""01110100"":18,""00100010"":19,""10001110"":46,""10101100"":51,""11100101"":14,""11110100"":27,""00110000"":7,""10000101"":32,""10100011"":16,""10001101"":44,""00000100"":4,""00000011"":2,""10101001"":17,""01000100"":3,""11000110"":16,""11101000"":29,""10011000"":21,""11101011"":22,""10001000"":50,""10001100"":100,""01101010"":9,""11111010"":34,""01111010"":27,""10101000"":31,""11101110"":10,""11011010"":16,""11111000"":15,""10111000"":16,""10011011"":11,""10111100"":29,""11011000"":14,""10111010"":48,""10001001"":39,""00111100"":22,""01011010"":10,""10011100"":21,""11011110"":5,""01001010"":10,""00001100"":5,""11111110"":14,""10001010"":151,""11001010"":37,""10101110"":27,""00101110"":7,""10001011"":34,""00011010"":6,""00111000"":9,""10011110"":14,""00011100"":5,""01110011"":6,""00111101"":12,""11101100"":50,""11001011"":13,""00101111"":8,""00101101"":7,""00001010"":6,""11001100"":30,""01111000"":9,""01011100"":7,""11011100"":9,""01011001"":2,""01101100"":8,""10011101"":15,""01110010"":20,""01000010"":9,""10110110"":21,""10110011"":13,""11110110"":23,""01010101"":6,""00110010"":18,""11100011"":21,""10110010"":27,""00010000"":3,""10100001"":20,""01010001"":3,""00000000"":3,""01100000"":17,""11110010"":27,""00110100"":11,""01110110"":6,""11010110"":5,""11010111"":9,""00111010"":16,""10110000"":27,""11101001"":19,""11100001"":15,""00100000"":10,""10010011"":19,""00010100"":4,""01100111"":3,""00010001"":2,""10110111"":7,""00110101"":2,""01100011"":4,""11000000"":10,""01010110"":4,""10001111"":21,""10100101"":15,""10110001"":9,""11010101"":4,""01100110"":7,""11000001"":11,""00110001"":4,""11110101"":11,""11000011"":7,""10100111"":10,""11110001"":8,""11001000"":21,""00100100"":7,""00100001"":7,""00010010"":13,""11100111"":16,""11111101"":9,""00011110"":1,""00100111"":8,""10111111"":9,""00101000"":5,""10101011"":32,""00101001"":8,""10011111"":11,""01101011"":8,""10101101"":19,""10111011"":12,""10111001"":5,""11001101"":6,""11101101"":19,""00111011"":6,""11101111"":11,""01111110"":6,""11001110"":13,""00100011"":5,""11010011"":5,""10010111"":13,""11110011"":10,""11111001"":14,""11010000"":11,""11111111"":8,""11010001"":8,""11110111"":8,""00000110"":2,""01000000"":4,""01001011"":3,""00100110"":7,""11001111"":7,""00110011"":3,""00101010"":20,""01001000"":4,""10101111"":19,""00101100"":4,""11001001"":9,""10011001"":16,""01111001"":4,""11011001"":4,""00001110"":5,""00011011"":2,""01110101"":1,""01100101"":3,""11011111"":5,""01010100"":5,""01100001"":6,""00000111"":3,""01000110"":2,""00100101"":1,""00001101"":5,""01011110"":4,""01101110"":5,""01101001"":6,""11111011"":13,""01101000"":8,""00000001"":2,""11011011"":8,""00011001"":3,""01001100"":5,""10111101"":9,""00111001"":5,""01101111"":5,""01001110"":1,""01011011"":1,""01011000"":3,""01111101"":7,""00011000"":2,""00111111"":6,""01110000"":5,""01111111"":5,""01001111"":3,""01010011"":1,""01000011"":1,""01001101"":2,""01000001"":2,""01110111"":4,""00110111"":3,""01010111"":1,""01110001"":2,""00101011"":3,""01001001"":2,""00001111"":1,""11011101"":4,""00000101"":1,""01101101"":2,""01111011"":5,""00001000"":2,""00001001"":1,""00001011"":1}"
96,x,4000,0.15949999999999998,-0.1200000000000001,0.10950000000000004,-0.0024999999999999467,0.43100000000000005,0.1895,-0.47750000000000004,0.5509999999999999,"{""00001100"":28,""01101110"":56,""01001100"":71,""00011011"":10,""01001010"":120,""01100011"":42,""01101111"":28,""11101110"":9,""00001101"":16,""11000100"":28,""01101010"":58,""00011000"":5,""00111010"":27,""11010010"":20,""11101010"":12,""11011010"":12,""11100101"":16,""01011000"":14,""01001110"":53,""01101001"":33,""00011110"":3,""01001111"":37,""01011010"":38,""00010100"":7,""00100110"":19,""01011001"":28,""11001100"":29,""01011101"":15,""01001001"":74,""10100100"":5,""01111011"":15,""00101100"":21,""00101001"":22,""11111000"":5,""11101100"":19,""01000010"":147,""01101100"":52,""00111011"":13,""11101000"":7,""11111100"":7,""00010010"":17,""00101010"":29,""01011011"":32,""11100011"":9,""01000101"":49,""01001011"":72,""11001001"":28,""11001111"":18,""10001010"":7,""01101000"":28,""11001000"":11,""00001010"":21,""00111110"":17,""01001000"":42,""11101001"":10,""11111001"":4,""01001101"":52,""01011100"":15,""11011110"":8,""11101101"":7,""00111100"":22,""11101111"":10,""11001010"":42,""00101101"":24,""01011111"":14,""01101011"":26,""01011110"":24,""10011010"":3,""10101010"":6,""01101101"":43,""10111100"":2,""00001111"":9,""10001011"":3,""01111100"":16,""10111010"":1,""00010000"":11,""00111001"":11,""01111010"":21,""00101011"":19,""10011011"":4,""00011010"":17,""10111011"":1,""00100011"":24,""10000110"":5,""01010010"":46,""00101110"":24,""01000011"":56,""10111000"":1,""11101011"":4,""00001110"":16,""01111110"":14,""01100001"":21,""11011101"":9,""00011111"":3,""11001011"":22,""00011001"":7,""11000010"":43,""00000100"":17,""11000110"":28,""01100100"":44,""01100010"":65,""01100111"":21,""00100001"":20,""01010001"":31,""00000010"":23,""01100101"":33,""00000110"":17,""11010110"":11,""01000100"":65,""11010001"":17,""00100010"":57,""01010011"":20,""01100110"":47,""01010111"":12,""00110100"":9,""01110010"":25,""00000011"":14,""01000000"":51,""00110000"":6,""00000001"":20,""00100100"":14,""00000111"":10,""01010100"":27,""11011000"":5,""00100111"":9,""01010110"":23,""11110010"":6,""00000000"":11,""01110110"":13,""01010000"":17,""11100110"":18,""01010101"":18,""11000001"":22,""01000001"":59,""01100000"":22,""01110000"":6,""10111110"":1,""01000110"":46,""00001011"":15,""00001000"":9,""01000111"":41,""11011001"":11,""10011111"":1,""00111111"":13,""10101011"":6,""01110111"":7,""00001001"":8,""11001110"":29,""00101000"":8,""11111010"":6,""11011100"":5,""00110001"":15,""00110110"":13,""11100010"":16,""10000010"":8,""11000111"":14,""00010101"":4,""00010001"":7,""11000101"":17,""10010110"":5,""00110101"":15,""11110011"":4,""10100110"":3,""11010000"":11,""10010011"":3,""00010011"":8,""10110001"":1,""10000100"":3,""01110011"":9,""10110000"":1,""01110001"":12,""10100001"":2,""00100000"":9,""11111111"":5,""01111111"":9,""00101111"":9,""10101110"":2,""11001101"":19,""10011110"":3,""00010111"":2,""11111110"":7,""10001101"":5,""01111001"":5,""10101101"":2,""11111101"":1,""00111101"":9,""10001100"":5,""00111000"":4,""01111000"":6,""11100000"":5,""11000000"":12,""00011101"":5,""10101000"":3,""11011011"":6,""00110010"":24,""10000011"":5,""11000011"":21,""10110111"":4,""10100111"":1,""10010010"":6,""00110011"":11,""11100001"":9,""11010011"":5,""00010110"":7,""11100100"":8,""10001110"":3,""11010101"":2,""11100111"":4,""10100101"":2,""00100101"":15,""01111101"":8,""10011001"":2,""01110100"":11,""10110110"":2,""11010111"":8,""11110000"":1,""11010100"":6,""00110111"":4,""11011111"":2,""11110111"":2,""00000101"":7,""01110101"":6,""11110100"":3,""10000101"":5,""11110110"":2,""11110101"":3,""10010001"":2,""10100011"":2,""10000001"":3,""10000111"":1,""10110010"":3,""10011100"":3,""10001000"":1,""10110011"":2,""10001111"":1,""11111011"":2,""10000000"":1,""10101001"":1,""00011100"":1,""11110001"":2,""10110100"":2,""10001001"":3,""10100000"":2,""10010000"":1,""10100010"":2,""10010100"":2}"
97,x,4000,0.20750000000000002,0.6445000000000001,0.10499999999999998,0.02849999999999997,0.15200000000000002,0.04149999999999998,0.08050000000000002,0.0685,"{""01000101"":24,""01000100"":45,""00010000"":57,""11000100"":32,""11100000"":48,""10110100"":26,""01100001"":16,""00010001"":29,""00101110"":5,""00100001"":33,""10100010"":11,""00011010"":21,""11100011"":4,""00100101"":35,""00110011"":2,""11010101"":26,""00100000"":75,""10000000"":52,""00000100"":26,""01110100"":40,""01101100"":12,""01110000"":41,""10000010"":11,""00000010"":10,""00010100"":55,""10100100"":38,""11010110"":10,""01000000"":38,""11010001"":24,""00000101"":17,""11110000"":13,""00110001"":14,""10110000"":25,""00110100"":10,""11100001"":32,""10100011"":4,""10001000"":44,""10000100"":30,""10110010"":11,""11000000"":34,""10100110"":8,""01110011"":5,""10000001"":24,""10000110"":8,""00010101"":49,""00100011"":5,""01010010"":4,""11010100"":32,""11000101"":18,""00100110"":20,""01010000"":13,""00001001"":19,""10110111"":3,""10010100"":19,""00011100"":40,""00110000"":13,""11100100"":40,""10100001"":22,""01010011"":2,""01110001"":25,""00100100"":65,""10110101"":19,""00110101"":5,""01000011"":4,""01110111"":4,""11000010"":14,""01000110"":8,""00000001"":12,""01110101"":33,""01110010"":9,""00010010"":19,""11010000"":29,""11000110"":7,""01100100"":24,""11010011"":4,""10010000"":23,""00010011"":6,""00001101"":16,""01000010"":19,""01000001"":30,""00011000"":60,""11011001"":40,""01010101"":9,""10010010"":5,""10110001"":18,""11110110"":2,""00100010"":16,""00010111"":5,""11100010"":9,""00010110"":15,""11100101"":23,""00101001"":51,""11101000"":36,""01100011"":4,""11000001"":29,""01001101"":28,""00000000"":20,""10010001"":15,""11001001"":34,""10100101"":17,""11101001"":41,""10111001"":30,""10111101"":17,""10011010"":6,""00001000"":34,""01111110"":5,""00011101"":41,""01111100"":34,""11001101"":28,""01111000"":34,""00011001"":37,""00111100"":17,""11101101"":27,""01001100"":30,""00101000"":59,""11001010"":7,""11001100"":35,""00111000"":17,""11101100"":26,""01111011"":4,""01001001"":40,""00111110"":2,""00011111"":5,""11111001"":3,""01001000"":40,""10111000"":29,""10111100"":22,""10001110"":7,""10111111"":2,""00101100"":57,""10011000"":20,""10001011"":6,""11011110"":9,""11011000"":27,""10101101"":18,""10001101"":23,""01001010"":17,""01101110"":2,""10011101"":8,""01111101"":24,""10010101"":9,""10101111"":6,""01001110"":7,""00101101"":32,""11011101"":19,""10111110"":7,""10101001"":17,""01001011"":7,""01111001"":30,""10001001"":22,""11001011"":5,""00101010"":16,""11000111"":6,""10101100"":22,""11111000"":8,""01101111"":5,""01101101"":6,""10111010"":6,""10011001"":18,""01101001"":7,""00101011"":7,""10101000"":28,""00001010"":10,""11111101"":6,""00001100"":16,""00101111"":6,""01101000"":20,""01011000"":13,""10011110"":5,""00111111"":2,""11011011"":4,""10011100"":16,""00011110"":15,""11001000"":28,""11101010"":12,""10001100"":19,""11011010"":10,""01011011"":3,""10011111"":3,""01011001"":9,""00111010"":9,""11010010"":13,""11011100"":23,""10100000"":44,""01101010"":7,""00111001"":18,""01100000"":12,""01011100"":9,""01111010"":10,""11111010"":2,""00111101"":6,""01011101"":2,""01001111"":3,""11011111"":7,""10101010"":6,""11001110"":4,""11001111"":3,""01101011"":3,""10001111"":2,""00100111"":2,""01011010"":4,""10101011"":3,""01111111"":6,""10001010"":7,""10010111"":3,""10000101"":18,""11000011"":4,""01010001"":11,""11100110"":10,""10010011"":3,""00000011"":5,""00110010"":1,""11010111"":3,""11111100"":5,""11101110"":10,""00001111"":1,""01000111"":2,""00011011"":4,""00001110"":4,""11101011"":6,""01110110"":9,""11110010"":4,""01100101"":14,""10110110"":6,""01010100"":6,""11110101"":7,""11110100"":4,""10100111"":3,""11100111"":3,""11110001"":6,""10000011"":3,""10000111"":1,""01100010"":4,""00000110"":3,""00110110"":1,""10101110"":3,""01100110"":1,""01100111"":2,""01011111"":2,""10011011"":1,""11101111"":2,""00000111"":2,""10111011"":1,""11111110"":1,""00110111"":1,""00111011"":1,""10010110"":2}"
98,x,4000,-0.534,0.4115,0.21150000000000002,-0.03299999999999992,0.34299999999999997,0.17400000000000004,0.0,-0.03699999999999992,"{""11010001"":63,""11100011"":9,""00100001"":58,""01010001"":48,""01110011"":5,""01000011"":22,""10100011"":23,""11000001"":74,""10010001"":36,""01110001"":11,""11000100"":24,""11000011"":40,""01100101"":45,""11010101"":32,""00101101"":52,""01010011"":21,""11000101"":61,""11010011"":26,""10000011"":48,""10010101"":16,""10000101"":56,""00111001"":43,""11000111"":15,""00110001"":41,""10000001"":79,""01110100"":4,""10000100"":19,""10000111"":19,""01100111"":12,""00100000"":15,""00100101"":44,""10100101"":28,""00110000"":16,""11001011"":47,""11100001"":11,""10000110"":9,""00111101"":30,""01100001"":70,""11000000"":32,""11011001"":59,""10100000"":18,""01010101"":23,""01000101"":44,""00000101"":11,""01010110"":3,""00100011"":30,""00010011"":7,""10100001"":44,""00110111"":16,""00110101"":27,""01110000"":6,""00100010"":1,""01100010"":7,""01010111"":16,""00010001"":9,""10100111"":11,""01100000"":25,""11100000"":7,""01111100"":3,""10100100"":9,""01000001"":46,""01111001"":15,""10000000"":21,""11010000"":15,""11101011"":3,""10001101"":76,""10101011"":25,""00110011"":24,""10010100"":4,""11110101"":4,""01100110"":3,""00000001"":14,""00010000"":4,""00101001"":61,""10110000"":7,""00101111"":13,""01100100"":12,""00100111"":21,""00110010"":2,""11010100"":9,""01000111"":9,""01101100"":19,""10100010"":3,""01010100"":9,""00000011"":10,""01001011"":46,""11100100"":4,""01100011"":22,""11000010"":11,""11000110"":4,""01000110"":2,""10010011"":17,""00010111"":4,""11001000"":39,""01011101"":34,""01001001"":47,""11001001"":76,""01110101"":9,""10011111"":6,""10110001"":10,""01001101"":38,""10001001"":78,""11100110"":2,""01101000"":22,""11100101"":6,""11011111"":14,""10110011"":11,""11010111"":10,""00000100"":6,""01110010"":2,""00110100"":8,""01101001"":50,""11110011"":4,""10001000"":34,""00111100"":19,""00001101"":14,""00111011"":29,""10001100"":31,""11011101"":40,""00110110"":3,""01000100"":9,""01000000"":12,""10101001"":58,""10111011"":12,""00101000"":17,""10111101"":15,""11100111"":2,""00100100"":19,""10011001"":20,""11011011"":27,""01101101"":37,""10110111"":4,""11001111"":16,""00001111"":5,""00011101"":6,""10011000"":5,""00001011"":6,""00101011"":39,""01001000"":15,""00101100"":21,""01011111"":9,""01111011"":8,""10111000"":6,""10101101"":26,""10101010"":5,""01101111"":12,""01011110"":3,""10011101"":15,""01111010"":2,""01011001"":26,""10001110"":7,""10111100"":4,""11001101"":63,""00001001"":22,""01101011"":40,""00111111"":14,""01011000"":11,""10101000"":11,""00001100"":5,""11101100"":2,""10001111"":23,""10001011"":55,""11101001"":4,""11011010"":9,""01111000"":9,""01111111"":3,""11001100"":16,""10101111"":7,""10111001"":17,""10010111"":7,""01011100"":10,""01001111"":10,""11001010"":6,""01001100"":15,""10111010"":2,""11011100"":11,""00001000"":6,""10001010"":14,""01101010"":5,""00011001"":14,""01001110"":4,""10101100"":16,""11001110"":7,""11011000"":13,""01011011"":14,""10011100"":6,""10101110"":3,""01000010"":7,""01111101"":7,""11111000"":2,""11111001"":3,""00111110"":4,""00011011"":6,""11101111"":2,""00111010"":7,""01010000"":10,""01001010"":2,""00101010"":6,""00011100"":5,""00010100"":3,""10011011"":8,""00111000"":13,""00101110"":4,""00011111"":6,""01101110"":5,""10011010"":2,""11010110"":3,""11110001"":4,""10010010"":2,""11101101"":7,""10111111"":3,""01011010"":3,""11101000"":4,""11110000"":1,""10000010"":6,""00000000"":6,""00000010"":2,""10110101"":7,""00011000"":3,""00010101"":4,""11010010"":3,""11100010"":2,""01010010"":1,""10110100"":2,""10110110"":1,""11110111"":3,""01110111"":1,""10010000"":4,""10010110"":3,""00000111"":2,""11110100"":1,""11111100"":1,""01111110"":2,""11111111"":1,""11011110"":1,""00011110"":1,""00011010"":2,""10111110"":1,""00001010"":2,""00001110"":1,""11110010"":3,""00010110"":1,""10100110"":1}"
99,x,4000,-0.1605000000000001,0.516,0.14949999999999997,0.029000000000000026,0.375,0.7575000000000001,0.11399999999999999,-0.14149999999999996,"{""01101000"":7,""01001001"":93,""01001101"":53,""00000000"":30,""10010110"":15,""10011101"":48,""10010100"":45,""10001001"":150,""10001011"":62,""10001101"":90,""10001000"":115,""10011011"":19,""10011100"":45,""10010000"":51,""00001000"":35,""11001001"":45,""10011001"":55,""11001111"":12,""01001000"":78,""00011100"":8,""01011101"":34,""01011001"":39,""00011001"":9,""01111000"":7,""01101100"":5,""11000101"":28,""10001100"":80,""00011101"":19,""11000001"":44,""10001110"":16,""11111000"":11,""00001001"":29,""01011100"":31,""10001010"":16,""01010101"":34,""11101001"":12,""01001010"":16,""10000100"":88,""11111100"":4,""10001111"":27,""10101011"":2,""01011111"":12,""01011110"":6,""11011001"":6,""11001010"":5,""10011111"":13,""10011000"":28,""01010111"":12,""00001011"":15,""01001100"":48,""11001011"":22,""10000101"":98,""01010011"":23,""10000000"":124,""01010010"":8,""11000100"":16,""01000111"":15,""10010101"":50,""00000101"":34,""01000011"":32,""10000011"":58,""00000100"":31,""01010001"":35,""01010000"":30,""01000001"":83,""01000000"":73,""10000001"":130,""00000001"":29,""10010001"":48,""01110000"":7,""01101001"":16,""00000011"":22,""00001010"":6,""01000101"":64,""10010011"":24,""01000100"":68,""00110011"":2,""01100100"":8,""11110000"":9,""00110001"":6,""10000110"":21,""00110110"":2,""01010100"":26,""00010000"":6,""11100011"":6,""11010001"":13,""11000000"":26,""01100111"":2,""11100100"":11,""00010011"":5,""01000010"":13,""10010111"":21,""11110110"":2,""01100000"":3,""10000111"":43,""01100010"":1,""11010000"":12,""00100100"":6,""11010101"":15,""10110011"":4,""10000010"":28,""11010011"":8,""11110001"":3,""00010100"":12,""11100000"":4,""11100101"":6,""11100010"":2,""01100011"":5,""11000110"":8,""01110101"":9,""01100001"":10,""00000111"":5,""11000010"":8,""11110010"":5,""11010100"":10,""00010101"":11,""10100001"":9,""10100011"":5,""00000010"":5,""00000110"":6,""10110000"":6,""00011000"":10,""00100011"":5,""01000110"":11,""01011010"":9,""11011101"":13,""01110100"":2,""00100001"":9,""10100000"":9,""00010001"":9,""10110001"":5,""00110100"":1,""01100101"":3,""01110001"":7,""01111001"":13,""11000111"":13,""01101010"":3,""01010110"":4,""10110111"":1,""10100110"":2,""00110101"":1,""00011111"":6,""00001100"":18,""10111110"":1,""00101011"":5,""11101101"":5,""11001000"":18,""11001101"":24,""00011010"":3,""01111011"":5,""11001100"":14,""10010010"":9,""11011100"":9,""00111000"":4,""01001011"":42,""00011011"":5,""10111000"":4,""01101011"":6,""00111101"":1,""00101010"":2,""11101100"":10,""11111101"":6,""11011000"":9,""01011000"":19,""01001111"":20,""00001101"":30,""11110011"":4,""00100000"":8,""10100101"":3,""10100010"":1,""00100101"":4,""11000011"":15,""00100110"":2,""00110111"":2,""01110011"":3,""00100010"":1,""00101000"":6,""01011011"":12,""11100111"":4,""00111011"":2,""11100001"":5,""01101101"":7,""00101001"":6,""00001110"":4,""11101111"":4,""00111100"":3,""11100110"":3,""11101000"":10,""00010010"":2,""01101111"":2,""01101110"":2,""10011010"":7,""10111101"":2,""10110101"":2,""01001110"":10,""00101111"":2,""01111101"":10,""01111100"":6,""11111011"":4,""01111010"":1,""10101000"":3,""10101001"":9,""11011111"":5,""10011110"":9,""11111001"":4,""10111001"":3,""11101011"":4,""00001111"":3,""11011010"":1,""01111110"":2,""11001110"":2,""10100100"":3,""00110000"":6,""01110010"":2,""11110111"":1,""11010111"":3,""10101101"":3,""10101100"":2,""10111111"":2,""00111001"":3,""00101100"":3,""11011011"":7,""11111111"":3,""11110101"":2,""11010110"":2,""00010111"":3,""01100110"":1,""11010010"":3,""00010110"":1,""00100111"":1,""10100111"":1,""11111010"":2,""10101111"":1,""00011110"":2,""11101010"":1,""10111100"":2,""11110100"":1,""10110010"":1,""00101101"":2,""00111111"":1}"
