task_id,campaign,dataset,variant,config,seed,tag,test_acc,bal_test_acc,val_acc,train_acc,total_params,quantum_params,n_qubits,gate,basis,frontend,ablation,source_file
60,basis,overhead,adaptive,overhead_adaptive__basisXYZ,42,basis__overhead_adaptive__basisXYZ__seed42,93.35727109515261,93.3510296010296,91.60419790104947,,1207,112,8,CX,xyz,conv,none,src/sq_seqnn_outputs/overhead_seqnn5_basis__overhead_adaptive__basisXYZ__seed42/results_overhead.csv
192,basis,overhead,adaptive,overhead_adaptive__basisXYZ,43,basis__overhead_adaptive__basisXYZ__seed43,90.48473967684022,90.4713642213642,89.50524737631184,,1207,112,8,CX,xyz,conv,none,src/sq_seqnn_outputs/overhead_seqnn5_basis__overhead_adaptive__basisXYZ__seed43/results_overhead.csv
324,basis,overhead,adaptive,overhead_adaptive__basisXYZ,44,basis__overhead_adaptive__basisXYZ__seed44,91.38240574506284,91.37709137709138,88.75562218890555,,1207,112,8,CX,xyz,conv,none,src/sq_seqnn_outputs/overhead_seqnn5_basis__overhead_adaptive__basisXYZ__seed44/results_overhead.csv
456,basis,overhead,adaptive,overhead_adaptive__basisXYZ,45,basis__overhead_adaptive__basisXYZ__seed45,83.12387791741472,83.11936936936937,80.0599700149925,,1207,112,8,CX,xyz,conv,none,src/sq_seqnn_outputs/overhead_seqnn5_basis__overhead_adaptive__basisXYZ__seed45/results_overhead.csv
588,basis,overhead,adaptive,overhead_adaptive__basisXYZ,46,basis__overhead_adaptive__basisXYZ__seed46,87.61220825852783,87.60617760617762,86.3568215892054,,1207,112,8,CX,xyz,conv,none,src/sq_seqnn_outputs/overhead_seqnn5_basis__overhead_adaptive__basisXYZ__seed46/results_overhead.csv
720,basis,overhead,adaptive,overhead_adaptive__basisXYZ,47,basis__overhead_adaptive__basisXYZ__seed47,89.22800718132855,89.22619047619047,88.1559220389805,,1207,112,8,CX,xyz,conv,none,src/sq_seqnn_outputs/overhead_seqnn5_basis__overhead_adaptive__basisXYZ__seed47/results_overhead.csv
852,basis,overhead,adaptive,overhead_adaptive__basisXYZ,48,basis__overhead_adaptive__basisXYZ__seed48,91.0233393177738,91.01673101673103,91.90404797601201,,1207,112,8,CX,xyz,conv,none,src/sq_seqnn_outputs/overhead_seqnn5_basis__overhead_adaptive__basisXYZ__seed48/results_overhead.csv
984,basis,overhead,adaptive,overhead_adaptive__basisXYZ,49,basis__overhead_adaptive__basisXYZ__seed49,92.63913824057451,92.63835263835264,90.25487256371814,,1207,112,8,CX,xyz,conv,none,src/sq_seqnn_outputs/overhead_seqnn5_basis__overhead_adaptive__basisXYZ__seed49/results_overhead.csv
1116,basis,overhead,adaptive,overhead_adaptive__basisXYZ,50,basis__overhead_adaptive__basisXYZ__seed50,91.20287253141832,91.1904761904762,92.35382308845578,,1207,112,8,CX,xyz,conv,none,src/sq_seqnn_outputs/overhead_seqnn5_basis__overhead_adaptive__basisXYZ__seed50/results_overhead.csv
1248,basis,overhead,adaptive,overhead_adaptive__basisXYZ,51,basis__overhead_adaptive__basisXYZ__seed51,92.45960502692998,92.45656370656373,92.20389805097452,,1207,112,8,CX,xyz,conv,none,src/sq_seqnn_outputs/overhead_seqnn5_basis__overhead_adaptive__basisXYZ__seed51/results_overhead.csv
58,basis,overhead,adaptive,overhead_adaptive__basisY,42,basis__overhead_adaptive__basisY__seed42,92.28007181328546,92.26190476190476,91.15442278860569,,1015,112,8,CX,y,conv,none,src/sq_seqnn_outputs/overhead_seqnn5_basis__overhead_adaptive__basisY__seed42/results_overhead.csv
190,basis,overhead,adaptive,overhead_adaptive__basisY,43,basis__overhead_adaptive__basisY__seed43,89.5870736086176,89.57207207207209,88.75562218890555,,1015,112,8,CX,y,conv,none,src/sq_seqnn_outputs/overhead_seqnn5_basis__overhead_adaptive__basisY__seed43/results_overhead.csv
322,basis,overhead,adaptive,overhead_adaptive__basisY,44,basis__overhead_adaptive__basisY__seed44,94.7935368043088,94.7844272844273,92.05397301349323,,1015,112,8,CX,y,conv,none,src/sq_seqnn_outputs/overhead_seqnn5_basis__overhead_adaptive__basisY__seed44/results_overhead.csv
454,basis,overhead,adaptive,overhead_adaptive__basisY,45,basis__overhead_adaptive__basisY__seed45,83.48294434470377,83.490990990991,77.96101949025487,,1015,112,8,CX,y,conv,none,src/sq_seqnn_outputs/overhead_seqnn5_basis__overhead_adaptive__basisY__seed45/results_overhead.csv
586,basis,overhead,adaptive,overhead_adaptive__basisY,46,basis__overhead_adaptive__basisY__seed46,86.35547576301616,86.33204633204633,86.65667166416792,,1015,112,8,CX,y,conv,none,src/sq_seqnn_outputs/overhead_seqnn5_basis__overhead_adaptive__basisY__seed46/results_overhead.csv
718,basis,overhead,adaptive,overhead_adaptive__basisY,47,basis__overhead_adaptive__basisY__seed47,89.76660682226212,89.7570785070785,88.30584707646177,,1015,112,8,CX,y,conv,none,src/sq_seqnn_outputs/overhead_seqnn5_basis__overhead_adaptive__basisY__seed47/results_overhead.csv
850,basis,overhead,adaptive,overhead_adaptive__basisY,48,basis__overhead_adaptive__basisY__seed48,92.10053859964094,92.09942084942084,91.30434782608697,,1015,112,8,CX,y,conv,none,src/sq_seqnn_outputs/overhead_seqnn5_basis__overhead_adaptive__basisY__seed48/results_overhead.csv
982,basis,overhead,adaptive,overhead_adaptive__basisY,49,basis__overhead_adaptive__basisY__seed49,84.02154398563735,84.03314028314028,81.10944527736132,,1015,112,8,CX,y,conv,none,src/sq_seqnn_outputs/overhead_seqnn5_basis__overhead_adaptive__basisY__seed49/results_overhead.csv
1114,basis,overhead,adaptive,overhead_adaptive__basisY,50,basis__overhead_adaptive__basisY__seed50,92.81867145421904,92.8088803088803,89.50524737631184,,1015,112,8,CX,y,conv,none,src/sq_seqnn_outputs/overhead_seqnn5_basis__overhead_adaptive__basisY__seed50/results_overhead.csv
1246,basis,overhead,adaptive,overhead_adaptive__basisY,51,basis__overhead_adaptive__basisY__seed51,91.38240574506284,91.37226512226512,91.90404797601201,,1015,112,8,CX,y,conv,none,src/sq_seqnn_outputs/overhead_seqnn5_basis__overhead_adaptive__basisY__seed51/results_overhead.csv
59,basis,overhead,adaptive,overhead_adaptive__basisZ,42,basis__overhead_adaptive__basisZ__seed42,92.99820466786356,92.98423423423424,90.10494752623688,,1015,112,8,CX,z,conv,none,src/sq_seqnn_outputs/overhead_seqnn5_basis__overhead_adaptive__basisZ__seed42/results_overhead.csv
191,basis,overhead,adaptive,overhead_adaptive__basisZ,43,basis__overhead_adaptive__basisZ__seed43,89.04847396768402,89.03153153153154,88.6056971514243,,1015,112,8,CX,z,conv,none,src/sq_seqnn_outputs/overhead_seqnn5_basis__overhead_adaptive__basisZ__seed43/results_overhead.csv
323,basis,overhead,adaptive,overhead_adaptive__basisZ,44,basis__overhead_adaptive__basisZ__seed44,93.71633752244163,93.70495495495496,91.30434782608697,,1015,112,8,CX,z,conv,none,src/sq_seqnn_outputs/overhead_seqnn5_basis__overhead_adaptive__basisZ__seed44/results_overhead.csv
455,basis,overhead,adaptive,overhead_adaptive__basisZ,45,basis__overhead_adaptive__basisZ__seed45,92.10053859964094,92.0881595881596,86.80659670164917,,1015,112,8,CX,z,conv,none,src/sq_seqnn_outputs/overhead_seqnn5_basis__overhead_adaptive__basisZ__seed45/results_overhead.csv
587,basis,overhead,adaptive,overhead_adaptive__basisZ,46,basis__overhead_adaptive__basisZ__seed46,84.91921005385996,84.92277992277992,88.1559220389805,,1015,112,8,CX,z,conv,none,src/sq_seqnn_outputs/overhead_seqnn5_basis__overhead_adaptive__basisZ__seed46/results_overhead.csv
719,basis,overhead,adaptive,overhead_adaptive__basisZ,47,basis__overhead_adaptive__basisZ__seed47,89.40754039497307,89.40958815958815,88.30584707646177,,1015,112,8,CX,z,conv,none,src/sq_seqnn_outputs/overhead_seqnn5_basis__overhead_adaptive__basisZ__seed47/results_overhead.csv
851,basis,overhead,adaptive,overhead_adaptive__basisZ,48,basis__overhead_adaptive__basisZ__seed48,79.35368043087972,79.3516731016731,79.16041979010495,,1015,112,8,CX,z,conv,none,src/sq_seqnn_outputs/overhead_seqnn5_basis__overhead_adaptive__basisZ__seed48/results_overhead.csv
983,basis,overhead,adaptive,overhead_adaptive__basisZ,49,basis__overhead_adaptive__basisZ__seed49,90.84380610412927,90.83655083655084,89.05547226386807,,1015,112,8,CX,z,conv,none,src/sq_seqnn_outputs/overhead_seqnn5_basis__overhead_adaptive__basisZ__seed49/results_overhead.csv
1115,basis,overhead,adaptive,overhead_adaptive__basisZ,50,basis__overhead_adaptive__basisZ__seed50,90.66427289048474,90.65797940797941,91.00449775112443,,1015,112,8,CX,z,conv,none,src/sq_seqnn_outputs/overhead_seqnn5_basis__overhead_adaptive__basisZ__seed50/results_overhead.csv
1247,basis,overhead,adaptive,overhead_adaptive__basisZ,51,basis__overhead_adaptive__basisZ__seed51,92.28007181328546,92.27960102960103,91.60419790104947,,1015,112,8,CX,z,conv,none,src/sq_seqnn_outputs/overhead_seqnn5_basis__overhead_adaptive__basisZ__seed51/results_overhead.csv
61,basis,overhead,shared,overhead_shared__basisX,42,basis__overhead_shared__basisX__seed42,87.07360861759426,87.06402831402832,86.65667166416792,,994,144,10,XY,x,shapelet,none,src/sq_seqnn_outputs/overhead_seqnn5_basis__overhead_shared__basisX__seed42/results_overhead.csv
193,basis,overhead,shared,overhead_shared__basisX,43,basis__overhead_shared__basisX__seed43,89.22800718132855,89.22297297297298,90.25487256371814,,994,144,10,XY,x,shapelet,none,src/sq_seqnn_outputs/overhead_seqnn5_basis__overhead_shared__basisX__seed43/results_overhead.csv
325,basis,overhead,shared,overhead_shared__basisX,44,basis__overhead_shared__basisX__seed44,87.25314183123878,87.253861003861,89.80509745127436,,994,144,10,XY,x,shapelet,none,src/sq_seqnn_outputs/overhead_seqnn5_basis__overhead_shared__basisX__seed44/results_overhead.csv
457,basis,overhead,shared,overhead_shared__basisX,45,basis__overhead_shared__basisX__seed45,89.76660682226212,89.77155727155728,87.85607196401799,,994,144,10,XY,x,shapelet,none,src/sq_seqnn_outputs/overhead_seqnn5_basis__overhead_shared__basisX__seed45/results_overhead.csv
589,basis,overhead,shared,overhead_shared__basisX,46,basis__overhead_shared__basisX__seed46,88.50987432675045,88.48938223938222,88.75562218890555,,994,144,10,XY,x,shapelet,none,src/sq_seqnn_outputs/overhead_seqnn5_basis__overhead_shared__basisX__seed46/results_overhead.csv
721,basis,overhead,shared,overhead_shared__basisX,47,basis__overhead_shared__basisX__seed47,87.97127468581688,87.96332046332047,87.10644677661169,,994,144,10,XY,x,shapelet,none,src/sq_seqnn_outputs/overhead_seqnn5_basis__overhead_shared__basisX__seed47/results_overhead.csv
853,basis,overhead,shared,overhead_shared__basisX,48,basis__overhead_shared__basisX__seed48,89.04847396768402,89.04440154440154,89.20539730134932,,994,144,10,XY,x,shapelet,none,src/sq_seqnn_outputs/overhead_seqnn5_basis__overhead_shared__basisX__seed48/results_overhead.csv
985,basis,overhead,shared,overhead_shared__basisX,49,basis__overhead_shared__basisX__seed49,88.33034111310593,88.3445945945946,89.20539730134932,,994,144,10,XY,x,shapelet,none,src/sq_seqnn_outputs/overhead_seqnn5_basis__overhead_shared__basisX__seed49/results_overhead.csv
1117,basis,overhead,shared,overhead_shared__basisX,50,basis__overhead_shared__basisX__seed50,88.68940754039497,88.67760617760618,88.1559220389805,,994,144,10,XY,x,shapelet,none,src/sq_seqnn_outputs/overhead_seqnn5_basis__overhead_shared__basisX__seed50/results_overhead.csv
1249,basis,overhead,shared,overhead_shared__basisX,51,basis__overhead_shared__basisX__seed51,90.12567324955117,90.12387387387389,90.25487256371814,,994,144,10,XY,x,shapelet,none,src/sq_seqnn_outputs/overhead_seqnn5_basis__overhead_shared__basisX__seed51/results_overhead.csv
63,basis,overhead,shared,overhead_shared__basisXYZ,42,basis__overhead_shared__basisXYZ__seed42,87.4326750448833,87.42921492921492,88.45577211394303,,1234,144,10,XY,xyz,shapelet,none,src/sq_seqnn_outputs/overhead_seqnn5_basis__overhead_shared__basisXYZ__seed42/results_overhead.csv
195,basis,overhead,shared,overhead_shared__basisXYZ,43,basis__overhead_shared__basisXYZ__seed43,88.1508078994614,88.13706563706563,88.9055472263868,,1234,144,10,XY,xyz,shapelet,none,src/sq_seqnn_outputs/overhead_seqnn5_basis__overhead_shared__basisXYZ__seed43/results_overhead.csv
327,basis,overhead,shared,overhead_shared__basisXYZ,44,basis__overhead_shared__basisXYZ__seed44,89.5870736086176,89.5881595881596,89.35532233883059,,1234,144,10,XY,xyz,shapelet,none,src/sq_seqnn_outputs/overhead_seqnn5_basis__overhead_shared__basisXYZ__seed44/results_overhead.csv
459,basis,overhead,shared,overhead_shared__basisXYZ,45,basis__overhead_shared__basisXYZ__seed45,90.48473967684022,90.48423423423424,88.6056971514243,,1234,144,10,XY,xyz,shapelet,none,src/sq_seqnn_outputs/overhead_seqnn5_basis__overhead_shared__basisXYZ__seed45/results_overhead.csv
591,basis,overhead,shared,overhead_shared__basisXYZ,46,basis__overhead_shared__basisXYZ__seed46,86.71454219030521,86.70045045045045,88.6056971514243,,1234,144,10,XY,xyz,shapelet,none,src/sq_seqnn_outputs/overhead_seqnn5_basis__overhead_shared__basisXYZ__seed46/results_overhead.csv
723,basis,overhead,shared,overhead_shared__basisXYZ,47,basis__overhead_shared__basisXYZ__seed47,87.61220825852783,87.59652509652508,88.75562218890555,,1234,144,10,XY,xyz,shapelet,none,src/sq_seqnn_outputs/overhead_seqnn5_basis__overhead_shared__basisXYZ__seed47/results_overhead.csv
855,basis,overhead,shared,overhead_shared__basisXYZ,48,basis__overhead_shared__basisXYZ__seed48,90.84380610412927,90.84298584298584,91.15442278860569,,1234,144,10,XY,xyz,shapelet,none,src/sq_seqnn_outputs/overhead_seqnn5_basis__overhead_shared__basisXYZ__seed48/results_overhead.csv
987,basis,overhead,shared,overhead_shared__basisXYZ,49,basis__overhead_shared__basisXYZ__seed49,91.56193895870736,91.56531531531532,90.10494752623688,,1234,144,10,XY,xyz,shapelet,none,src/sq_seqnn_outputs/overhead_seqnn5_basis__overhead_shared__basisXYZ__seed49/results_overhead.csv
1119,basis,overhead,shared,overhead_shared__basisXYZ,50,basis__overhead_shared__basisXYZ__seed50,90.30520646319567,90.3056628056628,88.00599700149925,,1234,144,10,XY,xyz,shapelet,none,src/sq_seqnn_outputs/overhead_seqnn5_basis__overhead_shared__basisXYZ__seed50/results_overhead.csv
1251,basis,overhead,shared,overhead_shared__basisXYZ,51,basis__overhead_shared__basisXYZ__seed51,90.84380610412927,90.84620334620335,91.15442278860569,,1234,144,10,XY,xyz,shapelet,none,src/sq_seqnn_outputs/overhead_seqnn5_basis__overhead_shared__basisXYZ__seed51/results_overhead.csv
62,basis,overhead,shared,overhead_shared__basisY,42,basis__overhead_shared__basisY__seed42,88.33034111310593,88.31241956241958,87.25637181409296,,994,144,10,XY,y,shapelet,none,src/sq_seqnn_outputs/overhead_seqnn5_basis__overhead_shared__basisY__seed42/results_overhead.csv
194,basis,overhead,shared,overhead_shared__basisY,43,basis__overhead_shared__basisY__seed43,89.22800718132855,89.2149292149292,88.9055472263868,,994,144,10,XY,y,shapelet,none,src/sq_seqnn_outputs/overhead_seqnn5_basis__overhead_shared__basisY__seed43/results_overhead.csv
326,basis,overhead,shared,overhead_shared__basisY,44,basis__overhead_shared__basisY__seed44,87.97127468581688,87.97458172458172,89.35532233883059,,994,144,10,XY,y,shapelet,none,src/sq_seqnn_outputs/overhead_seqnn5_basis__overhead_shared__basisY__seed44/results_overhead.csv
458,basis,overhead,shared,overhead_shared__basisY,45,basis__overhead_shared__basisY__seed45,90.12567324955117,90.11904761904765,88.30584707646177,,994,144,10,XY,y,shapelet,none,src/sq_seqnn_outputs/overhead_seqnn5_basis__overhead_shared__basisY__seed45/results_overhead.csv
590,basis,overhead,shared,overhead_shared__basisY,46,basis__overhead_shared__basisY__seed46,87.61220825852783,87.59813384813384,88.00599700149925,,994,144,10,XY,y,shapelet,none,src/sq_seqnn_outputs/overhead_seqnn5_basis__overhead_shared__basisY__seed46/results_overhead.csv
722,basis,overhead,shared,overhead_shared__basisY,47,basis__overhead_shared__basisY__seed47,87.07360861759426,87.0608108108108,88.00599700149925,,994,144,10,XY,y,shapelet,none,src/sq_seqnn_outputs/overhead_seqnn5_basis__overhead_shared__basisY__seed47/results_overhead.csv
854,basis,overhead,shared,overhead_shared__basisY,48,basis__overhead_shared__basisY__seed48,89.76660682226212,89.7570785070785,89.05547226386807,,994,144,10,XY,y,shapelet,none,src/sq_seqnn_outputs/overhead_seqnn5_basis__overhead_shared__basisY__seed48/results_overhead.csv
986,basis,overhead,shared,overhead_shared__basisY,49,basis__overhead_shared__basisY__seed49,90.66427289048474,90.67567567567568,90.25487256371814,,994,144,10,XY,y,shapelet,none,src/sq_seqnn_outputs/overhead_seqnn5_basis__overhead_shared__basisY__seed49/results_overhead.csv
1118,basis,overhead,shared,overhead_shared__basisY,50,basis__overhead_shared__basisY__seed50,88.33034111310593,88.32368082368083,88.00599700149925,,994,144,10,XY,y,shapelet,none,src/sq_seqnn_outputs/overhead_seqnn5_basis__overhead_shared__basisY__seed50/results_overhead.csv
1250,basis,overhead,shared,overhead_shared__basisY,51,basis__overhead_shared__basisY__seed51,90.48473967684022,90.49549549549548,89.65517241379311,,994,144,10,XY,y,shapelet,none,src/sq_seqnn_outputs/overhead_seqnn5_basis__overhead_shared__basisY__seed51/results_overhead.csv
66,basis,sat6,both,sat6__basisXYZ,42,basis__sat6__basisXYZ__seed42,97.08333333333331,97.08333333333331,97.33333333333334,,1527,144,10,XX,xyz,shapelet,none,src/sq_seqnn_outputs/sat6_default_basis__sat6__basisXYZ__seed42/results_sat6.csv
198,basis,sat6,both,sat6__basisXYZ,43,basis__sat6__basisXYZ__seed43,96.08333333333331,96.08333333333331,97.91666666666666,,1527,144,10,XX,xyz,shapelet,none,src/sq_seqnn_outputs/sat6_default_basis__sat6__basisXYZ__seed43/results_sat6.csv
330,basis,sat6,both,sat6__basisXYZ,44,basis__sat6__basisXYZ__seed44,96.16666666666667,96.16666666666666,96.75,,1527,144,10,XX,xyz,shapelet,none,src/sq_seqnn_outputs/sat6_default_basis__sat6__basisXYZ__seed44/results_sat6.csv
462,basis,sat6,both,sat6__basisXYZ,45,basis__sat6__basisXYZ__seed45,96.25,96.25,96.33333333333334,,1527,144,10,XX,xyz,shapelet,none,src/sq_seqnn_outputs/sat6_default_basis__sat6__basisXYZ__seed45/results_sat6.csv
594,basis,sat6,both,sat6__basisXYZ,46,basis__sat6__basisXYZ__seed46,97.33333333333334,97.33333333333331,97.5,,1527,144,10,XX,xyz,shapelet,none,src/sq_seqnn_outputs/sat6_default_basis__sat6__basisXYZ__seed46/results_sat6.csv
726,basis,sat6,both,sat6__basisXYZ,47,basis__sat6__basisXYZ__seed47,96.91666666666666,96.91666666666666,96.08333333333331,,1527,144,10,XX,xyz,shapelet,none,src/sq_seqnn_outputs/sat6_default_basis__sat6__basisXYZ__seed47/results_sat6.csv
858,basis,sat6,both,sat6__basisXYZ,48,basis__sat6__basisXYZ__seed48,96.75,96.75,97.08333333333331,,1527,144,10,XX,xyz,shapelet,none,src/sq_seqnn_outputs/sat6_default_basis__sat6__basisXYZ__seed48/results_sat6.csv
990,basis,sat6,both,sat6__basisXYZ,49,basis__sat6__basisXYZ__seed49,96.66666666666669,96.66666666666669,96.75,,1527,144,10,XX,xyz,shapelet,none,src/sq_seqnn_outputs/sat6_default_basis__sat6__basisXYZ__seed49/results_sat6.csv
1122,basis,sat6,both,sat6__basisXYZ,50,basis__sat6__basisXYZ__seed50,95.33333333333334,95.33333333333333,96.25,,1527,144,10,XX,xyz,shapelet,none,src/sq_seqnn_outputs/sat6_default_basis__sat6__basisXYZ__seed50/results_sat6.csv
1254,basis,sat6,both,sat6__basisXYZ,51,basis__sat6__basisXYZ__seed51,95.83333333333334,95.83333333333334,96.25,,1527,144,10,XX,xyz,shapelet,none,src/sq_seqnn_outputs/sat6_default_basis__sat6__basisXYZ__seed51/results_sat6.csv
64,basis,sat6,both,sat6__basisY,42,basis__sat6__basisY__seed42,96.5,96.5,97.0,,1287,144,10,XX,y,shapelet,none,src/sq_seqnn_outputs/sat6_default_basis__sat6__basisY__seed42/results_sat6.csv
196,basis,sat6,both,sat6__basisY,43,basis__sat6__basisY__seed43,96.0,96.0,97.25,,1287,144,10,XX,y,shapelet,none,src/sq_seqnn_outputs/sat6_default_basis__sat6__basisY__seed43/results_sat6.csv
328,basis,sat6,both,sat6__basisY,44,basis__sat6__basisY__seed44,96.58333333333331,96.58333333333331,96.58333333333331,,1287,144,10,XX,y,shapelet,none,src/sq_seqnn_outputs/sat6_default_basis__sat6__basisY__seed44/results_sat6.csv
460,basis,sat6,both,sat6__basisY,45,basis__sat6__basisY__seed45,96.66666666666669,96.66666666666669,96.33333333333334,,1287,144,10,XX,y,shapelet,none,src/sq_seqnn_outputs/sat6_default_basis__sat6__basisY__seed45/results_sat6.csv
592,basis,sat6,both,sat6__basisY,46,basis__sat6__basisY__seed46,95.41666666666669,95.41666666666666,96.16666666666667,,1287,144,10,XX,y,shapelet,none,src/sq_seqnn_outputs/sat6_default_basis__sat6__basisY__seed46/results_sat6.csv
724,basis,sat6,both,sat6__basisY,47,basis__sat6__basisY__seed47,95.66666666666667,95.66666666666667,94.75,,1287,144,10,XX,y,shapelet,none,src/sq_seqnn_outputs/sat6_default_basis__sat6__basisY__seed47/results_sat6.csv
856,basis,sat6,both,sat6__basisY,48,basis__sat6__basisY__seed48,96.0,96.0,97.0,,1287,144,10,XX,y,shapelet,none,src/sq_seqnn_outputs/sat6_default_basis__sat6__basisY__seed48/results_sat6.csv
988,basis,sat6,both,sat6__basisY,49,basis__sat6__basisY__seed49,96.16666666666667,96.16666666666666,96.0,,1287,144,10,XX,y,shapelet,none,src/sq_seqnn_outputs/sat6_default_basis__sat6__basisY__seed49/results_sat6.csv
1120,basis,sat6,both,sat6__basisY,50,basis__sat6__basisY__seed50,95.25,95.25,96.83333333333334,,1287,144,10,XX,y,shapelet,none,src/sq_seqnn_outputs/sat6_default_basis__sat6__basisY__seed50/results_sat6.csv
1252,basis,sat6,both,sat6__basisY,51,basis__sat6__basisY__seed51,93.66666666666667,93.66666666666664,95.66666666666667,,1287,144,10,XX,y,shapelet,none,src/sq_seqnn_outputs/sat6_default_basis__sat6__basisY__seed51/results_sat6.csv
65,basis,sat6,both,sat6__basisZ,42,basis__sat6__basisZ__seed42,97.08333333333331,97.08333333333331,97.5,,1287,144,10,XX,z,shapelet,none,src/sq_seqnn_outputs/sat6_default_basis__sat6__basisZ__seed42/results_sat6.csv
197,basis,sat6,both,sat6__basisZ,43,basis__sat6__basisZ__seed43,94.5,94.5,96.66666666666669,,1287,144,10,XX,z,shapelet,none,src/sq_seqnn_outputs/sat6_default_basis__sat6__basisZ__seed43/results_sat6.csv
329,basis,sat6,both,sat6__basisZ,44,basis__sat6__basisZ__seed44,96.08333333333331,96.08333333333331,96.0,,1287,144,10,XX,z,shapelet,none,src/sq_seqnn_outputs/sat6_default_basis__sat6__basisZ__seed44/results_sat6.csv
461,basis,sat6,both,sat6__basisZ,45,basis__sat6__basisZ__seed45,97.58333333333333,97.58333333333333,98.16666666666669,,1287,144,10,XX,z,shapelet,none,src/sq_seqnn_outputs/sat6_default_basis__sat6__basisZ__seed45/results_sat6.csv
593,basis,sat6,both,sat6__basisZ,46,basis__sat6__basisZ__seed46,96.0,96.0,96.25,,1287,144,10,XX,z,shapelet,none,src/sq_seqnn_outputs/sat6_default_basis__sat6__basisZ__seed46/results_sat6.csv
725,basis,sat6,both,sat6__basisZ,47,basis__sat6__basisZ__seed47,96.16666666666667,96.16666666666666,95.5,,1287,144,10,XX,z,shapelet,none,src/sq_seqnn_outputs/sat6_default_basis__sat6__basisZ__seed47/results_sat6.csv
857,basis,sat6,both,sat6__basisZ,48,basis__sat6__basisZ__seed48,96.0,96.0,97.0,,1287,144,10,XX,z,shapelet,none,src/sq_seqnn_outputs/sat6_default_basis__sat6__basisZ__seed48/results_sat6.csv
989,basis,sat6,both,sat6__basisZ,49,basis__sat6__basisZ__seed49,96.41666666666666,96.41666666666669,96.08333333333331,,1287,144,10,XX,z,shapelet,none,src/sq_seqnn_outputs/sat6_default_basis__sat6__basisZ__seed49/results_sat6.csv
1121,basis,sat6,both,sat6__basisZ,50,basis__sat6__basisZ__seed50,94.41666666666669,94.41666666666669,96.0,,1287,144,10,XX,z,shapelet,none,src/sq_seqnn_outputs/sat6_default_basis__sat6__basisZ__seed50/results_sat6.csv
1253,basis,sat6,both,sat6__basisZ,51,basis__sat6__basisZ__seed51,96.58333333333331,96.58333333333331,96.25,,1287,144,10,XX,z,shapelet,none,src/sq_seqnn_outputs/sat6_default_basis__sat6__basisZ__seed51/results_sat6.csv
67,basis,so2sat,adaptive,so2sat_adaptive__basisX,42,basis__so2sat_adaptive__basisX__seed42,94.45,94.45,94.19999999999999,,899,144,10,CRY,x,global,none,src/sq_seqnn_outputs/so2sat_default_basis__so2sat_adaptive__basisX__seed42/results_so2sat.csv
199,basis,so2sat,adaptive,so2sat_adaptive__basisX,43,basis__so2sat_adaptive__basisX__seed43,94.1,94.1,94.5,,899,144,10,CRY,x,global,none,src/sq_seqnn_outputs/so2sat_default_basis__so2sat_adaptive__basisX__seed43/results_so2sat.csv
331,basis,so2sat,adaptive,so2sat_adaptive__basisX,44,basis__so2sat_adaptive__basisX__seed44,93.89999999999999,93.89999999999999,93.89999999999999,,899,144,10,CRY,x,global,none,src/sq_seqnn_outputs/so2sat_default_basis__so2sat_adaptive__basisX__seed44/results_so2sat.csv
463,basis,so2sat,adaptive,so2sat_adaptive__basisX,45,basis__so2sat_adaptive__basisX__seed45,93.60000000000001,93.60000000000001,94.55,,899,144,10,CRY,x,global,none,src/sq_seqnn_outputs/so2sat_default_basis__so2sat_adaptive__basisX__seed45/results_so2sat.csv
595,basis,so2sat,adaptive,so2sat_adaptive__basisX,46,basis__so2sat_adaptive__basisX__seed46,93.45,93.45,94.55,,899,144,10,CRY,x,global,none,src/sq_seqnn_outputs/so2sat_default_basis__so2sat_adaptive__basisX__seed46/results_so2sat.csv
727,basis,so2sat,adaptive,so2sat_adaptive__basisX,47,basis__so2sat_adaptive__basisX__seed47,94.05,94.05,94.35,,899,144,10,CRY,x,global,none,src/sq_seqnn_outputs/so2sat_default_basis__so2sat_adaptive__basisX__seed47/results_so2sat.csv
859,basis,so2sat,adaptive,so2sat_adaptive__basisX,48,basis__so2sat_adaptive__basisX__seed48,93.55,93.55,93.5,,899,144,10,CRY,x,global,none,src/sq_seqnn_outputs/so2sat_default_basis__so2sat_adaptive__basisX__seed48/results_so2sat.csv
991,basis,so2sat,adaptive,so2sat_adaptive__basisX,49,basis__so2sat_adaptive__basisX__seed49,94.25,94.25,94.65,,899,144,10,CRY,x,global,none,src/sq_seqnn_outputs/so2sat_default_basis__so2sat_adaptive__basisX__seed49/results_so2sat.csv
1123,basis,so2sat,adaptive,so2sat_adaptive__basisX,50,basis__so2sat_adaptive__basisX__seed50,94.05,94.05,93.65,,899,144,10,CRY,x,global,none,src/sq_seqnn_outputs/so2sat_default_basis__so2sat_adaptive__basisX__seed50/results_so2sat.csv
1255,basis,so2sat,adaptive,so2sat_adaptive__basisX,51,basis__so2sat_adaptive__basisX__seed51,94.95,94.95,95.1,,899,144,10,CRY,x,global,none,src/sq_seqnn_outputs/so2sat_default_basis__so2sat_adaptive__basisX__seed51/results_so2sat.csv
68,basis,so2sat,adaptive,so2sat_adaptive__basisY,42,basis__so2sat_adaptive__basisY__seed42,94.3,94.3,94.25,,899,144,10,CRY,y,global,none,src/sq_seqnn_outputs/so2sat_default_basis__so2sat_adaptive__basisY__seed42/results_so2sat.csv
200,basis,so2sat,adaptive,so2sat_adaptive__basisY,43,basis__so2sat_adaptive__basisY__seed43,94.35,94.35,94.39999999999999,,899,144,10,CRY,y,global,none,src/sq_seqnn_outputs/so2sat_default_basis__so2sat_adaptive__basisY__seed43/results_so2sat.csv
332,basis,so2sat,adaptive,so2sat_adaptive__basisY,44,basis__so2sat_adaptive__basisY__seed44,93.8,93.8,93.85,,899,144,10,CRY,y,global,none,src/sq_seqnn_outputs/so2sat_default_basis__so2sat_adaptive__basisY__seed44/results_so2sat.csv
464,basis,so2sat,adaptive,so2sat_adaptive__basisY,45,basis__so2sat_adaptive__basisY__seed45,93.45,93.45,94.05,,899,144,10,CRY,y,global,none,src/sq_seqnn_outputs/so2sat_default_basis__so2sat_adaptive__basisY__seed45/results_so2sat.csv
596,basis,so2sat,adaptive,so2sat_adaptive__basisY,46,basis__so2sat_adaptive__basisY__seed46,94.25,94.25,95.0,,899,144,10,CRY,y,global,none,src/sq_seqnn_outputs/so2sat_default_basis__so2sat_adaptive__basisY__seed46/results_so2sat.csv
728,basis,so2sat,adaptive,so2sat_adaptive__basisY,47,basis__so2sat_adaptive__basisY__seed47,93.85,93.85,93.55,,899,144,10,CRY,y,global,none,src/sq_seqnn_outputs/so2sat_default_basis__so2sat_adaptive__basisY__seed47/results_so2sat.csv
860,basis,so2sat,adaptive,so2sat_adaptive__basisY,48,basis__so2sat_adaptive__basisY__seed48,93.05,93.05,93.2,,899,144,10,CRY,y,global,none,src/sq_seqnn_outputs/so2sat_default_basis__so2sat_adaptive__basisY__seed48/results_so2sat.csv
992,basis,so2sat,adaptive,so2sat_adaptive__basisY,49,basis__so2sat_adaptive__basisY__seed49,94.1,94.1,95.0,,899,144,10,CRY,y,global,none,src/sq_seqnn_outputs/so2sat_default_basis__so2sat_adaptive__basisY__seed49/results_so2sat.csv
1124,basis,so2sat,adaptive,so2sat_adaptive__basisY,50,basis__so2sat_adaptive__basisY__seed50,94.0,94.0,94.15,,899,144,10,CRY,y,global,none,src/sq_seqnn_outputs/so2sat_default_basis__so2sat_adaptive__basisY__seed50/results_so2sat.csv
1256,basis,so2sat,adaptive,so2sat_adaptive__basisY,51,basis__so2sat_adaptive__basisY__seed51,94.55,94.55,95.05,,899,144,10,CRY,y,global,none,src/sq_seqnn_outputs/so2sat_default_basis__so2sat_adaptive__basisY__seed51/results_so2sat.csv
69,basis,so2sat,adaptive,so2sat_adaptive__basisZ,42,basis__so2sat_adaptive__basisZ__seed42,94.0,94.0,93.85,,899,144,10,CRY,z,global,none,src/sq_seqnn_outputs/so2sat_default_basis__so2sat_adaptive__basisZ__seed42/results_so2sat.csv
201,basis,so2sat,adaptive,so2sat_adaptive__basisZ,43,basis__so2sat_adaptive__basisZ__seed43,94.05,94.05,94.25,,899,144,10,CRY,z,global,none,src/sq_seqnn_outputs/so2sat_default_basis__so2sat_adaptive__basisZ__seed43/results_so2sat.csv
333,basis,so2sat,adaptive,so2sat_adaptive__basisZ,44,basis__so2sat_adaptive__basisZ__seed44,93.45,93.45,93.95,,899,144,10,CRY,z,global,none,src/sq_seqnn_outputs/so2sat_default_basis__so2sat_adaptive__basisZ__seed44/results_so2sat.csv
465,basis,so2sat,adaptive,so2sat_adaptive__basisZ,45,basis__so2sat_adaptive__basisZ__seed45,92.80000000000001,92.80000000000001,94.15,,899,144,10,CRY,z,global,none,src/sq_seqnn_outputs/so2sat_default_basis__so2sat_adaptive__basisZ__seed45/results_so2sat.csv
597,basis,so2sat,adaptive,so2sat_adaptive__basisZ,46,basis__so2sat_adaptive__basisZ__seed46,92.95,92.95,94.3,,899,144,10,CRY,z,global,none,src/sq_seqnn_outputs/so2sat_default_basis__so2sat_adaptive__basisZ__seed46/results_so2sat.csv
729,basis,so2sat,adaptive,so2sat_adaptive__basisZ,47,basis__so2sat_adaptive__basisZ__seed47,93.8,93.8,94.05,,899,144,10,CRY,z,global,none,src/sq_seqnn_outputs/so2sat_default_basis__so2sat_adaptive__basisZ__seed47/results_so2sat.csv
861,basis,so2sat,adaptive,so2sat_adaptive__basisZ,48,basis__so2sat_adaptive__basisZ__seed48,93.55,93.55,93.25,,899,144,10,CRY,z,global,none,src/sq_seqnn_outputs/so2sat_default_basis__so2sat_adaptive__basisZ__seed48/results_so2sat.csv
993,basis,so2sat,adaptive,so2sat_adaptive__basisZ,49,basis__so2sat_adaptive__basisZ__seed49,94.1,94.1,94.89999999999999,,899,144,10,CRY,z,global,none,src/sq_seqnn_outputs/so2sat_default_basis__so2sat_adaptive__basisZ__seed49/results_so2sat.csv
1125,basis,so2sat,adaptive,so2sat_adaptive__basisZ,50,basis__so2sat_adaptive__basisZ__seed50,94.05,94.05,93.85,,899,144,10,CRY,z,global,none,src/sq_seqnn_outputs/so2sat_default_basis__so2sat_adaptive__basisZ__seed50/results_so2sat.csv
1257,basis,so2sat,adaptive,so2sat_adaptive__basisZ,51,basis__so2sat_adaptive__basisZ__seed51,94.0,94.0,94.6,,899,144,10,CRY,z,global,none,src/sq_seqnn_outputs/so2sat_default_basis__so2sat_adaptive__basisZ__seed51/results_so2sat.csv
72,basis,so2sat,shared,so2sat_shared__basisXYZ,42,basis__so2sat_shared__basisXYZ__seed42,95.7,95.7,94.8,,1252,144,10,CZ,xyz,shapelet,none,src/sq_seqnn_outputs/so2sat_default_basis__so2sat_shared__basisXYZ__seed42/results_so2sat.csv
204,basis,so2sat,shared,so2sat_shared__basisXYZ,43,basis__so2sat_shared__basisXYZ__seed43,96.05,96.05,96.25,,1252,144,10,CZ,xyz,shapelet,none,src/sq_seqnn_outputs/so2sat_default_basis__so2sat_shared__basisXYZ__seed43/results_so2sat.csv
336,basis,so2sat,shared,so2sat_shared__basisXYZ,44,basis__so2sat_shared__basisXYZ__seed44,95.3,95.3,95.55,,1252,144,10,CZ,xyz,shapelet,none,src/sq_seqnn_outputs/so2sat_default_basis__so2sat_shared__basisXYZ__seed44/results_so2sat.csv
468,basis,so2sat,shared,so2sat_shared__basisXYZ,45,basis__so2sat_shared__basisXYZ__seed45,94.75,94.75,96.3,,1252,144,10,CZ,xyz,shapelet,none,src/sq_seqnn_outputs/so2sat_default_basis__so2sat_shared__basisXYZ__seed45/results_so2sat.csv
600,basis,so2sat,shared,so2sat_shared__basisXYZ,46,basis__so2sat_shared__basisXYZ__seed46,94.05,94.05,95.1,,1252,144,10,CZ,xyz,shapelet,none,src/sq_seqnn_outputs/so2sat_default_basis__so2sat_shared__basisXYZ__seed46/results_so2sat.csv
732,basis,so2sat,shared,so2sat_shared__basisXYZ,47,basis__so2sat_shared__basisXYZ__seed47,94.75,94.75,94.75,,1252,144,10,CZ,xyz,shapelet,none,src/sq_seqnn_outputs/so2sat_default_basis__so2sat_shared__basisXYZ__seed47/results_so2sat.csv
864,basis,so2sat,shared,so2sat_shared__basisXYZ,48,basis__so2sat_shared__basisXYZ__seed48,94.95,94.95,95.05,,1252,144,10,CZ,xyz,shapelet,none,src/sq_seqnn_outputs/so2sat_default_basis__so2sat_shared__basisXYZ__seed48/results_so2sat.csv
996,basis,so2sat,shared,so2sat_shared__basisXYZ,49,basis__so2sat_shared__basisXYZ__seed49,95.3,95.3,95.5,,1252,144,10,CZ,xyz,shapelet,none,src/sq_seqnn_outputs/so2sat_default_basis__so2sat_shared__basisXYZ__seed49/results_so2sat.csv
1128,basis,so2sat,shared,so2sat_shared__basisXYZ,50,basis__so2sat_shared__basisXYZ__seed50,94.8,94.8,95.55,,1252,144,10,CZ,xyz,shapelet,none,src/sq_seqnn_outputs/so2sat_default_basis__so2sat_shared__basisXYZ__seed50/results_so2sat.csv
1260,basis,so2sat,shared,so2sat_shared__basisXYZ,51,basis__so2sat_shared__basisXYZ__seed51,95.95,95.95,95.7,,1252,144,10,CZ,xyz,shapelet,none,src/sq_seqnn_outputs/so2sat_default_basis__so2sat_shared__basisXYZ__seed51/results_so2sat.csv
70,basis,so2sat,shared,so2sat_shared__basisY,42,basis__so2sat_shared__basisY__seed42,94.69999999999999,94.69999999999999,94.89999999999999,,1012,144,10,CZ,y,shapelet,none,src/sq_seqnn_outputs/so2sat_default_basis__so2sat_shared__basisY__seed42/results_so2sat.csv
202,basis,so2sat,shared,so2sat_shared__basisY,43,basis__so2sat_shared__basisY__seed43,95.75,95.75,95.7,,1012,144,10,CZ,y,shapelet,none,src/sq_seqnn_outputs/so2sat_default_basis__so2sat_shared__basisY__seed43/results_so2sat.csv
334,basis,so2sat,shared,so2sat_shared__basisY,44,basis__so2sat_shared__basisY__seed44,94.5,94.5,94.8,,1012,144,10,CZ,y,shapelet,none,src/sq_seqnn_outputs/so2sat_default_basis__so2sat_shared__basisY__seed44/results_so2sat.csv
466,basis,so2sat,shared,so2sat_shared__basisY,45,basis__so2sat_shared__basisY__seed45,95.0,95.0,96.15,,1012,144,10,CZ,y,shapelet,none,src/sq_seqnn_outputs/so2sat_default_basis__so2sat_shared__basisY__seed45/results_so2sat.csv
598,basis,so2sat,shared,so2sat_shared__basisY,46,basis__so2sat_shared__basisY__seed46,93.8,93.8,95.19999999999999,,1012,144,10,CZ,y,shapelet,none,src/sq_seqnn_outputs/so2sat_default_basis__so2sat_shared__basisY__seed46/results_so2sat.csv
730,basis,so2sat,shared,so2sat_shared__basisY,47,basis__so2sat_shared__basisY__seed47,95.05,95.05,95.35,,1012,144,10,CZ,y,shapelet,none,src/sq_seqnn_outputs/so2sat_default_basis__so2sat_shared__basisY__seed47/results_so2sat.csv
862,basis,so2sat,shared,so2sat_shared__basisY,48,basis__so2sat_shared__basisY__seed48,93.8,93.8,95.05,,1012,144,10,CZ,y,shapelet,none,src/sq_seqnn_outputs/so2sat_default_basis__so2sat_shared__basisY__seed48/results_so2sat.csv
994,basis,so2sat,shared,so2sat_shared__basisY,49,basis__so2sat_shared__basisY__seed49,94.6,94.6,95.7,,1012,144,10,CZ,y,shapelet,none,src/sq_seqnn_outputs/so2sat_default_basis__so2sat_shared__basisY__seed49/results_so2sat.csv
1126,basis,so2sat,shared,so2sat_shared__basisY,50,basis__so2sat_shared__basisY__seed50,94.6,94.6,95.25,,1012,144,10,CZ,y,shapelet,none,src/sq_seqnn_outputs/so2sat_default_basis__so2sat_shared__basisY__seed50/results_so2sat.csv
1258,basis,so2sat,shared,so2sat_shared__basisY,51,basis__so2sat_shared__basisY__seed51,95.6,95.6,95.7,,1012,144,10,CZ,y,shapelet,none,src/sq_seqnn_outputs/so2sat_default_basis__so2sat_shared__basisY__seed51/results_so2sat.csv
71,basis,so2sat,shared,so2sat_shared__basisZ,42,basis__so2sat_shared__basisZ__seed42,95.39999999999999,95.39999999999999,95.3,,1012,144,10,CZ,z,shapelet,none,src/sq_seqnn_outputs/so2sat_default_basis__so2sat_shared__basisZ__seed42/results_so2sat.csv
203,basis,so2sat,shared,so2sat_shared__basisZ,43,basis__so2sat_shared__basisZ__seed43,95.25,95.25,95.85000000000001,,1012,144,10,CZ,z,shapelet,none,src/sq_seqnn_outputs/so2sat_default_basis__so2sat_shared__basisZ__seed43/results_so2sat.csv
335,basis,so2sat,shared,so2sat_shared__basisZ,44,basis__so2sat_shared__basisZ__seed44,94.55,94.55,94.75,,1012,144,10,CZ,z,shapelet,none,src/sq_seqnn_outputs/so2sat_default_basis__so2sat_shared__basisZ__seed44/results_so2sat.csv
467,basis,so2sat,shared,so2sat_shared__basisZ,45,basis__so2sat_shared__basisZ__seed45,94.1,94.1,95.5,,1012,144,10,CZ,z,shapelet,none,src/sq_seqnn_outputs/so2sat_default_basis__so2sat_shared__basisZ__seed45/results_so2sat.csv
599,basis,so2sat,shared,so2sat_shared__basisZ,46,basis__so2sat_shared__basisZ__seed46,94.0,94.0,95.89999999999999,,1012,144,10,CZ,z,shapelet,none,src/sq_seqnn_outputs/so2sat_default_basis__so2sat_shared__basisZ__seed46/results_so2sat.csv
731,basis,so2sat,shared,so2sat_shared__basisZ,47,basis__so2sat_shared__basisZ__seed47,94.89999999999999,94.89999999999999,95.65,,1012,144,10,CZ,z,shapelet,none,src/sq_seqnn_outputs/so2sat_default_basis__so2sat_shared__basisZ__seed47/results_so2sat.csv
863,basis,so2sat,shared,so2sat_shared__basisZ,48,basis__so2sat_shared__basisZ__seed48,95.1,95.1,95.5,,1012,144,10,CZ,z,shapelet,none,src/sq_seqnn_outputs/so2sat_default_basis__so2sat_shared__basisZ__seed48/results_so2sat.csv
995,basis,so2sat,shared,so2sat_shared__basisZ,49,basis__so2sat_shared__basisZ__seed49,95.05,95.05,96.5,,1012,144,10,CZ,z,shapelet,none,src/sq_seqnn_outputs/so2sat_default_basis__so2sat_shared__basisZ__seed49/results_so2sat.csv
1127,basis,so2sat,shared,so2sat_shared__basisZ,50,basis__so2sat_shared__basisZ__seed50,94.95,94.95,95.85000000000001,,1012,144,10,CZ,z,shapelet,none,src/sq_seqnn_outputs/so2sat_default_basis__so2sat_shared__basisZ__seed50/results_so2sat.csv
1259,basis,so2sat,shared,so2sat_shared__basisZ,51,basis__so2sat_shared__basisZ__seed51,95.45,95.45,95.3,,1012,144,10,CZ,z,shapelet,none,src/sq_seqnn_outputs/so2sat_default_basis__so2sat_shared__basisZ__seed51/results_so2sat.csv
116,classical,overhead,densenet,densenet_overhead,42,classical__densenet_overhead__seed42,89.40754039497307,89.40958815958815,90.25487256371814,89.90995762711864,1995,,,,,,none,results/classical/classical__densenet_overhead__seed42/full/heavy_baseline_runs.csv
248,classical,overhead,densenet,densenet_overhead,43,classical__densenet_overhead__seed43,88.1508078994614,88.14510939510939,90.70464767616193,89.85699152542372,1995,,,,,,none,results/classical/classical__densenet_overhead__seed43/full/heavy_baseline_runs.csv
380,classical,overhead,densenet,densenet_overhead,44,classical__densenet_overhead__seed44,88.8689407540395,88.87548262548263,90.55472263868066,88.77118644067797,1995,,,,,,none,results/classical/classical__densenet_overhead__seed44/full/heavy_baseline_runs.csv
512,classical,overhead,densenet,densenet_overhead,45,classical__densenet_overhead__seed45,87.4326750448833,87.42760617760617,88.00599700149925,87.68538135593221,1995,,,,,,none,results/classical/classical__densenet_overhead__seed45/full/heavy_baseline_runs.csv
644,classical,overhead,densenet,densenet_overhead,46,classical__densenet_overhead__seed46,86.35547576301616,86.35617760617761,87.55622188905548,88.95656779661016,1995,,,,,,none,results/classical/classical__densenet_overhead__seed46/full/heavy_baseline_runs.csv
776,classical,overhead,densenet,densenet_overhead,47,classical__densenet_overhead__seed47,86.89407540394973,86.90154440154441,87.40629685157421,87.47351694915254,1995,,,,,,none,results/classical/classical__densenet_overhead__seed47/full/heavy_baseline_runs.csv
908,classical,overhead,densenet,densenet_overhead,48,classical__densenet_overhead__seed48,89.76660682226212,89.76029601029602,89.95502248875562,89.64512711864407,1995,,,,,,none,results/classical/classical__densenet_overhead__seed48/full/heavy_baseline_runs.csv
1040,classical,overhead,densenet,densenet_overhead,49,classical__densenet_overhead__seed49,90.66427289048474,90.67406692406692,90.4047976011994,89.51271186440678,1995,,,,,,none,results/classical/classical__densenet_overhead__seed49/full/heavy_baseline_runs.csv
1172,classical,overhead,densenet,densenet_overhead,50,classical__densenet_overhead__seed50,92.99820466786356,93.0019305019305,90.55472263868066,90.67796610169492,1995,,,,,,none,results/classical/classical__densenet_overhead__seed50/full/heavy_baseline_runs.csv
1304,classical,overhead,densenet,densenet_overhead,51,classical__densenet_overhead__seed51,87.4326750448833,87.42117117117117,88.6056971514243,85.80508474576271,1995,,,,,,none,results/classical/classical__densenet_overhead__seed51/full/heavy_baseline_runs.csv
117,classical,overhead,efficientnet,efficientnet_overhead,42,classical__efficientnet_overhead__seed42,77.0197486535009,77.01737451737452,77.66116941529235,76.50953389830508,1105,,,,,,none,results/classical/classical__efficientnet_overhead__seed42/full/heavy_baseline_runs.csv
249,classical,overhead,efficientnet,efficientnet_overhead,43,classical__efficientnet_overhead__seed43,83.30341113105925,83.28185328185329,85.30734632683658,85.69915254237289,1105,,,,,,none,results/classical/classical__efficientnet_overhead__seed43/full/heavy_baseline_runs.csv
381,classical,overhead,efficientnet,efficientnet_overhead,44,classical__efficientnet_overhead__seed44,79.71274685816876,79.69916344916345,80.0599700149925,79.66101694915254,1105,,,,,,none,results/classical/classical__efficientnet_overhead__seed44/full/heavy_baseline_runs.csv
513,classical,overhead,efficientnet,efficientnet_overhead,45,classical__efficientnet_overhead__seed45,76.66068222621185,76.65701415701416,73.7631184407796,75.15889830508475,1105,,,,,,none,results/classical/classical__efficientnet_overhead__seed45/full/heavy_baseline_runs.csv
645,classical,overhead,efficientnet,efficientnet_overhead,46,classical__efficientnet_overhead__seed46,72.35188509874327,72.35199485199486,76.46176911544228,75.71504237288136,1105,,,,,,none,results/classical/classical__efficientnet_overhead__seed46/full/heavy_baseline_runs.csv
777,classical,overhead,efficientnet,efficientnet_overhead,47,classical__efficientnet_overhead__seed47,77.0197486535009,77.0479407979408,75.71214392803599,76.27118644067797,1105,,,,,,none,results/classical/classical__efficientnet_overhead__seed47/full/heavy_baseline_runs.csv
909,classical,overhead,efficientnet,efficientnet_overhead,48,classical__efficientnet_overhead__seed48,74.50628366247756,74.52220077220078,74.96251874062968,74.39088983050848,1105,,,,,,none,results/classical/classical__efficientnet_overhead__seed48/full/heavy_baseline_runs.csv
1041,classical,overhead,efficientnet,efficientnet_overhead,49,classical__efficientnet_overhead__seed49,84.02154398563735,84.01544401544403,84.40779610194903,83.76588983050848,1105,,,,,,none,results/classical/classical__efficientnet_overhead__seed49/full/heavy_baseline_runs.csv
1173,classical,overhead,efficientnet,efficientnet_overhead,50,classical__efficientnet_overhead__seed50,73.96768402154399,73.96235521235522,75.41229385307346,78.46927966101694,1105,,,,,,none,results/classical/classical__efficientnet_overhead__seed50/full/heavy_baseline_runs.csv
1305,classical,overhead,efficientnet,efficientnet_overhead,51,classical__efficientnet_overhead__seed51,83.66247755834829,83.65186615186616,84.8575712143928,81.01165254237289,1105,,,,,,none,results/classical/classical__efficientnet_overhead__seed51/full/heavy_baseline_runs.csv
114,classical,overhead,resnet,resnet_overhead,42,classical__resnet_overhead__seed42,82.58527827648115,82.58204633204633,81.10944527736132,82.70656779661016,1199,,,,,,none,results/classical/classical__resnet_overhead__seed42/full/heavy_baseline_runs.csv
246,classical,overhead,resnet,resnet_overhead,43,classical__resnet_overhead__seed43,80.25134649910234,80.2429214929215,83.35832083958022,85.30190677966102,1199,,,,,,none,results/classical/classical__resnet_overhead__seed43/full/heavy_baseline_runs.csv
378,classical,overhead,resnet,resnet_overhead,44,classical__resnet_overhead__seed44,77.55834829443447,77.5466537966538,80.65967016491754,79.71398305084746,1199,,,,,,none,results/classical/classical__resnet_overhead__seed44/full/heavy_baseline_runs.csv
510,classical,overhead,resnet,resnet_overhead,45,classical__resnet_overhead__seed45,80.61041292639139,80.62097812097812,79.76011994002998,82.07097457627118,1199,,,,,,none,results/classical/classical__resnet_overhead__seed45/full/heavy_baseline_runs.csv
642,classical,overhead,resnet,resnet_overhead,46,classical__resnet_overhead__seed46,81.68761220825853,81.6827541827542,83.65817091454272,84.53389830508475,1199,,,,,,none,results/classical/classical__resnet_overhead__seed46/full/heavy_baseline_runs.csv
774,classical,overhead,resnet,resnet_overhead,47,classical__resnet_overhead__seed47,86.35547576301616,86.34652509652511,84.8575712143928,85.22245762711864,1199,,,,,,none,results/classical/classical__resnet_overhead__seed47/full/heavy_baseline_runs.csv
906,classical,overhead,resnet,resnet_overhead,48,classical__resnet_overhead__seed48,79.17414721723519,79.16505791505791,84.1079460269865,82.75953389830508,1199,,,,,,none,results/classical/classical__resnet_overhead__seed48/full/heavy_baseline_runs.csv
1038,classical,overhead,resnet,resnet_overhead,49,classical__resnet_overhead__seed49,80.07181328545781,80.09330759330759,80.8095952023988,82.41525423728814,1199,,,,,,none,results/classical/classical__resnet_overhead__seed49/full/heavy_baseline_runs.csv
1170,classical,overhead,resnet,resnet_overhead,50,classical__resnet_overhead__seed50,84.20107719928187,84.19562419562419,84.40779610194903,83.02436440677965,1199,,,,,,none,results/classical/classical__resnet_overhead__seed50/full/heavy_baseline_runs.csv
1302,classical,overhead,resnet,resnet_overhead,51,classical__resnet_overhead__seed51,80.78994614003591,80.78667953667953,84.25787106446776,82.91843220338984,1199,,,,,,none,results/classical/classical__resnet_overhead__seed51/full/heavy_baseline_runs.csv
119,classical,overhead,swin,swin_overhead,42,classical__swin_overhead__seed42,72.5314183123878,72.52574002574002,69.26536731634184,71.90148305084746,1697,,,,,,none,results/classical/classical__swin_overhead__seed42/full/heavy_baseline_runs.csv
251,classical,overhead,swin,swin_overhead,43,classical__swin_overhead__seed43,72.71095152603232,72.68822393822394,73.91304347826086,71.66313559322035,1697,,,,,,none,results/classical/classical__swin_overhead__seed43/full/heavy_baseline_runs.csv
383,classical,overhead,swin,swin_overhead,44,classical__swin_overhead__seed44,65.35008976660683,65.3587516087516,67.01649175412294,65.41313559322035,1697,,,,,,none,results/classical/classical__swin_overhead__seed44/full/heavy_baseline_runs.csv
515,classical,overhead,swin,swin_overhead,45,classical__swin_overhead__seed45,68.76122082585279,68.75804375804375,68.81559220389805,68.85593220338984,1697,,,,,,none,results/classical/classical__swin_overhead__seed45/full/heavy_baseline_runs.csv
647,classical,overhead,swin,swin_overhead,46,classical__swin_overhead__seed46,71.63375224416517,71.62483912483914,73.91304347826086,72.66949152542372,1697,,,,,,none,results/classical/classical__swin_overhead__seed46/full/heavy_baseline_runs.csv
779,classical,overhead,swin,swin_overhead,47,classical__swin_overhead__seed47,63.91382405745063,63.89800514800514,68.06596701649175,65.06885593220339,1697,,,,,,none,results/classical/classical__swin_overhead__seed47/full/heavy_baseline_runs.csv
911,classical,overhead,swin,swin_overhead,48,classical__swin_overhead__seed48,69.29982046678636,69.30984555984556,68.51574212893553,69.83580508474576,1697,,,,,,none,results/classical/classical__swin_overhead__seed48/full/heavy_baseline_runs.csv
1043,classical,overhead,swin,swin_overhead,49,classical__swin_overhead__seed49,71.45421903052065,71.44144144144144,70.91454272863568,72.64300847457628,1697,,,,,,none,results/classical/classical__swin_overhead__seed49/full/heavy_baseline_runs.csv
1175,classical,overhead,swin,swin_overhead,50,classical__swin_overhead__seed50,70.91561938958706,70.92181467181466,70.61469265367316,69.35911016949152,1697,,,,,,none,results/classical/classical__swin_overhead__seed50/full/heavy_baseline_runs.csv
1307,classical,overhead,swin,swin_overhead,51,classical__swin_overhead__seed51,59.245960502692995,59.25997425997427,57.42128935532234,59.692796610169495,1697,,,,,,none,results/classical/classical__swin_overhead__seed51/full/heavy_baseline_runs.csv
115,classical,overhead,vgg,vgg_overhead,42,classical__vgg_overhead__seed42,84.38061041292639,84.37097812097811,86.95652173913044,85.32838983050848,1499,,,,,,none,results/classical/classical__vgg_overhead__seed42/full/heavy_baseline_runs.csv
247,classical,overhead,vgg,vgg_overhead,43,classical__vgg_overhead__seed43,85.09874326750449,85.09813384813384,88.6056971514243,86.73199152542372,1499,,,,,,none,results/classical/classical__vgg_overhead__seed43/full/heavy_baseline_runs.csv
379,classical,overhead,vgg,vgg_overhead,44,classical__vgg_overhead__seed44,89.94614003590664,89.9501287001287,89.80509745127436,89.4332627118644,1499,,,,,,none,results/classical/classical__vgg_overhead__seed44/full/heavy_baseline_runs.csv
511,classical,overhead,vgg,vgg_overhead,45,classical__vgg_overhead__seed45,82.04667863554758,82.0382882882883,83.80809595202399,84.82521186440678,1499,,,,,,none,results/classical/classical__vgg_overhead__seed45/full/heavy_baseline_runs.csv
643,classical,overhead,vgg,vgg_overhead,46,classical__vgg_overhead__seed46,80.78994614003591,80.79311454311456,82.3088455772114,83.1302966101695,1499,,,,,,none,results/classical/classical__vgg_overhead__seed46/full/heavy_baseline_runs.csv
775,classical,overhead,vgg,vgg_overhead,47,classical__vgg_overhead__seed47,85.09874326750449,85.10135135135135,86.3568215892054,85.35487288135593,1499,,,,,,none,results/classical/classical__vgg_overhead__seed47/full/heavy_baseline_runs.csv
907,classical,overhead,vgg,vgg_overhead,48,classical__vgg_overhead__seed48,85.45780969479354,85.45045045045046,86.80659670164917,85.38135593220339,1499,,,,,,none,results/classical/classical__vgg_overhead__seed48/full/heavy_baseline_runs.csv
1039,classical,overhead,vgg,vgg_overhead,49,classical__vgg_overhead__seed49,88.68940754039497,88.69208494208495,87.25637181409296,87.20868644067797,1499,,,,,,none,results/classical/classical__vgg_overhead__seed49/full/heavy_baseline_runs.csv
1171,classical,overhead,vgg,vgg_overhead,50,classical__vgg_overhead__seed50,89.94614003590664,89.94530244530245,87.55622188905548,87.39406779661016,1499,,,,,,none,results/classical/classical__vgg_overhead__seed50/full/heavy_baseline_runs.csv
1303,classical,overhead,vgg,vgg_overhead,51,classical__vgg_overhead__seed51,85.63734290843806,85.62902187902189,86.80659670164917,86.28177966101694,1499,,,,,,none,results/classical/classical__vgg_overhead__seed51/full/heavy_baseline_runs.csv
118,classical,overhead,vit,vit_overhead,42,classical__vit_overhead__seed42,20.10771992818671,20.0,19.94002998500749,19.99470338983051,16066,,,,,,none,results/classical/classical__vit_overhead__seed42/full/heavy_baseline_runs.csv
250,classical,overhead,vit,vit_overhead,43,classical__vit_overhead__seed43,36.44524236983842,36.43983268983269,37.331334332833585,35.83156779661017,16066,,,,,,none,results/classical/classical__vit_overhead__seed43/full/heavy_baseline_runs.csv
382,classical,overhead,vit,vit_overhead,44,classical__vit_overhead__seed44,34.8294434470377,34.79407979407979,36.43178410794602,34.878177966101696,16066,,,,,,none,results/classical/classical__vit_overhead__seed44/full/heavy_baseline_runs.csv
514,classical,overhead,vit,vit_overhead,45,classical__vit_overhead__seed45,20.10771992818671,20.0,19.94002998500749,19.99470338983051,16066,,,,,,none,results/classical/classical__vit_overhead__seed45/full/heavy_baseline_runs.csv
646,classical,overhead,vit,vit_overhead,46,classical__vit_overhead__seed46,40.39497307001795,40.5019305019305,40.62968515742129,40.67796610169492,16066,,,,,,none,results/classical/classical__vit_overhead__seed46/full/heavy_baseline_runs.csv
778,classical,overhead,vit,vit_overhead,47,classical__vit_overhead__seed47,33.75224416517056,33.69369369369369,36.73163418290854,36.30826271186441,16066,,,,,,none,results/classical/classical__vit_overhead__seed47/full/heavy_baseline_runs.csv
910,classical,overhead,vit,vit_overhead,48,classical__vit_overhead__seed48,36.44524236983842,36.412483912483914,37.031484257871064,37.3146186440678,16066,,,,,,none,results/classical/classical__vit_overhead__seed48/full/heavy_baseline_runs.csv
1042,classical,overhead,vit,vit_overhead,49,classical__vit_overhead__seed49,37.16337522441651,37.12516087516088,36.43178410794602,36.04343220338983,16066,,,,,,none,results/classical/classical__vit_overhead__seed49/full/heavy_baseline_runs.csv
1174,classical,overhead,vit,vit_overhead,50,classical__vit_overhead__seed50,38.77917414721723,38.73391248391248,42.12893553223388,42.21398305084746,16066,,,,,,none,results/classical/classical__vit_overhead__seed50/full/heavy_baseline_runs.csv
1306,classical,overhead,vit,vit_overhead,51,classical__vit_overhead__seed51,35.00897666068223,35.13513513513513,36.13193403298351,34.95762711864407,16066,,,,,,none,results/classical/classical__vit_overhead__seed51/full/heavy_baseline_runs.csv
122,classical,sat6,densenet,densenet_sat6,42,classical__densenet_sat6__seed42,93.58333333333331,93.58333333333334,93.66666666666667,93.14285714285714,1998,,,,,,none,results/classical/classical__densenet_sat6__seed42/full/heavy_baseline_runs.csv
254,classical,sat6,densenet,densenet_sat6,43,classical__densenet_sat6__seed43,93.25,93.25,94.5,93.57142857142856,1998,,,,,,none,results/classical/classical__densenet_sat6__seed43/full/heavy_baseline_runs.csv
386,classical,sat6,densenet,densenet_sat6,44,classical__densenet_sat6__seed44,90.41666666666669,90.41666666666669,90.33333333333331,90.04761904761904,1998,,,,,,none,results/classical/classical__densenet_sat6__seed44/full/heavy_baseline_runs.csv
518,classical,sat6,densenet,densenet_sat6,45,classical__densenet_sat6__seed45,93.66666666666667,93.66666666666667,94.0,93.3095238095238,1998,,,,,,none,results/classical/classical__densenet_sat6__seed45/full/heavy_baseline_runs.csv
650,classical,sat6,densenet,densenet_sat6,46,classical__densenet_sat6__seed46,95.25,95.25,94.75,95.33333333333334,1998,,,,,,none,results/classical/classical__densenet_sat6__seed46/full/heavy_baseline_runs.csv
782,classical,sat6,densenet,densenet_sat6,47,classical__densenet_sat6__seed47,94.91666666666669,94.91666666666669,94.58333333333331,93.9047619047619,1998,,,,,,none,results/classical/classical__densenet_sat6__seed47/full/heavy_baseline_runs.csv
914,classical,sat6,densenet,densenet_sat6,48,classical__densenet_sat6__seed48,92.41666666666669,92.41666666666669,91.58333333333334,91.21428571428572,1998,,,,,,none,results/classical/classical__densenet_sat6__seed48/full/heavy_baseline_runs.csv
1046,classical,sat6,densenet,densenet_sat6,49,classical__densenet_sat6__seed49,92.58333333333331,92.58333333333331,94.33333333333334,93.78571428571428,1998,,,,,,none,results/classical/classical__densenet_sat6__seed49/full/heavy_baseline_runs.csv
1178,classical,sat6,densenet,densenet_sat6,50,classical__densenet_sat6__seed50,92.16666666666666,92.16666666666664,93.91666666666669,93.38095238095238,1998,,,,,,none,results/classical/classical__densenet_sat6__seed50/full/heavy_baseline_runs.csv
1310,classical,sat6,densenet,densenet_sat6,51,classical__densenet_sat6__seed51,94.58333333333331,94.58333333333331,94.0,93.9047619047619,1998,,,,,,none,results/classical/classical__densenet_sat6__seed51/full/heavy_baseline_runs.csv
123,classical,sat6,efficientnet,efficientnet_sat6,42,classical__efficientnet_sat6__seed42,87.58333333333333,87.58333333333334,87.5,87.59523809523809,1098,,,,,,none,results/classical/classical__efficientnet_sat6__seed42/full/heavy_baseline_runs.csv
255,classical,sat6,efficientnet,efficientnet_sat6,43,classical__efficientnet_sat6__seed43,90.5,90.5,90.5,89.69047619047619,1098,,,,,,none,results/classical/classical__efficientnet_sat6__seed43/full/heavy_baseline_runs.csv
387,classical,sat6,efficientnet,efficientnet_sat6,44,classical__efficientnet_sat6__seed44,84.83333333333334,84.83333333333333,85.66666666666667,84.54761904761905,1098,,,,,,none,results/classical/classical__efficientnet_sat6__seed44/full/heavy_baseline_runs.csv
519,classical,sat6,efficientnet,efficientnet_sat6,45,classical__efficientnet_sat6__seed45,86.58333333333333,86.58333333333333,88.5,86.0,1098,,,,,,none,results/classical/classical__efficientnet_sat6__seed45/full/heavy_baseline_runs.csv
651,classical,sat6,efficientnet,efficientnet_sat6,46,classical__efficientnet_sat6__seed46,77.83333333333333,77.83333333333333,77.5,78.30952380952381,1098,,,,,,none,results/classical/classical__efficientnet_sat6__seed46/full/heavy_baseline_runs.csv
783,classical,sat6,efficientnet,efficientnet_sat6,47,classical__efficientnet_sat6__seed47,90.5,90.5,88.58333333333334,88.40476190476191,1098,,,,,,none,results/classical/classical__efficientnet_sat6__seed47/full/heavy_baseline_runs.csv
915,classical,sat6,efficientnet,efficientnet_sat6,48,classical__efficientnet_sat6__seed48,88.91666666666667,88.91666666666667,89.5,86.97619047619047,1098,,,,,,none,results/classical/classical__efficientnet_sat6__seed48/full/heavy_baseline_runs.csv
1047,classical,sat6,efficientnet,efficientnet_sat6,49,classical__efficientnet_sat6__seed49,89.75,89.75,92.41666666666669,90.38095238095238,1098,,,,,,none,results/classical/classical__efficientnet_sat6__seed49/full/heavy_baseline_runs.csv
1179,classical,sat6,efficientnet,efficientnet_sat6,50,classical__efficientnet_sat6__seed50,85.91666666666666,85.91666666666667,86.75,86.40476190476191,1098,,,,,,none,results/classical/classical__efficientnet_sat6__seed50/full/heavy_baseline_runs.csv
1311,classical,sat6,efficientnet,efficientnet_sat6,51,classical__efficientnet_sat6__seed51,89.58333333333334,89.58333333333334,88.41666666666667,88.88095238095238,1098,,,,,,none,results/classical/classical__efficientnet_sat6__seed51/full/heavy_baseline_runs.csv
120,classical,sat6,resnet,resnet_sat6,42,classical__resnet_sat6__seed42,91.16666666666666,91.16666666666669,90.25,89.35714285714286,1203,,,,,,none,results/classical/classical__resnet_sat6__seed42/full/heavy_baseline_runs.csv
252,classical,sat6,resnet,resnet_sat6,43,classical__resnet_sat6__seed43,90.58333333333334,90.58333333333334,92.33333333333333,90.11904761904762,1203,,,,,,none,results/classical/classical__resnet_sat6__seed43/full/heavy_baseline_runs.csv
384,classical,sat6,resnet,resnet_sat6,44,classical__resnet_sat6__seed44,89.58333333333334,89.58333333333334,89.5,90.23809523809524,1203,,,,,,none,results/classical/classical__resnet_sat6__seed44/full/heavy_baseline_runs.csv
516,classical,sat6,resnet,resnet_sat6,45,classical__resnet_sat6__seed45,88.41666666666667,88.41666666666667,88.16666666666667,87.16666666666667,1203,,,,,,none,results/classical/classical__resnet_sat6__seed45/full/heavy_baseline_runs.csv
648,classical,sat6,resnet,resnet_sat6,46,classical__resnet_sat6__seed46,89.41666666666667,89.41666666666667,88.91666666666667,88.73809523809524,1203,,,,,,none,results/classical/classical__resnet_sat6__seed46/full/heavy_baseline_runs.csv
780,classical,sat6,resnet,resnet_sat6,47,classical__resnet_sat6__seed47,89.0,89.0,88.41666666666667,88.07142857142857,1203,,,,,,none,results/classical/classical__resnet_sat6__seed47/full/heavy_baseline_runs.csv
912,classical,sat6,resnet,resnet_sat6,48,classical__resnet_sat6__seed48,89.41666666666667,89.41666666666667,87.66666666666667,87.26190476190476,1203,,,,,,none,results/classical/classical__resnet_sat6__seed48/full/heavy_baseline_runs.csv
1044,classical,sat6,resnet,resnet_sat6,49,classical__resnet_sat6__seed49,90.75,90.75,92.41666666666669,90.47619047619048,1203,,,,,,none,results/classical/classical__resnet_sat6__seed49/full/heavy_baseline_runs.csv
1176,classical,sat6,resnet,resnet_sat6,50,classical__resnet_sat6__seed50,89.66666666666666,89.66666666666666,91.25,90.73809523809524,1203,,,,,,none,results/classical/classical__resnet_sat6__seed50/full/heavy_baseline_runs.csv
1308,classical,sat6,resnet,resnet_sat6,51,classical__resnet_sat6__seed51,88.75,88.75,89.66666666666666,89.59523809523809,1203,,,,,,none,results/classical/classical__resnet_sat6__seed51/full/heavy_baseline_runs.csv
125,classical,sat6,swin,swin_sat6,42,classical__swin_sat6__seed42,89.08333333333334,89.08333333333333,90.5,88.90476190476191,1700,,,,,,none,results/classical/classical__swin_sat6__seed42/full/heavy_baseline_runs.csv
257,classical,sat6,swin,swin_sat6,43,classical__swin_sat6__seed43,88.25,88.25,90.08333333333334,88.14285714285714,1700,,,,,,none,results/classical/classical__swin_sat6__seed43/full/heavy_baseline_runs.csv
389,classical,sat6,swin,swin_sat6,44,classical__swin_sat6__seed44,93.83333333333333,93.83333333333333,93.25,93.45238095238096,1700,,,,,,none,results/classical/classical__swin_sat6__seed44/full/heavy_baseline_runs.csv
521,classical,sat6,swin,swin_sat6,45,classical__swin_sat6__seed45,90.0,90.0,91.41666666666669,90.04761904761904,1700,,,,,,none,results/classical/classical__swin_sat6__seed45/full/heavy_baseline_runs.csv
653,classical,sat6,swin,swin_sat6,46,classical__swin_sat6__seed46,93.66666666666667,93.66666666666667,92.83333333333333,92.54761904761905,1700,,,,,,none,results/classical/classical__swin_sat6__seed46/full/heavy_baseline_runs.csv
785,classical,sat6,swin,swin_sat6,47,classical__swin_sat6__seed47,91.83333333333333,91.83333333333333,91.16666666666666,91.38095238095238,1700,,,,,,none,results/classical/classical__swin_sat6__seed47/full/heavy_baseline_runs.csv
917,classical,sat6,swin,swin_sat6,48,classical__swin_sat6__seed48,92.08333333333331,92.08333333333334,93.25,91.0952380952381,1700,,,,,,none,results/classical/classical__swin_sat6__seed48/full/heavy_baseline_runs.csv
1049,classical,sat6,swin,swin_sat6,49,classical__swin_sat6__seed49,89.58333333333334,89.58333333333334,92.33333333333333,91.04761904761904,1700,,,,,,none,results/classical/classical__swin_sat6__seed49/full/heavy_baseline_runs.csv
1181,classical,sat6,swin,swin_sat6,50,classical__swin_sat6__seed50,89.58333333333334,89.58333333333334,91.25,91.5,1700,,,,,,none,results/classical/classical__swin_sat6__seed50/full/heavy_baseline_runs.csv
1313,classical,sat6,swin,swin_sat6,51,classical__swin_sat6__seed51,93.0,92.99999999999999,93.5,92.92857142857144,1700,,,,,,none,results/classical/classical__swin_sat6__seed51/full/heavy_baseline_runs.csv
121,classical,sat6,vgg,vgg_sat6,42,classical__vgg_sat6__seed42,89.66666666666666,89.66666666666666,89.08333333333334,88.14285714285714,1494,,,,,,none,results/classical/classical__vgg_sat6__seed42/full/heavy_baseline_runs.csv
253,classical,sat6,vgg,vgg_sat6,43,classical__vgg_sat6__seed43,91.75,91.75,92.66666666666666,91.92857142857143,1494,,,,,,none,results/classical/classical__vgg_sat6__seed43/full/heavy_baseline_runs.csv
385,classical,sat6,vgg,vgg_sat6,44,classical__vgg_sat6__seed44,92.25,92.25,91.75,91.71428571428571,1494,,,,,,none,results/classical/classical__vgg_sat6__seed44/full/heavy_baseline_runs.csv
517,classical,sat6,vgg,vgg_sat6,45,classical__vgg_sat6__seed45,89.41666666666667,89.41666666666667,90.66666666666666,89.59523809523809,1494,,,,,,none,results/classical/classical__vgg_sat6__seed45/full/heavy_baseline_runs.csv
649,classical,sat6,vgg,vgg_sat6,46,classical__vgg_sat6__seed46,89.25,89.25,88.91666666666667,89.35714285714286,1494,,,,,,none,results/classical/classical__vgg_sat6__seed46/full/heavy_baseline_runs.csv
781,classical,sat6,vgg,vgg_sat6,47,classical__vgg_sat6__seed47,91.58333333333334,91.58333333333334,91.16666666666666,90.40476190476193,1494,,,,,,none,results/classical/classical__vgg_sat6__seed47/full/heavy_baseline_runs.csv
913,classical,sat6,vgg,vgg_sat6,48,classical__vgg_sat6__seed48,90.0,90.0,91.5,88.85714285714286,1494,,,,,,none,results/classical/classical__vgg_sat6__seed48/full/heavy_baseline_runs.csv
1045,classical,sat6,vgg,vgg_sat6,49,classical__vgg_sat6__seed49,86.16666666666667,86.16666666666667,88.25,86.59523809523809,1494,,,,,,none,results/classical/classical__vgg_sat6__seed49/full/heavy_baseline_runs.csv
1177,classical,sat6,vgg,vgg_sat6,50,classical__vgg_sat6__seed50,91.08333333333334,91.08333333333331,90.83333333333331,91.3095238095238,1494,,,,,,none,results/classical/classical__vgg_sat6__seed50/full/heavy_baseline_runs.csv
1309,classical,sat6,vgg,vgg_sat6,51,classical__vgg_sat6__seed51,84.58333333333333,84.58333333333333,86.91666666666666,87.33333333333333,1494,,,,,,none,results/classical/classical__vgg_sat6__seed51/full/heavy_baseline_runs.csv
124,classical,sat6,vit,vit_sat6,42,classical__vit_sat6__seed42,33.08333333333333,33.08333333333333,33.5,32.97619047619047,16308,,,,,,none,results/classical/classical__vit_sat6__seed42/full/heavy_baseline_runs.csv
256,classical,sat6,vit,vit_sat6,43,classical__vit_sat6__seed43,33.33333333333333,33.33333333333333,33.33333333333333,33.33333333333333,16308,,,,,,none,results/classical/classical__vit_sat6__seed43/full/heavy_baseline_runs.csv
388,classical,sat6,vit,vit_sat6,44,classical__vit_sat6__seed44,28.83333333333333,28.83333333333333,29.166666666666668,28.76190476190476,16308,,,,,,none,results/classical/classical__vit_sat6__seed44/full/heavy_baseline_runs.csv
520,classical,sat6,vit,vit_sat6,45,classical__vit_sat6__seed45,44.16666666666666,44.16666666666666,43.66666666666666,44.30952380952381,16308,,,,,,none,results/classical/classical__vit_sat6__seed45/full/heavy_baseline_runs.csv
652,classical,sat6,vit,vit_sat6,46,classical__vit_sat6__seed46,32.16666666666666,32.16666666666667,32.0,31.64285714285714,16308,,,,,,none,results/classical/classical__vit_sat6__seed46/full/heavy_baseline_runs.csv
784,classical,sat6,vit,vit_sat6,47,classical__vit_sat6__seed47,33.0,33.0,32.5,32.92857142857143,16308,,,,,,none,results/classical/classical__vit_sat6__seed47/full/heavy_baseline_runs.csv
916,classical,sat6,vit,vit_sat6,48,classical__vit_sat6__seed48,44.83333333333333,44.83333333333333,46.25,45.95238095238095,16308,,,,,,none,results/classical/classical__vit_sat6__seed48/full/heavy_baseline_runs.csv
1048,classical,sat6,vit,vit_sat6,49,classical__vit_sat6__seed49,32.83333333333333,32.83333333333333,32.33333333333333,32.64285714285714,16308,,,,,,none,results/classical/classical__vit_sat6__seed49/full/heavy_baseline_runs.csv
1180,classical,sat6,vit,vit_sat6,50,classical__vit_sat6__seed50,46.25,46.24999999999999,46.916666666666664,45.26190476190476,16308,,,,,,none,results/classical/classical__vit_sat6__seed50/full/heavy_baseline_runs.csv
1312,classical,sat6,vit,vit_sat6,51,classical__vit_sat6__seed51,33.33333333333333,33.33333333333333,33.33333333333333,33.30952380952381,16308,,,,,,none,results/classical/classical__vit_sat6__seed51/full/heavy_baseline_runs.csv
128,classical,so2sat,densenet,densenet_so2sat,42,classical__densenet_so2sat__seed42,94.1,94.1,94.15,94.63333333333334,2003,,,,,,none,results/classical/classical__densenet_so2sat__seed42/full/heavy_baseline_runs.csv
260,classical,so2sat,densenet,densenet_so2sat,43,classical__densenet_so2sat__seed43,93.65,93.65,94.6,94.51666666666668,2003,,,,,,none,results/classical/classical__densenet_so2sat__seed43/full/heavy_baseline_runs.csv
392,classical,so2sat,densenet,densenet_so2sat,44,classical__densenet_so2sat__seed44,93.05,93.05,93.55,93.53333333333332,2003,,,,,,none,results/classical/classical__densenet_so2sat__seed44/full/heavy_baseline_runs.csv
524,classical,so2sat,densenet,densenet_so2sat,45,classical__densenet_so2sat__seed45,92.45,92.45,94.5,94.31666666666668,2003,,,,,,none,results/classical/classical__densenet_so2sat__seed45/full/heavy_baseline_runs.csv
656,classical,so2sat,densenet,densenet_so2sat,46,classical__densenet_so2sat__seed46,93.05,93.05,93.7,93.31666666666668,2003,,,,,,none,results/classical/classical__densenet_so2sat__seed46/full/heavy_baseline_runs.csv
788,classical,so2sat,densenet,densenet_so2sat,47,classical__densenet_so2sat__seed47,93.2,93.2,93.45,92.86666666666666,2003,,,,,,none,results/classical/classical__densenet_so2sat__seed47/full/heavy_baseline_runs.csv
920,classical,so2sat,densenet,densenet_so2sat,48,classical__densenet_so2sat__seed48,93.25,93.25,93.7,93.68333333333332,2003,,,,,,none,results/classical/classical__densenet_so2sat__seed48/full/heavy_baseline_runs.csv
1052,classical,so2sat,densenet,densenet_so2sat,49,classical__densenet_so2sat__seed49,94.39999999999999,94.39999999999999,93.55,93.83333333333333,2003,,,,,,none,results/classical/classical__densenet_so2sat__seed49/full/heavy_baseline_runs.csv
1184,classical,so2sat,densenet,densenet_so2sat,50,classical__densenet_so2sat__seed50,93.0,93.0,93.2,93.45,2003,,,,,,none,results/classical/classical__densenet_so2sat__seed50/full/heavy_baseline_runs.csv
1316,classical,so2sat,densenet,densenet_so2sat,51,classical__densenet_so2sat__seed51,94.85,94.85,94.3,93.85,2003,,,,,,none,results/classical/classical__densenet_so2sat__seed51/full/heavy_baseline_runs.csv
129,classical,so2sat,efficientnet,efficientnet_so2sat,42,classical__efficientnet_so2sat__seed42,91.3,91.3,91.3,91.91666666666669,1101,,,,,,none,results/classical/classical__efficientnet_so2sat__seed42/full/heavy_baseline_runs.csv
261,classical,so2sat,efficientnet,efficientnet_so2sat,43,classical__efficientnet_so2sat__seed43,89.64999999999999,89.64999999999999,90.0,90.21666666666668,1101,,,,,,none,results/classical/classical__efficientnet_so2sat__seed43/full/heavy_baseline_runs.csv
393,classical,so2sat,efficientnet,efficientnet_so2sat,44,classical__efficientnet_so2sat__seed44,89.75,89.75,90.55,90.38333333333334,1101,,,,,,none,results/classical/classical__efficientnet_so2sat__seed44/full/heavy_baseline_runs.csv
525,classical,so2sat,efficientnet,efficientnet_so2sat,45,classical__efficientnet_so2sat__seed45,89.1,89.1,92.10000000000001,91.61666666666667,1101,,,,,,none,results/classical/classical__efficientnet_so2sat__seed45/full/heavy_baseline_runs.csv
657,classical,so2sat,efficientnet,efficientnet_so2sat,46,classical__efficientnet_so2sat__seed46,90.8,90.8,91.25,91.25,1101,,,,,,none,results/classical/classical__efficientnet_so2sat__seed46/full/heavy_baseline_runs.csv
789,classical,so2sat,efficientnet,efficientnet_so2sat,47,classical__efficientnet_so2sat__seed47,89.25,89.24999999999999,86.9,89.13333333333333,1101,,,,,,none,results/classical/classical__efficientnet_so2sat__seed47/full/heavy_baseline_runs.csv
921,classical,so2sat,efficientnet,efficientnet_so2sat,48,classical__efficientnet_so2sat__seed48,90.45,90.45,91.14999999999999,90.9,1101,,,,,,none,results/classical/classical__efficientnet_so2sat__seed48/full/heavy_baseline_runs.csv
1053,classical,so2sat,efficientnet,efficientnet_so2sat,49,classical__efficientnet_so2sat__seed49,90.05,90.05000000000001,89.9,89.73333333333333,1101,,,,,,none,results/classical/classical__efficientnet_so2sat__seed49/full/heavy_baseline_runs.csv
1185,classical,so2sat,efficientnet,efficientnet_so2sat,50,classical__efficientnet_so2sat__seed50,88.9,88.9,90.75,89.56666666666668,1101,,,,,,none,results/classical/classical__efficientnet_so2sat__seed50/full/heavy_baseline_runs.csv
1317,classical,so2sat,efficientnet,efficientnet_so2sat,51,classical__efficientnet_so2sat__seed51,91.25,91.25,91.55,91.31666666666668,1101,,,,,,none,results/classical/classical__efficientnet_so2sat__seed51/full/heavy_baseline_runs.csv
126,classical,so2sat,resnet,resnet_so2sat,42,classical__resnet_so2sat__seed42,92.80000000000001,92.80000000000001,92.55,92.78333333333332,1199,,,,,,none,results/classical/classical__resnet_so2sat__seed42/full/heavy_baseline_runs.csv
258,classical,so2sat,resnet,resnet_so2sat,43,classical__resnet_so2sat__seed43,92.30000000000001,92.30000000000001,92.75,92.61666666666667,1199,,,,,,none,results/classical/classical__resnet_so2sat__seed43/full/heavy_baseline_runs.csv
390,classical,so2sat,resnet,resnet_so2sat,44,classical__resnet_so2sat__seed44,92.65,92.65,92.9,93.08333333333331,1199,,,,,,none,results/classical/classical__resnet_so2sat__seed44/full/heavy_baseline_runs.csv
522,classical,so2sat,resnet,resnet_so2sat,45,classical__resnet_so2sat__seed45,91.05,91.05,92.80000000000001,92.51666666666668,1199,,,,,,none,results/classical/classical__resnet_so2sat__seed45/full/heavy_baseline_runs.csv
654,classical,so2sat,resnet,resnet_so2sat,46,classical__resnet_so2sat__seed46,92.0,92.0,92.25,92.01666666666668,1199,,,,,,none,results/classical/classical__resnet_so2sat__seed46/full/heavy_baseline_runs.csv
786,classical,so2sat,resnet,resnet_so2sat,47,classical__resnet_so2sat__seed47,93.89999999999999,93.89999999999998,93.2,93.18333333333332,1199,,,,,,none,results/classical/classical__resnet_so2sat__seed47/full/heavy_baseline_runs.csv
918,classical,so2sat,resnet,resnet_so2sat,48,classical__resnet_so2sat__seed48,90.25,90.25,90.8,91.61666666666667,1199,,,,,,none,results/classical/classical__resnet_so2sat__seed48/full/heavy_baseline_runs.csv
1050,classical,so2sat,resnet,resnet_so2sat,49,classical__resnet_so2sat__seed49,91.60000000000001,91.60000000000001,92.05,91.76666666666667,1199,,,,,,none,results/classical/classical__resnet_so2sat__seed49/full/heavy_baseline_runs.csv
1182,classical,so2sat,resnet,resnet_so2sat,50,classical__resnet_so2sat__seed50,77.7,77.7,78.64999999999999,79.14999999999999,1199,,,,,,none,results/classical/classical__resnet_so2sat__seed50/full/heavy_baseline_runs.csv
1314,classical,so2sat,resnet,resnet_so2sat,51,classical__resnet_so2sat__seed51,91.2,91.2,91.35,91.18333333333334,1199,,,,,,none,results/classical/classical__resnet_so2sat__seed51/full/heavy_baseline_runs.csv
131,classical,so2sat,swin,swin_so2sat,42,classical__swin_so2sat__seed42,92.0,92.0,91.25,92.13333333333333,1699,,,,,,none,results/classical/classical__swin_so2sat__seed42/full/heavy_baseline_runs.csv
263,classical,so2sat,swin,swin_so2sat,43,classical__swin_so2sat__seed43,92.10000000000001,92.10000000000001,92.7,92.81666666666668,1699,,,,,,none,results/classical/classical__swin_so2sat__seed43/full/heavy_baseline_runs.csv
395,classical,so2sat,swin,swin_so2sat,44,classical__swin_so2sat__seed44,91.35,91.35,92.30000000000001,91.9,1699,,,,,,none,results/classical/classical__swin_so2sat__seed44/full/heavy_baseline_runs.csv
527,classical,so2sat,swin,swin_so2sat,45,classical__swin_so2sat__seed45,89.9,89.9,92.45,92.36666666666666,1699,,,,,,none,results/classical/classical__swin_so2sat__seed45/full/heavy_baseline_runs.csv
659,classical,so2sat,swin,swin_so2sat,46,classical__swin_so2sat__seed46,90.05,90.05000000000001,91.14999999999999,90.85,1699,,,,,,none,results/classical/classical__swin_so2sat__seed46/full/heavy_baseline_runs.csv
791,classical,so2sat,swin,swin_so2sat,47,classical__swin_so2sat__seed47,91.10000000000001,91.10000000000001,90.75,90.64999999999999,1699,,,,,,none,results/classical/classical__swin_so2sat__seed47/full/heavy_baseline_runs.csv
923,classical,so2sat,swin,swin_so2sat,48,classical__swin_so2sat__seed48,90.14999999999999,90.14999999999999,90.8,90.86666666666666,1699,,,,,,none,results/classical/classical__swin_so2sat__seed48/full/heavy_baseline_runs.csv
1055,classical,so2sat,swin,swin_so2sat,49,classical__swin_so2sat__seed49,91.0,91.0,90.95,90.63333333333333,1699,,,,,,none,results/classical/classical__swin_so2sat__seed49/full/heavy_baseline_runs.csv
1187,classical,so2sat,swin,swin_so2sat,50,classical__swin_so2sat__seed50,88.7,88.70000000000002,91.8,90.93333333333332,1699,,,,,,none,results/classical/classical__swin_so2sat__seed50/full/heavy_baseline_runs.csv
1319,classical,so2sat,swin,swin_so2sat,51,classical__swin_so2sat__seed51,91.64999999999999,91.64999999999999,90.45,91.45,1699,,,,,,none,results/classical/classical__swin_so2sat__seed51/full/heavy_baseline_runs.csv
127,classical,so2sat,vgg,vgg_so2sat,42,classical__vgg_so2sat__seed42,93.45,93.45,93.55,93.88333333333333,1496,,,,,,none,results/classical/classical__vgg_so2sat__seed42/full/heavy_baseline_runs.csv
259,classical,so2sat,vgg,vgg_so2sat,43,classical__vgg_so2sat__seed43,93.15,93.15,92.85,93.21666666666668,1496,,,,,,none,results/classical/classical__vgg_so2sat__seed43/full/heavy_baseline_runs.csv
391,classical,so2sat,vgg,vgg_so2sat,44,classical__vgg_so2sat__seed44,92.45,92.45,91.60000000000001,91.76666666666667,1496,,,,,,none,results/classical/classical__vgg_so2sat__seed44/full/heavy_baseline_runs.csv
523,classical,so2sat,vgg,vgg_so2sat,45,classical__vgg_so2sat__seed45,91.2,91.2,93.2,93.0,1496,,,,,,none,results/classical/classical__vgg_so2sat__seed45/full/heavy_baseline_runs.csv
655,classical,so2sat,vgg,vgg_so2sat,46,classical__vgg_so2sat__seed46,92.10000000000001,92.10000000000001,92.25,91.66666666666666,1496,,,,,,none,results/classical/classical__vgg_so2sat__seed46/full/heavy_baseline_runs.csv
787,classical,so2sat,vgg,vgg_so2sat,47,classical__vgg_so2sat__seed47,89.7,89.7,89.35,90.01666666666667,1496,,,,,,none,results/classical/classical__vgg_so2sat__seed47/full/heavy_baseline_runs.csv
919,classical,so2sat,vgg,vgg_so2sat,48,classical__vgg_so2sat__seed48,92.2,92.2,91.7,92.08333333333331,1496,,,,,,none,results/classical/classical__vgg_so2sat__seed48/full/heavy_baseline_runs.csv
1051,classical,so2sat,vgg,vgg_so2sat,49,classical__vgg_so2sat__seed49,92.75,92.75,93.2,92.73333333333332,1496,,,,,,none,results/classical/classical__vgg_so2sat__seed49/full/heavy_baseline_runs.csv
1183,classical,so2sat,vgg,vgg_so2sat,50,classical__vgg_so2sat__seed50,91.25,91.25,93.55,92.71666666666668,1496,,,,,,none,results/classical/classical__vgg_so2sat__seed50/full/heavy_baseline_runs.csv
1315,classical,so2sat,vgg,vgg_so2sat,51,classical__vgg_so2sat__seed51,93.25,93.25,93.7,93.60000000000001,1496,,,,,,none,results/classical/classical__vgg_so2sat__seed51/full/heavy_baseline_runs.csv
130,classical,so2sat,vit,vit_so2sat,42,classical__vit_so2sat__seed42,38.75,38.75,38.5,38.56666666666666,16306,,,,,,none,results/classical/classical__vit_so2sat__seed42/full/heavy_baseline_runs.csv
262,classical,so2sat,vit,vit_so2sat,43,classical__vit_so2sat__seed43,38.550000000000004,38.550000000000004,38.7,38.71666666666666,16306,,,,,,none,results/classical/classical__vit_so2sat__seed43/full/heavy_baseline_runs.csv
394,classical,so2sat,vit,vit_so2sat,44,classical__vit_so2sat__seed44,40.0,40.0,39.900000000000006,39.733333333333334,16306,,,,,,none,results/classical/classical__vit_so2sat__seed44/full/heavy_baseline_runs.csv
526,classical,so2sat,vit,vit_so2sat,45,classical__vit_so2sat__seed45,55.7,55.7,56.65,56.28333333333333,16306,,,,,,none,results/classical/classical__vit_so2sat__seed45/full/heavy_baseline_runs.csv
658,classical,so2sat,vit,vit_so2sat,46,classical__vit_so2sat__seed46,39.35,39.35,39.75,39.7,16306,,,,,,none,results/classical/classical__vit_so2sat__seed46/full/heavy_baseline_runs.csv
790,classical,so2sat,vit,vit_so2sat,47,classical__vit_so2sat__seed47,20.0,20.0,20.0,20.0,16306,,,,,,none,results/classical/classical__vit_so2sat__seed47/full/heavy_baseline_runs.csv
922,classical,so2sat,vit,vit_so2sat,48,classical__vit_so2sat__seed48,48.9,48.9,48.199999999999996,49.4,16306,,,,,,none,results/classical/classical__vit_so2sat__seed48/full/heavy_baseline_runs.csv
1054,classical,so2sat,vit,vit_so2sat,49,classical__vit_so2sat__seed49,56.8,56.8,57.05,56.93333333333334,16306,,,,,,none,results/classical/classical__vit_so2sat__seed49/full/heavy_baseline_runs.csv
1186,classical,so2sat,vit,vit_so2sat,50,classical__vit_so2sat__seed50,20.0,20.0,20.0,20.0,16306,,,,,,none,results/classical/classical__vit_so2sat__seed50/full/heavy_baseline_runs.csv
1318,classical,so2sat,vit,vit_so2sat,51,classical__vit_so2sat__seed51,66.9,66.9,67.10000000000001,65.76666666666667,16306,,,,,,none,results/classical/classical__vit_so2sat__seed51/full/heavy_baseline_runs.csv
73,fusion,overhead,adaptive,overhead_adaptive__quantum_only,42,fusion__overhead_adaptive__quantum_only__seed42,84.38061041292639,84.36615186615187,79.46026986506747,,871,112,8,CX,x,conv,quantum_only,src/sq_seqnn_outputs/overhead_seqnn5_fusion__overhead_adaptive__quantum_only__seed42/results_overhead.csv
205,fusion,overhead,adaptive,overhead_adaptive__quantum_only,43,fusion__overhead_adaptive__quantum_only__seed43,88.68940754039497,88.67599742599744,87.70614692653673,,871,112,8,CX,x,conv,quantum_only,src/sq_seqnn_outputs/overhead_seqnn5_fusion__overhead_adaptive__quantum_only__seed43/results_overhead.csv
337,fusion,overhead,adaptive,overhead_adaptive__quantum_only,44,fusion__overhead_adaptive__quantum_only__seed44,90.84380610412927,90.8381595881596,84.40779610194903,,871,112,8,CX,x,conv,quantum_only,src/sq_seqnn_outputs/overhead_seqnn5_fusion__overhead_adaptive__quantum_only__seed44/results_overhead.csv
469,fusion,overhead,adaptive,overhead_adaptive__quantum_only,45,fusion__overhead_adaptive__quantum_only__seed45,89.76660682226212,89.76190476190476,86.20689655172413,,871,112,8,CX,x,conv,quantum_only,src/sq_seqnn_outputs/overhead_seqnn5_fusion__overhead_adaptive__quantum_only__seed45/results_overhead.csv
601,fusion,overhead,adaptive,overhead_adaptive__quantum_only,46,fusion__overhead_adaptive__quantum_only__seed46,78.81508078994614,78.83848133848133,76.16191904047976,,871,112,8,CX,x,conv,quantum_only,src/sq_seqnn_outputs/overhead_seqnn5_fusion__overhead_adaptive__quantum_only__seed46/results_overhead.csv
733,fusion,overhead,adaptive,overhead_adaptive__quantum_only,47,fusion__overhead_adaptive__quantum_only__seed47,85.99640933572711,85.99742599742599,80.8095952023988,,871,112,8,CX,x,conv,quantum_only,src/sq_seqnn_outputs/overhead_seqnn5_fusion__overhead_adaptive__quantum_only__seed47/results_overhead.csv
865,fusion,overhead,adaptive,overhead_adaptive__quantum_only,48,fusion__overhead_adaptive__quantum_only__seed48,66.42728904847397,66.42213642213642,66.86656671664169,,871,112,8,CX,x,conv,quantum_only,src/sq_seqnn_outputs/overhead_seqnn5_fusion__overhead_adaptive__quantum_only__seed48/results_overhead.csv
997,fusion,overhead,adaptive,overhead_adaptive__quantum_only,49,fusion__overhead_adaptive__quantum_only__seed49,85.81687612208259,85.82368082368083,82.45877061469265,,871,112,8,CX,x,conv,quantum_only,src/sq_seqnn_outputs/overhead_seqnn5_fusion__overhead_adaptive__quantum_only__seed49/results_overhead.csv
1129,fusion,overhead,adaptive,overhead_adaptive__quantum_only,50,fusion__overhead_adaptive__quantum_only__seed50,90.66427289048474,90.65315315315317,88.9055472263868,,871,112,8,CX,x,conv,quantum_only,src/sq_seqnn_outputs/overhead_seqnn5_fusion__overhead_adaptive__quantum_only__seed50/results_overhead.csv
1261,fusion,overhead,adaptive,overhead_adaptive__quantum_only,51,fusion__overhead_adaptive__quantum_only__seed51,91.20287253141832,91.2001287001287,89.80509745127436,,871,112,8,CX,x,conv,quantum_only,src/sq_seqnn_outputs/overhead_seqnn5_fusion__overhead_adaptive__quantum_only__seed51/results_overhead.csv
74,fusion,overhead,shared,overhead_shared__quantum_only,42,fusion__overhead_shared__quantum_only__seed42,85.63734290843806,85.62741312741313,86.05697151424287,,586,144,10,XY,z,shapelet,quantum_only,src/sq_seqnn_outputs/overhead_seqnn5_fusion__overhead_shared__quantum_only__seed42/results_overhead.csv
206,fusion,overhead,shared,overhead_shared__quantum_only,43,fusion__overhead_shared__quantum_only__seed43,86.71454219030521,86.70849420849422,87.85607196401799,,586,144,10,XY,z,shapelet,quantum_only,src/sq_seqnn_outputs/overhead_seqnn5_fusion__overhead_shared__quantum_only__seed43/results_overhead.csv
338,fusion,overhead,shared,overhead_shared__quantum_only,44,fusion__overhead_shared__quantum_only__seed44,85.09874326750449,85.10135135135135,87.40629685157421,,586,144,10,XY,z,shapelet,quantum_only,src/sq_seqnn_outputs/overhead_seqnn5_fusion__overhead_shared__quantum_only__seed44/results_overhead.csv
470,fusion,overhead,shared,overhead_shared__quantum_only,45,fusion__overhead_shared__quantum_only__seed45,86.89407540394973,86.89671814671816,86.80659670164917,,586,144,10,XY,z,shapelet,quantum_only,src/sq_seqnn_outputs/overhead_seqnn5_fusion__overhead_shared__quantum_only__seed45/results_overhead.csv
602,fusion,overhead,shared,overhead_shared__quantum_only,46,fusion__overhead_shared__quantum_only__seed46,87.4326750448833,87.42599742599741,86.65667166416792,,586,144,10,XY,z,shapelet,quantum_only,src/sq_seqnn_outputs/overhead_seqnn5_fusion__overhead_shared__quantum_only__seed46/results_overhead.csv
734,fusion,overhead,shared,overhead_shared__quantum_only,47,fusion__overhead_shared__quantum_only__seed47,84.56014362657092,84.55276705276707,88.1559220389805,,586,144,10,XY,z,shapelet,quantum_only,src/sq_seqnn_outputs/overhead_seqnn5_fusion__overhead_shared__quantum_only__seed47/results_overhead.csv
866,fusion,overhead,shared,overhead_shared__quantum_only,48,fusion__overhead_shared__quantum_only__seed48,86.17594254937163,86.16634491634493,87.85607196401799,,586,144,10,XY,z,shapelet,quantum_only,src/sq_seqnn_outputs/overhead_seqnn5_fusion__overhead_shared__quantum_only__seed48/results_overhead.csv
998,fusion,overhead,shared,overhead_shared__quantum_only,49,fusion__overhead_shared__quantum_only__seed49,87.25314183123878,87.25546975546976,87.25637181409296,,586,144,10,XY,z,shapelet,quantum_only,src/sq_seqnn_outputs/overhead_seqnn5_fusion__overhead_shared__quantum_only__seed49/results_overhead.csv
1130,fusion,overhead,shared,overhead_shared__quantum_only,50,fusion__overhead_shared__quantum_only__seed50,84.73967684021544,84.7506435006435,86.05697151424287,,586,144,10,XY,z,shapelet,quantum_only,src/sq_seqnn_outputs/overhead_seqnn5_fusion__overhead_shared__quantum_only__seed50/results_overhead.csv
1262,fusion,overhead,shared,overhead_shared__quantum_only,51,fusion__overhead_shared__quantum_only__seed51,89.94614003590664,89.9404761904762,88.45577211394303,,586,144,10,XY,z,shapelet,quantum_only,src/sq_seqnn_outputs/overhead_seqnn5_fusion__overhead_shared__quantum_only__seed51/results_overhead.csv
75,fusion,sat6,both,sat6__quantum_only,42,fusion__sat6__quantum_only__seed42,95.5,95.5,96.25,,735,144,10,XX,x,shapelet,quantum_only,src/sq_seqnn_outputs/sat6_default_fusion__sat6__quantum_only__seed42/results_sat6.csv
207,fusion,sat6,both,sat6__quantum_only,43,fusion__sat6__quantum_only__seed43,95.66666666666667,95.66666666666667,97.0,,735,144,10,XX,x,shapelet,quantum_only,src/sq_seqnn_outputs/sat6_default_fusion__sat6__quantum_only__seed43/results_sat6.csv
339,fusion,sat6,both,sat6__quantum_only,44,fusion__sat6__quantum_only__seed44,95.83333333333334,95.83333333333334,96.75,,735,144,10,XX,x,shapelet,quantum_only,src/sq_seqnn_outputs/sat6_default_fusion__sat6__quantum_only__seed44/results_sat6.csv
471,fusion,sat6,both,sat6__quantum_only,45,fusion__sat6__quantum_only__seed45,96.75,96.75,96.58333333333331,,735,144,10,XX,x,shapelet,quantum_only,src/sq_seqnn_outputs/sat6_default_fusion__sat6__quantum_only__seed45/results_sat6.csv
603,fusion,sat6,both,sat6__quantum_only,46,fusion__sat6__quantum_only__seed46,95.25,95.25,95.08333333333331,,735,144,10,XX,x,shapelet,quantum_only,src/sq_seqnn_outputs/sat6_default_fusion__sat6__quantum_only__seed46/results_sat6.csv
735,fusion,sat6,both,sat6__quantum_only,47,fusion__sat6__quantum_only__seed47,96.58333333333331,96.58333333333331,96.16666666666667,,735,144,10,XX,x,shapelet,quantum_only,src/sq_seqnn_outputs/sat6_default_fusion__sat6__quantum_only__seed47/results_sat6.csv
867,fusion,sat6,both,sat6__quantum_only,48,fusion__sat6__quantum_only__seed48,95.58333333333331,95.58333333333334,96.91666666666666,,735,144,10,XX,x,shapelet,quantum_only,src/sq_seqnn_outputs/sat6_default_fusion__sat6__quantum_only__seed48/results_sat6.csv
999,fusion,sat6,both,sat6__quantum_only,49,fusion__sat6__quantum_only__seed49,94.5,94.5,96.08333333333331,,735,144,10,XX,x,shapelet,quantum_only,src/sq_seqnn_outputs/sat6_default_fusion__sat6__quantum_only__seed49/results_sat6.csv
1131,fusion,sat6,both,sat6__quantum_only,50,fusion__sat6__quantum_only__seed50,94.66666666666667,94.66666666666667,96.83333333333334,,735,144,10,XX,x,shapelet,quantum_only,src/sq_seqnn_outputs/sat6_default_fusion__sat6__quantum_only__seed50/results_sat6.csv
1263,fusion,sat6,both,sat6__quantum_only,51,fusion__sat6__quantum_only__seed51,95.66666666666667,95.66666666666667,96.0,,735,144,10,XX,x,shapelet,quantum_only,src/sq_seqnn_outputs/sat6_default_fusion__sat6__quantum_only__seed51/results_sat6.csv
76,fusion,so2sat,adaptive,so2sat_adaptive__quantum_only,42,fusion__so2sat_adaptive__quantum_only__seed42,92.95,92.95,93.25,,779,144,10,CRY,xyz,global,quantum_only,src/sq_seqnn_outputs/so2sat_default_fusion__so2sat_adaptive__quantum_only__seed42/results_so2sat.csv
208,fusion,so2sat,adaptive,so2sat_adaptive__quantum_only,43,fusion__so2sat_adaptive__quantum_only__seed43,93.25,93.25,93.45,,779,144,10,CRY,xyz,global,quantum_only,src/sq_seqnn_outputs/so2sat_default_fusion__so2sat_adaptive__quantum_only__seed43/results_so2sat.csv
340,fusion,so2sat,adaptive,so2sat_adaptive__quantum_only,44,fusion__so2sat_adaptive__quantum_only__seed44,91.8,91.8,92.75,,779,144,10,CRY,xyz,global,quantum_only,src/sq_seqnn_outputs/so2sat_default_fusion__so2sat_adaptive__quantum_only__seed44/results_so2sat.csv
472,fusion,so2sat,adaptive,so2sat_adaptive__quantum_only,45,fusion__so2sat_adaptive__quantum_only__seed45,92.30000000000001,92.30000000000001,93.89999999999999,,779,144,10,CRY,xyz,global,quantum_only,src/sq_seqnn_outputs/so2sat_default_fusion__so2sat_adaptive__quantum_only__seed45/results_so2sat.csv
604,fusion,so2sat,adaptive,so2sat_adaptive__quantum_only,46,fusion__so2sat_adaptive__quantum_only__seed46,92.80000000000001,92.80000000000001,93.7,,779,144,10,CRY,xyz,global,quantum_only,src/sq_seqnn_outputs/so2sat_default_fusion__so2sat_adaptive__quantum_only__seed46/results_so2sat.csv
736,fusion,so2sat,adaptive,so2sat_adaptive__quantum_only,47,fusion__so2sat_adaptive__quantum_only__seed47,93.5,93.5,92.85,,779,144,10,CRY,xyz,global,quantum_only,src/sq_seqnn_outputs/so2sat_default_fusion__so2sat_adaptive__quantum_only__seed47/results_so2sat.csv
868,fusion,so2sat,adaptive,so2sat_adaptive__quantum_only,48,fusion__so2sat_adaptive__quantum_only__seed48,93.10000000000001,93.10000000000001,93.60000000000001,,779,144,10,CRY,xyz,global,quantum_only,src/sq_seqnn_outputs/so2sat_default_fusion__so2sat_adaptive__quantum_only__seed48/results_so2sat.csv
1000,fusion,so2sat,adaptive,so2sat_adaptive__quantum_only,49,fusion__so2sat_adaptive__quantum_only__seed49,92.80000000000001,92.80000000000001,93.15,,779,144,10,CRY,xyz,global,quantum_only,src/sq_seqnn_outputs/so2sat_default_fusion__so2sat_adaptive__quantum_only__seed49/results_so2sat.csv
1132,fusion,so2sat,adaptive,so2sat_adaptive__quantum_only,50,fusion__so2sat_adaptive__quantum_only__seed50,92.85,92.85,92.55,,779,144,10,CRY,xyz,global,quantum_only,src/sq_seqnn_outputs/so2sat_default_fusion__so2sat_adaptive__quantum_only__seed50/results_so2sat.csv
1264,fusion,so2sat,adaptive,so2sat_adaptive__quantum_only,51,fusion__so2sat_adaptive__quantum_only__seed51,93.7,93.7,94.19999999999999,,779,144,10,CRY,xyz,global,quantum_only,src/sq_seqnn_outputs/so2sat_default_fusion__so2sat_adaptive__quantum_only__seed51/results_so2sat.csv
77,fusion,so2sat,shared,so2sat_shared__quantum_only,42,fusion__so2sat_shared__quantum_only__seed42,94.69999999999999,94.69999999999999,94.5,,604,144,10,CZ,x,shapelet,quantum_only,src/sq_seqnn_outputs/so2sat_default_fusion__so2sat_shared__quantum_only__seed42/results_so2sat.csv
209,fusion,so2sat,shared,so2sat_shared__quantum_only,43,fusion__so2sat_shared__quantum_only__seed43,94.75,94.75,95.0,,604,144,10,CZ,x,shapelet,quantum_only,src/sq_seqnn_outputs/so2sat_default_fusion__so2sat_shared__quantum_only__seed43/results_so2sat.csv
341,fusion,so2sat,shared,so2sat_shared__quantum_only,44,fusion__so2sat_shared__quantum_only__seed44,93.95,93.95,94.6,,604,144,10,CZ,x,shapelet,quantum_only,src/sq_seqnn_outputs/so2sat_default_fusion__so2sat_shared__quantum_only__seed44/results_so2sat.csv
473,fusion,so2sat,shared,so2sat_shared__quantum_only,45,fusion__so2sat_shared__quantum_only__seed45,93.60000000000001,93.60000000000001,95.25,,604,144,10,CZ,x,shapelet,quantum_only,src/sq_seqnn_outputs/so2sat_default_fusion__so2sat_shared__quantum_only__seed45/results_so2sat.csv
605,fusion,so2sat,shared,so2sat_shared__quantum_only,46,fusion__so2sat_shared__quantum_only__seed46,94.65,94.65,95.8,,604,144,10,CZ,x,shapelet,quantum_only,src/sq_seqnn_outputs/so2sat_default_fusion__so2sat_shared__quantum_only__seed46/results_so2sat.csv
737,fusion,so2sat,shared,so2sat_shared__quantum_only,47,fusion__so2sat_shared__quantum_only__seed47,94.89999999999999,94.89999999999999,94.75,,604,144,10,CZ,x,shapelet,quantum_only,src/sq_seqnn_outputs/so2sat_default_fusion__so2sat_shared__quantum_only__seed47/results_so2sat.csv
869,fusion,so2sat,shared,so2sat_shared__quantum_only,48,fusion__so2sat_shared__quantum_only__seed48,94.5,94.5,94.6,,604,144,10,CZ,x,shapelet,quantum_only,src/sq_seqnn_outputs/so2sat_default_fusion__so2sat_shared__quantum_only__seed48/results_so2sat.csv
1001,fusion,so2sat,shared,so2sat_shared__quantum_only,49,fusion__so2sat_shared__quantum_only__seed49,95.45,95.45,95.35,,604,144,10,CZ,x,shapelet,quantum_only,src/sq_seqnn_outputs/so2sat_default_fusion__so2sat_shared__quantum_only__seed49/results_so2sat.csv
1133,fusion,so2sat,shared,so2sat_shared__quantum_only,50,fusion__so2sat_shared__quantum_only__seed50,94.35,94.35,94.35,,604,144,10,CZ,x,shapelet,quantum_only,src/sq_seqnn_outputs/so2sat_default_fusion__so2sat_shared__quantum_only__seed50/results_so2sat.csv
1265,fusion,so2sat,shared,so2sat_shared__quantum_only,51,fusion__so2sat_shared__quantum_only__seed51,95.85000000000001,95.85000000000001,95.55,,604,144,10,CZ,x,shapelet,quantum_only,src/sq_seqnn_outputs/so2sat_default_fusion__so2sat_shared__quantum_only__seed51/results_so2sat.csv
27,gate,overhead,adaptive,overhead_adaptive__gateCRY,42,gate__overhead_adaptive__gateCRY__seed42,91.38240574506284,91.37548262548265,88.1559220389805,,1015,112,8,CRY,x,conv,none,src/sq_seqnn_outputs/overhead_seqnn5_gate__overhead_adaptive__gateCRY__seed42/results_overhead.csv
159,gate,overhead,adaptive,overhead_adaptive__gateCRY,43,gate__overhead_adaptive__gateCRY__seed43,89.5870736086176,89.57046332046332,89.35532233883059,,1015,112,8,CRY,x,conv,none,src/sq_seqnn_outputs/overhead_seqnn5_gate__overhead_adaptive__gateCRY__seed43/results_overhead.csv
291,gate,overhead,adaptive,overhead_adaptive__gateCRY,44,gate__overhead_adaptive__gateCRY__seed44,92.63913824057451,92.63352638352637,90.4047976011994,,1015,112,8,CRY,x,conv,none,src/sq_seqnn_outputs/overhead_seqnn5_gate__overhead_adaptive__gateCRY__seed44/results_overhead.csv
423,gate,overhead,adaptive,overhead_adaptive__gateCRY,45,gate__overhead_adaptive__gateCRY__seed45,89.22800718132855,89.22458172458172,86.20689655172413,,1015,112,8,CRY,x,conv,none,src/sq_seqnn_outputs/overhead_seqnn5_gate__overhead_adaptive__gateCRY__seed45/results_overhead.csv
555,gate,overhead,adaptive,overhead_adaptive__gateCRY,46,gate__overhead_adaptive__gateCRY__seed46,87.4326750448833,87.42921492921492,89.35532233883059,,1015,112,8,CRY,x,conv,none,src/sq_seqnn_outputs/overhead_seqnn5_gate__overhead_adaptive__gateCRY__seed46/results_overhead.csv
687,gate,overhead,adaptive,overhead_adaptive__gateCRY,47,gate__overhead_adaptive__gateCRY__seed47,90.84380610412927,90.83494208494209,87.40629685157421,,1015,112,8,CRY,x,conv,none,src/sq_seqnn_outputs/overhead_seqnn5_gate__overhead_adaptive__gateCRY__seed47/results_overhead.csv
819,gate,overhead,adaptive,overhead_adaptive__gateCRY,48,gate__overhead_adaptive__gateCRY__seed48,87.25314183123878,87.25546975546976,84.25787106446776,,1015,112,8,CRY,x,conv,none,src/sq_seqnn_outputs/overhead_seqnn5_gate__overhead_adaptive__gateCRY__seed48/results_overhead.csv
951,gate,overhead,adaptive,overhead_adaptive__gateCRY,49,gate__overhead_adaptive__gateCRY__seed49,91.20287253141832,91.20495495495497,90.4047976011994,,1015,112,8,CRY,x,conv,none,src/sq_seqnn_outputs/overhead_seqnn5_gate__overhead_adaptive__gateCRY__seed49/results_overhead.csv
1083,gate,overhead,adaptive,overhead_adaptive__gateCRY,50,gate__overhead_adaptive__gateCRY__seed50,89.94614003590664,89.92921492921494,90.10494752623688,,1015,112,8,CRY,x,conv,none,src/sq_seqnn_outputs/overhead_seqnn5_gate__overhead_adaptive__gateCRY__seed50/results_overhead.csv
1215,gate,overhead,adaptive,overhead_adaptive__gateCRY,51,gate__overhead_adaptive__gateCRY__seed51,91.9210053859964,91.91441441441441,91.00449775112443,,1015,112,8,CRY,x,conv,none,src/sq_seqnn_outputs/overhead_seqnn5_gate__overhead_adaptive__gateCRY__seed51/results_overhead.csv
26,gate,overhead,adaptive,overhead_adaptive__gateCRZ,42,gate__overhead_adaptive__gateCRZ__seed42,92.10053859964094,92.0881595881596,89.20539730134932,,1015,112,8,CRZ,x,conv,none,src/sq_seqnn_outputs/overhead_seqnn5_gate__overhead_adaptive__gateCRZ__seed42/results_overhead.csv
158,gate,overhead,adaptive,overhead_adaptive__gateCRZ,43,gate__overhead_adaptive__gateCRZ__seed43,89.22800718132855,89.20849420849422,89.20539730134932,,1015,112,8,CRZ,x,conv,none,src/sq_seqnn_outputs/overhead_seqnn5_gate__overhead_adaptive__gateCRZ__seed43/results_overhead.csv
290,gate,overhead,adaptive,overhead_adaptive__gateCRZ,44,gate__overhead_adaptive__gateCRZ__seed44,93.17773788150808,93.1708494208494,89.65517241379311,,1015,112,8,CRZ,x,conv,none,src/sq_seqnn_outputs/overhead_seqnn5_gate__overhead_adaptive__gateCRZ__seed44/results_overhead.csv
422,gate,overhead,adaptive,overhead_adaptive__gateCRZ,45,gate__overhead_adaptive__gateCRZ__seed45,92.28007181328546,92.27477477477476,89.35532233883059,,1015,112,8,CRZ,x,conv,none,src/sq_seqnn_outputs/overhead_seqnn5_gate__overhead_adaptive__gateCRZ__seed45/results_overhead.csv
554,gate,overhead,adaptive,overhead_adaptive__gateCRZ,46,gate__overhead_adaptive__gateCRZ__seed46,85.63734290843806,85.6418918918919,85.00749625187406,,1015,112,8,CRZ,x,conv,none,src/sq_seqnn_outputs/overhead_seqnn5_gate__overhead_adaptive__gateCRZ__seed46/results_overhead.csv
686,gate,overhead,adaptive,overhead_adaptive__gateCRZ,47,gate__overhead_adaptive__gateCRZ__seed47,88.8689407540395,88.86422136422138,87.10644677661169,,1015,112,8,CRZ,x,conv,none,src/sq_seqnn_outputs/overhead_seqnn5_gate__overhead_adaptive__gateCRZ__seed47/results_overhead.csv
818,gate,overhead,adaptive,overhead_adaptive__gateCRZ,48,gate__overhead_adaptive__gateCRZ__seed48,84.91921005385996,84.92599742599744,86.05697151424287,,1015,112,8,CRZ,x,conv,none,src/sq_seqnn_outputs/overhead_seqnn5_gate__overhead_adaptive__gateCRZ__seed48/results_overhead.csv
950,gate,overhead,adaptive,overhead_adaptive__gateCRZ,49,gate__overhead_adaptive__gateCRZ__seed49,87.61220825852783,87.61904761904763,84.25787106446776,,1015,112,8,CRZ,x,conv,none,src/sq_seqnn_outputs/overhead_seqnn5_gate__overhead_adaptive__gateCRZ__seed49/results_overhead.csv
1082,gate,overhead,adaptive,overhead_adaptive__gateCRZ,50,gate__overhead_adaptive__gateCRZ__seed50,90.84380610412927,90.82528957528956,91.30434782608697,,1015,112,8,CRZ,x,conv,none,src/sq_seqnn_outputs/overhead_seqnn5_gate__overhead_adaptive__gateCRZ__seed50/results_overhead.csv
1214,gate,overhead,adaptive,overhead_adaptive__gateCRZ,51,gate__overhead_adaptive__gateCRZ__seed51,91.20287253141832,91.1969111969112,92.20389805097452,,1015,112,8,CRZ,x,conv,none,src/sq_seqnn_outputs/overhead_seqnn5_gate__overhead_adaptive__gateCRZ__seed51/results_overhead.csv
24,gate,overhead,adaptive,overhead_adaptive__gateCZ,42,gate__overhead_adaptive__gateCZ__seed42,92.81867145421904,92.81048906048905,92.20389805097452,,1015,112,8,CZ,x,conv,none,src/sq_seqnn_outputs/overhead_seqnn5_gate__overhead_adaptive__gateCZ__seed42/results_overhead.csv
156,gate,overhead,adaptive,overhead_adaptive__gateCZ,43,gate__overhead_adaptive__gateCZ__seed43,89.94614003590664,89.93082368082368,89.95502248875562,,1015,112,8,CZ,x,conv,none,src/sq_seqnn_outputs/overhead_seqnn5_gate__overhead_adaptive__gateCZ__seed43/results_overhead.csv
288,gate,overhead,adaptive,overhead_adaptive__gateCZ,44,gate__overhead_adaptive__gateCZ__seed44,94.7935368043088,94.7908622908623,91.00449775112443,,1015,112,8,CZ,x,conv,none,src/sq_seqnn_outputs/overhead_seqnn5_gate__overhead_adaptive__gateCZ__seed44/results_overhead.csv
420,gate,overhead,adaptive,overhead_adaptive__gateCZ,45,gate__overhead_adaptive__gateCZ__seed45,92.10053859964094,92.08815958815958,88.1559220389805,,1015,112,8,CZ,x,conv,none,src/sq_seqnn_outputs/overhead_seqnn5_gate__overhead_adaptive__gateCZ__seed45/results_overhead.csv
552,gate,overhead,adaptive,overhead_adaptive__gateCZ,46,gate__overhead_adaptive__gateCZ__seed46,84.91921005385996,84.91795366795367,88.75562218890555,,1015,112,8,CZ,x,conv,none,src/sq_seqnn_outputs/overhead_seqnn5_gate__overhead_adaptive__gateCZ__seed46/results_overhead.csv
684,gate,overhead,adaptive,overhead_adaptive__gateCZ,47,gate__overhead_adaptive__gateCZ__seed47,90.84380610412927,90.84137709137711,86.95652173913044,,1015,112,8,CZ,x,conv,none,src/sq_seqnn_outputs/overhead_seqnn5_gate__overhead_adaptive__gateCZ__seed47/results_overhead.csv
816,gate,overhead,adaptive,overhead_adaptive__gateCZ,48,gate__overhead_adaptive__gateCZ__seed48,87.79174147217235,87.78957528957528,89.35532233883059,,1015,112,8,CZ,x,conv,none,src/sq_seqnn_outputs/overhead_seqnn5_gate__overhead_adaptive__gateCZ__seed48/results_overhead.csv
948,gate,overhead,adaptive,overhead_adaptive__gateCZ,49,gate__overhead_adaptive__gateCZ__seed49,88.1508078994614,88.1515444015444,87.10644677661169,,1015,112,8,CZ,x,conv,none,src/sq_seqnn_outputs/overhead_seqnn5_gate__overhead_adaptive__gateCZ__seed49/results_overhead.csv
1080,gate,overhead,adaptive,overhead_adaptive__gateCZ,50,gate__overhead_adaptive__gateCZ__seed50,92.45960502692998,92.4501287001287,91.75412293853074,,1015,112,8,CZ,x,conv,none,src/sq_seqnn_outputs/overhead_seqnn5_gate__overhead_adaptive__gateCZ__seed50/results_overhead.csv
1212,gate,overhead,adaptive,overhead_adaptive__gateCZ,51,gate__overhead_adaptive__gateCZ__seed51,91.38240574506284,91.38030888030887,90.55472263868066,,1015,112,8,CZ,x,conv,none,src/sq_seqnn_outputs/overhead_seqnn5_gate__overhead_adaptive__gateCZ__seed51/results_overhead.csv
28,gate,overhead,adaptive,overhead_adaptive__gateXX,42,gate__overhead_adaptive__gateXX__seed42,92.99820466786356,92.98906048906048,90.10494752623688,,1015,112,8,XX,x,conv,none,src/sq_seqnn_outputs/overhead_seqnn5_gate__overhead_adaptive__gateXX__seed42/results_overhead.csv
160,gate,overhead,adaptive,overhead_adaptive__gateXX,43,gate__overhead_adaptive__gateXX__seed43,89.76660682226212,89.747425997426,89.20539730134932,,1015,112,8,XX,x,conv,none,src/sq_seqnn_outputs/overhead_seqnn5_gate__overhead_adaptive__gateXX__seed43/results_overhead.csv
292,gate,overhead,adaptive,overhead_adaptive__gateXX,44,gate__overhead_adaptive__gateXX__seed44,93.89587073608617,93.88513513513513,91.15442278860569,,1015,112,8,XX,x,conv,none,src/sq_seqnn_outputs/overhead_seqnn5_gate__overhead_adaptive__gateXX__seed44/results_overhead.csv
424,gate,overhead,adaptive,overhead_adaptive__gateXX,45,gate__overhead_adaptive__gateXX__seed45,89.94614003590664,89.94369369369369,87.25637181409296,,1015,112,8,XX,x,conv,none,src/sq_seqnn_outputs/overhead_seqnn5_gate__overhead_adaptive__gateXX__seed45/results_overhead.csv
556,gate,overhead,adaptive,overhead_adaptive__gateXX,46,gate__overhead_adaptive__gateXX__seed46,87.07360861759426,87.07046332046332,87.70614692653673,,1015,112,8,XX,x,conv,none,src/sq_seqnn_outputs/overhead_seqnn5_gate__overhead_adaptive__gateXX__seed46/results_overhead.csv
688,gate,overhead,adaptive,overhead_adaptive__gateXX,47,gate__overhead_adaptive__gateXX__seed47,90.66427289048474,90.66602316602315,87.55622188905548,,1015,112,8,XX,x,conv,none,src/sq_seqnn_outputs/overhead_seqnn5_gate__overhead_adaptive__gateXX__seed47/results_overhead.csv
820,gate,overhead,adaptive,overhead_adaptive__gateXX,48,gate__overhead_adaptive__gateXX__seed48,87.97127468581688,87.97779922779922,87.25637181409296,,1015,112,8,XX,x,conv,none,src/sq_seqnn_outputs/overhead_seqnn5_gate__overhead_adaptive__gateXX__seed48/results_overhead.csv
952,gate,overhead,adaptive,overhead_adaptive__gateXX,49,gate__overhead_adaptive__gateXX__seed49,92.10053859964094,92.10263835263834,90.10494752623688,,1015,112,8,XX,x,conv,none,src/sq_seqnn_outputs/overhead_seqnn5_gate__overhead_adaptive__gateXX__seed49/results_overhead.csv
1084,gate,overhead,adaptive,overhead_adaptive__gateXX,50,gate__overhead_adaptive__gateXX__seed50,93.89587073608617,93.88191763191764,90.70464767616193,,1015,112,8,XX,x,conv,none,src/sq_seqnn_outputs/overhead_seqnn5_gate__overhead_adaptive__gateXX__seed50/results_overhead.csv
1216,gate,overhead,adaptive,overhead_adaptive__gateXX,51,gate__overhead_adaptive__gateXX__seed51,91.20287253141832,91.20173745173746,91.15442278860569,,1015,112,8,XX,x,conv,none,src/sq_seqnn_outputs/overhead_seqnn5_gate__overhead_adaptive__gateXX__seed51/results_overhead.csv
25,gate,overhead,adaptive,overhead_adaptive__gateXY,42,gate__overhead_adaptive__gateXY__seed42,94.61400359066428,94.60746460746462,94.00299850074963,,1015,112,8,XY,x,conv,none,src/sq_seqnn_outputs/overhead_seqnn5_gate__overhead_adaptive__gateXY__seed42/results_overhead.csv
157,gate,overhead,adaptive,overhead_adaptive__gateXY,43,gate__overhead_adaptive__gateXY__seed43,89.40754039497307,89.39671814671814,89.20539730134932,,1015,112,8,XY,x,conv,none,src/sq_seqnn_outputs/overhead_seqnn5_gate__overhead_adaptive__gateXY__seed43/results_overhead.csv
289,gate,overhead,adaptive,overhead_adaptive__gateXY,44,gate__overhead_adaptive__gateXY__seed44,93.53680430879712,93.53281853281852,91.75412293853074,,1015,112,8,XY,x,conv,none,src/sq_seqnn_outputs/overhead_seqnn5_gate__overhead_adaptive__gateXY__seed44/results_overhead.csv
421,gate,overhead,adaptive,overhead_adaptive__gateXY,45,gate__overhead_adaptive__gateXY__seed45,86.89407540394973,86.88063063063063,83.35832083958022,,1015,112,8,XY,x,conv,none,src/sq_seqnn_outputs/overhead_seqnn5_gate__overhead_adaptive__gateXY__seed45/results_overhead.csv
553,gate,overhead,adaptive,overhead_adaptive__gateXY,46,gate__overhead_adaptive__gateXY__seed46,85.81687612208259,85.82046332046332,87.85607196401799,,1015,112,8,XY,x,conv,none,src/sq_seqnn_outputs/overhead_seqnn5_gate__overhead_adaptive__gateXY__seed46/results_overhead.csv
685,gate,overhead,adaptive,overhead_adaptive__gateXY,47,gate__overhead_adaptive__gateXY__seed47,91.20287253141832,91.19851994851996,89.35532233883059,,1015,112,8,XY,x,conv,none,src/sq_seqnn_outputs/overhead_seqnn5_gate__overhead_adaptive__gateXY__seed47/results_overhead.csv
817,gate,overhead,adaptive,overhead_adaptive__gateXY,48,gate__overhead_adaptive__gateXY__seed48,88.33034111310593,88.33494208494209,87.55622188905548,,1015,112,8,XY,x,conv,none,src/sq_seqnn_outputs/overhead_seqnn5_gate__overhead_adaptive__gateXY__seed48/results_overhead.csv
949,gate,overhead,adaptive,overhead_adaptive__gateXY,49,gate__overhead_adaptive__gateXY__seed49,89.76660682226212,89.78120978120978,89.20539730134932,,1015,112,8,XY,x,conv,none,src/sq_seqnn_outputs/overhead_seqnn5_gate__overhead_adaptive__gateXY__seed49/results_overhead.csv
1081,gate,overhead,adaptive,overhead_adaptive__gateXY,50,gate__overhead_adaptive__gateXY__seed50,91.0233393177738,91.02155727155728,90.70464767616193,,1015,112,8,XY,x,conv,none,src/sq_seqnn_outputs/overhead_seqnn5_gate__overhead_adaptive__gateXY__seed50/results_overhead.csv
1213,gate,overhead,adaptive,overhead_adaptive__gateXY,51,gate__overhead_adaptive__gateXY__seed51,91.74147217235188,91.73423423423424,91.15442278860569,,1015,112,8,XY,x,conv,none,src/sq_seqnn_outputs/overhead_seqnn5_gate__overhead_adaptive__gateXY__seed51/results_overhead.csv
29,gate,overhead,adaptive,overhead_adaptive__gateYY,42,gate__overhead_adaptive__gateYY__seed42,95.51166965888687,95.50836550836553,91.15442278860569,,1015,112,8,YY,x,conv,none,src/sq_seqnn_outputs/overhead_seqnn5_gate__overhead_adaptive__gateYY__seed42/results_overhead.csv
161,gate,overhead,adaptive,overhead_adaptive__gateYY,43,gate__overhead_adaptive__gateYY__seed43,89.40754039497307,89.39510939510939,88.30584707646177,,1015,112,8,YY,x,conv,none,src/sq_seqnn_outputs/overhead_seqnn5_gate__overhead_adaptive__gateYY__seed43/results_overhead.csv
293,gate,overhead,adaptive,overhead_adaptive__gateYY,44,gate__overhead_adaptive__gateYY__seed44,92.28007181328546,92.27638352638353,90.70464767616193,,1015,112,8,YY,x,conv,none,src/sq_seqnn_outputs/overhead_seqnn5_gate__overhead_adaptive__gateYY__seed44/results_overhead.csv
425,gate,overhead,adaptive,overhead_adaptive__gateYY,45,gate__overhead_adaptive__gateYY__seed45,85.27827648114902,85.27992277992279,80.0599700149925,,1015,112,8,YY,x,conv,none,src/sq_seqnn_outputs/overhead_seqnn5_gate__overhead_adaptive__gateYY__seed45/results_overhead.csv
557,gate,overhead,adaptive,overhead_adaptive__gateYY,46,gate__overhead_adaptive__gateYY__seed46,86.71454219030521,86.71010296010296,83.80809595202399,,1015,112,8,YY,x,conv,none,src/sq_seqnn_outputs/overhead_seqnn5_gate__overhead_adaptive__gateYY__seed46/results_overhead.csv
689,gate,overhead,adaptive,overhead_adaptive__gateYY,47,gate__overhead_adaptive__gateYY__seed47,89.76660682226212,89.76833976833977,88.45577211394303,,1015,112,8,YY,x,conv,none,src/sq_seqnn_outputs/overhead_seqnn5_gate__overhead_adaptive__gateYY__seed47/results_overhead.csv
821,gate,overhead,adaptive,overhead_adaptive__gateYY,48,gate__overhead_adaptive__gateYY__seed48,85.45780969479354,85.46332046332047,84.8575712143928,,1015,112,8,YY,x,conv,none,src/sq_seqnn_outputs/overhead_seqnn5_gate__overhead_adaptive__gateYY__seed48/results_overhead.csv
953,gate,overhead,adaptive,overhead_adaptive__gateYY,49,gate__overhead_adaptive__gateYY__seed49,89.94614003590664,89.9533462033462,89.95502248875562,,1015,112,8,YY,x,conv,none,src/sq_seqnn_outputs/overhead_seqnn5_gate__overhead_adaptive__gateYY__seed49/results_overhead.csv
1085,gate,overhead,adaptive,overhead_adaptive__gateYY,50,gate__overhead_adaptive__gateYY__seed50,90.30520646319567,90.30083655083656,90.85457271364318,,1015,112,8,YY,x,conv,none,src/sq_seqnn_outputs/overhead_seqnn5_gate__overhead_adaptive__gateYY__seed50/results_overhead.csv
1217,gate,overhead,adaptive,overhead_adaptive__gateYY,51,gate__overhead_adaptive__gateYY__seed51,89.5870736086176,89.58333333333334,89.80509745127436,,1015,112,8,YY,x,conv,none,src/sq_seqnn_outputs/overhead_seqnn5_gate__overhead_adaptive__gateYY__seed51/results_overhead.csv
23,gate,overhead,adaptive,overhead_adaptive__gateZZ,42,gate__overhead_adaptive__gateZZ__seed42,92.81867145421904,92.80727155727156,90.85457271364318,,1015,112,8,ZZ,x,conv,none,src/sq_seqnn_outputs/overhead_seqnn5_gate__overhead_adaptive__gateZZ__seed42/results_overhead.csv
155,gate,overhead,adaptive,overhead_adaptive__gateZZ,43,gate__overhead_adaptive__gateZZ__seed43,87.61220825852783,87.59330759330759,88.30584707646177,,1015,112,8,ZZ,x,conv,none,src/sq_seqnn_outputs/overhead_seqnn5_gate__overhead_adaptive__gateZZ__seed43/results_overhead.csv
287,gate,overhead,adaptive,overhead_adaptive__gateZZ,44,gate__overhead_adaptive__gateZZ__seed44,94.61400359066428,94.60746460746462,91.75412293853074,,1015,112,8,ZZ,x,conv,none,src/sq_seqnn_outputs/overhead_seqnn5_gate__overhead_adaptive__gateZZ__seed44/results_overhead.csv
419,gate,overhead,adaptive,overhead_adaptive__gateZZ,45,gate__overhead_adaptive__gateZZ__seed45,89.04847396768402,89.04440154440154,86.3568215892054,,1015,112,8,ZZ,x,conv,none,src/sq_seqnn_outputs/overhead_seqnn5_gate__overhead_adaptive__gateZZ__seed45/results_overhead.csv
551,gate,overhead,adaptive,overhead_adaptive__gateZZ,46,gate__overhead_adaptive__gateZZ__seed46,87.4326750448833,87.41312741312741,87.55622188905548,,1015,112,8,ZZ,x,conv,none,src/sq_seqnn_outputs/overhead_seqnn5_gate__overhead_adaptive__gateZZ__seed46/results_overhead.csv
683,gate,overhead,adaptive,overhead_adaptive__gateZZ,47,gate__overhead_adaptive__gateZZ__seed47,90.48473967684022,90.48101673101672,89.05547226386807,,1015,112,8,ZZ,x,conv,none,src/sq_seqnn_outputs/overhead_seqnn5_gate__overhead_adaptive__gateZZ__seed47/results_overhead.csv
815,gate,overhead,adaptive,overhead_adaptive__gateZZ,48,gate__overhead_adaptive__gateZZ__seed48,89.94614003590664,89.9501287001287,89.35532233883059,,1015,112,8,ZZ,x,conv,none,src/sq_seqnn_outputs/overhead_seqnn5_gate__overhead_adaptive__gateZZ__seed48/results_overhead.csv
947,gate,overhead,adaptive,overhead_adaptive__gateZZ,49,gate__overhead_adaptive__gateZZ__seed49,92.10053859964094,92.10102960102961,89.95502248875562,,1015,112,8,ZZ,x,conv,none,src/sq_seqnn_outputs/overhead_seqnn5_gate__overhead_adaptive__gateZZ__seed49/results_overhead.csv
1079,gate,overhead,adaptive,overhead_adaptive__gateZZ,50,gate__overhead_adaptive__gateZZ__seed50,91.9210053859964,91.9079794079794,90.70464767616193,,1015,112,8,ZZ,x,conv,none,src/sq_seqnn_outputs/overhead_seqnn5_gate__overhead_adaptive__gateZZ__seed50/results_overhead.csv
1211,gate,overhead,adaptive,overhead_adaptive__gateZZ,51,gate__overhead_adaptive__gateZZ__seed51,89.5870736086176,89.57850707850709,90.70464767616193,,1015,112,8,ZZ,x,conv,none,src/sq_seqnn_outputs/overhead_seqnn5_gate__overhead_adaptive__gateZZ__seed51/results_overhead.csv
34,gate,overhead,shared,overhead_shared__gateCRY,42,gate__overhead_shared__gateCRY__seed42,87.79174147217235,87.78153153153154,87.55622188905548,,994,144,10,CRY,z,shapelet,none,src/sq_seqnn_outputs/overhead_seqnn5_gate__overhead_shared__gateCRY__seed42/results_overhead.csv
166,gate,overhead,shared,overhead_shared__gateCRY,43,gate__overhead_shared__gateCRY__seed43,90.66427289048474,90.65315315315317,89.95502248875562,,994,144,10,CRY,z,shapelet,none,src/sq_seqnn_outputs/overhead_seqnn5_gate__overhead_shared__gateCRY__seed43/results_overhead.csv
298,gate,overhead,shared,overhead_shared__gateCRY,44,gate__overhead_shared__gateCRY__seed44,86.53500897666068,86.53796653796654,88.9055472263868,,994,144,10,CRY,z,shapelet,none,src/sq_seqnn_outputs/overhead_seqnn5_gate__overhead_shared__gateCRY__seed44/results_overhead.csv
430,gate,overhead,shared,overhead_shared__gateCRY,45,gate__overhead_shared__gateCRY__seed45,89.22800718132855,89.22458172458172,89.35532233883059,,994,144,10,CRY,z,shapelet,none,src/sq_seqnn_outputs/overhead_seqnn5_gate__overhead_shared__gateCRY__seed45/results_overhead.csv
562,gate,overhead,shared,overhead_shared__gateCRY,46,gate__overhead_shared__gateCRY__seed46,88.1508078994614,88.13545688545688,88.6056971514243,,994,144,10,CRY,z,shapelet,none,src/sq_seqnn_outputs/overhead_seqnn5_gate__overhead_shared__gateCRY__seed46/results_overhead.csv
694,gate,overhead,shared,overhead_shared__gateCRY,47,gate__overhead_shared__gateCRY__seed47,85.63734290843806,85.62902187902189,86.80659670164917,,994,144,10,CRY,z,shapelet,none,src/sq_seqnn_outputs/overhead_seqnn5_gate__overhead_shared__gateCRY__seed47/results_overhead.csv
826,gate,overhead,shared,overhead_shared__gateCRY,48,gate__overhead_shared__gateCRY__seed48,88.50987432675045,88.50386100386102,88.75562218890555,,994,144,10,CRY,z,shapelet,none,src/sq_seqnn_outputs/overhead_seqnn5_gate__overhead_shared__gateCRY__seed48/results_overhead.csv
958,gate,overhead,shared,overhead_shared__gateCRY,49,gate__overhead_shared__gateCRY__seed49,89.5870736086176,89.5978120978121,89.50524737631184,,994,144,10,CRY,z,shapelet,none,src/sq_seqnn_outputs/overhead_seqnn5_gate__overhead_shared__gateCRY__seed49/results_overhead.csv
1090,gate,overhead,shared,overhead_shared__gateCRY,50,gate__overhead_shared__gateCRY__seed50,87.4326750448833,87.42117117117118,86.95652173913044,,994,144,10,CRY,z,shapelet,none,src/sq_seqnn_outputs/overhead_seqnn5_gate__overhead_shared__gateCRY__seed50/results_overhead.csv
1222,gate,overhead,shared,overhead_shared__gateCRY,51,gate__overhead_shared__gateCRY__seed51,89.5870736086176,89.58976833976834,89.65517241379311,,994,144,10,CRY,z,shapelet,none,src/sq_seqnn_outputs/overhead_seqnn5_gate__overhead_shared__gateCRY__seed51/results_overhead.csv
33,gate,overhead,shared,overhead_shared__gateCRZ,42,gate__overhead_shared__gateCRZ__seed42,87.07360861759426,87.06402831402832,88.6056971514243,,994,144,10,CRZ,z,shapelet,none,src/sq_seqnn_outputs/overhead_seqnn5_gate__overhead_shared__gateCRZ__seed42/results_overhead.csv
165,gate,overhead,shared,overhead_shared__gateCRZ,43,gate__overhead_shared__gateCRZ__seed43,89.76660682226212,89.76673101673101,90.70464767616193,,994,144,10,CRZ,z,shapelet,none,src/sq_seqnn_outputs/overhead_seqnn5_gate__overhead_shared__gateCRZ__seed43/results_overhead.csv
297,gate,overhead,shared,overhead_shared__gateCRZ,44,gate__overhead_shared__gateCRZ__seed44,88.68940754039497,88.6936936936937,89.80509745127436,,994,144,10,CRZ,z,shapelet,none,src/sq_seqnn_outputs/overhead_seqnn5_gate__overhead_shared__gateCRZ__seed44/results_overhead.csv
429,gate,overhead,shared,overhead_shared__gateCRZ,45,gate__overhead_shared__gateCRZ__seed45,90.12567324955117,90.11583011583012,87.25637181409296,,994,144,10,CRZ,z,shapelet,none,src/sq_seqnn_outputs/overhead_seqnn5_gate__overhead_shared__gateCRZ__seed45/results_overhead.csv
561,gate,overhead,shared,overhead_shared__gateCRZ,46,gate__overhead_shared__gateCRZ__seed46,87.4326750448833,87.42277992277991,87.85607196401799,,994,144,10,CRZ,z,shapelet,none,src/sq_seqnn_outputs/overhead_seqnn5_gate__overhead_shared__gateCRZ__seed46/results_overhead.csv
693,gate,overhead,shared,overhead_shared__gateCRZ,47,gate__overhead_shared__gateCRZ__seed47,86.71454219030521,86.6988416988417,87.70614692653673,,994,144,10,CRZ,z,shapelet,none,src/sq_seqnn_outputs/overhead_seqnn5_gate__overhead_shared__gateCRZ__seed47/results_overhead.csv
825,gate,overhead,shared,overhead_shared__gateCRZ,48,gate__overhead_shared__gateCRZ__seed48,89.22800718132855,89.21975546975546,89.95502248875562,,994,144,10,CRZ,z,shapelet,none,src/sq_seqnn_outputs/overhead_seqnn5_gate__overhead_shared__gateCRZ__seed48/results_overhead.csv
957,gate,overhead,shared,overhead_shared__gateCRZ,49,gate__overhead_shared__gateCRZ__seed49,90.12567324955117,90.13996138996137,88.30584707646177,,994,144,10,CRZ,z,shapelet,none,src/sq_seqnn_outputs/overhead_seqnn5_gate__overhead_shared__gateCRZ__seed49/results_overhead.csv
1089,gate,overhead,shared,overhead_shared__gateCRZ,50,gate__overhead_shared__gateCRZ__seed50,86.71454219030521,86.71492921492921,85.15742128935531,,994,144,10,CRZ,z,shapelet,none,src/sq_seqnn_outputs/overhead_seqnn5_gate__overhead_shared__gateCRZ__seed50/results_overhead.csv
1221,gate,overhead,shared,overhead_shared__gateCRZ,51,gate__overhead_shared__gateCRZ__seed51,90.12567324955117,90.12226512226512,88.1559220389805,,994,144,10,CRZ,z,shapelet,none,src/sq_seqnn_outputs/overhead_seqnn5_gate__overhead_shared__gateCRZ__seed51/results_overhead.csv
32,gate,overhead,shared,overhead_shared__gateCX,42,gate__overhead_shared__gateCX__seed42,84.91921005385996,84.90990990990991,86.65667166416792,,994,144,10,CX,z,shapelet,none,src/sq_seqnn_outputs/overhead_seqnn5_gate__overhead_shared__gateCX__seed42/results_overhead.csv
164,gate,overhead,shared,overhead_shared__gateCX,43,gate__overhead_shared__gateCX__seed43,89.22800718132855,89.21653796653797,89.05547226386807,,994,144,10,CX,z,shapelet,none,src/sq_seqnn_outputs/overhead_seqnn5_gate__overhead_shared__gateCX__seed43/results_overhead.csv
296,gate,overhead,shared,overhead_shared__gateCX,44,gate__overhead_shared__gateCX__seed44,86.53500897666068,86.54118404118402,88.30584707646177,,994,144,10,CX,z,shapelet,none,src/sq_seqnn_outputs/overhead_seqnn5_gate__overhead_shared__gateCX__seed44/results_overhead.csv
428,gate,overhead,shared,overhead_shared__gateCX,45,gate__overhead_shared__gateCX__seed45,86.89407540394973,86.90637065637065,87.85607196401799,,994,144,10,CX,z,shapelet,none,src/sq_seqnn_outputs/overhead_seqnn5_gate__overhead_shared__gateCX__seed45/results_overhead.csv
560,gate,overhead,shared,overhead_shared__gateCX,46,gate__overhead_shared__gateCX__seed46,86.89407540394973,86.89189189189189,88.9055472263868,,994,144,10,CX,z,shapelet,none,src/sq_seqnn_outputs/overhead_seqnn5_gate__overhead_shared__gateCX__seed46/results_overhead.csv
692,gate,overhead,shared,overhead_shared__gateCX,47,gate__overhead_shared__gateCX__seed47,87.4326750448833,87.42438867438868,88.9055472263868,,994,144,10,CX,z,shapelet,none,src/sq_seqnn_outputs/overhead_seqnn5_gate__overhead_shared__gateCX__seed47/results_overhead.csv
824,gate,overhead,shared,overhead_shared__gateCX,48,gate__overhead_shared__gateCX__seed48,88.68940754039497,88.67921492921494,88.45577211394303,,994,144,10,CX,z,shapelet,none,src/sq_seqnn_outputs/overhead_seqnn5_gate__overhead_shared__gateCX__seed48/results_overhead.csv
956,gate,overhead,shared,overhead_shared__gateCX,49,gate__overhead_shared__gateCX__seed49,90.66427289048474,90.66924066924068,89.50524737631184,,994,144,10,CX,z,shapelet,none,src/sq_seqnn_outputs/overhead_seqnn5_gate__overhead_shared__gateCX__seed49/results_overhead.csv
1088,gate,overhead,shared,overhead_shared__gateCX,50,gate__overhead_shared__gateCX__seed50,91.20287253141832,91.19530244530246,89.80509745127436,,994,144,10,CX,z,shapelet,none,src/sq_seqnn_outputs/overhead_seqnn5_gate__overhead_shared__gateCX__seed50/results_overhead.csv
1220,gate,overhead,shared,overhead_shared__gateCX,51,gate__overhead_shared__gateCX__seed51,91.20287253141832,91.19530244530245,90.10494752623688,,994,144,10,CX,z,shapelet,none,src/sq_seqnn_outputs/overhead_seqnn5_gate__overhead_shared__gateCX__seed51/results_overhead.csv
31,gate,overhead,shared,overhead_shared__gateCZ,42,gate__overhead_shared__gateCZ__seed42,87.07360861759426,87.07689832689832,87.40629685157421,,994,144,10,CZ,z,shapelet,none,src/sq_seqnn_outputs/overhead_seqnn5_gate__overhead_shared__gateCZ__seed42/results_overhead.csv
163,gate,overhead,shared,overhead_shared__gateCZ,43,gate__overhead_shared__gateCZ__seed43,87.61220825852783,87.6029601029601,89.80509745127436,,994,144,10,CZ,z,shapelet,none,src/sq_seqnn_outputs/overhead_seqnn5_gate__overhead_shared__gateCZ__seed43/results_overhead.csv
295,gate,overhead,shared,overhead_shared__gateCZ,44,gate__overhead_shared__gateCZ__seed44,86.35547576301616,86.37065637065638,87.85607196401799,,994,144,10,CZ,z,shapelet,none,src/sq_seqnn_outputs/overhead_seqnn5_gate__overhead_shared__gateCZ__seed44/results_overhead.csv
427,gate,overhead,shared,overhead_shared__gateCZ,45,gate__overhead_shared__gateCZ__seed45,89.76660682226212,89.76029601029602,87.70614692653673,,994,144,10,CZ,z,shapelet,none,src/sq_seqnn_outputs/overhead_seqnn5_gate__overhead_shared__gateCZ__seed45/results_overhead.csv
559,gate,overhead,shared,overhead_shared__gateCZ,46,gate__overhead_shared__gateCZ__seed46,87.4326750448833,87.4276061776062,87.55622188905548,,994,144,10,CZ,z,shapelet,none,src/sq_seqnn_outputs/overhead_seqnn5_gate__overhead_shared__gateCZ__seed46/results_overhead.csv
691,gate,overhead,shared,overhead_shared__gateCZ,47,gate__overhead_shared__gateCZ__seed47,86.89407540394973,86.89028314028313,87.85607196401799,,994,144,10,CZ,z,shapelet,none,src/sq_seqnn_outputs/overhead_seqnn5_gate__overhead_shared__gateCZ__seed47/results_overhead.csv
823,gate,overhead,shared,overhead_shared__gateCZ,48,gate__overhead_shared__gateCZ__seed48,87.79174147217235,87.78314028314028,89.80509745127436,,994,144,10,CZ,z,shapelet,none,src/sq_seqnn_outputs/overhead_seqnn5_gate__overhead_shared__gateCZ__seed48/results_overhead.csv
955,gate,overhead,shared,overhead_shared__gateCZ,49,gate__overhead_shared__gateCZ__seed49,88.50987432675045,88.52316602316603,88.9055472263868,,994,144,10,CZ,z,shapelet,none,src/sq_seqnn_outputs/overhead_seqnn5_gate__overhead_shared__gateCZ__seed49/results_overhead.csv
1087,gate,overhead,shared,overhead_shared__gateCZ,50,gate__overhead_shared__gateCZ__seed50,87.61220825852783,87.61904761904763,87.25637181409296,,994,144,10,CZ,z,shapelet,none,src/sq_seqnn_outputs/overhead_seqnn5_gate__overhead_shared__gateCZ__seed50/results_overhead.csv
1219,gate,overhead,shared,overhead_shared__gateCZ,51,gate__overhead_shared__gateCZ__seed51,90.30520646319567,90.30083655083656,89.50524737631184,,994,144,10,CZ,z,shapelet,none,src/sq_seqnn_outputs/overhead_seqnn5_gate__overhead_shared__gateCZ__seed51/results_overhead.csv
35,gate,overhead,shared,overhead_shared__gateXX,42,gate__overhead_shared__gateXX__seed42,87.79174147217235,87.77992277992277,87.10644677661169,,994,144,10,XX,z,shapelet,none,src/sq_seqnn_outputs/overhead_seqnn5_gate__overhead_shared__gateXX__seed42/results_overhead.csv
167,gate,overhead,shared,overhead_shared__gateXX,43,gate__overhead_shared__gateXX__seed43,90.12567324955117,90.1158301158301,91.30434782608697,,994,144,10,XX,z,shapelet,none,src/sq_seqnn_outputs/overhead_seqnn5_gate__overhead_shared__gateXX__seed43/results_overhead.csv
299,gate,overhead,shared,overhead_shared__gateXX,44,gate__overhead_shared__gateXX__seed44,88.33034111310593,88.33976833976834,89.35532233883059,,994,144,10,XX,z,shapelet,none,src/sq_seqnn_outputs/overhead_seqnn5_gate__overhead_shared__gateXX__seed44/results_overhead.csv
431,gate,overhead,shared,overhead_shared__gateXX,45,gate__overhead_shared__gateXX__seed45,90.66427289048474,90.65797940797941,88.6056971514243,,994,144,10,XX,z,shapelet,none,src/sq_seqnn_outputs/overhead_seqnn5_gate__overhead_shared__gateXX__seed45/results_overhead.csv
563,gate,overhead,shared,overhead_shared__gateXX,46,gate__overhead_shared__gateXX__seed46,87.79174147217235,87.771879021879,88.75562218890555,,994,144,10,XX,z,shapelet,none,src/sq_seqnn_outputs/overhead_seqnn5_gate__overhead_shared__gateXX__seed46/results_overhead.csv
695,gate,overhead,shared,overhead_shared__gateXX,47,gate__overhead_shared__gateXX__seed47,86.35547576301616,86.35135135135137,87.85607196401799,,994,144,10,XX,z,shapelet,none,src/sq_seqnn_outputs/overhead_seqnn5_gate__overhead_shared__gateXX__seed47/results_overhead.csv
827,gate,overhead,shared,overhead_shared__gateXX,48,gate__overhead_shared__gateXX__seed48,89.40754039497307,89.39671814671814,89.50524737631184,,994,144,10,XX,z,shapelet,none,src/sq_seqnn_outputs/overhead_seqnn5_gate__overhead_shared__gateXX__seed48/results_overhead.csv
959,gate,overhead,shared,overhead_shared__gateXX,49,gate__overhead_shared__gateXX__seed49,92.63913824057451,92.63674388674387,89.95502248875562,,994,144,10,XX,z,shapelet,none,src/sq_seqnn_outputs/overhead_seqnn5_gate__overhead_shared__gateXX__seed49/results_overhead.csv
1091,gate,overhead,shared,overhead_shared__gateXX,50,gate__overhead_shared__gateXX__seed50,85.63734290843806,85.63706563706563,85.15742128935531,,994,144,10,XX,z,shapelet,none,src/sq_seqnn_outputs/overhead_seqnn5_gate__overhead_shared__gateXX__seed50/results_overhead.csv
1223,gate,overhead,shared,overhead_shared__gateXX,51,gate__overhead_shared__gateXX__seed51,89.94614003590664,89.9469111969112,89.95502248875562,,994,144,10,XX,z,shapelet,none,src/sq_seqnn_outputs/overhead_seqnn5_gate__overhead_shared__gateXX__seed51/results_overhead.csv
36,gate,overhead,shared,overhead_shared__gateYY,42,gate__overhead_shared__gateYY__seed42,86.53500897666068,86.52027027027029,87.40629685157421,,994,144,10,YY,z,shapelet,none,src/sq_seqnn_outputs/overhead_seqnn5_gate__overhead_shared__gateYY__seed42/results_overhead.csv
168,gate,overhead,shared,overhead_shared__gateYY,43,gate__overhead_shared__gateYY__seed43,88.50987432675045,88.50546975546976,90.55472263868066,,994,144,10,YY,z,shapelet,none,src/sq_seqnn_outputs/overhead_seqnn5_gate__overhead_shared__gateYY__seed43/results_overhead.csv
300,gate,overhead,shared,overhead_shared__gateYY,44,gate__overhead_shared__gateYY__seed44,87.61220825852783,87.61261261261261,89.05547226386807,,994,144,10,YY,z,shapelet,none,src/sq_seqnn_outputs/overhead_seqnn5_gate__overhead_shared__gateYY__seed44/results_overhead.csv
432,gate,overhead,shared,overhead_shared__gateYY,45,gate__overhead_shared__gateYY__seed45,89.76660682226212,89.77477477477478,88.75562218890555,,994,144,10,YY,z,shapelet,none,src/sq_seqnn_outputs/overhead_seqnn5_gate__overhead_shared__gateYY__seed45/results_overhead.csv
564,gate,overhead,shared,overhead_shared__gateYY,46,gate__overhead_shared__gateYY__seed46,86.71454219030521,86.70688545688546,88.9055472263868,,994,144,10,YY,z,shapelet,none,src/sq_seqnn_outputs/overhead_seqnn5_gate__overhead_shared__gateYY__seed46/results_overhead.csv
696,gate,overhead,shared,overhead_shared__gateYY,47,gate__overhead_shared__gateYY__seed47,87.79174147217235,87.7863577863578,89.80509745127436,,994,144,10,YY,z,shapelet,none,src/sq_seqnn_outputs/overhead_seqnn5_gate__overhead_shared__gateYY__seed47/results_overhead.csv
828,gate,overhead,shared,overhead_shared__gateYY,48,gate__overhead_shared__gateYY__seed48,90.30520646319567,90.30244530244532,90.70464767616193,,994,144,10,YY,z,shapelet,none,src/sq_seqnn_outputs/overhead_seqnn5_gate__overhead_shared__gateYY__seed48/results_overhead.csv
960,gate,overhead,shared,overhead_shared__gateYY,49,gate__overhead_shared__gateYY__seed49,92.99820466786356,93.0083655083655,90.25487256371814,,994,144,10,YY,z,shapelet,none,src/sq_seqnn_outputs/overhead_seqnn5_gate__overhead_shared__gateYY__seed49/results_overhead.csv
1092,gate,overhead,shared,overhead_shared__gateYY,50,gate__overhead_shared__gateYY__seed50,87.79174147217235,87.78957528957528,88.00599700149925,,994,144,10,YY,z,shapelet,none,src/sq_seqnn_outputs/overhead_seqnn5_gate__overhead_shared__gateYY__seed50/results_overhead.csv
1224,gate,overhead,shared,overhead_shared__gateYY,51,gate__overhead_shared__gateYY__seed51,90.66427289048474,90.66119691119692,91.45427286356822,,994,144,10,YY,z,shapelet,none,src/sq_seqnn_outputs/overhead_seqnn5_gate__overhead_shared__gateYY__seed51/results_overhead.csv
30,gate,overhead,shared,overhead_shared__gateZZ,42,gate__overhead_shared__gateZZ__seed42,88.33034111310593,88.3172458172458,87.55622188905548,,994,144,10,ZZ,z,shapelet,none,src/sq_seqnn_outputs/overhead_seqnn5_gate__overhead_shared__gateZZ__seed42/results_overhead.csv
162,gate,overhead,shared,overhead_shared__gateZZ,43,gate__overhead_shared__gateZZ__seed43,88.50987432675045,88.48938223938222,88.9055472263868,,994,144,10,ZZ,z,shapelet,none,src/sq_seqnn_outputs/overhead_seqnn5_gate__overhead_shared__gateZZ__seed43/results_overhead.csv
294,gate,overhead,shared,overhead_shared__gateZZ,44,gate__overhead_shared__gateZZ__seed44,88.8689407540395,88.87548262548263,89.20539730134932,,994,144,10,ZZ,z,shapelet,none,src/sq_seqnn_outputs/overhead_seqnn5_gate__overhead_shared__gateZZ__seed44/results_overhead.csv
426,gate,overhead,shared,overhead_shared__gateZZ,45,gate__overhead_shared__gateZZ__seed45,91.38240574506284,91.36904761904763,88.00599700149925,,994,144,10,ZZ,z,shapelet,none,src/sq_seqnn_outputs/overhead_seqnn5_gate__overhead_shared__gateZZ__seed45/results_overhead.csv
558,gate,overhead,shared,overhead_shared__gateZZ,46,gate__overhead_shared__gateZZ__seed46,87.79174147217235,87.77670527670529,88.6056971514243,,994,144,10,ZZ,z,shapelet,none,src/sq_seqnn_outputs/overhead_seqnn5_gate__overhead_shared__gateZZ__seed46/results_overhead.csv
690,gate,overhead,shared,overhead_shared__gateZZ,47,gate__overhead_shared__gateZZ__seed47,88.68940754039497,88.69208494208493,89.05547226386807,,994,144,10,ZZ,z,shapelet,none,src/sq_seqnn_outputs/overhead_seqnn5_gate__overhead_shared__gateZZ__seed47/results_overhead.csv
822,gate,overhead,shared,overhead_shared__gateZZ,48,gate__overhead_shared__gateZZ__seed48,90.66427289048474,90.66280566280568,89.20539730134932,,994,144,10,ZZ,z,shapelet,none,src/sq_seqnn_outputs/overhead_seqnn5_gate__overhead_shared__gateZZ__seed48/results_overhead.csv
954,gate,overhead,shared,overhead_shared__gateZZ,49,gate__overhead_shared__gateZZ__seed49,90.48473967684022,90.48745173745172,88.6056971514243,,994,144,10,ZZ,z,shapelet,none,src/sq_seqnn_outputs/overhead_seqnn5_gate__overhead_shared__gateZZ__seed49/results_overhead.csv
1086,gate,overhead,shared,overhead_shared__gateZZ,50,gate__overhead_shared__gateZZ__seed50,88.68940754039497,88.68243243243244,88.1559220389805,,994,144,10,ZZ,z,shapelet,none,src/sq_seqnn_outputs/overhead_seqnn5_gate__overhead_shared__gateZZ__seed50/results_overhead.csv
1218,gate,overhead,shared,overhead_shared__gateZZ,51,gate__overhead_shared__gateZZ__seed51,90.30520646319567,90.2992277992278,89.50524737631184,,994,144,10,ZZ,z,shapelet,none,src/sq_seqnn_outputs/overhead_seqnn5_gate__overhead_shared__gateZZ__seed51/results_overhead.csv
42,gate,sat6,both,sat6__gateCRY,42,gate__sat6__gateCRY__seed42,96.25,96.25,96.5,,1287,144,10,CRY,x,shapelet,none,src/sq_seqnn_outputs/sat6_default_gate__sat6__gateCRY__seed42/results_sat6.csv
174,gate,sat6,both,sat6__gateCRY,43,gate__sat6__gateCRY__seed43,96.16666666666667,96.16666666666666,97.91666666666666,,1287,144,10,CRY,x,shapelet,none,src/sq_seqnn_outputs/sat6_default_gate__sat6__gateCRY__seed43/results_sat6.csv
306,gate,sat6,both,sat6__gateCRY,44,gate__sat6__gateCRY__seed44,96.58333333333331,96.58333333333331,97.08333333333331,,1287,144,10,CRY,x,shapelet,none,src/sq_seqnn_outputs/sat6_default_gate__sat6__gateCRY__seed44/results_sat6.csv
438,gate,sat6,both,sat6__gateCRY,45,gate__sat6__gateCRY__seed45,97.16666666666669,97.16666666666669,96.58333333333331,,1287,144,10,CRY,x,shapelet,none,src/sq_seqnn_outputs/sat6_default_gate__sat6__gateCRY__seed45/results_sat6.csv
570,gate,sat6,both,sat6__gateCRY,46,gate__sat6__gateCRY__seed46,96.33333333333334,96.33333333333334,96.58333333333331,,1287,144,10,CRY,x,shapelet,none,src/sq_seqnn_outputs/sat6_default_gate__sat6__gateCRY__seed46/results_sat6.csv
702,gate,sat6,both,sat6__gateCRY,47,gate__sat6__gateCRY__seed47,97.33333333333334,97.33333333333331,96.33333333333334,,1287,144,10,CRY,x,shapelet,none,src/sq_seqnn_outputs/sat6_default_gate__sat6__gateCRY__seed47/results_sat6.csv
834,gate,sat6,both,sat6__gateCRY,48,gate__sat6__gateCRY__seed48,96.58333333333331,96.58333333333331,97.16666666666669,,1287,144,10,CRY,x,shapelet,none,src/sq_seqnn_outputs/sat6_default_gate__sat6__gateCRY__seed48/results_sat6.csv
966,gate,sat6,both,sat6__gateCRY,49,gate__sat6__gateCRY__seed49,96.83333333333334,96.83333333333331,96.08333333333331,,1287,144,10,CRY,x,shapelet,none,src/sq_seqnn_outputs/sat6_default_gate__sat6__gateCRY__seed49/results_sat6.csv
1098,gate,sat6,both,sat6__gateCRY,50,gate__sat6__gateCRY__seed50,96.83333333333334,96.83333333333334,97.5,,1287,144,10,CRY,x,shapelet,none,src/sq_seqnn_outputs/sat6_default_gate__sat6__gateCRY__seed50/results_sat6.csv
1230,gate,sat6,both,sat6__gateCRY,51,gate__sat6__gateCRY__seed51,96.33333333333334,96.33333333333334,96.25,,1287,144,10,CRY,x,shapelet,none,src/sq_seqnn_outputs/sat6_default_gate__sat6__gateCRY__seed51/results_sat6.csv
41,gate,sat6,both,sat6__gateCRZ,42,gate__sat6__gateCRZ__seed42,97.66666666666669,97.66666666666666,97.41666666666666,,1287,144,10,CRZ,x,shapelet,none,src/sq_seqnn_outputs/sat6_default_gate__sat6__gateCRZ__seed42/results_sat6.csv
173,gate,sat6,both,sat6__gateCRZ,43,gate__sat6__gateCRZ__seed43,95.41666666666669,95.41666666666666,97.25,,1287,144,10,CRZ,x,shapelet,none,src/sq_seqnn_outputs/sat6_default_gate__sat6__gateCRZ__seed43/results_sat6.csv
305,gate,sat6,both,sat6__gateCRZ,44,gate__sat6__gateCRZ__seed44,96.5,96.5,96.66666666666669,,1287,144,10,CRZ,x,shapelet,none,src/sq_seqnn_outputs/sat6_default_gate__sat6__gateCRZ__seed44/results_sat6.csv
437,gate,sat6,both,sat6__gateCRZ,45,gate__sat6__gateCRZ__seed45,97.66666666666669,97.66666666666669,97.66666666666669,,1287,144,10,CRZ,x,shapelet,none,src/sq_seqnn_outputs/sat6_default_gate__sat6__gateCRZ__seed45/results_sat6.csv
569,gate,sat6,both,sat6__gateCRZ,46,gate__sat6__gateCRZ__seed46,96.58333333333331,96.58333333333331,96.75,,1287,144,10,CRZ,x,shapelet,none,src/sq_seqnn_outputs/sat6_default_gate__sat6__gateCRZ__seed46/results_sat6.csv
701,gate,sat6,both,sat6__gateCRZ,47,gate__sat6__gateCRZ__seed47,96.0,96.0,95.25,,1287,144,10,CRZ,x,shapelet,none,src/sq_seqnn_outputs/sat6_default_gate__sat6__gateCRZ__seed47/results_sat6.csv
833,gate,sat6,both,sat6__gateCRZ,48,gate__sat6__gateCRZ__seed48,96.83333333333334,96.83333333333334,97.25,,1287,144,10,CRZ,x,shapelet,none,src/sq_seqnn_outputs/sat6_default_gate__sat6__gateCRZ__seed48/results_sat6.csv
965,gate,sat6,both,sat6__gateCRZ,49,gate__sat6__gateCRZ__seed49,96.25,96.25,95.5,,1287,144,10,CRZ,x,shapelet,none,src/sq_seqnn_outputs/sat6_default_gate__sat6__gateCRZ__seed49/results_sat6.csv
1097,gate,sat6,both,sat6__gateCRZ,50,gate__sat6__gateCRZ__seed50,96.66666666666669,96.66666666666669,97.33333333333334,,1287,144,10,CRZ,x,shapelet,none,src/sq_seqnn_outputs/sat6_default_gate__sat6__gateCRZ__seed50/results_sat6.csv
1229,gate,sat6,both,sat6__gateCRZ,51,gate__sat6__gateCRZ__seed51,96.83333333333334,96.83333333333334,96.58333333333331,,1287,144,10,CRZ,x,shapelet,none,src/sq_seqnn_outputs/sat6_default_gate__sat6__gateCRZ__seed51/results_sat6.csv
39,gate,sat6,both,sat6__gateCX,42,gate__sat6__gateCX__seed42,96.66666666666669,96.66666666666669,96.83333333333334,,1287,144,10,CX,x,shapelet,none,src/sq_seqnn_outputs/sat6_default_gate__sat6__gateCX__seed42/results_sat6.csv
171,gate,sat6,both,sat6__gateCX,43,gate__sat6__gateCX__seed43,95.83333333333334,95.83333333333334,97.25,,1287,144,10,CX,x,shapelet,none,src/sq_seqnn_outputs/sat6_default_gate__sat6__gateCX__seed43/results_sat6.csv
303,gate,sat6,both,sat6__gateCX,44,gate__sat6__gateCX__seed44,96.0,96.0,96.41666666666666,,1287,144,10,CX,x,shapelet,none,src/sq_seqnn_outputs/sat6_default_gate__sat6__gateCX__seed44/results_sat6.csv
435,gate,sat6,both,sat6__gateCX,45,gate__sat6__gateCX__seed45,96.25,96.25,96.58333333333331,,1287,144,10,CX,x,shapelet,none,src/sq_seqnn_outputs/sat6_default_gate__sat6__gateCX__seed45/results_sat6.csv
567,gate,sat6,both,sat6__gateCX,46,gate__sat6__gateCX__seed46,95.16666666666667,95.16666666666667,96.0,,1287,144,10,CX,x,shapelet,none,src/sq_seqnn_outputs/sat6_default_gate__sat6__gateCX__seed46/results_sat6.csv
699,gate,sat6,both,sat6__gateCX,47,gate__sat6__gateCX__seed47,96.16666666666667,96.16666666666666,95.91666666666666,,1287,144,10,CX,x,shapelet,none,src/sq_seqnn_outputs/sat6_default_gate__sat6__gateCX__seed47/results_sat6.csv
831,gate,sat6,both,sat6__gateCX,48,gate__sat6__gateCX__seed48,96.41666666666666,96.41666666666669,97.33333333333334,,1287,144,10,CX,x,shapelet,none,src/sq_seqnn_outputs/sat6_default_gate__sat6__gateCX__seed48/results_sat6.csv
963,gate,sat6,both,sat6__gateCX,49,gate__sat6__gateCX__seed49,95.66666666666667,95.66666666666667,96.08333333333331,,1287,144,10,CX,x,shapelet,none,src/sq_seqnn_outputs/sat6_default_gate__sat6__gateCX__seed49/results_sat6.csv
1095,gate,sat6,both,sat6__gateCX,50,gate__sat6__gateCX__seed50,96.0,96.0,97.25,,1287,144,10,CX,x,shapelet,none,src/sq_seqnn_outputs/sat6_default_gate__sat6__gateCX__seed50/results_sat6.csv
1227,gate,sat6,both,sat6__gateCX,51,gate__sat6__gateCX__seed51,96.25,96.25,96.66666666666669,,1287,144,10,CX,x,shapelet,none,src/sq_seqnn_outputs/sat6_default_gate__sat6__gateCX__seed51/results_sat6.csv
38,gate,sat6,both,sat6__gateCZ,42,gate__sat6__gateCZ__seed42,96.5,96.5,97.08333333333331,,1287,144,10,CZ,x,shapelet,none,src/sq_seqnn_outputs/sat6_default_gate__sat6__gateCZ__seed42/results_sat6.csv
170,gate,sat6,both,sat6__gateCZ,43,gate__sat6__gateCZ__seed43,95.83333333333334,95.83333333333334,97.08333333333331,,1287,144,10,CZ,x,shapelet,none,src/sq_seqnn_outputs/sat6_default_gate__sat6__gateCZ__seed43/results_sat6.csv
302,gate,sat6,both,sat6__gateCZ,44,gate__sat6__gateCZ__seed44,95.66666666666667,95.66666666666667,95.83333333333334,,1287,144,10,CZ,x,shapelet,none,src/sq_seqnn_outputs/sat6_default_gate__sat6__gateCZ__seed44/results_sat6.csv
434,gate,sat6,both,sat6__gateCZ,45,gate__sat6__gateCZ__seed45,96.5,96.5,96.91666666666666,,1287,144,10,CZ,x,shapelet,none,src/sq_seqnn_outputs/sat6_default_gate__sat6__gateCZ__seed45/results_sat6.csv
566,gate,sat6,both,sat6__gateCZ,46,gate__sat6__gateCZ__seed46,95.91666666666666,95.91666666666666,96.41666666666666,,1287,144,10,CZ,x,shapelet,none,src/sq_seqnn_outputs/sat6_default_gate__sat6__gateCZ__seed46/results_sat6.csv
698,gate,sat6,both,sat6__gateCZ,47,gate__sat6__gateCZ__seed47,96.58333333333331,96.58333333333331,95.5,,1287,144,10,CZ,x,shapelet,none,src/sq_seqnn_outputs/sat6_default_gate__sat6__gateCZ__seed47/results_sat6.csv
830,gate,sat6,both,sat6__gateCZ,48,gate__sat6__gateCZ__seed48,95.83333333333334,95.83333333333334,96.25,,1287,144,10,CZ,x,shapelet,none,src/sq_seqnn_outputs/sat6_default_gate__sat6__gateCZ__seed48/results_sat6.csv
962,gate,sat6,both,sat6__gateCZ,49,gate__sat6__gateCZ__seed49,96.08333333333331,96.08333333333331,96.16666666666667,,1287,144,10,CZ,x,shapelet,none,src/sq_seqnn_outputs/sat6_default_gate__sat6__gateCZ__seed49/results_sat6.csv
1094,gate,sat6,both,sat6__gateCZ,50,gate__sat6__gateCZ__seed50,96.0,96.0,97.16666666666669,,1287,144,10,CZ,x,shapelet,none,src/sq_seqnn_outputs/sat6_default_gate__sat6__gateCZ__seed50/results_sat6.csv
1226,gate,sat6,both,sat6__gateCZ,51,gate__sat6__gateCZ__seed51,94.41666666666669,94.41666666666669,95.5,,1287,144,10,CZ,x,shapelet,none,src/sq_seqnn_outputs/sat6_default_gate__sat6__gateCZ__seed51/results_sat6.csv
40,gate,sat6,both,sat6__gateXY,42,gate__sat6__gateXY__seed42,97.0,97.0,96.75,,1287,144,10,XY,x,shapelet,none,src/sq_seqnn_outputs/sat6_default_gate__sat6__gateXY__seed42/results_sat6.csv
172,gate,sat6,both,sat6__gateXY,43,gate__sat6__gateXY__seed43,95.5,95.5,97.66666666666669,,1287,144,10,XY,x,shapelet,none,src/sq_seqnn_outputs/sat6_default_gate__sat6__gateXY__seed43/results_sat6.csv
304,gate,sat6,both,sat6__gateXY,44,gate__sat6__gateXY__seed44,96.08333333333331,96.08333333333331,96.25,,1287,144,10,XY,x,shapelet,none,src/sq_seqnn_outputs/sat6_default_gate__sat6__gateXY__seed44/results_sat6.csv
436,gate,sat6,both,sat6__gateXY,45,gate__sat6__gateXY__seed45,97.58333333333333,97.58333333333333,97.66666666666669,,1287,144,10,XY,x,shapelet,none,src/sq_seqnn_outputs/sat6_default_gate__sat6__gateXY__seed45/results_sat6.csv
568,gate,sat6,both,sat6__gateXY,46,gate__sat6__gateXY__seed46,95.25,95.25,95.91666666666666,,1287,144,10,XY,x,shapelet,none,src/sq_seqnn_outputs/sat6_default_gate__sat6__gateXY__seed46/results_sat6.csv
700,gate,sat6,both,sat6__gateXY,47,gate__sat6__gateXY__seed47,96.41666666666666,96.41666666666669,96.08333333333331,,1287,144,10,XY,x,shapelet,none,src/sq_seqnn_outputs/sat6_default_gate__sat6__gateXY__seed47/results_sat6.csv
832,gate,sat6,both,sat6__gateXY,48,gate__sat6__gateXY__seed48,96.25,96.25,96.91666666666666,,1287,144,10,XY,x,shapelet,none,src/sq_seqnn_outputs/sat6_default_gate__sat6__gateXY__seed48/results_sat6.csv
964,gate,sat6,both,sat6__gateXY,49,gate__sat6__gateXY__seed49,96.16666666666667,96.16666666666667,96.0,,1287,144,10,XY,x,shapelet,none,src/sq_seqnn_outputs/sat6_default_gate__sat6__gateXY__seed49/results_sat6.csv
1096,gate,sat6,both,sat6__gateXY,50,gate__sat6__gateXY__seed50,96.08333333333331,96.08333333333334,97.0,,1287,144,10,XY,x,shapelet,none,src/sq_seqnn_outputs/sat6_default_gate__sat6__gateXY__seed50/results_sat6.csv
1228,gate,sat6,both,sat6__gateXY,51,gate__sat6__gateXY__seed51,96.25,96.25,96.5,,1287,144,10,XY,x,shapelet,none,src/sq_seqnn_outputs/sat6_default_gate__sat6__gateXY__seed51/results_sat6.csv
43,gate,sat6,both,sat6__gateYY,42,gate__sat6__gateYY__seed42,94.58333333333331,94.58333333333331,95.08333333333331,,1287,144,10,YY,x,shapelet,none,src/sq_seqnn_outputs/sat6_default_gate__sat6__gateYY__seed42/results_sat6.csv
175,gate,sat6,both,sat6__gateYY,43,gate__sat6__gateYY__seed43,96.16666666666667,96.16666666666666,97.83333333333334,,1287,144,10,YY,x,shapelet,none,src/sq_seqnn_outputs/sat6_default_gate__sat6__gateYY__seed43/results_sat6.csv
307,gate,sat6,both,sat6__gateYY,44,gate__sat6__gateYY__seed44,95.5,95.5,96.41666666666666,,1287,144,10,YY,x,shapelet,none,src/sq_seqnn_outputs/sat6_default_gate__sat6__gateYY__seed44/results_sat6.csv
439,gate,sat6,both,sat6__gateYY,45,gate__sat6__gateYY__seed45,97.08333333333331,97.08333333333331,97.25,,1287,144,10,YY,x,shapelet,none,src/sq_seqnn_outputs/sat6_default_gate__sat6__gateYY__seed45/results_sat6.csv
571,gate,sat6,both,sat6__gateYY,46,gate__sat6__gateYY__seed46,95.5,95.5,96.66666666666669,,1287,144,10,YY,x,shapelet,none,src/sq_seqnn_outputs/sat6_default_gate__sat6__gateYY__seed46/results_sat6.csv
703,gate,sat6,both,sat6__gateYY,47,gate__sat6__gateYY__seed47,96.5,96.5,96.25,,1287,144,10,YY,x,shapelet,none,src/sq_seqnn_outputs/sat6_default_gate__sat6__gateYY__seed47/results_sat6.csv
835,gate,sat6,both,sat6__gateYY,48,gate__sat6__gateYY__seed48,95.66666666666667,95.66666666666667,96.66666666666669,,1287,144,10,YY,x,shapelet,none,src/sq_seqnn_outputs/sat6_default_gate__sat6__gateYY__seed48/results_sat6.csv
967,gate,sat6,both,sat6__gateYY,49,gate__sat6__gateYY__seed49,96.58333333333331,96.58333333333331,96.5,,1287,144,10,YY,x,shapelet,none,src/sq_seqnn_outputs/sat6_default_gate__sat6__gateYY__seed49/results_sat6.csv
1099,gate,sat6,both,sat6__gateYY,50,gate__sat6__gateYY__seed50,95.83333333333334,95.83333333333334,97.0,,1287,144,10,YY,x,shapelet,none,src/sq_seqnn_outputs/sat6_default_gate__sat6__gateYY__seed50/results_sat6.csv
1231,gate,sat6,both,sat6__gateYY,51,gate__sat6__gateYY__seed51,96.33333333333334,96.33333333333334,96.58333333333331,,1287,144,10,YY,x,shapelet,none,src/sq_seqnn_outputs/sat6_default_gate__sat6__gateYY__seed51/results_sat6.csv
37,gate,sat6,both,sat6__gateZZ,42,gate__sat6__gateZZ__seed42,96.41666666666666,96.41666666666669,97.16666666666669,,1287,144,10,ZZ,x,shapelet,none,src/sq_seqnn_outputs/sat6_default_gate__sat6__gateZZ__seed42/results_sat6.csv
169,gate,sat6,both,sat6__gateZZ,43,gate__sat6__gateZZ__seed43,96.41666666666666,96.41666666666664,98.0,,1287,144,10,ZZ,x,shapelet,none,src/sq_seqnn_outputs/sat6_default_gate__sat6__gateZZ__seed43/results_sat6.csv
301,gate,sat6,both,sat6__gateZZ,44,gate__sat6__gateZZ__seed44,96.0,96.0,96.66666666666669,,1287,144,10,ZZ,x,shapelet,none,src/sq_seqnn_outputs/sat6_default_gate__sat6__gateZZ__seed44/results_sat6.csv
433,gate,sat6,both,sat6__gateZZ,45,gate__sat6__gateZZ__seed45,96.0,96.0,96.58333333333331,,1287,144,10,ZZ,x,shapelet,none,src/sq_seqnn_outputs/sat6_default_gate__sat6__gateZZ__seed45/results_sat6.csv
565,gate,sat6,both,sat6__gateZZ,46,gate__sat6__gateZZ__seed46,95.33333333333334,95.33333333333333,96.58333333333331,,1287,144,10,ZZ,x,shapelet,none,src/sq_seqnn_outputs/sat6_default_gate__sat6__gateZZ__seed46/results_sat6.csv
697,gate,sat6,both,sat6__gateZZ,47,gate__sat6__gateZZ__seed47,96.91666666666666,96.91666666666666,95.91666666666666,,1287,144,10,ZZ,x,shapelet,none,src/sq_seqnn_outputs/sat6_default_gate__sat6__gateZZ__seed47/results_sat6.csv
829,gate,sat6,both,sat6__gateZZ,48,gate__sat6__gateZZ__seed48,96.33333333333334,96.33333333333331,97.33333333333334,,1287,144,10,ZZ,x,shapelet,none,src/sq_seqnn_outputs/sat6_default_gate__sat6__gateZZ__seed48/results_sat6.csv
961,gate,sat6,both,sat6__gateZZ,49,gate__sat6__gateZZ__seed49,96.5,96.5,95.91666666666666,,1287,144,10,ZZ,x,shapelet,none,src/sq_seqnn_outputs/sat6_default_gate__sat6__gateZZ__seed49/results_sat6.csv
1093,gate,sat6,both,sat6__gateZZ,50,gate__sat6__gateZZ__seed50,95.41666666666669,95.41666666666669,97.41666666666666,,1287,144,10,ZZ,x,shapelet,none,src/sq_seqnn_outputs/sat6_default_gate__sat6__gateZZ__seed50/results_sat6.csv
1225,gate,sat6,both,sat6__gateZZ,51,gate__sat6__gateZZ__seed51,96.5,96.5,97.0,,1287,144,10,ZZ,x,shapelet,none,src/sq_seqnn_outputs/sat6_default_gate__sat6__gateZZ__seed51/results_sat6.csv
48,gate,so2sat,adaptive,so2sat_adaptive__gateCRZ,42,gate__so2sat_adaptive__gateCRZ__seed42,94.65,94.65,94.69999999999999,,1139,144,10,CRZ,xyz,global,none,src/sq_seqnn_outputs/so2sat_default_gate__so2sat_adaptive__gateCRZ__seed42/results_so2sat.csv
180,gate,so2sat,adaptive,so2sat_adaptive__gateCRZ,43,gate__so2sat_adaptive__gateCRZ__seed43,94.69999999999999,94.69999999999999,94.5,,1139,144,10,CRZ,xyz,global,none,src/sq_seqnn_outputs/so2sat_default_gate__so2sat_adaptive__gateCRZ__seed43/results_so2sat.csv
312,gate,so2sat,adaptive,so2sat_adaptive__gateCRZ,44,gate__so2sat_adaptive__gateCRZ__seed44,93.95,93.95,94.5,,1139,144,10,CRZ,xyz,global,none,src/sq_seqnn_outputs/so2sat_default_gate__so2sat_adaptive__gateCRZ__seed44/results_so2sat.csv
444,gate,so2sat,adaptive,so2sat_adaptive__gateCRZ,45,gate__so2sat_adaptive__gateCRZ__seed45,92.4,92.4,94.15,,1139,144,10,CRZ,xyz,global,none,src/sq_seqnn_outputs/so2sat_default_gate__so2sat_adaptive__gateCRZ__seed45/results_so2sat.csv
576,gate,so2sat,adaptive,so2sat_adaptive__gateCRZ,46,gate__so2sat_adaptive__gateCRZ__seed46,94.19999999999999,94.19999999999999,94.69999999999999,,1139,144,10,CRZ,xyz,global,none,src/sq_seqnn_outputs/so2sat_default_gate__so2sat_adaptive__gateCRZ__seed46/results_so2sat.csv
708,gate,so2sat,adaptive,so2sat_adaptive__gateCRZ,47,gate__so2sat_adaptive__gateCRZ__seed47,94.0,94.0,94.0,,1139,144,10,CRZ,xyz,global,none,src/sq_seqnn_outputs/so2sat_default_gate__so2sat_adaptive__gateCRZ__seed47/results_so2sat.csv
840,gate,so2sat,adaptive,so2sat_adaptive__gateCRZ,48,gate__so2sat_adaptive__gateCRZ__seed48,94.3,94.3,93.89999999999999,,1139,144,10,CRZ,xyz,global,none,src/sq_seqnn_outputs/so2sat_default_gate__so2sat_adaptive__gateCRZ__seed48/results_so2sat.csv
972,gate,so2sat,adaptive,so2sat_adaptive__gateCRZ,49,gate__so2sat_adaptive__gateCRZ__seed49,93.65,93.65,94.39999999999999,,1139,144,10,CRZ,xyz,global,none,src/sq_seqnn_outputs/so2sat_default_gate__so2sat_adaptive__gateCRZ__seed49/results_so2sat.csv
1104,gate,so2sat,adaptive,so2sat_adaptive__gateCRZ,50,gate__so2sat_adaptive__gateCRZ__seed50,94.25,94.25,94.05,,1139,144,10,CRZ,xyz,global,none,src/sq_seqnn_outputs/so2sat_default_gate__so2sat_adaptive__gateCRZ__seed50/results_so2sat.csv
1236,gate,so2sat,adaptive,so2sat_adaptive__gateCRZ,51,gate__so2sat_adaptive__gateCRZ__seed51,94.39999999999999,94.39999999999999,94.6,,1139,144,10,CRZ,xyz,global,none,src/sq_seqnn_outputs/so2sat_default_gate__so2sat_adaptive__gateCRZ__seed51/results_so2sat.csv
46,gate,so2sat,adaptive,so2sat_adaptive__gateCX,42,gate__so2sat_adaptive__gateCX__seed42,94.55,94.55,94.15,,1139,144,10,CX,xyz,global,none,src/sq_seqnn_outputs/so2sat_default_gate__so2sat_adaptive__gateCX__seed42/results_so2sat.csv
178,gate,so2sat,adaptive,so2sat_adaptive__gateCX,43,gate__so2sat_adaptive__gateCX__seed43,94.39999999999999,94.39999999999999,94.39999999999999,,1139,144,10,CX,xyz,global,none,src/sq_seqnn_outputs/so2sat_default_gate__so2sat_adaptive__gateCX__seed43/results_so2sat.csv
310,gate,so2sat,adaptive,so2sat_adaptive__gateCX,44,gate__so2sat_adaptive__gateCX__seed44,94.69999999999999,94.69999999999999,94.55,,1139,144,10,CX,xyz,global,none,src/sq_seqnn_outputs/so2sat_default_gate__so2sat_adaptive__gateCX__seed44/results_so2sat.csv
442,gate,so2sat,adaptive,so2sat_adaptive__gateCX,45,gate__so2sat_adaptive__gateCX__seed45,94.15,94.15,94.6,,1139,144,10,CX,xyz,global,none,src/sq_seqnn_outputs/so2sat_default_gate__so2sat_adaptive__gateCX__seed45/results_so2sat.csv
574,gate,so2sat,adaptive,so2sat_adaptive__gateCX,46,gate__so2sat_adaptive__gateCX__seed46,93.89999999999999,93.89999999999999,94.75,,1139,144,10,CX,xyz,global,none,src/sq_seqnn_outputs/so2sat_default_gate__so2sat_adaptive__gateCX__seed46/results_so2sat.csv
706,gate,so2sat,adaptive,so2sat_adaptive__gateCX,47,gate__so2sat_adaptive__gateCX__seed47,94.05,94.05,93.8,,1139,144,10,CX,xyz,global,none,src/sq_seqnn_outputs/so2sat_default_gate__so2sat_adaptive__gateCX__seed47/results_so2sat.csv
838,gate,so2sat,adaptive,so2sat_adaptive__gateCX,48,gate__so2sat_adaptive__gateCX__seed48,93.8,93.8,93.4,,1139,144,10,CX,xyz,global,none,src/sq_seqnn_outputs/so2sat_default_gate__so2sat_adaptive__gateCX__seed48/results_so2sat.csv
970,gate,so2sat,adaptive,so2sat_adaptive__gateCX,49,gate__so2sat_adaptive__gateCX__seed49,94.55,94.55,95.15,,1139,144,10,CX,xyz,global,none,src/sq_seqnn_outputs/so2sat_default_gate__so2sat_adaptive__gateCX__seed49/results_so2sat.csv
1102,gate,so2sat,adaptive,so2sat_adaptive__gateCX,50,gate__so2sat_adaptive__gateCX__seed50,94.15,94.15,93.65,,1139,144,10,CX,xyz,global,none,src/sq_seqnn_outputs/so2sat_default_gate__so2sat_adaptive__gateCX__seed50/results_so2sat.csv
1234,gate,so2sat,adaptive,so2sat_adaptive__gateCX,51,gate__so2sat_adaptive__gateCX__seed51,95.1,95.1,95.39999999999999,,1139,144,10,CX,xyz,global,none,src/sq_seqnn_outputs/so2sat_default_gate__so2sat_adaptive__gateCX__seed51/results_so2sat.csv
45,gate,so2sat,adaptive,so2sat_adaptive__gateCZ,42,gate__so2sat_adaptive__gateCZ__seed42,94.05,94.05,94.5,,1139,144,10,CZ,xyz,global,none,src/sq_seqnn_outputs/so2sat_default_gate__so2sat_adaptive__gateCZ__seed42/results_so2sat.csv
177,gate,so2sat,adaptive,so2sat_adaptive__gateCZ,43,gate__so2sat_adaptive__gateCZ__seed43,94.55,94.55,94.8,,1139,144,10,CZ,xyz,global,none,src/sq_seqnn_outputs/so2sat_default_gate__so2sat_adaptive__gateCZ__seed43/results_so2sat.csv
309,gate,so2sat,adaptive,so2sat_adaptive__gateCZ,44,gate__so2sat_adaptive__gateCZ__seed44,94.0,94.0,94.25,,1139,144,10,CZ,xyz,global,none,src/sq_seqnn_outputs/so2sat_default_gate__so2sat_adaptive__gateCZ__seed44/results_so2sat.csv
441,gate,so2sat,adaptive,so2sat_adaptive__gateCZ,45,gate__so2sat_adaptive__gateCZ__seed45,93.0,93.0,93.7,,1139,144,10,CZ,xyz,global,none,src/sq_seqnn_outputs/so2sat_default_gate__so2sat_adaptive__gateCZ__seed45/results_so2sat.csv
573,gate,so2sat,adaptive,so2sat_adaptive__gateCZ,46,gate__so2sat_adaptive__gateCZ__seed46,93.85,93.85,94.5,,1139,144,10,CZ,xyz,global,none,src/sq_seqnn_outputs/so2sat_default_gate__so2sat_adaptive__gateCZ__seed46/results_so2sat.csv
705,gate,so2sat,adaptive,so2sat_adaptive__gateCZ,47,gate__so2sat_adaptive__gateCZ__seed47,94.1,94.1,93.75,,1139,144,10,CZ,xyz,global,none,src/sq_seqnn_outputs/so2sat_default_gate__so2sat_adaptive__gateCZ__seed47/results_so2sat.csv
837,gate,so2sat,adaptive,so2sat_adaptive__gateCZ,48,gate__so2sat_adaptive__gateCZ__seed48,94.35,94.35,94.25,,1139,144,10,CZ,xyz,global,none,src/sq_seqnn_outputs/so2sat_default_gate__so2sat_adaptive__gateCZ__seed48/results_so2sat.csv
969,gate,so2sat,adaptive,so2sat_adaptive__gateCZ,49,gate__so2sat_adaptive__gateCZ__seed49,94.3,94.3,95.05,,1139,144,10,CZ,xyz,global,none,src/sq_seqnn_outputs/so2sat_default_gate__so2sat_adaptive__gateCZ__seed49/results_so2sat.csv
1101,gate,so2sat,adaptive,so2sat_adaptive__gateCZ,50,gate__so2sat_adaptive__gateCZ__seed50,94.19999999999999,94.19999999999999,94.3,,1139,144,10,CZ,xyz,global,none,src/sq_seqnn_outputs/so2sat_default_gate__so2sat_adaptive__gateCZ__seed50/results_so2sat.csv
1233,gate,so2sat,adaptive,so2sat_adaptive__gateCZ,51,gate__so2sat_adaptive__gateCZ__seed51,94.95,94.95,94.95,,1139,144,10,CZ,xyz,global,none,src/sq_seqnn_outputs/so2sat_default_gate__so2sat_adaptive__gateCZ__seed51/results_so2sat.csv
49,gate,so2sat,adaptive,so2sat_adaptive__gateXX,42,gate__so2sat_adaptive__gateXX__seed42,94.69999999999999,94.69999999999999,94.1,,1139,144,10,XX,xyz,global,none,src/sq_seqnn_outputs/so2sat_default_gate__so2sat_adaptive__gateXX__seed42/results_so2sat.csv
181,gate,so2sat,adaptive,so2sat_adaptive__gateXX,43,gate__so2sat_adaptive__gateXX__seed43,94.15,94.15,93.95,,1139,144,10,XX,xyz,global,none,src/sq_seqnn_outputs/so2sat_default_gate__so2sat_adaptive__gateXX__seed43/results_so2sat.csv
313,gate,so2sat,adaptive,so2sat_adaptive__gateXX,44,gate__so2sat_adaptive__gateXX__seed44,94.25,94.25,94.65,,1139,144,10,XX,xyz,global,none,src/sq_seqnn_outputs/so2sat_default_gate__so2sat_adaptive__gateXX__seed44/results_so2sat.csv
445,gate,so2sat,adaptive,so2sat_adaptive__gateXX,45,gate__so2sat_adaptive__gateXX__seed45,93.7,93.7,94.65,,1139,144,10,XX,xyz,global,none,src/sq_seqnn_outputs/so2sat_default_gate__so2sat_adaptive__gateXX__seed45/results_so2sat.csv
577,gate,so2sat,adaptive,so2sat_adaptive__gateXX,46,gate__so2sat_adaptive__gateXX__seed46,92.9,92.9,94.75,,1139,144,10,XX,xyz,global,none,src/sq_seqnn_outputs/so2sat_default_gate__so2sat_adaptive__gateXX__seed46/results_so2sat.csv
709,gate,so2sat,adaptive,so2sat_adaptive__gateXX,47,gate__so2sat_adaptive__gateXX__seed47,93.95,93.95,93.5,,1139,144,10,XX,xyz,global,none,src/sq_seqnn_outputs/so2sat_default_gate__so2sat_adaptive__gateXX__seed47/results_so2sat.csv
841,gate,so2sat,adaptive,so2sat_adaptive__gateXX,48,gate__so2sat_adaptive__gateXX__seed48,94.05,94.05,94.19999999999999,,1139,144,10,XX,xyz,global,none,src/sq_seqnn_outputs/so2sat_default_gate__so2sat_adaptive__gateXX__seed48/results_so2sat.csv
973,gate,so2sat,adaptive,so2sat_adaptive__gateXX,49,gate__so2sat_adaptive__gateXX__seed49,93.89999999999999,93.89999999999999,95.1,,1139,144,10,XX,xyz,global,none,src/sq_seqnn_outputs/so2sat_default_gate__so2sat_adaptive__gateXX__seed49/results_so2sat.csv
1105,gate,so2sat,adaptive,so2sat_adaptive__gateXX,50,gate__so2sat_adaptive__gateXX__seed50,93.7,93.7,94.35,,1139,144,10,XX,xyz,global,none,src/sq_seqnn_outputs/so2sat_default_gate__so2sat_adaptive__gateXX__seed50/results_so2sat.csv
1237,gate,so2sat,adaptive,so2sat_adaptive__gateXX,51,gate__so2sat_adaptive__gateXX__seed51,95.15,95.15,95.25,,1139,144,10,XX,xyz,global,none,src/sq_seqnn_outputs/so2sat_default_gate__so2sat_adaptive__gateXX__seed51/results_so2sat.csv
47,gate,so2sat,adaptive,so2sat_adaptive__gateXY,42,gate__so2sat_adaptive__gateXY__seed42,94.0,94.0,94.69999999999999,,1139,144,10,XY,xyz,global,none,src/sq_seqnn_outputs/so2sat_default_gate__so2sat_adaptive__gateXY__seed42/results_so2sat.csv
179,gate,so2sat,adaptive,so2sat_adaptive__gateXY,43,gate__so2sat_adaptive__gateXY__seed43,94.75,94.75,94.19999999999999,,1139,144,10,XY,xyz,global,none,src/sq_seqnn_outputs/so2sat_default_gate__so2sat_adaptive__gateXY__seed43/results_so2sat.csv
311,gate,so2sat,adaptive,so2sat_adaptive__gateXY,44,gate__so2sat_adaptive__gateXY__seed44,94.25,94.25,94.75,,1139,144,10,XY,xyz,global,none,src/sq_seqnn_outputs/so2sat_default_gate__so2sat_adaptive__gateXY__seed44/results_so2sat.csv
443,gate,so2sat,adaptive,so2sat_adaptive__gateXY,45,gate__so2sat_adaptive__gateXY__seed45,93.8,93.8,94.6,,1139,144,10,XY,xyz,global,none,src/sq_seqnn_outputs/so2sat_default_gate__so2sat_adaptive__gateXY__seed45/results_so2sat.csv
575,gate,so2sat,adaptive,so2sat_adaptive__gateXY,46,gate__so2sat_adaptive__gateXY__seed46,93.89999999999999,93.89999999999999,94.65,,1139,144,10,XY,xyz,global,none,src/sq_seqnn_outputs/so2sat_default_gate__so2sat_adaptive__gateXY__seed46/results_so2sat.csv
707,gate,so2sat,adaptive,so2sat_adaptive__gateXY,47,gate__so2sat_adaptive__gateXY__seed47,94.3,94.3,93.85,,1139,144,10,XY,xyz,global,none,src/sq_seqnn_outputs/so2sat_default_gate__so2sat_adaptive__gateXY__seed47/results_so2sat.csv
839,gate,so2sat,adaptive,so2sat_adaptive__gateXY,48,gate__so2sat_adaptive__gateXY__seed48,93.55,93.55,94.0,,1139,144,10,XY,xyz,global,none,src/sq_seqnn_outputs/so2sat_default_gate__so2sat_adaptive__gateXY__seed48/results_so2sat.csv
971,gate,so2sat,adaptive,so2sat_adaptive__gateXY,49,gate__so2sat_adaptive__gateXY__seed49,94.15,94.15,95.05,,1139,144,10,XY,xyz,global,none,src/sq_seqnn_outputs/so2sat_default_gate__so2sat_adaptive__gateXY__seed49/results_so2sat.csv
1103,gate,so2sat,adaptive,so2sat_adaptive__gateXY,50,gate__so2sat_adaptive__gateXY__seed50,93.55,93.55,94.0,,1139,144,10,XY,xyz,global,none,src/sq_seqnn_outputs/so2sat_default_gate__so2sat_adaptive__gateXY__seed50/results_so2sat.csv
1235,gate,so2sat,adaptive,so2sat_adaptive__gateXY,51,gate__so2sat_adaptive__gateXY__seed51,94.85,94.85,95.15,,1139,144,10,XY,xyz,global,none,src/sq_seqnn_outputs/so2sat_default_gate__so2sat_adaptive__gateXY__seed51/results_so2sat.csv
50,gate,so2sat,adaptive,so2sat_adaptive__gateYY,42,gate__so2sat_adaptive__gateYY__seed42,94.65,94.65,94.75,,1139,144,10,YY,xyz,global,none,src/sq_seqnn_outputs/so2sat_default_gate__so2sat_adaptive__gateYY__seed42/results_so2sat.csv
182,gate,so2sat,adaptive,so2sat_adaptive__gateYY,43,gate__so2sat_adaptive__gateYY__seed43,94.65,94.65,94.5,,1139,144,10,YY,xyz,global,none,src/sq_seqnn_outputs/so2sat_default_gate__so2sat_adaptive__gateYY__seed43/results_so2sat.csv
314,gate,so2sat,adaptive,so2sat_adaptive__gateYY,44,gate__so2sat_adaptive__gateYY__seed44,94.15,94.15,94.55,,1139,144,10,YY,xyz,global,none,src/sq_seqnn_outputs/so2sat_default_gate__so2sat_adaptive__gateYY__seed44/results_so2sat.csv
446,gate,so2sat,adaptive,so2sat_adaptive__gateYY,45,gate__so2sat_adaptive__gateYY__seed45,94.39999999999999,94.39999999999999,94.8,,1139,144,10,YY,xyz,global,none,src/sq_seqnn_outputs/so2sat_default_gate__so2sat_adaptive__gateYY__seed45/results_so2sat.csv
578,gate,so2sat,adaptive,so2sat_adaptive__gateYY,46,gate__so2sat_adaptive__gateYY__seed46,94.15,94.15,95.15,,1139,144,10,YY,xyz,global,none,src/sq_seqnn_outputs/so2sat_default_gate__so2sat_adaptive__gateYY__seed46/results_so2sat.csv
710,gate,so2sat,adaptive,so2sat_adaptive__gateYY,47,gate__so2sat_adaptive__gateYY__seed47,94.1,94.1,93.60000000000001,,1139,144,10,YY,xyz,global,none,src/sq_seqnn_outputs/so2sat_default_gate__so2sat_adaptive__gateYY__seed47/results_so2sat.csv
842,gate,so2sat,adaptive,so2sat_adaptive__gateYY,48,gate__so2sat_adaptive__gateYY__seed48,94.3,94.3,93.8,,1139,144,10,YY,xyz,global,none,src/sq_seqnn_outputs/so2sat_default_gate__so2sat_adaptive__gateYY__seed48/results_so2sat.csv
974,gate,so2sat,adaptive,so2sat_adaptive__gateYY,49,gate__so2sat_adaptive__gateYY__seed49,94.8,94.8,95.19999999999999,,1139,144,10,YY,xyz,global,none,src/sq_seqnn_outputs/so2sat_default_gate__so2sat_adaptive__gateYY__seed49/results_so2sat.csv
1106,gate,so2sat,adaptive,so2sat_adaptive__gateYY,50,gate__so2sat_adaptive__gateYY__seed50,94.65,94.65,94.19999999999999,,1139,144,10,YY,xyz,global,none,src/sq_seqnn_outputs/so2sat_default_gate__so2sat_adaptive__gateYY__seed50/results_so2sat.csv
1238,gate,so2sat,adaptive,so2sat_adaptive__gateYY,51,gate__so2sat_adaptive__gateYY__seed51,95.1,95.09999999999998,95.25,,1139,144,10,YY,xyz,global,none,src/sq_seqnn_outputs/so2sat_default_gate__so2sat_adaptive__gateYY__seed51/results_so2sat.csv
44,gate,so2sat,adaptive,so2sat_adaptive__gateZZ,42,gate__so2sat_adaptive__gateZZ__seed42,94.65,94.65,94.3,,1139,144,10,ZZ,xyz,global,none,src/sq_seqnn_outputs/so2sat_default_gate__so2sat_adaptive__gateZZ__seed42/results_so2sat.csv
176,gate,so2sat,adaptive,so2sat_adaptive__gateZZ,43,gate__so2sat_adaptive__gateZZ__seed43,94.69999999999999,94.69999999999999,94.89999999999999,,1139,144,10,ZZ,xyz,global,none,src/sq_seqnn_outputs/so2sat_default_gate__so2sat_adaptive__gateZZ__seed43/results_so2sat.csv
308,gate,so2sat,adaptive,so2sat_adaptive__gateZZ,44,gate__so2sat_adaptive__gateZZ__seed44,94.25,94.25,94.6,,1139,144,10,ZZ,xyz,global,none,src/sq_seqnn_outputs/so2sat_default_gate__so2sat_adaptive__gateZZ__seed44/results_so2sat.csv
440,gate,so2sat,adaptive,so2sat_adaptive__gateZZ,45,gate__so2sat_adaptive__gateZZ__seed45,93.2,93.2,94.65,,1139,144,10,ZZ,xyz,global,none,src/sq_seqnn_outputs/so2sat_default_gate__so2sat_adaptive__gateZZ__seed45/results_so2sat.csv
572,gate,so2sat,adaptive,so2sat_adaptive__gateZZ,46,gate__so2sat_adaptive__gateZZ__seed46,93.8,93.8,94.65,,1139,144,10,ZZ,xyz,global,none,src/sq_seqnn_outputs/so2sat_default_gate__so2sat_adaptive__gateZZ__seed46/results_so2sat.csv
704,gate,so2sat,adaptive,so2sat_adaptive__gateZZ,47,gate__so2sat_adaptive__gateZZ__seed47,94.0,94.0,93.75,,1139,144,10,ZZ,xyz,global,none,src/sq_seqnn_outputs/so2sat_default_gate__so2sat_adaptive__gateZZ__seed47/results_so2sat.csv
836,gate,so2sat,adaptive,so2sat_adaptive__gateZZ,48,gate__so2sat_adaptive__gateZZ__seed48,93.7,93.7,93.7,,1139,144,10,ZZ,xyz,global,none,src/sq_seqnn_outputs/so2sat_default_gate__so2sat_adaptive__gateZZ__seed48/results_so2sat.csv
968,gate,so2sat,adaptive,so2sat_adaptive__gateZZ,49,gate__so2sat_adaptive__gateZZ__seed49,94.39999999999999,94.39999999999999,95.1,,1139,144,10,ZZ,xyz,global,none,src/sq_seqnn_outputs/so2sat_default_gate__so2sat_adaptive__gateZZ__seed49/results_so2sat.csv
1100,gate,so2sat,adaptive,so2sat_adaptive__gateZZ,50,gate__so2sat_adaptive__gateZZ__seed50,94.55,94.55,94.39999999999999,,1139,144,10,ZZ,xyz,global,none,src/sq_seqnn_outputs/so2sat_default_gate__so2sat_adaptive__gateZZ__seed50/results_so2sat.csv
1232,gate,so2sat,adaptive,so2sat_adaptive__gateZZ,51,gate__so2sat_adaptive__gateZZ__seed51,94.25,94.25,94.6,,1139,144,10,ZZ,xyz,global,none,src/sq_seqnn_outputs/so2sat_default_gate__so2sat_adaptive__gateZZ__seed51/results_so2sat.csv
55,gate,so2sat,shared,so2sat_shared__gateCRY,42,gate__so2sat_shared__gateCRY__seed42,95.8,95.80000000000001,95.1,,1012,144,10,CRY,x,shapelet,none,src/sq_seqnn_outputs/so2sat_default_gate__so2sat_shared__gateCRY__seed42/results_so2sat.csv
187,gate,so2sat,shared,so2sat_shared__gateCRY,43,gate__so2sat_shared__gateCRY__seed43,95.75,95.75,95.7,,1012,144,10,CRY,x,shapelet,none,src/sq_seqnn_outputs/so2sat_default_gate__so2sat_shared__gateCRY__seed43/results_so2sat.csv
319,gate,so2sat,shared,so2sat_shared__gateCRY,44,gate__so2sat_shared__gateCRY__seed44,94.69999999999999,94.69999999999999,94.95,,1012,144,10,CRY,x,shapelet,none,src/sq_seqnn_outputs/so2sat_default_gate__so2sat_shared__gateCRY__seed44/results_so2sat.csv
451,gate,so2sat,shared,so2sat_shared__gateCRY,45,gate__so2sat_shared__gateCRY__seed45,94.39999999999999,94.39999999999999,96.2,,1012,144,10,CRY,x,shapelet,none,src/sq_seqnn_outputs/so2sat_default_gate__so2sat_shared__gateCRY__seed45/results_so2sat.csv
583,gate,so2sat,shared,so2sat_shared__gateCRY,46,gate__so2sat_shared__gateCRY__seed46,95.05,95.05,95.89999999999999,,1012,144,10,CRY,x,shapelet,none,src/sq_seqnn_outputs/so2sat_default_gate__so2sat_shared__gateCRY__seed46/results_so2sat.csv
715,gate,so2sat,shared,so2sat_shared__gateCRY,47,gate__so2sat_shared__gateCRY__seed47,95.45,95.45,95.45,,1012,144,10,CRY,x,shapelet,none,src/sq_seqnn_outputs/so2sat_default_gate__so2sat_shared__gateCRY__seed47/results_so2sat.csv
847,gate,so2sat,shared,so2sat_shared__gateCRY,48,gate__so2sat_shared__gateCRY__seed48,94.85,94.85,95.65,,1012,144,10,CRY,x,shapelet,none,src/sq_seqnn_outputs/so2sat_default_gate__so2sat_shared__gateCRY__seed48/results_so2sat.csv
979,gate,so2sat,shared,so2sat_shared__gateCRY,49,gate__so2sat_shared__gateCRY__seed49,95.1,95.1,96.15,,1012,144,10,CRY,x,shapelet,none,src/sq_seqnn_outputs/so2sat_default_gate__so2sat_shared__gateCRY__seed49/results_so2sat.csv
1111,gate,so2sat,shared,so2sat_shared__gateCRY,50,gate__so2sat_shared__gateCRY__seed50,95.1,95.1,95.35,,1012,144,10,CRY,x,shapelet,none,src/sq_seqnn_outputs/so2sat_default_gate__so2sat_shared__gateCRY__seed50/results_so2sat.csv
1243,gate,so2sat,shared,so2sat_shared__gateCRY,51,gate__so2sat_shared__gateCRY__seed51,96.0,96.0,96.05,,1012,144,10,CRY,x,shapelet,none,src/sq_seqnn_outputs/so2sat_default_gate__so2sat_shared__gateCRY__seed51/results_so2sat.csv
54,gate,so2sat,shared,so2sat_shared__gateCRZ,42,gate__so2sat_shared__gateCRZ__seed42,95.15,95.15,95.39999999999999,,1012,144,10,CRZ,x,shapelet,none,src/sq_seqnn_outputs/so2sat_default_gate__so2sat_shared__gateCRZ__seed42/results_so2sat.csv
186,gate,so2sat,shared,so2sat_shared__gateCRZ,43,gate__so2sat_shared__gateCRZ__seed43,95.05,95.05,95.39999999999999,,1012,144,10,CRZ,x,shapelet,none,src/sq_seqnn_outputs/so2sat_default_gate__so2sat_shared__gateCRZ__seed43/results_so2sat.csv
318,gate,so2sat,shared,so2sat_shared__gateCRZ,44,gate__so2sat_shared__gateCRZ__seed44,95.1,95.1,95.1,,1012,144,10,CRZ,x,shapelet,none,src/sq_seqnn_outputs/so2sat_default_gate__so2sat_shared__gateCRZ__seed44/results_so2sat.csv
450,gate,so2sat,shared,so2sat_shared__gateCRZ,45,gate__so2sat_shared__gateCRZ__seed45,94.6,94.6,96.05,,1012,144,10,CRZ,x,shapelet,none,src/sq_seqnn_outputs/so2sat_default_gate__so2sat_shared__gateCRZ__seed45/results_so2sat.csv
582,gate,so2sat,shared,so2sat_shared__gateCRZ,46,gate__so2sat_shared__gateCRZ__seed46,93.10000000000001,93.09999999999998,94.75,,1012,144,10,CRZ,x,shapelet,none,src/sq_seqnn_outputs/so2sat_default_gate__so2sat_shared__gateCRZ__seed46/results_so2sat.csv
714,gate,so2sat,shared,so2sat_shared__gateCRZ,47,gate__so2sat_shared__gateCRZ__seed47,95.15,95.15,95.15,,1012,144,10,CRZ,x,shapelet,none,src/sq_seqnn_outputs/so2sat_default_gate__so2sat_shared__gateCRZ__seed47/results_so2sat.csv
846,gate,so2sat,shared,so2sat_shared__gateCRZ,48,gate__so2sat_shared__gateCRZ__seed48,94.19999999999999,94.19999999999999,95.15,,1012,144,10,CRZ,x,shapelet,none,src/sq_seqnn_outputs/so2sat_default_gate__so2sat_shared__gateCRZ__seed48/results_so2sat.csv
978,gate,so2sat,shared,so2sat_shared__gateCRZ,49,gate__so2sat_shared__gateCRZ__seed49,94.95,94.95,96.05,,1012,144,10,CRZ,x,shapelet,none,src/sq_seqnn_outputs/so2sat_default_gate__so2sat_shared__gateCRZ__seed49/results_so2sat.csv
1110,gate,so2sat,shared,so2sat_shared__gateCRZ,50,gate__so2sat_shared__gateCRZ__seed50,95.39999999999999,95.39999999999999,96.39999999999999,,1012,144,10,CRZ,x,shapelet,none,src/sq_seqnn_outputs/so2sat_default_gate__so2sat_shared__gateCRZ__seed50/results_so2sat.csv
1242,gate,so2sat,shared,so2sat_shared__gateCRZ,51,gate__so2sat_shared__gateCRZ__seed51,96.05,96.05,95.55,,1012,144,10,CRZ,x,shapelet,none,src/sq_seqnn_outputs/so2sat_default_gate__so2sat_shared__gateCRZ__seed51/results_so2sat.csv
52,gate,so2sat,shared,so2sat_shared__gateCX,42,gate__so2sat_shared__gateCX__seed42,94.69999999999999,94.69999999999999,94.35,,1012,144,10,CX,x,shapelet,none,src/sq_seqnn_outputs/so2sat_default_gate__so2sat_shared__gateCX__seed42/results_so2sat.csv
184,gate,so2sat,shared,so2sat_shared__gateCX,43,gate__so2sat_shared__gateCX__seed43,94.95,94.95,95.55,,1012,144,10,CX,x,shapelet,none,src/sq_seqnn_outputs/so2sat_default_gate__so2sat_shared__gateCX__seed43/results_so2sat.csv
316,gate,so2sat,shared,so2sat_shared__gateCX,44,gate__so2sat_shared__gateCX__seed44,94.1,94.1,94.45,,1012,144,10,CX,x,shapelet,none,src/sq_seqnn_outputs/so2sat_default_gate__so2sat_shared__gateCX__seed44/results_so2sat.csv
448,gate,so2sat,shared,so2sat_shared__gateCX,45,gate__so2sat_shared__gateCX__seed45,94.19999999999999,94.19999999999999,95.39999999999999,,1012,144,10,CX,x,shapelet,none,src/sq_seqnn_outputs/so2sat_default_gate__so2sat_shared__gateCX__seed45/results_so2sat.csv
580,gate,so2sat,shared,so2sat_shared__gateCX,46,gate__so2sat_shared__gateCX__seed46,94.55,94.55,96.05,,1012,144,10,CX,x,shapelet,none,src/sq_seqnn_outputs/so2sat_default_gate__so2sat_shared__gateCX__seed46/results_so2sat.csv
712,gate,so2sat,shared,so2sat_shared__gateCX,47,gate__so2sat_shared__gateCX__seed47,95.8,95.8,96.1,,1012,144,10,CX,x,shapelet,none,src/sq_seqnn_outputs/so2sat_default_gate__so2sat_shared__gateCX__seed47/results_so2sat.csv
844,gate,so2sat,shared,so2sat_shared__gateCX,48,gate__so2sat_shared__gateCX__seed48,93.55,93.55,94.1,,1012,144,10,CX,x,shapelet,none,src/sq_seqnn_outputs/so2sat_default_gate__so2sat_shared__gateCX__seed48/results_so2sat.csv
976,gate,so2sat,shared,so2sat_shared__gateCX,49,gate__so2sat_shared__gateCX__seed49,94.95,94.95,96.25,,1012,144,10,CX,x,shapelet,none,src/sq_seqnn_outputs/so2sat_default_gate__so2sat_shared__gateCX__seed49/results_so2sat.csv
1108,gate,so2sat,shared,so2sat_shared__gateCX,50,gate__so2sat_shared__gateCX__seed50,94.3,94.3,95.35,,1012,144,10,CX,x,shapelet,none,src/sq_seqnn_outputs/so2sat_default_gate__so2sat_shared__gateCX__seed50/results_so2sat.csv
1240,gate,so2sat,shared,so2sat_shared__gateCX,51,gate__so2sat_shared__gateCX__seed51,96.55,96.55,96.05,,1012,144,10,CX,x,shapelet,none,src/sq_seqnn_outputs/so2sat_default_gate__so2sat_shared__gateCX__seed51/results_so2sat.csv
56,gate,so2sat,shared,so2sat_shared__gateXX,42,gate__so2sat_shared__gateXX__seed42,95.25,95.25,94.75,,1012,144,10,XX,x,shapelet,none,src/sq_seqnn_outputs/so2sat_default_gate__so2sat_shared__gateXX__seed42/results_so2sat.csv
188,gate,so2sat,shared,so2sat_shared__gateXX,43,gate__so2sat_shared__gateXX__seed43,95.89999999999999,95.89999999999999,96.0,,1012,144,10,XX,x,shapelet,none,src/sq_seqnn_outputs/so2sat_default_gate__so2sat_shared__gateXX__seed43/results_so2sat.csv
320,gate,so2sat,shared,so2sat_shared__gateXX,44,gate__so2sat_shared__gateXX__seed44,94.65,94.65,95.35,,1012,144,10,XX,x,shapelet,none,src/sq_seqnn_outputs/so2sat_default_gate__so2sat_shared__gateXX__seed44/results_so2sat.csv
452,gate,so2sat,shared,so2sat_shared__gateXX,45,gate__so2sat_shared__gateXX__seed45,95.1,95.1,95.8,,1012,144,10,XX,x,shapelet,none,src/sq_seqnn_outputs/so2sat_default_gate__so2sat_shared__gateXX__seed45/results_so2sat.csv
584,gate,so2sat,shared,so2sat_shared__gateXX,46,gate__so2sat_shared__gateXX__seed46,94.35,94.35,95.39999999999999,,1012,144,10,XX,x,shapelet,none,src/sq_seqnn_outputs/so2sat_default_gate__so2sat_shared__gateXX__seed46/results_so2sat.csv
716,gate,so2sat,shared,so2sat_shared__gateXX,47,gate__so2sat_shared__gateXX__seed47,94.95,94.95,94.75,,1012,144,10,XX,x,shapelet,none,src/sq_seqnn_outputs/so2sat_default_gate__so2sat_shared__gateXX__seed47/results_so2sat.csv
848,gate,so2sat,shared,so2sat_shared__gateXX,48,gate__so2sat_shared__gateXX__seed48,94.55,94.55,95.1,,1012,144,10,XX,x,shapelet,none,src/sq_seqnn_outputs/so2sat_default_gate__so2sat_shared__gateXX__seed48/results_so2sat.csv
980,gate,so2sat,shared,so2sat_shared__gateXX,49,gate__so2sat_shared__gateXX__seed49,95.39999999999999,95.39999999999999,96.05,,1012,144,10,XX,x,shapelet,none,src/sq_seqnn_outputs/so2sat_default_gate__so2sat_shared__gateXX__seed49/results_so2sat.csv
1112,gate,so2sat,shared,so2sat_shared__gateXX,50,gate__so2sat_shared__gateXX__seed50,95.35,95.35,95.89999999999999,,1012,144,10,XX,x,shapelet,none,src/sq_seqnn_outputs/so2sat_default_gate__so2sat_shared__gateXX__seed50/results_so2sat.csv
1244,gate,so2sat,shared,so2sat_shared__gateXX,51,gate__so2sat_shared__gateXX__seed51,95.6,95.59999999999998,95.15,,1012,144,10,XX,x,shapelet,none,src/sq_seqnn_outputs/so2sat_default_gate__so2sat_shared__gateXX__seed51/results_so2sat.csv
53,gate,so2sat,shared,so2sat_shared__gateXY,42,gate__so2sat_shared__gateXY__seed42,94.6,94.6,94.5,,1012,144,10,XY,x,shapelet,none,src/sq_seqnn_outputs/so2sat_default_gate__so2sat_shared__gateXY__seed42/results_so2sat.csv
185,gate,so2sat,shared,so2sat_shared__gateXY,43,gate__so2sat_shared__gateXY__seed43,95.15,95.15,95.8,,1012,144,10,XY,x,shapelet,none,src/sq_seqnn_outputs/so2sat_default_gate__so2sat_shared__gateXY__seed43/results_so2sat.csv
317,gate,so2sat,shared,so2sat_shared__gateXY,44,gate__so2sat_shared__gateXY__seed44,94.6,94.6,95.0,,1012,144,10,XY,x,shapelet,none,src/sq_seqnn_outputs/so2sat_default_gate__so2sat_shared__gateXY__seed44/results_so2sat.csv
449,gate,so2sat,shared,so2sat_shared__gateXY,45,gate__so2sat_shared__gateXY__seed45,94.8,94.79999999999998,95.95,,1012,144,10,XY,x,shapelet,none,src/sq_seqnn_outputs/so2sat_default_gate__so2sat_shared__gateXY__seed45/results_so2sat.csv
581,gate,so2sat,shared,so2sat_shared__gateXY,46,gate__so2sat_shared__gateXY__seed46,94.35,94.35,95.39999999999999,,1012,144,10,XY,x,shapelet,none,src/sq_seqnn_outputs/so2sat_default_gate__so2sat_shared__gateXY__seed46/results_so2sat.csv
713,gate,so2sat,shared,so2sat_shared__gateXY,47,gate__so2sat_shared__gateXY__seed47,95.15,95.15,94.95,,1012,144,10,XY,x,shapelet,none,src/sq_seqnn_outputs/so2sat_default_gate__so2sat_shared__gateXY__seed47/results_so2sat.csv
845,gate,so2sat,shared,so2sat_shared__gateXY,48,gate__so2sat_shared__gateXY__seed48,94.35,94.35,95.05,,1012,144,10,XY,x,shapelet,none,src/sq_seqnn_outputs/so2sat_default_gate__so2sat_shared__gateXY__seed48/results_so2sat.csv
977,gate,so2sat,shared,so2sat_shared__gateXY,49,gate__so2sat_shared__gateXY__seed49,95.35,95.35,95.95,,1012,144,10,XY,x,shapelet,none,src/sq_seqnn_outputs/so2sat_default_gate__so2sat_shared__gateXY__seed49/results_so2sat.csv
1109,gate,so2sat,shared,so2sat_shared__gateXY,50,gate__so2sat_shared__gateXY__seed50,95.35,95.35,95.65,,1012,144,10,XY,x,shapelet,none,src/sq_seqnn_outputs/so2sat_default_gate__so2sat_shared__gateXY__seed50/results_so2sat.csv
1241,gate,so2sat,shared,so2sat_shared__gateXY,51,gate__so2sat_shared__gateXY__seed51,96.15,96.15,95.8,,1012,144,10,XY,x,shapelet,none,src/sq_seqnn_outputs/so2sat_default_gate__so2sat_shared__gateXY__seed51/results_so2sat.csv
57,gate,so2sat,shared,so2sat_shared__gateYY,42,gate__so2sat_shared__gateYY__seed42,94.65,94.65,94.89999999999999,,1012,144,10,YY,x,shapelet,none,src/sq_seqnn_outputs/so2sat_default_gate__so2sat_shared__gateYY__seed42/results_so2sat.csv
189,gate,so2sat,shared,so2sat_shared__gateYY,43,gate__so2sat_shared__gateYY__seed43,95.15,95.15,95.8,,1012,144,10,YY,x,shapelet,none,src/sq_seqnn_outputs/so2sat_default_gate__so2sat_shared__gateYY__seed43/results_so2sat.csv
321,gate,so2sat,shared,so2sat_shared__gateYY,44,gate__so2sat_shared__gateYY__seed44,94.6,94.6,95.05,,1012,144,10,YY,x,shapelet,none,src/sq_seqnn_outputs/so2sat_default_gate__so2sat_shared__gateYY__seed44/results_so2sat.csv
453,gate,so2sat,shared,so2sat_shared__gateYY,45,gate__so2sat_shared__gateYY__seed45,93.89999999999999,93.89999999999999,95.8,,1012,144,10,YY,x,shapelet,none,src/sq_seqnn_outputs/so2sat_default_gate__so2sat_shared__gateYY__seed45/results_so2sat.csv
585,gate,so2sat,shared,so2sat_shared__gateYY,46,gate__so2sat_shared__gateYY__seed46,94.25,94.25,95.6,,1012,144,10,YY,x,shapelet,none,src/sq_seqnn_outputs/so2sat_default_gate__so2sat_shared__gateYY__seed46/results_so2sat.csv
717,gate,so2sat,shared,so2sat_shared__gateYY,47,gate__so2sat_shared__gateYY__seed47,95.3,95.3,95.45,,1012,144,10,YY,x,shapelet,none,src/sq_seqnn_outputs/so2sat_default_gate__so2sat_shared__gateYY__seed47/results_so2sat.csv
849,gate,so2sat,shared,so2sat_shared__gateYY,48,gate__so2sat_shared__gateYY__seed48,93.7,93.7,94.65,,1012,144,10,YY,x,shapelet,none,src/sq_seqnn_outputs/so2sat_default_gate__so2sat_shared__gateYY__seed48/results_so2sat.csv
981,gate,so2sat,shared,so2sat_shared__gateYY,49,gate__so2sat_shared__gateYY__seed49,94.45,94.45,95.95,,1012,144,10,YY,x,shapelet,none,src/sq_seqnn_outputs/so2sat_default_gate__so2sat_shared__gateYY__seed49/results_so2sat.csv
1113,gate,so2sat,shared,so2sat_shared__gateYY,50,gate__so2sat_shared__gateYY__seed50,94.85,94.85,95.75,,1012,144,10,YY,x,shapelet,none,src/sq_seqnn_outputs/so2sat_default_gate__so2sat_shared__gateYY__seed50/results_so2sat.csv
1245,gate,so2sat,shared,so2sat_shared__gateYY,51,gate__so2sat_shared__gateYY__seed51,95.75,95.75,95.6,,1012,144,10,YY,x,shapelet,none,src/sq_seqnn_outputs/so2sat_default_gate__so2sat_shared__gateYY__seed51/results_so2sat.csv
51,gate,so2sat,shared,so2sat_shared__gateZZ,42,gate__so2sat_shared__gateZZ__seed42,94.69999999999999,94.69999999999999,94.35,,1012,144,10,ZZ,x,shapelet,none,src/sq_seqnn_outputs/so2sat_default_gate__so2sat_shared__gateZZ__seed42/results_so2sat.csv
183,gate,so2sat,shared,so2sat_shared__gateZZ,43,gate__so2sat_shared__gateZZ__seed43,95.7,95.7,96.05,,1012,144,10,ZZ,x,shapelet,none,src/sq_seqnn_outputs/so2sat_default_gate__so2sat_shared__gateZZ__seed43/results_so2sat.csv
315,gate,so2sat,shared,so2sat_shared__gateZZ,44,gate__so2sat_shared__gateZZ__seed44,94.3,94.3,94.8,,1012,144,10,ZZ,x,shapelet,none,src/sq_seqnn_outputs/so2sat_default_gate__so2sat_shared__gateZZ__seed44/results_so2sat.csv
447,gate,so2sat,shared,so2sat_shared__gateZZ,45,gate__so2sat_shared__gateZZ__seed45,95.3,95.3,96.15,,1012,144,10,ZZ,x,shapelet,none,src/sq_seqnn_outputs/so2sat_default_gate__so2sat_shared__gateZZ__seed45/results_so2sat.csv
579,gate,so2sat,shared,so2sat_shared__gateZZ,46,gate__so2sat_shared__gateZZ__seed46,94.45,94.45,95.89999999999999,,1012,144,10,ZZ,x,shapelet,none,src/sq_seqnn_outputs/so2sat_default_gate__so2sat_shared__gateZZ__seed46/results_so2sat.csv
711,gate,so2sat,shared,so2sat_shared__gateZZ,47,gate__so2sat_shared__gateZZ__seed47,94.6,94.6,94.89999999999999,,1012,144,10,ZZ,x,shapelet,none,src/sq_seqnn_outputs/so2sat_default_gate__so2sat_shared__gateZZ__seed47/results_so2sat.csv
843,gate,so2sat,shared,so2sat_shared__gateZZ,48,gate__so2sat_shared__gateZZ__seed48,94.25,94.25,94.55,,1012,144,10,ZZ,x,shapelet,none,src/sq_seqnn_outputs/so2sat_default_gate__so2sat_shared__gateZZ__seed48/results_so2sat.csv
975,gate,so2sat,shared,so2sat_shared__gateZZ,49,gate__so2sat_shared__gateZZ__seed49,94.75,94.75,95.55,,1012,144,10,ZZ,x,shapelet,none,src/sq_seqnn_outputs/so2sat_default_gate__so2sat_shared__gateZZ__seed49/results_so2sat.csv
1107,gate,so2sat,shared,so2sat_shared__gateZZ,50,gate__so2sat_shared__gateZZ__seed50,94.89999999999999,94.89999999999999,95.6,,1012,144,10,ZZ,x,shapelet,none,src/sq_seqnn_outputs/so2sat_default_gate__so2sat_shared__gateZZ__seed50/results_so2sat.csv
1239,gate,so2sat,shared,so2sat_shared__gateZZ,51,gate__so2sat_shared__gateZZ__seed51,95.7,95.7,95.6,,1012,144,10,ZZ,x,shapelet,none,src/sq_seqnn_outputs/so2sat_default_gate__so2sat_shared__gateZZ__seed51/results_so2sat.csv
5,isolation,overhead,adaptive,overhead_adaptive__classical_only,42,isolation__overhead_adaptive__classical_only__seed42,94.0754039497307,94.06853281853283,91.60419790104947,,807,112,8,CX,x,conv,classical_only,src/sq_seqnn_outputs/overhead_seqnn5_isolation__overhead_adaptive__classical_only__seed42/results_overhead.csv
137,isolation,overhead,adaptive,overhead_adaptive__classical_only,43,isolation__overhead_adaptive__classical_only__seed43,89.04847396768402,89.03635778635778,88.9055472263868,,807,112,8,CX,x,conv,classical_only,src/sq_seqnn_outputs/overhead_seqnn5_isolation__overhead_adaptive__classical_only__seed43/results_overhead.csv
269,isolation,overhead,adaptive,overhead_adaptive__classical_only,44,isolation__overhead_adaptive__classical_only__seed44,94.7935368043088,94.79247104247104,91.90404797601201,,807,112,8,CX,x,conv,classical_only,src/sq_seqnn_outputs/overhead_seqnn5_isolation__overhead_adaptive__classical_only__seed44/results_overhead.csv
401,isolation,overhead,adaptive,overhead_adaptive__classical_only,45,isolation__overhead_adaptive__classical_only__seed45,91.20287253141832,91.19851994851996,88.75562218890555,,807,112,8,CX,x,conv,classical_only,src/sq_seqnn_outputs/overhead_seqnn5_isolation__overhead_adaptive__classical_only__seed45/results_overhead.csv
533,isolation,overhead,adaptive,overhead_adaptive__classical_only,46,isolation__overhead_adaptive__classical_only__seed46,79.35368043087972,79.35328185328186,79.91004497751123,,807,112,8,CX,x,conv,classical_only,src/sq_seqnn_outputs/overhead_seqnn5_isolation__overhead_adaptive__classical_only__seed46/results_overhead.csv
665,isolation,overhead,adaptive,overhead_adaptive__classical_only,47,isolation__overhead_adaptive__classical_only__seed47,91.0233393177738,91.01833976833976,89.05547226386807,,807,112,8,CX,x,conv,classical_only,src/sq_seqnn_outputs/overhead_seqnn5_isolation__overhead_adaptive__classical_only__seed47/results_overhead.csv
797,isolation,overhead,adaptive,overhead_adaptive__classical_only,48,isolation__overhead_adaptive__classical_only__seed48,88.50987432675045,88.50225225225226,91.45427286356822,,807,112,8,CX,x,conv,classical_only,src/sq_seqnn_outputs/overhead_seqnn5_isolation__overhead_adaptive__classical_only__seed48/results_overhead.csv
929,isolation,overhead,adaptive,overhead_adaptive__classical_only,49,isolation__overhead_adaptive__classical_only__seed49,92.81867145421904,92.81692406692406,91.60419790104947,,807,112,8,CX,x,conv,classical_only,src/sq_seqnn_outputs/overhead_seqnn5_isolation__overhead_adaptive__classical_only__seed49/results_overhead.csv
1061,isolation,overhead,adaptive,overhead_adaptive__classical_only,50,isolation__overhead_adaptive__classical_only__seed50,92.28007181328546,92.26833976833976,91.45427286356822,,807,112,8,CX,x,conv,classical_only,src/sq_seqnn_outputs/overhead_seqnn5_isolation__overhead_adaptive__classical_only__seed50/results_overhead.csv
1193,isolation,overhead,adaptive,overhead_adaptive__classical_only,51,isolation__overhead_adaptive__classical_only__seed51,92.81867145421904,92.82335907335909,90.25487256371814,,807,112,8,CX,x,conv,classical_only,src/sq_seqnn_outputs/overhead_seqnn5_isolation__overhead_adaptive__classical_only__seed51/results_overhead.csv
10,isolation,overhead,adaptive,overhead_adaptive__fixed_z,42,isolation__overhead_adaptive__fixed_z__seed42,92.99820466786356,92.98423423423424,90.10494752623688,,1015,112,8,CX,z,conv,fixed_z,src/sq_seqnn_outputs/overhead_seqnn5_isolation__overhead_adaptive__fixed_z__seed42/results_overhead.csv
142,isolation,overhead,adaptive,overhead_adaptive__fixed_z,43,isolation__overhead_adaptive__fixed_z__seed43,89.04847396768402,89.03153153153154,88.6056971514243,,1015,112,8,CX,z,conv,fixed_z,src/sq_seqnn_outputs/overhead_seqnn5_isolation__overhead_adaptive__fixed_z__seed43/results_overhead.csv
274,isolation,overhead,adaptive,overhead_adaptive__fixed_z,44,isolation__overhead_adaptive__fixed_z__seed44,93.71633752244163,93.70495495495496,91.30434782608697,,1015,112,8,CX,z,conv,fixed_z,src/sq_seqnn_outputs/overhead_seqnn5_isolation__overhead_adaptive__fixed_z__seed44/results_overhead.csv
406,isolation,overhead,adaptive,overhead_adaptive__fixed_z,45,isolation__overhead_adaptive__fixed_z__seed45,92.10053859964094,92.0881595881596,86.80659670164917,,1015,112,8,CX,z,conv,fixed_z,src/sq_seqnn_outputs/overhead_seqnn5_isolation__overhead_adaptive__fixed_z__seed45/results_overhead.csv
538,isolation,overhead,adaptive,overhead_adaptive__fixed_z,46,isolation__overhead_adaptive__fixed_z__seed46,84.91921005385996,84.92277992277992,88.1559220389805,,1015,112,8,CX,z,conv,fixed_z,src/sq_seqnn_outputs/overhead_seqnn5_isolation__overhead_adaptive__fixed_z__seed46/results_overhead.csv
670,isolation,overhead,adaptive,overhead_adaptive__fixed_z,47,isolation__overhead_adaptive__fixed_z__seed47,89.40754039497307,89.40958815958815,88.30584707646177,,1015,112,8,CX,z,conv,fixed_z,src/sq_seqnn_outputs/overhead_seqnn5_isolation__overhead_adaptive__fixed_z__seed47/results_overhead.csv
802,isolation,overhead,adaptive,overhead_adaptive__fixed_z,48,isolation__overhead_adaptive__fixed_z__seed48,79.35368043087972,79.3516731016731,79.16041979010495,,1015,112,8,CX,z,conv,fixed_z,src/sq_seqnn_outputs/overhead_seqnn5_isolation__overhead_adaptive__fixed_z__seed48/results_overhead.csv
934,isolation,overhead,adaptive,overhead_adaptive__fixed_z,49,isolation__overhead_adaptive__fixed_z__seed49,90.84380610412927,90.83655083655084,89.05547226386807,,1015,112,8,CX,z,conv,fixed_z,src/sq_seqnn_outputs/overhead_seqnn5_isolation__overhead_adaptive__fixed_z__seed49/results_overhead.csv
1066,isolation,overhead,adaptive,overhead_adaptive__fixed_z,50,isolation__overhead_adaptive__fixed_z__seed50,90.66427289048474,90.65797940797941,91.00449775112443,,1015,112,8,CX,z,conv,fixed_z,src/sq_seqnn_outputs/overhead_seqnn5_isolation__overhead_adaptive__fixed_z__seed50/results_overhead.csv
1198,isolation,overhead,adaptive,overhead_adaptive__fixed_z,51,isolation__overhead_adaptive__fixed_z__seed51,92.28007181328546,92.27960102960103,91.60419790104947,,1015,112,8,CX,z,conv,fixed_z,src/sq_seqnn_outputs/overhead_seqnn5_isolation__overhead_adaptive__fixed_z__seed51/results_overhead.csv
7,isolation,overhead,adaptive,overhead_adaptive__frozen_quantum,42,isolation__overhead_adaptive__frozen_quantum__seed42,92.63913824057451,92.62226512226512,90.10494752623688,,1015,112,8,CX,x,conv,frozen_quantum,src/sq_seqnn_outputs/overhead_seqnn5_isolation__overhead_adaptive__frozen_quantum__seed42/results_overhead.csv
139,isolation,overhead,adaptive,overhead_adaptive__frozen_quantum,43,isolation__overhead_adaptive__frozen_quantum__seed43,88.68940754039497,88.68404118404118,87.55622188905548,,1015,112,8,CX,x,conv,frozen_quantum,src/sq_seqnn_outputs/overhead_seqnn5_isolation__overhead_adaptive__frozen_quantum__seed43/results_overhead.csv
271,isolation,overhead,adaptive,overhead_adaptive__frozen_quantum,44,isolation__overhead_adaptive__frozen_quantum__seed44,93.17773788150808,93.16924066924066,90.85457271364318,,1015,112,8,CX,x,conv,frozen_quantum,src/sq_seqnn_outputs/overhead_seqnn5_isolation__overhead_adaptive__frozen_quantum__seed44/results_overhead.csv
403,isolation,overhead,adaptive,overhead_adaptive__frozen_quantum,45,isolation__overhead_adaptive__frozen_quantum__seed45,91.74147217235188,91.7326254826255,88.6056971514243,,1015,112,8,CX,x,conv,frozen_quantum,src/sq_seqnn_outputs/overhead_seqnn5_isolation__overhead_adaptive__frozen_quantum__seed45/results_overhead.csv
535,isolation,overhead,adaptive,overhead_adaptive__frozen_quantum,46,isolation__overhead_adaptive__frozen_quantum__seed46,88.33034111310593,88.32368082368083,88.6056971514243,,1015,112,8,CX,x,conv,frozen_quantum,src/sq_seqnn_outputs/overhead_seqnn5_isolation__overhead_adaptive__frozen_quantum__seed46/results_overhead.csv
667,isolation,overhead,adaptive,overhead_adaptive__frozen_quantum,47,isolation__overhead_adaptive__frozen_quantum__seed47,90.66427289048474,90.66119691119692,87.55622188905548,,1015,112,8,CX,x,conv,frozen_quantum,src/sq_seqnn_outputs/overhead_seqnn5_isolation__overhead_adaptive__frozen_quantum__seed47/results_overhead.csv
799,isolation,overhead,adaptive,overhead_adaptive__frozen_quantum,48,isolation__overhead_adaptive__frozen_quantum__seed48,90.12567324955117,90.11904761904765,91.30434782608697,,1015,112,8,CX,x,conv,frozen_quantum,src/sq_seqnn_outputs/overhead_seqnn5_isolation__overhead_adaptive__frozen_quantum__seed48/results_overhead.csv
931,isolation,overhead,adaptive,overhead_adaptive__frozen_quantum,49,isolation__overhead_adaptive__frozen_quantum__seed49,93.35727109515261,93.3574646074646,90.85457271364318,,1015,112,8,CX,x,conv,frozen_quantum,src/sq_seqnn_outputs/overhead_seqnn5_isolation__overhead_adaptive__frozen_quantum__seed49/results_overhead.csv
1063,isolation,overhead,adaptive,overhead_adaptive__frozen_quantum,50,isolation__overhead_adaptive__frozen_quantum__seed50,94.25493716337525,94.24066924066923,91.60419790104947,,1015,112,8,CX,x,conv,frozen_quantum,src/sq_seqnn_outputs/overhead_seqnn5_isolation__overhead_adaptive__frozen_quantum__seed50/results_overhead.csv
1195,isolation,overhead,adaptive,overhead_adaptive__frozen_quantum,51,isolation__overhead_adaptive__frozen_quantum__seed51,90.12567324955117,90.12387387387389,89.65517241379311,,1015,112,8,CX,x,conv,frozen_quantum,src/sq_seqnn_outputs/overhead_seqnn5_isolation__overhead_adaptive__frozen_quantum__seed51/results_overhead.csv
6,isolation,overhead,adaptive,overhead_adaptive__mlp_replace,42,isolation__overhead_adaptive__mlp_replace__seed42,92.10053859964094,92.09620334620334,90.55472263868066,,1013,112,8,CX,x,conv,mlp_replace,src/sq_seqnn_outputs/overhead_seqnn5_isolation__overhead_adaptive__mlp_replace__seed42/results_overhead.csv
138,isolation,overhead,adaptive,overhead_adaptive__mlp_replace,43,isolation__overhead_adaptive__mlp_replace__seed43,89.94614003590664,89.92921492921494,88.30584707646177,,1013,112,8,CX,x,conv,mlp_replace,src/sq_seqnn_outputs/overhead_seqnn5_isolation__overhead_adaptive__mlp_replace__seed43/results_overhead.csv
270,isolation,overhead,adaptive,overhead_adaptive__mlp_replace,44,isolation__overhead_adaptive__mlp_replace__seed44,95.87073608617595,95.86711711711712,91.60419790104947,,1013,112,8,CX,x,conv,mlp_replace,src/sq_seqnn_outputs/overhead_seqnn5_isolation__overhead_adaptive__mlp_replace__seed44/results_overhead.csv
402,isolation,overhead,adaptive,overhead_adaptive__mlp_replace,45,isolation__overhead_adaptive__mlp_replace__seed45,91.38240574506284,91.38513513513514,89.65517241379311,,1013,112,8,CX,x,conv,mlp_replace,src/sq_seqnn_outputs/overhead_seqnn5_isolation__overhead_adaptive__mlp_replace__seed45/results_overhead.csv
534,isolation,overhead,adaptive,overhead_adaptive__mlp_replace,46,isolation__overhead_adaptive__mlp_replace__seed46,87.61220825852783,87.61100386100387,89.05547226386807,,1013,112,8,CX,x,conv,mlp_replace,src/sq_seqnn_outputs/overhead_seqnn5_isolation__overhead_adaptive__mlp_replace__seed46/results_overhead.csv
666,isolation,overhead,adaptive,overhead_adaptive__mlp_replace,47,isolation__overhead_adaptive__mlp_replace__seed47,90.66427289048474,90.66602316602315,89.95502248875562,,1013,112,8,CX,x,conv,mlp_replace,src/sq_seqnn_outputs/overhead_seqnn5_isolation__overhead_adaptive__mlp_replace__seed47/results_overhead.csv
798,isolation,overhead,adaptive,overhead_adaptive__mlp_replace,48,isolation__overhead_adaptive__mlp_replace__seed48,87.4326750448833,87.43082368082368,85.75712143928035,,1013,112,8,CX,x,conv,mlp_replace,src/sq_seqnn_outputs/overhead_seqnn5_isolation__overhead_adaptive__mlp_replace__seed48/results_overhead.csv
930,isolation,overhead,adaptive,overhead_adaptive__mlp_replace,49,isolation__overhead_adaptive__mlp_replace__seed49,89.94614003590664,89.9565637065637,86.3568215892054,,1013,112,8,CX,x,conv,mlp_replace,src/sq_seqnn_outputs/overhead_seqnn5_isolation__overhead_adaptive__mlp_replace__seed49/results_overhead.csv
1062,isolation,overhead,adaptive,overhead_adaptive__mlp_replace,50,isolation__overhead_adaptive__mlp_replace__seed50,91.0233393177738,91.01029601029602,91.60419790104947,,1013,112,8,CX,x,conv,mlp_replace,src/sq_seqnn_outputs/overhead_seqnn5_isolation__overhead_adaptive__mlp_replace__seed50/results_overhead.csv
1194,isolation,overhead,adaptive,overhead_adaptive__mlp_replace,51,isolation__overhead_adaptive__mlp_replace__seed51,92.10053859964094,92.0945945945946,92.50374812593704,,1013,112,8,CX,x,conv,mlp_replace,src/sq_seqnn_outputs/overhead_seqnn5_isolation__overhead_adaptive__mlp_replace__seed51/results_overhead.csv
8,isolation,overhead,adaptive,overhead_adaptive__no_iqp,42,isolation__overhead_adaptive__no_iqp__seed42,92.10053859964094,92.09298584298584,91.15442278860569,,1015,112,8,CX,x,conv,no_iqp,src/sq_seqnn_outputs/overhead_seqnn5_isolation__overhead_adaptive__no_iqp__seed42/results_overhead.csv
140,isolation,overhead,adaptive,overhead_adaptive__no_iqp,43,isolation__overhead_adaptive__no_iqp__seed43,88.1508078994614,88.13867438867439,89.50524737631184,,1015,112,8,CX,x,conv,no_iqp,src/sq_seqnn_outputs/overhead_seqnn5_isolation__overhead_adaptive__no_iqp__seed43/results_overhead.csv
272,isolation,overhead,adaptive,overhead_adaptive__no_iqp,44,isolation__overhead_adaptive__no_iqp__seed44,93.35727109515261,93.3510296010296,91.60419790104947,,1015,112,8,CX,x,conv,no_iqp,src/sq_seqnn_outputs/overhead_seqnn5_isolation__overhead_adaptive__no_iqp__seed44/results_overhead.csv
404,isolation,overhead,adaptive,overhead_adaptive__no_iqp,45,isolation__overhead_adaptive__no_iqp__seed45,89.76660682226212,89.76673101673101,88.1559220389805,,1015,112,8,CX,x,conv,no_iqp,src/sq_seqnn_outputs/overhead_seqnn5_isolation__overhead_adaptive__no_iqp__seed45/results_overhead.csv
536,isolation,overhead,adaptive,overhead_adaptive__no_iqp,46,isolation__overhead_adaptive__no_iqp__seed46,90.48473967684022,90.47458172458171,90.10494752623688,,1015,112,8,CX,x,conv,no_iqp,src/sq_seqnn_outputs/overhead_seqnn5_isolation__overhead_adaptive__no_iqp__seed46/results_overhead.csv
668,isolation,overhead,adaptive,overhead_adaptive__no_iqp,47,isolation__overhead_adaptive__no_iqp__seed47,88.50987432675045,88.51029601029602,88.45577211394303,,1015,112,8,CX,x,conv,no_iqp,src/sq_seqnn_outputs/overhead_seqnn5_isolation__overhead_adaptive__no_iqp__seed47/results_overhead.csv
800,isolation,overhead,adaptive,overhead_adaptive__no_iqp,48,isolation__overhead_adaptive__no_iqp__seed48,91.56193895870736,91.56048906048906,89.20539730134932,,1015,112,8,CX,x,conv,no_iqp,src/sq_seqnn_outputs/overhead_seqnn5_isolation__overhead_adaptive__no_iqp__seed48/results_overhead.csv
932,isolation,overhead,adaptive,overhead_adaptive__no_iqp,49,isolation__overhead_adaptive__no_iqp__seed49,91.0233393177738,91.02799227799227,90.55472263868066,,1015,112,8,CX,x,conv,no_iqp,src/sq_seqnn_outputs/overhead_seqnn5_isolation__overhead_adaptive__no_iqp__seed49/results_overhead.csv
1064,isolation,overhead,adaptive,overhead_adaptive__no_iqp,50,isolation__overhead_adaptive__no_iqp__seed50,90.48473967684022,90.4649292149292,89.95502248875562,,1015,112,8,CX,x,conv,no_iqp,src/sq_seqnn_outputs/overhead_seqnn5_isolation__overhead_adaptive__no_iqp__seed50/results_overhead.csv
1196,isolation,overhead,adaptive,overhead_adaptive__no_iqp,51,isolation__overhead_adaptive__no_iqp__seed51,91.20287253141832,91.19530244530246,91.90404797601201,,1015,112,8,CX,x,conv,no_iqp,src/sq_seqnn_outputs/overhead_seqnn5_isolation__overhead_adaptive__no_iqp__seed51/results_overhead.csv
9,isolation,overhead,adaptive,overhead_adaptive__no_reupload,42,isolation__overhead_adaptive__no_reupload__seed42,93.71633752244163,93.71299871299871,89.50524737631184,,1015,112,8,CX,x,conv,no_reupload,src/sq_seqnn_outputs/overhead_seqnn5_isolation__overhead_adaptive__no_reupload__seed42/results_overhead.csv
141,isolation,overhead,adaptive,overhead_adaptive__no_reupload,43,isolation__overhead_adaptive__no_reupload__seed43,88.50987432675045,88.48938223938225,87.10644677661169,,1015,112,8,CX,x,conv,no_reupload,src/sq_seqnn_outputs/overhead_seqnn5_isolation__overhead_adaptive__no_reupload__seed43/results_overhead.csv
273,isolation,overhead,adaptive,overhead_adaptive__no_reupload,44,isolation__overhead_adaptive__no_reupload__seed44,93.71633752244163,93.7097812097812,90.10494752623688,,1015,112,8,CX,x,conv,no_reupload,src/sq_seqnn_outputs/overhead_seqnn5_isolation__overhead_adaptive__no_reupload__seed44/results_overhead.csv
405,isolation,overhead,adaptive,overhead_adaptive__no_reupload,45,isolation__overhead_adaptive__no_reupload__seed45,91.38240574506284,91.37387387387388,88.00599700149925,,1015,112,8,CX,x,conv,no_reupload,src/sq_seqnn_outputs/overhead_seqnn5_isolation__overhead_adaptive__no_reupload__seed45/results_overhead.csv
537,isolation,overhead,adaptive,overhead_adaptive__no_reupload,46,isolation__overhead_adaptive__no_reupload__seed46,88.33034111310593,88.33011583011583,88.45577211394303,,1015,112,8,CX,x,conv,no_reupload,src/sq_seqnn_outputs/overhead_seqnn5_isolation__overhead_adaptive__no_reupload__seed46/results_overhead.csv
669,isolation,overhead,adaptive,overhead_adaptive__no_reupload,47,isolation__overhead_adaptive__no_reupload__seed47,89.94614003590664,89.93725868725869,86.80659670164917,,1015,112,8,CX,x,conv,no_reupload,src/sq_seqnn_outputs/overhead_seqnn5_isolation__overhead_adaptive__no_reupload__seed47/results_overhead.csv
801,isolation,overhead,adaptive,overhead_adaptive__no_reupload,48,isolation__overhead_adaptive__no_reupload__seed48,87.97127468581688,87.96975546975547,88.30584707646177,,1015,112,8,CX,x,conv,no_reupload,src/sq_seqnn_outputs/overhead_seqnn5_isolation__overhead_adaptive__no_reupload__seed48/results_overhead.csv
933,isolation,overhead,adaptive,overhead_adaptive__no_reupload,49,isolation__overhead_adaptive__no_reupload__seed49,89.5870736086176,89.59620334620334,86.20689655172413,,1015,112,8,CX,x,conv,no_reupload,src/sq_seqnn_outputs/overhead_seqnn5_isolation__overhead_adaptive__no_reupload__seed49/results_overhead.csv
1065,isolation,overhead,adaptive,overhead_adaptive__no_reupload,50,isolation__overhead_adaptive__no_reupload__seed50,90.84380610412927,90.83011583011584,91.90404797601201,,1015,112,8,CX,x,conv,no_reupload,src/sq_seqnn_outputs/overhead_seqnn5_isolation__overhead_adaptive__no_reupload__seed50/results_overhead.csv
1197,isolation,overhead,adaptive,overhead_adaptive__no_reupload,51,isolation__overhead_adaptive__no_reupload__seed51,90.66427289048474,90.66280566280568,89.65517241379311,,1015,112,8,CX,x,conv,no_reupload,src/sq_seqnn_outputs/overhead_seqnn5_isolation__overhead_adaptive__no_reupload__seed51/results_overhead.csv
11,isolation,sat6,both,sat6__classical_only,42,isolation__sat6__classical_only__seed42,97.08333333333331,97.08333333333331,96.91666666666666,,1023,144,10,XX,x,shapelet,classical_only,src/sq_seqnn_outputs/sat6_default_isolation__sat6__classical_only__seed42/results_sat6.csv
143,isolation,sat6,both,sat6__classical_only,43,isolation__sat6__classical_only__seed43,94.66666666666667,94.66666666666667,97.33333333333334,,1023,144,10,XX,x,shapelet,classical_only,src/sq_seqnn_outputs/sat6_default_isolation__sat6__classical_only__seed43/results_sat6.csv
275,isolation,sat6,both,sat6__classical_only,44,isolation__sat6__classical_only__seed44,95.83333333333334,95.83333333333331,96.58333333333331,,1023,144,10,XX,x,shapelet,classical_only,src/sq_seqnn_outputs/sat6_default_isolation__sat6__classical_only__seed44/results_sat6.csv
407,isolation,sat6,both,sat6__classical_only,45,isolation__sat6__classical_only__seed45,97.16666666666669,97.16666666666669,97.0,,1023,144,10,XX,x,shapelet,classical_only,src/sq_seqnn_outputs/sat6_default_isolation__sat6__classical_only__seed45/results_sat6.csv
539,isolation,sat6,both,sat6__classical_only,46,isolation__sat6__classical_only__seed46,95.41666666666669,95.41666666666666,96.91666666666666,,1023,144,10,XX,x,shapelet,classical_only,src/sq_seqnn_outputs/sat6_default_isolation__sat6__classical_only__seed46/results_sat6.csv
671,isolation,sat6,both,sat6__classical_only,47,isolation__sat6__classical_only__seed47,96.66666666666669,96.66666666666669,95.66666666666667,,1023,144,10,XX,x,shapelet,classical_only,src/sq_seqnn_outputs/sat6_default_isolation__sat6__classical_only__seed47/results_sat6.csv
803,isolation,sat6,both,sat6__classical_only,48,isolation__sat6__classical_only__seed48,96.0,96.0,97.16666666666669,,1023,144,10,XX,x,shapelet,classical_only,src/sq_seqnn_outputs/sat6_default_isolation__sat6__classical_only__seed48/results_sat6.csv
935,isolation,sat6,both,sat6__classical_only,49,isolation__sat6__classical_only__seed49,96.08333333333331,96.08333333333331,96.08333333333331,,1023,144,10,XX,x,shapelet,classical_only,src/sq_seqnn_outputs/sat6_default_isolation__sat6__classical_only__seed49/results_sat6.csv
1067,isolation,sat6,both,sat6__classical_only,50,isolation__sat6__classical_only__seed50,95.08333333333331,95.08333333333331,96.58333333333331,,1023,144,10,XX,x,shapelet,classical_only,src/sq_seqnn_outputs/sat6_default_isolation__sat6__classical_only__seed50/results_sat6.csv
1199,isolation,sat6,both,sat6__classical_only,51,isolation__sat6__classical_only__seed51,96.33333333333334,96.33333333333334,96.16666666666667,,1023,144,10,XX,x,shapelet,classical_only,src/sq_seqnn_outputs/sat6_default_isolation__sat6__classical_only__seed51/results_sat6.csv
16,isolation,sat6,both,sat6__fixed_z,42,isolation__sat6__fixed_z__seed42,97.08333333333331,97.08333333333331,97.5,,1287,144,10,XX,z,shapelet,fixed_z,src/sq_seqnn_outputs/sat6_default_isolation__sat6__fixed_z__seed42/results_sat6.csv
148,isolation,sat6,both,sat6__fixed_z,43,isolation__sat6__fixed_z__seed43,94.5,94.5,96.66666666666669,,1287,144,10,XX,z,shapelet,fixed_z,src/sq_seqnn_outputs/sat6_default_isolation__sat6__fixed_z__seed43/results_sat6.csv
280,isolation,sat6,both,sat6__fixed_z,44,isolation__sat6__fixed_z__seed44,96.08333333333331,96.08333333333331,96.0,,1287,144,10,XX,z,shapelet,fixed_z,src/sq_seqnn_outputs/sat6_default_isolation__sat6__fixed_z__seed44/results_sat6.csv
412,isolation,sat6,both,sat6__fixed_z,45,isolation__sat6__fixed_z__seed45,97.58333333333333,97.58333333333333,98.16666666666669,,1287,144,10,XX,z,shapelet,fixed_z,src/sq_seqnn_outputs/sat6_default_isolation__sat6__fixed_z__seed45/results_sat6.csv
544,isolation,sat6,both,sat6__fixed_z,46,isolation__sat6__fixed_z__seed46,96.0,96.0,96.25,,1287,144,10,XX,z,shapelet,fixed_z,src/sq_seqnn_outputs/sat6_default_isolation__sat6__fixed_z__seed46/results_sat6.csv
676,isolation,sat6,both,sat6__fixed_z,47,isolation__sat6__fixed_z__seed47,96.16666666666667,96.16666666666666,95.5,,1287,144,10,XX,z,shapelet,fixed_z,src/sq_seqnn_outputs/sat6_default_isolation__sat6__fixed_z__seed47/results_sat6.csv
808,isolation,sat6,both,sat6__fixed_z,48,isolation__sat6__fixed_z__seed48,96.0,96.0,97.0,,1287,144,10,XX,z,shapelet,fixed_z,src/sq_seqnn_outputs/sat6_default_isolation__sat6__fixed_z__seed48/results_sat6.csv
940,isolation,sat6,both,sat6__fixed_z,49,isolation__sat6__fixed_z__seed49,96.41666666666666,96.41666666666669,96.08333333333331,,1287,144,10,XX,z,shapelet,fixed_z,src/sq_seqnn_outputs/sat6_default_isolation__sat6__fixed_z__seed49/results_sat6.csv
1072,isolation,sat6,both,sat6__fixed_z,50,isolation__sat6__fixed_z__seed50,94.41666666666669,94.41666666666669,96.0,,1287,144,10,XX,z,shapelet,fixed_z,src/sq_seqnn_outputs/sat6_default_isolation__sat6__fixed_z__seed50/results_sat6.csv
1204,isolation,sat6,both,sat6__fixed_z,51,isolation__sat6__fixed_z__seed51,96.58333333333331,96.58333333333331,96.25,,1287,144,10,XX,z,shapelet,fixed_z,src/sq_seqnn_outputs/sat6_default_isolation__sat6__fixed_z__seed51/results_sat6.csv
13,isolation,sat6,both,sat6__frozen_quantum,42,isolation__sat6__frozen_quantum__seed42,97.0,97.0,96.75,,1287,144,10,XX,x,shapelet,frozen_quantum,src/sq_seqnn_outputs/sat6_default_isolation__sat6__frozen_quantum__seed42/results_sat6.csv
145,isolation,sat6,both,sat6__frozen_quantum,43,isolation__sat6__frozen_quantum__seed43,96.0,96.0,97.75,,1287,144,10,XX,x,shapelet,frozen_quantum,src/sq_seqnn_outputs/sat6_default_isolation__sat6__frozen_quantum__seed43/results_sat6.csv
277,isolation,sat6,both,sat6__frozen_quantum,44,isolation__sat6__frozen_quantum__seed44,96.41666666666666,96.41666666666669,96.91666666666666,,1287,144,10,XX,x,shapelet,frozen_quantum,src/sq_seqnn_outputs/sat6_default_isolation__sat6__frozen_quantum__seed44/results_sat6.csv
409,isolation,sat6,both,sat6__frozen_quantum,45,isolation__sat6__frozen_quantum__seed45,96.75,96.75,96.75,,1287,144,10,XX,x,shapelet,frozen_quantum,src/sq_seqnn_outputs/sat6_default_isolation__sat6__frozen_quantum__seed45/results_sat6.csv
541,isolation,sat6,both,sat6__frozen_quantum,46,isolation__sat6__frozen_quantum__seed46,95.0,95.0,95.66666666666667,,1287,144,10,XX,x,shapelet,frozen_quantum,src/sq_seqnn_outputs/sat6_default_isolation__sat6__frozen_quantum__seed46/results_sat6.csv
673,isolation,sat6,both,sat6__frozen_quantum,47,isolation__sat6__frozen_quantum__seed47,97.08333333333331,97.08333333333331,95.66666666666667,,1287,144,10,XX,x,shapelet,frozen_quantum,src/sq_seqnn_outputs/sat6_default_isolation__sat6__frozen_quantum__seed47/results_sat6.csv
805,isolation,sat6,both,sat6__frozen_quantum,48,isolation__sat6__frozen_quantum__seed48,96.5,96.5,97.75,,1287,144,10,XX,x,shapelet,frozen_quantum,src/sq_seqnn_outputs/sat6_default_isolation__sat6__frozen_quantum__seed48/results_sat6.csv
937,isolation,sat6,both,sat6__frozen_quantum,49,isolation__sat6__frozen_quantum__seed49,96.16666666666667,96.16666666666666,95.5,,1287,144,10,XX,x,shapelet,frozen_quantum,src/sq_seqnn_outputs/sat6_default_isolation__sat6__frozen_quantum__seed49/results_sat6.csv
1069,isolation,sat6,both,sat6__frozen_quantum,50,isolation__sat6__frozen_quantum__seed50,96.33333333333334,96.33333333333331,97.5,,1287,144,10,XX,x,shapelet,frozen_quantum,src/sq_seqnn_outputs/sat6_default_isolation__sat6__frozen_quantum__seed50/results_sat6.csv
1201,isolation,sat6,both,sat6__frozen_quantum,51,isolation__sat6__frozen_quantum__seed51,97.0,97.0,96.25,,1287,144,10,XX,x,shapelet,frozen_quantum,src/sq_seqnn_outputs/sat6_default_isolation__sat6__frozen_quantum__seed51/results_sat6.csv
12,isolation,sat6,both,sat6__mlp_replace,42,isolation__sat6__mlp_replace__seed42,96.75,96.75,97.0,,1279,144,10,XX,x,shapelet,mlp_replace,src/sq_seqnn_outputs/sat6_default_isolation__sat6__mlp_replace__seed42/results_sat6.csv
144,isolation,sat6,both,sat6__mlp_replace,43,isolation__sat6__mlp_replace__seed43,95.0,95.0,97.0,,1279,144,10,XX,x,shapelet,mlp_replace,src/sq_seqnn_outputs/sat6_default_isolation__sat6__mlp_replace__seed43/results_sat6.csv
276,isolation,sat6,both,sat6__mlp_replace,44,isolation__sat6__mlp_replace__seed44,96.0,96.0,96.58333333333331,,1279,144,10,XX,x,shapelet,mlp_replace,src/sq_seqnn_outputs/sat6_default_isolation__sat6__mlp_replace__seed44/results_sat6.csv
408,isolation,sat6,both,sat6__mlp_replace,45,isolation__sat6__mlp_replace__seed45,96.83333333333334,96.83333333333334,97.08333333333331,,1279,144,10,XX,x,shapelet,mlp_replace,src/sq_seqnn_outputs/sat6_default_isolation__sat6__mlp_replace__seed45/results_sat6.csv
540,isolation,sat6,both,sat6__mlp_replace,46,isolation__sat6__mlp_replace__seed46,95.91666666666666,95.91666666666666,96.41666666666666,,1279,144,10,XX,x,shapelet,mlp_replace,src/sq_seqnn_outputs/sat6_default_isolation__sat6__mlp_replace__seed46/results_sat6.csv
672,isolation,sat6,both,sat6__mlp_replace,47,isolation__sat6__mlp_replace__seed47,97.25,97.25,95.75,,1279,144,10,XX,x,shapelet,mlp_replace,src/sq_seqnn_outputs/sat6_default_isolation__sat6__mlp_replace__seed47/results_sat6.csv
804,isolation,sat6,both,sat6__mlp_replace,48,isolation__sat6__mlp_replace__seed48,96.5,96.5,97.0,,1279,144,10,XX,x,shapelet,mlp_replace,src/sq_seqnn_outputs/sat6_default_isolation__sat6__mlp_replace__seed48/results_sat6.csv
936,isolation,sat6,both,sat6__mlp_replace,49,isolation__sat6__mlp_replace__seed49,95.83333333333334,95.83333333333334,95.83333333333334,,1279,144,10,XX,x,shapelet,mlp_replace,src/sq_seqnn_outputs/sat6_default_isolation__sat6__mlp_replace__seed49/results_sat6.csv
1068,isolation,sat6,both,sat6__mlp_replace,50,isolation__sat6__mlp_replace__seed50,95.5,95.5,96.66666666666669,,1279,144,10,XX,x,shapelet,mlp_replace,src/sq_seqnn_outputs/sat6_default_isolation__sat6__mlp_replace__seed50/results_sat6.csv
1200,isolation,sat6,both,sat6__mlp_replace,51,isolation__sat6__mlp_replace__seed51,96.75,96.75,96.16666666666667,,1279,144,10,XX,x,shapelet,mlp_replace,src/sq_seqnn_outputs/sat6_default_isolation__sat6__mlp_replace__seed51/results_sat6.csv
14,isolation,sat6,both,sat6__no_iqp,42,isolation__sat6__no_iqp__seed42,95.5,95.5,95.83333333333334,,1287,144,10,XX,x,shapelet,no_iqp,src/sq_seqnn_outputs/sat6_default_isolation__sat6__no_iqp__seed42/results_sat6.csv
146,isolation,sat6,both,sat6__no_iqp,43,isolation__sat6__no_iqp__seed43,96.0,96.0,97.41666666666666,,1287,144,10,XX,x,shapelet,no_iqp,src/sq_seqnn_outputs/sat6_default_isolation__sat6__no_iqp__seed43/results_sat6.csv
278,isolation,sat6,both,sat6__no_iqp,44,isolation__sat6__no_iqp__seed44,96.83333333333334,96.83333333333331,96.91666666666666,,1287,144,10,XX,x,shapelet,no_iqp,src/sq_seqnn_outputs/sat6_default_isolation__sat6__no_iqp__seed44/results_sat6.csv
410,isolation,sat6,both,sat6__no_iqp,45,isolation__sat6__no_iqp__seed45,97.08333333333331,97.08333333333331,97.16666666666669,,1287,144,10,XX,x,shapelet,no_iqp,src/sq_seqnn_outputs/sat6_default_isolation__sat6__no_iqp__seed45/results_sat6.csv
542,isolation,sat6,both,sat6__no_iqp,46,isolation__sat6__no_iqp__seed46,96.33333333333334,96.33333333333334,96.91666666666666,,1287,144,10,XX,x,shapelet,no_iqp,src/sq_seqnn_outputs/sat6_default_isolation__sat6__no_iqp__seed46/results_sat6.csv
674,isolation,sat6,both,sat6__no_iqp,47,isolation__sat6__no_iqp__seed47,96.41666666666666,96.41666666666669,96.16666666666667,,1287,144,10,XX,x,shapelet,no_iqp,src/sq_seqnn_outputs/sat6_default_isolation__sat6__no_iqp__seed47/results_sat6.csv
806,isolation,sat6,both,sat6__no_iqp,48,isolation__sat6__no_iqp__seed48,97.25,97.25,97.5,,1287,144,10,XX,x,shapelet,no_iqp,src/sq_seqnn_outputs/sat6_default_isolation__sat6__no_iqp__seed48/results_sat6.csv
938,isolation,sat6,both,sat6__no_iqp,49,isolation__sat6__no_iqp__seed49,96.58333333333331,96.58333333333331,96.25,,1287,144,10,XX,x,shapelet,no_iqp,src/sq_seqnn_outputs/sat6_default_isolation__sat6__no_iqp__seed49/results_sat6.csv
1070,isolation,sat6,both,sat6__no_iqp,50,isolation__sat6__no_iqp__seed50,96.5,96.5,97.16666666666669,,1287,144,10,XX,x,shapelet,no_iqp,src/sq_seqnn_outputs/sat6_default_isolation__sat6__no_iqp__seed50/results_sat6.csv
1202,isolation,sat6,both,sat6__no_iqp,51,isolation__sat6__no_iqp__seed51,96.41666666666666,96.41666666666669,96.83333333333334,,1287,144,10,XX,x,shapelet,no_iqp,src/sq_seqnn_outputs/sat6_default_isolation__sat6__no_iqp__seed51/results_sat6.csv
15,isolation,sat6,both,sat6__no_reupload,42,isolation__sat6__no_reupload__seed42,95.58333333333331,95.58333333333331,95.91666666666666,,1287,144,10,XX,x,shapelet,no_reupload,src/sq_seqnn_outputs/sat6_default_isolation__sat6__no_reupload__seed42/results_sat6.csv
147,isolation,sat6,both,sat6__no_reupload,43,isolation__sat6__no_reupload__seed43,96.33333333333334,96.33333333333331,98.08333333333333,,1287,144,10,XX,x,shapelet,no_reupload,src/sq_seqnn_outputs/sat6_default_isolation__sat6__no_reupload__seed43/results_sat6.csv
279,isolation,sat6,both,sat6__no_reupload,44,isolation__sat6__no_reupload__seed44,96.16666666666667,96.16666666666666,95.91666666666666,,1287,144,10,XX,x,shapelet,no_reupload,src/sq_seqnn_outputs/sat6_default_isolation__sat6__no_reupload__seed44/results_sat6.csv
411,isolation,sat6,both,sat6__no_reupload,45,isolation__sat6__no_reupload__seed45,97.16666666666669,97.16666666666669,97.33333333333334,,1287,144,10,XX,x,shapelet,no_reupload,src/sq_seqnn_outputs/sat6_default_isolation__sat6__no_reupload__seed45/results_sat6.csv
543,isolation,sat6,both,sat6__no_reupload,46,isolation__sat6__no_reupload__seed46,96.16666666666667,96.16666666666666,96.58333333333331,,1287,144,10,XX,x,shapelet,no_reupload,src/sq_seqnn_outputs/sat6_default_isolation__sat6__no_reupload__seed46/results_sat6.csv
675,isolation,sat6,both,sat6__no_reupload,47,isolation__sat6__no_reupload__seed47,96.41666666666666,96.41666666666669,95.5,,1287,144,10,XX,x,shapelet,no_reupload,src/sq_seqnn_outputs/sat6_default_isolation__sat6__no_reupload__seed47/results_sat6.csv
807,isolation,sat6,both,sat6__no_reupload,48,isolation__sat6__no_reupload__seed48,95.83333333333334,95.83333333333334,97.41666666666666,,1287,144,10,XX,x,shapelet,no_reupload,src/sq_seqnn_outputs/sat6_default_isolation__sat6__no_reupload__seed48/results_sat6.csv
939,isolation,sat6,both,sat6__no_reupload,49,isolation__sat6__no_reupload__seed49,96.16666666666667,96.16666666666666,95.66666666666667,,1287,144,10,XX,x,shapelet,no_reupload,src/sq_seqnn_outputs/sat6_default_isolation__sat6__no_reupload__seed49/results_sat6.csv
1071,isolation,sat6,both,sat6__no_reupload,50,isolation__sat6__no_reupload__seed50,94.83333333333334,94.83333333333334,97.41666666666666,,1287,144,10,XX,x,shapelet,no_reupload,src/sq_seqnn_outputs/sat6_default_isolation__sat6__no_reupload__seed50/results_sat6.csv
1203,isolation,sat6,both,sat6__no_reupload,51,isolation__sat6__no_reupload__seed51,96.91666666666666,96.91666666666666,97.16666666666669,,1287,144,10,XX,x,shapelet,no_reupload,src/sq_seqnn_outputs/sat6_default_isolation__sat6__no_reupload__seed51/results_sat6.csv
17,isolation,so2sat,adaptive,so2sat_adaptive__classical_only,42,isolation__so2sat_adaptive__classical_only__seed42,93.89999999999999,93.89999999999998,94.19999999999999,,635,144,10,CRY,xyz,global,classical_only,src/sq_seqnn_outputs/so2sat_default_isolation__so2sat_adaptive__classical_only__seed42/results_so2sat.csv
149,isolation,so2sat,adaptive,so2sat_adaptive__classical_only,43,isolation__so2sat_adaptive__classical_only__seed43,93.2,93.2,93.7,,635,144,10,CRY,xyz,global,classical_only,src/sq_seqnn_outputs/so2sat_default_isolation__so2sat_adaptive__classical_only__seed43/results_so2sat.csv
281,isolation,so2sat,adaptive,so2sat_adaptive__classical_only,44,isolation__so2sat_adaptive__classical_only__seed44,93.25,93.25,93.5,,635,144,10,CRY,xyz,global,classical_only,src/sq_seqnn_outputs/so2sat_default_isolation__so2sat_adaptive__classical_only__seed44/results_so2sat.csv
413,isolation,so2sat,adaptive,so2sat_adaptive__classical_only,45,isolation__so2sat_adaptive__classical_only__seed45,93.55,93.55,94.05,,635,144,10,CRY,xyz,global,classical_only,src/sq_seqnn_outputs/so2sat_default_isolation__so2sat_adaptive__classical_only__seed45/results_so2sat.csv
545,isolation,so2sat,adaptive,so2sat_adaptive__classical_only,46,isolation__so2sat_adaptive__classical_only__seed46,93.65,93.65,94.55,,635,144,10,CRY,xyz,global,classical_only,src/sq_seqnn_outputs/so2sat_default_isolation__so2sat_adaptive__classical_only__seed46/results_so2sat.csv
677,isolation,so2sat,adaptive,so2sat_adaptive__classical_only,47,isolation__so2sat_adaptive__classical_only__seed47,93.5,93.5,93.0,,635,144,10,CRY,xyz,global,classical_only,src/sq_seqnn_outputs/so2sat_default_isolation__so2sat_adaptive__classical_only__seed47/results_so2sat.csv
809,isolation,so2sat,adaptive,so2sat_adaptive__classical_only,48,isolation__so2sat_adaptive__classical_only__seed48,92.75,92.75,92.65,,635,144,10,CRY,xyz,global,classical_only,src/sq_seqnn_outputs/so2sat_default_isolation__so2sat_adaptive__classical_only__seed48/results_so2sat.csv
941,isolation,so2sat,adaptive,so2sat_adaptive__classical_only,49,isolation__so2sat_adaptive__classical_only__seed49,94.3,94.30000000000001,95.19999999999999,,635,144,10,CRY,xyz,global,classical_only,src/sq_seqnn_outputs/so2sat_default_isolation__so2sat_adaptive__classical_only__seed49/results_so2sat.csv
1073,isolation,so2sat,adaptive,so2sat_adaptive__classical_only,50,isolation__so2sat_adaptive__classical_only__seed50,93.89999999999999,93.89999999999999,94.1,,635,144,10,CRY,xyz,global,classical_only,src/sq_seqnn_outputs/so2sat_default_isolation__so2sat_adaptive__classical_only__seed50/results_so2sat.csv
1205,isolation,so2sat,adaptive,so2sat_adaptive__classical_only,51,isolation__so2sat_adaptive__classical_only__seed51,94.35,94.35,94.55,,635,144,10,CRY,xyz,global,classical_only,src/sq_seqnn_outputs/so2sat_default_isolation__so2sat_adaptive__classical_only__seed51/results_so2sat.csv
22,isolation,so2sat,adaptive,so2sat_adaptive__fixed_z,42,isolation__so2sat_adaptive__fixed_z__seed42,94.0,94.0,93.85,,899,144,10,CRY,z,global,fixed_z,src/sq_seqnn_outputs/so2sat_default_isolation__so2sat_adaptive__fixed_z__seed42/results_so2sat.csv
154,isolation,so2sat,adaptive,so2sat_adaptive__fixed_z,43,isolation__so2sat_adaptive__fixed_z__seed43,94.05,94.05,94.25,,899,144,10,CRY,z,global,fixed_z,src/sq_seqnn_outputs/so2sat_default_isolation__so2sat_adaptive__fixed_z__seed43/results_so2sat.csv
286,isolation,so2sat,adaptive,so2sat_adaptive__fixed_z,44,isolation__so2sat_adaptive__fixed_z__seed44,93.45,93.45,93.95,,899,144,10,CRY,z,global,fixed_z,src/sq_seqnn_outputs/so2sat_default_isolation__so2sat_adaptive__fixed_z__seed44/results_so2sat.csv
418,isolation,so2sat,adaptive,so2sat_adaptive__fixed_z,45,isolation__so2sat_adaptive__fixed_z__seed45,92.80000000000001,92.80000000000001,94.15,,899,144,10,CRY,z,global,fixed_z,src/sq_seqnn_outputs/so2sat_default_isolation__so2sat_adaptive__fixed_z__seed45/results_so2sat.csv
550,isolation,so2sat,adaptive,so2sat_adaptive__fixed_z,46,isolation__so2sat_adaptive__fixed_z__seed46,92.95,92.95,94.3,,899,144,10,CRY,z,global,fixed_z,src/sq_seqnn_outputs/so2sat_default_isolation__so2sat_adaptive__fixed_z__seed46/results_so2sat.csv
682,isolation,so2sat,adaptive,so2sat_adaptive__fixed_z,47,isolation__so2sat_adaptive__fixed_z__seed47,93.8,93.8,94.05,,899,144,10,CRY,z,global,fixed_z,src/sq_seqnn_outputs/so2sat_default_isolation__so2sat_adaptive__fixed_z__seed47/results_so2sat.csv
814,isolation,so2sat,adaptive,so2sat_adaptive__fixed_z,48,isolation__so2sat_adaptive__fixed_z__seed48,93.55,93.55,93.25,,899,144,10,CRY,z,global,fixed_z,src/sq_seqnn_outputs/so2sat_default_isolation__so2sat_adaptive__fixed_z__seed48/results_so2sat.csv
946,isolation,so2sat,adaptive,so2sat_adaptive__fixed_z,49,isolation__so2sat_adaptive__fixed_z__seed49,94.1,94.1,94.89999999999999,,899,144,10,CRY,z,global,fixed_z,src/sq_seqnn_outputs/so2sat_default_isolation__so2sat_adaptive__fixed_z__seed49/results_so2sat.csv
1078,isolation,so2sat,adaptive,so2sat_adaptive__fixed_z,50,isolation__so2sat_adaptive__fixed_z__seed50,94.05,94.05,93.85,,899,144,10,CRY,z,global,fixed_z,src/sq_seqnn_outputs/so2sat_default_isolation__so2sat_adaptive__fixed_z__seed50/results_so2sat.csv
1210,isolation,so2sat,adaptive,so2sat_adaptive__fixed_z,51,isolation__so2sat_adaptive__fixed_z__seed51,94.0,94.0,94.6,,899,144,10,CRY,z,global,fixed_z,src/sq_seqnn_outputs/so2sat_default_isolation__so2sat_adaptive__fixed_z__seed51/results_so2sat.csv
19,isolation,so2sat,adaptive,so2sat_adaptive__frozen_quantum,42,isolation__so2sat_adaptive__frozen_quantum__seed42,94.3,94.3,94.35,,1139,144,10,CRY,xyz,global,frozen_quantum,src/sq_seqnn_outputs/so2sat_default_isolation__so2sat_adaptive__frozen_quantum__seed42/results_so2sat.csv
151,isolation,so2sat,adaptive,so2sat_adaptive__frozen_quantum,43,isolation__so2sat_adaptive__frozen_quantum__seed43,94.65,94.65,94.19999999999999,,1139,144,10,CRY,xyz,global,frozen_quantum,src/sq_seqnn_outputs/so2sat_default_isolation__so2sat_adaptive__frozen_quantum__seed43/results_so2sat.csv
283,isolation,so2sat,adaptive,so2sat_adaptive__frozen_quantum,44,isolation__so2sat_adaptive__frozen_quantum__seed44,94.05,94.05,94.35,,1139,144,10,CRY,xyz,global,frozen_quantum,src/sq_seqnn_outputs/so2sat_default_isolation__so2sat_adaptive__frozen_quantum__seed44/results_so2sat.csv
415,isolation,so2sat,adaptive,so2sat_adaptive__frozen_quantum,45,isolation__so2sat_adaptive__frozen_quantum__seed45,93.89999999999999,93.89999999999999,94.39999999999999,,1139,144,10,CRY,xyz,global,frozen_quantum,src/sq_seqnn_outputs/so2sat_default_isolation__so2sat_adaptive__frozen_quantum__seed45/results_so2sat.csv
547,isolation,so2sat,adaptive,so2sat_adaptive__frozen_quantum,46,isolation__so2sat_adaptive__frozen_quantum__seed46,93.55,93.55,94.5,,1139,144,10,CRY,xyz,global,frozen_quantum,src/sq_seqnn_outputs/so2sat_default_isolation__so2sat_adaptive__frozen_quantum__seed46/results_so2sat.csv
679,isolation,so2sat,adaptive,so2sat_adaptive__frozen_quantum,47,isolation__so2sat_adaptive__frozen_quantum__seed47,93.89999999999999,93.89999999999999,93.5,,1139,144,10,CRY,xyz,global,frozen_quantum,src/sq_seqnn_outputs/so2sat_default_isolation__so2sat_adaptive__frozen_quantum__seed47/results_so2sat.csv
811,isolation,so2sat,adaptive,so2sat_adaptive__frozen_quantum,48,isolation__so2sat_adaptive__frozen_quantum__seed48,94.15,94.15,94.35,,1139,144,10,CRY,xyz,global,frozen_quantum,src/sq_seqnn_outputs/so2sat_default_isolation__so2sat_adaptive__frozen_quantum__seed48/results_so2sat.csv
943,isolation,so2sat,adaptive,so2sat_adaptive__frozen_quantum,49,isolation__so2sat_adaptive__frozen_quantum__seed49,94.45,94.45,95.1,,1139,144,10,CRY,xyz,global,frozen_quantum,src/sq_seqnn_outputs/so2sat_default_isolation__so2sat_adaptive__frozen_quantum__seed49/results_so2sat.csv
1075,isolation,so2sat,adaptive,so2sat_adaptive__frozen_quantum,50,isolation__so2sat_adaptive__frozen_quantum__seed50,94.05,94.05,94.1,,1139,144,10,CRY,xyz,global,frozen_quantum,src/sq_seqnn_outputs/so2sat_default_isolation__so2sat_adaptive__frozen_quantum__seed50/results_so2sat.csv
1207,isolation,so2sat,adaptive,so2sat_adaptive__frozen_quantum,51,isolation__so2sat_adaptive__frozen_quantum__seed51,94.89999999999999,94.89999999999999,94.95,,1139,144,10,CRY,xyz,global,frozen_quantum,src/sq_seqnn_outputs/so2sat_default_isolation__so2sat_adaptive__frozen_quantum__seed51/results_so2sat.csv
18,isolation,so2sat,adaptive,so2sat_adaptive__mlp_replace,42,isolation__so2sat_adaptive__mlp_replace__seed42,94.65,94.65,94.65,,1148,144,10,CRY,xyz,global,mlp_replace,src/sq_seqnn_outputs/so2sat_default_isolation__so2sat_adaptive__mlp_replace__seed42/results_so2sat.csv
150,isolation,so2sat,adaptive,so2sat_adaptive__mlp_replace,43,isolation__so2sat_adaptive__mlp_replace__seed43,93.10000000000001,93.10000000000001,93.7,,1148,144,10,CRY,xyz,global,mlp_replace,src/sq_seqnn_outputs/so2sat_default_isolation__so2sat_adaptive__mlp_replace__seed43/results_so2sat.csv
282,isolation,so2sat,adaptive,so2sat_adaptive__mlp_replace,44,isolation__so2sat_adaptive__mlp_replace__seed44,92.9,92.9,93.45,,1148,144,10,CRY,xyz,global,mlp_replace,src/sq_seqnn_outputs/so2sat_default_isolation__so2sat_adaptive__mlp_replace__seed44/results_so2sat.csv
414,isolation,so2sat,adaptive,so2sat_adaptive__mlp_replace,45,isolation__so2sat_adaptive__mlp_replace__seed45,93.4,93.4,94.19999999999999,,1148,144,10,CRY,xyz,global,mlp_replace,src/sq_seqnn_outputs/so2sat_default_isolation__so2sat_adaptive__mlp_replace__seed45/results_so2sat.csv
546,isolation,so2sat,adaptive,so2sat_adaptive__mlp_replace,46,isolation__so2sat_adaptive__mlp_replace__seed46,93.7,93.7,94.69999999999999,,1148,144,10,CRY,xyz,global,mlp_replace,src/sq_seqnn_outputs/so2sat_default_isolation__so2sat_adaptive__mlp_replace__seed46/results_so2sat.csv
678,isolation,so2sat,adaptive,so2sat_adaptive__mlp_replace,47,isolation__so2sat_adaptive__mlp_replace__seed47,93.30000000000001,93.30000000000001,92.65,,1148,144,10,CRY,xyz,global,mlp_replace,src/sq_seqnn_outputs/so2sat_default_isolation__so2sat_adaptive__mlp_replace__seed47/results_so2sat.csv
810,isolation,so2sat,adaptive,so2sat_adaptive__mlp_replace,48,isolation__so2sat_adaptive__mlp_replace__seed48,93.5,93.5,93.15,,1148,144,10,CRY,xyz,global,mlp_replace,src/sq_seqnn_outputs/so2sat_default_isolation__so2sat_adaptive__mlp_replace__seed48/results_so2sat.csv
942,isolation,so2sat,adaptive,so2sat_adaptive__mlp_replace,49,isolation__so2sat_adaptive__mlp_replace__seed49,94.65,94.65,95.1,,1148,144,10,CRY,xyz,global,mlp_replace,src/sq_seqnn_outputs/so2sat_default_isolation__so2sat_adaptive__mlp_replace__seed49/results_so2sat.csv
1074,isolation,so2sat,adaptive,so2sat_adaptive__mlp_replace,50,isolation__so2sat_adaptive__mlp_replace__seed50,93.4,93.4,93.95,,1148,144,10,CRY,xyz,global,mlp_replace,src/sq_seqnn_outputs/so2sat_default_isolation__so2sat_adaptive__mlp_replace__seed50/results_so2sat.csv
1206,isolation,so2sat,adaptive,so2sat_adaptive__mlp_replace,51,isolation__so2sat_adaptive__mlp_replace__seed51,93.4,93.4,93.95,,1148,144,10,CRY,xyz,global,mlp_replace,src/sq_seqnn_outputs/so2sat_default_isolation__so2sat_adaptive__mlp_replace__seed51/results_so2sat.csv
20,isolation,so2sat,adaptive,so2sat_adaptive__no_iqp,42,isolation__so2sat_adaptive__no_iqp__seed42,94.35,94.35,94.15,,1139,144,10,CRY,xyz,global,no_iqp,src/sq_seqnn_outputs/so2sat_default_isolation__so2sat_adaptive__no_iqp__seed42/results_so2sat.csv
152,isolation,so2sat,adaptive,so2sat_adaptive__no_iqp,43,isolation__so2sat_adaptive__no_iqp__seed43,95.0,95.0,94.65,,1139,144,10,CRY,xyz,global,no_iqp,src/sq_seqnn_outputs/so2sat_default_isolation__so2sat_adaptive__no_iqp__seed43/results_so2sat.csv
284,isolation,so2sat,adaptive,so2sat_adaptive__no_iqp,44,isolation__so2sat_adaptive__no_iqp__seed44,94.0,94.0,94.15,,1139,144,10,CRY,xyz,global,no_iqp,src/sq_seqnn_outputs/so2sat_default_isolation__so2sat_adaptive__no_iqp__seed44/results_so2sat.csv
416,isolation,so2sat,adaptive,so2sat_adaptive__no_iqp,45,isolation__so2sat_adaptive__no_iqp__seed45,93.75,93.75,94.39999999999999,,1139,144,10,CRY,xyz,global,no_iqp,src/sq_seqnn_outputs/so2sat_default_isolation__so2sat_adaptive__no_iqp__seed45/results_so2sat.csv
548,isolation,so2sat,adaptive,so2sat_adaptive__no_iqp,46,isolation__so2sat_adaptive__no_iqp__seed46,93.4,93.4,94.19999999999999,,1139,144,10,CRY,xyz,global,no_iqp,src/sq_seqnn_outputs/so2sat_default_isolation__so2sat_adaptive__no_iqp__seed46/results_so2sat.csv
680,isolation,so2sat,adaptive,so2sat_adaptive__no_iqp,47,isolation__so2sat_adaptive__no_iqp__seed47,94.15,94.15,93.35,,1139,144,10,CRY,xyz,global,no_iqp,src/sq_seqnn_outputs/so2sat_default_isolation__so2sat_adaptive__no_iqp__seed47/results_so2sat.csv
812,isolation,so2sat,adaptive,so2sat_adaptive__no_iqp,48,isolation__so2sat_adaptive__no_iqp__seed48,94.0,94.0,94.19999999999999,,1139,144,10,CRY,xyz,global,no_iqp,src/sq_seqnn_outputs/so2sat_default_isolation__so2sat_adaptive__no_iqp__seed48/results_so2sat.csv
944,isolation,so2sat,adaptive,so2sat_adaptive__no_iqp,49,isolation__so2sat_adaptive__no_iqp__seed49,94.8,94.8,95.1,,1139,144,10,CRY,xyz,global,no_iqp,src/sq_seqnn_outputs/so2sat_default_isolation__so2sat_adaptive__no_iqp__seed49/results_so2sat.csv
1076,isolation,so2sat,adaptive,so2sat_adaptive__no_iqp,50,isolation__so2sat_adaptive__no_iqp__seed50,92.65,92.65,93.10000000000001,,1139,144,10,CRY,xyz,global,no_iqp,src/sq_seqnn_outputs/so2sat_default_isolation__so2sat_adaptive__no_iqp__seed50/results_so2sat.csv
1208,isolation,so2sat,adaptive,so2sat_adaptive__no_iqp,51,isolation__so2sat_adaptive__no_iqp__seed51,95.3,95.3,95.15,,1139,144,10,CRY,xyz,global,no_iqp,src/sq_seqnn_outputs/so2sat_default_isolation__so2sat_adaptive__no_iqp__seed51/results_so2sat.csv
21,isolation,so2sat,adaptive,so2sat_adaptive__no_reupload,42,isolation__so2sat_adaptive__no_reupload__seed42,94.45,94.45,94.39999999999999,,1139,144,10,CRY,xyz,global,no_reupload,src/sq_seqnn_outputs/so2sat_default_isolation__so2sat_adaptive__no_reupload__seed42/results_so2sat.csv
153,isolation,so2sat,adaptive,so2sat_adaptive__no_reupload,43,isolation__so2sat_adaptive__no_reupload__seed43,94.19999999999999,94.19999999999999,94.39999999999999,,1139,144,10,CRY,xyz,global,no_reupload,src/sq_seqnn_outputs/so2sat_default_isolation__so2sat_adaptive__no_reupload__seed43/results_so2sat.csv
285,isolation,so2sat,adaptive,so2sat_adaptive__no_reupload,44,isolation__so2sat_adaptive__no_reupload__seed44,94.19999999999999,94.20000000000002,94.3,,1139,144,10,CRY,xyz,global,no_reupload,src/sq_seqnn_outputs/so2sat_default_isolation__so2sat_adaptive__no_reupload__seed44/results_so2sat.csv
417,isolation,so2sat,adaptive,so2sat_adaptive__no_reupload,45,isolation__so2sat_adaptive__no_reupload__seed45,93.5,93.50000000000001,94.19999999999999,,1139,144,10,CRY,xyz,global,no_reupload,src/sq_seqnn_outputs/so2sat_default_isolation__so2sat_adaptive__no_reupload__seed45/results_so2sat.csv
549,isolation,so2sat,adaptive,so2sat_adaptive__no_reupload,46,isolation__so2sat_adaptive__no_reupload__seed46,93.25,93.25,94.65,,1139,144,10,CRY,xyz,global,no_reupload,src/sq_seqnn_outputs/so2sat_default_isolation__so2sat_adaptive__no_reupload__seed46/results_so2sat.csv
681,isolation,so2sat,adaptive,so2sat_adaptive__no_reupload,47,isolation__so2sat_adaptive__no_reupload__seed47,93.85,93.85,93.85,,1139,144,10,CRY,xyz,global,no_reupload,src/sq_seqnn_outputs/so2sat_default_isolation__so2sat_adaptive__no_reupload__seed47/results_so2sat.csv
813,isolation,so2sat,adaptive,so2sat_adaptive__no_reupload,48,isolation__so2sat_adaptive__no_reupload__seed48,93.7,93.7,93.65,,1139,144,10,CRY,xyz,global,no_reupload,src/sq_seqnn_outputs/so2sat_default_isolation__so2sat_adaptive__no_reupload__seed48/results_so2sat.csv
945,isolation,so2sat,adaptive,so2sat_adaptive__no_reupload,49,isolation__so2sat_adaptive__no_reupload__seed49,94.3,94.3,94.95,,1139,144,10,CRY,xyz,global,no_reupload,src/sq_seqnn_outputs/so2sat_default_isolation__so2sat_adaptive__no_reupload__seed49/results_so2sat.csv
1077,isolation,so2sat,adaptive,so2sat_adaptive__no_reupload,50,isolation__so2sat_adaptive__no_reupload__seed50,93.45,93.45,93.65,,1139,144,10,CRY,xyz,global,no_reupload,src/sq_seqnn_outputs/so2sat_default_isolation__so2sat_adaptive__no_reupload__seed50/results_so2sat.csv
1209,isolation,so2sat,adaptive,so2sat_adaptive__no_reupload,51,isolation__so2sat_adaptive__no_reupload__seed51,94.69999999999999,94.69999999999999,95.19999999999999,,1139,144,10,CRY,xyz,global,no_reupload,src/sq_seqnn_outputs/so2sat_default_isolation__so2sat_adaptive__no_reupload__seed51/results_so2sat.csv
0,main,overhead,adaptive,overhead_adaptive,42,main__overhead_adaptive__seed42,93.17773788150808,93.1644144144144,89.65517241379311,,1015,112,8,CX,x,conv,none,src/sq_seqnn_outputs/overhead_seqnn5_main__overhead_adaptive__seed42/results_overhead.csv
132,main,overhead,adaptive,overhead_adaptive,43,main__overhead_adaptive__seed43,88.1508078994614,88.13384813384815,87.85607196401799,,1015,112,8,CX,x,conv,none,src/sq_seqnn_outputs/overhead_seqnn5_main__overhead_adaptive__seed43/results_overhead.csv
264,main,overhead,adaptive,overhead_adaptive,44,main__overhead_adaptive__seed44,93.71633752244163,93.7065637065637,91.30434782608697,,1015,112,8,CX,x,conv,none,src/sq_seqnn_outputs/overhead_seqnn5_main__overhead_adaptive__seed44/results_overhead.csv
396,main,overhead,adaptive,overhead_adaptive,45,main__overhead_adaptive__seed45,92.45960502692998,92.44851994851996,88.45577211394303,,1015,112,8,CX,x,conv,none,src/sq_seqnn_outputs/overhead_seqnn5_main__overhead_adaptive__seed45/results_overhead.csv
528,main,overhead,adaptive,overhead_adaptive,46,main__overhead_adaptive__seed46,88.50987432675045,88.50868725868727,88.45577211394303,,1015,112,8,CX,x,conv,none,src/sq_seqnn_outputs/overhead_seqnn5_main__overhead_adaptive__seed46/results_overhead.csv
660,main,overhead,adaptive,overhead_adaptive,47,main__overhead_adaptive__seed47,90.84380610412927,90.83655083655084,86.80659670164917,,1015,112,8,CX,x,conv,none,src/sq_seqnn_outputs/overhead_seqnn5_main__overhead_adaptive__seed47/results_overhead.csv
792,main,overhead,adaptive,overhead_adaptive,48,main__overhead_adaptive__seed48,90.12567324955117,90.13191763191763,86.80659670164917,,1015,112,8,CX,x,conv,none,src/sq_seqnn_outputs/overhead_seqnn5_main__overhead_adaptive__seed48/results_overhead.csv
924,main,overhead,adaptive,overhead_adaptive,49,main__overhead_adaptive__seed49,94.97307001795332,94.96782496782498,89.65517241379311,,1015,112,8,CX,x,conv,none,src/sq_seqnn_outputs/overhead_seqnn5_main__overhead_adaptive__seed49/results_overhead.csv
1056,main,overhead,adaptive,overhead_adaptive,50,main__overhead_adaptive__seed50,92.45960502692998,92.4501287001287,91.00449775112443,,1015,112,8,CX,x,conv,none,src/sq_seqnn_outputs/overhead_seqnn5_main__overhead_adaptive__seed50/results_overhead.csv
1188,main,overhead,adaptive,overhead_adaptive,51,main__overhead_adaptive__seed51,88.50987432675045,88.51351351351352,89.65517241379311,,1015,112,8,CX,x,conv,none,src/sq_seqnn_outputs/overhead_seqnn5_main__overhead_adaptive__seed51/results_overhead.csv
1,main,overhead,shared,overhead_shared,42,main__overhead_shared__seed42,85.99640933572711,85.98938223938225,86.80659670164917,,994,144,10,XY,z,shapelet,none,src/sq_seqnn_outputs/overhead_seqnn5_main__overhead_shared__seed42/results_overhead.csv
133,main,overhead,shared,overhead_shared,43,main__overhead_shared__seed43,88.68940754039497,88.68243243243244,89.35532233883059,,994,144,10,XY,z,shapelet,none,src/sq_seqnn_outputs/overhead_seqnn5_main__overhead_shared__seed43/results_overhead.csv
265,main,overhead,shared,overhead_shared,44,main__overhead_shared__seed44,87.97127468581688,87.98423423423422,88.75562218890555,,994,144,10,XY,z,shapelet,none,src/sq_seqnn_outputs/overhead_seqnn5_main__overhead_shared__seed44/results_overhead.csv
397,main,overhead,shared,overhead_shared,45,main__overhead_shared__seed45,90.48473967684022,90.48101673101672,88.30584707646177,,994,144,10,XY,z,shapelet,none,src/sq_seqnn_outputs/overhead_seqnn5_main__overhead_shared__seed45/results_overhead.csv
529,main,overhead,shared,overhead_shared,46,main__overhead_shared__seed46,88.8689407540395,88.86100386100387,89.05547226386807,,994,144,10,XY,z,shapelet,none,src/sq_seqnn_outputs/overhead_seqnn5_main__overhead_shared__seed46/results_overhead.csv
661,main,overhead,shared,overhead_shared,47,main__overhead_shared__seed47,87.79174147217235,87.78796653796654,87.70614692653673,,994,144,10,XY,z,shapelet,none,src/sq_seqnn_outputs/overhead_seqnn5_main__overhead_shared__seed47/results_overhead.csv
793,main,overhead,shared,overhead_shared,48,main__overhead_shared__seed48,88.1508078994614,88.1418918918919,89.20539730134932,,994,144,10,XY,z,shapelet,none,src/sq_seqnn_outputs/overhead_seqnn5_main__overhead_shared__seed48/results_overhead.csv
925,main,overhead,shared,overhead_shared,49,main__overhead_shared__seed49,91.74147217235188,91.742277992278,90.55472263868066,,994,144,10,XY,z,shapelet,none,src/sq_seqnn_outputs/overhead_seqnn5_main__overhead_shared__seed49/results_overhead.csv
1057,main,overhead,shared,overhead_shared,50,main__overhead_shared__seed50,89.76660682226212,89.75707850707852,87.70614692653673,,994,144,10,XY,z,shapelet,none,src/sq_seqnn_outputs/overhead_seqnn5_main__overhead_shared__seed50/results_overhead.csv
1189,main,overhead,shared,overhead_shared,51,main__overhead_shared__seed51,91.20287253141832,91.19851994851996,88.9055472263868,,994,144,10,XY,z,shapelet,none,src/sq_seqnn_outputs/overhead_seqnn5_main__overhead_shared__seed51/results_overhead.csv
2,main,sat6,both,sat6,42,main__sat6__seed42,96.5,96.5,96.33333333333334,,1287,144,10,XX,x,shapelet,none,src/sq_seqnn_outputs/sat6_default_main__sat6__seed42/results_sat6.csv
134,main,sat6,both,sat6,43,main__sat6__seed43,96.58333333333331,96.58333333333331,97.91666666666666,,1287,144,10,XX,x,shapelet,none,src/sq_seqnn_outputs/sat6_default_main__sat6__seed43/results_sat6.csv
266,main,sat6,both,sat6,44,main__sat6__seed44,96.66666666666669,96.66666666666669,96.75,,1287,144,10,XX,x,shapelet,none,src/sq_seqnn_outputs/sat6_default_main__sat6__seed44/results_sat6.csv
398,main,sat6,both,sat6,45,main__sat6__seed45,97.0,97.0,97.08333333333331,,1287,144,10,XX,x,shapelet,none,src/sq_seqnn_outputs/sat6_default_main__sat6__seed45/results_sat6.csv
530,main,sat6,both,sat6,46,main__sat6__seed46,95.08333333333331,95.08333333333331,96.08333333333331,,1287,144,10,XX,x,shapelet,none,src/sq_seqnn_outputs/sat6_default_main__sat6__seed46/results_sat6.csv
662,main,sat6,both,sat6,47,main__sat6__seed47,96.66666666666669,96.66666666666669,95.75,,1287,144,10,XX,x,shapelet,none,src/sq_seqnn_outputs/sat6_default_main__sat6__seed47/results_sat6.csv
794,main,sat6,both,sat6,48,main__sat6__seed48,97.16666666666669,97.16666666666669,97.5,,1287,144,10,XX,x,shapelet,none,src/sq_seqnn_outputs/sat6_default_main__sat6__seed48/results_sat6.csv
926,main,sat6,both,sat6,49,main__sat6__seed49,96.41666666666666,96.41666666666669,96.16666666666667,,1287,144,10,XX,x,shapelet,none,src/sq_seqnn_outputs/sat6_default_main__sat6__seed49/results_sat6.csv
1058,main,sat6,both,sat6,50,main__sat6__seed50,95.5,95.5,96.66666666666669,,1287,144,10,XX,x,shapelet,none,src/sq_seqnn_outputs/sat6_default_main__sat6__seed50/results_sat6.csv
1190,main,sat6,both,sat6,51,main__sat6__seed51,96.0,96.0,95.75,,1287,144,10,XX,x,shapelet,none,src/sq_seqnn_outputs/sat6_default_main__sat6__seed51/results_sat6.csv
3,main,so2sat,adaptive,so2sat_adaptive,42,main__so2sat_adaptive__seed42,94.39999999999999,94.39999999999999,94.35,,1139,144,10,CRY,xyz,global,none,src/sq_seqnn_outputs/so2sat_default_main__so2sat_adaptive__seed42/results_so2sat.csv
135,main,so2sat,adaptive,so2sat_adaptive,43,main__so2sat_adaptive__seed43,94.19999999999999,94.19999999999999,94.15,,1139,144,10,CRY,xyz,global,none,src/sq_seqnn_outputs/so2sat_default_main__so2sat_adaptive__seed43/results_so2sat.csv
267,main,so2sat,adaptive,so2sat_adaptive,44,main__so2sat_adaptive__seed44,93.85,93.85,94.35,,1139,144,10,CRY,xyz,global,none,src/sq_seqnn_outputs/so2sat_default_main__so2sat_adaptive__seed44/results_so2sat.csv
399,main,so2sat,adaptive,so2sat_adaptive,45,main__so2sat_adaptive__seed45,93.7,93.7,94.65,,1139,144,10,CRY,xyz,global,none,src/sq_seqnn_outputs/so2sat_default_main__so2sat_adaptive__seed45/results_so2sat.csv
531,main,so2sat,adaptive,so2sat_adaptive,46,main__so2sat_adaptive__seed46,93.25,93.25,94.15,,1139,144,10,CRY,xyz,global,none,src/sq_seqnn_outputs/so2sat_default_main__so2sat_adaptive__seed46/results_so2sat.csv
663,main,so2sat,adaptive,so2sat_adaptive,47,main__so2sat_adaptive__seed47,93.75,93.75,93.60000000000001,,1139,144,10,CRY,xyz,global,none,src/sq_seqnn_outputs/so2sat_default_main__so2sat_adaptive__seed47/results_so2sat.csv
795,main,so2sat,adaptive,so2sat_adaptive,48,main__so2sat_adaptive__seed48,94.1,94.1,94.25,,1139,144,10,CRY,xyz,global,none,src/sq_seqnn_outputs/so2sat_default_main__so2sat_adaptive__seed48/results_so2sat.csv
927,main,so2sat,adaptive,so2sat_adaptive,49,main__so2sat_adaptive__seed49,94.35,94.35,95.35,,1139,144,10,CRY,xyz,global,none,src/sq_seqnn_outputs/so2sat_default_main__so2sat_adaptive__seed49/results_so2sat.csv
1059,main,so2sat,adaptive,so2sat_adaptive,50,main__so2sat_adaptive__seed50,94.8,94.8,93.89999999999999,,1139,144,10,CRY,xyz,global,none,src/sq_seqnn_outputs/so2sat_default_main__so2sat_adaptive__seed50/results_so2sat.csv
1191,main,so2sat,adaptive,so2sat_adaptive,51,main__so2sat_adaptive__seed51,94.39999999999999,94.39999999999999,94.65,,1139,144,10,CRY,xyz,global,none,src/sq_seqnn_outputs/so2sat_default_main__so2sat_adaptive__seed51/results_so2sat.csv
4,main,so2sat,shared,so2sat_shared,42,main__so2sat_shared__seed42,95.0,95.0,94.65,,1012,144,10,CZ,x,shapelet,none,src/sq_seqnn_outputs/so2sat_default_main__so2sat_shared__seed42/results_so2sat.csv
136,main,so2sat,shared,so2sat_shared,43,main__so2sat_shared__seed43,95.5,95.5,95.65,,1012,144,10,CZ,x,shapelet,none,src/sq_seqnn_outputs/so2sat_default_main__so2sat_shared__seed43/results_so2sat.csv
268,main,so2sat,shared,so2sat_shared,44,main__so2sat_shared__seed44,94.69999999999999,94.69999999999999,95.1,,1012,144,10,CZ,x,shapelet,none,src/sq_seqnn_outputs/so2sat_default_main__so2sat_shared__seed44/results_so2sat.csv
400,main,so2sat,shared,so2sat_shared,45,main__so2sat_shared__seed45,94.65,94.65,96.0,,1012,144,10,CZ,x,shapelet,none,src/sq_seqnn_outputs/so2sat_default_main__so2sat_shared__seed45/results_so2sat.csv
532,main,so2sat,shared,so2sat_shared,46,main__so2sat_shared__seed46,94.6,94.6,96.05,,1012,144,10,CZ,x,shapelet,none,src/sq_seqnn_outputs/so2sat_default_main__so2sat_shared__seed46/results_so2sat.csv
664,main,so2sat,shared,so2sat_shared,47,main__so2sat_shared__seed47,94.75,94.75,95.39999999999999,,1012,144,10,CZ,x,shapelet,none,src/sq_seqnn_outputs/so2sat_default_main__so2sat_shared__seed47/results_so2sat.csv
796,main,so2sat,shared,so2sat_shared,48,main__so2sat_shared__seed48,94.6,94.6,94.6,,1012,144,10,CZ,x,shapelet,none,src/sq_seqnn_outputs/so2sat_default_main__so2sat_shared__seed48/results_so2sat.csv
928,main,so2sat,shared,so2sat_shared,49,main__so2sat_shared__seed49,94.5,94.5,95.5,,1012,144,10,CZ,x,shapelet,none,src/sq_seqnn_outputs/so2sat_default_main__so2sat_shared__seed49/results_so2sat.csv
1060,main,so2sat,shared,so2sat_shared,50,main__so2sat_shared__seed50,94.8,94.8,95.1,,1012,144,10,CZ,x,shapelet,none,src/sq_seqnn_outputs/so2sat_default_main__so2sat_shared__seed50/results_so2sat.csv
1192,main,so2sat,shared,so2sat_shared,51,main__so2sat_shared__seed51,95.65,95.65,95.19999999999999,,1012,144,10,CZ,x,shapelet,none,src/sq_seqnn_outputs/so2sat_default_main__so2sat_shared__seed51/results_so2sat.csv
111,qccnn,overhead,-,qccnn_overhead,42,qccnn__qccnn_overhead__seed42,56.0144,55.9701,58.021,59.2161,689,,,,,,none,results/baselines/qccnn__qccnn_overhead__seed42/qccnn_overhead_runs.csv
243,qccnn,overhead,-,qccnn_overhead,43,qccnn__qccnn_overhead__seed43,56.912,56.9273,58.4708,60.8316,689,,,,,,none,results/baselines/qccnn__qccnn_overhead__seed43/qccnn_overhead_runs.csv
375,qccnn,overhead,-,qccnn_overhead,44,qccnn__qccnn_overhead__seed44,59.246,59.223,59.2204,63.215,689,,,,,,none,results/baselines/qccnn__qccnn_overhead__seed44/qccnn_overhead_runs.csv
507,qccnn,overhead,-,qccnn_overhead,45,qccnn__qccnn_overhead__seed45,59.4255,59.4144,60.5697,64.3008,689,,,,,,none,results/baselines/qccnn__qccnn_overhead__seed45/qccnn_overhead_runs.csv
639,qccnn,overhead,-,qccnn_overhead,46,qccnn__qccnn_overhead__seed46,55.6553,55.6853,58.6207,59.4015,689,,,,,,none,results/baselines/qccnn__qccnn_overhead__seed46/qccnn_overhead_runs.csv
771,qccnn,overhead,-,qccnn_overhead,47,qccnn__qccnn_overhead__seed47,58.8869,58.8771,62.5187,62.8972,689,,,,,,none,results/baselines/qccnn__qccnn_overhead__seed47/qccnn_overhead_runs.csv
903,qccnn,overhead,-,qccnn_overhead,48,qccnn__qccnn_overhead__seed48,57.0916,57.0994,65.2174,64.1155,689,,,,,,none,results/baselines/qccnn__qccnn_overhead__seed48/qccnn_overhead_runs.csv
1035,qccnn,overhead,-,qccnn_overhead,49,qccnn__qccnn_overhead__seed49,63.0162,63.0341,60.4198,63.5328,689,,,,,,none,results/baselines/qccnn__qccnn_overhead__seed49/qccnn_overhead_runs.csv
1167,qccnn,overhead,-,qccnn_overhead,50,qccnn__qccnn_overhead__seed50,56.912,56.9176,58.6207,62.1557,689,,,,,,none,results/baselines/qccnn__qccnn_overhead__seed50/qccnn_overhead_runs.csv
1299,qccnn,overhead,-,qccnn_overhead,51,qccnn__qccnn_overhead__seed51,57.8097,57.7976,62.8186,62.4206,689,,,,,,none,results/baselines/qccnn__qccnn_overhead__seed51/qccnn_overhead_runs.csv
112,qccnn,sat6,-,qccnn_sat6,42,qccnn__qccnn_sat6__seed42,86.5,86.5,86.5,86.6429,1294,,,,,,none,results/baselines/qccnn__qccnn_sat6__seed42/qccnn_sat6_runs.csv
244,qccnn,sat6,-,qccnn_sat6,43,qccnn__qccnn_sat6__seed43,86.8333,86.8333,87.5,87.1667,1294,,,,,,none,results/baselines/qccnn__qccnn_sat6__seed43/qccnn_sat6_runs.csv
376,qccnn,sat6,-,qccnn_sat6,44,qccnn__qccnn_sat6__seed44,84.5833,84.5833,86.3333,85.7381,1294,,,,,,none,results/baselines/qccnn__qccnn_sat6__seed44/qccnn_sat6_runs.csv
508,qccnn,sat6,-,qccnn_sat6,45,qccnn__qccnn_sat6__seed45,87.0,87.0,87.4167,86.9524,1294,,,,,,none,results/baselines/qccnn__qccnn_sat6__seed45/qccnn_sat6_runs.csv
640,qccnn,sat6,-,qccnn_sat6,46,qccnn__qccnn_sat6__seed46,87.0,87.0,87.5833,87.2619,1294,,,,,,none,results/baselines/qccnn__qccnn_sat6__seed46/qccnn_sat6_runs.csv
772,qccnn,sat6,-,qccnn_sat6,47,qccnn__qccnn_sat6__seed47,84.9167,84.9167,84.8333,86.4762,1294,,,,,,none,results/baselines/qccnn__qccnn_sat6__seed47/qccnn_sat6_runs.csv
904,qccnn,sat6,-,qccnn_sat6,48,qccnn__qccnn_sat6__seed48,87.6667,87.6667,84.75,86.1429,1294,,,,,,none,results/baselines/qccnn__qccnn_sat6__seed48/qccnn_sat6_runs.csv
1036,qccnn,sat6,-,qccnn_sat6,49,qccnn__qccnn_sat6__seed49,85.1667,85.1667,88.0833,86.5714,1294,,,,,,none,results/baselines/qccnn__qccnn_sat6__seed49/qccnn_sat6_runs.csv
1168,qccnn,sat6,-,qccnn_sat6,50,qccnn__qccnn_sat6__seed50,83.75,83.75,86.0833,88.3333,1294,,,,,,none,results/baselines/qccnn__qccnn_sat6__seed50/qccnn_sat6_runs.csv
1300,qccnn,sat6,-,qccnn_sat6,51,qccnn__qccnn_sat6__seed51,87.1667,87.1667,86.5,88.4048,1294,,,,,,none,results/baselines/qccnn__qccnn_sat6__seed51/qccnn_sat6_runs.csv
113,qccnn,so2sat,-,qccnn_so2sat,42,qccnn__qccnn_so2sat__seed42,84.15,84.15,82.95,84.6,1277,,,,,,none,results/baselines/qccnn__qccnn_so2sat__seed42/qccnn_so2sat_runs.csv
245,qccnn,so2sat,-,qccnn_so2sat,43,qccnn__qccnn_so2sat__seed43,85.15,85.15,85.7,86.5167,1277,,,,,,none,results/baselines/qccnn__qccnn_so2sat__seed43/qccnn_so2sat_runs.csv
377,qccnn,so2sat,-,qccnn_so2sat,44,qccnn__qccnn_so2sat__seed44,83.25,83.25,83.45,85.45,1277,,,,,,none,results/baselines/qccnn__qccnn_so2sat__seed44/qccnn_so2sat_runs.csv
509,qccnn,so2sat,-,qccnn_so2sat,45,qccnn__qccnn_so2sat__seed45,84.15,84.15,85.25,86.5833,1277,,,,,,none,results/baselines/qccnn__qccnn_so2sat__seed45/qccnn_so2sat_runs.csv
641,qccnn,so2sat,-,qccnn_so2sat,46,qccnn__qccnn_so2sat__seed46,82.75,82.75,82.65,83.5833,1277,,,,,,none,results/baselines/qccnn__qccnn_so2sat__seed46/qccnn_so2sat_runs.csv
773,qccnn,so2sat,-,qccnn_so2sat,47,qccnn__qccnn_so2sat__seed47,82.0,82.0,82.15,84.8,1277,,,,,,none,results/baselines/qccnn__qccnn_so2sat__seed47/qccnn_so2sat_runs.csv
905,qccnn,so2sat,-,qccnn_so2sat,48,qccnn__qccnn_so2sat__seed48,82.3,82.3,83.3,84.8,1277,,,,,,none,results/baselines/qccnn__qccnn_so2sat__seed48/qccnn_so2sat_runs.csv
1037,qccnn,so2sat,-,qccnn_so2sat,49,qccnn__qccnn_so2sat__seed49,83.15,83.15,83.4,85.0667,1277,,,,,,none,results/baselines/qccnn__qccnn_so2sat__seed49/qccnn_so2sat_runs.csv
1169,qccnn,so2sat,-,qccnn_so2sat,50,qccnn__qccnn_so2sat__seed50,81.6,81.6,83.5,85.0333,1277,,,,,,none,results/baselines/qccnn__qccnn_so2sat__seed50/qccnn_so2sat_runs.csv
1301,qccnn,so2sat,-,qccnn_so2sat,51,qccnn__qccnn_so2sat__seed51,84.65,84.65,83.25,85.1,1277,,,,,,none,results/baselines/qccnn__qccnn_so2sat__seed51/qccnn_so2sat_runs.csv
78,schedule,overhead,adaptive,overhead_adaptive__sharedLR,42,schedule__overhead_adaptive__sharedLR__seed42,92.45960502692998,92.45173745173744,88.9055472263868,,1015,112,8,CX,x,conv,none,src/sq_seqnn_outputs/overhead_seqnn5_schedule__overhead_adaptive__sharedLR__seed42/results_overhead.csv
210,schedule,overhead,adaptive,overhead_adaptive__sharedLR,43,schedule__overhead_adaptive__sharedLR__seed43,88.8689407540395,88.85778635778635,88.75562218890555,,1015,112,8,CX,x,conv,none,src/sq_seqnn_outputs/overhead_seqnn5_schedule__overhead_adaptive__sharedLR__seed43/results_overhead.csv
342,schedule,overhead,adaptive,overhead_adaptive__sharedLR,44,schedule__overhead_adaptive__sharedLR__seed44,94.43447037701976,94.42567567567568,90.85457271364318,,1015,112,8,CX,x,conv,none,src/sq_seqnn_outputs/overhead_seqnn5_schedule__overhead_adaptive__sharedLR__seed44/results_overhead.csv
474,schedule,overhead,adaptive,overhead_adaptive__sharedLR,45,schedule__overhead_adaptive__sharedLR__seed45,92.45960502692998,92.4501287001287,89.65517241379311,,1015,112,8,CX,x,conv,none,src/sq_seqnn_outputs/overhead_seqnn5_schedule__overhead_adaptive__sharedLR__seed45/results_overhead.csv
606,schedule,overhead,adaptive,overhead_adaptive__sharedLR,46,schedule__overhead_adaptive__sharedLR__seed46,88.68940754039497,88.66634491634493,88.9055472263868,,1015,112,8,CX,x,conv,none,src/sq_seqnn_outputs/overhead_seqnn5_schedule__overhead_adaptive__sharedLR__seed46/results_overhead.csv
738,schedule,overhead,adaptive,overhead_adaptive__sharedLR,47,schedule__overhead_adaptive__sharedLR__seed47,90.30520646319567,90.2992277992278,87.55622188905548,,1015,112,8,CX,x,conv,none,src/sq_seqnn_outputs/overhead_seqnn5_schedule__overhead_adaptive__sharedLR__seed47/results_overhead.csv
870,schedule,overhead,adaptive,overhead_adaptive__sharedLR,48,schedule__overhead_adaptive__sharedLR__seed48,85.09874326750449,85.0965250965251,86.50674662668666,,1015,112,8,CX,x,conv,none,src/sq_seqnn_outputs/overhead_seqnn5_schedule__overhead_adaptive__sharedLR__seed48/results_overhead.csv
1002,schedule,overhead,adaptive,overhead_adaptive__sharedLR,49,schedule__overhead_adaptive__sharedLR__seed49,92.45960502692998,92.4662162162162,89.95502248875562,,1015,112,8,CX,x,conv,none,src/sq_seqnn_outputs/overhead_seqnn5_schedule__overhead_adaptive__sharedLR__seed49/results_overhead.csv
1134,schedule,overhead,adaptive,overhead_adaptive__sharedLR,50,schedule__overhead_adaptive__sharedLR__seed50,92.63913824057451,92.62870012870013,91.75412293853074,,1015,112,8,CX,x,conv,none,src/sq_seqnn_outputs/overhead_seqnn5_schedule__overhead_adaptive__sharedLR__seed50/results_overhead.csv
1266,schedule,overhead,adaptive,overhead_adaptive__sharedLR,51,schedule__overhead_adaptive__sharedLR__seed51,89.5870736086176,89.58172458172457,88.9055472263868,,1015,112,8,CX,x,conv,none,src/sq_seqnn_outputs/overhead_seqnn5_schedule__overhead_adaptive__sharedLR__seed51/results_overhead.csv
79,schedule,overhead,shared,overhead_shared__sharedLR,42,schedule__overhead_shared__sharedLR__seed42,88.68940754039497,88.68886743886743,88.45577211394303,,994,144,10,XY,z,shapelet,none,src/sq_seqnn_outputs/overhead_seqnn5_schedule__overhead_shared__sharedLR__seed42/results_overhead.csv
211,schedule,overhead,shared,overhead_shared__sharedLR,43,schedule__overhead_shared__sharedLR__seed43,90.66427289048474,90.65958815958815,90.70464767616193,,994,144,10,XY,z,shapelet,none,src/sq_seqnn_outputs/overhead_seqnn5_schedule__overhead_shared__sharedLR__seed43/results_overhead.csv
343,schedule,overhead,shared,overhead_shared__sharedLR,44,schedule__overhead_shared__sharedLR__seed44,87.97127468581688,87.97940797940798,89.20539730134932,,994,144,10,XY,z,shapelet,none,src/sq_seqnn_outputs/overhead_seqnn5_schedule__overhead_shared__sharedLR__seed44/results_overhead.csv
475,schedule,overhead,shared,overhead_shared__sharedLR,45,schedule__overhead_shared__sharedLR__seed45,90.66427289048474,90.65958815958815,89.20539730134932,,994,144,10,XY,z,shapelet,none,src/sq_seqnn_outputs/overhead_seqnn5_schedule__overhead_shared__sharedLR__seed45/results_overhead.csv
607,schedule,overhead,shared,overhead_shared__sharedLR,46,schedule__overhead_shared__sharedLR__seed46,88.68940754039497,88.66956241956242,89.20539730134932,,994,144,10,XY,z,shapelet,none,src/sq_seqnn_outputs/overhead_seqnn5_schedule__overhead_shared__sharedLR__seed46/results_overhead.csv
739,schedule,overhead,shared,overhead_shared__sharedLR,47,schedule__overhead_shared__sharedLR__seed47,87.25314183123878,87.2506435006435,87.85607196401799,,994,144,10,XY,z,shapelet,none,src/sq_seqnn_outputs/overhead_seqnn5_schedule__overhead_shared__sharedLR__seed47/results_overhead.csv
871,schedule,overhead,shared,overhead_shared__sharedLR,48,schedule__overhead_shared__sharedLR__seed48,88.8689407540395,88.85778635778635,88.9055472263868,,994,144,10,XY,z,shapelet,none,src/sq_seqnn_outputs/overhead_seqnn5_schedule__overhead_shared__sharedLR__seed48/results_overhead.csv
1003,schedule,overhead,shared,overhead_shared__sharedLR,49,schedule__overhead_shared__sharedLR__seed49,92.10053859964094,92.10102960102961,89.80509745127436,,994,144,10,XY,z,shapelet,none,src/sq_seqnn_outputs/overhead_seqnn5_schedule__overhead_shared__sharedLR__seed49/results_overhead.csv
1135,schedule,overhead,shared,overhead_shared__sharedLR,50,schedule__overhead_shared__sharedLR__seed50,89.40754039497307,89.39350064350064,89.35532233883059,,994,144,10,XY,z,shapelet,none,src/sq_seqnn_outputs/overhead_seqnn5_schedule__overhead_shared__sharedLR__seed50/results_overhead.csv
1267,schedule,overhead,shared,overhead_shared__sharedLR,51,schedule__overhead_shared__sharedLR__seed51,92.81867145421904,92.81370656370656,89.50524737631184,,994,144,10,XY,z,shapelet,none,src/sq_seqnn_outputs/overhead_seqnn5_schedule__overhead_shared__sharedLR__seed51/results_overhead.csv
80,schedule,sat6,both,sat6__sharedLR,42,schedule__sat6__sharedLR__seed42,95.83333333333334,95.83333333333334,96.25,,1287,144,10,XX,x,shapelet,none,src/sq_seqnn_outputs/sat6_default_schedule__sat6__sharedLR__seed42/results_sat6.csv
212,schedule,sat6,both,sat6__sharedLR,43,schedule__sat6__sharedLR__seed43,96.33333333333334,96.33333333333331,97.91666666666666,,1287,144,10,XX,x,shapelet,none,src/sq_seqnn_outputs/sat6_default_schedule__sat6__sharedLR__seed43/results_sat6.csv
344,schedule,sat6,both,sat6__sharedLR,44,schedule__sat6__sharedLR__seed44,96.0,96.0,96.08333333333331,,1287,144,10,XX,x,shapelet,none,src/sq_seqnn_outputs/sat6_default_schedule__sat6__sharedLR__seed44/results_sat6.csv
476,schedule,sat6,both,sat6__sharedLR,45,schedule__sat6__sharedLR__seed45,97.25,97.25,97.58333333333333,,1287,144,10,XX,x,shapelet,none,src/sq_seqnn_outputs/sat6_default_schedule__sat6__sharedLR__seed45/results_sat6.csv
608,schedule,sat6,both,sat6__sharedLR,46,schedule__sat6__sharedLR__seed46,96.75,96.75,96.5,,1287,144,10,XX,x,shapelet,none,src/sq_seqnn_outputs/sat6_default_schedule__sat6__sharedLR__seed46/results_sat6.csv
740,schedule,sat6,both,sat6__sharedLR,47,schedule__sat6__sharedLR__seed47,97.66666666666669,97.66666666666666,96.08333333333331,,1287,144,10,XX,x,shapelet,none,src/sq_seqnn_outputs/sat6_default_schedule__sat6__sharedLR__seed47/results_sat6.csv
872,schedule,sat6,both,sat6__sharedLR,48,schedule__sat6__sharedLR__seed48,96.83333333333334,96.83333333333331,97.5,,1287,144,10,XX,x,shapelet,none,src/sq_seqnn_outputs/sat6_default_schedule__sat6__sharedLR__seed48/results_sat6.csv
1004,schedule,sat6,both,sat6__sharedLR,49,schedule__sat6__sharedLR__seed49,96.25,96.25,95.75,,1287,144,10,XX,x,shapelet,none,src/sq_seqnn_outputs/sat6_default_schedule__sat6__sharedLR__seed49/results_sat6.csv
1136,schedule,sat6,both,sat6__sharedLR,50,schedule__sat6__sharedLR__seed50,95.91666666666666,95.91666666666666,97.33333333333334,,1287,144,10,XX,x,shapelet,none,src/sq_seqnn_outputs/sat6_default_schedule__sat6__sharedLR__seed50/results_sat6.csv
1268,schedule,sat6,both,sat6__sharedLR,51,schedule__sat6__sharedLR__seed51,96.16666666666667,96.16666666666667,96.75,,1287,144,10,XX,x,shapelet,none,src/sq_seqnn_outputs/sat6_default_schedule__sat6__sharedLR__seed51/results_sat6.csv
81,schedule,so2sat,adaptive,so2sat_adaptive__sharedLR,42,schedule__so2sat_adaptive__sharedLR__seed42,94.55,94.55,94.19999999999999,,1139,144,10,CRY,xyz,global,none,src/sq_seqnn_outputs/so2sat_default_schedule__so2sat_adaptive__sharedLR__seed42/results_so2sat.csv
213,schedule,so2sat,adaptive,so2sat_adaptive__sharedLR,43,schedule__so2sat_adaptive__sharedLR__seed43,93.60000000000001,93.60000000000001,93.89999999999999,,1139,144,10,CRY,xyz,global,none,src/sq_seqnn_outputs/so2sat_default_schedule__so2sat_adaptive__sharedLR__seed43/results_so2sat.csv
345,schedule,so2sat,adaptive,so2sat_adaptive__sharedLR,44,schedule__so2sat_adaptive__sharedLR__seed44,94.35,94.35,94.85,,1139,144,10,CRY,xyz,global,none,src/sq_seqnn_outputs/so2sat_default_schedule__so2sat_adaptive__sharedLR__seed44/results_so2sat.csv
477,schedule,so2sat,adaptive,so2sat_adaptive__sharedLR,45,schedule__so2sat_adaptive__sharedLR__seed45,93.05,93.05,94.3,,1139,144,10,CRY,xyz,global,none,src/sq_seqnn_outputs/so2sat_default_schedule__so2sat_adaptive__sharedLR__seed45/results_so2sat.csv
609,schedule,so2sat,adaptive,so2sat_adaptive__sharedLR,46,schedule__so2sat_adaptive__sharedLR__seed46,94.25,94.25,94.65,,1139,144,10,CRY,xyz,global,none,src/sq_seqnn_outputs/so2sat_default_schedule__so2sat_adaptive__sharedLR__seed46/results_so2sat.csv
741,schedule,so2sat,adaptive,so2sat_adaptive__sharedLR,47,schedule__so2sat_adaptive__sharedLR__seed47,94.25,94.25,93.89999999999999,,1139,144,10,CRY,xyz,global,none,src/sq_seqnn_outputs/so2sat_default_schedule__so2sat_adaptive__sharedLR__seed47/results_so2sat.csv
873,schedule,so2sat,adaptive,so2sat_adaptive__sharedLR,48,schedule__so2sat_adaptive__sharedLR__seed48,94.25,94.25,93.89999999999999,,1139,144,10,CRY,xyz,global,none,src/sq_seqnn_outputs/so2sat_default_schedule__so2sat_adaptive__sharedLR__seed48/results_so2sat.csv
1005,schedule,so2sat,adaptive,so2sat_adaptive__sharedLR,49,schedule__so2sat_adaptive__sharedLR__seed49,93.89999999999999,93.89999999999999,94.45,,1139,144,10,CRY,xyz,global,none,src/sq_seqnn_outputs/so2sat_default_schedule__so2sat_adaptive__sharedLR__seed49/results_so2sat.csv
1137,schedule,so2sat,adaptive,so2sat_adaptive__sharedLR,50,schedule__so2sat_adaptive__sharedLR__seed50,94.35,94.35,94.15,,1139,144,10,CRY,xyz,global,none,src/sq_seqnn_outputs/so2sat_default_schedule__so2sat_adaptive__sharedLR__seed50/results_so2sat.csv
1269,schedule,so2sat,adaptive,so2sat_adaptive__sharedLR,51,schedule__so2sat_adaptive__sharedLR__seed51,95.75,95.75,95.55,,1139,144,10,CRY,xyz,global,none,src/sq_seqnn_outputs/so2sat_default_schedule__so2sat_adaptive__sharedLR__seed51/results_so2sat.csv
82,schedule,so2sat,shared,so2sat_shared__sharedLR,42,schedule__so2sat_shared__sharedLR__seed42,95.5,95.5,95.0,,1012,144,10,CZ,x,shapelet,none,src/sq_seqnn_outputs/so2sat_default_schedule__so2sat_shared__sharedLR__seed42/results_so2sat.csv
214,schedule,so2sat,shared,so2sat_shared__sharedLR,43,schedule__so2sat_shared__sharedLR__seed43,95.95,95.95,96.2,,1012,144,10,CZ,x,shapelet,none,src/sq_seqnn_outputs/so2sat_default_schedule__so2sat_shared__sharedLR__seed43/results_so2sat.csv
346,schedule,so2sat,shared,so2sat_shared__sharedLR,44,schedule__so2sat_shared__sharedLR__seed44,94.35,94.35,95.1,,1012,144,10,CZ,x,shapelet,none,src/sq_seqnn_outputs/so2sat_default_schedule__so2sat_shared__sharedLR__seed44/results_so2sat.csv
478,schedule,so2sat,shared,so2sat_shared__sharedLR,45,schedule__so2sat_shared__sharedLR__seed45,95.5,95.49999999999999,96.05,,1012,144,10,CZ,x,shapelet,none,src/sq_seqnn_outputs/so2sat_default_schedule__so2sat_shared__sharedLR__seed45/results_so2sat.csv
610,schedule,so2sat,shared,so2sat_shared__sharedLR,46,schedule__so2sat_shared__sharedLR__seed46,93.4,93.4,94.95,,1012,144,10,CZ,x,shapelet,none,src/sq_seqnn_outputs/so2sat_default_schedule__so2sat_shared__sharedLR__seed46/results_so2sat.csv
742,schedule,so2sat,shared,so2sat_shared__sharedLR,47,schedule__so2sat_shared__sharedLR__seed47,95.85000000000001,95.85000000000001,95.15,,1012,144,10,CZ,x,shapelet,none,src/sq_seqnn_outputs/so2sat_default_schedule__so2sat_shared__sharedLR__seed47/results_so2sat.csv
874,schedule,so2sat,shared,so2sat_shared__sharedLR,48,schedule__so2sat_shared__sharedLR__seed48,95.25,95.25,94.69999999999999,,1012,144,10,CZ,x,shapelet,none,src/sq_seqnn_outputs/so2sat_default_schedule__so2sat_shared__sharedLR__seed48/results_so2sat.csv
1006,schedule,so2sat,shared,so2sat_shared__sharedLR,49,schedule__so2sat_shared__sharedLR__seed49,95.8,95.8,96.3,,1012,144,10,CZ,x,shapelet,none,src/sq_seqnn_outputs/so2sat_default_schedule__so2sat_shared__sharedLR__seed49/results_so2sat.csv
1138,schedule,so2sat,shared,so2sat_shared__sharedLR,50,schedule__so2sat_shared__sharedLR__seed50,95.1,95.1,95.55,,1012,144,10,CZ,x,shapelet,none,src/sq_seqnn_outputs/so2sat_default_schedule__so2sat_shared__sharedLR__seed50/results_so2sat.csv
1270,schedule,so2sat,shared,so2sat_shared__sharedLR,51,schedule__so2sat_shared__sharedLR__seed51,95.6,95.59999999999998,95.45,,1012,144,10,CZ,x,shapelet,none,src/sq_seqnn_outputs/so2sat_default_schedule__so2sat_shared__sharedLR__seed51/results_so2sat.csv
85,sens_R,overhead,adaptive,overhead_adaptive__R1,42,sens_R__overhead_adaptive__R1__seed42,92.63913824057451,92.62870012870013,88.9055472263868,,959,56,8,CX,x,conv,none,src/sq_seqnn_outputs/overhead_seqnn5_sens_R__overhead_adaptive__R1__seed42/results_overhead.csv
217,sens_R,overhead,adaptive,overhead_adaptive__R1,43,sens_R__overhead_adaptive__R1__seed43,89.04847396768402,89.0395752895753,87.10644677661169,,959,56,8,CX,x,conv,none,src/sq_seqnn_outputs/overhead_seqnn5_sens_R__overhead_adaptive__R1__seed43/results_overhead.csv
349,sens_R,overhead,adaptive,overhead_adaptive__R1,44,sens_R__overhead_adaptive__R1__seed44,94.7935368043088,94.79890604890603,91.75412293853074,,959,56,8,CX,x,conv,none,src/sq_seqnn_outputs/overhead_seqnn5_sens_R__overhead_adaptive__R1__seed44/results_overhead.csv
481,sens_R,overhead,adaptive,overhead_adaptive__R1,45,sens_R__overhead_adaptive__R1__seed45,92.28007181328546,92.26673101673101,89.35532233883059,,959,56,8,CX,x,conv,none,src/sq_seqnn_outputs/overhead_seqnn5_sens_R__overhead_adaptive__R1__seed45/results_overhead.csv
613,sens_R,overhead,adaptive,overhead_adaptive__R1,46,sens_R__overhead_adaptive__R1__seed46,87.4326750448833,87.42438867438868,86.20689655172413,,959,56,8,CX,x,conv,none,src/sq_seqnn_outputs/overhead_seqnn5_sens_R__overhead_adaptive__R1__seed46/results_overhead.csv
745,sens_R,overhead,adaptive,overhead_adaptive__R1,47,sens_R__overhead_adaptive__R1__seed47,91.74147217235188,91.73906048906049,88.1559220389805,,959,56,8,CX,x,conv,none,src/sq_seqnn_outputs/overhead_seqnn5_sens_R__overhead_adaptive__R1__seed47/results_overhead.csv
877,sens_R,overhead,adaptive,overhead_adaptive__R1,48,sens_R__overhead_adaptive__R1__seed48,89.04847396768402,89.04601029601031,86.80659670164917,,959,56,8,CX,x,conv,none,src/sq_seqnn_outputs/overhead_seqnn5_sens_R__overhead_adaptive__R1__seed48/results_overhead.csv
1009,sens_R,overhead,adaptive,overhead_adaptive__R1,49,sens_R__overhead_adaptive__R1__seed49,90.84380610412927,90.85102960102962,90.10494752623688,,959,56,8,CX,x,conv,none,src/sq_seqnn_outputs/overhead_seqnn5_sens_R__overhead_adaptive__R1__seed49/results_overhead.csv
1141,sens_R,overhead,adaptive,overhead_adaptive__R1,50,sens_R__overhead_adaptive__R1__seed50,91.20287253141832,91.1936936936937,91.75412293853074,,959,56,8,CX,x,conv,none,src/sq_seqnn_outputs/overhead_seqnn5_sens_R__overhead_adaptive__R1__seed50/results_overhead.csv
1273,sens_R,overhead,adaptive,overhead_adaptive__R1,51,sens_R__overhead_adaptive__R1__seed51,92.10053859964094,92.09298584298584,91.30434782608697,,959,56,8,CX,x,conv,none,src/sq_seqnn_outputs/overhead_seqnn5_sens_R__overhead_adaptive__R1__seed51/results_overhead.csv
86,sens_R,overhead,adaptive,overhead_adaptive__R3,42,sens_R__overhead_adaptive__R3__seed42,92.63913824057451,92.62709137709138,90.10494752623688,,1071,168,8,CX,x,conv,none,src/sq_seqnn_outputs/overhead_seqnn5_sens_R__overhead_adaptive__R3__seed42/results_overhead.csv
218,sens_R,overhead,adaptive,overhead_adaptive__R3,43,sens_R__overhead_adaptive__R3__seed43,87.79174147217235,87.77670527670527,88.1559220389805,,1071,168,8,CX,x,conv,none,src/sq_seqnn_outputs/overhead_seqnn5_sens_R__overhead_adaptive__R3__seed43/results_overhead.csv
350,sens_R,overhead,adaptive,overhead_adaptive__R3,44,sens_R__overhead_adaptive__R3__seed44,93.17773788150808,93.17567567567566,91.60419790104947,,1071,168,8,CX,x,conv,none,src/sq_seqnn_outputs/overhead_seqnn5_sens_R__overhead_adaptive__R3__seed44/results_overhead.csv
482,sens_R,overhead,adaptive,overhead_adaptive__R3,45,sens_R__overhead_adaptive__R3__seed45,92.99820466786356,92.98584298584298,90.10494752623688,,1071,168,8,CX,x,conv,none,src/sq_seqnn_outputs/overhead_seqnn5_sens_R__overhead_adaptive__R3__seed45/results_overhead.csv
614,sens_R,overhead,adaptive,overhead_adaptive__R3,46,sens_R__overhead_adaptive__R3__seed46,89.04847396768402,89.05083655083656,88.00599700149925,,1071,168,8,CX,x,conv,none,src/sq_seqnn_outputs/overhead_seqnn5_sens_R__overhead_adaptive__R3__seed46/results_overhead.csv
746,sens_R,overhead,adaptive,overhead_adaptive__R3,47,sens_R__overhead_adaptive__R3__seed47,89.04847396768402,89.04761904761905,86.95652173913044,,1071,168,8,CX,x,conv,none,src/sq_seqnn_outputs/overhead_seqnn5_sens_R__overhead_adaptive__R3__seed47/results_overhead.csv
878,sens_R,overhead,adaptive,overhead_adaptive__R3,48,sens_R__overhead_adaptive__R3__seed48,84.38061041292639,84.38706563706563,83.80809595202399,,1071,168,8,CX,x,conv,none,src/sq_seqnn_outputs/overhead_seqnn5_sens_R__overhead_adaptive__R3__seed48/results_overhead.csv
1010,sens_R,overhead,adaptive,overhead_adaptive__R3,49,sens_R__overhead_adaptive__R3__seed49,89.5870736086176,89.59137709137708,87.25637181409296,,1071,168,8,CX,x,conv,none,src/sq_seqnn_outputs/overhead_seqnn5_sens_R__overhead_adaptive__R3__seed49/results_overhead.csv
1142,sens_R,overhead,adaptive,overhead_adaptive__R3,50,sens_R__overhead_adaptive__R3__seed50,89.76660682226212,89.76029601029602,90.55472263868066,,1071,168,8,CX,x,conv,none,src/sq_seqnn_outputs/overhead_seqnn5_sens_R__overhead_adaptive__R3__seed50/results_overhead.csv
1274,sens_R,overhead,adaptive,overhead_adaptive__R3,51,sens_R__overhead_adaptive__R3__seed51,91.0233393177738,91.01833976833976,91.60419790104947,,1071,168,8,CX,x,conv,none,src/sq_seqnn_outputs/overhead_seqnn5_sens_R__overhead_adaptive__R3__seed51/results_overhead.csv
87,sens_R,overhead,shared,overhead_shared__R1,42,sens_R__overhead_shared__R1__seed42,88.50987432675045,88.49742599742599,87.70614692653673,,922,72,10,XY,z,shapelet,none,src/sq_seqnn_outputs/overhead_seqnn5_sens_R__overhead_shared__R1__seed42/results_overhead.csv
219,sens_R,overhead,shared,overhead_shared__R1,43,sens_R__overhead_shared__R1__seed43,89.22800718132855,89.21492921492921,89.50524737631184,,922,72,10,XY,z,shapelet,none,src/sq_seqnn_outputs/overhead_seqnn5_sens_R__overhead_shared__R1__seed43/results_overhead.csv
351,sens_R,overhead,shared,overhead_shared__R1,44,sens_R__overhead_shared__R1__seed44,87.79174147217235,87.79440154440155,89.50524737631184,,922,72,10,XY,z,shapelet,none,src/sq_seqnn_outputs/overhead_seqnn5_sens_R__overhead_shared__R1__seed44/results_overhead.csv
483,sens_R,overhead,shared,overhead_shared__R1,45,sens_R__overhead_shared__R1__seed45,90.30520646319567,90.30244530244532,89.35532233883059,,922,72,10,XY,z,shapelet,none,src/sq_seqnn_outputs/overhead_seqnn5_sens_R__overhead_shared__R1__seed45/results_overhead.csv
615,sens_R,overhead,shared,overhead_shared__R1,46,sens_R__overhead_shared__R1__seed46,87.07360861759426,87.05598455598455,87.70614692653673,,922,72,10,XY,z,shapelet,none,src/sq_seqnn_outputs/overhead_seqnn5_sens_R__overhead_shared__R1__seed46/results_overhead.csv
747,sens_R,overhead,shared,overhead_shared__R1,47,sens_R__overhead_shared__R1__seed47,85.09874326750449,85.0965250965251,85.90704647676162,,922,72,10,XY,z,shapelet,none,src/sq_seqnn_outputs/overhead_seqnn5_sens_R__overhead_shared__R1__seed47/results_overhead.csv
879,sens_R,overhead,shared,overhead_shared__R1,48,sens_R__overhead_shared__R1__seed48,90.12567324955117,90.11583011583012,90.70464767616193,,922,72,10,XY,z,shapelet,none,src/sq_seqnn_outputs/overhead_seqnn5_sens_R__overhead_shared__R1__seed48/results_overhead.csv
1011,sens_R,overhead,shared,overhead_shared__R1,49,sens_R__overhead_shared__R1__seed49,91.20287253141832,91.21138996138998,90.4047976011994,,922,72,10,XY,z,shapelet,none,src/sq_seqnn_outputs/overhead_seqnn5_sens_R__overhead_shared__R1__seed49/results_overhead.csv
1143,sens_R,overhead,shared,overhead_shared__R1,50,sens_R__overhead_shared__R1__seed50,88.1508078994614,88.1418918918919,89.05547226386807,,922,72,10,XY,z,shapelet,none,src/sq_seqnn_outputs/overhead_seqnn5_sens_R__overhead_shared__R1__seed50/results_overhead.csv
1275,sens_R,overhead,shared,overhead_shared__R1,51,sens_R__overhead_shared__R1__seed51,90.48473967684022,90.48262548262548,89.05547226386807,,922,72,10,XY,z,shapelet,none,src/sq_seqnn_outputs/overhead_seqnn5_sens_R__overhead_shared__R1__seed51/results_overhead.csv
88,sens_R,overhead,shared,overhead_shared__R3,42,sens_R__overhead_shared__R3__seed42,87.4326750448833,87.42921492921492,86.80659670164917,,1066,216,10,XY,z,shapelet,none,src/sq_seqnn_outputs/overhead_seqnn5_sens_R__overhead_shared__R3__seed42/results_overhead.csv
220,sens_R,overhead,shared,overhead_shared__R3,43,sens_R__overhead_shared__R3__seed43,89.22800718132855,89.21492921492921,90.70464767616193,,1066,216,10,XY,z,shapelet,none,src/sq_seqnn_outputs/overhead_seqnn5_sens_R__overhead_shared__R3__seed43/results_overhead.csv
352,sens_R,overhead,shared,overhead_shared__R3,44,sens_R__overhead_shared__R3__seed44,87.79174147217235,87.79761904761905,88.6056971514243,,1066,216,10,XY,z,shapelet,none,src/sq_seqnn_outputs/overhead_seqnn5_sens_R__overhead_shared__R3__seed44/results_overhead.csv
484,sens_R,overhead,shared,overhead_shared__R3,45,sens_R__overhead_shared__R3__seed45,90.48473967684022,90.48101673101672,88.30584707646177,,1066,216,10,XY,z,shapelet,none,src/sq_seqnn_outputs/overhead_seqnn5_sens_R__overhead_shared__R3__seed45/results_overhead.csv
616,sens_R,overhead,shared,overhead_shared__R3,46,sens_R__overhead_shared__R3__seed46,88.1508078994614,88.14028314028313,89.35532233883059,,1066,216,10,XY,z,shapelet,none,src/sq_seqnn_outputs/overhead_seqnn5_sens_R__overhead_shared__R3__seed46/results_overhead.csv
748,sens_R,overhead,shared,overhead_shared__R3,47,sens_R__overhead_shared__R3__seed47,86.35547576301616,86.34813384813386,87.55622188905548,,1066,216,10,XY,z,shapelet,none,src/sq_seqnn_outputs/overhead_seqnn5_sens_R__overhead_shared__R3__seed47/results_overhead.csv
880,sens_R,overhead,shared,overhead_shared__R3,48,sens_R__overhead_shared__R3__seed48,87.07360861759426,87.06241956241956,89.05547226386807,,1066,216,10,XY,z,shapelet,none,src/sq_seqnn_outputs/overhead_seqnn5_sens_R__overhead_shared__R3__seed48/results_overhead.csv
1012,sens_R,overhead,shared,overhead_shared__R3,49,sens_R__overhead_shared__R3__seed49,91.38240574506284,91.38513513513514,88.9055472263868,,1066,216,10,XY,z,shapelet,none,src/sq_seqnn_outputs/overhead_seqnn5_sens_R__overhead_shared__R3__seed49/results_overhead.csv
1144,sens_R,overhead,shared,overhead_shared__R3,50,sens_R__overhead_shared__R3__seed50,89.40754039497307,89.3918918918919,87.10644677661169,,1066,216,10,XY,z,shapelet,none,src/sq_seqnn_outputs/overhead_seqnn5_sens_R__overhead_shared__R3__seed50/results_overhead.csv
1276,sens_R,overhead,shared,overhead_shared__R3,51,sens_R__overhead_shared__R3__seed51,90.12567324955117,90.12870012870012,89.80509745127436,,1066,216,10,XY,z,shapelet,none,src/sq_seqnn_outputs/overhead_seqnn5_sens_R__overhead_shared__R3__seed51/results_overhead.csv
89,sens_R,sat6,both,sat6__R1,42,sens_R__sat6__R1__seed42,95.83333333333334,95.83333333333334,95.83333333333334,,1215,72,10,XX,x,shapelet,none,src/sq_seqnn_outputs/sat6_default_sens_R__sat6__R1__seed42/results_sat6.csv
221,sens_R,sat6,both,sat6__R1,43,sens_R__sat6__R1__seed43,96.25,96.25,97.75,,1215,72,10,XX,x,shapelet,none,src/sq_seqnn_outputs/sat6_default_sens_R__sat6__R1__seed43/results_sat6.csv
353,sens_R,sat6,both,sat6__R1,44,sens_R__sat6__R1__seed44,96.0,96.0,96.41666666666666,,1215,72,10,XX,x,shapelet,none,src/sq_seqnn_outputs/sat6_default_sens_R__sat6__R1__seed44/results_sat6.csv
485,sens_R,sat6,both,sat6__R1,45,sens_R__sat6__R1__seed45,96.5,96.5,97.33333333333334,,1215,72,10,XX,x,shapelet,none,src/sq_seqnn_outputs/sat6_default_sens_R__sat6__R1__seed45/results_sat6.csv
617,sens_R,sat6,both,sat6__R1,46,sens_R__sat6__R1__seed46,95.75,95.75,96.58333333333331,,1215,72,10,XX,x,shapelet,none,src/sq_seqnn_outputs/sat6_default_sens_R__sat6__R1__seed46/results_sat6.csv
749,sens_R,sat6,both,sat6__R1,47,sens_R__sat6__R1__seed47,96.66666666666669,96.66666666666669,96.0,,1215,72,10,XX,x,shapelet,none,src/sq_seqnn_outputs/sat6_default_sens_R__sat6__R1__seed47/results_sat6.csv
881,sens_R,sat6,both,sat6__R1,48,sens_R__sat6__R1__seed48,96.41666666666666,96.41666666666669,97.5,,1215,72,10,XX,x,shapelet,none,src/sq_seqnn_outputs/sat6_default_sens_R__sat6__R1__seed48/results_sat6.csv
1013,sens_R,sat6,both,sat6__R1,49,sens_R__sat6__R1__seed49,95.83333333333334,95.83333333333334,95.41666666666669,,1215,72,10,XX,x,shapelet,none,src/sq_seqnn_outputs/sat6_default_sens_R__sat6__R1__seed49/results_sat6.csv
1145,sens_R,sat6,both,sat6__R1,50,sens_R__sat6__R1__seed50,96.08333333333331,96.08333333333334,97.0,,1215,72,10,XX,x,shapelet,none,src/sq_seqnn_outputs/sat6_default_sens_R__sat6__R1__seed50/results_sat6.csv
1277,sens_R,sat6,both,sat6__R1,51,sens_R__sat6__R1__seed51,96.66666666666669,96.66666666666669,96.75,,1215,72,10,XX,x,shapelet,none,src/sq_seqnn_outputs/sat6_default_sens_R__sat6__R1__seed51/results_sat6.csv
90,sens_R,sat6,both,sat6__R3,42,sens_R__sat6__R3__seed42,96.08333333333331,96.08333333333331,96.08333333333331,,1359,216,10,XX,x,shapelet,none,src/sq_seqnn_outputs/sat6_default_sens_R__sat6__R3__seed42/results_sat6.csv
222,sens_R,sat6,both,sat6__R3,43,sens_R__sat6__R3__seed43,96.5,96.5,97.91666666666666,,1359,216,10,XX,x,shapelet,none,src/sq_seqnn_outputs/sat6_default_sens_R__sat6__R3__seed43/results_sat6.csv
354,sens_R,sat6,both,sat6__R3,44,sens_R__sat6__R3__seed44,96.5,96.5,96.58333333333331,,1359,216,10,XX,x,shapelet,none,src/sq_seqnn_outputs/sat6_default_sens_R__sat6__R3__seed44/results_sat6.csv
486,sens_R,sat6,both,sat6__R3,45,sens_R__sat6__R3__seed45,96.91666666666666,96.91666666666666,96.83333333333334,,1359,216,10,XX,x,shapelet,none,src/sq_seqnn_outputs/sat6_default_sens_R__sat6__R3__seed45/results_sat6.csv
618,sens_R,sat6,both,sat6__R3,46,sens_R__sat6__R3__seed46,96.5,96.5,96.91666666666666,,1359,216,10,XX,x,shapelet,none,src/sq_seqnn_outputs/sat6_default_sens_R__sat6__R3__seed46/results_sat6.csv
750,sens_R,sat6,both,sat6__R3,47,sens_R__sat6__R3__seed47,96.41666666666666,96.41666666666664,95.25,,1359,216,10,XX,x,shapelet,none,src/sq_seqnn_outputs/sat6_default_sens_R__sat6__R3__seed47/results_sat6.csv
882,sens_R,sat6,both,sat6__R3,48,sens_R__sat6__R3__seed48,96.83333333333334,96.83333333333334,97.33333333333334,,1359,216,10,XX,x,shapelet,none,src/sq_seqnn_outputs/sat6_default_sens_R__sat6__R3__seed48/results_sat6.csv
1014,sens_R,sat6,both,sat6__R3,49,sens_R__sat6__R3__seed49,94.58333333333331,94.58333333333334,95.33333333333334,,1359,216,10,XX,x,shapelet,none,src/sq_seqnn_outputs/sat6_default_sens_R__sat6__R3__seed49/results_sat6.csv
1146,sens_R,sat6,both,sat6__R3,50,sens_R__sat6__R3__seed50,97.16666666666669,97.16666666666669,97.66666666666669,,1359,216,10,XX,x,shapelet,none,src/sq_seqnn_outputs/sat6_default_sens_R__sat6__R3__seed50/results_sat6.csv
1278,sens_R,sat6,both,sat6__R3,51,sens_R__sat6__R3__seed51,96.66666666666669,96.66666666666669,95.91666666666666,,1359,216,10,XX,x,shapelet,none,src/sq_seqnn_outputs/sat6_default_sens_R__sat6__R3__seed51/results_sat6.csv
91,sens_R,so2sat,adaptive,so2sat_adaptive__R1,42,sens_R__so2sat_adaptive__R1__seed42,94.35,94.35,94.1,,1067,72,10,CRY,xyz,global,none,src/sq_seqnn_outputs/so2sat_default_sens_R__so2sat_adaptive__R1__seed42/results_so2sat.csv
223,sens_R,so2sat,adaptive,so2sat_adaptive__R1,43,sens_R__so2sat_adaptive__R1__seed43,93.25,93.25,93.75,,1067,72,10,CRY,xyz,global,none,src/sq_seqnn_outputs/so2sat_default_sens_R__so2sat_adaptive__R1__seed43/results_so2sat.csv
355,sens_R,so2sat,adaptive,so2sat_adaptive__R1,44,sens_R__so2sat_adaptive__R1__seed44,93.89999999999999,93.89999999999999,94.5,,1067,72,10,CRY,xyz,global,none,src/sq_seqnn_outputs/so2sat_default_sens_R__so2sat_adaptive__R1__seed44/results_so2sat.csv
487,sens_R,so2sat,adaptive,so2sat_adaptive__R1,45,sens_R__so2sat_adaptive__R1__seed45,92.80000000000001,92.80000000000001,94.35,,1067,72,10,CRY,xyz,global,none,src/sq_seqnn_outputs/so2sat_default_sens_R__so2sat_adaptive__R1__seed45/results_so2sat.csv
619,sens_R,so2sat,adaptive,so2sat_adaptive__R1,46,sens_R__so2sat_adaptive__R1__seed46,93.85,93.85,94.89999999999999,,1067,72,10,CRY,xyz,global,none,src/sq_seqnn_outputs/so2sat_default_sens_R__so2sat_adaptive__R1__seed46/results_so2sat.csv
751,sens_R,so2sat,adaptive,so2sat_adaptive__R1,47,sens_R__so2sat_adaptive__R1__seed47,93.95,93.95,94.35,,1067,72,10,CRY,xyz,global,none,src/sq_seqnn_outputs/so2sat_default_sens_R__so2sat_adaptive__R1__seed47/results_so2sat.csv
883,sens_R,so2sat,adaptive,so2sat_adaptive__R1,48,sens_R__so2sat_adaptive__R1__seed48,93.5,93.5,93.8,,1067,72,10,CRY,xyz,global,none,src/sq_seqnn_outputs/so2sat_default_sens_R__so2sat_adaptive__R1__seed48/results_so2sat.csv
1015,sens_R,so2sat,adaptive,so2sat_adaptive__R1,49,sens_R__so2sat_adaptive__R1__seed49,94.75,94.75,95.1,,1067,72,10,CRY,xyz,global,none,src/sq_seqnn_outputs/so2sat_default_sens_R__so2sat_adaptive__R1__seed49/results_so2sat.csv
1147,sens_R,so2sat,adaptive,so2sat_adaptive__R1,50,sens_R__so2sat_adaptive__R1__seed50,94.1,94.1,94.35,,1067,72,10,CRY,xyz,global,none,src/sq_seqnn_outputs/so2sat_default_sens_R__so2sat_adaptive__R1__seed50/results_so2sat.csv
1279,sens_R,so2sat,adaptive,so2sat_adaptive__R1,51,sens_R__so2sat_adaptive__R1__seed51,95.05,95.05,95.0,,1067,72,10,CRY,xyz,global,none,src/sq_seqnn_outputs/so2sat_default_sens_R__so2sat_adaptive__R1__seed51/results_so2sat.csv
92,sens_R,so2sat,adaptive,so2sat_adaptive__R3,42,sens_R__so2sat_adaptive__R3__seed42,94.25,94.25,93.8,,1211,216,10,CRY,xyz,global,none,src/sq_seqnn_outputs/so2sat_default_sens_R__so2sat_adaptive__R3__seed42/results_so2sat.csv
224,sens_R,so2sat,adaptive,so2sat_adaptive__R3,43,sens_R__so2sat_adaptive__R3__seed43,94.75,94.75,94.65,,1211,216,10,CRY,xyz,global,none,src/sq_seqnn_outputs/so2sat_default_sens_R__so2sat_adaptive__R3__seed43/results_so2sat.csv
356,sens_R,so2sat,adaptive,so2sat_adaptive__R3,44,sens_R__so2sat_adaptive__R3__seed44,94.39999999999999,94.39999999999999,94.5,,1211,216,10,CRY,xyz,global,none,src/sq_seqnn_outputs/so2sat_default_sens_R__so2sat_adaptive__R3__seed44/results_so2sat.csv
488,sens_R,so2sat,adaptive,so2sat_adaptive__R3,45,sens_R__so2sat_adaptive__R3__seed45,92.9,92.9,93.85,,1211,216,10,CRY,xyz,global,none,src/sq_seqnn_outputs/so2sat_default_sens_R__so2sat_adaptive__R3__seed45/results_so2sat.csv
620,sens_R,so2sat,adaptive,so2sat_adaptive__R3,46,sens_R__so2sat_adaptive__R3__seed46,94.1,94.1,94.95,,1211,216,10,CRY,xyz,global,none,src/sq_seqnn_outputs/so2sat_default_sens_R__so2sat_adaptive__R3__seed46/results_so2sat.csv
752,sens_R,so2sat,adaptive,so2sat_adaptive__R3,47,sens_R__so2sat_adaptive__R3__seed47,94.0,94.0,94.15,,1211,216,10,CRY,xyz,global,none,src/sq_seqnn_outputs/so2sat_default_sens_R__so2sat_adaptive__R3__seed47/results_so2sat.csv
884,sens_R,so2sat,adaptive,so2sat_adaptive__R3,48,sens_R__so2sat_adaptive__R3__seed48,94.19999999999999,94.19999999999999,94.1,,1211,216,10,CRY,xyz,global,none,src/sq_seqnn_outputs/so2sat_default_sens_R__so2sat_adaptive__R3__seed48/results_so2sat.csv
1016,sens_R,so2sat,adaptive,so2sat_adaptive__R3,49,sens_R__so2sat_adaptive__R3__seed49,94.3,94.3,94.95,,1211,216,10,CRY,xyz,global,none,src/sq_seqnn_outputs/so2sat_default_sens_R__so2sat_adaptive__R3__seed49/results_so2sat.csv
1148,sens_R,so2sat,adaptive,so2sat_adaptive__R3,50,sens_R__so2sat_adaptive__R3__seed50,94.55,94.55,94.1,,1211,216,10,CRY,xyz,global,none,src/sq_seqnn_outputs/so2sat_default_sens_R__so2sat_adaptive__R3__seed50/results_so2sat.csv
1280,sens_R,so2sat,adaptive,so2sat_adaptive__R3,51,sens_R__so2sat_adaptive__R3__seed51,95.19999999999999,95.19999999999999,95.0,,1211,216,10,CRY,xyz,global,none,src/sq_seqnn_outputs/so2sat_default_sens_R__so2sat_adaptive__R3__seed51/results_so2sat.csv
93,sens_R,so2sat,shared,so2sat_shared__R1,42,sens_R__so2sat_shared__R1__seed42,94.85,94.85,95.05,,940,72,10,CZ,x,shapelet,none,src/sq_seqnn_outputs/so2sat_default_sens_R__so2sat_shared__R1__seed42/results_so2sat.csv
225,sens_R,so2sat,shared,so2sat_shared__R1,43,sens_R__so2sat_shared__R1__seed43,94.95,94.95,95.8,,940,72,10,CZ,x,shapelet,none,src/sq_seqnn_outputs/so2sat_default_sens_R__so2sat_shared__R1__seed43/results_so2sat.csv
357,sens_R,so2sat,shared,so2sat_shared__R1,44,sens_R__so2sat_shared__R1__seed44,94.15,94.15,94.8,,940,72,10,CZ,x,shapelet,none,src/sq_seqnn_outputs/so2sat_default_sens_R__so2sat_shared__R1__seed44/results_so2sat.csv
489,sens_R,so2sat,shared,so2sat_shared__R1,45,sens_R__so2sat_shared__R1__seed45,94.25,94.25,95.65,,940,72,10,CZ,x,shapelet,none,src/sq_seqnn_outputs/so2sat_default_sens_R__so2sat_shared__R1__seed45/results_so2sat.csv
621,sens_R,so2sat,shared,so2sat_shared__R1,46,sens_R__so2sat_shared__R1__seed46,94.55,94.55,96.1,,940,72,10,CZ,x,shapelet,none,src/sq_seqnn_outputs/so2sat_default_sens_R__so2sat_shared__R1__seed46/results_so2sat.csv
753,sens_R,so2sat,shared,so2sat_shared__R1,47,sens_R__so2sat_shared__R1__seed47,94.35,94.35,94.65,,940,72,10,CZ,x,shapelet,none,src/sq_seqnn_outputs/so2sat_default_sens_R__so2sat_shared__R1__seed47/results_so2sat.csv
885,sens_R,so2sat,shared,so2sat_shared__R1,48,sens_R__so2sat_shared__R1__seed48,94.69999999999999,94.69999999999999,95.25,,940,72,10,CZ,x,shapelet,none,src/sq_seqnn_outputs/so2sat_default_sens_R__so2sat_shared__R1__seed48/results_so2sat.csv
1017,sens_R,so2sat,shared,so2sat_shared__R1,49,sens_R__so2sat_shared__R1__seed49,94.5,94.5,95.7,,940,72,10,CZ,x,shapelet,none,src/sq_seqnn_outputs/so2sat_default_sens_R__so2sat_shared__R1__seed49/results_so2sat.csv
1149,sens_R,so2sat,shared,so2sat_shared__R1,50,sens_R__so2sat_shared__R1__seed50,95.19999999999999,95.19999999999999,95.55,,940,72,10,CZ,x,shapelet,none,src/sq_seqnn_outputs/so2sat_default_sens_R__so2sat_shared__R1__seed50/results_so2sat.csv
1281,sens_R,so2sat,shared,so2sat_shared__R1,51,sens_R__so2sat_shared__R1__seed51,96.25,96.25,95.55,,940,72,10,CZ,x,shapelet,none,src/sq_seqnn_outputs/so2sat_default_sens_R__so2sat_shared__R1__seed51/results_so2sat.csv
94,sens_R,so2sat,shared,so2sat_shared__R3,42,sens_R__so2sat_shared__R3__seed42,95.35,95.35,95.0,,1084,216,10,CZ,x,shapelet,none,src/sq_seqnn_outputs/so2sat_default_sens_R__so2sat_shared__R3__seed42/results_so2sat.csv
226,sens_R,so2sat,shared,so2sat_shared__R3,43,sens_R__so2sat_shared__R3__seed43,95.89999999999999,95.89999999999999,95.75,,1084,216,10,CZ,x,shapelet,none,src/sq_seqnn_outputs/so2sat_default_sens_R__so2sat_shared__R3__seed43/results_so2sat.csv
358,sens_R,so2sat,shared,so2sat_shared__R3,44,sens_R__so2sat_shared__R3__seed44,94.35,94.35,94.85,,1084,216,10,CZ,x,shapelet,none,src/sq_seqnn_outputs/so2sat_default_sens_R__so2sat_shared__R3__seed44/results_so2sat.csv
490,sens_R,so2sat,shared,so2sat_shared__R3,45,sens_R__so2sat_shared__R3__seed45,95.45,95.45,96.15,,1084,216,10,CZ,x,shapelet,none,src/sq_seqnn_outputs/so2sat_default_sens_R__so2sat_shared__R3__seed45/results_so2sat.csv
622,sens_R,so2sat,shared,so2sat_shared__R3,46,sens_R__so2sat_shared__R3__seed46,94.75,94.75,95.85000000000001,,1084,216,10,CZ,x,shapelet,none,src/sq_seqnn_outputs/so2sat_default_sens_R__so2sat_shared__R3__seed46/results_so2sat.csv
754,sens_R,so2sat,shared,so2sat_shared__R3,47,sens_R__so2sat_shared__R3__seed47,94.69999999999999,94.69999999999999,95.1,,1084,216,10,CZ,x,shapelet,none,src/sq_seqnn_outputs/so2sat_default_sens_R__so2sat_shared__R3__seed47/results_so2sat.csv
886,sens_R,so2sat,shared,so2sat_shared__R3,48,sens_R__so2sat_shared__R3__seed48,94.6,94.6,94.95,,1084,216,10,CZ,x,shapelet,none,src/sq_seqnn_outputs/so2sat_default_sens_R__so2sat_shared__R3__seed48/results_so2sat.csv
1018,sens_R,so2sat,shared,so2sat_shared__R3,49,sens_R__so2sat_shared__R3__seed49,95.05,95.05,96.15,,1084,216,10,CZ,x,shapelet,none,src/sq_seqnn_outputs/so2sat_default_sens_R__so2sat_shared__R3__seed49/results_so2sat.csv
1150,sens_R,so2sat,shared,so2sat_shared__R3,50,sens_R__so2sat_shared__R3__seed50,95.39999999999999,95.39999999999999,95.8,,1084,216,10,CZ,x,shapelet,none,src/sq_seqnn_outputs/so2sat_default_sens_R__so2sat_shared__R3__seed50/results_so2sat.csv
1282,sens_R,so2sat,shared,so2sat_shared__R3,51,sens_R__so2sat_shared__R3__seed51,95.15,95.15,94.95,,1084,216,10,CZ,x,shapelet,none,src/sq_seqnn_outputs/so2sat_default_sens_R__so2sat_shared__R3__seed51/results_so2sat.csv
95,sens_eps,overhead,adaptive,overhead_adaptive__eps0.00,42,sens_eps__overhead_adaptive__eps0.00__seed42,92.99820466786356,92.98745173745176,89.80509745127436,,1015,112,8,CX,x,conv,none,src/sq_seqnn_outputs/overhead_seqnn5_sens_eps__overhead_adaptive__eps0.00__seed42/results_overhead.csv
227,sens_eps,overhead,adaptive,overhead_adaptive__eps0.00,43,sens_eps__overhead_adaptive__eps0.00__seed43,88.1508078994614,88.14510939510939,87.25637181409296,,1015,112,8,CX,x,conv,none,src/sq_seqnn_outputs/overhead_seqnn5_sens_eps__overhead_adaptive__eps0.00__seed43/results_overhead.csv
359,sens_eps,overhead,adaptive,overhead_adaptive__eps0.00,44,sens_eps__overhead_adaptive__eps0.00__seed44,92.45960502692998,92.44208494208496,90.85457271364318,,1015,112,8,CX,x,conv,none,src/sq_seqnn_outputs/overhead_seqnn5_sens_eps__overhead_adaptive__eps0.00__seed44/results_overhead.csv
491,sens_eps,overhead,adaptive,overhead_adaptive__eps0.00,45,sens_eps__overhead_adaptive__eps0.00__seed45,91.74147217235188,91.73101673101672,86.20689655172413,,1015,112,8,CX,x,conv,none,src/sq_seqnn_outputs/overhead_seqnn5_sens_eps__overhead_adaptive__eps0.00__seed45/results_overhead.csv
623,sens_eps,overhead,adaptive,overhead_adaptive__eps0.00,46,sens_eps__overhead_adaptive__eps0.00__seed46,80.96947935368043,80.97007722007723,81.55922038980509,,1015,112,8,CX,x,conv,none,src/sq_seqnn_outputs/overhead_seqnn5_sens_eps__overhead_adaptive__eps0.00__seed46/results_overhead.csv
755,sens_eps,overhead,adaptive,overhead_adaptive__eps0.00,47,sens_eps__overhead_adaptive__eps0.00__seed47,91.38240574506284,91.38030888030887,87.40629685157421,,1015,112,8,CX,x,conv,none,src/sq_seqnn_outputs/overhead_seqnn5_sens_eps__overhead_adaptive__eps0.00__seed47/results_overhead.csv
887,sens_eps,overhead,adaptive,overhead_adaptive__eps0.00,48,sens_eps__overhead_adaptive__eps0.00__seed48,87.07360861759426,87.07046332046332,85.90704647676162,,1015,112,8,CX,x,conv,none,src/sq_seqnn_outputs/overhead_seqnn5_sens_eps__overhead_adaptive__eps0.00__seed48/results_overhead.csv
1019,sens_eps,overhead,adaptive,overhead_adaptive__eps0.00,49,sens_eps__overhead_adaptive__eps0.00__seed49,91.38240574506284,91.38674388674389,89.65517241379311,,1015,112,8,CX,x,conv,none,src/sq_seqnn_outputs/overhead_seqnn5_sens_eps__overhead_adaptive__eps0.00__seed49/results_overhead.csv
1151,sens_eps,overhead,adaptive,overhead_adaptive__eps0.00,50,sens_eps__overhead_adaptive__eps0.00__seed50,91.20287253141832,91.1936936936937,91.75412293853074,,1015,112,8,CX,x,conv,none,src/sq_seqnn_outputs/overhead_seqnn5_sens_eps__overhead_adaptive__eps0.00__seed50/results_overhead.csv
1283,sens_eps,overhead,adaptive,overhead_adaptive__eps0.00,51,sens_eps__overhead_adaptive__eps0.00__seed51,89.40754039497307,89.40797940797941,88.9055472263868,,1015,112,8,CX,x,conv,none,src/sq_seqnn_outputs/overhead_seqnn5_sens_eps__overhead_adaptive__eps0.00__seed51/results_overhead.csv
96,sens_eps,overhead,adaptive,overhead_adaptive__eps0.10,42,sens_eps__overhead_adaptive__eps0.10__seed42,94.43447037701976,94.42406692406692,89.80509745127436,,1015,112,8,CX,x,conv,none,src/sq_seqnn_outputs/overhead_seqnn5_sens_eps__overhead_adaptive__eps0.10__seed42/results_overhead.csv
228,sens_eps,overhead,adaptive,overhead_adaptive__eps0.10,43,sens_eps__overhead_adaptive__eps0.10__seed43,88.8689407540395,88.84491634491634,90.4047976011994,,1015,112,8,CX,x,conv,none,src/sq_seqnn_outputs/overhead_seqnn5_sens_eps__overhead_adaptive__eps0.10__seed43/results_overhead.csv
360,sens_eps,overhead,adaptive,overhead_adaptive__eps0.10,44,sens_eps__overhead_adaptive__eps0.10__seed44,92.99820466786356,92.98906048906048,91.75412293853074,,1015,112,8,CX,x,conv,none,src/sq_seqnn_outputs/overhead_seqnn5_sens_eps__overhead_adaptive__eps0.10__seed44/results_overhead.csv
492,sens_eps,overhead,adaptive,overhead_adaptive__eps0.10,45,sens_eps__overhead_adaptive__eps0.10__seed45,92.28007181328546,92.27316602316603,86.95652173913044,,1015,112,8,CX,x,conv,none,src/sq_seqnn_outputs/overhead_seqnn5_sens_eps__overhead_adaptive__eps0.10__seed45/results_overhead.csv
624,sens_eps,overhead,adaptive,overhead_adaptive__eps0.10,46,sens_eps__overhead_adaptive__eps0.10__seed46,87.61220825852783,87.60617760617761,86.95652173913044,,1015,112,8,CX,x,conv,none,src/sq_seqnn_outputs/overhead_seqnn5_sens_eps__overhead_adaptive__eps0.10__seed46/results_overhead.csv
756,sens_eps,overhead,adaptive,overhead_adaptive__eps0.10,47,sens_eps__overhead_adaptive__eps0.10__seed47,90.84380610412927,90.8381595881596,88.6056971514243,,1015,112,8,CX,x,conv,none,src/sq_seqnn_outputs/overhead_seqnn5_sens_eps__overhead_adaptive__eps0.10__seed47/results_overhead.csv
888,sens_eps,overhead,adaptive,overhead_adaptive__eps0.10,48,sens_eps__overhead_adaptive__eps0.10__seed48,87.4326750448833,87.4276061776062,85.75712143928035,,1015,112,8,CX,x,conv,none,src/sq_seqnn_outputs/overhead_seqnn5_sens_eps__overhead_adaptive__eps0.10__seed48/results_overhead.csv
1020,sens_eps,overhead,adaptive,overhead_adaptive__eps0.10,49,sens_eps__overhead_adaptive__eps0.10__seed49,94.61400359066428,94.61068211068212,89.35532233883059,,1015,112,8,CX,x,conv,none,src/sq_seqnn_outputs/overhead_seqnn5_sens_eps__overhead_adaptive__eps0.10__seed49/results_overhead.csv
1152,sens_eps,overhead,adaptive,overhead_adaptive__eps0.10,50,sens_eps__overhead_adaptive__eps0.10__seed50,93.17773788150808,93.17245817245816,90.55472263868066,,1015,112,8,CX,x,conv,none,src/sq_seqnn_outputs/overhead_seqnn5_sens_eps__overhead_adaptive__eps0.10__seed50/results_overhead.csv
1284,sens_eps,overhead,adaptive,overhead_adaptive__eps0.10,51,sens_eps__overhead_adaptive__eps0.10__seed51,90.66427289048474,90.66602316602315,90.70464767616193,,1015,112,8,CX,x,conv,none,src/sq_seqnn_outputs/overhead_seqnn5_sens_eps__overhead_adaptive__eps0.10__seed51/results_overhead.csv
97,sens_eps,overhead,shared,overhead_shared__eps0.00,42,sens_eps__overhead_shared__eps0.00__seed42,87.61220825852783,87.59813384813384,86.65667166416792,,994,144,10,XY,z,shapelet,none,src/sq_seqnn_outputs/overhead_seqnn5_sens_eps__overhead_shared__eps0.00__seed42/results_overhead.csv
229,sens_eps,overhead,shared,overhead_shared__eps0.00,43,sens_eps__overhead_shared__eps0.00__seed43,85.63734290843806,85.61936936936935,87.70614692653673,,994,144,10,XY,z,shapelet,none,src/sq_seqnn_outputs/overhead_seqnn5_sens_eps__overhead_shared__eps0.00__seed43/results_overhead.csv
361,sens_eps,overhead,shared,overhead_shared__eps0.00,44,sens_eps__overhead_shared__eps0.00__seed44,83.48294434470377,83.48938223938222,86.80659670164917,,994,144,10,XY,z,shapelet,none,src/sq_seqnn_outputs/overhead_seqnn5_sens_eps__overhead_shared__eps0.00__seed44/results_overhead.csv
493,sens_eps,overhead,shared,overhead_shared__eps0.00,45,sens_eps__overhead_shared__eps0.00__seed45,90.12567324955117,90.11422136422136,88.45577211394303,,994,144,10,XY,z,shapelet,none,src/sq_seqnn_outputs/overhead_seqnn5_sens_eps__overhead_shared__eps0.00__seed45/results_overhead.csv
625,sens_eps,overhead,shared,overhead_shared__eps0.00,46,sens_eps__overhead_shared__eps0.00__seed46,85.63734290843806,85.62741312741313,88.1559220389805,,994,144,10,XY,z,shapelet,none,src/sq_seqnn_outputs/overhead_seqnn5_sens_eps__overhead_shared__eps0.00__seed46/results_overhead.csv
757,sens_eps,overhead,shared,overhead_shared__eps0.00,47,sens_eps__overhead_shared__eps0.00__seed47,87.07360861759426,87.08011583011583,87.10644677661169,,994,144,10,XY,z,shapelet,none,src/sq_seqnn_outputs/overhead_seqnn5_sens_eps__overhead_shared__eps0.00__seed47/results_overhead.csv
889,sens_eps,overhead,shared,overhead_shared__eps0.00,48,sens_eps__overhead_shared__eps0.00__seed48,88.50987432675045,88.50225225225226,89.95502248875562,,994,144,10,XY,z,shapelet,none,src/sq_seqnn_outputs/overhead_seqnn5_sens_eps__overhead_shared__eps0.00__seed48/results_overhead.csv
1021,sens_eps,overhead,shared,overhead_shared__eps0.00,49,sens_eps__overhead_shared__eps0.00__seed49,91.20287253141832,91.1969111969112,89.05547226386807,,994,144,10,XY,z,shapelet,none,src/sq_seqnn_outputs/overhead_seqnn5_sens_eps__overhead_shared__eps0.00__seed49/results_overhead.csv
1153,sens_eps,overhead,shared,overhead_shared__eps0.00,50,sens_eps__overhead_shared__eps0.00__seed50,89.5870736086176,89.58333333333333,87.70614692653673,,994,144,10,XY,z,shapelet,none,src/sq_seqnn_outputs/overhead_seqnn5_sens_eps__overhead_shared__eps0.00__seed50/results_overhead.csv
1285,sens_eps,overhead,shared,overhead_shared__eps0.00,51,sens_eps__overhead_shared__eps0.00__seed51,90.84380610412927,90.8445945945946,89.35532233883059,,994,144,10,XY,z,shapelet,none,src/sq_seqnn_outputs/overhead_seqnn5_sens_eps__overhead_shared__eps0.00__seed51/results_overhead.csv
98,sens_eps,overhead,shared,overhead_shared__eps0.10,42,sens_eps__overhead_shared__eps0.10__seed42,87.07360861759426,87.06885456885458,86.80659670164917,,994,144,10,XY,z,shapelet,none,src/sq_seqnn_outputs/overhead_seqnn5_sens_eps__overhead_shared__eps0.10__seed42/results_overhead.csv
230,sens_eps,overhead,shared,overhead_shared__eps0.10,43,sens_eps__overhead_shared__eps0.10__seed43,87.61220825852783,87.59813384813387,89.35532233883059,,994,144,10,XY,z,shapelet,none,src/sq_seqnn_outputs/overhead_seqnn5_sens_eps__overhead_shared__eps0.10__seed43/results_overhead.csv
362,sens_eps,overhead,shared,overhead_shared__eps0.10,44,sens_eps__overhead_shared__eps0.10__seed44,86.71454219030521,86.72297297297298,88.75562218890555,,994,144,10,XY,z,shapelet,none,src/sq_seqnn_outputs/overhead_seqnn5_sens_eps__overhead_shared__eps0.10__seed44/results_overhead.csv
494,sens_eps,overhead,shared,overhead_shared__eps0.10,45,sens_eps__overhead_shared__eps0.10__seed45,90.66427289048474,90.65476190476191,87.25637181409296,,994,144,10,XY,z,shapelet,none,src/sq_seqnn_outputs/overhead_seqnn5_sens_eps__overhead_shared__eps0.10__seed45/results_overhead.csv
626,sens_eps,overhead,shared,overhead_shared__eps0.10,46,sens_eps__overhead_shared__eps0.10__seed46,87.4326750448833,87.42277992277992,89.80509745127436,,994,144,10,XY,z,shapelet,none,src/sq_seqnn_outputs/overhead_seqnn5_sens_eps__overhead_shared__eps0.10__seed46/results_overhead.csv
758,sens_eps,overhead,shared,overhead_shared__eps0.10,47,sens_eps__overhead_shared__eps0.10__seed47,84.91921005385996,84.91473616473615,85.90704647676162,,994,144,10,XY,z,shapelet,none,src/sq_seqnn_outputs/overhead_seqnn5_sens_eps__overhead_shared__eps0.10__seed47/results_overhead.csv
890,sens_eps,overhead,shared,overhead_shared__eps0.10,48,sens_eps__overhead_shared__eps0.10__seed48,88.50987432675045,88.5006435006435,89.20539730134932,,994,144,10,XY,z,shapelet,none,src/sq_seqnn_outputs/overhead_seqnn5_sens_eps__overhead_shared__eps0.10__seed48/results_overhead.csv
1022,sens_eps,overhead,shared,overhead_shared__eps0.10,49,sens_eps__overhead_shared__eps0.10__seed49,91.56193895870736,91.56370656370656,89.35532233883059,,994,144,10,XY,z,shapelet,none,src/sq_seqnn_outputs/overhead_seqnn5_sens_eps__overhead_shared__eps0.10__seed49/results_overhead.csv
1154,sens_eps,overhead,shared,overhead_shared__eps0.10,50,sens_eps__overhead_shared__eps0.10__seed50,87.61220825852783,87.61261261261261,87.10644677661169,,994,144,10,XY,z,shapelet,none,src/sq_seqnn_outputs/overhead_seqnn5_sens_eps__overhead_shared__eps0.10__seed50/results_overhead.csv
1286,sens_eps,overhead,shared,overhead_shared__eps0.10,51,sens_eps__overhead_shared__eps0.10__seed51,88.68940754039497,88.6936936936937,89.05547226386807,,994,144,10,XY,z,shapelet,none,src/sq_seqnn_outputs/overhead_seqnn5_sens_eps__overhead_shared__eps0.10__seed51/results_overhead.csv
99,sens_eps,sat6,both,sat6__eps0.00,42,sens_eps__sat6__eps0.00__seed42,96.58333333333331,96.58333333333331,97.16666666666669,,1287,144,10,XX,x,shapelet,none,src/sq_seqnn_outputs/sat6_default_sens_eps__sat6__eps0.00__seed42/results_sat6.csv
231,sens_eps,sat6,both,sat6__eps0.00,43,sens_eps__sat6__eps0.00__seed43,97.16666666666669,97.16666666666669,97.75,,1287,144,10,XX,x,shapelet,none,src/sq_seqnn_outputs/sat6_default_sens_eps__sat6__eps0.00__seed43/results_sat6.csv
363,sens_eps,sat6,both,sat6__eps0.00,44,sens_eps__sat6__eps0.00__seed44,96.58333333333331,96.58333333333331,96.58333333333331,,1287,144,10,XX,x,shapelet,none,src/sq_seqnn_outputs/sat6_default_sens_eps__sat6__eps0.00__seed44/results_sat6.csv
495,sens_eps,sat6,both,sat6__eps0.00,45,sens_eps__sat6__eps0.00__seed45,97.5,97.5,96.83333333333334,,1287,144,10,XX,x,shapelet,none,src/sq_seqnn_outputs/sat6_default_sens_eps__sat6__eps0.00__seed45/results_sat6.csv
627,sens_eps,sat6,both,sat6__eps0.00,46,sens_eps__sat6__eps0.00__seed46,95.75,95.75,95.83333333333334,,1287,144,10,XX,x,shapelet,none,src/sq_seqnn_outputs/sat6_default_sens_eps__sat6__eps0.00__seed46/results_sat6.csv
759,sens_eps,sat6,both,sat6__eps0.00,47,sens_eps__sat6__eps0.00__seed47,96.58333333333331,96.58333333333331,96.08333333333331,,1287,144,10,XX,x,shapelet,none,src/sq_seqnn_outputs/sat6_default_sens_eps__sat6__eps0.00__seed47/results_sat6.csv
891,sens_eps,sat6,both,sat6__eps0.00,48,sens_eps__sat6__eps0.00__seed48,96.83333333333334,96.83333333333331,97.66666666666669,,1287,144,10,XX,x,shapelet,none,src/sq_seqnn_outputs/sat6_default_sens_eps__sat6__eps0.00__seed48/results_sat6.csv
1023,sens_eps,sat6,both,sat6__eps0.00,49,sens_eps__sat6__eps0.00__seed49,95.91666666666666,95.91666666666666,95.91666666666666,,1287,144,10,XX,x,shapelet,none,src/sq_seqnn_outputs/sat6_default_sens_eps__sat6__eps0.00__seed49/results_sat6.csv
1155,sens_eps,sat6,both,sat6__eps0.00,50,sens_eps__sat6__eps0.00__seed50,96.5,96.5,97.58333333333333,,1287,144,10,XX,x,shapelet,none,src/sq_seqnn_outputs/sat6_default_sens_eps__sat6__eps0.00__seed50/results_sat6.csv
1287,sens_eps,sat6,both,sat6__eps0.00,51,sens_eps__sat6__eps0.00__seed51,96.5,96.5,96.16666666666667,,1287,144,10,XX,x,shapelet,none,src/sq_seqnn_outputs/sat6_default_sens_eps__sat6__eps0.00__seed51/results_sat6.csv
100,sens_eps,sat6,both,sat6__eps0.10,42,sens_eps__sat6__eps0.10__seed42,96.08333333333331,96.08333333333331,96.66666666666669,,1287,144,10,XX,x,shapelet,none,src/sq_seqnn_outputs/sat6_default_sens_eps__sat6__eps0.10__seed42/results_sat6.csv
232,sens_eps,sat6,both,sat6__eps0.10,43,sens_eps__sat6__eps0.10__seed43,94.25,94.25,97.16666666666669,,1287,144,10,XX,x,shapelet,none,src/sq_seqnn_outputs/sat6_default_sens_eps__sat6__eps0.10__seed43/results_sat6.csv
364,sens_eps,sat6,both,sat6__eps0.10,44,sens_eps__sat6__eps0.10__seed44,96.5,96.5,96.75,,1287,144,10,XX,x,shapelet,none,src/sq_seqnn_outputs/sat6_default_sens_eps__sat6__eps0.10__seed44/results_sat6.csv
496,sens_eps,sat6,both,sat6__eps0.10,45,sens_eps__sat6__eps0.10__seed45,96.83333333333334,96.83333333333331,97.08333333333331,,1287,144,10,XX,x,shapelet,none,src/sq_seqnn_outputs/sat6_default_sens_eps__sat6__eps0.10__seed45/results_sat6.csv
628,sens_eps,sat6,both,sat6__eps0.10,46,sens_eps__sat6__eps0.10__seed46,95.83333333333334,95.83333333333334,96.58333333333331,,1287,144,10,XX,x,shapelet,none,src/sq_seqnn_outputs/sat6_default_sens_eps__sat6__eps0.10__seed46/results_sat6.csv
760,sens_eps,sat6,both,sat6__eps0.10,47,sens_eps__sat6__eps0.10__seed47,96.41666666666666,96.41666666666669,95.58333333333331,,1287,144,10,XX,x,shapelet,none,src/sq_seqnn_outputs/sat6_default_sens_eps__sat6__eps0.10__seed47/results_sat6.csv
892,sens_eps,sat6,both,sat6__eps0.10,48,sens_eps__sat6__eps0.10__seed48,96.25,96.25,97.83333333333334,,1287,144,10,XX,x,shapelet,none,src/sq_seqnn_outputs/sat6_default_sens_eps__sat6__eps0.10__seed48/results_sat6.csv
1024,sens_eps,sat6,both,sat6__eps0.10,49,sens_eps__sat6__eps0.10__seed49,96.25,96.25,95.75,,1287,144,10,XX,x,shapelet,none,src/sq_seqnn_outputs/sat6_default_sens_eps__sat6__eps0.10__seed49/results_sat6.csv
1156,sens_eps,sat6,both,sat6__eps0.10,50,sens_eps__sat6__eps0.10__seed50,95.16666666666667,95.16666666666667,96.83333333333334,,1287,144,10,XX,x,shapelet,none,src/sq_seqnn_outputs/sat6_default_sens_eps__sat6__eps0.10__seed50/results_sat6.csv
1288,sens_eps,sat6,both,sat6__eps0.10,51,sens_eps__sat6__eps0.10__seed51,96.5,96.5,96.75,,1287,144,10,XX,x,shapelet,none,src/sq_seqnn_outputs/sat6_default_sens_eps__sat6__eps0.10__seed51/results_sat6.csv
101,sens_eps,so2sat,adaptive,so2sat_adaptive__eps0.00,42,sens_eps__so2sat_adaptive__eps0.00__seed42,95.05,95.05,94.65,,1139,144,10,CRY,xyz,global,none,src/sq_seqnn_outputs/so2sat_default_sens_eps__so2sat_adaptive__eps0.00__seed42/results_so2sat.csv
233,sens_eps,so2sat,adaptive,so2sat_adaptive__eps0.00,43,sens_eps__so2sat_adaptive__eps0.00__seed43,94.45,94.45,94.19999999999999,,1139,144,10,CRY,xyz,global,none,src/sq_seqnn_outputs/so2sat_default_sens_eps__so2sat_adaptive__eps0.00__seed43/results_so2sat.csv
365,sens_eps,so2sat,adaptive,so2sat_adaptive__eps0.00,44,sens_eps__so2sat_adaptive__eps0.00__seed44,93.7,93.7,93.7,,1139,144,10,CRY,xyz,global,none,src/sq_seqnn_outputs/so2sat_default_sens_eps__so2sat_adaptive__eps0.00__seed44/results_so2sat.csv
497,sens_eps,so2sat,adaptive,so2sat_adaptive__eps0.00,45,sens_eps__so2sat_adaptive__eps0.00__seed45,93.95,93.95,94.39999999999999,,1139,144,10,CRY,xyz,global,none,src/sq_seqnn_outputs/so2sat_default_sens_eps__so2sat_adaptive__eps0.00__seed45/results_so2sat.csv
629,sens_eps,so2sat,adaptive,so2sat_adaptive__eps0.00,46,sens_eps__so2sat_adaptive__eps0.00__seed46,94.0,94.0,94.95,,1139,144,10,CRY,xyz,global,none,src/sq_seqnn_outputs/so2sat_default_sens_eps__so2sat_adaptive__eps0.00__seed46/results_so2sat.csv
761,sens_eps,so2sat,adaptive,so2sat_adaptive__eps0.00,47,sens_eps__so2sat_adaptive__eps0.00__seed47,94.3,94.3,94.05,,1139,144,10,CRY,xyz,global,none,src/sq_seqnn_outputs/so2sat_default_sens_eps__so2sat_adaptive__eps0.00__seed47/results_so2sat.csv
893,sens_eps,so2sat,adaptive,so2sat_adaptive__eps0.00,48,sens_eps__so2sat_adaptive__eps0.00__seed48,94.3,94.3,93.8,,1139,144,10,CRY,xyz,global,none,src/sq_seqnn_outputs/so2sat_default_sens_eps__so2sat_adaptive__eps0.00__seed48/results_so2sat.csv
1025,sens_eps,so2sat,adaptive,so2sat_adaptive__eps0.00,49,sens_eps__so2sat_adaptive__eps0.00__seed49,94.19999999999999,94.19999999999999,94.89999999999999,,1139,144,10,CRY,xyz,global,none,src/sq_seqnn_outputs/so2sat_default_sens_eps__so2sat_adaptive__eps0.00__seed49/results_so2sat.csv
1157,sens_eps,so2sat,adaptive,so2sat_adaptive__eps0.00,50,sens_eps__so2sat_adaptive__eps0.00__seed50,94.55,94.55,94.25,,1139,144,10,CRY,xyz,global,none,src/sq_seqnn_outputs/so2sat_default_sens_eps__so2sat_adaptive__eps0.00__seed50/results_so2sat.csv
1289,sens_eps,so2sat,adaptive,so2sat_adaptive__eps0.00,51,sens_eps__so2sat_adaptive__eps0.00__seed51,95.0,95.0,95.25,,1139,144,10,CRY,xyz,global,none,src/sq_seqnn_outputs/so2sat_default_sens_eps__so2sat_adaptive__eps0.00__seed51/results_so2sat.csv
102,sens_eps,so2sat,adaptive,so2sat_adaptive__eps0.10,42,sens_eps__so2sat_adaptive__eps0.10__seed42,94.35,94.35,94.45,,1139,144,10,CRY,xyz,global,none,src/sq_seqnn_outputs/so2sat_default_sens_eps__so2sat_adaptive__eps0.10__seed42/results_so2sat.csv
234,sens_eps,so2sat,adaptive,so2sat_adaptive__eps0.10,43,sens_eps__so2sat_adaptive__eps0.10__seed43,93.55,93.55,93.8,,1139,144,10,CRY,xyz,global,none,src/sq_seqnn_outputs/so2sat_default_sens_eps__so2sat_adaptive__eps0.10__seed43/results_so2sat.csv
366,sens_eps,so2sat,adaptive,so2sat_adaptive__eps0.10,44,sens_eps__so2sat_adaptive__eps0.10__seed44,94.1,94.1,94.65,,1139,144,10,CRY,xyz,global,none,src/sq_seqnn_outputs/so2sat_default_sens_eps__so2sat_adaptive__eps0.10__seed44/results_so2sat.csv
498,sens_eps,so2sat,adaptive,so2sat_adaptive__eps0.10,45,sens_eps__so2sat_adaptive__eps0.10__seed45,93.4,93.4,94.25,,1139,144,10,CRY,xyz,global,none,src/sq_seqnn_outputs/so2sat_default_sens_eps__so2sat_adaptive__eps0.10__seed45/results_so2sat.csv
630,sens_eps,so2sat,adaptive,so2sat_adaptive__eps0.10,46,sens_eps__so2sat_adaptive__eps0.10__seed46,93.7,93.7,94.19999999999999,,1139,144,10,CRY,xyz,global,none,src/sq_seqnn_outputs/so2sat_default_sens_eps__so2sat_adaptive__eps0.10__seed46/results_so2sat.csv
762,sens_eps,so2sat,adaptive,so2sat_adaptive__eps0.10,47,sens_eps__so2sat_adaptive__eps0.10__seed47,93.89999999999999,93.89999999999999,93.5,,1139,144,10,CRY,xyz,global,none,src/sq_seqnn_outputs/so2sat_default_sens_eps__so2sat_adaptive__eps0.10__seed47/results_so2sat.csv
894,sens_eps,so2sat,adaptive,so2sat_adaptive__eps0.10,48,sens_eps__so2sat_adaptive__eps0.10__seed48,93.8,93.8,94.0,,1139,144,10,CRY,xyz,global,none,src/sq_seqnn_outputs/so2sat_default_sens_eps__so2sat_adaptive__eps0.10__seed48/results_so2sat.csv
1026,sens_eps,so2sat,adaptive,so2sat_adaptive__eps0.10,49,sens_eps__so2sat_adaptive__eps0.10__seed49,94.65,94.65,94.89999999999999,,1139,144,10,CRY,xyz,global,none,src/sq_seqnn_outputs/so2sat_default_sens_eps__so2sat_adaptive__eps0.10__seed49/results_so2sat.csv
1158,sens_eps,so2sat,adaptive,so2sat_adaptive__eps0.10,50,sens_eps__so2sat_adaptive__eps0.10__seed50,94.19999999999999,94.19999999999999,93.95,,1139,144,10,CRY,xyz,global,none,src/sq_seqnn_outputs/so2sat_default_sens_eps__so2sat_adaptive__eps0.10__seed50/results_so2sat.csv
1290,sens_eps,so2sat,adaptive,so2sat_adaptive__eps0.10,51,sens_eps__so2sat_adaptive__eps0.10__seed51,94.1,94.1,94.39999999999999,,1139,144,10,CRY,xyz,global,none,src/sq_seqnn_outputs/so2sat_default_sens_eps__so2sat_adaptive__eps0.10__seed51/results_so2sat.csv
103,sens_eps,so2sat,shared,so2sat_shared__eps0.00,42,sens_eps__so2sat_shared__eps0.00__seed42,94.95,94.95,94.89999999999999,,1012,144,10,CZ,x,shapelet,none,src/sq_seqnn_outputs/so2sat_default_sens_eps__so2sat_shared__eps0.00__seed42/results_so2sat.csv
235,sens_eps,so2sat,shared,so2sat_shared__eps0.00,43,sens_eps__so2sat_shared__eps0.00__seed43,95.6,95.6,95.85000000000001,,1012,144,10,CZ,x,shapelet,none,src/sq_seqnn_outputs/so2sat_default_sens_eps__so2sat_shared__eps0.00__seed43/results_so2sat.csv
367,sens_eps,so2sat,shared,so2sat_shared__eps0.00,44,sens_eps__so2sat_shared__eps0.00__seed44,94.65,94.65,95.1,,1012,144,10,CZ,x,shapelet,none,src/sq_seqnn_outputs/so2sat_default_sens_eps__so2sat_shared__eps0.00__seed44/results_so2sat.csv
499,sens_eps,so2sat,shared,so2sat_shared__eps0.00,45,sens_eps__so2sat_shared__eps0.00__seed45,95.05,95.05,96.15,,1012,144,10,CZ,x,shapelet,none,src/sq_seqnn_outputs/so2sat_default_sens_eps__so2sat_shared__eps0.00__seed45/results_so2sat.csv
631,sens_eps,so2sat,shared,so2sat_shared__eps0.00,46,sens_eps__so2sat_shared__eps0.00__seed46,94.05,94.05,95.6,,1012,144,10,CZ,x,shapelet,none,src/sq_seqnn_outputs/so2sat_default_sens_eps__so2sat_shared__eps0.00__seed46/results_so2sat.csv
763,sens_eps,so2sat,shared,so2sat_shared__eps0.00,47,sens_eps__so2sat_shared__eps0.00__seed47,95.35,95.35,94.8,,1012,144,10,CZ,x,shapelet,none,src/sq_seqnn_outputs/so2sat_default_sens_eps__so2sat_shared__eps0.00__seed47/results_so2sat.csv
895,sens_eps,so2sat,shared,so2sat_shared__eps0.00,48,sens_eps__so2sat_shared__eps0.00__seed48,94.65,94.65,95.0,,1012,144,10,CZ,x,shapelet,none,src/sq_seqnn_outputs/so2sat_default_sens_eps__so2sat_shared__eps0.00__seed48/results_so2sat.csv
1027,sens_eps,so2sat,shared,so2sat_shared__eps0.00,49,sens_eps__so2sat_shared__eps0.00__seed49,95.19999999999999,95.19999999999999,96.5,,1012,144,10,CZ,x,shapelet,none,src/sq_seqnn_outputs/so2sat_default_sens_eps__so2sat_shared__eps0.00__seed49/results_so2sat.csv
1159,sens_eps,so2sat,shared,so2sat_shared__eps0.00,50,sens_eps__so2sat_shared__eps0.00__seed50,95.3,95.3,96.05,,1012,144,10,CZ,x,shapelet,none,src/sq_seqnn_outputs/so2sat_default_sens_eps__so2sat_shared__eps0.00__seed50/results_so2sat.csv
1291,sens_eps,so2sat,shared,so2sat_shared__eps0.00,51,sens_eps__so2sat_shared__eps0.00__seed51,95.35,95.35,95.19999999999999,,1012,144,10,CZ,x,shapelet,none,src/sq_seqnn_outputs/so2sat_default_sens_eps__so2sat_shared__eps0.00__seed51/results_so2sat.csv
104,sens_eps,so2sat,shared,so2sat_shared__eps0.10,42,sens_eps__so2sat_shared__eps0.10__seed42,94.8,94.8,95.05,,1012,144,10,CZ,x,shapelet,none,src/sq_seqnn_outputs/so2sat_default_sens_eps__so2sat_shared__eps0.10__seed42/results_so2sat.csv
236,sens_eps,so2sat,shared,so2sat_shared__eps0.10,43,sens_eps__so2sat_shared__eps0.10__seed43,95.45,95.45,95.7,,1012,144,10,CZ,x,shapelet,none,src/sq_seqnn_outputs/so2sat_default_sens_eps__so2sat_shared__eps0.10__seed43/results_so2sat.csv
368,sens_eps,so2sat,shared,so2sat_shared__eps0.10,44,sens_eps__so2sat_shared__eps0.10__seed44,94.45,94.45,95.1,,1012,144,10,CZ,x,shapelet,none,src/sq_seqnn_outputs/so2sat_default_sens_eps__so2sat_shared__eps0.10__seed44/results_so2sat.csv
500,sens_eps,so2sat,shared,so2sat_shared__eps0.10,45,sens_eps__so2sat_shared__eps0.10__seed45,94.39999999999999,94.39999999999999,96.0,,1012,144,10,CZ,x,shapelet,none,src/sq_seqnn_outputs/so2sat_default_sens_eps__so2sat_shared__eps0.10__seed45/results_so2sat.csv
632,sens_eps,so2sat,shared,so2sat_shared__eps0.10,46,sens_eps__so2sat_shared__eps0.10__seed46,94.15,94.15,95.5,,1012,144,10,CZ,x,shapelet,none,src/sq_seqnn_outputs/so2sat_default_sens_eps__so2sat_shared__eps0.10__seed46/results_so2sat.csv
764,sens_eps,so2sat,shared,so2sat_shared__eps0.10,47,sens_eps__so2sat_shared__eps0.10__seed47,94.69999999999999,94.69999999999999,95.19999999999999,,1012,144,10,CZ,x,shapelet,none,src/sq_seqnn_outputs/so2sat_default_sens_eps__so2sat_shared__eps0.10__seed47/results_so2sat.csv
896,sens_eps,so2sat,shared,so2sat_shared__eps0.10,48,sens_eps__so2sat_shared__eps0.10__seed48,94.6,94.6,94.89999999999999,,1012,144,10,CZ,x,shapelet,none,src/sq_seqnn_outputs/so2sat_default_sens_eps__so2sat_shared__eps0.10__seed48/results_so2sat.csv
1028,sens_eps,so2sat,shared,so2sat_shared__eps0.10,49,sens_eps__so2sat_shared__eps0.10__seed49,95.05,95.05,95.95,,1012,144,10,CZ,x,shapelet,none,src/sq_seqnn_outputs/so2sat_default_sens_eps__so2sat_shared__eps0.10__seed49/results_so2sat.csv
1160,sens_eps,so2sat,shared,so2sat_shared__eps0.10,50,sens_eps__so2sat_shared__eps0.10__seed50,95.25,95.25,95.75,,1012,144,10,CZ,x,shapelet,none,src/sq_seqnn_outputs/so2sat_default_sens_eps__so2sat_shared__eps0.10__seed50/results_so2sat.csv
1292,sens_eps,so2sat,shared,so2sat_shared__eps0.10,51,sens_eps__so2sat_shared__eps0.10__seed51,96.1,96.1,95.6,,1012,144,10,CZ,x,shapelet,none,src/sq_seqnn_outputs/so2sat_default_sens_eps__so2sat_shared__eps0.10__seed51/results_so2sat.csv
83,sens_nq,overhead,adaptive,overhead_adaptive__nq10,42,sens_nq__overhead_adaptive__nq10__seed42,92.63913824057451,92.62709137709138,89.50524737631184,,1225,144,10,CX,x,conv,none,src/sq_seqnn_outputs/overhead_seqnn5_sens_nq__overhead_adaptive__nq10__seed42/results_overhead.csv
215,sens_nq,overhead,adaptive,overhead_adaptive__nq10,43,sens_nq__overhead_adaptive__nq10__seed43,90.66427289048474,90.65476190476188,91.00449775112443,,1225,144,10,CX,x,conv,none,src/sq_seqnn_outputs/overhead_seqnn5_sens_nq__overhead_adaptive__nq10__seed43/results_overhead.csv
347,sens_nq,overhead,adaptive,overhead_adaptive__nq10,44,sens_nq__overhead_adaptive__nq10__seed44,93.71633752244163,93.7162162162162,90.4047976011994,,1225,144,10,CX,x,conv,none,src/sq_seqnn_outputs/overhead_seqnn5_sens_nq__overhead_adaptive__nq10__seed44/results_overhead.csv
479,sens_nq,overhead,adaptive,overhead_adaptive__nq10,45,sens_nq__overhead_adaptive__nq10__seed45,90.66427289048474,90.6644144144144,88.1559220389805,,1225,144,10,CX,x,conv,none,src/sq_seqnn_outputs/overhead_seqnn5_sens_nq__overhead_adaptive__nq10__seed45/results_overhead.csv
611,sens_nq,overhead,adaptive,overhead_adaptive__nq10,46,sens_nq__overhead_adaptive__nq10__seed46,84.02154398563735,84.02992277992277,83.50824587706147,,1225,144,10,CX,x,conv,none,src/sq_seqnn_outputs/overhead_seqnn5_sens_nq__overhead_adaptive__nq10__seed46/results_overhead.csv
743,sens_nq,overhead,adaptive,overhead_adaptive__nq10,47,sens_nq__overhead_adaptive__nq10__seed47,87.79174147217235,87.79601029601028,87.85607196401799,,1225,144,10,CX,x,conv,none,src/sq_seqnn_outputs/overhead_seqnn5_sens_nq__overhead_adaptive__nq10__seed47/results_overhead.csv
875,sens_nq,overhead,adaptive,overhead_adaptive__nq10,48,sens_nq__overhead_adaptive__nq10__seed48,86.17594254937163,86.17599742599744,86.50674662668666,,1225,144,10,CX,x,conv,none,src/sq_seqnn_outputs/overhead_seqnn5_sens_nq__overhead_adaptive__nq10__seed48/results_overhead.csv
1007,sens_nq,overhead,adaptive,overhead_adaptive__nq10,49,sens_nq__overhead_adaptive__nq10__seed49,86.53500897666068,86.5363577863578,84.40779610194903,,1225,144,10,CX,x,conv,none,src/sq_seqnn_outputs/overhead_seqnn5_sens_nq__overhead_adaptive__nq10__seed49/results_overhead.csv
1139,sens_nq,overhead,adaptive,overhead_adaptive__nq10,50,sens_nq__overhead_adaptive__nq10__seed50,89.22800718132855,89.21492921492921,90.10494752623688,,1225,144,10,CX,x,conv,none,src/sq_seqnn_outputs/overhead_seqnn5_sens_nq__overhead_adaptive__nq10__seed50/results_overhead.csv
1271,sens_nq,overhead,adaptive,overhead_adaptive__nq10,51,sens_nq__overhead_adaptive__nq10__seed51,90.12567324955117,90.12709137709136,90.25487256371814,,1225,144,10,CX,x,conv,none,src/sq_seqnn_outputs/overhead_seqnn5_sens_nq__overhead_adaptive__nq10__seed51/results_overhead.csv
84,sens_nq,overhead,adaptive,overhead_adaptive__nq12,42,sens_nq__overhead_adaptive__nq12__seed42,94.0754039497307,94.06370656370659,90.25487256371814,,1435,176,12,CX,x,conv,none,src/sq_seqnn_outputs/overhead_seqnn5_sens_nq__overhead_adaptive__nq12__seed42/results_overhead.csv
216,sens_nq,overhead,adaptive,overhead_adaptive__nq12,43,sens_nq__overhead_adaptive__nq12__seed43,90.48473967684022,90.479407979408,91.00449775112443,,1435,176,12,CX,x,conv,none,src/sq_seqnn_outputs/overhead_seqnn5_sens_nq__overhead_adaptive__nq12__seed43/results_overhead.csv
348,sens_nq,overhead,adaptive,overhead_adaptive__nq12,44,sens_nq__overhead_adaptive__nq12__seed44,94.7935368043088,94.79247104247104,91.60419790104947,,1435,176,12,CX,x,conv,none,src/sq_seqnn_outputs/overhead_seqnn5_sens_nq__overhead_adaptive__nq12__seed44/results_overhead.csv
480,sens_nq,overhead,adaptive,overhead_adaptive__nq12,45,sens_nq__overhead_adaptive__nq12__seed45,91.20287253141832,91.2001287001287,88.75562218890555,,1435,176,12,CX,x,conv,none,src/sq_seqnn_outputs/overhead_seqnn5_sens_nq__overhead_adaptive__nq12__seed45/results_overhead.csv
612,sens_nq,overhead,adaptive,overhead_adaptive__nq12,46,sens_nq__overhead_adaptive__nq12__seed46,78.45601436265709,78.47490347490347,77.21139430284857,,1435,176,12,CX,x,conv,none,src/sq_seqnn_outputs/overhead_seqnn5_sens_nq__overhead_adaptive__nq12__seed46/results_overhead.csv
744,sens_nq,overhead,adaptive,overhead_adaptive__nq12,47,sens_nq__overhead_adaptive__nq12__seed47,91.74147217235188,91.73906048906049,88.9055472263868,,1435,176,12,CX,x,conv,none,src/sq_seqnn_outputs/overhead_seqnn5_sens_nq__overhead_adaptive__nq12__seed47/results_overhead.csv
876,sens_nq,overhead,adaptive,overhead_adaptive__nq12,48,sens_nq__overhead_adaptive__nq12__seed48,88.50987432675045,88.5070785070785,91.90404797601201,,1435,176,12,CX,x,conv,none,src/sq_seqnn_outputs/overhead_seqnn5_sens_nq__overhead_adaptive__nq12__seed48/results_overhead.csv
1008,sens_nq,overhead,adaptive,overhead_adaptive__nq12,49,sens_nq__overhead_adaptive__nq12__seed49,93.35727109515261,93.3574646074646,90.25487256371814,,1435,176,12,CX,x,conv,none,src/sq_seqnn_outputs/overhead_seqnn5_sens_nq__overhead_adaptive__nq12__seed49/results_overhead.csv
1140,sens_nq,overhead,adaptive,overhead_adaptive__nq12,50,sens_nq__overhead_adaptive__nq12__seed50,91.20287253141832,91.18886743886743,90.70464767616193,,1435,176,12,CX,x,conv,none,src/sq_seqnn_outputs/overhead_seqnn5_sens_nq__overhead_adaptive__nq12__seed50/results_overhead.csv
1272,sens_nq,overhead,adaptive,overhead_adaptive__nq12,51,sens_nq__overhead_adaptive__nq12__seed51,91.56193895870736,91.56370656370656,90.70464767616193,,1435,176,12,CX,x,conv,none,src/sq_seqnn_outputs/overhead_seqnn5_sens_nq__overhead_adaptive__nq12__seed51/results_overhead.csv
106,seqnn,overhead,w10,seqnn_w10_overhead,42,seqnn__seqnn_w10_overhead__seed42,86.3555,86.3385,86.8066,86.4936,1365,,,,,,none,results/baselines/seqnn__seqnn_w10_overhead__seed42/seqnn_w10_overhead_runs.csv
238,seqnn,overhead,w10,seqnn_w10_overhead,43,seqnn__seqnn_w10_overhead__seed43,87.7917,87.7847,89.0555,89.5657,1365,,,,,,none,results/baselines/seqnn__seqnn_w10_overhead__seed43/seqnn_w10_overhead_runs.csv
370,seqnn,overhead,w10,seqnn_w10_overhead,44,seqnn__seqnn_w10_overhead__seed44,87.7917,87.7976,88.1559,87.2352,1365,,,,,,none,results/baselines/seqnn__seqnn_w10_overhead__seed44/seqnn_w10_overhead_runs.csv
502,seqnn,overhead,w10,seqnn_w10_overhead,45,seqnn__seqnn_w10_overhead__seed45,89.7666,89.7683,88.006,88.9301,1365,,,,,,none,results/baselines/seqnn__seqnn_w10_overhead__seed45/seqnn_w10_overhead_runs.csv
634,seqnn,overhead,w10,seqnn_w10_overhead,46,seqnn__seqnn_w10_overhead__seed46,88.1508,88.1451,89.5052,90.1748,1365,,,,,,none,results/baselines/seqnn__seqnn_w10_overhead__seed46/seqnn_w10_overhead_runs.csv
766,seqnn,overhead,w10,seqnn_w10_overhead,47,seqnn__seqnn_w10_overhead__seed47,89.4075,89.3871,88.1559,89.3273,1365,,,,,,none,results/baselines/seqnn__seqnn_w10_overhead__seed47/seqnn_w10_overhead_runs.csv
898,seqnn,overhead,w10,seqnn_w10_overhead,48,seqnn__seqnn_w10_overhead__seed48,87.9713,87.9617,91.6042,90.9163,1365,,,,,,none,results/baselines/seqnn__seqnn_w10_overhead__seed48/seqnn_w10_overhead_runs.csv
1030,seqnn,overhead,w10,seqnn_w10_overhead,49,seqnn__seqnn_w10_overhead__seed49,90.3052,90.2896,89.3553,90.0953,1365,,,,,,none,results/baselines/seqnn__seqnn_w10_overhead__seed49/seqnn_w10_overhead_runs.csv
1162,seqnn,overhead,w10,seqnn_w10_overhead,50,seqnn__seqnn_w10_overhead__seed50,89.228,89.2165,89.8051,90.7044,1365,,,,,,none,results/baselines/seqnn__seqnn_w10_overhead__seed50/seqnn_w10_overhead_runs.csv
1294,seqnn,overhead,w10,seqnn_w10_overhead,51,seqnn__seqnn_w10_overhead__seed51,89.4075,89.4128,88.006,88.3739,1365,,,,,,none,results/baselines/seqnn__seqnn_w10_overhead__seed51/seqnn_w10_overhead_runs.csv
105,seqnn,overhead,w16,seqnn_w16_overhead,42,seqnn__seqnn_w16_overhead__seed42,92.2801,92.2716,92.9535,93.5911,3003,,,,,,none,results/baselines/seqnn__seqnn_w16_overhead__seed42/seqnn_w16_overhead_runs.csv
237,seqnn,overhead,w16,seqnn_w16_overhead,43,seqnn__seqnn_w16_overhead__seed43,91.0233,91.0039,92.6537,93.5381,3003,,,,,,none,results/baselines/seqnn__seqnn_w16_overhead__seed43/seqnn_w16_overhead_runs.csv
369,seqnn,overhead,w16,seqnn_w16_overhead,44,seqnn__seqnn_w16_overhead__seed44,93.3573,93.3542,92.3538,93.6706,3003,,,,,,none,results/baselines/seqnn__seqnn_w16_overhead__seed44/seqnn_w16_overhead_runs.csv
501,seqnn,overhead,w16,seqnn_w16_overhead,45,seqnn__seqnn_w16_overhead__seed45,95.5117,95.5084,94.1529,94.3591,3003,,,,,,none,results/baselines/seqnn__seqnn_w16_overhead__seed45/seqnn_w16_overhead_runs.csv
633,seqnn,overhead,w16,seqnn_w16_overhead,46,seqnn__seqnn_w16_overhead__seed46,91.7415,91.7326,93.1034,93.5117,3003,,,,,,none,results/baselines/seqnn__seqnn_w16_overhead__seed46/seqnn_w16_overhead_runs.csv
765,seqnn,overhead,w16,seqnn_w16_overhead,47,seqnn__seqnn_w16_overhead__seed47,92.9982,92.9891,92.3538,92.8761,3003,,,,,,none,results/baselines/seqnn__seqnn_w16_overhead__seed47/seqnn_w16_overhead_runs.csv
897,seqnn,overhead,w16,seqnn_w16_overhead,48,seqnn__seqnn_w16_overhead__seed48,91.3824,91.3723,94.003,93.8294,3003,,,,,,none,results/baselines/seqnn__seqnn_w16_overhead__seed48/seqnn_w16_overhead_runs.csv
1029,seqnn,overhead,w16,seqnn_w16_overhead,49,seqnn__seqnn_w16_overhead__seed49,94.9731,94.9727,93.1034,93.5381,3003,,,,,,none,results/baselines/seqnn__seqnn_w16_overhead__seed49/seqnn_w16_overhead_runs.csv
1161,seqnn,overhead,w16,seqnn_w16_overhead,50,seqnn__seqnn_w16_overhead__seed50,93.1777,93.1725,91.7541,93.3792,3003,,,,,,none,results/baselines/seqnn__seqnn_w16_overhead__seed50/seqnn_w16_overhead_runs.csv
1293,seqnn,overhead,w16,seqnn_w16_overhead,51,seqnn__seqnn_w16_overhead__seed51,92.2801,92.2683,92.3538,92.982,3003,,,,,,none,results/baselines/seqnn__seqnn_w16_overhead__seed51/seqnn_w16_overhead_runs.csv
108,seqnn,sat6,w10,seqnn_w10_sat6,42,seqnn__seqnn_w10_sat6__seed42,94.8333,94.8333,96.0833,94.5952,1646,,,,,,none,results/baselines/seqnn__seqnn_w10_sat6__seed42/seqnn_w10_sat6_runs.csv
240,seqnn,sat6,w10,seqnn_w10_sat6,43,seqnn__seqnn_w10_sat6__seed43,92.8333,92.8333,96.6667,94.619,1646,,,,,,none,results/baselines/seqnn__seqnn_w10_sat6__seed43/seqnn_w10_sat6_runs.csv
372,seqnn,sat6,w10,seqnn_w10_sat6,44,seqnn__seqnn_w10_sat6__seed44,94.9167,94.9167,95.8333,94.9048,1646,,,,,,none,results/baselines/seqnn__seqnn_w10_sat6__seed44/seqnn_w10_sat6_runs.csv
504,seqnn,sat6,w10,seqnn_w10_sat6,45,seqnn__seqnn_w10_sat6__seed45,95.9167,95.9167,95.6667,95.7857,1646,,,,,,none,results/baselines/seqnn__seqnn_w10_sat6__seed45/seqnn_w10_sat6_runs.csv
636,seqnn,sat6,w10,seqnn_w10_sat6,46,seqnn__seqnn_w10_sat6__seed46,95.5833,95.5833,95.8333,95.7143,1646,,,,,,none,results/baselines/seqnn__seqnn_w10_sat6__seed46/seqnn_w10_sat6_runs.csv
768,seqnn,sat6,w10,seqnn_w10_sat6,47,seqnn__seqnn_w10_sat6__seed47,96.8333,96.8333,95.1667,95.7143,1646,,,,,,none,results/baselines/seqnn__seqnn_w10_sat6__seed47/seqnn_w10_sat6_runs.csv
900,seqnn,sat6,w10,seqnn_w10_sat6,48,seqnn__seqnn_w10_sat6__seed48,96.0,96.0,96.75,96.2381,1646,,,,,,none,results/baselines/seqnn__seqnn_w10_sat6__seed48/seqnn_w10_sat6_runs.csv
1032,seqnn,sat6,w10,seqnn_w10_sat6,49,seqnn__seqnn_w10_sat6__seed49,95.3333,95.3333,95.0833,95.1905,1646,,,,,,none,results/baselines/seqnn__seqnn_w10_sat6__seed49/seqnn_w10_sat6_runs.csv
1164,seqnn,sat6,w10,seqnn_w10_sat6,50,seqnn__seqnn_w10_sat6__seed50,94.8333,94.8333,96.0833,96.0714,1646,,,,,,none,results/baselines/seqnn__seqnn_w10_sat6__seed50/seqnn_w10_sat6_runs.csv
1296,seqnn,sat6,w10,seqnn_w10_sat6,51,seqnn__seqnn_w10_sat6__seed51,94.8333,94.8333,95.6667,94.7619,1646,,,,,,none,results/baselines/seqnn__seqnn_w10_sat6__seed51/seqnn_w10_sat6_runs.csv
107,seqnn,sat6,w16,seqnn_w16_sat6,42,seqnn__seqnn_w16_sat6__seed42,95.1667,95.1667,96.9167,95.4286,3452,,,,,,none,results/baselines/seqnn__seqnn_w16_sat6__seed42/seqnn_w16_sat6_runs.csv
239,seqnn,sat6,w16,seqnn_w16_sat6,43,seqnn__seqnn_w16_sat6__seed43,95.8333,95.8333,97.3333,96.619,3452,,,,,,none,results/baselines/seqnn__seqnn_w16_sat6__seed43/seqnn_w16_sat6_runs.csv
371,seqnn,sat6,w16,seqnn_w16_sat6,44,seqnn__seqnn_w16_sat6__seed44,96.3333,96.3333,96.0833,96.1667,3452,,,,,,none,results/baselines/seqnn__seqnn_w16_sat6__seed44/seqnn_w16_sat6_runs.csv
503,seqnn,sat6,w16,seqnn_w16_sat6,45,seqnn__seqnn_w16_sat6__seed45,97.5833,97.5833,97.1667,96.6905,3452,,,,,,none,results/baselines/seqnn__seqnn_w16_sat6__seed45/seqnn_w16_sat6_runs.csv
635,seqnn,sat6,w16,seqnn_w16_sat6,46,seqnn__seqnn_w16_sat6__seed46,95.8333,95.8333,96.0833,96.381,3452,,,,,,none,results/baselines/seqnn__seqnn_w16_sat6__seed46/seqnn_w16_sat6_runs.csv
767,seqnn,sat6,w16,seqnn_w16_sat6,47,seqnn__seqnn_w16_sat6__seed47,97.3333,97.3333,96.0833,96.4048,3452,,,,,,none,results/baselines/seqnn__seqnn_w16_sat6__seed47/seqnn_w16_sat6_runs.csv
899,seqnn,sat6,w16,seqnn_w16_sat6,48,seqnn__seqnn_w16_sat6__seed48,96.25,96.25,97.0,96.4524,3452,,,,,,none,results/baselines/seqnn__seqnn_w16_sat6__seed48/seqnn_w16_sat6_runs.csv
1031,seqnn,sat6,w16,seqnn_w16_sat6,49,seqnn__seqnn_w16_sat6__seed49,96.0,96.0,96.5,96.9524,3452,,,,,,none,results/baselines/seqnn__seqnn_w16_sat6__seed49/seqnn_w16_sat6_runs.csv
1163,seqnn,sat6,w16,seqnn_w16_sat6,50,seqnn__seqnn_w16_sat6__seed50,96.1667,96.1667,96.5833,97.0476,3452,,,,,,none,results/baselines/seqnn__seqnn_w16_sat6__seed50/seqnn_w16_sat6_runs.csv
1295,seqnn,sat6,w16,seqnn_w16_sat6,51,seqnn__seqnn_w16_sat6__seed51,96.3333,96.3333,96.9167,96.5476,3452,,,,,,none,results/baselines/seqnn__seqnn_w16_sat6__seed51/seqnn_w16_sat6_runs.csv
110,seqnn,so2sat,w10,seqnn_w10_so2sat,42,seqnn__seqnn_w10_so2sat__seed42,95.25,95.25,95.1,95.5167,1635,,,,,,none,results/baselines/seqnn__seqnn_w10_so2sat__seed42/seqnn_w10_so2sat_runs.csv
242,seqnn,so2sat,w10,seqnn_w10_so2sat,43,seqnn__seqnn_w10_so2sat__seed43,95.8,95.8,95.7,96.05,1635,,,,,,none,results/baselines/seqnn__seqnn_w10_so2sat__seed43/seqnn_w10_so2sat_runs.csv
374,seqnn,so2sat,w10,seqnn_w10_so2sat,44,seqnn__seqnn_w10_so2sat__seed44,94.45,94.45,95.35,95.55,1635,,,,,,none,results/baselines/seqnn__seqnn_w10_so2sat__seed44/seqnn_w10_so2sat_runs.csv
506,seqnn,so2sat,w10,seqnn_w10_so2sat,45,seqnn__seqnn_w10_so2sat__seed45,94.95,94.95,95.65,95.8167,1635,,,,,,none,results/baselines/seqnn__seqnn_w10_so2sat__seed45/seqnn_w10_so2sat_runs.csv
638,seqnn,so2sat,w10,seqnn_w10_so2sat,46,seqnn__seqnn_w10_so2sat__seed46,94.3,94.3,95.6,95.7833,1635,,,,,,none,results/baselines/seqnn__seqnn_w10_so2sat__seed46/seqnn_w10_so2sat_runs.csv
770,seqnn,so2sat,w10,seqnn_w10_so2sat,47,seqnn__seqnn_w10_so2sat__seed47,95.15,95.15,95.6,95.4167,1635,,,,,,none,results/baselines/seqnn__seqnn_w10_so2sat__seed47/seqnn_w10_so2sat_runs.csv
902,seqnn,so2sat,w10,seqnn_w10_so2sat,48,seqnn__seqnn_w10_so2sat__seed48,94.75,94.75,95.7,96.2,1635,,,,,,none,results/baselines/seqnn__seqnn_w10_so2sat__seed48/seqnn_w10_so2sat_runs.csv
1034,seqnn,so2sat,w10,seqnn_w10_so2sat,49,seqnn__seqnn_w10_so2sat__seed49,95.6,95.6,95.7,95.95,1635,,,,,,none,results/baselines/seqnn__seqnn_w10_so2sat__seed49/seqnn_w10_so2sat_runs.csv
1166,seqnn,so2sat,w10,seqnn_w10_so2sat,50,seqnn__seqnn_w10_so2sat__seed50,95.25,95.25,95.25,96.0,1635,,,,,,none,results/baselines/seqnn__seqnn_w10_so2sat__seed50/seqnn_w10_so2sat_runs.csv
1298,seqnn,so2sat,w10,seqnn_w10_so2sat,51,seqnn__seqnn_w10_so2sat__seed51,96.35,96.35,95.65,95.8167,1635,,,,,,none,results/baselines/seqnn__seqnn_w10_so2sat__seed51/seqnn_w10_so2sat_runs.csv
109,seqnn,so2sat,w16,seqnn_w16_so2sat,42,seqnn__seqnn_w16_so2sat__seed42,96.1,96.1,95.85,96.7833,3435,,,,,,none,results/baselines/seqnn__seqnn_w16_so2sat__seed42/seqnn_w16_so2sat_runs.csv
241,seqnn,so2sat,w16,seqnn_w16_so2sat,43,seqnn__seqnn_w16_so2sat__seed43,95.65,95.65,95.9,96.6167,3435,,,,,,none,results/baselines/seqnn__seqnn_w16_so2sat__seed43/seqnn_w16_so2sat_runs.csv
373,seqnn,so2sat,w16,seqnn_w16_so2sat,44,seqnn__seqnn_w16_so2sat__seed44,95.2,95.2,95.55,96.2333,3435,,,,,,none,results/baselines/seqnn__seqnn_w16_so2sat__seed44/seqnn_w16_so2sat_runs.csv
505,seqnn,so2sat,w16,seqnn_w16_so2sat,45,seqnn__seqnn_w16_so2sat__seed45,94.95,94.95,95.75,96.7167,3435,,,,,,none,results/baselines/seqnn__seqnn_w16_so2sat__seed45/seqnn_w16_so2sat_runs.csv
637,seqnn,so2sat,w16,seqnn_w16_so2sat,46,seqnn__seqnn_w16_so2sat__seed46,95.45,95.45,96.05,96.55,3435,,,,,,none,results/baselines/seqnn__seqnn_w16_so2sat__seed46/seqnn_w16_so2sat_runs.csv
769,seqnn,so2sat,w16,seqnn_w16_so2sat,47,seqnn__seqnn_w16_so2sat__seed47,95.35,95.35,96.15,96.0,3435,,,,,,none,results/baselines/seqnn__seqnn_w16_so2sat__seed47/seqnn_w16_so2sat_runs.csv
901,seqnn,so2sat,w16,seqnn_w16_so2sat,48,seqnn__seqnn_w16_so2sat__seed48,95.15,95.15,95.75,96.5833,3435,,,,,,none,results/baselines/seqnn__seqnn_w16_so2sat__seed48/seqnn_w16_so2sat_runs.csv
1033,seqnn,so2sat,w16,seqnn_w16_so2sat,49,seqnn__seqnn_w16_so2sat__seed49,96.3,96.3,96.55,96.8167,3435,,,,,,none,results/baselines/seqnn__seqnn_w16_so2sat__seed49/seqnn_w16_so2sat_runs.csv
1165,seqnn,so2sat,w16,seqnn_w16_so2sat,50,seqnn__seqnn_w16_so2sat__seed50,95.95,95.95,96.45,97.0833,3435,,,,,,none,results/baselines/seqnn__seqnn_w16_so2sat__seed50/seqnn_w16_so2sat_runs.csv
1297,seqnn,so2sat,w16,seqnn_w16_so2sat,51,seqnn__seqnn_w16_so2sat__seed51,96.15,96.15,96.05,96.35,3435,,,,,,none,results/baselines/seqnn__seqnn_w16_so2sat__seed51/seqnn_w16_so2sat_runs.csv
isolation__overhead_adaptive__frozen_rff__seed42,isolation,overhead,adaptive,overhead_adaptive__frozen_rff,42,isolation__overhead_adaptive__frozen_rff__seed42,94.25493716337523,94.24710424710425,90.85457271364318,,903,0,8,CX,x,conv,frozen_rff,src/sq_seqnn_outputs/overhead_seqnn5_isolation__overhead_adaptive__frozen_rff__seed42/results_overhead.csv
isolation__overhead_adaptive__frozen_rff__seed43,isolation,overhead,adaptive,overhead_adaptive__frozen_rff,43,isolation__overhead_adaptive__frozen_rff__seed43,88.33034111310593,88.31241956241955,89.35532233883059,,903,0,8,CX,x,conv,frozen_rff,src/sq_seqnn_outputs/overhead_seqnn5_isolation__overhead_adaptive__frozen_rff__seed43/results_overhead.csv
isolation__overhead_adaptive__frozen_rff__seed44,isolation,overhead,adaptive,overhead_adaptive__frozen_rff,44,isolation__overhead_adaptive__frozen_rff__seed44,93.53680430879713,93.5376447876448,90.4047976011994,,903,0,8,CX,x,conv,frozen_rff,src/sq_seqnn_outputs/overhead_seqnn5_isolation__overhead_adaptive__frozen_rff__seed44/results_overhead.csv
isolation__overhead_adaptive__frozen_rff__seed45,isolation,overhead,adaptive,overhead_adaptive__frozen_rff,45,isolation__overhead_adaptive__frozen_rff__seed45,90.12567324955117,90.12226512226512,88.75562218890555,,903,0,8,CX,x,conv,frozen_rff,src/sq_seqnn_outputs/overhead_seqnn5_isolation__overhead_adaptive__frozen_rff__seed45/results_overhead.csv
isolation__overhead_adaptive__frozen_rff__seed46,isolation,overhead,adaptive,overhead_adaptive__frozen_rff,46,isolation__overhead_adaptive__frozen_rff__seed46,81.14901256732495,81.1502574002574,80.50974512743629,,903,0,8,CX,x,conv,frozen_rff,src/sq_seqnn_outputs/overhead_seqnn5_isolation__overhead_adaptive__frozen_rff__seed46/results_overhead.csv
isolation__overhead_adaptive__frozen_rff__seed47,isolation,overhead,adaptive,overhead_adaptive__frozen_rff,47,isolation__overhead_adaptive__frozen_rff__seed47,91.20287253141831,91.2001287001287,90.55472263868066,,903,0,8,CX,x,conv,frozen_rff,src/sq_seqnn_outputs/overhead_seqnn5_isolation__overhead_adaptive__frozen_rff__seed47/results_overhead.csv
isolation__overhead_adaptive__frozen_rff__seed48,isolation,overhead,adaptive,overhead_adaptive__frozen_rff,48,isolation__overhead_adaptive__frozen_rff__seed48,90.30520646319569,90.3056628056628,92.05397301349325,,903,0,8,CX,x,conv,frozen_rff,src/sq_seqnn_outputs/overhead_seqnn5_isolation__overhead_adaptive__frozen_rff__seed48/results_overhead.csv
isolation__overhead_adaptive__frozen_rff__seed49,isolation,overhead,adaptive,overhead_adaptive__frozen_rff,49,isolation__overhead_adaptive__frozen_rff__seed49,93.17773788150808,93.17728442728443,90.70464767616193,,903,0,8,CX,x,conv,frozen_rff,src/sq_seqnn_outputs/overhead_seqnn5_isolation__overhead_adaptive__frozen_rff__seed49/results_overhead.csv
isolation__overhead_adaptive__frozen_rff__seed50,isolation,overhead,adaptive,overhead_adaptive__frozen_rff,50,isolation__overhead_adaptive__frozen_rff__seed50,92.45960502692998,92.45173745173746,92.95352323838081,,903,0,8,CX,x,conv,frozen_rff,src/sq_seqnn_outputs/overhead_seqnn5_isolation__overhead_adaptive__frozen_rff__seed50/results_overhead.csv
isolation__overhead_adaptive__frozen_rff__seed51,isolation,overhead,adaptive,overhead_adaptive__frozen_rff,51,isolation__overhead_adaptive__frozen_rff__seed51,92.45960502692998,92.45978120978121,91.60419790104947,,903,0,8,CX,x,conv,frozen_rff,src/sq_seqnn_outputs/overhead_seqnn5_isolation__overhead_adaptive__frozen_rff__seed51/results_overhead.csv
isolation__sat6__frozen_rff__seed42,isolation,sat6,both,sat6__frozen_rff,42,isolation__sat6__frozen_rff__seed42,97.33333333333334,97.33333333333333,97.25,,1143,0,10,XX,x,shapelet,frozen_rff,src/sq_seqnn_outputs/sat6_default_isolation__sat6__frozen_rff__seed42/results_sat6.csv
isolation__sat6__frozen_rff__seed43,isolation,sat6,both,sat6__frozen_rff,43,isolation__sat6__frozen_rff__seed43,95.83333333333334,95.83333333333334,98.0,,1143,0,10,XX,x,shapelet,frozen_rff,src/sq_seqnn_outputs/sat6_default_isolation__sat6__frozen_rff__seed43/results_sat6.csv
isolation__sat6__frozen_rff__seed44,isolation,sat6,both,sat6__frozen_rff,44,isolation__sat6__frozen_rff__seed44,96.66666666666667,96.66666666666667,96.83333333333334,,1143,0,10,XX,x,shapelet,frozen_rff,src/sq_seqnn_outputs/sat6_default_isolation__sat6__frozen_rff__seed44/results_sat6.csv
isolation__sat6__frozen_rff__seed45,isolation,sat6,both,sat6__frozen_rff,45,isolation__sat6__frozen_rff__seed45,97.25,97.25,96.91666666666666,,1143,0,10,XX,x,shapelet,frozen_rff,src/sq_seqnn_outputs/sat6_default_isolation__sat6__frozen_rff__seed45/results_sat6.csv
isolation__sat6__frozen_rff__seed46,isolation,sat6,both,sat6__frozen_rff,46,isolation__sat6__frozen_rff__seed46,95.91666666666666,95.91666666666666,95.91666666666666,,1143,0,10,XX,x,shapelet,frozen_rff,src/sq_seqnn_outputs/sat6_default_isolation__sat6__frozen_rff__seed46/results_sat6.csv
isolation__sat6__frozen_rff__seed47,isolation,sat6,both,sat6__frozen_rff,47,isolation__sat6__frozen_rff__seed47,96.91666666666666,96.91666666666666,95.75,,1143,0,10,XX,x,shapelet,frozen_rff,src/sq_seqnn_outputs/sat6_default_isolation__sat6__frozen_rff__seed47/results_sat6.csv
isolation__sat6__frozen_rff__seed48,isolation,sat6,both,sat6__frozen_rff,48,isolation__sat6__frozen_rff__seed48,96.91666666666666,96.91666666666666,97.33333333333334,,1143,0,10,XX,x,shapelet,frozen_rff,src/sq_seqnn_outputs/sat6_default_isolation__sat6__frozen_rff__seed48/results_sat6.csv
isolation__sat6__frozen_rff__seed49,isolation,sat6,both,sat6__frozen_rff,49,isolation__sat6__frozen_rff__seed49,97.25,97.25,96.33333333333334,,1143,0,10,XX,x,shapelet,frozen_rff,src/sq_seqnn_outputs/sat6_default_isolation__sat6__frozen_rff__seed49/results_sat6.csv
isolation__sat6__frozen_rff__seed50,isolation,sat6,both,sat6__frozen_rff,50,isolation__sat6__frozen_rff__seed50,96.0,96.0,97.66666666666667,,1143,0,10,XX,x,shapelet,frozen_rff,src/sq_seqnn_outputs/sat6_default_isolation__sat6__frozen_rff__seed50/results_sat6.csv
isolation__sat6__frozen_rff__seed51,isolation,sat6,both,sat6__frozen_rff,51,isolation__sat6__frozen_rff__seed51,95.75,95.75,96.08333333333333,,1143,0,10,XX,x,shapelet,frozen_rff,src/sq_seqnn_outputs/sat6_default_isolation__sat6__frozen_rff__seed51/results_sat6.csv
isolation__so2sat_adaptive__frozen_rff__seed42,isolation,so2sat,adaptive,so2sat_adaptive__frozen_rff,42,isolation__so2sat_adaptive__frozen_rff__seed42,94.0,94.0,94.45,,995,0,10,CRY,xyz,global,frozen_rff,src/sq_seqnn_outputs/so2sat_default_isolation__so2sat_adaptive__frozen_rff__seed42/results_so2sat.csv
isolation__so2sat_adaptive__frozen_rff__seed43,isolation,so2sat,adaptive,so2sat_adaptive__frozen_rff,43,isolation__so2sat_adaptive__frozen_rff__seed43,94.0,93.99999999999999,94.1,,995,0,10,CRY,xyz,global,frozen_rff,src/sq_seqnn_outputs/so2sat_default_isolation__so2sat_adaptive__frozen_rff__seed43/results_so2sat.csv
isolation__so2sat_adaptive__frozen_rff__seed44,isolation,so2sat,adaptive,so2sat_adaptive__frozen_rff,44,isolation__so2sat_adaptive__frozen_rff__seed44,94.15,94.14999999999999,94.69999999999999,,995,0,10,CRY,xyz,global,frozen_rff,src/sq_seqnn_outputs/so2sat_default_isolation__so2sat_adaptive__frozen_rff__seed44/results_so2sat.csv
isolation__so2sat_adaptive__frozen_rff__seed45,isolation,so2sat,adaptive,so2sat_adaptive__frozen_rff,45,isolation__so2sat_adaptive__frozen_rff__seed45,93.10000000000001,93.09999999999998,94.3,,995,0,10,CRY,xyz,global,frozen_rff,src/sq_seqnn_outputs/so2sat_default_isolation__so2sat_adaptive__frozen_rff__seed45/results_so2sat.csv
isolation__so2sat_adaptive__frozen_rff__seed46,isolation,so2sat,adaptive,so2sat_adaptive__frozen_rff,46,isolation__so2sat_adaptive__frozen_rff__seed46,93.60000000000001,93.6,94.45,,995,0,10,CRY,xyz,global,frozen_rff,src/sq_seqnn_outputs/so2sat_default_isolation__so2sat_adaptive__frozen_rff__seed46/results_so2sat.csv
isolation__so2sat_adaptive__frozen_rff__seed47,isolation,so2sat,adaptive,so2sat_adaptive__frozen_rff,47,isolation__so2sat_adaptive__frozen_rff__seed47,93.89999999999999,93.9,93.4,,995,0,10,CRY,xyz,global,frozen_rff,src/sq_seqnn_outputs/so2sat_default_isolation__so2sat_adaptive__frozen_rff__seed47/results_so2sat.csv
isolation__so2sat_adaptive__frozen_rff__seed48,isolation,so2sat,adaptive,so2sat_adaptive__frozen_rff,48,isolation__so2sat_adaptive__frozen_rff__seed48,92.80000000000001,92.80000000000001,93.15,,995,0,10,CRY,xyz,global,frozen_rff,src/sq_seqnn_outputs/so2sat_default_isolation__so2sat_adaptive__frozen_rff__seed48/results_so2sat.csv
isolation__so2sat_adaptive__frozen_rff__seed49,isolation,so2sat,adaptive,so2sat_adaptive__frozen_rff,49,isolation__so2sat_adaptive__frozen_rff__seed49,94.6,94.60000000000001,95.39999999999999,,995,0,10,CRY,xyz,global,frozen_rff,src/sq_seqnn_outputs/so2sat_default_isolation__so2sat_adaptive__frozen_rff__seed49/results_so2sat.csv
isolation__so2sat_adaptive__frozen_rff__seed50,isolation,so2sat,adaptive,so2sat_adaptive__frozen_rff,50,isolation__so2sat_adaptive__frozen_rff__seed50,94.1,94.10000000000001,94.15,,995,0,10,CRY,xyz,global,frozen_rff,src/sq_seqnn_outputs/so2sat_default_isolation__so2sat_adaptive__frozen_rff__seed50/results_so2sat.csv
isolation__so2sat_adaptive__frozen_rff__seed51,isolation,so2sat,adaptive,so2sat_adaptive__frozen_rff,51,isolation__so2sat_adaptive__frozen_rff__seed51,94.65,94.65,94.5,,995,0,10,CRY,xyz,global,frozen_rff,src/sq_seqnn_outputs/so2sat_default_isolation__so2sat_adaptive__frozen_rff__seed51/results_so2sat.csv
isolation__overhead_adaptive__frozen_mlp__seed42,isolation,overhead,adaptive,overhead_adaptive__frozen_mlp,42,isolation__overhead_adaptive__frozen_mlp__seed42,92.81867145421903,92.81048906048906,91.45427286356822,,1013,110,8,CX,x,conv,frozen_mlp,src/sq_seqnn_outputs/overhead_seqnn5_isolation__overhead_adaptive__frozen_mlp__seed42/results_overhead.csv
isolation__overhead_adaptive__frozen_mlp__seed43,isolation,overhead,adaptive,overhead_adaptive__frozen_mlp,43,isolation__overhead_adaptive__frozen_mlp__seed43,90.12567324955117,90.11261261261261,88.1559220389805,,1013,110,8,CX,x,conv,frozen_mlp,src/sq_seqnn_outputs/overhead_seqnn5_isolation__overhead_adaptive__frozen_mlp__seed43/results_overhead.csv
isolation__overhead_adaptive__frozen_mlp__seed44,isolation,overhead,adaptive,overhead_adaptive__frozen_mlp,44,isolation__overhead_adaptive__frozen_mlp__seed44,93.35727109515261,93.35907335907336,91.00449775112443,,1013,110,8,CX,x,conv,frozen_mlp,src/sq_seqnn_outputs/overhead_seqnn5_isolation__overhead_adaptive__frozen_mlp__seed44/results_overhead.csv
isolation__overhead_adaptive__frozen_mlp__seed45,isolation,overhead,adaptive,overhead_adaptive__frozen_mlp,45,isolation__overhead_adaptive__frozen_mlp__seed45,91.20287253141831,91.19851994851996,88.30584707646177,,1013,110,8,CX,x,conv,frozen_mlp,src/sq_seqnn_outputs/overhead_seqnn5_isolation__overhead_adaptive__frozen_mlp__seed45/results_overhead.csv
isolation__overhead_adaptive__frozen_mlp__seed46,isolation,overhead,adaptive,overhead_adaptive__frozen_mlp,46,isolation__overhead_adaptive__frozen_mlp__seed46,84.38061041292639,84.38223938223939,87.85607196401799,,1013,110,8,CX,x,conv,frozen_mlp,src/sq_seqnn_outputs/overhead_seqnn5_isolation__overhead_adaptive__frozen_mlp__seed46/results_overhead.csv
isolation__overhead_adaptive__frozen_mlp__seed47,isolation,overhead,adaptive,overhead_adaptive__frozen_mlp,47,isolation__overhead_adaptive__frozen_mlp__seed47,90.84380610412927,90.84781209781211,89.80509745127436,,1013,110,8,CX,x,conv,frozen_mlp,src/sq_seqnn_outputs/overhead_seqnn5_isolation__overhead_adaptive__frozen_mlp__seed47/results_overhead.csv
isolation__overhead_adaptive__frozen_mlp__seed48,isolation,overhead,adaptive,overhead_adaptive__frozen_mlp,48,isolation__overhead_adaptive__frozen_mlp__seed48,86.35547576301616,86.35778635778635,85.75712143928035,,1013,110,8,CX,x,conv,frozen_mlp,src/sq_seqnn_outputs/overhead_seqnn5_isolation__overhead_adaptive__frozen_mlp__seed48/results_overhead.csv
isolation__overhead_adaptive__frozen_mlp__seed49,isolation,overhead,adaptive,overhead_adaptive__frozen_mlp,49,isolation__overhead_adaptive__frozen_mlp__seed49,90.84380610412927,90.84781209781208,89.35532233883059,,1013,110,8,CX,x,conv,frozen_mlp,src/sq_seqnn_outputs/overhead_seqnn5_isolation__overhead_adaptive__frozen_mlp__seed49/results_overhead.csv
isolation__overhead_adaptive__frozen_mlp__seed50,isolation,overhead,adaptive,overhead_adaptive__frozen_mlp,50,isolation__overhead_adaptive__frozen_mlp__seed50,90.12567324955117,90.11422136422136,91.1544227886057,,1013,110,8,CX,x,conv,frozen_mlp,src/sq_seqnn_outputs/overhead_seqnn5_isolation__overhead_adaptive__frozen_mlp__seed50/results_overhead.csv
isolation__overhead_adaptive__frozen_mlp__seed51,isolation,overhead,adaptive,overhead_adaptive__frozen_mlp,51,isolation__overhead_adaptive__frozen_mlp__seed51,92.45960502692998,92.45495495495494,92.20389805097452,,1013,110,8,CX,x,conv,frozen_mlp,src/sq_seqnn_outputs/overhead_seqnn5_isolation__overhead_adaptive__frozen_mlp__seed51/results_overhead.csv
isolation__sat6__frozen_mlp__seed42,isolation,sat6,both,sat6__frozen_mlp,42,isolation__sat6__frozen_mlp__seed42,97.0,97.00000000000001,96.41666666666666,,1279,136,10,XX,x,shapelet,frozen_mlp,src/sq_seqnn_outputs/sat6_default_isolation__sat6__frozen_mlp__seed42/results_sat6.csv
isolation__sat6__frozen_mlp__seed43,isolation,sat6,both,sat6__frozen_mlp,43,isolation__sat6__frozen_mlp__seed43,95.08333333333333,95.08333333333333,97.41666666666666,,1279,136,10,XX,x,shapelet,frozen_mlp,src/sq_seqnn_outputs/sat6_default_isolation__sat6__frozen_mlp__seed43/results_sat6.csv
isolation__sat6__frozen_mlp__seed44,isolation,sat6,both,sat6__frozen_mlp,44,isolation__sat6__frozen_mlp__seed44,95.91666666666666,95.91666666666666,96.25,,1279,136,10,XX,x,shapelet,frozen_mlp,src/sq_seqnn_outputs/sat6_default_isolation__sat6__frozen_mlp__seed44/results_sat6.csv
isolation__sat6__frozen_mlp__seed45,isolation,sat6,both,sat6__frozen_mlp,45,isolation__sat6__frozen_mlp__seed45,97.0,97.00000000000001,97.08333333333333,,1279,136,10,XX,x,shapelet,frozen_mlp,src/sq_seqnn_outputs/sat6_default_isolation__sat6__frozen_mlp__seed45/results_sat6.csv
isolation__sat6__frozen_mlp__seed46,isolation,sat6,both,sat6__frozen_mlp,46,isolation__sat6__frozen_mlp__seed46,95.66666666666667,95.66666666666667,96.16666666666667,,1279,136,10,XX,x,shapelet,frozen_mlp,src/sq_seqnn_outputs/sat6_default_isolation__sat6__frozen_mlp__seed46/results_sat6.csv
isolation__sat6__frozen_mlp__seed47,isolation,sat6,both,sat6__frozen_mlp,47,isolation__sat6__frozen_mlp__seed47,96.91666666666666,96.91666666666666,95.33333333333334,,1279,136,10,XX,x,shapelet,frozen_mlp,src/sq_seqnn_outputs/sat6_default_isolation__sat6__frozen_mlp__seed47/results_sat6.csv
isolation__sat6__frozen_mlp__seed48,isolation,sat6,both,sat6__frozen_mlp,48,isolation__sat6__frozen_mlp__seed48,96.16666666666667,96.16666666666666,97.08333333333333,,1279,136,10,XX,x,shapelet,frozen_mlp,src/sq_seqnn_outputs/sat6_default_isolation__sat6__frozen_mlp__seed48/results_sat6.csv
isolation__sat6__frozen_mlp__seed49,isolation,sat6,both,sat6__frozen_mlp,49,isolation__sat6__frozen_mlp__seed49,95.25,95.25,95.25,,1279,136,10,XX,x,shapelet,frozen_mlp,src/sq_seqnn_outputs/sat6_default_isolation__sat6__frozen_mlp__seed49/results_sat6.csv
isolation__sat6__frozen_mlp__seed50,isolation,sat6,both,sat6__frozen_mlp,50,isolation__sat6__frozen_mlp__seed50,95.25,95.25,96.41666666666666,,1279,136,10,XX,x,shapelet,frozen_mlp,src/sq_seqnn_outputs/sat6_default_isolation__sat6__frozen_mlp__seed50/results_sat6.csv
isolation__sat6__frozen_mlp__seed51,isolation,sat6,both,sat6__frozen_mlp,51,isolation__sat6__frozen_mlp__seed51,96.33333333333334,96.33333333333334,96.41666666666666,,1279,136,10,XX,x,shapelet,frozen_mlp,src/sq_seqnn_outputs/sat6_default_isolation__sat6__frozen_mlp__seed51/results_sat6.csv
isolation__so2sat_adaptive__frozen_mlp__seed42,isolation,so2sat,adaptive,so2sat_adaptive__frozen_mlp,42,isolation__so2sat_adaptive__frozen_mlp__seed42,94.5,94.5,94.45,,1148,153,10,CRY,xyz,global,frozen_mlp,src/sq_seqnn_outputs/so2sat_default_isolation__so2sat_adaptive__frozen_mlp__seed42/results_so2sat.csv
isolation__so2sat_adaptive__frozen_mlp__seed43,isolation,so2sat,adaptive,so2sat_adaptive__frozen_mlp,43,isolation__so2sat_adaptive__frozen_mlp__seed43,94.15,94.14999999999999,93.85,,1148,153,10,CRY,xyz,global,frozen_mlp,src/sq_seqnn_outputs/so2sat_default_isolation__so2sat_adaptive__frozen_mlp__seed43/results_so2sat.csv
isolation__so2sat_adaptive__frozen_mlp__seed44,isolation,so2sat,adaptive,so2sat_adaptive__frozen_mlp,44,isolation__so2sat_adaptive__frozen_mlp__seed44,93.4,93.39999999999999,93.5,,1148,153,10,CRY,xyz,global,frozen_mlp,src/sq_seqnn_outputs/so2sat_default_isolation__so2sat_adaptive__frozen_mlp__seed44/results_so2sat.csv
isolation__so2sat_adaptive__frozen_mlp__seed45,isolation,so2sat,adaptive,so2sat_adaptive__frozen_mlp,45,isolation__so2sat_adaptive__frozen_mlp__seed45,93.10000000000001,93.10000000000001,93.89999999999999,,1148,153,10,CRY,xyz,global,frozen_mlp,src/sq_seqnn_outputs/so2sat_default_isolation__so2sat_adaptive__frozen_mlp__seed45/results_so2sat.csv
isolation__so2sat_adaptive__frozen_mlp__seed46,isolation,so2sat,adaptive,so2sat_adaptive__frozen_mlp,46,isolation__so2sat_adaptive__frozen_mlp__seed46,94.15,94.15,95.0,,1148,153,10,CRY,xyz,global,frozen_mlp,src/sq_seqnn_outputs/so2sat_default_isolation__so2sat_adaptive__frozen_mlp__seed46/results_so2sat.csv
isolation__so2sat_adaptive__frozen_mlp__seed47,isolation,so2sat,adaptive,so2sat_adaptive__frozen_mlp,47,isolation__so2sat_adaptive__frozen_mlp__seed47,93.10000000000001,93.10000000000001,92.85,,1148,153,10,CRY,xyz,global,frozen_mlp,src/sq_seqnn_outputs/so2sat_default_isolation__so2sat_adaptive__frozen_mlp__seed47/results_so2sat.csv
isolation__so2sat_adaptive__frozen_mlp__seed48,isolation,so2sat,adaptive,so2sat_adaptive__frozen_mlp,48,isolation__so2sat_adaptive__frozen_mlp__seed48,93.60000000000001,93.6,93.75,,1148,153,10,CRY,xyz,global,frozen_mlp,src/sq_seqnn_outputs/so2sat_default_isolation__so2sat_adaptive__frozen_mlp__seed48/results_so2sat.csv
isolation__so2sat_adaptive__frozen_mlp__seed49,isolation,so2sat,adaptive,so2sat_adaptive__frozen_mlp,49,isolation__so2sat_adaptive__frozen_mlp__seed49,93.95,93.95,94.55,,1148,153,10,CRY,xyz,global,frozen_mlp,src/sq_seqnn_outputs/so2sat_default_isolation__so2sat_adaptive__frozen_mlp__seed49/results_so2sat.csv
isolation__so2sat_adaptive__frozen_mlp__seed50,isolation,so2sat,adaptive,so2sat_adaptive__frozen_mlp,50,isolation__so2sat_adaptive__frozen_mlp__seed50,93.55,93.55,93.60000000000001,,1148,153,10,CRY,xyz,global,frozen_mlp,src/sq_seqnn_outputs/so2sat_default_isolation__so2sat_adaptive__frozen_mlp__seed50/results_so2sat.csv
isolation__so2sat_adaptive__frozen_mlp__seed51,isolation,so2sat,adaptive,so2sat_adaptive__frozen_mlp,51,isolation__so2sat_adaptive__frozen_mlp__seed51,94.55,94.55,94.6,,1148,153,10,CRY,xyz,global,frozen_mlp,src/sq_seqnn_outputs/so2sat_default_isolation__so2sat_adaptive__frozen_mlp__seed51/results_so2sat.csv
