gate,n,L,k,sample,grad_local_mean2,grad_global
CRY,23,352,0,0,0.006536399557652776,-3.108044959738282e-05
CRY,23,352,117,0,0.000643780033730503,-7.241882967460493e-06
CRY,23,352,234,0,0.0018777252391271645,-1.4715319605134129e-05
CRY,23,352,351,0,0.009439063715776885,-0.00023583129183045695
CRY,23,352,0,1,0.004675084187022087,-7.512838716482e-05
CRY,23,352,117,1,0.0015940616827649495,4.9251055565400954e-05
CRY,23,352,234,1,0.0006638424120618396,0.00011512162121615807
CRY,23,352,351,1,0.0037381213452485932,-0.0002536318447990014
CRY,23,352,0,2,0.0023081294428978676,2.2253584074766703e-05
CRY,23,352,117,2,0.00032923770352756023,-1.5251397608479106e-05
CRY,23,352,234,2,0.0007743295944910931,-1.419022024044163e-06
CRY,23,352,351,2,0.0016681102210936896,5.1881216879702924e-05
CRY,23,352,0,3,0.01241340980318271,-2.1177452623970897e-05
CRY,23,352,117,3,0.0017218330904994411,0.00019767564310289211
CRY,23,352,234,3,0.0006308977362284948,-1.0652092228435491e-05
CRY,23,352,351,3,0.000812265534158008,-3.073739023858957e-05
CRY,23,352,0,4,0.001332294079759951,-1.674650320962457e-05
CRY,23,352,117,4,0.00127845644966013,0.00017175810084572578
CRY,23,352,234,4,0.0007019879389593075,-4.1629588316182064e-05
CRY,23,352,351,4,0.010410371976489897,-0.00011858333299954049
CRY,23,352,0,5,0.0026698759701977875,0.0004405608765929887
CRY,23,352,117,5,0.0006917784129307825,-0.00013022123235956716
CRY,23,352,234,5,0.0005542081472905934,3.1610182895693006e-05
CRY,23,352,351,5,0.00499278045660797,1.0258125128688195e-05
CRY,23,352,0,6,0.0014198581392162568,3.1617423699244365e-06
CRY,23,352,117,6,0.0005414927348261127,-1.3831772099209825e-06
CRY,23,352,234,6,0.0011499656604749178,-7.548879859154301e-05
CRY,23,352,351,6,0.0016910039106368218,0.0002027801425615093
CRY,23,352,0,7,0.004438548381319778,-3.7559078445986846e-05
CRY,23,352,117,7,0.0013982211453898205,-7.4702616637586745e-06
CRY,23,352,234,7,0.0004728738579322806,1.594690159206747e-05
CRY,23,352,351,7,0.00093794091214884,4.3080320223426356e-05
CRY,23,352,0,8,0.008313345456197016,9.293863655014319e-05
CRY,23,352,117,8,0.00030893193901894325,2.775324445356431e-05
CRY,23,352,234,8,0.0013545877140837077,-8.902450835974324e-06
CRY,23,352,351,8,0.0006191379915492117,9.266986192356472e-06
CRY,23,352,0,9,0.0031272885018821376,3.0677383255178195e-05
CRY,23,352,117,9,0.0005368688123442769,4.317690972346932e-06
CRY,23,352,234,9,0.0022500673369748835,-2.284335893694715e-06
CRY,23,352,351,9,0.001906274358767961,-2.0858343029604077e-05
CRY,23,352,0,10,0.0020525495459002667,-1.7557938289451637e-05
CRY,23,352,117,10,0.001774149112601779,3.5596011103706644e-06
CRY,23,352,234,10,0.0006960078891992088,1.2719759788634363e-06
CRY,23,352,351,10,0.004668430807203152,-6.324462511924961e-05
CRY,23,352,0,11,0.0002510227448406413,3.0993402397490317e-06
CRY,23,352,117,11,0.002731467575130303,5.3049180570282136e-05
CRY,23,352,234,11,0.000318159233646147,-1.3584866106921936e-05
CRY,23,352,351,11,0.002073651928761715,-9.253468056093313e-05
CRY,23,352,0,12,0.0029787517097043074,0.00020241363206320755
CRY,23,352,117,12,0.0010250007322603494,-0.00010537220927081015
CRY,23,352,234,12,0.0014296530374338042,-0.0003197687612420917
CRY,23,352,351,12,0.0063552104003549385,0.0003922211387434853
CRY,23,352,0,13,0.0013394659101095812,-0.00013122181549370983
CRY,23,352,117,13,0.0006197693653073487,-1.4868729403087753e-05
CRY,23,352,234,13,0.0010328267800758992,0.00015273270351353826
CRY,23,352,351,13,0.0045971801860879204,0.00011996338158417294
CRY,23,352,0,14,0.0008382705076614968,-5.975047141901137e-05
CRY,23,352,117,14,0.0011468436269863834,-1.8250256923649057e-06
CRY,23,352,234,14,0.0009212467910438699,-9.675593925237772e-06
CRY,23,352,351,14,0.004432754332550935,-5.630227191584513e-05
CRY,23,352,0,15,0.006571668954271725,2.2669118775328012e-05
CRY,23,352,117,15,0.0025161399362501145,3.0605790193600608e-06
CRY,23,352,234,15,0.0006477044633702695,7.640642036167017e-06
CRY,23,352,351,15,0.0010912049622688724,-3.51339571009275e-05
CRY,23,352,0,16,0.009388166676287914,0.00012266788452792565
CRY,23,352,117,16,0.0005290364961563014,8.422860876106629e-06
CRY,23,352,234,16,0.0009445881317086225,1.68588746438038e-05
CRY,23,352,351,16,3.3387172842351865e-05,-0.0001537100866273527
CRY,23,352,0,17,0.00601931759928171,-0.00044858050286464274
CRY,23,352,117,17,0.0005379035970760136,-3.212026966018661e-05
CRY,23,352,234,17,0.00013401530662689135,9.770250502193731e-05
CRY,23,352,351,17,0.00022775361670776005,0.00021783148504927148
CRY,23,352,0,18,0.004748398334961756,-0.0008700197065710477
CRY,23,352,117,18,0.0015738740111291185,-4.391801450504342e-05
CRY,23,352,234,18,0.0008463850563683794,-0.00018794584056929482
CRY,23,352,351,18,0.0018372524569505513,0.0003297327776216521
CRY,23,352,0,19,0.0006714480400919298,-1.0294481326417193e-05
CRY,23,352,117,19,0.00023656624440490052,5.1906067613424185e-05
CRY,23,352,234,19,0.0013901823794712732,2.5594321089318205e-06
CRY,23,352,351,19,0.009136324209014739,1.0331955626610104e-05
CRY,23,352,0,20,0.005004320416278914,-6.469177690824994e-05
CRY,23,352,117,20,0.0015366217193096931,-2.113030488429257e-05
CRY,23,352,234,20,0.004679989562996436,8.898640067541741e-05
CRY,23,352,351,20,0.002970818102084873,0.0006983945082610054
CRY,23,352,0,21,0.008511038666010362,0.0001371228919988662
CRY,23,352,117,21,0.0011993773196462816,0.0002673783741180373
CRY,23,352,234,21,0.0003416050453349859,3.9464385210262465e-05
CRY,23,352,351,21,0.0008790908069113527,0.00017592207928037934
CRY,23,352,0,22,0.0023028852786451063,5.674098168992032e-05
CRY,23,352,117,22,0.0009284407749357032,-0.00018831880678341417
CRY,23,352,234,22,0.00048584847101436525,-1.9732193729990986e-05
CRY,23,352,351,22,0.003703881389402161,-0.0008233837134379245
CRY,23,352,0,23,0.002344667137247603,-3.727104380654619e-05
CRY,23,352,117,23,0.0012230224786399686,3.883714353616858e-05
CRY,23,352,234,23,0.000906655654668202,1.3624248138425553e-05
CRY,23,352,351,23,0.002329302821335713,4.949654792119447e-05
CRY,23,352,0,24,0.0014706442991579865,-3.2288183858899563e-06
CRY,23,352,117,24,0.0003749158432691367,1.1516946257620913e-05
CRY,23,352,234,24,0.0013861778357503092,1.8896981627603872e-05
CRY,23,352,351,24,0.0069993013070908765,8.558060997468668e-06
CRY,23,352,0,25,0.004275048967266993,-4.8528969326399895e-05
CRY,23,352,117,25,0.0008378799219024655,0.00011440658794878063
CRY,23,352,234,25,0.0013165400447649471,0.00014261083267259628
CRY,23,352,351,25,0.004523376903356665,-0.00012246000666017417
CRY,23,352,0,26,0.006136472166476086,-0.00016840087728556575
CRY,23,352,117,26,0.0012664200040314619,-4.456797796483294e-05
CRY,23,352,234,26,0.0006416465657876233,-3.5063751294833745e-05
CRY,23,352,351,26,0.0006218869780210292,0.00019075404874104634
CRY,23,352,0,27,0.0014512283687569626,-3.1635322848475294e-05
CRY,23,352,117,27,0.0022123230628083865,1.06733422257756e-05
CRY,23,352,234,27,0.0014439183430245332,2.7987626604296375e-05
CRY,23,352,351,27,0.0007738950226572624,0.000696479713537131
CRY,23,352,0,28,0.0014823931152086291,0.00018217090542088424
CRY,23,352,117,28,0.0007286869466335031,0.00012925730630687464
CRY,23,352,234,28,0.0013855668004621297,-2.408536012234348e-05
CRY,23,352,351,28,0.0038385206858048927,0.00010183903252484505
CRY,23,352,0,29,0.005425824994562346,-6.712123720194326e-05
CRY,23,352,117,29,0.00028326137190111037,-0.00011582382691290546
CRY,23,352,234,29,0.0005812645077626409,3.2312324417158554e-05
CRY,23,352,351,29,0.0012569534705138843,-0.0001258215150530496
CRY,23,352,0,30,0.001983082331031978,1.3960220360351853e-05
CRY,23,352,117,30,0.0003863507715358878,1.0393435697047917e-05
CRY,23,352,234,30,0.0016506844277301474,-4.193576557515697e-05
CRY,23,352,351,30,0.0011445279706427636,-4.336289492626669e-06
CRY,23,352,0,31,0.005630616872911582,6.847950714089604e-05
CRY,23,352,117,31,0.0022515214677888296,-2.0438906324218105e-05
CRY,23,352,234,31,0.000649197882561461,-2.233183406466911e-06
CRY,23,352,351,31,0.0041190808530453,2.132843437657023e-06
CRY,23,352,0,32,0.011630879470873077,1.7468211385295203e-05
CRY,23,352,117,32,0.0010922917236274017,-4.6578665203285054e-05
CRY,23,352,234,32,0.0010548652776232966,3.3128839946393145e-05
CRY,23,352,351,32,0.0009689604023781829,-6.551115420267133e-05
CRY,23,352,0,33,0.007352501713367363,-0.00015017274952677063
CRY,23,352,117,33,0.0014657975962385627,-8.369560786477192e-06
CRY,23,352,234,33,0.0005826287848984228,-3.596445904960658e-05
CRY,23,352,351,33,0.00040882670775509514,6.9839472060538904e-06
CRY,23,352,0,34,0.004192596290359528,-8.777593701251965e-05
CRY,23,352,117,34,0.0006505372263607075,0.0001429481196688889
CRY,23,352,234,34,0.00043648425938636813,8.52366806693497e-06
CRY,23,352,351,34,0.00045275980152833427,2.243880613001653e-06
CRY,23,352,0,35,0.003995337461833294,1.5049547606651047e-06
CRY,23,352,117,35,0.0008102650531536292,1.4994661554215215e-05
CRY,23,352,234,35,0.002187888181246812,-1.2140942085367291e-05
CRY,23,352,351,35,0.007364934600613503,-4.3958677314060166e-05
CRY,23,352,0,36,0.002513829368518466,-3.1433708804445945e-05
CRY,23,352,117,36,0.001152724307152487,-2.50976307260208e-05
CRY,23,352,234,36,0.0013682281770066858,-3.090982763610074e-05
CRY,23,352,351,36,0.011009909124453354,-0.0003757706908893846
CRY,23,352,0,37,0.002050013379107528,0.000676046595012589
CRY,23,352,117,37,0.00014400121402159457,0.00033634142338661086
CRY,23,352,234,37,0.0005251399747599062,7.523660792681588e-05
CRY,23,352,351,37,0.0005746754792217305,-0.0005033107300020639
CRY,23,352,0,38,0.001259426044666459,8.31280960205045e-06
CRY,23,352,117,38,0.0015729168242917925,6.928622216164238e-05
CRY,23,352,234,38,0.001070833243472368,6.800904423089971e-05
CRY,23,352,351,38,0.008266382856761068,-1.076914153894646e-05
CRY,23,352,0,39,0.006216822255677568,0.00010254085795546814
CRY,23,352,117,39,0.003001835510913428,-6.088164193196866e-05
CRY,23,352,234,39,0.00045740170058557303,-3.154604034930259e-05
CRY,23,352,351,39,0.0029284668642487383,-4.739455445228267e-06
CRY,23,352,0,40,0.0031938792182306616,3.3023658785845396e-06
CRY,23,352,117,40,0.0016412500769147677,5.9711761509167835e-05
CRY,23,352,234,40,0.0012078156500233486,1.4150247954706345e-05
CRY,23,352,351,40,0.004452411248425971,5.322878699224805e-06
CRY,23,352,0,41,0.0016052321350725502,-4.884978700166838e-06
CRY,23,352,117,41,0.001151818267862589,-3.217482055049435e-05
CRY,23,352,234,41,0.0008285436052727465,-1.2583057690831966e-05
CRY,23,352,351,41,0.00036409744042616404,2.4900761028725503e-05
CRY,23,352,0,42,0.0035258621377933707,-5.790759267836954e-05
CRY,23,352,117,42,0.0016133162589540388,-0.00012493268306476026
CRY,23,352,234,42,0.0004697298185200791,-7.361755374410156e-06
CRY,23,352,351,42,0.0038333240856306527,-0.00011470711188828175
CRY,23,352,0,43,0.005309705725474484,-6.319695740298562e-05
CRY,23,352,117,43,0.00047345454069384896,-7.833365897396641e-05
CRY,23,352,234,43,0.0031226019952764516,-9.10169202646919e-06
CRY,23,352,351,43,0.00176359994378307,9.309689133420347e-06
CRY,23,352,0,44,0.0026199553460231817,-1.872365602812549e-05
CRY,23,352,117,44,0.00039503482501517423,2.2736491864044046e-05
CRY,23,352,234,44,0.00024352102577864047,2.891549948021458e-05
CRY,23,352,351,44,0.00027092262772451976,0.0001856448593660323
CRY,23,352,0,45,0.003070764110110513,2.6008032321067584e-05
CRY,23,352,117,45,0.0009200646816799193,0.00030164953720304504
CRY,23,352,234,45,0.0006935925446570478,4.447987864261617e-05
CRY,23,352,351,45,0.0035574303215481907,-0.00021778505183473902
CRY,23,352,0,46,0.004942548380821472,0.0003846096705657428
CRY,23,352,117,46,0.001791775483333797,0.0006726591663124177
CRY,23,352,234,46,0.0002229900942871277,0.0005803709068235088
CRY,23,352,351,46,0.004629399928903757,-0.0029398119208087765
CRY,23,352,0,47,0.005822370243305034,-0.00016112316966167219
CRY,23,352,117,47,0.0002228313276267103,5.200725885779995e-06
CRY,23,352,234,47,0.0012141739411512275,8.158791049140931e-05
CRY,23,352,351,47,0.0027619149648363843,-2.8855712365041674e-06
CRY,23,352,0,48,0.005378767639483142,0.0006464142636040861
CRY,23,352,117,48,0.0012952274830448538,0.00024292724746946892
CRY,23,352,234,48,0.0006676700655409613,-5.81821395966367e-05
CRY,23,352,351,48,0.0005854652964487167,-4.988762734078195e-06
CRY,23,352,0,49,0.005253057464921666,2.0278423789974072e-05
CRY,23,352,117,49,0.002666240530484162,-4.997241130133485e-05
CRY,23,352,234,49,0.0005703785890418862,-1.9624225375173643e-05
CRY,23,352,351,49,0.0014367861405177706,4.910252883615529e-07
CRY,24,368,0,0,0.0038748648518614095,1.1611099372169069e-05
CRY,24,368,122,0,0.00038772242965668194,5.04717327409041e-06
CRY,24,368,245,0,0.0013121678531750514,2.687230701563128e-06
CRY,24,368,367,0,0.00047420087029787536,-1.1952323998221557e-05
CRY,24,368,0,1,0.009588272556259407,-9.1259677054568e-05
CRY,24,368,122,1,0.0018253082157635768,-3.1484956873920836e-05
CRY,24,368,245,1,3.727514478363821e-05,2.4962700469525163e-05
CRY,24,368,367,1,0.0004165208262246402,0.00014766291733873645
CRY,24,368,0,2,0.0015567048180839904,-2.643971738595929e-05
CRY,24,368,122,2,0.00042920022311394656,6.64551135068402e-05
CRY,24,368,245,2,9.081340176484905e-05,-0.00010479853204312625
CRY,24,368,367,2,0.0006823545476450749,0.00011904651042482808
CRY,24,368,0,3,0.004975741264615431,3.6967625643047515e-05
CRY,24,368,122,3,0.0014338397710534085,-1.847627663454439e-05
CRY,24,368,245,3,0.0031843272730258947,9.40094987858346e-05
CRY,24,368,367,3,0.0004530635824947034,3.7579433508972463e-06
CRY,24,368,0,4,0.00348662096391217,6.525084763958285e-06
CRY,24,368,122,4,0.0001427612394582428,-7.801846323627867e-06
CRY,24,368,245,4,0.0007597780267543945,-1.3551970133650162e-06
CRY,24,368,367,4,0.00018412745288107953,6.451338543951156e-05
CRY,24,368,0,5,0.002476663146188136,-0.00010430882590371737
CRY,24,368,122,5,0.0008793510369028386,1.708046236322284e-06
CRY,24,368,245,5,0.0003759901517211451,2.7510953726965575e-06
CRY,24,368,367,5,0.0004648308106222669,9.312794266283962e-05
CRY,24,368,0,6,0.001693682365745549,7.783168911885269e-08
CRY,24,368,122,6,0.0025127669316301984,-2.0142340581368566e-06
CRY,24,368,245,6,0.0032650622609364114,1.2773093374012293e-06
CRY,24,368,367,6,0.0022214309845781754,1.4778221330588417e-06
CRY,24,368,0,7,0.01298223624169597,1.9701363694472115e-05
CRY,24,368,122,7,0.0009449280769693737,1.2148045366004591e-05
CRY,24,368,245,7,0.0008896486715853209,-5.631014449484442e-06
CRY,24,368,367,7,0.0018145316109140833,7.65350656880767e-05
CRY,24,368,0,8,0.006052806175299259,5.933523354047882e-05
CRY,24,368,122,8,0.0007347465967715878,-3.260026056479395e-05
CRY,24,368,245,8,0.0005425495364264804,-4.682062239405896e-05
CRY,24,368,367,8,0.002382393081257648,-3.4814581190254104e-06
CRY,24,368,0,9,0.0005631961644521348,-3.1427523403777455e-05
CRY,24,368,122,9,0.0017644087114784318,0.00012228360475764885
CRY,24,368,245,9,0.0005363263498025893,3.264145316615296e-05
CRY,24,368,367,9,0.005253678101892153,0.00017151892451629493
CRY,24,368,0,10,8.750270868342113e-05,1.8061920855445487e-05
CRY,24,368,122,10,0.00202092515519559,2.4952961187119437e-05
CRY,24,368,245,10,0.0005103872734679798,-0.00014510457282620754
CRY,24,368,367,10,0.00028893007097158865,0.00041668222046050725
CRY,24,368,0,11,0.002931607267045913,0.00010966966116168242
CRY,24,368,122,11,0.0028150549136180753,8.282840512096636e-05
CRY,24,368,245,11,0.0002395098607428951,1.7356502704252846e-05
CRY,24,368,367,11,0.0009741672987674547,-0.00011132195754950078
CRY,24,368,0,12,0.003709807401613591,-2.0908127444950244e-05
CRY,24,368,122,12,0.0004695020200536819,1.0112718840359905e-05
CRY,24,368,245,12,0.0013346111537508422,4.066942665476763e-06
CRY,24,368,367,12,0.0017650633413045325,3.4201017163465724e-05
CRY,24,368,0,13,0.00675031864717521,1.9360671534251984e-05
CRY,24,368,122,13,0.002283033632048903,4.6841517849495965e-05
CRY,24,368,245,13,0.0020558120505423895,3.984930895698858e-05
CRY,24,368,367,13,0.004049917269467393,-4.252126398923174e-06
CRY,24,368,0,14,3.178581104265092e-05,-5.17245587723994e-06
CRY,24,368,122,14,0.0012130538806931466,-3.3020076241699076e-05
CRY,24,368,245,14,0.0006372452594015532,8.2704263592746e-05
CRY,24,368,367,14,0.003347817079576838,-5.0373915089674426e-05
CRY,24,368,0,15,0.012455715676284158,-1.7564970128619657e-06
CRY,24,368,122,15,0.00091585662701445,7.752638122857563e-06
CRY,24,368,245,15,0.0011009421249890184,-4.473166763025896e-05
CRY,24,368,367,15,0.00042124459673599274,1.1348176277465605e-05
CRY,24,368,0,16,0.004822684230060598,2.454113301464389e-09
CRY,24,368,122,16,0.0022197113877914323,-3.186452537511661e-05
CRY,24,368,245,16,0.0009050347298297421,-4.218539878314206e-07
CRY,24,368,367,16,0.0010887064783597813,-2.024897084859298e-05
CRY,24,368,0,17,0.0009591533731818096,-3.0454082720790355e-05
CRY,24,368,122,17,0.0010955223184927903,-2.8439940682957634e-06
CRY,24,368,245,17,0.00041255251406124984,-6.2593312640229345e-06
CRY,24,368,367,17,0.00011056224981082326,0.0002856954727995095
CRY,24,368,0,18,0.0031246680881540532,-6.024817897858471e-05
CRY,24,368,122,18,0.0031134213589494837,-6.25346283599209e-05
CRY,24,368,245,18,0.0008942839555911972,-6.81648563467677e-05
CRY,24,368,367,18,0.00013641777768171759,-8.071095970382802e-05
CRY,24,368,0,19,0.007457988130876929,3.904545286268282e-05
CRY,24,368,122,19,0.0010028245904621462,-1.517783334588742e-05
CRY,24,368,245,19,0.0008630122122399347,0.00012557344744655412
CRY,24,368,367,19,0.0024620878015200742,0.00017283785489651717
CRY,24,368,0,20,0.0029860341977657016,-0.0003965130049657112
CRY,24,368,122,20,0.0017490498554751435,-2.989419361739461e-05
CRY,24,368,245,20,0.0007819821966180856,-7.188578232431323e-05
CRY,24,368,367,20,0.006100883041292758,-4.473834083415246e-05
CRY,24,368,0,21,0.00034776266799447885,1.0546244570992299e-05
CRY,24,368,122,21,0.00042046588602821674,-3.340601663514615e-06
CRY,24,368,245,21,0.0015324266079512587,-1.4185850422157756e-05
CRY,24,368,367,21,0.0002786473869179658,-1.6508092542285628e-05
CRY,24,368,0,22,0.0020410346458916034,1.008785062794437e-05
CRY,24,368,122,22,0.0017759911088252127,6.804527304300495e-06
CRY,24,368,245,22,0.00020936020146188533,8.042677344287852e-06
CRY,24,368,367,22,0.0005697030249080541,-8.632337361336737e-06
CRY,24,368,0,23,0.0019454034388675994,-0.00015414461496314442
CRY,24,368,122,23,0.0007069002554427655,7.858649083382546e-07
CRY,24,368,245,23,0.0004564712980040217,-3.921543885214635e-05
CRY,24,368,367,23,0.0007770195925711845,6.903751150162467e-06
CRY,24,368,0,24,0.003347574919622546,1.0781861766107546e-05
CRY,24,368,122,24,0.0003799308503269596,-4.203339701313886e-06
CRY,24,368,245,24,0.0007394829384744738,5.758987317789395e-06
CRY,24,368,367,24,0.002624552011784909,1.9374279199864787e-05
CRY,24,368,0,25,0.0022770249583455504,9.085420129851519e-07
CRY,24,368,122,25,0.0010724624593106298,-3.0467506050688605e-05
CRY,24,368,245,25,0.0024843105736736286,3.220572926046624e-06
CRY,24,368,367,25,0.002978849122403421,-6.449466592497987e-06
CRY,24,368,0,26,0.0025190085557630433,-5.2298271869218096e-05
CRY,24,368,122,26,0.0035440734181889574,1.5977446445823154e-05
CRY,24,368,245,26,0.0007710799837828697,3.1465695788545534e-06
CRY,24,368,367,26,0.0012817101344504518,1.8754372401987235e-05
CRY,24,368,0,27,0.003862537687940938,-0.00012857242062260335
CRY,24,368,122,27,0.00034119063066462003,-1.3254402724704364e-05
CRY,24,368,245,27,0.00016032333600715426,-1.990212313053856e-05
CRY,24,368,367,27,0.0022536234856786446,-0.0002435023735442986
CRY,24,368,0,28,0.004414224010720424,0.00011612702489069772
CRY,24,368,122,28,0.0006896374909715052,-0.00027070839329402553
CRY,24,368,245,28,0.00013146924434673582,0.00016227433482780655
CRY,24,368,367,28,0.0036007668339857815,0.00026345022716102104
CRY,24,368,0,29,0.008309882066014471,1.609829203086407e-05
CRY,24,368,122,29,0.0006545822881265696,-6.638140663227579e-06
CRY,24,368,245,29,0.001850853883290526,9.417568658621963e-06
CRY,24,368,367,29,0.0007605352550917604,-0.00011508613254101862
CRY,24,368,0,30,0.006221885387791157,-1.2782061717522612e-05
CRY,24,368,122,30,0.0005467115677596275,3.1031020148472675e-05
CRY,24,368,245,30,0.0016404166317694675,-0.00010618728918694173
CRY,24,368,367,30,0.0007430785018896982,6.853038491501026e-05
CRY,24,368,0,31,0.004831315899081834,-3.1201807173267477e-07
CRY,24,368,122,31,0.0001293871223514622,-8.383676802301422e-06
CRY,24,368,245,31,0.0007517013333782875,4.947095864352228e-05
CRY,24,368,367,31,0.0027077446857121956,0.00011012338967575953
CRY,24,368,0,32,0.00159529722832863,-0.0001418290977879804
CRY,24,368,122,32,0.0005626116160487113,-3.585750041074781e-05
CRY,24,368,245,32,0.0022268763361373107,1.0055738991596348e-05
CRY,24,368,367,32,0.001219259881913292,2.263675626611693e-06
CRY,24,368,0,33,0.0011784123074522468,0.00016582499713104455
CRY,24,368,122,33,0.0020371316921382835,-4.266635300951117e-05
CRY,24,368,245,33,0.0004870630119878227,-3.602276620441949e-05
CRY,24,368,367,33,0.0034383849108477996,-0.0002486641221261638
CRY,24,368,0,34,0.0029764877356141754,-6.488070712059929e-05
CRY,24,368,122,34,0.0006787075620524669,8.20721116122445e-06
CRY,24,368,245,34,0.0008905748109365909,-2.0568717101722075e-05
CRY,24,368,367,34,0.0039215035256276055,-7.996791947297585e-05
CRY,24,368,0,35,0.004592594759048376,4.4066617253124415e-05
CRY,24,368,122,35,0.0006337498609521246,3.021243554610802e-05
CRY,24,368,245,35,0.00010617972184881132,-2.3650799770231e-05
CRY,24,368,367,35,7.243558230858188e-05,-3.834552165844654e-05
CRY,24,368,0,36,0.0029143844080222877,-0.0001045822961692473
CRY,24,368,122,36,0.0009129126702576117,3.444491692740359e-05
CRY,24,368,245,36,0.00026333365688315544,2.2354554603362834e-05
CRY,24,368,367,36,0.0009837075794243363,-2.762716575692783e-05
CRY,24,368,0,37,0.001433547351179996,-3.9856043170124165e-05
CRY,24,368,122,37,0.0017434857859935286,3.318875017204511e-05
CRY,24,368,245,37,0.0021702465750236405,-4.4437452465840865e-05
CRY,24,368,367,37,0.0046549223910624694,-4.991949605417933e-05
CRY,24,368,0,38,0.0034050275807847893,9.920317268966429e-06
CRY,24,368,122,38,0.0011943403905852494,-1.3111806004851568e-05
CRY,24,368,245,38,0.0011559310671823758,3.5371571799420387e-06
CRY,24,368,367,38,0.0007004987143432651,5.049023009139921e-06
CRY,24,368,0,39,0.0006231947284311603,5.204467096815625e-06
CRY,24,368,122,39,0.0019469184210079932,-1.5376114791132434e-05
CRY,24,368,245,39,0.0001706874571304821,8.971587227600074e-05
CRY,24,368,367,39,0.0015746230995502938,-0.00013700473118055103
CRY,24,368,0,40,0.008152663570916978,2.0221093685632936e-06
CRY,24,368,122,40,0.0025906346891885995,-6.405095045994746e-06
CRY,24,368,245,40,0.002620857604785667,1.6679253937135444e-06
CRY,24,368,367,40,0.00012191250550537928,4.810784981642245e-06
CRY,24,368,0,41,0.0011202805134313395,8.465039654751304e-05
CRY,24,368,122,41,0.0006736139908178392,-0.00036126466790542235
CRY,24,368,245,41,0.0002524479220815858,-4.479285165031503e-05
CRY,24,368,367,41,0.0016369368724492687,-2.947202588584902e-05
CRY,24,368,0,42,0.005205455796709839,1.2691545484030235e-05
CRY,24,368,122,42,0.001989206847674918,-1.6293604953430708e-05
CRY,24,368,245,42,0.00024147102669653725,-3.6778762323007595e-05
CRY,24,368,367,42,0.001599691785466189,4.746120665616006e-05
CRY,24,368,0,43,0.008821310975171944,-1.0208861030434934e-05
CRY,24,368,122,43,0.0003042463754371004,-2.191601537564463e-06
CRY,24,368,245,43,0.002578387743487544,4.055216618504154e-07
CRY,24,368,367,43,0.0003240692809042239,-0.00014891842759815984
CRY,24,368,0,44,0.0026871670425571556,-1.9408913335566304e-05
CRY,24,368,122,44,0.0014963308142477174,8.287512565856128e-05
CRY,24,368,245,44,0.00683708918002705,-2.1289591629598897e-05
CRY,24,368,367,44,0.0007602056187396252,-9.837270203410922e-05
CRY,24,368,0,45,0.000930482225639809,-2.499603900294291e-05
CRY,24,368,122,45,0.0007995797358878175,7.705208426324587e-07
CRY,24,368,245,45,0.0010565062756438053,4.70754935748464e-05
CRY,24,368,367,45,0.003959113473360462,1.5044422404765976e-05
CRY,24,368,0,46,0.004224555259068115,0.0001492954239559093
CRY,24,368,122,46,0.0016857873805232525,0.00010124581758962942
CRY,24,368,245,46,0.00037336040829677474,-1.3458969946224403e-05
CRY,24,368,367,46,0.007406463072629551,1.3828883970969574e-07
CRY,24,368,0,47,0.005576934291769347,1.5569836133370167e-06
CRY,24,368,122,47,0.0018189864540127858,7.4514481494915624e-06
CRY,24,368,245,47,0.0012894930555460418,-1.1803472833334234e-05
CRY,24,368,367,47,0.00163013158951878,-6.547218775314491e-05
CRY,24,368,0,48,0.003389115693602897,-1.5612314459422937e-05
CRY,24,368,122,48,0.001826885517616662,-1.0846052541198725e-06
CRY,24,368,245,48,0.0008344683828511953,4.482386203913835e-05
CRY,24,368,367,48,0.00088035387204878,-6.532727795233162e-05
CRY,24,368,0,49,0.0017012800081765865,1.5090909850074667e-05
CRY,24,368,122,49,0.0007957426604033779,-0.00011457497174527006
CRY,24,368,245,49,0.00032800296910651426,1.1849696481751151e-05
CRY,24,368,367,49,0.0015421461721969326,-1.105908318311296e-05
CRY,25,384,0,0,0.0012926777660184725,0.000133881380633171
CRY,25,384,128,0,0.0037937018253305253,-0.00011998549023371946
CRY,25,384,255,0,0.005362403625850159,-0.00011824887229469485
CRY,25,384,383,0,0.003151700380931494,-3.188774603526609e-05
CRY,25,384,0,1,0.0004496406062010597,1.2113308012223375e-05
CRY,25,384,128,1,0.00161086311858793,-1.466018185482514e-06
CRY,25,384,255,1,0.0010201689651521341,-3.5105737720563138e-06
CRY,25,384,383,1,4.6844766422655905e-05,2.288841412543619e-06
CRY,25,384,0,2,0.0019592151910569847,3.8569013416790265e-05
CRY,25,384,128,2,0.000641387771331107,4.186810206222144e-06
CRY,25,384,255,2,0.000317803703413529,-2.5404185474376606e-05
CRY,25,384,383,2,0.0048535792788132045,6.83887383945154e-06
CRY,25,384,0,3,0.0037630725928404635,3.104864404994282e-08
CRY,25,384,128,3,0.001227494955180911,-9.355024296452823e-07
CRY,25,384,255,3,0.0008059242476952991,5.734777056850366e-07
CRY,25,384,383,3,0.00043713343921427793,-1.5431925229427736e-05
CRY,25,384,0,4,0.004529524566543952,1.0826252517981723e-05
CRY,25,384,128,4,0.00456930875439487,-1.3067562795867705e-07
CRY,25,384,255,4,0.0008999593729475911,-2.0019792621971664e-06
CRY,25,384,383,4,0.007623002664256188,9.339842476858755e-07
CRY,25,384,0,5,0.00866241907896958,-3.2650230645018767e-06
CRY,25,384,128,5,0.0021992962836934,-2.8329732189422054e-07
CRY,25,384,255,5,0.0002608359951689656,1.6797215553630209e-06
CRY,25,384,383,5,0.0010073039275184394,-8.10100104690583e-06
CRY,25,384,0,6,0.0022686265786604604,-2.907044925521708e-05
CRY,25,384,128,6,0.0008310714639901018,-6.974699179887683e-06
CRY,25,384,255,6,0.0014005879986111569,2.1348627047754455e-05
CRY,25,384,383,6,0.010241065230912668,4.80513298049053e-06
CRY,25,384,0,7,0.006413365299473026,-6.8016716872176366e-06
CRY,25,384,128,7,0.0004344386936807094,-5.7786790756437095e-05
CRY,25,384,255,7,0.0029005508583100892,-4.145457450177396e-05
CRY,25,384,383,7,0.006027108140065389,3.080060904710072e-05
CRY,25,384,0,8,0.002177940416475683,-1.953563882147911e-06
CRY,25,384,128,8,0.0001629296132998125,1.4834399869751432e-05
CRY,25,384,255,8,0.000516698678209474,4.059132855752383e-05
CRY,25,384,383,8,0.0029786659108176645,-3.877024477878793e-06
CRY,25,384,0,9,0.004029442614040896,-3.2488072312670396e-05
CRY,25,384,128,9,0.002373939947895566,-1.3838283753760896e-05
CRY,25,384,255,9,0.0008451610479360225,-0.0001757721922501017
CRY,25,384,383,9,0.006730694629405035,-5.150266579314818e-05
CRY,25,384,0,10,0.009157874992451832,4.533865855245824e-05
CRY,25,384,128,10,0.00038065147441367243,-1.5460101890363027e-05
CRY,25,384,255,10,0.00038935213952228265,2.769621172893843e-05
CRY,25,384,383,10,0.007184270642120561,-0.00015462283470610424
CRY,25,384,0,11,0.0025366908662329325,-1.3708777604710735e-05
CRY,25,384,128,11,0.005756894447549179,4.432077072019516e-05
CRY,25,384,255,11,0.0013769439049014273,7.180953690089976e-05
CRY,25,384,383,11,0.0030181024825338934,0.00010098492545047224
CRY,25,384,0,12,0.0016732819707170887,5.411436562524282e-05
CRY,25,384,128,12,0.0005829418798001076,-0.00016107681687766145
CRY,25,384,255,12,0.0001304698302476261,-0.0002531440698337259
CRY,25,384,383,12,0.0004018809985054489,-4.8735239555433047e-05
CRY,25,384,0,13,0.0028317128693545186,4.8867610807657455e-06
CRY,25,384,128,13,0.003039780466806258,9.831716678580706e-06
CRY,25,384,255,13,0.000319945098275555,1.7951287900147507e-05
CRY,25,384,383,13,0.00013227630434862277,-2.121591640331943e-05
CRY,25,384,0,14,0.00135781654157654,-1.3243360326832627e-06
CRY,25,384,128,14,0.0036436196384845966,-1.0929960075744669e-05
CRY,25,384,255,14,0.0021206808240463184,2.2336252898843815e-05
CRY,25,384,383,14,0.0016217439955320697,-1.2977727870615947e-07
CRY,25,384,0,15,0.002507319219655157,-2.0607141056630746e-05
CRY,25,384,128,15,0.0005183066627960487,7.388133772844897e-05
CRY,25,384,255,15,0.0023226001815711906,-5.71586775449022e-05
CRY,25,384,383,15,0.004329879423692068,1.2825041466581957e-05
CRY,25,384,0,16,0.0024566588305420314,-5.263863371335504e-06
CRY,25,384,128,16,0.005863736172397442,-7.560434574807551e-07
CRY,25,384,255,16,0.0005546856683985799,-2.70094877314334e-05
CRY,25,384,383,16,0.002071436408845133,7.964659971011875e-05
CRY,25,384,0,17,0.007352460470718696,-2.752540118915376e-05
CRY,25,384,128,17,0.0014434438010396972,-9.103402447146893e-05
CRY,25,384,255,17,0.0011853405600245382,9.187159836259914e-05
CRY,25,384,383,17,0.008404017561473036,-0.0006238289202774945
CRY,25,384,0,18,0.004603979063463339,6.007295304781426e-06
CRY,25,384,128,18,0.0005407932721974213,-6.148079430844426e-05
CRY,25,384,255,18,0.0019233764688562198,-0.00013679656436207856
CRY,25,384,383,18,0.005654787438030886,-4.5472192640650564e-05
CRY,25,384,0,19,0.00991786419626204,4.320192946872386e-05
CRY,25,384,128,19,0.003269230356803497,-1.1803731792990253e-05
CRY,25,384,255,19,0.001243147116920709,-0.0004401256610764769
CRY,25,384,383,19,0.006322756367472834,0.00023184007493740746
CRY,25,384,0,20,0.001615354501173022,9.068210714467347e-06
CRY,25,384,128,20,0.003166096325095981,-6.00348590445952e-06
CRY,25,384,255,20,0.0014019608965172247,2.6160230413614448e-05
CRY,25,384,383,20,0.0011363582640536005,2.6144566901545166e-05
CRY,25,384,0,21,0.005746844538449988,0.0001341170251001637
CRY,25,384,128,21,0.002770734806846807,-2.7812087837831078e-05
CRY,25,384,255,21,0.0001908967385588752,0.00011555032409691581
CRY,25,384,383,21,0.0009035127521725679,-3.8348778316830805e-05
CRY,25,384,0,22,0.007390277716421158,3.1789361652756736e-05
CRY,25,384,128,22,0.0023619140787339466,6.544770092900293e-06
CRY,25,384,255,22,0.0006971228945227972,-1.8680874650455444e-07
CRY,25,384,383,22,0.0006168487089551292,-1.6306567783618085e-05
CRY,25,384,0,23,0.0041862711725555975,6.295311663997473e-05
CRY,25,384,128,23,0.0018997618456965666,-5.0582647726833295e-06
CRY,25,384,255,23,0.0009238410849259464,-1.2326176009242774e-06
CRY,25,384,383,23,0.0006222346638882278,1.235534657626668e-05
CRY,25,384,0,24,0.004524827373682813,-1.1808405817016145e-05
CRY,25,384,128,24,0.0009872484996595655,-1.0238526055482899e-05
CRY,25,384,255,24,0.001090330883651715,-1.752873326631328e-06
CRY,25,384,383,24,0.0011116555628617937,-5.7036240053170586e-05
CRY,25,384,0,25,0.0025315497397316125,-1.2198396460961438e-05
CRY,25,384,128,25,0.00021651682893772552,-7.753918637536366e-05
CRY,25,384,255,25,0.0007866201604678661,-0.00017935239661292067
CRY,25,384,383,25,0.0004402443088960446,8.452440533786037e-05
CRY,25,384,0,26,0.004011024667006257,0.0002342089874634006
CRY,25,384,128,26,0.0020872523298655333,0.00013422221824114546
CRY,25,384,255,26,0.0004265761422369916,0.000363989290078537
CRY,25,384,383,26,0.0015633966720927472,-0.0003273901993987782
CRY,25,384,0,27,0.011144640025498385,-6.098652094129516e-07
CRY,25,384,128,27,0.0008244102025743555,-2.1928603755690026e-06
CRY,25,384,255,27,0.00035857476825867083,1.8932712954897524e-06
CRY,25,384,383,27,0.003189328129861686,1.4624040146167179e-05
CRY,25,384,0,28,0.002409344392899926,4.3618013226544786e-05
CRY,25,384,128,28,0.0010242753081044853,2.783169436594275e-05
CRY,25,384,255,28,0.0017145162087712905,-9.977967700365086e-05
CRY,25,384,383,28,0.00373176484290791,5.7578419592960166e-05
CRY,25,384,0,29,0.007126114590860058,-4.567016934376995e-06
CRY,25,384,128,29,0.001872557486026158,6.776655995523964e-06
CRY,25,384,255,29,0.0016610187076706805,-3.3017690405351794e-06
CRY,25,384,383,29,0.0015018062648875098,-6.248296485517491e-05
CRY,25,384,0,30,0.00019902681440976452,3.841601734259296e-06
CRY,25,384,128,30,0.0007748400874504807,1.8541069091019319e-06
CRY,25,384,255,30,0.001040047690720003,-1.3003809555984243e-05
CRY,25,384,383,30,0.006773314926579568,-3.4705315031714366e-05
CRY,25,384,0,31,0.001450278815710622,-8.880069252083407e-06
CRY,25,384,128,31,0.0019681512370961153,-8.530303174844035e-05
CRY,25,384,255,31,0.00044506511169325005,-4.410687397591152e-05
CRY,25,384,383,31,0.0007463046917854109,6.342384931861452e-05
CRY,25,384,0,32,0.0037207763648557115,-0.000131834700634433
CRY,25,384,128,32,0.0012259589927641793,7.243776313237962e-05
CRY,25,384,255,32,0.0024474842097665954,-5.7060209362374055e-05
CRY,25,384,383,32,0.0015788113008523305,1.5046300404203794e-05
CRY,25,384,0,33,0.007391334438785265,1.0151202455356589e-05
CRY,25,384,128,33,0.002491024261887489,1.564670348106899e-05
CRY,25,384,255,33,0.0007720284386429786,1.7142068099468708e-07
CRY,25,384,383,33,0.006239865922307608,-1.3690127065427201e-06
CRY,25,384,0,34,0.0019407472116659012,-4.170858981675457e-05
CRY,25,384,128,34,0.0006528630139202999,-2.290763000974529e-06
CRY,25,384,255,34,0.0015225255448039817,2.6916554439281685e-05
CRY,25,384,383,34,0.005680264358922015,3.8811955774644465e-05
CRY,25,384,0,35,0.0012772209811198582,1.405040450305761e-05
CRY,25,384,128,35,0.002138082236583777,3.2172392196481254e-05
CRY,25,384,255,35,0.00031846475687910834,1.5980308538303487e-05
CRY,25,384,383,35,0.0014348618381059886,-8.813918377022526e-06
CRY,25,384,0,36,0.004191191575159752,5.0081059498009374e-08
CRY,25,384,128,36,0.0023805257385150587,-0.0001025077696970776
CRY,25,384,255,36,0.002802204370387813,-3.599557694063284e-05
CRY,25,384,383,36,0.00871507500667103,9.570417947515225e-06
CRY,25,384,0,37,0.001846298909300916,-4.68993587557007e-06
CRY,25,384,128,37,0.0020527093574100683,2.118896937452325e-05
CRY,25,384,255,37,0.0003916622469941702,1.8287677140449475e-05
CRY,25,384,383,37,0.0025047344533126693,5.870269067765026e-05
CRY,25,384,0,38,0.0010025797019741548,-3.272160040279225e-05
CRY,25,384,128,38,0.0010930759661172409,1.747832662700151e-06
CRY,25,384,255,38,0.0002787843860212875,6.115584555828551e-06
CRY,25,384,383,38,0.005769944675450135,-0.00019660795298525937
CRY,25,384,0,39,0.00974671138296284,-0.00013667598434854815
CRY,25,384,128,39,0.0020048198850831354,-0.0006657859574581408
CRY,25,384,255,39,0.001427816591167007,-0.000434623897760172
CRY,25,384,383,39,0.00033071140981548745,4.1918826493726046e-05
CRY,25,384,0,40,0.004874151916061044,-1.580212081046567e-05
CRY,25,384,128,40,0.003712974575271521,-4.03217599300533e-06
CRY,25,384,255,40,0.00039327279351335074,9.991835429792179e-06
CRY,25,384,383,40,3.335523391291348e-05,1.9805725795335688e-05
CRY,25,384,0,41,0.0029338415025805748,1.9355414193533075e-05
CRY,25,384,128,41,0.0006286312947231413,1.638161259322478e-05
CRY,25,384,255,41,0.0011051526751400921,-4.174145364241549e-05
CRY,25,384,383,41,0.006898365040007209,3.1951215436441804e-05
CRY,25,384,0,42,0.0030915110573591373,-3.60717146954861e-05
CRY,25,384,128,42,0.0013147158535426217,8.138073601912958e-06
CRY,25,384,255,42,0.0016505994422172652,-4.318762379375241e-05
CRY,25,384,383,42,0.00248762500614294,-5.291396188805653e-05
CRY,25,384,0,43,0.0015109442192318492,9.48124144570673e-06
CRY,25,384,128,43,0.0016006605259150705,-6.900027562121644e-05
CRY,25,384,255,43,0.0006654666128643354,-0.0002806171835591058
CRY,25,384,383,43,0.0026776323145463227,-2.5363178728478663e-05
CRY,25,384,0,44,0.0036400617586972773,1.8987984029886478e-05
CRY,25,384,128,44,0.001427584298590285,0.00014730976991139265
CRY,25,384,255,44,0.002416356609980661,3.7105852665106874e-05
CRY,25,384,383,44,0.0032188424117789733,-3.0898878928035073e-06
CRY,25,384,0,45,0.00040984975919747664,-8.165727646230298e-06
CRY,25,384,128,45,0.0025988616047239155,-2.924862026448799e-05
CRY,25,384,255,45,0.0009660874728476521,4.939865238460768e-06
CRY,25,384,383,45,0.0004743510173600431,8.820464027918561e-06
CRY,25,384,0,46,0.000421249949114842,-3.395688114374295e-06
CRY,25,384,128,46,0.0023022722691856275,1.5980182860975784e-05
CRY,25,384,255,46,0.0013216251855552982,7.086037672973145e-06
CRY,25,384,383,46,0.00048671562767213186,6.9973919291244765e-06
CRY,25,384,0,47,0.008625072816824916,3.6769659772463085e-06
CRY,25,384,128,47,0.0013798769691046968,6.644569163410723e-06
CRY,25,384,255,47,0.00011034048529592995,-1.562396590379931e-05
CRY,25,384,383,47,0.0005013532435343633,1.1498430913266091e-05
CRY,25,384,0,48,0.0036898554584402256,2.3780524941503124e-05
CRY,25,384,128,48,0.0009060417711975684,-9.425391382363122e-06
CRY,25,384,255,48,0.0009984444139565902,-4.557125294122168e-06
CRY,25,384,383,48,0.004306277074129488,3.8040524330258496e-06
CRY,25,384,0,49,0.0013411102675485076,0.00013276226911991366
CRY,25,384,128,49,0.0006664772624466036,-0.00027844795165345854
CRY,25,384,255,49,0.0007502650696682058,0.0001578618025213055
CRY,25,384,383,49,0.00186734918084943,3.1085683346540084e-05
CRY,26,400,0,0,0.0029911368348537167,-2.4858760460086986e-05
CRY,26,400,133,0,0.0007726977005166276,5.729697819716397e-06
CRY,26,400,266,0,0.0003628726738628591,-1.464821241937259e-05
CRY,26,400,399,0,0.00020036696971238125,5.043679427880071e-05
CRY,26,400,0,1,0.012018412873595109,3.939540657262779e-05
CRY,26,400,133,1,0.00213930487774063,0.00019790637923215116
CRY,26,400,266,1,0.00011440435413886533,-9.835067847207158e-06
CRY,26,400,399,1,0.00040785023211276544,-3.99495952621955e-05
CRY,26,400,0,2,0.0027186513703079704,5.163705938803376e-05
CRY,26,400,133,2,0.0006776500636609361,1.3522040363372335e-05
CRY,26,400,266,2,0.00011460542019892251,4.692549173840071e-05
CRY,26,400,399,2,0.0007568504263304492,-6.17779450154659e-05
CRY,26,400,0,3,0.0007186214775515855,-1.0718449276059118e-05
CRY,26,400,133,3,0.0013897191484575535,4.408881046637463e-05
CRY,26,400,266,3,0.0001600979814892863,-3.170961831463039e-05
CRY,26,400,399,3,0.00214299088904746,-5.536077059286898e-05
CRY,26,400,0,4,0.005430681545269471,9.44761067311504e-05
CRY,26,400,133,4,0.000613491574453978,-8.111491910420916e-05
CRY,26,400,266,4,0.0017093115946263933,7.41433980725771e-06
CRY,26,400,399,4,0.0007263821856437983,0.0002956265189054232
CRY,26,400,0,5,0.0014612215257055973,9.269763613390518e-07
CRY,26,400,133,5,0.0006879703989674383,-4.674001769254315e-06
CRY,26,400,266,5,0.0003132122757263248,-3.922283546690014e-05
CRY,26,400,399,5,0.0011724714412721209,2.2250568980692228e-05
CRY,26,400,0,6,0.0039857044718926374,-3.731096524845119e-05
CRY,26,400,133,6,0.0014551462438268763,-7.497217841865937e-06
CRY,26,400,266,6,0.0005981115681325945,-6.066451163093855e-05
CRY,26,400,399,6,0.0031734821616643495,-1.0607092335273691e-05
CRY,26,400,0,7,0.0010324979636493704,5.594508890878317e-06
CRY,26,400,133,7,0.0027764636249610476,-1.222820215446502e-05
CRY,26,400,266,7,0.0005306285749770758,-7.584215775950533e-06
CRY,26,400,399,7,0.0007147679736836279,2.0037143807801318e-05
CRY,26,400,0,8,0.00825429768719497,-1.7003524847484077e-05
CRY,26,400,133,8,0.001579185921585291,-2.0967556042586203e-05
CRY,26,400,266,8,0.0012412912395717767,6.476584764301159e-06
CRY,26,400,399,8,8.782217976398662e-05,1.309796538078372e-05
CRY,26,400,0,9,0.0038583713037942478,-2.0457164626768907e-06
CRY,26,400,133,9,0.00080117773888958,3.4462239843169812e-06
CRY,26,400,266,9,0.0007133280287891337,7.165777530014308e-05
CRY,26,400,399,9,0.0031920379838431445,8.474132329205047e-05
CRY,26,400,0,10,0.0019770749434382252,1.3234681551360908e-05
CRY,26,400,133,10,0.0002538466117762498,-8.39659384908745e-06
CRY,26,400,266,10,0.0014827920674085763,5.2262402497576896e-05
CRY,26,400,399,10,4.027963979539599e-05,0.0001031915493701109
CRY,26,400,0,11,0.005842284007596915,-2.9300022376729922e-05
CRY,26,400,133,11,0.002695386306342902,-8.929202619271588e-07
CRY,26,400,266,11,0.0003158786346517968,1.6202573902376243e-05
CRY,26,400,399,11,3.483190222172239e-05,4.8062541668319974e-05
CRY,26,400,0,12,0.0017905446307036976,-2.33841737626631e-05
CRY,26,400,133,12,0.000968620578330965,-1.901677555661216e-05
CRY,26,400,266,12,0.0005468877594635884,1.928975673549276e-05
CRY,26,400,399,12,0.004365428214603544,-2.3025848529300074e-05
CRY,26,400,0,13,0.001405111594112161,1.0389138971820512e-05
CRY,26,400,133,13,0.0005263088662282516,1.4884466214931895e-05
CRY,26,400,266,13,0.0012562963712752792,-3.596553295050317e-06
CRY,26,400,399,13,0.0018987327503713937,-1.915893114052018e-05
CRY,26,400,0,14,0.0034235065641579766,2.976836024860471e-06
CRY,26,400,133,14,0.001884132908148175,3.330111994332926e-05
CRY,26,400,266,14,0.00013692691841047175,-1.4017582335493476e-05
CRY,26,400,399,14,0.000621931574405977,4.352731318961337e-06
CRY,26,400,0,15,0.002295257102459891,-1.5572454567167047e-06
CRY,26,400,133,15,0.0009289410586452344,-4.353831384028045e-06
CRY,26,400,266,15,0.0003052785117932722,-3.991439514145032e-06
CRY,26,400,399,15,0.0019054160263491176,-9.424859624904418e-06
CRY,26,400,0,16,0.006267524078517435,-2.244716542566696e-05
CRY,26,400,133,16,0.002706597039869006,1.7449584993226928e-06
CRY,26,400,266,16,0.0009713377779384794,-2.3556130991257215e-05
CRY,26,400,399,16,0.0016025285386223336,-0.0001858197769446227
CRY,26,400,0,17,0.010402381153668606,0.00040248377134919315
CRY,26,400,133,17,0.0063622406975705065,1.841524365181306e-05
CRY,26,400,266,17,0.0012609621470739414,0.0004931099260798051
CRY,26,400,399,17,0.0006001603518750386,0.000365939693472558
CRY,26,400,0,18,0.009703398896084608,-5.03951647800498e-06
CRY,26,400,133,18,0.0010604831140106476,3.759735921980136e-06
CRY,26,400,266,18,0.0026862813034567736,-1.4908770093848606e-06
CRY,26,400,399,18,0.006754579450925955,8.636753890734795e-06
CRY,26,400,0,19,0.005883502281135007,8.813734471939524e-06
CRY,26,400,133,19,0.0018276099016605902,-7.161388367352919e-06
CRY,26,400,266,19,0.0001743884744536087,-1.414661569006483e-05
CRY,26,400,399,19,2.072155495519155e-05,2.7459567137618842e-05
CRY,26,400,0,20,0.0029273262256246393,2.6854470470266674e-06
CRY,26,400,133,20,0.0005301369179872686,1.778397722054098e-05
CRY,26,400,266,20,0.0005034799764591873,3.074889526349543e-05
CRY,26,400,399,20,0.0003509821577955201,1.1061606776494209e-05
CRY,26,400,0,21,0.004920327394248556,1.8491608064890304e-06
CRY,26,400,133,21,0.0008127068767021143,3.910141281533762e-06
CRY,26,400,266,21,0.00046764665738175195,-1.2372752618829911e-06
CRY,26,400,399,21,0.0008229462721992108,8.819713782122761e-06
CRY,26,400,0,22,0.004189511157128743,-5.475160920142781e-06
CRY,26,400,133,22,0.0009082451281312421,-4.668933605890286e-06
CRY,26,400,266,22,0.0022350386909878862,1.6448370589145593e-06
CRY,26,400,399,22,0.0001993018899494937,-4.340430780701396e-06
CRY,26,400,0,23,0.0005335808001994269,5.142587905469505e-07
CRY,26,400,133,23,0.0005427232584688645,-5.594474100101151e-06
CRY,26,400,266,23,0.0030003330322283736,-8.824840720645601e-05
CRY,26,400,399,23,0.0030600219910941993,-3.0756658542887866e-05
CRY,26,400,0,24,0.004630623744095209,-3.4145162252721965e-05
CRY,26,400,133,24,0.003345349053380484,1.154544538213575e-05
CRY,26,400,266,24,0.0006048731617305065,2.8748078103905057e-05
CRY,26,400,399,24,0.0034407916662535045,-6.48423301816096e-05
CRY,26,400,0,25,0.002625752107036502,-1.04280887175184e-06
CRY,26,400,133,25,0.0010036325092421274,6.705546850476004e-07
CRY,26,400,266,25,0.0006708537404397136,4.249328477455636e-05
CRY,26,400,399,25,0.0021829516979204383,-1.133037152023107e-05
CRY,26,400,0,26,0.005325176932946192,6.133239231742085e-06
CRY,26,400,133,26,0.0005171269907538054,-2.1715822260301e-05
CRY,26,400,266,26,0.000193856682905628,7.377967638637789e-06
CRY,26,400,399,26,0.00017294437972874605,2.539104360471759e-06
CRY,26,400,0,27,0.0023963538122534897,-0.00028880142518376557
CRY,26,400,133,27,0.0011858960588972715,-1.2319084570803702e-05
CRY,26,400,266,27,0.0004003192545408241,-7.2949674235079755e-06
CRY,26,400,399,27,0.0009646470746246221,-5.490148985524143e-06
CRY,26,400,0,28,0.006081843658995453,8.530135759629044e-06
CRY,26,400,133,28,0.0008005258230975292,-7.396410046933698e-06
CRY,26,400,266,28,0.0009455956317258793,-1.4055039204595366e-05
CRY,26,400,399,28,0.0024650691938658017,1.0085837835579678e-05
CRY,26,400,0,29,0.004789817394301363,-3.348112267032716e-05
CRY,26,400,133,29,0.0013839080768384359,8.379113925532291e-05
CRY,26,400,266,29,0.0005187193346084262,-9.819383823980949e-06
CRY,26,400,399,29,0.0016089927294878365,-1.7784957411810928e-05
CRY,26,400,0,30,0.0015307521077427444,-6.929387379379144e-06
CRY,26,400,133,30,0.0007610118001185563,-1.8124367644840113e-05
CRY,26,400,266,30,0.00020172168174946306,3.971837901704366e-06
CRY,26,400,399,30,0.0003651380535667657,8.639427318653996e-06
CRY,26,400,0,31,0.0033484946462300448,-4.550512453896132e-05
CRY,26,400,133,31,0.0009118016153109445,3.454778935260867e-06
CRY,26,400,266,31,0.0006461118900053799,-3.096735601781052e-05
CRY,26,400,399,31,0.002476368659147716,-6.362145513988762e-05
CRY,26,400,0,32,0.002102850784370044,-5.115069050151644e-05
CRY,26,400,133,32,0.00031160022137506144,2.6909273894977315e-06
CRY,26,400,266,32,0.0012423447210196115,6.0583240327876365e-06
CRY,26,400,399,32,0.0016561344201873106,1.9228210675513235e-05
CRY,26,400,0,33,0.0011600235016242398,-1.6275620784961768e-05
CRY,26,400,133,33,0.0010307435997964293,-1.5978986862143314e-06
CRY,26,400,266,33,0.0017671010534425313,2.095018600502187e-08
CRY,26,400,399,33,0.0002899599110381598,2.4756686319050167e-07
CRY,26,400,0,34,0.0034876988832821146,7.936754701940102e-06
CRY,26,400,133,34,0.0018094468743809285,-1.5756869009705358e-05
CRY,26,400,266,34,0.000546295698828324,-9.029346040523517e-06
CRY,26,400,399,34,0.0009061656708085705,-1.3831362081053245e-06
CRY,26,400,0,35,0.0013495551814374513,-1.0257317474641472e-05
CRY,26,400,133,35,0.0005324984661706594,4.728737703396158e-06
CRY,26,400,266,35,0.00012498407890057633,6.637162430475684e-05
CRY,26,400,399,35,0.0005791732550465584,9.952687594292621e-05
CRY,26,400,0,36,0.0019152181501922306,-6.984748372844677e-06
CRY,26,400,133,36,0.0010344066626884647,-4.31454985145896e-06
CRY,26,400,266,36,0.0022056796373377307,1.6807004862140614e-05
CRY,26,400,399,36,0.0071293069879085616,-2.9835074844590186e-05
CRY,26,400,0,37,0.0031616132266326954,5.288691242350028e-05
CRY,26,400,133,37,0.0010507998305689038,0.00012935641517224919
CRY,26,400,266,37,0.0024095404847567473,-4.715566518062358e-05
CRY,26,400,399,37,0.002047599136334472,-6.48312787785918e-05
CRY,26,400,0,38,0.0063604475540639145,-3.7346282360709413e-06
CRY,26,400,133,38,0.0006036614265791501,2.3485076174902496e-06
CRY,26,400,266,38,0.001269966440827729,2.2662506027055875e-07
CRY,26,400,399,38,0.006711765972646198,3.870256452627907e-06
CRY,26,400,0,39,0.008423755519256443,-7.747315432615038e-06
CRY,26,400,133,39,0.00048499027973006775,-9.28382875573831e-06
CRY,26,400,266,39,0.0001535997312786861,-3.5873214094357324e-06
CRY,26,400,399,39,0.005952408286146513,1.8736358588974505e-05
CRY,26,400,0,40,0.0035251892297187824,0.0002450233294498715
CRY,26,400,133,40,0.0006189052103349312,-3.692015489175932e-05
CRY,26,400,266,40,0.0007239464224998723,-0.0001351192328096179
CRY,26,400,399,40,0.00034598058523770006,7.042558859893982e-05
CRY,26,400,0,41,0.012991599903360473,5.158598469722463e-07
CRY,26,400,133,41,0.00014235578038262667,4.58058944100741e-07
CRY,26,400,266,41,0.001336214580847239,-3.341084647037447e-06
CRY,26,400,399,41,0.00036638628961452367,-1.2957349235042215e-05
CRY,26,400,0,42,0.0014825373039615408,1.0216264519538718e-05
CRY,26,400,133,42,0.0016581079065556702,-2.955611712879692e-05
CRY,26,400,266,42,0.001076288889112331,-1.985277361883815e-05
CRY,26,400,399,42,0.001578046192035115,-0.00018193345249314818
CRY,26,400,0,43,0.001622236986550789,-1.4093025738645766e-05
CRY,26,400,133,43,0.001646885235828039,-3.3878555867858135e-05
CRY,26,400,266,43,0.0009293969886453345,-7.489395314043498e-07
CRY,26,400,399,43,0.003478879177744255,4.7963028998622556e-06
CRY,26,400,0,44,0.0030144814790969794,8.945023875980704e-06
CRY,26,400,133,44,0.0004431034237466859,-3.1848854696386263e-06
CRY,26,400,266,44,0.0013118549197110834,4.2263892538623474e-07
CRY,26,400,399,44,0.0009775150857335609,3.0355755895694425e-06
CRY,26,400,0,45,0.002962248879139563,1.8270543288281604e-05
CRY,26,400,133,45,0.0004365909394906693,5.0801728696375346e-05
CRY,26,400,266,45,0.0005291856039465314,-0.00014399212961641928
CRY,26,400,399,45,0.0004631484188185841,-1.1024520191063937e-07
CRY,26,400,0,46,0.004422469835782292,3.3118209207889026e-05
CRY,26,400,133,46,0.0020668827631999385,1.2059213935593225e-05
CRY,26,400,266,46,0.0005549958563767987,3.148209711450805e-06
CRY,26,400,399,46,0.0006359239079931677,-1.6839798038138657e-05
CRY,26,400,0,47,0.009500544160350628,-3.7191231978733328e-06
CRY,26,400,133,47,0.002026119112127023,-1.8758991905953972e-05
CRY,26,400,266,47,0.0005484016786407903,-1.440504609791797e-06
CRY,26,400,399,47,0.0008562919654898924,6.882439769848154e-06
CRY,26,400,0,48,0.0033469004367600785,-6.61577671934836e-06
CRY,26,400,133,48,0.0017997709740885787,-3.193606644191554e-07
CRY,26,400,266,48,0.0010076631547822697,-5.743453503320294e-07
CRY,26,400,399,48,0.0008548394961170483,-5.367087771256236e-06
CRY,26,400,0,49,0.0009469754678722275,-6.150474061799269e-06
CRY,26,400,133,49,0.0023398845004617428,-3.099238239363897e-06
CRY,26,400,266,49,0.0010306297369993673,8.910690473109887e-05
CRY,26,400,399,49,0.0033066794348606023,1.3679027475890867e-05
CRY,27,416,0,0,0.0019922039575871082,-3.7120157606547786e-07
CRY,27,416,138,0,0.001314590881540814,3.6900859085825886e-06
CRY,27,416,277,0,0.0017537174368014547,-5.5568749608043415e-06
CRY,27,416,415,0,0.0032462404511130047,-4.486448441825609e-06
CRY,27,416,0,1,0.001177645936673485,7.620609058476027e-06
CRY,27,416,138,1,0.0010592252330925067,3.914395740579429e-07
CRY,27,416,277,1,0.00010412290538566575,2.1587312939772533e-06
CRY,27,416,415,1,0.0022035285099973267,9.89078011480739e-06
CRY,27,416,0,2,0.0012942894762350003,-3.854847024269484e-05
CRY,27,416,138,2,0.0014985614706543185,8.703917394226218e-05
CRY,27,416,277,2,0.0005756781521782115,-3.0128076552657365e-05
CRY,27,416,415,2,0.0028337163236377043,7.518638232216187e-05
CRY,27,416,0,3,0.007313424347553198,3.562189213340719e-05
CRY,27,416,138,3,0.0005701227260760946,6.80646862046756e-06
CRY,27,416,277,3,0.00022909801953456047,-1.838313093651447e-05
CRY,27,416,415,3,0.0006304333721826774,-8.304061372587561e-06
CRY,27,416,0,4,0.01063228755416515,-4.482479148796256e-07
CRY,27,416,138,4,0.001985987089317487,1.8914072933878547e-07
CRY,27,416,277,4,0.001376996765917317,-2.536339784898821e-08
CRY,27,416,415,4,0.002804506414085591,-1.3752830132525366e-06
CRY,27,416,0,5,0.004155872459936142,-1.805968999563437e-05
CRY,27,416,138,5,0.0007572252251869671,2.9755088898440054e-05
CRY,27,416,277,5,0.0009871940161769956,2.430903838277322e-05
CRY,27,416,415,5,0.0033216956676749994,8.805482430582428e-05
CRY,27,416,0,6,0.0006349521440963124,4.2808084483344874e-05
CRY,27,416,138,6,0.001525155342227431,3.2495069253403366e-05
CRY,27,416,277,6,0.0003913631222425954,-5.168666112242894e-06
CRY,27,416,415,6,7.909419417394668e-05,-0.00015864434185682832
CRY,27,416,0,7,0.0037168843223925694,1.5559349625772834e-06
CRY,27,416,138,7,0.0008905261895528464,8.046450430189726e-06
CRY,27,416,277,7,0.00037508388345993944,1.4251963819441203e-06
CRY,27,416,415,7,0.0006926203481511813,2.2959673306446532e-07
CRY,27,416,0,8,0.0014635487608395915,-7.738124658422175e-06
CRY,27,416,138,8,0.0011616936509487668,-2.2785465124386912e-05
CRY,27,416,277,8,0.0015701240411822275,-1.0435566361646212e-06
CRY,27,416,415,8,0.006680183108811806,7.012021922000001e-06
CRY,27,416,0,9,0.00012767831006880304,-4.4340752154576056e-07
CRY,27,416,138,9,0.001022603985253779,-3.880821020282911e-06
CRY,27,416,277,9,0.00027303508279831966,5.312813067137075e-07
CRY,27,416,415,9,0.0013026668053890838,3.8700335217724095e-06
CRY,27,416,0,10,0.0013996137941882016,-2.9525109984109787e-06
CRY,27,416,138,10,0.0005867506025091921,-1.0956989642311142e-06
CRY,27,416,277,10,0.0018337483648980216,-8.70449389718292e-06
CRY,27,416,415,10,0.006262402993298478,-3.437990716022147e-05
CRY,27,416,0,11,0.0026680793769017067,-1.2490503676348871e-05
CRY,27,416,138,11,0.0014789064709432426,1.8214737334771645e-06
CRY,27,416,277,11,0.0011095015430619272,-1.855466465327246e-06
CRY,27,416,415,11,0.0009106183030601816,1.1243093753968097e-06
CRY,27,416,0,12,0.006807410998722006,-2.129095377851795e-06
CRY,27,416,138,12,0.0010509190608846539,-2.4811321790849297e-05
CRY,27,416,277,12,0.0003761155275860795,2.5934691325857586e-05
CRY,27,416,415,12,0.0015361731196294399,2.6561401852864707e-05
CRY,27,416,0,13,0.0008202207186868187,2.7299087880375876e-05
CRY,27,416,138,13,0.0007856562532197774,-5.166426876631182e-06
CRY,27,416,277,13,0.001487166645587392,-7.845095724101311e-06
CRY,27,416,415,13,0.0012218872183357436,3.4929485430144924e-05
CRY,27,416,0,14,0.002138262454042247,-1.2665469022144717e-08
CRY,27,416,138,14,0.00199514039936088,1.241767532713083e-05
CRY,27,416,277,14,0.00027993599060879886,1.3113842688034647e-05
CRY,27,416,415,14,0.006133226143337108,5.029490831378073e-06
CRY,27,416,0,15,0.0005614945753302875,-4.124295928884523e-06
CRY,27,416,138,15,0.001648286709830536,3.490496394575356e-05
CRY,27,416,277,15,0.00017953615921523117,-1.3629601562072724e-05
CRY,27,416,415,15,9.806792911552191e-05,4.607592610342652e-05
CRY,27,416,0,16,0.0001264816855568606,8.755591298978252e-07
CRY,27,416,138,16,0.004009543251796373,1.8290450805061808e-05
CRY,27,416,277,16,0.000275647311574154,-1.1906330893199347e-06
CRY,27,416,415,16,0.0042897387929102596,1.0389608105592326e-05
CRY,27,416,0,17,0.001793740212777406,6.784801361399216e-07
CRY,27,416,138,17,0.0002223138393030398,1.2218394503117332e-06
CRY,27,416,277,17,0.000949416324026686,4.78023060329753e-06
CRY,27,416,415,17,0.007161913770715237,-1.5546799234308092e-07
CRY,27,416,0,18,0.010472779861940337,-1.3186473173627874e-05
CRY,27,416,138,18,0.0017826643555187349,-4.4626038652709366e-05
CRY,27,416,277,18,0.0017566633009163716,-2.7919134266233817e-05
CRY,27,416,415,18,0.0045495397930297036,-5.157880991413167e-05
CRY,27,416,0,19,0.0005776201935462629,5.862885071040822e-06
CRY,27,416,138,19,0.0007135713385925634,-7.703696260331985e-07
CRY,27,416,277,19,0.0007578143705551358,4.050561860454406e-06
CRY,27,416,415,19,0.006697767424492998,-8.079257531917641e-06
CRY,27,416,0,20,0.0037581266193419866,1.4956625026925014e-06
CRY,27,416,138,20,0.0011128903627772566,-2.2380698921904793e-06
CRY,27,416,277,20,0.0030897915465216657,5.3491228616907155e-06
CRY,27,416,415,20,0.003635119448067856,-4.1722892491196505e-05
CRY,27,416,0,21,0.00438640908841015,-9.797387291781085e-06
CRY,27,416,138,21,0.0015800336629767406,3.4934398674571027e-07
CRY,27,416,277,21,0.0004175837597077715,2.4447611632599092e-06
CRY,27,416,415,21,0.00579549725577531,1.0745572734237265e-05
CRY,27,416,0,22,0.0005315701530199393,-3.228523856271164e-05
CRY,27,416,138,22,0.0005860330530217903,-2.536137944347382e-05
CRY,27,416,277,22,0.0006944616470336969,-3.7156846150528545e-05
CRY,27,416,415,22,0.00019413939399526964,5.9745103572002465e-06
CRY,27,416,0,23,0.00818105921213662,-8.588361359314588e-07
CRY,27,416,138,23,0.0007019025765771435,-4.171764858776592e-07
CRY,27,416,277,23,0.00028784140966210003,2.5839328204754303e-06
CRY,27,416,415,23,0.00019549162326606986,1.0428300722845311e-05
CRY,27,416,0,24,0.0032817078893416667,-0.00013957738833083162
CRY,27,416,138,24,0.002196251428931789,3.610479076930769e-06
CRY,27,416,277,24,0.00014818619654926896,-2.7115173238776054e-07
CRY,27,416,415,24,0.0011317256994478808,-1.0585046722427325e-05
CRY,27,416,0,25,0.005548443170681906,8.634843799590297e-07
CRY,27,416,138,25,0.001552180171633119,-4.771463525191631e-06
CRY,27,416,277,25,0.0011849142580532882,-7.952429495556505e-06
CRY,27,416,415,25,0.0022319526161475307,-5.237702098582076e-05
CRY,27,416,0,26,0.0007002993839359153,-1.177729079082472e-05
CRY,27,416,138,26,0.001207588217830289,-2.70420760152437e-05
CRY,27,416,277,26,0.0008575923871070679,7.777179466021081e-06
CRY,27,416,415,26,0.0004190544152633052,-8.20324397873915e-07
CRY,27,416,0,27,0.0044059870947346196,5.097483098637451e-07
CRY,27,416,138,27,0.003381832702340314,-7.663904553466023e-06
CRY,27,416,277,27,0.0007495874065241065,1.5577468032785584e-06
CRY,27,416,415,27,0.0005572237924706276,-6.623725300665834e-06
CRY,27,416,0,28,0.009703518985728812,-2.298498522538243e-05
CRY,27,416,138,28,0.00039230603762422506,-8.603565892774764e-06
CRY,27,416,277,28,0.00040420326638810494,1.4676549279903304e-05
CRY,27,416,415,28,0.009234465560989481,-4.708877635707594e-06
CRY,27,416,0,29,0.0042315554023090365,-1.7665363289912786e-06
CRY,27,416,138,29,0.0047026516944205995,2.514716544147513e-06
CRY,27,416,277,29,0.001280295378150311,-1.5660691623717304e-05
CRY,27,416,415,29,0.0015632022100483841,-1.1086728793946762e-05
CRY,27,416,0,30,0.0022965118470068616,1.290682151609758e-05
CRY,27,416,138,30,0.0007435604620370511,3.2663011757416325e-05
CRY,27,416,277,30,0.00036449332584654557,-1.508347802958227e-05
CRY,27,416,415,30,0.0002261845000786221,2.776360891675825e-06
CRY,27,416,0,31,0.001448556307594443,2.15797537289977e-05
CRY,27,416,138,31,0.0005811029137635229,-1.1451795735247003e-05
CRY,27,416,277,31,0.00047459076860001734,-8.4594427112155e-06
CRY,27,416,415,31,0.003207169085398717,3.3824594058133204e-05
CRY,27,416,0,32,0.0009955319472239315,-2.4973819835417347e-06
CRY,27,416,138,32,0.00113558829586478,-1.7636155230161318e-05
CRY,27,416,277,32,0.0006568556406918621,-4.186919103827162e-06
CRY,27,416,415,32,0.003475251399640053,5.190403558917642e-06
CRY,27,416,0,33,0.007693316854239708,-3.5610045698319416e-05
CRY,27,416,138,33,0.00033566962537276125,8.907919735707897e-06
CRY,27,416,277,33,0.0004692289860374202,-3.737218730079481e-05
CRY,27,416,415,33,0.0007615610699652642,6.006691659026625e-05
CRY,27,416,0,34,0.0021331685500307735,-1.4881142168893337e-05
CRY,27,416,138,34,0.0003907570359348771,1.7429150843452648e-06
CRY,27,416,277,34,0.0005061727239959428,1.018741898624643e-05
CRY,27,416,415,34,0.0005711793960679804,1.1236691733707773e-05
CRY,27,416,0,35,0.004040132912888015,1.6851489557676643e-05
CRY,27,416,138,35,0.00010588697697604006,6.889355082545392e-06
CRY,27,416,277,35,0.0005478429549095441,1.5641990437623347e-06
CRY,27,416,415,35,0.002935611394332524,-0.0001138544137735956
CRY,27,416,0,36,0.0012428894176558394,4.933886988339265e-07
CRY,27,416,138,36,0.0010308758793133885,1.3283648864516045e-06
CRY,27,416,277,36,0.0011915167277631495,2.72003378712244e-05
CRY,27,416,415,36,0.0030784107371775488,-3.744448376898262e-06
CRY,27,416,0,37,0.0076538062692196865,2.765887578463178e-05
CRY,27,416,138,37,0.0005063029421857856,1.3866023525774608e-05
CRY,27,416,277,37,0.0005961560037210515,2.1384347639413723e-05
CRY,27,416,415,37,0.0018355649728894821,0.00010398877547987107
CRY,27,416,0,38,0.0027952639417525497,-1.4011729806406575e-05
CRY,27,416,138,38,0.0003024281347461043,-5.52451857454032e-06
CRY,27,416,277,38,0.00031433778358517356,7.067641951354519e-06
CRY,27,416,415,38,0.0013208110349069322,2.9449736420518064e-05
CRY,27,416,0,39,0.00205932679558868,1.919178908302906e-05
CRY,27,416,138,39,0.0007147503074444165,2.647038697615848e-05
CRY,27,416,277,39,0.0011228934939940297,-2.4340308153752597e-06
CRY,27,416,415,39,0.00019541420284113187,2.0527411732833918e-05
CRY,27,416,0,40,0.005121998778918034,-1.0090615579467588e-05
CRY,27,416,138,40,0.0013075997655348,-5.506283813068001e-06
CRY,27,416,277,40,0.0002133414573007216,-1.7495937993315772e-05
CRY,27,416,415,40,0.0011256634730125639,-2.520252158804873e-05
CRY,27,416,0,41,0.008263597580928692,-2.9086766486054527e-05
CRY,27,416,138,41,0.0029292200919497067,-1.5147946123090972e-05
CRY,27,416,277,41,0.0002553644314780635,-1.0500970236318028e-05
CRY,27,416,415,41,0.002013518901331192,4.982939259678281e-05
CRY,27,416,0,42,0.002215638671788643,3.4086847080572794e-06
CRY,27,416,138,42,0.00044691009817626493,1.040204625460365e-06
CRY,27,416,277,42,0.0013133389143485375,1.0328296365165087e-07
CRY,27,416,415,42,0.004289738080278858,-6.0930970562062284e-06
CRY,27,416,0,43,0.005152412385659921,3.0396969644501513e-06
CRY,27,416,138,43,0.001203600565062656,-6.900688132975539e-06
CRY,27,416,277,43,0.0027714803117758753,9.78476821663811e-06
CRY,27,416,415,43,0.0010164523678993795,-7.196094509621743e-06
CRY,27,416,0,44,0.0035280990938373557,-2.7939879336053232e-06
CRY,27,416,138,44,0.0008282276825946836,4.5432638113936557e-05
CRY,27,416,277,44,0.0006522089859193672,2.4451114328982354e-05
CRY,27,416,415,44,0.009962648598071819,-8.347197091108969e-05
CRY,27,416,0,45,0.0015402889946370547,-1.8971991082224755e-06
CRY,27,416,138,45,0.0007656104380097393,1.4435228555445787e-05
CRY,27,416,277,45,0.00017282811151129762,-2.0909689754530997e-06
CRY,27,416,415,45,0.000618513651508738,2.107474783082124e-05
CRY,27,416,0,46,0.0052965371253786905,-3.829850162245284e-06
CRY,27,416,138,46,0.0001147285059615673,-6.290553711525655e-07
CRY,27,416,277,46,0.0008704899469994156,2.5515777182286533e-07
CRY,27,416,415,46,0.002773255557339434,-7.496322040954392e-07
CRY,27,416,0,47,0.005314812562485145,-9.179246893478884e-07
CRY,27,416,138,47,0.0003871266700528188,7.049588975307604e-07
CRY,27,416,277,47,0.00018685102433171433,2.044275708271831e-06
CRY,27,416,415,47,0.0037276495550927565,1.5689244070957285e-06
CRY,27,416,0,48,0.0027474664807732234,5.348584441386145e-06
CRY,27,416,138,48,0.001212662544687949,1.866216934066629e-06
CRY,27,416,277,48,0.0007297462198814976,-2.2932398659197695e-07
CRY,27,416,415,48,0.0007603796140019904,-1.5102728620896979e-05
CRY,27,416,0,49,0.0008714847840497591,-2.912455733347126e-07
CRY,27,416,138,49,0.0020088235939277423,2.159143662014987e-06
CRY,27,416,277,49,0.00021637842195795944,2.808931749053784e-06
CRY,27,416,415,49,0.00031959142006506973,-6.545967237175416e-06
CRY,28,432,0,0,0.002301878345031602,1.0175427907873879e-06
CRY,28,432,144,0,0.002133051233442623,-2.780800147158441e-06
CRY,28,432,287,0,0.0016496437934395772,1.4764762655529937e-06
CRY,28,432,431,0,0.0071405687986123775,-3.863548573253253e-05
CRY,28,432,0,1,5.0261935237883636e-05,-6.636985351665083e-07
CRY,28,432,144,1,0.001118366170066583,1.4301703987903788e-05
CRY,28,432,287,1,0.00046322865751969943,-5.569271004104316e-06
CRY,28,432,431,1,0.006038297329666114,-3.880233593701331e-06
CRY,28,432,0,2,0.002968946443189734,-7.351066639865072e-05
CRY,28,432,144,2,0.00027414229201649053,0.00016423923981077632
CRY,28,432,287,2,6.406690392416876e-05,3.186641294839843e-05
CRY,28,432,431,2,0.0020955419148427578,-0.00010771679399987842
CRY,28,432,0,3,0.0012805097840971195,1.1243436767901022e-06
CRY,28,432,144,3,0.0011626420010983727,-1.6860154802220544e-06
CRY,28,432,287,3,0.000485086597620383,-3.158556648643682e-06
CRY,28,432,431,3,0.0008911644053239244,-5.274916012419024e-07
CRY,28,432,0,4,0.0027710003044738424,1.0841250068353325e-05
CRY,28,432,144,4,0.0009210042258734625,1.2517215359380586e-06
CRY,28,432,287,4,0.0013597319313902016,1.5055411941852573e-06
CRY,28,432,431,4,0.0009090314563997991,-5.342527448794876e-06
CRY,28,432,0,5,0.008427180364196268,-1.3997263943698163e-05
CRY,28,432,144,5,0.00027737547569960444,1.5681135265258086e-06
CRY,28,432,287,5,0.002888798401982873,1.4865866592662293e-06
CRY,28,432,431,5,0.00033424307851850205,4.337839793990732e-06
CRY,28,432,0,6,0.004313102593776776,-7.575201481241637e-06
CRY,28,432,144,6,0.0013650588173717692,-9.756223005717062e-06
CRY,28,432,287,6,0.0006568422426000608,-3.2424120646171086e-05
CRY,28,432,431,6,0.0010885082310822239,4.2358886655159595e-05
CRY,28,432,0,7,0.004250348229015639,1.6107357694478974e-06
CRY,28,432,144,7,0.0004677514236849422,1.7220927419123566e-06
CRY,28,432,287,7,0.0005696725729555858,-1.2506214406873309e-05
CRY,28,432,431,7,0.0003905290552331054,2.38522608329103e-06
CRY,28,432,0,8,0.0015895727292925886,1.0652628174069779e-05
CRY,28,432,144,8,0.0019203011308405338,-7.263232238565503e-06
CRY,28,432,287,8,0.00023688692589967337,-6.979228752121772e-06
CRY,28,432,431,8,0.0003036135666061282,1.1851139088487564e-05
CRY,28,432,0,9,0.006577337757039075,8.147450678292064e-06
CRY,28,432,144,9,0.0007958379596419143,-1.5584189702125553e-06
CRY,28,432,287,9,0.00045731656580314336,3.750264889470855e-05
CRY,28,432,431,9,0.001615496863265857,-1.1455974463702658e-05
CRY,28,432,0,10,0.0008291188229226828,-4.541574335706214e-06
CRY,28,432,144,10,0.0030814981471371477,2.8836367660573822e-06
CRY,28,432,287,10,0.004497746105002026,-3.694736265830308e-06
CRY,28,432,431,10,0.000850606368506246,-2.4848266169273308e-05
CRY,28,432,0,11,0.002254528736004581,-7.098171883184882e-06
CRY,28,432,144,11,0.004259496918009468,-1.6281842193509067e-05
CRY,28,432,287,11,0.002013703393385383,1.3395676329372716e-05
CRY,28,432,431,11,0.0004331036049173074,-5.215479765355573e-07
CRY,28,432,0,12,0.0005530191644063927,1.8464783857057322e-07
CRY,28,432,144,12,0.0026201693631965534,2.794035956710015e-06
CRY,28,432,287,12,0.0010082053373329477,2.875434234161454e-06
CRY,28,432,431,12,0.002615297151783439,1.0582632828537185e-07
CRY,28,432,0,13,0.002857643684746302,2.8427365639022477e-06
CRY,28,432,144,13,0.0012719006947431231,1.3833861954886169e-05
CRY,28,432,287,13,0.0006711794126143157,1.2180669987951845e-06
CRY,28,432,431,13,0.0005072774623790158,7.760773793424294e-06
CRY,28,432,0,14,0.00674574574474224,-5.038481154969859e-06
CRY,28,432,144,14,0.0016301208760630466,1.3440023790663509e-05
CRY,28,432,287,14,0.0018416701416049536,6.325431512534422e-05
CRY,28,432,431,14,0.0013807660071336269,6.429195948458131e-06
CRY,28,432,0,15,0.000270097825693303,-1.127398732163787e-06
CRY,28,432,144,15,0.000779833885445758,4.95461984597646e-06
CRY,28,432,287,15,0.0001455673645340102,-2.6386561466419674e-05
CRY,28,432,431,15,0.00027240428054291075,-5.03856735183778e-06
CRY,28,432,0,16,0.0017215455342780176,-1.8041864471184848e-05
CRY,28,432,144,16,0.001728185073544879,1.0212248355848585e-05
CRY,28,432,287,16,2.5154360228937544e-05,-9.287569880308816e-05
CRY,28,432,431,16,0.00041809645611512556,4.0303388136098996e-06
CRY,28,432,0,17,0.0006851690197194272,-2.830206174400575e-06
CRY,28,432,144,17,0.0012430253402776971,-3.285983101965943e-06
CRY,28,432,287,17,0.001155372317679271,-2.399185778430984e-05
CRY,28,432,431,17,0.0006863628695560415,-1.3247837630844652e-05
CRY,28,432,0,18,0.004234407867196077,3.336387086676456e-06
CRY,28,432,144,18,0.002355381114834373,4.346272921628001e-06
CRY,28,432,287,18,0.0005260018244166336,-5.5746196913761795e-06
CRY,28,432,431,18,0.00030124078920559696,-6.288798185979285e-07
CRY,28,432,0,19,0.0043180274027173355,-3.176600017642909e-06
CRY,28,432,144,19,0.002072807038429883,2.0234830207488093e-05
CRY,28,432,287,19,0.0003128732018689094,1.3389880369127088e-05
CRY,28,432,431,19,0.0010131427808544365,-2.2945025599740387e-05
CRY,28,432,0,20,0.003256288004641234,1.921241599166763e-05
CRY,28,432,144,20,0.0010143715357418298,2.8144854296703003e-06
CRY,28,432,287,20,0.0035698077474715477,4.262867377664235e-06
CRY,28,432,431,20,0.0015265823884379605,5.96180572391572e-06
CRY,28,432,0,21,0.00539730396393644,1.0716705723408161e-07
CRY,28,432,144,21,0.0018898540592944268,1.59245221876135e-06
CRY,28,432,287,21,0.0015359015561507993,1.7027016840640986e-06
CRY,28,432,431,21,0.0015340122227576142,-2.8035200575443035e-06
CRY,28,432,0,22,0.002667487717963123,4.014567654939736e-06
CRY,28,432,144,22,0.0014853827124274156,1.1207461202193387e-05
CRY,28,432,287,22,4.688874683264709e-05,1.137215344664778e-05
CRY,28,432,431,22,0.0021075243476685037,-7.138138064946639e-07
CRY,28,432,0,23,0.003426872292031027,-3.8655344686648054e-06
CRY,28,432,144,23,0.0004623885420653624,-4.441071811532869e-06
CRY,28,432,287,23,0.0005324404824601839,-4.370942026815535e-07
CRY,28,432,431,23,0.0011578750493702447,-3.276553106525831e-06
CRY,28,432,0,24,0.00028863573290592424,-6.309711792400611e-08
CRY,28,432,144,24,0.0016810175443124518,-9.547185599115756e-07
CRY,28,432,287,24,0.0005620579855943296,8.49369571855552e-07
CRY,28,432,431,24,0.002557901123105002,4.393709514787936e-06
CRY,28,432,0,25,0.006625514128289349,-5.478142637561597e-07
CRY,28,432,144,25,0.00205089410944266,4.1802595153530176e-07
CRY,28,432,287,25,0.0005952413599066266,-1.6300500936073758e-06
CRY,28,432,431,25,0.0010591679595969737,-1.8807277508898417e-05
CRY,28,432,0,26,0.0020206502128123976,5.5618657360365254e-05
CRY,28,432,144,26,0.0022718814622381964,-2.0237937504656415e-05
CRY,28,432,287,26,0.000992025477046096,-5.473093584277296e-06
CRY,28,432,431,26,0.0006480730028195135,8.62309114121418e-06
CRY,28,432,0,27,4.61252458790555e-05,-7.002809334675867e-07
CRY,28,432,144,27,0.002929108399835472,-2.8266703848127554e-05
CRY,28,432,287,27,0.0008954422362551415,4.004288868599015e-06
CRY,28,432,431,27,0.0022400856164202488,2.4618485080080796e-05
CRY,28,432,0,28,0.0112349529588427,8.017364135913698e-06
CRY,28,432,144,28,0.0006170878876794534,7.222532884248723e-06
CRY,28,432,287,28,0.0006386320892735952,-7.771772871913526e-06
CRY,28,432,431,28,0.005228708729170594,2.6175663351499376e-06
CRY,28,432,0,29,0.0011294704660508403,5.867795645364971e-07
CRY,28,432,144,29,0.0024359673539457146,4.740007417085905e-08
CRY,28,432,287,29,0.00039596401184502486,1.4337951456566149e-06
CRY,28,432,431,29,0.00047415994200889785,8.944807419029786e-06
CRY,28,432,0,30,0.0023425382419507484,-7.193302331050294e-06
CRY,28,432,144,30,0.0006294291046300947,9.756188950736242e-06
CRY,28,432,287,30,8.4413625154225e-05,2.100261376849557e-06
CRY,28,432,431,30,0.002529781426390835,-1.9884060800918568e-05
CRY,28,432,0,31,0.0022524139095242424,1.6231053713862257e-05
CRY,28,432,144,31,0.0011163799753413682,7.432458824981215e-06
CRY,28,432,287,31,0.00210702060805091,-2.058338027355577e-06
CRY,28,432,431,31,0.004197643114386593,7.797897440103547e-07
CRY,28,432,0,32,0.008953492371916536,4.839265855815795e-06
CRY,28,432,144,32,0.00018214872380287517,1.1506421848263808e-06
CRY,28,432,287,32,0.001191621779179985,3.83741809258903e-06
CRY,28,432,431,32,0.00018473180411223496,6.3750190071876745e-06
CRY,28,432,0,33,0.0045634226335759575,-2.2130341645253625e-06
CRY,28,432,144,33,0.0031440104048171547,-1.6470555019849995e-05
CRY,28,432,287,33,0.000985860350400305,-1.6675702304270684e-07
CRY,28,432,431,33,0.0003071618890085149,-7.580598235028631e-06
CRY,28,432,0,34,0.00206209694573676,4.639861482729575e-06
CRY,28,432,144,34,0.0012416923502801907,2.955725084207805e-05
CRY,28,432,287,34,0.00108609875384596,4.605395640565394e-05
CRY,28,432,431,34,0.0006302156546226717,-1.4104696463524897e-05
CRY,28,432,0,35,0.0015921375823110396,-2.212126177986081e-06
CRY,28,432,144,35,0.002401420960319655,-7.362955135551218e-06
CRY,28,432,287,35,0.0025052881600337406,-1.4844484257520308e-05
CRY,28,432,431,35,0.005002510202455838,-3.238107934246513e-06
CRY,28,432,0,36,0.0019842157819661204,-3.813462759259784e-07
CRY,28,432,144,36,0.00445579193188785,1.3589227121272412e-05
CRY,28,432,287,36,0.0005753338143047064,-4.52660909345821e-06
CRY,28,432,431,36,0.0010244481635962978,-1.0362551083384606e-05
CRY,28,432,0,37,0.0004215012054933436,-3.2914293178183756e-06
CRY,28,432,144,37,0.0017247136834492608,1.3826264909521278e-05
CRY,28,432,287,37,0.0021201755104494685,-2.438449043243784e-06
CRY,28,432,431,37,0.00030089701101505335,3.4951598418871822e-06
CRY,28,432,0,38,0.003467723345940117,-1.6918503659938287e-06
CRY,28,432,144,38,0.0025848494265740323,-6.424069351425092e-06
CRY,28,432,287,38,0.0005667663949641645,-1.7575978891151874e-05
CRY,28,432,431,38,0.0012884078672260448,-0.0001130975823647321
CRY,28,432,0,39,0.0018006154895316682,1.1165239503014964e-06
CRY,28,432,144,39,0.0005531549004194161,1.8269551084284517e-07
CRY,28,432,287,39,0.005096238267952739,-7.849538827453435e-07
CRY,28,432,431,39,0.0010005471837900115,2.713264595511421e-07
CRY,28,432,0,40,0.003904855881201488,0.0003261688902804534
CRY,28,432,144,40,0.0009423683840675996,-8.73530992372552e-05
CRY,28,432,287,40,0.0012369357619869549,-1.6085669061804756e-06
CRY,28,432,431,40,0.0003759357232320944,2.0509610182804935e-06
CRY,28,432,0,41,0.008045758754943578,2.0838670740977818e-06
CRY,28,432,144,41,0.0009321753319934198,-1.4262722176863124e-07
CRY,28,432,287,41,0.0005382303347260203,-1.3276555438662394e-06
CRY,28,432,431,41,0.0018817324169520583,-2.951848159490841e-06
CRY,28,432,0,42,0.005582601723625398,1.630769750466353e-05
CRY,28,432,144,42,0.0010307787542780508,-3.251422724809272e-05
CRY,28,432,287,42,0.0003813012044537889,-6.177300415031181e-05
CRY,28,432,431,42,0.0003769157111843523,-3.7491904164712675e-05
CRY,28,432,0,43,0.002127237015802872,-1.7529582440051607e-05
CRY,28,432,144,43,0.0012294490822522051,2.0135421730127663e-05
CRY,28,432,287,43,0.001744706305790316,-0.00016065177995126426
CRY,28,432,431,43,0.0010800633770448854,1.4364521843459068e-05
CRY,28,432,0,44,0.0010688234594234637,-3.258880585216285e-06
CRY,28,432,144,44,0.006959165033831213,9.850760645271184e-07
CRY,28,432,287,44,0.00022493074130524338,3.4964017167652277e-06
CRY,28,432,431,44,0.00016838264258816672,-1.4384761500916131e-06
CRY,28,432,0,45,0.002075616399022842,5.829013548154949e-07
CRY,28,432,144,45,0.0016059149945163624,1.496120958919449e-05
CRY,28,432,287,45,0.0014756986402356383,1.1785979920427186e-05
CRY,28,432,431,45,0.006557861784682402,4.3480776545581775e-05
CRY,28,432,0,46,0.0015438508006474063,1.4035496779090109e-05
CRY,28,432,144,46,0.002196326225554201,2.61269493097505e-06
CRY,28,432,287,46,0.00044756919929931385,3.0808844706942255e-06
CRY,28,432,431,46,0.0001233733023425137,3.424369216997592e-05
CRY,28,432,0,47,0.0008669259303239351,-1.0551452465188823e-05
CRY,28,432,144,47,0.0022670805330345634,3.935953330988664e-06
CRY,28,432,287,47,0.0002576773371180598,-1.543962171633358e-05
CRY,28,432,431,47,0.002083962138254965,-2.4703102600904207e-05
CRY,28,432,0,48,0.004185744728530052,-3.0622102306664986e-06
CRY,28,432,144,48,0.007769322869699739,7.754834109661556e-05
CRY,28,432,287,48,0.0015389115607547786,4.714344235153791e-05
CRY,28,432,431,48,0.00021135262638153547,0.00013932388948588968
CRY,28,432,0,49,7.682377165930071e-05,-3.953606327643498e-06
CRY,28,432,144,49,0.002097911612789971,-9.46209634733752e-06
CRY,28,432,287,49,0.0011722430588171002,8.595134441161588e-06
CRY,28,432,431,49,0.0011545061851817153,5.337038484343679e-07
CX,23,352,0,0,0.0044639480414041255,-0.00010228755715021739
CX,23,352,117,0,0.0,0.0
CX,23,352,234,0,0.0,0.0
CX,23,352,351,0,0.0056116817712122905,6.93564044175097e-05
CX,23,352,0,1,0.0036102202457170334,1.0436150213664049e-05
CX,23,352,117,1,0.0,0.0
CX,23,352,234,1,0.0,0.0
CX,23,352,351,1,0.0007338931116925573,-2.0872311694899176e-05
CX,23,352,0,2,0.017783766396106477,-1.5210479936396489e-05
CX,23,352,117,2,0.0,0.0
CX,23,352,234,2,0.0,0.0
CX,23,352,351,2,0.0063192317421705245,-0.0003472465402280946
CX,23,352,0,3,0.002719380814206876,-0.00011792980806300811
CX,23,352,117,3,0.0,0.0
CX,23,352,234,3,0.0,0.0
CX,23,352,351,3,0.0007352097237671665,1.7196545768860363e-06
CX,23,352,0,4,0.003924517973802221,1.0138414230423376e-05
CX,23,352,117,4,0.0,0.0
CX,23,352,234,4,0.0,0.0
CX,23,352,351,4,0.00331296094987305,7.1510715352779985e-06
CX,23,352,0,5,0.011015418131267687,-7.861271372703997e-06
CX,23,352,117,5,0.0,0.0
CX,23,352,234,5,0.0,0.0
CX,23,352,351,5,0.00011382146112903787,0.00011598843470665036
CX,23,352,0,6,0.001086889847377017,1.934184140975348e-05
CX,23,352,117,6,0.0,0.0
CX,23,352,234,6,0.0,0.0
CX,23,352,351,6,0.005737105206848608,0.0002640615352409153
CX,23,352,0,7,0.0023078922920099407,3.1845200226945443e-06
CX,23,352,117,7,0.0,0.0
CX,23,352,234,7,0.0,0.0
CX,23,352,351,7,0.0035945310756944743,-5.0096857535766635e-05
CX,23,352,0,8,0.00918147731186943,8.426529050371129e-06
CX,23,352,117,8,0.0,0.0
CX,23,352,234,8,0.0,0.0
CX,23,352,351,8,0.0049759987031124005,-3.5728900227131617e-05
CX,23,352,0,9,0.00344347691840115,-3.2088376680989347e-05
CX,23,352,117,9,0.0,0.0
CX,23,352,234,9,0.0,0.0
CX,23,352,351,9,0.0030268918809660122,7.85348602186912e-05
CX,23,352,0,10,0.00470890313311521,-1.4113460750191367e-06
CX,23,352,117,10,0.0,0.0
CX,23,352,234,10,0.0,0.0
CX,23,352,351,10,0.010348853116156055,3.544308070268424e-07
CX,23,352,0,11,0.0006361979529149878,-2.5080203509836174e-05
CX,23,352,117,11,0.0,0.0
CX,23,352,234,11,0.0,0.0
CX,23,352,351,11,0.00034856495433243945,2.8378983611319036e-06
CX,23,352,0,12,2.2185460588069087e-05,-2.374910068137035e-06
CX,23,352,117,12,0.0,0.0
CX,23,352,234,12,0.0,0.0
CX,23,352,351,12,0.004019797765773118,-0.00011758082410211092
CX,23,352,0,13,0.019380371866548337,2.749100513137442e-05
CX,23,352,117,13,0.0,0.0
CX,23,352,234,13,0.0,0.0
CX,23,352,351,13,0.004650916151875364,-6.246500949683761e-07
CX,23,352,0,14,0.008325430982674556,-2.6462001256552928e-05
CX,23,352,117,14,0.0,0.0
CX,23,352,234,14,0.0,0.0
CX,23,352,351,14,0.000393432813641586,-4.058553322518373e-06
CX,23,352,0,15,0.010109488580725122,2.2119814371485198e-05
CX,23,352,117,15,0.0,0.0
CX,23,352,234,15,0.0,0.0
CX,23,352,351,15,0.0004360311421527362,7.169791622996875e-06
CX,23,352,0,16,0.005213157333182822,0.0001026879361531725
CX,23,352,117,16,0.0,0.0
CX,23,352,234,16,0.0,0.0
CX,23,352,351,16,0.004449094874888274,4.130629395655578e-05
CX,23,352,0,17,0.0031476681608674636,-4.501925674832647e-06
CX,23,352,117,17,0.0,0.0
CX,23,352,234,17,0.0,0.0
CX,23,352,351,17,0.000876044216702694,7.127394294063113e-05
CX,23,352,0,18,0.0018903787270387498,1.033953821269907e-06
CX,23,352,117,18,0.0,0.0
CX,23,352,234,18,0.0,0.0
CX,23,352,351,18,0.0024825284391195744,-8.013499959563515e-05
CX,23,352,0,19,0.01528408579245082,0.0001936989054994632
CX,23,352,117,19,0.0,0.0
CX,23,352,234,19,0.0,0.0
CX,23,352,351,19,0.011749470353533426,-5.667881598154827e-06
CX,23,352,0,20,0.0010175662294696795,-1.3201020817960267e-05
CX,23,352,117,20,0.0,0.0
CX,23,352,234,20,0.0,0.0
CX,23,352,351,20,0.0011810683465527901,0.00012085151182718012
CX,23,352,0,21,0.007773911031138906,-1.0177577326780018e-05
CX,23,352,117,21,0.0,0.0
CX,23,352,234,21,0.0,0.0
CX,23,352,351,21,0.006541741275644479,-5.638488785677543e-05
CX,23,352,0,22,0.0003039847656462974,-8.973968423392648e-05
CX,23,352,117,22,0.0,0.0
CX,23,352,234,22,0.0,0.0
CX,23,352,351,22,0.007410131580705557,3.4907659533409906e-06
CX,23,352,0,23,0.0017192775746088,5.669555366090601e-06
CX,23,352,117,23,0.0,0.0
CX,23,352,234,23,0.0,0.0
CX,23,352,351,23,0.00039742672500785577,-0.0002593410530014992
CX,23,352,0,24,0.004971528354478595,-2.8563145297870636e-07
CX,23,352,117,24,0.0,0.0
CX,23,352,234,24,0.0,0.0
CX,23,352,351,24,0.0014297500695171091,-5.065029026486136e-05
CX,23,352,0,25,0.0025806580403647775,0.00014038876773264197
CX,23,352,117,25,0.0,0.0
CX,23,352,234,25,0.0,0.0
CX,23,352,351,25,0.00019783463073572117,-1.8097450012237665e-05
CX,23,352,0,26,0.009252130792433361,1.8553243034106657e-05
CX,23,352,117,26,0.0,0.0
CX,23,352,234,26,0.0,0.0
CX,23,352,351,26,0.0024000969095118296,3.8599070208467675e-05
CX,23,352,0,27,0.0056145698097174535,-6.574355962211117e-06
CX,23,352,117,27,0.0,0.0
CX,23,352,234,27,0.0,0.0
CX,23,352,351,27,0.007645722934116406,-3.46156951754971e-06
CX,23,352,0,28,0.0069175362056481384,0.00011800954110934533
CX,23,352,117,28,0.0,0.0
CX,23,352,234,28,0.0,0.0
CX,23,352,351,28,0.009906334038065063,0.0003126453833996422
CX,23,352,0,29,0.00587835172659183,3.1643507529977716e-07
CX,23,352,117,29,0.0,0.0
CX,23,352,234,29,0.0,0.0
CX,23,352,351,29,0.0017941880309774827,1.4118610500954722e-05
CX,23,352,0,30,0.0017356843918566564,-8.182381910698186e-05
CX,23,352,117,30,0.0,0.0
CX,23,352,234,30,0.0,0.0
CX,23,352,351,30,0.0029976745255360163,0.00015828718474288593
CX,23,352,0,31,0.009118594166227071,0.0001422063638933669
CX,23,352,117,31,0.0,0.0
CX,23,352,234,31,0.0,0.0
CX,23,352,351,31,0.0014227442868698325,-3.9154348795572704e-05
CX,23,352,0,32,0.0029194877372923735,4.8491678462372547e-05
CX,23,352,117,32,0.0,0.0
CX,23,352,234,32,0.0,0.0
CX,23,352,351,32,0.0022315156553933614,-7.223534402741021e-05
CX,23,352,0,33,0.004651564072444697,-4.8477453163712715e-05
CX,23,352,117,33,0.0,0.0
CX,23,352,234,33,0.0,0.0
CX,23,352,351,33,0.0006918913960134465,-0.00021086684781035606
CX,23,352,0,34,0.005609943038987504,-0.00030556154580530285
CX,23,352,117,34,0.0,0.0
CX,23,352,234,34,0.0,0.0
CX,23,352,351,34,2.1426124726178168e-05,-4.1082969902265284e-05
CX,23,352,0,35,0.0007555200067070826,9.61473664695526e-06
CX,23,352,117,35,0.0,0.0
CX,23,352,234,35,0.0,0.0
CX,23,352,351,35,0.00037583389398366634,-0.00027812989114903803
CX,23,352,0,36,0.006647001568074586,2.039137867552456e-05
CX,23,352,117,36,0.0,0.0
CX,23,352,234,36,0.0,0.0
CX,23,352,351,36,0.00820864561936603,-1.6865851644110643e-05
CX,23,352,0,37,0.0008153438908850485,0.00020049143833306656
CX,23,352,117,37,0.0,0.0
CX,23,352,234,37,0.0,0.0
CX,23,352,351,37,0.0023584271065991745,0.0001892320520766044
CX,23,352,0,38,0.005107980112301604,1.9131566990349125e-06
CX,23,352,117,38,0.0,0.0
CX,23,352,234,38,0.0,0.0
CX,23,352,351,38,0.0017783425790945454,-0.00012172100134056174
CX,23,352,0,39,0.00386252258930512,-1.8580322762811296e-06
CX,23,352,117,39,0.0,0.0
CX,23,352,234,39,0.0,0.0
CX,23,352,351,39,0.011723534899854846,7.5541234773296e-06
CX,23,352,0,40,0.0023155750288025184,-5.059009069275461e-05
CX,23,352,117,40,0.0,0.0
CX,23,352,234,40,0.0,0.0
CX,23,352,351,40,0.009691935345194184,0.000422226984382872
CX,23,352,0,41,0.0001482144897473171,-4.084379679901353e-05
CX,23,352,117,41,0.0,0.0
CX,23,352,234,41,0.0,0.0
CX,23,352,351,41,0.001849378401969546,-7.477463713587585e-05
CX,23,352,0,42,0.004613412679974851,5.103125802310845e-06
CX,23,352,117,42,0.0,0.0
CX,23,352,234,42,0.0,0.0
CX,23,352,351,42,0.008646905544084246,-1.050838746118337e-05
CX,23,352,0,43,0.00554988192718316,-1.5725438331434533e-05
CX,23,352,117,43,0.0,0.0
CX,23,352,234,43,0.0,0.0
CX,23,352,351,43,0.003739826238672638,6.330990190560624e-05
CX,23,352,0,44,0.006901207242712051,-3.092075076885359e-05
CX,23,352,117,44,0.0,0.0
CX,23,352,234,44,0.0,0.0
CX,23,352,351,44,0.008011435551919986,-0.0003660534574539747
CX,23,352,0,45,0.0025497967586463194,1.0023610844204492e-05
CX,23,352,117,45,0.0,0.0
CX,23,352,234,45,0.0,0.0
CX,23,352,351,45,0.004517996487486284,-0.0002521329968789012
CX,23,352,0,46,0.009131245895168944,-0.00029706455660161515
CX,23,352,117,46,0.0,0.0
CX,23,352,234,46,0.0,0.0
CX,23,352,351,46,0.002418571484154212,0.0005020702494539214
CX,23,352,0,47,0.0004201943735322708,2.072463954735839e-06
CX,23,352,117,47,0.0,0.0
CX,23,352,234,47,0.0,0.0
CX,23,352,351,47,0.0023021898532559694,-4.335377995830387e-05
CX,23,352,0,48,0.013632428830490494,-5.262087393966864e-06
CX,23,352,117,48,0.0,0.0
CX,23,352,234,48,0.0,0.0
CX,23,352,351,48,0.001588192859749018,0.0011264815325372625
CX,23,352,0,49,0.00372428467124318,-1.4115189628292975e-05
CX,23,352,117,49,0.0,0.0
CX,23,352,234,49,0.0,0.0
CX,23,352,351,49,1.8642501932355002e-05,-6.993320256654805e-07
CX,24,368,0,0,0.003405065925017552,0.00018990755365293728
CX,24,368,122,0,0.0,0.0
CX,24,368,245,0,0.0,0.0
CX,24,368,367,0,0.0008604657540436444,5.16686455610555e-05
CX,24,368,0,1,0.0005982799723819765,1.8423686540975648e-06
CX,24,368,122,1,0.0,0.0
CX,24,368,245,1,0.0,0.0
CX,24,368,367,1,0.002861027194341533,4.704206161648978e-05
CX,24,368,0,2,0.0002603963487031027,2.437801664093714e-06
CX,24,368,122,2,0.0,0.0
CX,24,368,245,2,0.0,0.0
CX,24,368,367,2,0.0006721709632030785,-7.723678091141242e-05
CX,24,368,0,3,0.009016339953600402,5.986871773632401e-05
CX,24,368,122,3,0.0,0.0
CX,24,368,245,3,0.0,0.0
CX,24,368,367,3,0.00026051097859232966,-4.061939813604571e-06
CX,24,368,0,4,0.004982634861594946,-1.4421379596234926e-06
CX,24,368,122,4,0.0,0.0
CX,24,368,245,4,0.0,0.0
CX,24,368,367,4,0.0017143489246478276,0.00010221701745690719
CX,24,368,0,5,0.0018611127301700143,0.00012618331923775188
CX,24,368,122,5,0.0,0.0
CX,24,368,245,5,0.0,0.0
CX,24,368,367,5,0.0011771285855065913,-0.00012388296333725032
CX,24,368,0,6,0.004558195089408829,2.393557370534982e-05
CX,24,368,122,6,0.0,0.0
CX,24,368,245,6,0.0,0.0
CX,24,368,367,6,0.001114266715493744,-1.9634897025877333e-05
CX,24,368,0,7,0.014549576604592582,1.4847582198616804e-05
CX,24,368,122,7,0.0,0.0
CX,24,368,245,7,0.0,0.0
CX,24,368,367,7,0.002481751008454451,1.419775992803876e-06
CX,24,368,0,8,0.0032561799056162626,-1.7845033892412154e-05
CX,24,368,122,8,0.0,0.0
CX,24,368,245,8,0.0,0.0
CX,24,368,367,8,0.0003743555334937172,0.00012435449881338873
CX,24,368,0,9,0.008543524139482504,-0.00017398859641437958
CX,24,368,122,9,0.0,0.0
CX,24,368,245,9,0.0,0.0
CX,24,368,367,9,0.00016840824879113634,-9.51194584997649e-05
CX,24,368,0,10,0.003237007779445138,0.0002270802417261695
CX,24,368,122,10,0.0,0.0
CX,24,368,245,10,0.0,0.0
CX,24,368,367,10,0.004711053446678441,-0.0003778877058616586
CX,24,368,0,11,0.001590968802289825,2.1322134894963303e-05
CX,24,368,122,11,0.0,0.0
CX,24,368,245,11,0.0,0.0
CX,24,368,367,11,0.006075611748218791,6.443591581123788e-05
CX,24,368,0,12,0.008222953153115508,2.0623710821532273e-06
CX,24,368,122,12,0.0,0.0
CX,24,368,245,12,0.0,0.0
CX,24,368,367,12,0.001959751513100751,-3.353543080370272e-06
CX,24,368,0,13,0.010457759161888538,1.944544172662315e-05
CX,24,368,122,13,0.0,0.0
CX,24,368,245,13,0.0,0.0
CX,24,368,367,13,0.0013944644059936892,0.00015326200235984066
CX,24,368,0,14,0.0013238556374308482,4.854622891967706e-07
CX,24,368,122,14,0.0,0.0
CX,24,368,245,14,0.0,0.0
CX,24,368,367,14,0.0031651336934432044,3.364297703101107e-05
CX,24,368,0,15,0.0047476160054826305,-4.432918560289098e-06
CX,24,368,122,15,0.0,0.0
CX,24,368,245,15,0.0,0.0
CX,24,368,367,15,0.0023182910498603074,6.915107353581777e-06
CX,24,368,0,16,0.011749022122065923,8.00970285292534e-06
CX,24,368,122,16,0.0,0.0
CX,24,368,245,16,0.0,0.0
CX,24,368,367,16,0.00036975877978242405,8.536950037029312e-06
CX,24,368,0,17,0.0013305433857213318,-6.188488603332884e-06
CX,24,368,122,17,0.0,0.0
CX,24,368,245,17,0.0,0.0
CX,24,368,367,17,0.0034367531285911393,5.820373396707997e-06
CX,24,368,0,18,0.00048634507462226817,-3.5193412848679925e-05
CX,24,368,122,18,0.0,0.0
CX,24,368,245,18,0.0,0.0
CX,24,368,367,18,0.002747004646064289,-8.42452985010697e-05
CX,24,368,0,19,0.0033600448793277625,-1.632427835451583e-05
CX,24,368,122,19,0.0,0.0
CX,24,368,245,19,0.0,0.0
CX,24,368,367,19,0.00015039472644470572,7.230315095420456e-05
CX,24,368,0,20,0.0013969084469909992,-2.6542840843608446e-05
CX,24,368,122,20,0.0,0.0
CX,24,368,245,20,0.0,0.0
CX,24,368,367,20,0.004803135636666622,-1.2043726182775796e-05
CX,24,368,0,21,0.007859091028134972,-7.484056802089492e-05
CX,24,368,122,21,0.0,0.0
CX,24,368,245,21,0.0,0.0
CX,24,368,367,21,0.0012015651997490428,0.00018377668875419978
CX,24,368,0,22,0.0012566960910973565,-3.218367046084155e-05
CX,24,368,122,22,0.0,0.0
CX,24,368,245,22,0.0,0.0
CX,24,368,367,22,0.006999124765876657,2.2471460965205492e-05
CX,24,368,0,23,0.002382724709257372,7.89312826101322e-06
CX,24,368,122,23,0.0,0.0
CX,24,368,245,23,0.0,0.0
CX,24,368,367,23,0.0007887884027758803,7.92744178881497e-06
CX,24,368,0,24,0.0055067219420473455,1.2350618956908676e-05
CX,24,368,122,24,0.0,0.0
CX,24,368,245,24,0.0,0.0
CX,24,368,367,24,0.0005444430243874252,-0.0001148843276180299
CX,24,368,0,25,0.007652674224396018,2.035055528430761e-05
CX,24,368,122,25,0.0,0.0
CX,24,368,245,25,0.0,0.0
CX,24,368,367,25,0.008644017556375243,1.2913706426897693e-08
CX,24,368,0,26,0.0022999902188511785,-8.704451095185079e-05
CX,24,368,122,26,0.0,0.0
CX,24,368,245,26,0.0,0.0
CX,24,368,367,26,0.004250230147294433,-0.0005188199980689281
CX,24,368,0,27,0.003627145514926112,0.0002976179364099548
CX,24,368,122,27,0.0,0.0
CX,24,368,245,27,0.0,0.0
CX,24,368,367,27,1.5301617748304626e-05,-0.00016351067040328102
CX,24,368,0,28,0.0023504178669005098,-2.896704059886408e-05
CX,24,368,122,28,0.0,0.0
CX,24,368,245,28,0.0,0.0
CX,24,368,367,28,0.0010925502017607874,9.768356850400199e-05
CX,24,368,0,29,0.00021344163977030897,-6.799691974030634e-05
CX,24,368,122,29,0.0,0.0
CX,24,368,245,29,0.0,0.0
CX,24,368,367,29,0.0019430943025368606,7.579717050814086e-06
CX,24,368,0,30,0.0019362836038799946,5.84406814394244e-05
CX,24,368,122,30,0.0,0.0
CX,24,368,245,30,0.0,0.0
CX,24,368,367,30,0.004896585940974247,-9.003616337324759e-06
CX,24,368,0,31,0.006378235144503344,-8.133780433038084e-07
CX,24,368,122,31,0.0,0.0
CX,24,368,245,31,0.0,0.0
CX,24,368,367,31,0.0017880024116698463,-1.614370067137892e-07
CX,24,368,0,32,0.006305188675338274,1.1567650405396946e-06
CX,24,368,122,32,0.0,0.0
CX,24,368,245,32,0.0,0.0
CX,24,368,367,32,0.00790885192241888,-2.948305483419281e-05
CX,24,368,0,33,0.0019071584709315324,9.193419883333184e-05
CX,24,368,122,33,0.0,0.0
CX,24,368,245,33,0.0,0.0
CX,24,368,367,33,0.0009026311358831217,-6.113975670819826e-05
CX,24,368,0,34,0.0011699552082740379,-2.7769539966138176e-05
CX,24,368,122,34,0.0,0.0
CX,24,368,245,34,0.0,0.0
CX,24,368,367,34,0.0004112211179462522,-0.00010522066903821788
CX,24,368,0,35,0.007983398703614988,-2.112492484051745e-06
CX,24,368,122,35,0.0,0.0
CX,24,368,245,35,0.0,0.0
CX,24,368,367,35,0.001273493500483534,1.909846128324928e-05
CX,24,368,0,36,0.0010926011546347376,0.00018089126366780965
CX,24,368,122,36,0.0,0.0
CX,24,368,245,36,0.0,0.0
CX,24,368,367,36,0.0005480036257714953,5.39899041652244e-05
CX,24,368,0,37,0.0074924452645278704,-7.783407923305516e-05
CX,24,368,122,37,0.0,0.0
CX,24,368,245,37,0.0,0.0
CX,24,368,367,37,0.00014339561019580327,0.00013767515358141394
CX,24,368,0,38,0.009490572963234177,-8.186087102775817e-06
CX,24,368,122,38,0.0,0.0
CX,24,368,245,38,0.0,0.0
CX,24,368,367,38,0.003877787624743156,4.464780975488303e-06
CX,24,368,0,39,0.00031502848061963303,-3.330544387406908e-06
CX,24,368,122,39,0.0,0.0
CX,24,368,245,39,0.0,0.0
CX,24,368,367,39,0.0010282800659479384,4.8247678079729696e-06
CX,24,368,0,40,0.0066642016242319324,-7.490130097845769e-06
CX,24,368,122,40,0.0,0.0
CX,24,368,245,40,0.0,0.0
CX,24,368,367,40,0.008375758257251766,-6.104412427068239e-06
CX,24,368,0,41,0.004195906040857222,-8.176060891482866e-05
CX,24,368,122,41,0.0,0.0
CX,24,368,245,41,0.0,0.0
CX,24,368,367,41,0.004244195244620187,2.49076632308562e-05
CX,24,368,0,42,0.008725371583863861,-7.842604428763967e-06
CX,24,368,122,42,0.0,0.0
CX,24,368,245,42,0.0,0.0
CX,24,368,367,42,0.0012436621676401405,9.983628033322507e-06
CX,24,368,0,43,0.006715717899830196,-1.2194280646555568e-06
CX,24,368,122,43,0.0,0.0
CX,24,368,245,43,0.0,0.0
CX,24,368,367,43,0.0021873004354305446,-0.00015110959343756164
CX,24,368,0,44,0.0021771606892012673,-2.745422784239653e-06
CX,24,368,122,44,0.0,0.0
CX,24,368,245,44,0.0,0.0
CX,24,368,367,44,0.0006765188923621015,-2.996868190009694e-05
CX,24,368,0,45,0.000651843500038466,4.220556255915255e-06
CX,24,368,122,45,0.0,0.0
CX,24,368,245,45,0.0,0.0
CX,24,368,367,45,0.0020953413164683187,-1.4109772050455083e-05
CX,24,368,0,46,0.017440634067198608,8.441067337022332e-05
CX,24,368,122,46,0.0,0.0
CX,24,368,245,46,0.0,0.0
CX,24,368,367,46,0.0015637675458540635,0.0010216605567366717
CX,24,368,0,47,0.009858917297836953,6.886654873731388e-06
CX,24,368,122,47,0.0,0.0
CX,24,368,245,47,0.0,0.0
CX,24,368,367,47,0.004469861211628934,1.3501939423569307e-05
CX,24,368,0,48,0.0035977207712825036,-3.6637606871812085e-06
CX,24,368,122,48,0.0,0.0
CX,24,368,245,48,0.0,0.0
CX,24,368,367,48,0.0013075384895255661,3.9588950878711505e-05
CX,24,368,0,49,0.005667427771269771,2.493384519713275e-05
CX,24,368,122,49,0.0,0.0
CX,24,368,245,49,0.0,0.0
CX,24,368,367,49,0.0009815862121993822,2.0789601526296876e-07
CX,25,384,0,0,0.003878977642466912,-8.217593469844048e-05
CX,25,384,128,0,0.000438163503523565,-0.0003275974690467292
CX,25,384,255,0,0.008357415224806299,-0.0004693583724235455
CX,25,384,383,0,0.010163480532006186,-0.00030956784453841247
CX,25,384,0,1,0.006615154395427707,3.138259777541515e-05
CX,25,384,128,1,0.004883236773969118,-1.6272207031527237e-06
CX,25,384,255,1,0.00043905285840027165,0.00015472595062787067
CX,25,384,383,1,5.282220461002433e-05,-1.5297883851339827e-05
CX,25,384,0,2,0.006693819958345307,-1.5761853800632826e-06
CX,25,384,128,2,0.006384067305715159,1.2847622734763244e-05
CX,25,384,255,2,0.0002249497708971176,-8.095807672251626e-06
CX,25,384,383,2,5.209426621554174e-05,4.976548279675039e-05
CX,25,384,0,3,0.0015971490995911324,-4.658936048095637e-05
CX,25,384,128,3,0.002045878498518168,-0.00013806621592532542
CX,25,384,255,3,0.001616441746426724,4.159452986982883e-05
CX,25,384,383,3,0.000611469122574735,1.9119332915376423e-05
CX,25,384,0,4,0.003089192897452657,-1.3406875244787655e-05
CX,25,384,128,4,0.011028955617813495,6.417214719342339e-07
CX,25,384,255,4,0.004805301874692162,-1.7304508610340252e-06
CX,25,384,383,4,0.002311268945783119,-1.0752698962987633e-05
CX,25,384,0,5,0.0038973476162691384,1.2497311499241615e-06
CX,25,384,128,5,0.00982537038067287,3.919787630830295e-06
CX,25,384,255,5,0.002424117066987832,-5.977770700855457e-08
CX,25,384,383,5,0.0047504327781229,9.267520781446319e-06
CX,25,384,0,6,0.006271658578977846,-1.4169575678874109e-05
CX,25,384,128,6,0.0066974596051639496,-6.271114246517379e-07
CX,25,384,255,6,0.0009301503330442373,-1.1152623349976838e-06
CX,25,384,383,6,0.0025659066719449946,-1.7158262088706395e-06
CX,25,384,0,7,0.014889960941948575,-1.855316289665833e-05
CX,25,384,128,7,0.0009721147647147544,-0.00017973944751619773
CX,25,384,255,7,0.0030884503906500036,1.012167980790732e-05
CX,25,384,383,7,0.00019064061096410055,-1.5299351832621065e-05
CX,25,384,0,8,0.0006691248828168111,-3.1148198075176855e-06
CX,25,384,128,8,0.001182458234158867,0.0001113268799181658
CX,25,384,255,8,0.0011421362496899523,-0.00019782755573047032
CX,25,384,383,8,0.008633185272798473,-5.869207120908891e-06
CX,25,384,0,9,0.001891016566930909,1.162395053054912e-05
CX,25,384,128,9,0.0035144220294290457,1.8460969324139275e-05
CX,25,384,255,9,0.004735729867374624,-4.7788104762692e-05
CX,25,384,383,9,0.0020837875201487016,7.024456816795443e-05
CX,25,384,0,10,0.0010502706684559647,-2.0955263066297605e-06
CX,25,384,128,10,0.0037011092174839746,4.051892844820571e-05
CX,25,384,255,10,0.0035182697511187307,-2.129774320210807e-05
CX,25,384,383,10,0.005422897494875111,2.1253938975741827e-06
CX,25,384,0,11,0.0071572544864175035,-4.780510597026266e-05
CX,25,384,128,11,0.0012617318857274177,-0.00021203449610991142
CX,25,384,255,11,0.0016997750569891586,8.614720412787362e-05
CX,25,384,383,11,0.002521634566462182,-7.891275591147013e-05
CX,25,384,0,12,0.007619772579435001,2.1316265210748715e-05
CX,25,384,128,12,0.0016330730865296717,-1.0778335133589632e-06
CX,25,384,255,12,0.0013722089587026982,-1.4446936424667831e-05
CX,25,384,383,12,0.001315286699253624,-3.0245631567587645e-06
CX,25,384,0,13,0.008878543034469609,4.692233196296734e-06
CX,25,384,128,13,0.004387359887842448,-1.373335398547682e-05
CX,25,384,255,13,0.004123331996868824,5.360304815914631e-05
CX,25,384,383,13,0.010631823655453468,7.65911062301566e-05
CX,25,384,0,14,0.001180097344621778,-2.52347734437555e-05
CX,25,384,128,14,0.0025439047763065915,-3.663265479871805e-08
CX,25,384,255,14,0.0023377675817121313,-1.4267688613412483e-05
CX,25,384,383,14,0.0070331197038033645,-5.144464808507876e-07
CX,25,384,0,15,0.009614907280646656,-2.076281772955878e-06
CX,25,384,128,15,0.0023310152832743433,2.2498859370066564e-06
CX,25,384,255,15,0.0008778357226395394,5.765502102974239e-07
CX,25,384,383,15,0.0061699382851706916,-6.24140527536723e-06
CX,25,384,0,16,6.039120287764277e-05,-5.171746516623361e-06
CX,25,384,128,16,0.004036742041594298,2.695837006505243e-06
CX,25,384,255,16,0.0030923574616010738,-6.448839080675102e-07
CX,25,384,383,16,0.0028972541747430756,3.7631483121998396e-06
CX,25,384,0,17,0.002332054281853888,5.272895603322311e-06
CX,25,384,128,17,0.0016745659178704132,-1.5888716945662593e-06
CX,25,384,255,17,0.0005877255659981956,6.7703701369173355e-06
CX,25,384,383,17,0.0008171008059543335,-1.0130100394523003e-05
CX,25,384,0,18,0.010008619931615498,6.898315747176886e-05
CX,25,384,128,18,0.0038361243185084243,7.644005994652158e-07
CX,25,384,255,18,0.00010621886025196361,-3.930826061072652e-06
CX,25,384,383,18,0.0107260171494401,-2.638186704990617e-06
CX,25,384,0,19,0.0053401409105513645,1.4121245316199396e-05
CX,25,384,128,19,0.002815693527581942,-5.011329399411471e-06
CX,25,384,255,19,0.0010089775577781209,-3.1811541008547935e-05
CX,25,384,383,19,0.0041093195345560055,7.749980994952409e-05
CX,25,384,0,20,0.003052888138185446,-5.421791094832898e-05
CX,25,384,128,20,0.0012893983370652724,-1.3877922165196988e-05
CX,25,384,255,20,0.0013212415442696213,5.8809802418053056e-05
CX,25,384,383,20,0.006065566669357544,0.0001063790222326688
CX,25,384,0,21,0.004528138728998201,-5.1954782085211686e-06
CX,25,384,128,21,0.00457380673809564,-1.5549813576386715e-06
CX,25,384,255,21,0.0027409676794009695,3.140992631937042e-07
CX,25,384,383,21,0.00271738172967666,5.1360460670687655e-06
CX,25,384,0,22,0.0057918309912078515,-0.00017395345129080604
CX,25,384,128,22,0.0011915776240723945,6.41643095345432e-05
CX,25,384,255,22,0.0010545154879670685,8.93362376425382e-05
CX,25,384,383,22,0.009556895179391981,-0.0002505323185182911
CX,25,384,0,23,0.009979025247290435,-3.429382684877707e-06
CX,25,384,128,23,0.0021932244952047376,-2.2411218073800946e-06
CX,25,384,255,23,0.008044398006266273,-2.3420673833681574e-05
CX,25,384,383,23,0.008190696894973946,8.354479789723054e-05
CX,25,384,0,24,0.0009694082008929572,1.3834305961679713e-05
CX,25,384,128,24,0.0017544952333318708,5.511236106221198e-06
CX,25,384,255,24,0.00414381001157952,-3.5006584335136883e-06
CX,25,384,383,24,0.01084180617314686,-6.820193630738389e-05
CX,25,384,0,25,0.008001386383272852,-9.430525616939779e-05
CX,25,384,128,25,0.0010974475977820934,-1.4411452387626688e-05
CX,25,384,255,25,0.007242837391352442,-5.44382263537881e-06
CX,25,384,383,25,0.001882656090922776,1.384859986966946e-05
CX,25,384,0,26,0.008365173519214031,-7.115623465881599e-08
CX,25,384,128,26,0.010197829031140871,2.5122857624532837e-08
CX,25,384,255,26,0.0007571350092565924,-1.1300570295334506e-06
CX,25,384,383,26,0.001069718409781348,0.00022865454500308973
CX,25,384,0,27,0.0021095287695583713,0.0005608993529999853
CX,25,384,128,27,0.004357316354114134,-9.59116871210655e-05
CX,25,384,255,27,0.0013063259537516153,-0.00039348157893862723
CX,25,384,383,27,0.0015833658091834021,-0.0008160094000357088
CX,25,384,0,28,0.009858121463829467,3.174145989383553e-07
CX,25,384,128,28,0.002116186473936236,4.498636606934943e-06
CX,25,384,255,28,0.0011832113563407533,-6.807768192625346e-07
CX,25,384,383,28,0.004540975536325265,2.1070990377590034e-07
CX,25,384,0,29,0.009433567226686748,-2.0208546283178056e-05
CX,25,384,128,29,0.0030519270422402216,-8.033844141834947e-06
CX,25,384,255,29,0.00418868272538243,-3.7200679358804704e-06
CX,25,384,383,29,0.0020229434014970415,-1.5659697690862447e-05
CX,25,384,0,30,0.0030906586989273106,-1.3043804414469946e-06
CX,25,384,128,30,0.00072085664280974,-1.255371466298721e-07
CX,25,384,255,30,0.0018941896184785012,-1.5199724535140732e-05
CX,25,384,383,30,0.005817276710850075,2.9054132065545437e-05
CX,25,384,0,31,0.004752397637982429,-8.622888394188196e-05
CX,25,384,128,31,0.0010599607057517177,-3.481015502162111e-05
CX,25,384,255,31,0.0018087530769714329,5.028548816221872e-06
CX,25,384,383,31,0.00475260935504738,-2.799072640945828e-05
CX,25,384,0,32,0.0024145406874537013,-1.1299366012350405e-05
CX,25,384,128,32,0.0024808323067511016,-4.624411989204527e-06
CX,25,384,255,32,0.00446763683806605,6.049004475959583e-06
CX,25,384,383,32,0.0016288666258050732,4.0608120416497006e-05
CX,25,384,0,33,0.01010414958066544,-1.598341178377441e-05
CX,25,384,128,33,0.002748278007550073,-1.4050047707877458e-05
CX,25,384,255,33,0.002911757030949981,7.496790854115767e-05
CX,25,384,383,33,0.004202199274013534,6.587882480712321e-06
CX,25,384,0,34,0.008316860197319973,-7.603099107840059e-06
CX,25,384,128,34,0.0034139584645448027,-4.7509641061077535e-06
CX,25,384,255,34,0.0006620044684275749,3.294049470550038e-05
CX,25,384,383,34,0.005025338441106134,-4.561322243188254e-05
CX,25,384,0,35,0.004338429061452604,-3.4918647907859084e-05
CX,25,384,128,35,0.00209635799563053,2.572858305867191e-06
CX,25,384,255,35,0.002328038583466252,4.575283976111604e-06
CX,25,384,383,35,0.0004050856722141067,-5.603090850145352e-06
CX,25,384,0,36,0.006840279944527277,4.636293616139568e-06
CX,25,384,128,36,0.003888574164368232,0.00010122206754015595
CX,25,384,255,36,0.0022759863378375832,-2.5162878214185412e-05
CX,25,384,383,36,0.0015493130349923062,0.00015139694653311712
CX,25,384,0,37,0.003623584497023248,9.583659679140001e-06
CX,25,384,128,37,0.0013149477852350555,8.623950690428482e-06
CX,25,384,255,37,0.0012069647622849585,-1.3978832995419216e-05
CX,25,384,383,37,0.004320256625279814,-2.1922116271562915e-05
CX,25,384,0,38,0.004388055484287871,5.829799026116783e-06
CX,25,384,128,38,0.004911397790776822,-2.349537307586865e-06
CX,25,384,255,38,0.00630785334905081,2.6105747908977566e-05
CX,25,384,383,38,0.0078336764872381,2.5385780547712133e-07
CX,25,384,0,39,0.004318045237556564,2.177258122464066e-05
CX,25,384,128,39,0.006055784308389923,-1.4629957886965436e-05
CX,25,384,255,39,0.0006451993311759242,-9.227250212279386e-05
CX,25,384,383,39,0.006084652143241652,-2.559241645238826e-05
CX,25,384,0,40,0.0025659881380884885,-6.770866049025915e-05
CX,25,384,128,40,0.010972378112925913,-8.841113373697574e-05
CX,25,384,255,40,0.00039505712230078016,1.1321414410749324e-06
CX,25,384,383,40,0.0023018499898849925,-2.7525427978434187e-06
CX,25,384,0,41,0.0014929067823574544,0.00013498375253685193
CX,25,384,128,41,0.003760742274789972,-2.484889494588579e-05
CX,25,384,255,41,0.0027779580591181584,0.000442336896171652
CX,25,384,383,41,0.00599065778022346,1.1186450224654917e-05
CX,25,384,0,42,0.0068235485761617715,2.7589318683464063e-06
CX,25,384,128,42,0.0028321898388498404,-1.6610228097403937e-07
CX,25,384,255,42,0.006206056813610123,-1.3111003773255663e-05
CX,25,384,383,42,0.0015810064731785237,4.926286745763811e-06
CX,25,384,0,43,0.002638298135126673,4.3216353542299495e-06
CX,25,384,128,43,0.0020717219822949523,1.3877181525178326e-05
CX,25,384,255,43,0.0010107379911522786,-9.232515024354052e-06
CX,25,384,383,43,0.009747315179688151,1.02420572149684e-05
CX,25,384,0,44,0.00209385330357101,1.2798341165184896e-05
CX,25,384,128,44,0.003443199018289583,-3.924148220012583e-06
CX,25,384,255,44,0.001406039337818244,-2.238593982391648e-06
CX,25,384,383,44,0.00242112649600246,8.022293666411688e-07
CX,25,384,0,45,0.013656357885026248,-1.958015666412487e-06
CX,25,384,128,45,0.001501710079173053,-5.057227181886898e-06
CX,25,384,255,45,0.004177832475639165,-2.5274474282282134e-05
CX,25,384,383,45,0.006200502699647142,-1.2786170713313258e-05
CX,25,384,0,46,0.001497122266233577,2.3309890664205478e-06
CX,25,384,128,46,0.009522855385040134,-8.167352968455467e-06
CX,25,384,255,46,0.007618497540109235,6.949327179549583e-06
CX,25,384,383,46,0.0016135634352119966,-5.097280337584603e-07
CX,25,384,0,47,7.737895661036106e-05,3.962434888668195e-06
CX,25,384,128,47,0.013759392126759735,-4.084421701070341e-05
CX,25,384,255,47,0.0005600745639797008,1.060227391855772e-05
CX,25,384,383,47,0.003684574072215539,2.2494280867640196e-05
CX,25,384,0,48,0.0057674173895859585,-8.160248873379048e-05
CX,25,384,128,48,0.0026751005004695227,-1.750797103730042e-05
CX,25,384,255,48,0.000187078750329389,-1.3771561351689184e-06
CX,25,384,383,48,0.0005023169490271269,-3.244093356577146e-06
CX,25,384,0,49,0.006417843303122991,2.582748900883361e-06
CX,25,384,128,49,0.005025803613025936,4.59941665848884e-06
CX,25,384,255,49,0.0004671742754404097,-1.5893501652711902e-05
CX,25,384,383,49,0.006639379556187116,1.2838250529543562e-05
CX,26,400,0,0,0.0012531394016588153,-7.718044980992655e-05
CX,26,400,133,0,0.0,0.0
CX,26,400,266,0,0.0,0.0
CX,26,400,399,0,0.0013201117828770743,-3.311274773256864e-06
CX,26,400,0,1,0.005500520412282109,-1.6139361004799812e-06
CX,26,400,133,1,0.0,0.0
CX,26,400,266,1,0.0,0.0
CX,26,400,399,1,0.004351733627390143,-1.3511690028857361e-05
CX,26,400,0,2,0.0053968460281819215,1.649785776182644e-05
CX,26,400,133,2,0.0,0.0
CX,26,400,266,2,0.0,0.0
CX,26,400,399,2,0.0009431289200075776,-3.6359282882183625e-06
CX,26,400,0,3,0.002755896172045704,-7.2190675658200575e-06
CX,26,400,133,3,0.0,0.0
CX,26,400,266,3,0.0,0.0
CX,26,400,399,3,0.00014258086769216368,1.355047110047989e-06
CX,26,400,0,4,0.004330037896312511,2.668111080786654e-05
CX,26,400,133,4,0.0,0.0
CX,26,400,266,4,0.0,0.0
CX,26,400,399,4,0.001296937138018492,0.00014330676440307962
CX,26,400,0,5,0.0066998828249940495,6.943054140108986e-08
CX,26,400,133,5,0.0,0.0
CX,26,400,266,5,0.0,0.0
CX,26,400,399,5,0.0009606038378896536,-2.072390312929075e-06
CX,26,400,0,6,0.005530885757939807,2.3502597745983468e-06
CX,26,400,133,6,0.0,0.0
CX,26,400,266,6,0.0,0.0
CX,26,400,399,6,0.00019633596443441832,-3.507786794034227e-05
CX,26,400,0,7,0.0006627432830734968,-1.5571212563434116e-05
CX,26,400,133,7,0.0,0.0
CX,26,400,266,7,0.0,0.0
CX,26,400,399,7,0.0008103519244013487,4.933728426482044e-06
CX,26,400,0,8,0.001363373326252099,-8.369415588902524e-05
CX,26,400,133,8,0.0,0.0
CX,26,400,266,8,0.0,0.0
CX,26,400,399,8,0.00204436140093486,0.0004914125257459096
CX,26,400,0,9,0.003358234494087357,4.837583475587827e-06
CX,26,400,133,9,0.0,0.0
CX,26,400,266,9,0.0,0.0
CX,26,400,399,9,0.002075284453017728,-1.8798808193737238e-06
CX,26,400,0,10,0.011409715974053639,8.09865317050949e-06
CX,26,400,133,10,0.0,0.0
CX,26,400,266,10,0.0,0.0
CX,26,400,399,10,0.0010797278360535185,-2.1720823753955865e-06
CX,26,400,0,11,0.003952820918700031,1.754320792232483e-05
CX,26,400,133,11,0.0,0.0
CX,26,400,266,11,0.0,0.0
CX,26,400,399,11,0.0010324859763351112,-2.3391321893356144e-05
CX,26,400,0,12,0.00800409569407678,-1.6766887467803001e-06
CX,26,400,133,12,0.0,0.0
CX,26,400,266,12,0.0,0.0
CX,26,400,399,12,0.005761623337324375,1.42562690642954e-08
CX,26,400,0,13,0.013800229728112397,2.6149891521371097e-05
CX,26,400,133,13,0.0,0.0
CX,26,400,266,13,0.0,0.0
CX,26,400,399,13,0.0006333743344001319,-7.808786222078968e-05
CX,26,400,0,14,0.011170591645939981,8.260937066174932e-06
CX,26,400,133,14,0.0,0.0
CX,26,400,266,14,0.0,0.0
CX,26,400,399,14,0.0025674888761184774,-5.532570174461234e-06
CX,26,400,0,15,0.0071497918178132095,9.882569326478984e-07
CX,26,400,133,15,0.0,0.0
CX,26,400,266,15,0.0,0.0
CX,26,400,399,15,0.0007921407644414037,2.781401248134042e-06
CX,26,400,0,16,0.010812605099759742,5.56297848416801e-05
CX,26,400,133,16,0.0,0.0
CX,26,400,266,16,0.0,0.0
CX,26,400,399,16,0.00032073250894861264,7.429206006756344e-05
CX,26,400,0,17,0.00885339742987695,0.00029379514607534487
CX,26,400,133,17,0.0,0.0
CX,26,400,266,17,0.0,0.0
CX,26,400,399,17,0.002258696935010513,5.296656812827553e-05
CX,26,400,0,18,0.0055962214628326136,-2.995142340758145e-05
CX,26,400,133,18,0.0,0.0
CX,26,400,266,18,0.0,0.0
CX,26,400,399,18,0.004665640519793847,-2.831121654640341e-06
CX,26,400,0,19,0.003779037417324951,7.46787228715249e-05
CX,26,400,133,19,0.0,0.0
CX,26,400,266,19,0.0,0.0
CX,26,400,399,19,0.005067894366346753,-0.000221405206628488
CX,26,400,0,20,0.008492553143995165,-4.9841927362861374e-06
CX,26,400,133,20,0.0,0.0
CX,26,400,266,20,0.0,0.0
CX,26,400,399,20,0.0063529621875105845,3.6153662080087395e-07
CX,26,400,0,21,0.0025002702174253357,8.189653110806131e-06
CX,26,400,133,21,0.0,0.0
CX,26,400,266,21,0.0,0.0
CX,26,400,399,21,0.00827393624360789,1.673538139191082e-05
CX,26,400,0,22,0.0026655571254060105,-8.363517307364859e-05
CX,26,400,133,22,0.0,0.0
CX,26,400,266,22,0.0,0.0
CX,26,400,399,22,0.0003788243921381068,-8.72297180518869e-05
CX,26,400,0,23,0.0006669737739364074,-4.018892375940125e-06
CX,26,400,133,23,0.0,0.0
CX,26,400,266,23,0.0,0.0
CX,26,400,399,23,0.0006090647056008299,-8.208410486694115e-06
CX,26,400,0,24,0.006846498482998093,-7.272200289997688e-06
CX,26,400,133,24,0.0,0.0
CX,26,400,266,24,0.0,0.0
CX,26,400,399,24,0.0030615818504205992,-3.402227016027103e-06
CX,26,400,0,25,0.008410073291921987,-1.5166867880291337e-06
CX,26,400,133,25,0.0,0.0
CX,26,400,266,25,0.0,0.0
CX,26,400,399,25,0.0006316619721902653,1.1446726983703295e-05
CX,26,400,0,26,0.000666422980992407,4.867923784396925e-06
CX,26,400,133,26,0.0,0.0
CX,26,400,266,26,0.0,0.0
CX,26,400,399,26,0.0004681311596309295,7.7445619904061e-07
CX,26,400,0,27,0.003056422030458122,-2.9722494178534608e-06
CX,26,400,133,27,0.0,0.0
CX,26,400,266,27,0.0,0.0
CX,26,400,399,27,0.0037244336176903035,2.109839551094202e-05
CX,26,400,0,28,0.003899062662960745,-1.5024555274431993e-06
CX,26,400,133,28,0.0,0.0
CX,26,400,266,28,0.0,0.0
CX,26,400,399,28,0.004045480994832174,-3.310581863697246e-05
CX,26,400,0,29,0.0014207171287371329,1.2916324636230844e-06
CX,26,400,133,29,0.0,0.0
CX,26,400,266,29,0.0,0.0
CX,26,400,399,29,0.0009582712999692062,-3.5077863052115125e-06
CX,26,400,0,30,0.00739240773044091,3.2540018491284415e-05
CX,26,400,133,30,0.0,0.0
CX,26,400,266,30,0.0,0.0
CX,26,400,399,30,0.002294450482970196,-7.536498748409912e-05
CX,26,400,0,31,0.003557635255090872,-1.1193830616017264e-06
CX,26,400,133,31,0.0,0.0
CX,26,400,266,31,0.0,0.0
CX,26,400,399,31,0.001556392726527568,-5.5951466233480276e-05
CX,26,400,0,32,0.009438833012812484,7.827288958043438e-06
CX,26,400,133,32,0.0,0.0
CX,26,400,266,32,0.0,0.0
CX,26,400,399,32,0.00041290113924988714,0.00010823247431482936
CX,26,400,0,33,0.0022237510518616065,-9.962729386519468e-06
CX,26,400,133,33,0.0,0.0
CX,26,400,266,33,0.0,0.0
CX,26,400,399,33,9.970835760305812e-06,1.6155374442188527e-06
CX,26,400,0,34,0.009423909567249748,-1.5513237761988032e-06
CX,26,400,133,34,0.0,0.0
CX,26,400,266,34,0.0,0.0
CX,26,400,399,34,0.00038849913848152876,-1.7924331696629254e-06
CX,26,400,0,35,0.008438441554582633,-3.477974636263183e-05
CX,26,400,133,35,0.0,0.0
CX,26,400,266,35,0.0,0.0
CX,26,400,399,35,0.0008132556610342059,1.641562336231325e-05
CX,26,400,0,36,0.0060578247979048,4.065411865352244e-06
CX,26,400,133,36,0.0,0.0
CX,26,400,266,36,0.0,0.0
CX,26,400,399,36,0.0003384417187966389,6.6836289915433145e-06
CX,26,400,0,37,0.000870758910032621,-1.4289738972862079e-05
CX,26,400,133,37,0.0,0.0
CX,26,400,266,37,0.0,0.0
CX,26,400,399,37,0.000630975609246049,1.711218845117969e-05
CX,26,400,0,38,0.001303237215832515,1.9279806185112892e-05
CX,26,400,133,38,0.0,0.0
CX,26,400,266,38,0.0,0.0
CX,26,400,399,38,0.0054283241839145685,1.5947671121500048e-06
CX,26,400,0,39,0.0059654166663847576,7.211700763746098e-06
CX,26,400,133,39,0.0,0.0
CX,26,400,266,39,0.0,0.0
CX,26,400,399,39,0.003465605693776553,-1.3805529724068137e-05
CX,26,400,0,40,0.0022435474576869294,-6.507062539823686e-08
CX,26,400,133,40,0.0,0.0
CX,26,400,266,40,0.0,0.0
CX,26,400,399,40,0.002628521869912757,4.332869304960466e-06
CX,26,400,0,41,0.003353260774934105,4.6144300749522134e-07
CX,26,400,133,41,0.0,0.0
CX,26,400,266,41,0.0,0.0
CX,26,400,399,41,0.0033916466865520577,1.221599758389451e-06
CX,26,400,0,42,0.003252420946772405,3.182659933192414e-05
CX,26,400,133,42,0.0,0.0
CX,26,400,266,42,0.0,0.0
CX,26,400,399,42,0.005023800218402151,3.8487690011206836e-06
CX,26,400,0,43,0.003001187952085743,-4.165112005565397e-05
CX,26,400,133,43,0.0,0.0
CX,26,400,266,43,0.0,0.0
CX,26,400,399,43,0.0034680184259270274,-0.00015206017381938584
CX,26,400,0,44,0.0026557823702587813,1.9026732460077943e-06
CX,26,400,133,44,0.0,0.0
CX,26,400,266,44,0.0,0.0
CX,26,400,399,44,0.0002455644460033672,5.904494795384071e-07
CX,26,400,0,45,0.009011457348924362,6.968018539383723e-06
CX,26,400,133,45,0.0,0.0
CX,26,400,266,45,0.0,0.0
CX,26,400,399,45,0.0008148107203967486,4.297455743110353e-05
CX,26,400,0,46,0.004157868365924933,-2.8315407202099403e-06
CX,26,400,133,46,0.0,0.0
CX,26,400,266,46,0.0,0.0
CX,26,400,399,46,0.006607792195778765,1.6641753681650745e-05
CX,26,400,0,47,0.003131784815063837,-2.0831132210861793e-05
CX,26,400,133,47,0.0,0.0
CX,26,400,266,47,0.0,0.0
CX,26,400,399,47,0.0009136928679286755,5.131468688824529e-07
CX,26,400,0,48,0.0065831453935542815,-8.574851736325474e-06
CX,26,400,133,48,0.0,0.0
CX,26,400,266,48,0.0,0.0
CX,26,400,399,48,0.00011772207157716913,0.00011894973398088672
CX,26,400,0,49,0.008225708826369003,-1.4465127530400863e-07
CX,26,400,133,49,0.0,0.0
CX,26,400,266,49,0.0,0.0
CX,26,400,399,49,0.005090907870258072,1.5529483742955054e-06
CX,27,416,0,0,0.0015699307409837424,1.0491153453616354e-05
CX,27,416,138,0,0.0,0.0
CX,27,416,277,0,0.0,0.0
CX,27,416,415,0,0.009076551996414677,7.99994447524602e-05
CX,27,416,0,1,0.007723109300431623,2.404663941011937e-06
CX,27,416,138,1,0.0,0.0
CX,27,416,277,1,0.0,0.0
CX,27,416,415,1,0.001329910859180991,-1.7417172432500176e-05
CX,27,416,0,2,0.004526392007071469,1.976673549132859e-07
CX,27,416,138,2,0.0,0.0
CX,27,416,277,2,0.0,0.0
CX,27,416,415,2,0.005219228547275272,-2.3194926748408305e-05
CX,27,416,0,3,0.011246366083174782,8.064523014498797e-07
CX,27,416,138,3,0.0,0.0
CX,27,416,277,3,0.0,0.0
CX,27,416,415,3,0.00320478243785886,7.088545314250661e-05
CX,27,416,0,4,0.0036197025922855832,-1.172713049308856e-05
CX,27,416,138,4,0.0,0.0
CX,27,416,277,4,0.0,0.0
CX,27,416,415,4,0.00730725786182679,1.366203410371378e-05
CX,27,416,0,5,0.006132214127418318,-3.0693275180100205e-06
CX,27,416,138,5,0.0,0.0
CX,27,416,277,5,0.0,0.0
CX,27,416,415,5,0.0016752961014580368,-1.992490133015314e-06
CX,27,416,0,6,0.0015648031421762543,-3.7272642127097413e-06
CX,27,416,138,6,0.0,0.0
CX,27,416,277,6,0.0,0.0
CX,27,416,415,6,0.005347385266248665,1.2655250427468713e-06
CX,27,416,0,7,0.00814184837997674,0.00018020290553537926
CX,27,416,138,7,0.0,0.0
CX,27,416,277,7,0.0,0.0
CX,27,416,415,7,0.00013919557423744473,-0.00010631784773715941
CX,27,416,0,8,0.0014861783527118128,1.078361530828392e-06
CX,27,416,138,8,0.0,0.0
CX,27,416,277,8,0.0,0.0
CX,27,416,415,8,0.004784676502190829,-1.4651882155057626e-07
CX,27,416,0,9,0.004719650742745602,1.872251438356665e-07
CX,27,416,138,9,0.0,0.0
CX,27,416,277,9,0.0,0.0
CX,27,416,415,9,0.00012806059112313608,-1.3108403507214358e-05
CX,27,416,0,10,0.01095013945016297,-3.2317010825843746e-06
CX,27,416,138,10,0.0,0.0
CX,27,416,277,10,0.0,0.0
CX,27,416,415,10,0.0038878135137691513,-2.801920845406196e-07
CX,27,416,0,11,0.0009266927366783768,-8.50814211708208e-06
CX,27,416,138,11,0.0,0.0
CX,27,416,277,11,0.0,0.0
CX,27,416,415,11,0.00044042430040900754,-1.0524637027704385e-05
CX,27,416,0,12,0.008762325232599642,-7.351484530782085e-08
CX,27,416,138,12,0.0,0.0
CX,27,416,277,12,0.0,0.0
CX,27,416,415,12,0.0016119369230818863,2.664353064468061e-06
CX,27,416,0,13,0.005185274369997733,-3.1230502671698516e-06
CX,27,416,138,13,0.0,0.0
CX,27,416,277,13,0.0,0.0
CX,27,416,415,13,0.0013606966518854254,-2.3140163511747594e-05
CX,27,416,0,14,0.013429446213567257,8.65831757391978e-05
CX,27,416,138,14,0.0,0.0
CX,27,416,277,14,0.0,0.0
CX,27,416,415,14,0.006828787514191644,-0.00010059706376556401
CX,27,416,0,15,0.008604284920133359,4.4154890341820973e-07
CX,27,416,138,15,0.0,0.0
CX,27,416,277,15,0.0,0.0
CX,27,416,415,15,0.0039974738747697225,-4.9532252538638214e-06
CX,27,416,0,16,0.006692790371786071,7.250852236523715e-07
CX,27,416,138,16,0.0,0.0
CX,27,416,277,16,0.0,0.0
CX,27,416,415,16,0.0007613875614445053,1.197501173588204e-05
CX,27,416,0,17,0.0013105340524011383,7.18892944356371e-07
CX,27,416,138,17,0.0,0.0
CX,27,416,277,17,0.0,0.0
CX,27,416,415,17,0.003405684664467142,3.8951128718037165e-06
CX,27,416,0,18,0.00015031371065646527,2.021175334913851e-06
CX,27,416,138,18,0.0,0.0
CX,27,416,277,18,0.0,0.0
CX,27,416,415,18,0.008570644836805575,-2.247226584098415e-05
CX,27,416,0,19,0.004450597954710665,-5.2988959133883325e-06
CX,27,416,138,19,0.0,0.0
CX,27,416,277,19,0.0,0.0
CX,27,416,415,19,0.0007026395497634805,1.6539656478617275e-05
CX,27,416,0,20,0.004976658134059575,-1.7887814196467937e-05
CX,27,416,138,20,0.0,0.0
CX,27,416,277,20,0.0,0.0
CX,27,416,415,20,0.004887456223905219,-2.296460774770274e-07
CX,27,416,0,21,0.0038422635760550564,-1.2222507351891447e-05
CX,27,416,138,21,0.0,0.0
CX,27,416,277,21,0.0,0.0
CX,27,416,415,21,0.00410882382055887,8.236818174510517e-06
CX,27,416,0,22,0.0019135216325104456,5.952293205528392e-07
CX,27,416,138,22,0.0,0.0
CX,27,416,277,22,0.0,0.0
CX,27,416,415,22,0.0014428668563250247,-1.0626679480645727e-05
CX,27,416,0,23,0.005588170478359517,-1.1917590054256174e-05
CX,27,416,138,23,0.0,0.0
CX,27,416,277,23,0.0,0.0
CX,27,416,415,23,0.0034413926000015677,-5.743536766659009e-07
CX,27,416,0,24,0.002520123181657004,-4.861560543782499e-06
CX,27,416,138,24,0.0,0.0
CX,27,416,277,24,0.0,0.0
CX,27,416,415,24,8.408393651264613e-05,-6.038883799927053e-05
CX,27,416,0,25,0.001291408404966428,1.1622810596996837e-07
CX,27,416,138,25,0.0,0.0
CX,27,416,277,25,0.0,0.0
CX,27,416,415,25,0.006335317414723053,3.967949570193754e-06
CX,27,416,0,26,0.0009256306661423519,3.385445317468239e-06
CX,27,416,138,26,0.0,0.0
CX,27,416,277,26,0.0,0.0
CX,27,416,415,26,0.00412909877036058,2.802688501625413e-06
CX,27,416,0,27,0.0089551016791598,-1.8358113383211785e-05
CX,27,416,138,27,0.0,0.0
CX,27,416,277,27,0.0,0.0
CX,27,416,415,27,0.0018472818438180247,-1.2032653776051397e-05
CX,27,416,0,28,0.009445345341305937,-4.8312541211617305e-06
CX,27,416,138,28,0.0,0.0
CX,27,416,277,28,0.0,0.0
CX,27,416,415,28,0.008960536546450501,7.494064740713366e-06
CX,27,416,0,29,0.002314392497439046,-2.6084446646694154e-05
CX,27,416,138,29,0.0,0.0
CX,27,416,277,29,0.0,0.0
CX,27,416,415,29,0.0025979761357768057,4.819196483914271e-08
CX,27,416,0,30,0.008606988632476303,4.747549284141162e-06
CX,27,416,138,30,0.0,0.0
CX,27,416,277,30,0.0,0.0
CX,27,416,415,30,0.0023633853914930263,2.402024293884756e-05
CX,27,416,0,31,0.008625434509141626,-4.345687705315369e-06
CX,27,416,138,31,0.0,0.0
CX,27,416,277,31,0.0,0.0
CX,27,416,415,31,0.008342287831591853,6.149623535306976e-06
CX,27,416,0,32,0.002015285986227954,-7.836976915165351e-06
CX,27,416,138,32,0.0,0.0
CX,27,416,277,32,0.0,0.0
CX,27,416,415,32,0.0027643845473457164,-7.496416589895399e-06
CX,27,416,0,33,0.011883439169896887,1.8945262495094156e-06
CX,27,416,138,33,0.0,0.0
CX,27,416,277,33,0.0,0.0
CX,27,416,415,33,0.00013046128133609104,-2.375679645342274e-06
CX,27,416,0,34,0.003386936678817709,-2.513085560438828e-06
CX,27,416,138,34,0.0,0.0
CX,27,416,277,34,0.0,0.0
CX,27,416,415,34,0.0004306376614638519,7.361170636124804e-05
CX,27,416,0,35,0.005838972981938761,1.2027618723777023e-05
CX,27,416,138,35,0.0,0.0
CX,27,416,277,35,0.0,0.0
CX,27,416,415,35,0.00158436168815706,4.852106509907333e-06
CX,27,416,0,36,0.006215692530476424,6.844665346252042e-06
CX,27,416,138,36,0.0,0.0
CX,27,416,277,36,0.0,0.0
CX,27,416,415,36,0.0014229624624457927,5.068599103527204e-06
CX,27,416,0,37,0.005208524551248061,-3.5963282398361874e-06
CX,27,416,138,37,0.0,0.0
CX,27,416,277,37,0.0,0.0
CX,27,416,415,37,0.0045747225179952776,-1.341971892818665e-05
CX,27,416,0,38,0.0032579740839558734,1.1150447238648485e-05
CX,27,416,138,38,0.0,0.0
CX,27,416,277,38,0.0,0.0
CX,27,416,415,38,0.008732293161984905,1.6671533565891018e-05
CX,27,416,0,39,0.008812147239438942,-1.016206595021369e-06
CX,27,416,138,39,0.0,0.0
CX,27,416,277,39,0.0,0.0
CX,27,416,415,39,0.0030666756262027,-7.755093943862152e-07
CX,27,416,0,40,0.00218382797554,-1.4547130757682086e-06
CX,27,416,138,40,0.0,0.0
CX,27,416,277,40,0.0,0.0
CX,27,416,415,40,0.003604308351976774,1.3089883793778891e-05
CX,27,416,0,41,0.00883059842969687,3.866539681584476e-06
CX,27,416,138,41,0.0,0.0
CX,27,416,277,41,0.0,0.0
CX,27,416,415,41,0.0031430043422193002,1.9388740311777157e-05
CX,27,416,0,42,0.005960957788335378,0.00015596042714661335
CX,27,416,138,42,0.0,0.0
CX,27,416,277,42,0.0,0.0
CX,27,416,415,42,0.003506094771231902,1.5220122571665306e-05
CX,27,416,0,43,0.00548783489427391,-9.271257701751851e-06
CX,27,416,138,43,0.0,0.0
CX,27,416,277,43,0.0,0.0
CX,27,416,415,43,0.008570755247881477,1.1260814110573953e-05
CX,27,416,0,44,0.007825123942075088,-2.9794188858993686e-06
CX,27,416,138,44,0.0,0.0
CX,27,416,277,44,0.0,0.0
CX,27,416,415,44,0.00640292434774693,1.163476275517955e-05
CX,27,416,0,45,0.004817127975952647,4.76363282360713e-06
CX,27,416,138,45,0.0,0.0
CX,27,416,277,45,0.0,0.0
CX,27,416,415,45,0.0003777434508383817,5.109587509425422e-06
CX,27,416,0,46,0.007645153958731731,-2.5965283930375693e-06
CX,27,416,138,46,0.0,0.0
CX,27,416,277,46,0.0,0.0
CX,27,416,415,46,0.001231989343298909,2.212591232426046e-06
CX,27,416,0,47,0.002883499706230327,-5.270891106459491e-07
CX,27,416,138,47,0.0,0.0
CX,27,416,277,47,0.0,0.0
CX,27,416,415,47,0.003819201881702115,-8.941304143837144e-06
CX,27,416,0,48,0.008547456153547366,1.4333992450511066e-06
CX,27,416,138,48,0.0,0.0
CX,27,416,277,48,0.0,0.0
CX,27,416,415,48,0.0004203372371279038,1.3445172125738348e-05
CX,27,416,0,49,0.003059958580914619,7.388455388681577e-07
CX,27,416,138,49,0.0,0.0
CX,27,416,277,49,0.0,0.0
CX,27,416,415,49,0.004271437687592907,4.559068447456049e-08
CX,28,432,0,0,0.0075340817785171455,7.907340318726966e-06
CX,28,432,144,0,0.0006511216011837071,4.177878794745928e-06
CX,28,432,287,0,0.003806517710128034,-2.826462662188186e-06
CX,28,432,431,0,0.0008489498287707699,2.4477044547664914e-05
CX,28,432,0,1,0.0020661360394002314,-1.4724013405276267e-05
CX,28,432,144,1,0.002299924795278529,3.596329421769022e-05
CX,28,432,287,1,0.0015994640266632008,1.440476695918429e-05
CX,28,432,431,1,0.003137239463167522,-1.6525143731703495e-05
CX,28,432,0,2,0.005406436618460351,6.095556415368024e-07
CX,28,432,144,2,0.004061599609685133,2.607776034070445e-07
CX,28,432,287,2,0.0018033071898915375,-2.1875325018130648e-07
CX,28,432,431,2,0.004984074913699154,2.5020749590774947e-07
CX,28,432,0,3,0.003647661505208368,2.3942630579423634e-07
CX,28,432,144,3,0.00395047361588393,6.174275139891731e-05
CX,28,432,287,3,0.0003321278207958877,-1.9118083579048673e-05
CX,28,432,431,3,0.00015607633985199472,-6.226140780241432e-05
CX,28,432,0,4,0.00546898041360399,-4.240602351139629e-06
CX,28,432,144,4,0.003856857942122107,-1.2196186714928839e-05
CX,28,432,287,4,0.0004291825583807631,1.5765097765720155e-06
CX,28,432,431,4,0.0070447105655515015,-1.3584497822375129e-05
CX,28,432,0,5,0.006634721425941279,-1.3010798402348607e-08
CX,28,432,144,5,0.0018900950998715662,-2.1877200779342137e-07
CX,28,432,287,5,0.002409595086549696,1.3765302142296825e-05
CX,28,432,431,5,0.005709787050492604,-2.332696092080615e-06
CX,28,432,0,6,0.005215158616001941,-2.9044292531369393e-05
CX,28,432,144,6,0.0022778922297296868,3.238969168759919e-06
CX,28,432,287,6,0.0019047213056411845,-2.484952641081144e-05
CX,28,432,431,6,0.0018669637199026606,1.570702947453718e-06
CX,28,432,0,7,0.0028976173271290533,4.337227706299003e-06
CX,28,432,144,7,0.00484653513913721,-2.3890347913921996e-05
CX,28,432,287,7,0.0011339839489749198,-4.450870039689842e-05
CX,28,432,431,7,0.0003909735459682308,0.00013394539355438256
CX,28,432,0,8,0.0006534405585799421,-9.810676645292222e-07
CX,28,432,144,8,0.0009663326640839495,6.6015091005507914e-06
CX,28,432,287,8,0.004329196757050524,-4.330817163256692e-06
CX,28,432,431,8,0.001845042170394279,6.3530511727181735e-06
CX,28,432,0,9,0.007429777718758827,-3.382812726786195e-06
CX,28,432,144,9,0.00254043519550082,1.2181385520728104e-06
CX,28,432,287,9,0.013949030582844826,-3.732332392230924e-07
CX,28,432,431,9,0.005694395074386097,-2.553674974304802e-06
CX,28,432,0,10,0.011415615844368746,-1.0131273156107707e-05
CX,28,432,144,10,0.003213297733649493,-3.6149087956482556e-06
CX,28,432,287,10,0.00033667167370363897,3.5864273819994216e-06
CX,28,432,431,10,0.00046991177981858367,2.9365933191133906e-07
CX,28,432,0,11,0.007319905486394685,-3.57340130712295e-06
CX,28,432,144,11,0.0037321566112359346,1.4366447446656743e-07
CX,28,432,287,11,0.0021852340727736798,-8.234625485985057e-07
CX,28,432,431,11,0.002345483428828091,1.3419252599279736e-08
CX,28,432,0,12,0.006139879469902777,-1.7658346770309703e-06
CX,28,432,144,12,0.003910381279761026,8.126825207915437e-07
CX,28,432,287,12,0.0014557615334975134,8.138733006093318e-07
CX,28,432,431,12,0.0013133405688532194,-1.5433511271601116e-06
CX,28,432,0,13,0.0030059615984408842,2.9113103039909707e-06
CX,28,432,144,13,0.003974354222352922,-6.1248253786571685e-06
CX,28,432,287,13,0.004253065697501492,-8.518910335301582e-06
CX,28,432,431,13,0.0008194436306526711,1.2621372638190743e-05
CX,28,432,0,14,0.010809608761420059,4.3353253891381915e-07
CX,28,432,144,14,0.003640853405157946,2.052695451139466e-06
CX,28,432,287,14,0.0023422241963461377,-1.2550624364076072e-06
CX,28,432,431,14,0.00106347003131565,9.022222661149631e-07
CX,28,432,0,15,0.00843525018398335,-2.4777062876275037e-06
CX,28,432,144,15,0.0003171734966710871,-2.5226327555715115e-07
CX,28,432,287,15,0.0010407560352062829,-1.2460965092864087e-07
CX,28,432,431,15,0.0042425366435284665,9.746027451374835e-08
CX,28,432,0,16,0.003320855427578196,-1.777139355897732e-05
CX,28,432,144,16,0.002665501744972012,-4.288396281538451e-06
CX,28,432,287,16,0.0037299178053069692,-7.034683246060342e-06
CX,28,432,431,16,0.006579489364651601,-3.2175531075611824e-06
CX,28,432,0,17,0.007094871277949026,7.0540090605076234e-06
CX,28,432,144,17,0.00241065824523904,8.162409446667252e-06
CX,28,432,287,17,0.004393624291142183,-6.668034006726454e-07
CX,28,432,431,17,0.003446146462776275,2.825674917100317e-07
CX,28,432,0,18,0.002866399556202625,9.843869189871005e-07
CX,28,432,144,18,0.001014978731083057,4.10956357588897e-07
CX,28,432,287,18,0.00030272793536933464,-1.2825626237969359e-06
CX,28,432,431,18,0.0006703343760938992,6.792064847222357e-07
CX,28,432,0,19,0.0015694348419636166,4.859078849394206e-07
CX,28,432,144,19,0.004761897013843867,-7.65501804706034e-06
CX,28,432,287,19,0.0020905227255370896,3.4852403115479074e-06
CX,28,432,431,19,0.002399506319690908,-1.9888832963028762e-06
CX,28,432,0,20,0.00495711833612005,3.855839769885904e-06
CX,28,432,144,20,0.001418824537580109,5.451469281002566e-07
CX,28,432,287,20,0.003887812120459835,-2.074244410399435e-06
CX,28,432,431,20,0.0038010072624471043,-1.7268991975066728e-06
CX,28,432,0,21,0.0023879604837351467,3.1019070185121734e-05
CX,28,432,144,21,0.0013940689336280087,-2.6835913243859555e-06
CX,28,432,287,21,0.0012416438623391941,1.325817140264678e-06
CX,28,432,431,21,0.0010592578610882936,-3.5068377716285623e-06
CX,28,432,0,22,0.0014881236690562382,-1.9535740073362404e-06
CX,28,432,144,22,0.003266201108894722,2.744273269601242e-06
CX,28,432,287,22,0.004074225607513839,2.6822319355449397e-06
CX,28,432,431,22,0.002212256791889351,-1.2966519296759594e-06
CX,28,432,0,23,0.008452395424399376,-2.6367826136893484e-05
CX,28,432,144,23,0.006213594558498926,-4.773051390179916e-06
CX,28,432,287,23,6.271292809552826e-05,-7.233283872801637e-07
CX,28,432,431,23,0.0035390015724222216,4.865312741555433e-06
CX,28,432,0,24,0.0026985783258326283,-4.553576692068348e-06
CX,28,432,144,24,0.004777327274292757,-4.363642155845112e-07
CX,28,432,287,24,0.0012861198292235946,1.2546848062392438e-06
CX,28,432,431,24,0.0013465442197578728,-9.524132917288773e-07
CX,28,432,0,25,0.0005681077902358401,-4.58802348665536e-06
CX,28,432,144,25,0.0017592333916490626,2.473590866776962e-05
CX,28,432,287,25,0.0018289380688706997,-4.21592728386082e-05
CX,28,432,431,25,0.00043942673623533266,3.411528362934281e-05
CX,28,432,0,26,0.005914672874303199,6.33009367007765e-06
CX,28,432,144,26,0.0023150734676827826,-1.930484868395939e-06
CX,28,432,287,26,0.0004194166013634924,-2.859282488341496e-06
CX,28,432,431,26,0.002273481508301304,-6.221038058559958e-06
CX,28,432,0,27,0.010813881411405544,2.0419176169996067e-06
CX,28,432,144,27,0.010213858602685134,-1.5657190776745774e-06
CX,28,432,287,27,0.003234317450712198,6.726578152210055e-06
CX,28,432,431,27,0.005305104672125028,-1.1792266816225659e-07
CX,28,432,0,28,0.0022303157196563827,-1.7005457486476221e-06
CX,28,432,144,28,0.0031155641034151505,-2.8574080325845975e-05
CX,28,432,287,28,0.00299085142769873,-1.1359581655213263e-06
CX,28,432,431,28,7.35838038823544e-05,3.020733906372206e-05
CX,28,432,0,29,0.01562349614470079,1.5867962944727783e-05
CX,28,432,144,29,0.004889004566847433,1.1180655318372385e-05
CX,28,432,287,29,0.0002232198178944967,4.901737379165404e-06
CX,28,432,431,29,0.00041969379857711465,2.0956348108387958e-05
CX,28,432,0,30,0.0031227980574236114,-3.7575246508541275e-07
CX,28,432,144,30,0.005137803568298798,9.896997332383896e-07
CX,28,432,287,30,0.0015088135426580109,-3.2194006765780407e-09
CX,28,432,431,30,0.003101790888762104,-7.157374139662468e-08
CX,28,432,0,31,0.00679624790479351,3.236879008797577e-07
CX,28,432,144,31,0.005139013080144773,-1.8070966589433932e-07
CX,28,432,287,31,0.0003046681346376391,3.449377358288277e-06
CX,28,432,431,31,0.003589091774730823,-2.2661439633962866e-06
CX,28,432,0,32,0.009166847251416988,6.670656853903803e-06
CX,28,432,144,32,0.001415930208781865,1.8803455473587207e-05
CX,28,432,287,32,0.00393795587879724,-1.983584788808643e-06
CX,28,432,431,32,0.00787734665043823,-1.7987433117724154e-06
CX,28,432,0,33,0.0006657831539222811,-5.0852480016347946e-08
CX,28,432,144,33,0.0010171641506956301,-6.7089277843484425e-06
CX,28,432,287,33,0.002702151059782844,-1.8263616358633371e-06
CX,28,432,431,33,0.0003345998575382506,2.0195823789187397e-06
CX,28,432,0,34,0.012060294337107567,6.884374978928845e-06
CX,28,432,144,34,0.001719576132674966,-5.561197095686088e-06
CX,28,432,287,34,0.0036073422499395733,2.1677242630223397e-06
CX,28,432,431,34,0.0021480496164062632,5.370412034304635e-06
CX,28,432,0,35,0.0023808119738742326,-2.833660273996439e-05
CX,28,432,144,35,0.001445607261972322,-2.9592189667389156e-05
CX,28,432,287,35,0.005886823268621952,-3.299845904337906e-05
CX,28,432,431,35,0.0009607311004331643,-1.971164786571892e-05
CX,28,432,0,36,0.006421579185562841,2.1263311371903907e-08
CX,28,432,144,36,0.0021875915288674763,4.066209890098135e-07
CX,28,432,287,36,0.0033238529902352315,5.961090408390178e-07
CX,28,432,431,36,0.0013880918750013948,3.7611609305628373e-06
CX,28,432,0,37,0.0015574055798648079,1.0889508685643342e-06
CX,28,432,144,37,0.0008994947495398135,1.2125676411205511e-05
CX,28,432,287,37,2.5907100081155383e-05,1.567552806596594e-06
CX,28,432,431,37,0.001610583438173423,-4.263916310316533e-06
CX,28,432,0,38,0.0012365301919364674,1.073048523443003e-06
CX,28,432,144,38,0.005976447952086239,9.304982232996454e-06
CX,28,432,287,38,0.0028399672087276984,-1.5380431230712871e-06
CX,28,432,431,38,0.0004122306269077706,-7.02935668648661e-06
CX,28,432,0,39,0.002288402962860949,3.258825658547434e-05
CX,28,432,144,39,0.0048898533324340954,1.0709915067766264e-05
CX,28,432,287,39,0.0013093104914848638,-1.0041760944225512e-06
CX,28,432,431,39,0.005038502477128842,-9.811812800230527e-07
CX,28,432,0,40,0.003967959634190578,1.4153781755706444e-06
CX,28,432,144,40,0.006573937153848712,-1.9947503544056314e-06
CX,28,432,287,40,0.0012845275488201943,-5.047124090661753e-07
CX,28,432,431,40,0.002530342638202336,-2.5672041870272282e-08
CX,28,432,0,41,0.002348791364695622,1.5856727484330443e-06
CX,28,432,144,41,0.004548917377518037,-9.861224653555855e-07
CX,28,432,287,41,0.0033908809481557937,-7.329400656208117e-06
CX,28,432,431,41,0.004011165505733996,-3.943126018098584e-06
CX,28,432,0,42,0.001191749793418899,-1.8701975341520287e-07
CX,28,432,144,42,0.0024443743407578577,-3.0035914960584567e-07
CX,28,432,287,42,0.004746192122218373,-3.043100361056663e-08
CX,28,432,431,42,0.0011979016964386918,-8.298294713326513e-07
CX,28,432,0,43,0.00439620902839258,9.001608175519782e-07
CX,28,432,144,43,0.006431068596626765,-4.138108793226293e-06
CX,28,432,287,43,0.001016973187501606,9.938877990146785e-07
CX,28,432,431,43,0.00026758624235671054,-3.835150222012096e-06
CX,28,432,0,44,0.006974109153211475,6.527574079271411e-06
CX,28,432,144,44,0.0022315146610222413,2.62254001479238e-05
CX,28,432,287,44,0.0007725653949209046,-3.884882431854752e-05
CX,28,432,431,44,0.002493563066497984,-1.289264152556891e-05
CX,28,432,0,45,0.0015735449852960733,-5.570458193667079e-07
CX,28,432,144,45,0.001523397840506364,-5.716571690640042e-06
CX,28,432,287,45,0.00011547290884770113,-6.51080504669267e-05
CX,28,432,431,45,0.0018002306668497261,5.836301953348585e-06
CX,28,432,0,46,0.003642147085060487,-6.858649283381773e-06
CX,28,432,144,46,0.0010592361972325607,-1.1688834951762827e-06
CX,28,432,287,46,0.0032244432184915153,-4.604483371732464e-06
CX,28,432,431,46,6.275071376213702e-05,1.2165041042111295e-06
CX,28,432,0,47,0.004122428933920185,1.0843164508884953e-06
CX,28,432,144,47,0.004988826966065882,-9.992164918387705e-06
CX,28,432,287,47,0.0019671572387280588,8.112393296235726e-07
CX,28,432,431,47,0.00036745841026632,-1.074081816254499e-05
CX,28,432,0,48,0.0012915408662734621,-3.2464616068263733e-07
CX,28,432,144,48,0.0007914234268421532,5.080538383082174e-06
CX,28,432,287,48,0.00011490760957954418,-3.311451187197422e-05
CX,28,432,431,48,0.00788737944259242,-1.136966344902844e-05
CX,28,432,0,49,0.002763685582293827,-1.035697843642985e-05
CX,28,432,144,49,0.00721534542037172,-4.8487529169497654e-05
CX,28,432,287,49,0.0008087698549667722,3.279287375330855e-05
CX,28,432,431,49,0.0025346978904843952,-9.633130027544227e-06
XX,23,352,0,0,0.012433494352800303,-9.744644669770807e-07
XX,23,352,117,0,0.004388393334486532,2.9984089516821296e-05
XX,23,352,234,0,0.003997904235491183,-6.961538787413817e-05
XX,23,352,351,0,0.00029438241772028413,4.396463637515847e-05
XX,23,352,0,1,0.005661895621672673,0.00010128927120195374
XX,23,352,117,1,0.0015249532305782402,0.0002352903772317137
XX,23,352,234,1,0.005074316782252742,-3.6961872106023533e-05
XX,23,352,351,1,0.01096551958991345,1.4468193367000481e-05
XX,23,352,0,2,0.008964776547291067,0.0015615502055592483
XX,23,352,117,2,0.002134805514231889,-0.000430172480774503
XX,23,352,234,2,0.0033445909936876913,0.00026905126753904926
XX,23,352,351,2,0.0039078602272115915,5.251217172685604e-05
XX,23,352,0,3,0.00262239740172345,0.0005172249661634367
XX,23,352,117,3,0.0030726038038251884,0.00014979317945805568
XX,23,352,234,3,0.0007126059158772177,4.8014019564152244e-05
XX,23,352,351,3,0.0004451696380752668,0.00022734133031513702
XX,23,352,0,4,0.008977121588001695,0.0001360612445864965
XX,23,352,117,4,0.010413019733525156,1.7120666603848535e-05
XX,23,352,234,4,0.006370153851206026,3.206136847303626e-06
XX,23,352,351,4,0.003156834547875502,-0.00017969043090979082
XX,23,352,0,5,0.0008416908636012406,-5.612028844211063e-06
XX,23,352,117,5,0.0017326589966442638,-2.6937243722494754e-06
XX,23,352,234,5,0.0002923065638716132,5.093655727325723e-06
XX,23,352,351,5,0.00015009857947465252,-9.132088336404196e-05
XX,23,352,0,6,0.014341100978268994,-5.63333640802785e-07
XX,23,352,117,6,0.007381362816408501,-4.7174756699659014e-05
XX,23,352,234,6,0.001794808227111977,-1.7650296842982398e-06
XX,23,352,351,6,0.0006632039220570722,1.6981792560764634e-06
XX,23,352,0,7,0.0050743837830032786,0.0001949088537716117
XX,23,352,117,7,0.004538775428655189,-1.012334733727603e-07
XX,23,352,234,7,0.00634297854585162,1.4217786619390029e-05
XX,23,352,351,7,0.0054665410228264145,2.0677481631765048e-06
XX,23,352,0,8,0.001092769898081709,-6.490765162760897e-06
XX,23,352,117,8,0.003028817706081511,2.6542265862397256e-06
XX,23,352,234,8,0.0004249053964239519,0.0003939953022825482
XX,23,352,351,8,0.000215700459754308,-3.710603741993333e-05
XX,23,352,0,9,0.013167149142816687,-1.535728167364301e-05
XX,23,352,117,9,0.0008748417507899687,-2.8986657454086147e-05
XX,23,352,234,9,0.004189569105954314,2.8752632815886438e-06
XX,23,352,351,9,0.0010457413657826624,1.5377307333562257e-05
XX,23,352,0,10,0.0025488204126094555,4.674847578408367e-05
XX,23,352,117,10,0.012199715104815,2.5910033673974277e-06
XX,23,352,234,10,0.0017281620378800364,2.1712242897695133e-06
XX,23,352,351,10,0.0009637233780133848,-3.7889190042546516e-07
XX,23,352,0,11,0.011843392074938638,4.213792354190162e-05
XX,23,352,117,11,0.004459917046767621,3.7288084651362426e-06
XX,23,352,234,11,0.0019044178964074685,-5.158959106535844e-06
XX,23,352,351,11,0.0011002654121576513,4.7465522099799165e-06
XX,23,352,0,12,0.0015991385692633864,-3.9646690478420486e-06
XX,23,352,117,12,0.00039849104625375035,2.4729908268752984e-05
XX,23,352,234,12,0.004350969092472662,-3.788997641573748e-05
XX,23,352,351,12,0.0023062406017588495,4.4966630358210084e-05
XX,23,352,0,13,0.002064787398881051,0.00014470988469135796
XX,23,352,117,13,0.002581620213142903,-0.0001658045849346702
XX,23,352,234,13,0.0007667153901786544,-2.594999819817726e-05
XX,23,352,351,13,0.0008402798059218464,-1.014890180291053e-05
XX,23,352,0,14,0.001756217223072852,-8.772169176761348e-06
XX,23,352,117,14,0.0025896485199624134,-0.0006262605221896405
XX,23,352,234,14,0.004076560098146803,6.0508134063657654e-05
XX,23,352,351,14,0.008404651175100936,3.669630902722624e-05
XX,23,352,0,15,0.002376516118391275,-1.4175929739218398e-05
XX,23,352,117,15,0.009841643084685707,-6.59454171865882e-05
XX,23,352,234,15,0.0037507439766332525,3.434400592286198e-05
XX,23,352,351,15,0.00032521314273667196,4.511146835316053e-06
XX,23,352,0,16,0.003487490616718785,5.847826241393025e-06
XX,23,352,117,16,0.0002804137998014688,2.0168384933590307e-06
XX,23,352,234,16,0.004077973941333808,1.6940684925280563e-06
XX,23,352,351,16,0.006530023316886098,-0.00018616516191436542
XX,23,352,0,17,0.002214352217197475,-2.8168812805728175e-05
XX,23,352,117,17,0.0023973344212631746,2.6561088074930408e-05
XX,23,352,234,17,0.009809114077011417,-8.804252205079796e-07
XX,23,352,351,17,0.006170070229897081,-2.5714330246010254e-05
XX,23,352,0,18,0.0019723955132787403,-1.0629784952373345e-05
XX,23,352,117,18,0.0037975698042623024,4.393508346982885e-05
XX,23,352,234,18,0.0017801577930266729,2.544033017560197e-05
XX,23,352,351,18,0.006138671134507173,4.352008885441537e-05
XX,23,352,0,19,0.004430185963684035,0.0004907122720453983
XX,23,352,117,19,0.00193514813393879,-0.00010453355228136079
XX,23,352,234,19,0.00241070930607507,-0.0005246285401792243
XX,23,352,351,19,0.0030491189059198235,0.00035789481094710985
XX,23,352,0,20,0.0027252051194218293,-4.6518845446850494e-07
XX,23,352,117,20,0.0008739143018711518,-2.8770422420887394e-05
XX,23,352,234,20,0.0018161168899327414,-2.361594299378277e-05
XX,23,352,351,20,0.008936169304861158,1.9371814830942508e-05
XX,23,352,0,21,0.0015049726065497668,-3.5592422046554586e-05
XX,23,352,117,21,0.0011702624660333372,-1.7521578658528697e-05
XX,23,352,234,21,0.0022222275427457457,-7.807574349544136e-06
XX,23,352,351,21,0.0027591543671403734,-1.5025337502921333e-05
XX,23,352,0,22,0.01288047637573581,8.107897376218292e-06
XX,23,352,117,22,0.008138110898809869,-9.784567976740711e-05
XX,23,352,234,22,0.00461698991148825,6.802752022379787e-05
XX,23,352,351,22,0.009362273393678788,0.00015880393729549957
XX,23,352,0,23,0.009965586954826822,1.280727492510231e-05
XX,23,352,117,23,0.0021690517504489226,1.0480008826152367e-05
XX,23,352,234,23,0.0018468014606556743,-1.3291788947023289e-05
XX,23,352,351,23,0.0005646153405495237,-6.933245047958252e-06
XX,23,352,0,24,0.008534699566941332,0.0002724309919324643
XX,23,352,117,24,0.0027389995586931774,5.4976207592392905e-05
XX,23,352,234,24,0.005925104479814574,-8.389705022962241e-05
XX,23,352,351,24,0.00012482678549212683,1.1745143219273316e-05
XX,23,352,0,25,0.015589394993783583,-4.012006158744157e-05
XX,23,352,117,25,0.0024217940472106804,-0.00014748161245240333
XX,23,352,234,25,0.0016319643191497883,-0.00012869443902818246
XX,23,352,351,25,0.003998896607787964,-1.8617693633505086e-05
XX,23,352,0,26,0.006277854744990904,2.8987311254677694e-05
XX,23,352,117,26,0.001968610860179982,-6.49613576533738e-06
XX,23,352,234,26,0.003940041520144427,-1.6952755381948162e-06
XX,23,352,351,26,0.0022276080317820274,-5.35311409281358e-05
XX,23,352,0,27,0.012321075973262598,-4.4700323659701635e-06
XX,23,352,117,27,0.003151100076871896,6.807084667868911e-06
XX,23,352,234,27,0.005286473316809453,2.7484150196392683e-05
XX,23,352,351,27,0.0009756410325532591,-7.629955543514855e-05
XX,23,352,0,28,0.0021203559243806835,9.151548775244207e-05
XX,23,352,117,28,0.000836874430697806,-6.641988483329199e-05
XX,23,352,234,28,0.0013235419711051027,5.090950379901641e-08
XX,23,352,351,28,0.008774574854994778,3.859855894514054e-05
XX,23,352,0,29,0.0049437263281327404,-0.0005020830686213069
XX,23,352,117,29,0.003169989129837141,8.243572883776668e-05
XX,23,352,234,29,0.002311216645601922,0.0002524992456114962
XX,23,352,351,29,0.007348353609074976,0.0001871651410706486
XX,23,352,0,30,0.0005308826209606157,-1.428799799540304e-05
XX,23,352,117,30,0.010099587205212387,1.3209394866383542e-05
XX,23,352,234,30,0.0011498466920507459,-3.3365961863817805e-05
XX,23,352,351,30,0.006827435834050271,-1.7415282819393618e-05
XX,23,352,0,31,0.012885771410496868,-1.3700208789700975e-05
XX,23,352,117,31,0.007143829351335667,-5.725462295838156e-05
XX,23,352,234,31,0.0024706687645260576,-7.283862572575667e-05
XX,23,352,351,31,0.004632444059105196,0.0001346767925252437
XX,23,352,0,32,0.006977330427847645,-2.6327663671128068e-05
XX,23,352,117,32,0.003051083261041012,7.413729033415727e-05
XX,23,352,234,32,0.0037490141083140055,-8.368402647476366e-05
XX,23,352,351,32,0.013276702878742991,-6.267204968830658e-05
XX,23,352,0,33,0.005324554809199692,-0.00012677167574563384
XX,23,352,117,33,0.0064501881104680305,7.048713012602252e-05
XX,23,352,234,33,0.004642813970825449,-5.905929794964171e-05
XX,23,352,351,33,0.0031151784446302316,-0.0003353654496034835
XX,23,352,0,34,0.007184638143108386,-4.647516306795248e-05
XX,23,352,117,34,0.0008650744236938058,1.3029636581151058e-05
XX,23,352,234,34,0.005465572744643499,1.1665322764091078e-05
XX,23,352,351,34,0.006154874415631005,-1.8984266376446472e-06
XX,23,352,0,35,0.015159904927603076,-1.6241171074845e-05
XX,23,352,117,35,0.003287421369921914,-3.7183638966812277e-06
XX,23,352,234,35,0.0009180263603511072,-6.712787904071494e-05
XX,23,352,351,35,0.0024827774807260395,0.00014720454462991512
XX,23,352,0,36,0.01439651092271799,0.0005917281416917795
XX,23,352,117,36,0.003802373462222462,0.00026134380321733014
XX,23,352,234,36,0.0019216720546559422,0.0001018203874892428
XX,23,352,351,36,0.004241813590168162,0.0008317633128367314
XX,23,352,0,37,0.0067397682107127165,2.1526875778227506e-05
XX,23,352,117,37,0.002654673393165246,1.391919982323287e-05
XX,23,352,234,37,0.0026435591153236063,-1.797504878571347e-05
XX,23,352,351,37,0.0015801742574716397,6.420423545166207e-05
XX,23,352,0,38,0.010345473450889068,8.296002043491003e-07
XX,23,352,117,38,0.004961325785014243,-7.276833976324104e-06
XX,23,352,234,38,0.0056956142381396554,1.5669520290816994e-06
XX,23,352,351,38,0.00763086001371995,-1.251738132362814e-06
XX,23,352,0,39,0.005415179239989352,-8.844803938735933e-05
XX,23,352,117,39,0.002608760394375934,-0.0004075386009618018
XX,23,352,234,39,0.0016100409547580843,2.6542658652581316e-05
XX,23,352,351,39,9.484499097738593e-05,5.5105325963661175e-05
XX,23,352,0,40,0.004336426049989636,0.00013611506943268792
XX,23,352,117,40,0.0019681965714318864,-0.00015031514435123825
XX,23,352,234,40,0.001792672957124729,0.00014810978380156922
XX,23,352,351,40,0.008350838697827566,1.3006580724559886e-05
XX,23,352,0,41,0.003720607363554053,-0.00014289111734495312
XX,23,352,117,41,0.0027284612341769493,-0.00012128110113587927
XX,23,352,234,41,0.005101715657977573,3.498533632222557e-05
XX,23,352,351,41,0.008699472864393354,2.136047079910304e-07
XX,23,352,0,42,0.002862806602528761,-1.4774341607981868e-05
XX,23,352,117,42,0.0019500901121875713,-1.0575673731796343e-05
XX,23,352,234,42,0.0011612738426158955,7.362983111668803e-05
XX,23,352,351,42,0.0013713887261750338,-6.139196229662947e-05
XX,23,352,0,43,0.008186737252720707,1.5512875299649245e-05
XX,23,352,117,43,0.006717394468749022,-0.0001522791067451023
XX,23,352,234,43,0.0011446811255644753,0.0006584636841474537
XX,23,352,351,43,0.0006174763515696994,-0.0005787546103713619
XX,23,352,0,44,0.002275708365204079,2.2592354224394703e-05
XX,23,352,117,44,0.004378415486002621,1.024632893722316e-05
XX,23,352,234,44,0.0010746196282247135,7.256297626298796e-05
XX,23,352,351,44,0.00739421712364362,-0.00018585498444336366
XX,23,352,0,45,0.0007762559206380633,-5.29932073225982e-07
XX,23,352,117,45,0.0010681105649962205,-6.90180414765994e-05
XX,23,352,234,45,0.00017654214111753925,1.4147069524219332e-05
XX,23,352,351,45,0.00015201553761201765,2.212906968772517e-05
XX,23,352,0,46,0.013920454417852649,-5.131093030661098e-05
XX,23,352,117,46,0.002393916180776961,9.345632779076761e-05
XX,23,352,234,46,0.0037083317504417357,4.035647398331339e-05
XX,23,352,351,46,0.0016781039249626312,-0.00013988801463764647
XX,23,352,0,47,0.003248392930945307,-6.496961462608896e-05
XX,23,352,117,47,0.001390697297564799,6.93340538519653e-06
XX,23,352,234,47,0.006234737431888639,0.000139862840785928
XX,23,352,351,47,0.00890591925427474,-8.725410304352567e-05
XX,23,352,0,48,0.002727325035096233,-7.158320348694784e-05
XX,23,352,117,48,0.0016685016753521691,-0.00020382441333962207
XX,23,352,234,48,0.0010725895239221688,-1.9152443419732067e-05
XX,23,352,351,48,0.010064146105617578,-0.0004051562885155294
XX,23,352,0,49,0.0005907815249868286,2.854750449636403e-05
XX,23,352,117,49,0.0020172310522410322,0.0001123053092518401
XX,23,352,234,49,0.006338812673405345,-3.903699126374827e-06
XX,23,352,351,49,0.002000671306543052,1.0194746978710702e-05
XX,24,368,0,0,0.0037598748419197495,8.388202421072757e-06
XX,24,368,122,0,0.0012914210620565214,-2.1478315486765195e-05
XX,24,368,245,0,0.009573841811756377,2.6318538680732613e-06
XX,24,368,367,0,0.0034013909724870013,5.5048189151560975e-06
XX,24,368,0,1,0.008534956606844422,-1.4719884159638357e-05
XX,24,368,122,1,0.0056225910739095344,-1.1350486404652805e-05
XX,24,368,245,1,0.003795476510024174,0.00010333453723978374
XX,24,368,367,1,0.00016353508567261955,5.281788797222518e-05
XX,24,368,0,2,0.008714658156218962,3.95663475185557e-05
XX,24,368,122,2,0.0015895279510316892,4.9690989009689155e-05
XX,24,368,245,2,0.003355600438736845,4.380235743209468e-06
XX,24,368,367,2,0.0037409185560292857,3.3727536299303466e-05
XX,24,368,0,3,0.0027705437521609866,-6.29092651073266e-05
XX,24,368,122,3,0.004225104159467821,-3.377615640653845e-05
XX,24,368,245,3,0.009855168671907204,1.8256764953576742e-05
XX,24,368,367,3,0.0012638271206993454,-0.0001260296727940394
XX,24,368,0,4,0.0031478050250496234,6.635316103666523e-06
XX,24,368,122,4,0.0028679250476867815,3.043486566588172e-05
XX,24,368,245,4,0.0013573647810944398,1.1414183148455123e-05
XX,24,368,367,4,0.0016149073702121893,0.00020102853029854627
XX,24,368,0,5,0.01516686205949452,9.887944235709785e-06
XX,24,368,122,5,0.0035043518801707437,-9.438878007984202e-06
XX,24,368,245,5,0.0034627549589729347,-3.908602474000217e-05
XX,24,368,367,5,0.0007551697319460726,9.547750691462924e-05
XX,24,368,0,6,0.010526880057262095,-1.738812619686862e-05
XX,24,368,122,6,0.0035435851571897718,4.800053976121215e-06
XX,24,368,245,6,0.006234062938762571,-1.5671664459855279e-06
XX,24,368,367,6,0.0005768350332771803,-6.051083560883554e-05
XX,24,368,0,7,0.012469386325631875,-1.288196045518122e-05
XX,24,368,122,7,0.002841022075004704,-4.8321327269402205e-05
XX,24,368,245,7,0.00462544683534708,8.609585722303692e-06
XX,24,368,367,7,0.0005455806656895302,-4.609313047040963e-06
XX,24,368,0,8,0.004368445389709245,-0.0001695789009702967
XX,24,368,122,8,0.002482678268956768,0.00029291503959367375
XX,24,368,245,8,0.004990371953143883,4.239513274267121e-05
XX,24,368,367,8,0.0010231460067454427,3.3181752134912694e-05
XX,24,368,0,9,0.004765504555789411,3.531758254023755e-06
XX,24,368,122,9,0.00395285415093996,1.484158425506398e-05
XX,24,368,245,9,0.0017113250392811006,2.201401647523713e-05
XX,24,368,367,9,0.0015985923196351521,-3.248386901958164e-06
XX,24,368,0,10,0.006530276168319444,-3.234337936160896e-06
XX,24,368,122,10,0.009442588971985412,3.724348968738326e-05
XX,24,368,245,10,0.00031449924115028695,1.300831306143583e-06
XX,24,368,367,10,0.0002497283055658975,-6.940852701479071e-06
XX,24,368,0,11,0.003391953023755079,-4.948383254956505e-05
XX,24,368,122,11,0.006248004416842627,-2.618835136506574e-06
XX,24,368,245,11,0.005116941927824785,-1.118903073272099e-05
XX,24,368,367,11,0.0020561825753460366,-1.4590223213284206e-06
XX,24,368,0,12,0.00446232251725553,-8.809409393503935e-05
XX,24,368,122,12,0.0018158962611921113,-3.7277982564416605e-05
XX,24,368,245,12,0.005025742186416327,-0.0002508743159291779
XX,24,368,367,12,0.00048675595854231823,-1.7709215777844678e-05
XX,24,368,0,13,0.0031012013954732193,6.2980108975208e-06
XX,24,368,122,13,0.008504157931972655,4.825102194557688e-05
XX,24,368,245,13,0.006696832230168694,5.384870568382344e-05
XX,24,368,367,13,0.0044041348020562865,-0.00011662713154031227
XX,24,368,0,14,0.0063865867269783,-1.7294948037656246e-05
XX,24,368,122,14,0.001949767221215527,3.094333882244641e-05
XX,24,368,245,14,0.0026022275062991805,6.074992234521986e-07
XX,24,368,367,14,0.007013256066456728,7.434411502689193e-05
XX,24,368,0,15,0.0010602333201538937,-1.2387915855579908e-06
XX,24,368,122,15,0.0042584771946343036,2.8826930844379726e-06
XX,24,368,245,15,0.009382322267135238,1.3025108189532669e-07
XX,24,368,367,15,0.0006022478718797464,5.834741459488837e-07
XX,24,368,0,16,0.003778168376290418,-2.2885345819735524e-05
XX,24,368,122,16,0.0032685588292679733,4.07187799164523e-05
XX,24,368,245,16,0.0008742957236290794,0.00024262528281162782
XX,24,368,367,16,0.0018563627367981209,-9.920330060756353e-05
XX,24,368,0,17,0.001155787039887202,4.56704788733258e-06
XX,24,368,122,17,0.0036782973449969625,1.600484324098281e-05
XX,24,368,245,17,0.001447839679908154,-2.4301367816388465e-05
XX,24,368,367,17,0.0010677454278851212,2.3511643123413393e-05
XX,24,368,0,18,0.006178778935026033,-6.46244804468777e-05
XX,24,368,122,18,0.001140512323954541,-7.415458787925384e-05
XX,24,368,245,18,0.003565163663983434,2.590212911236615e-05
XX,24,368,367,18,0.007329381176440392,-8.35741619572422e-05
XX,24,368,0,19,0.009026332175079513,1.3674767725006861e-05
XX,24,368,122,19,0.0025128325957505106,8.962656008408808e-05
XX,24,368,245,19,0.0012581896811247547,-7.229280414317724e-05
XX,24,368,367,19,0.00017412875589293596,2.1029525197386355e-05
XX,24,368,0,20,0.00871074519324151,-2.040218893419152e-05
XX,24,368,122,20,0.003753018464000425,-9.731130564029225e-07
XX,24,368,245,20,0.0009899400545656095,-9.574944175811469e-06
XX,24,368,367,20,0.0022618179837785614,-3.4007009332492964e-05
XX,24,368,0,21,0.010891550642101363,2.343939152743123e-05
XX,24,368,122,21,0.007654905706156456,4.204721310205035e-05
XX,24,368,245,21,0.0018819467573876183,-5.9661183488324595e-05
XX,24,368,367,21,0.0012526686401701816,-8.142993266001773e-05
XX,24,368,0,22,0.00039725115977013115,3.53303660923441e-06
XX,24,368,122,22,0.0057499776000020965,-1.0572575934780152e-06
XX,24,368,245,22,0.007596103434123841,1.674839591821303e-06
XX,24,368,367,22,0.0007323456772264263,4.148497542718303e-06
XX,24,368,0,23,0.010451188663444088,4.6590110851858936e-07
XX,24,368,122,23,0.006915467017006272,1.733395149557679e-05
XX,24,368,245,23,0.0041042537867318945,1.0049938652952712e-05
XX,24,368,367,23,0.0008189794765508283,1.9758965488358027e-05
XX,24,368,0,24,0.004288343306112908,2.2084061426894293e-06
XX,24,368,122,24,0.0018496439151735693,-6.084739779225892e-05
XX,24,368,245,24,0.0007901140181889176,-0.0004372473001913344
XX,24,368,367,24,0.0005106322910581192,3.506650706706091e-05
XX,24,368,0,25,0.005808997097981714,0.00026447772300387893
XX,24,368,122,25,0.0023401281019063847,-8.344442092053475e-05
XX,24,368,245,25,0.0025013878489511562,-0.00044558694221083056
XX,24,368,367,25,0.0007565092985626307,0.0001354319513225408
XX,24,368,0,26,0.0019390382318168159,3.651424815291274e-06
XX,24,368,122,26,0.0052260482388327605,1.0473146877293137e-06
XX,24,368,245,26,0.0016735096079792669,-1.3026025562213445e-07
XX,24,368,367,26,0.002721646567415704,-3.178038985546957e-06
XX,24,368,0,27,0.008479367053942373,-1.0240143996154746e-05
XX,24,368,122,27,0.0056683115818433214,-1.869116215359105e-07
XX,24,368,245,27,0.0044266306144745944,-1.0092026178163001e-06
XX,24,368,367,27,0.010606639639587849,1.0511508581145888e-06
XX,24,368,0,28,0.0007379852022782441,-1.0594973899949456e-06
XX,24,368,122,28,0.0009219677361776416,6.520137895712303e-06
XX,24,368,245,28,0.0007453231627084817,0.00040523240193461786
XX,24,368,367,28,0.0034153182273791746,1.3293576584986293e-05
XX,24,368,0,29,0.004102612959597199,-0.0001504673971682545
XX,24,368,122,29,0.00086631860020879,-6.121436810951116e-05
XX,24,368,245,29,0.002587465914328007,-7.670543132685514e-05
XX,24,368,367,29,0.0019730901694423233,-0.00033997847946447014
XX,24,368,0,30,0.0026247981620632654,0.00036554483897433893
XX,24,368,122,30,0.005805605279656455,-0.00042373493941893955
XX,24,368,245,30,0.00044881415770083505,-8.617809299559052e-06
XX,24,368,367,30,0.0011425081698994764,3.214310527406604e-05
XX,24,368,0,31,0.007264326239216719,1.051216889753838e-05
XX,24,368,122,31,0.003968737440300445,-1.0362533751142329e-05
XX,24,368,245,31,0.0047432597611072064,-5.306374080033828e-05
XX,24,368,367,31,0.001494337499630733,3.6478249818027754e-05
XX,24,368,0,32,0.006822319108715728,-0.0001354579131642667
XX,24,368,122,32,0.005496083114320752,-8.704222244501016e-05
XX,24,368,245,32,0.004995688761764544,6.139754071094686e-05
XX,24,368,367,32,0.00761057049837059,-4.5743623702820285e-05
XX,24,368,0,33,0.012058300165190437,9.556725881032338e-05
XX,24,368,122,33,0.0030838138208652086,-0.00014568408942855667
XX,24,368,245,33,0.000643338165339364,-6.670805865159612e-05
XX,24,368,367,33,0.005368208263930823,-0.0001289627777668629
XX,24,368,0,34,0.004415829639854667,-2.062388232198717e-05
XX,24,368,122,34,0.00040920134385324524,-7.3583422907245785e-06
XX,24,368,245,34,0.0014729078035827664,-2.4858909859250006e-06
XX,24,368,367,34,0.0024449719818495507,-0.0001286673448148756
XX,24,368,0,35,0.0034212742164676795,1.0198712936555765e-06
XX,24,368,122,35,0.0030371165306525404,-4.430416943685885e-08
XX,24,368,245,35,0.0035679004190294567,3.1921451558413726e-06
XX,24,368,367,35,4.7701059346648224e-05,5.990249297807592e-07
XX,24,368,0,36,0.005201839215884916,-4.766885450686311e-06
XX,24,368,122,36,0.010036594587111277,-4.315690862098339e-06
XX,24,368,245,36,0.0022532506518929043,1.7837460597935808e-05
XX,24,368,367,36,0.0009435816877813957,-1.1972128258382063e-05
XX,24,368,0,37,0.006476578879392425,-4.5558639842722e-05
XX,24,368,122,37,0.0012188543581111144,6.0974099833316184e-05
XX,24,368,245,37,0.002737760652564191,2.51423268496202e-05
XX,24,368,367,37,0.0010504455984453377,5.534627625316699e-05
XX,24,368,0,38,0.003709829171827614,-7.554325383556797e-06
XX,24,368,122,38,0.0027205670638615325,0.00012187181972828823
XX,24,368,245,38,0.006445657757855967,-6.7709156342668836e-06
XX,24,368,367,38,0.00035633289691731673,-2.280014379201075e-05
XX,24,368,0,39,0.001406552556487227,-2.927342261246858e-05
XX,24,368,122,39,0.007834576325764384,-3.5529791281857927e-05
XX,24,368,245,39,0.002221790583265314,-5.145823213947874e-05
XX,24,368,367,39,8.466569010162418e-05,0.00012959344335497502
XX,24,368,0,40,0.00249929072587836,-0.0001401050030576086
XX,24,368,122,40,0.003910913687641221,-0.00034667494891763793
XX,24,368,245,40,0.0012282948187715415,-2.7152641929577972e-05
XX,24,368,367,40,0.008767420771679092,0.00026490009881008445
XX,24,368,0,41,0.003706444913919048,8.404941681129499e-05
XX,24,368,122,41,0.0045502088963295904,-9.451640833109832e-06
XX,24,368,245,41,0.0012140402223824113,6.514539333191603e-06
XX,24,368,367,41,0.00023703069821717808,-1.6987890227285107e-06
XX,24,368,0,42,0.013214655538602745,3.194867758038098e-05
XX,24,368,122,42,0.001976098290325368,-7.78735653984505e-05
XX,24,368,245,42,0.002531361138197747,-3.718775624150295e-06
XX,24,368,367,42,0.0009564545806363437,-0.00021462763817044854
XX,24,368,0,43,0.001739350535665876,1.5034298960392605e-06
XX,24,368,122,43,0.003964937493538225,4.2645192071248015e-05
XX,24,368,245,43,0.0018798974180541206,-2.8575930642214198e-05
XX,24,368,367,43,0.0013921700366019325,-2.124386976621044e-05
XX,24,368,0,44,0.003434045819901043,0.00013416696498772971
XX,24,368,122,44,0.003048056946151261,-2.4035323216301318e-05
XX,24,368,245,44,0.0070217126780988005,7.158995013554353e-05
XX,24,368,367,44,0.001106459609419396,0.0005501243995620895
XX,24,368,0,45,0.0038252339209246594,-4.604566186211479e-05
XX,24,368,122,45,0.0027248095278890397,3.2413631366912544e-05
XX,24,368,245,45,0.0031052393711691,0.00012635669273186123
XX,24,368,367,45,0.006097918617890941,0.00013824738708548496
XX,24,368,0,46,0.0012216384178467073,-6.227232678589157e-06
XX,24,368,122,46,0.0013825614755977446,7.852210406140894e-06
XX,24,368,245,46,0.0008283768631745306,-4.174401665967472e-05
XX,24,368,367,46,0.0016302191231022441,1.960920027530954e-06
XX,24,368,0,47,0.003341991039013827,-8.965941237214382e-07
XX,24,368,122,47,0.0005755728456544935,-1.929848996732676e-05
XX,24,368,245,47,0.008353628616971455,4.5824359977478985e-05
XX,24,368,367,47,0.0019477445497450613,2.4095286652308924e-06
XX,24,368,0,48,0.014325877635322578,3.282484926366924e-06
XX,24,368,122,48,0.0047224186357568195,1.907678727341305e-05
XX,24,368,245,48,0.0031727728329032376,-1.5669605479122788e-05
XX,24,368,367,48,0.0003509495805555497,-1.6868428582525767e-05
XX,24,368,0,49,0.007225721397094573,6.852489363971554e-05
XX,24,368,122,49,0.005989253276266936,-0.0001996497857282512
XX,24,368,245,49,0.0009566537441925682,7.102895974565957e-05
XX,24,368,367,49,0.00027026202664763804,-0.0002940655632329781
XX,25,384,0,0,0.0057131461543828786,1.2077549506014135e-05
XX,25,384,128,0,0.0013272680903299882,-3.7346316430407435e-05
XX,25,384,255,0,0.00045322841769262806,0.00015067851596939298
XX,25,384,383,0,0.0025627390591987553,-1.825149579403771e-07
XX,25,384,0,1,0.010468020294834386,1.8861565744697137e-05
XX,25,384,128,1,0.003990061590208878,2.3658012948649825e-06
XX,25,384,255,1,0.0015427970555067171,-2.619526194096416e-07
XX,25,384,383,1,0.002095899711399256,-9.9271398992127e-06
XX,25,384,0,2,0.005082768164281787,-7.170810135731421e-07
XX,25,384,128,2,0.0022854321485277105,1.1109969633724473e-06
XX,25,384,255,2,0.0019510422979707768,-1.9548255294219233e-06
XX,25,384,383,2,0.002127047705116537,-8.597287692142188e-05
XX,25,384,0,3,0.0004243786650164273,1.9526366692312758e-07
XX,25,384,128,3,0.0007337180608508321,3.1250367809302787e-06
XX,25,384,255,3,0.0009391077438765107,-6.09425830112864e-06
XX,25,384,383,3,0.010834501312813513,-2.400506162696504e-05
XX,25,384,0,4,0.009438722342478813,1.633163819702828e-06
XX,25,384,128,4,0.0026874067563665512,5.096713952571982e-06
XX,25,384,255,4,0.004670725033509016,-4.0673030603775336e-07
XX,25,384,383,4,0.003180127202577255,-2.0152047982131783e-06
XX,25,384,0,5,0.0049716218383552314,3.2709321227042046e-07
XX,25,384,128,5,0.005320695269164986,-1.1895864996454718e-05
XX,25,384,255,5,0.0007922215369849902,-5.0326054985800695e-06
XX,25,384,383,5,0.0038348337880447416,-1.2896956880608366e-06
XX,25,384,0,6,0.0030762353132663275,2.2238869024706088e-05
XX,25,384,128,6,0.0031555808321892444,-3.326018443408803e-05
XX,25,384,255,6,0.0003693202424057637,-8.661339940619141e-05
XX,25,384,383,6,0.005235341713488935,4.3113715586317414e-05
XX,25,384,0,7,0.005642157852994322,-8.596753409644388e-06
XX,25,384,128,7,0.005499200407797036,6.19595034695821e-07
XX,25,384,255,7,0.004755345391854163,8.740974421391477e-06
XX,25,384,383,7,0.0017864462717931584,-6.324089770095968e-05
XX,25,384,0,8,0.0031619755297380412,0.00047628364166832615
XX,25,384,128,8,0.008168096744096442,-0.00021740683461401314
XX,25,384,255,8,0.0034509856289844086,-2.4567191044076033e-05
XX,25,384,383,8,0.0021491892475267423,7.41348508569075e-05
XX,25,384,0,9,0.006126664753306133,-1.9253323597356593e-05
XX,25,384,128,9,0.0011017545571368444,-9.97441808391308e-06
XX,25,384,255,9,7.954551065313765e-05,-1.6692823702259025e-05
XX,25,384,383,9,0.0012997765794756054,-5.239087398775047e-06
XX,25,384,0,10,0.0028976381674215416,-7.160299157386125e-05
XX,25,384,128,10,0.0054641335401284016,4.2176218364943414e-05
XX,25,384,255,10,0.001952960957226935,3.271345216742348e-05
XX,25,384,383,10,0.006196188993904344,-6.447286124370969e-05
XX,25,384,0,11,0.0021926952399081057,-5.078487775778584e-07
XX,25,384,128,11,0.0008618278621088913,-4.56564835558002e-05
XX,25,384,255,11,0.0023392692711342047,3.671938428773287e-05
XX,25,384,383,11,0.009788160733987014,6.691938271761684e-07
XX,25,384,0,12,0.012854105071609034,-4.446659373280928e-05
XX,25,384,128,12,0.0035617196080857307,3.580641171916168e-05
XX,25,384,255,12,0.0021478564795407097,-1.02010274196946e-05
XX,25,384,383,12,0.00037126267297422823,1.837008590355833e-05
XX,25,384,0,13,0.009534852300344702,-7.23354328678919e-05
XX,25,384,128,13,0.0036470873664751755,-2.200879710141483e-07
XX,25,384,255,13,0.0012611110270947731,3.636695238300094e-05
XX,25,384,383,13,0.0016482175318523605,1.0104672957741978e-06
XX,25,384,0,14,0.009288675953252298,2.516489092303266e-07
XX,25,384,128,14,0.007616125170972769,1.456422141091554e-07
XX,25,384,255,14,0.0032482777125152915,6.6451956852215e-07
XX,25,384,383,14,0.007610202394945507,2.6725473627897544e-05
XX,25,384,0,15,0.000860854407302209,-1.6709450848391124e-05
XX,25,384,128,15,0.0005687126668806938,-1.5904591807783513e-05
XX,25,384,255,15,0.003926870089034978,1.2642302568207512e-05
XX,25,384,383,15,0.0009291502499223155,3.824482915282994e-05
XX,25,384,0,16,0.0031160197955888555,3.0381183103945966e-08
XX,25,384,128,16,0.0017574972179803647,6.501722077368794e-06
XX,25,384,255,16,0.005024413896469866,-4.1008597196615684e-05
XX,25,384,383,16,0.005009219913953766,2.2067697556516947e-06
XX,25,384,0,17,0.002123676594641665,-7.523081190397452e-05
XX,25,384,128,17,0.0014129155947323363,4.4998961338821995e-05
XX,25,384,255,17,0.0016189569855967895,0.0003363517024715942
XX,25,384,383,17,0.007182518577742206,-1.7959650178709166e-05
XX,25,384,0,18,0.004928415019532639,8.291623755597635e-06
XX,25,384,128,18,0.00291657629795968,8.423332000236463e-06
XX,25,384,255,18,0.0021423575467292683,6.290860103451239e-05
XX,25,384,383,18,0.0052726693409595165,-9.016577905856561e-06
XX,25,384,0,19,0.004181018186549865,8.336319545093356e-05
XX,25,384,128,19,0.002916361452378395,-1.721846071484675e-05
XX,25,384,255,19,0.000667399452340745,-0.00012814349808045258
XX,25,384,383,19,0.0031001197841504487,0.0002346819253753779
XX,25,384,0,20,0.00025562573476747385,1.8606909531215536e-07
XX,25,384,128,20,0.0035469176552747803,1.5699224977335682e-06
XX,25,384,255,20,0.005111763293205085,5.921290817524183e-07
XX,25,384,383,20,0.01275087987121294,-2.4726911837016626e-06
XX,25,384,0,21,0.006532304246024051,1.5186598811454345e-06
XX,25,384,128,21,0.0026668129178716395,-9.835520698464628e-07
XX,25,384,255,21,0.0002115660889209598,6.297417977168228e-07
XX,25,384,383,21,0.01000950564651387,1.9509972114322924e-05
XX,25,384,0,22,0.008626654842984272,-1.3678579870477846e-05
XX,25,384,128,22,0.0030631042841536412,-3.3352516798715315e-05
XX,25,384,255,22,0.00039457720986888346,4.99342455605238e-05
XX,25,384,383,22,0.003754741467816296,-7.911967135768646e-05
XX,25,384,0,23,0.0035005936284407697,-3.6068981959971645e-06
XX,25,384,128,23,0.0008335660485954999,-9.884442798186886e-07
XX,25,384,255,23,0.0018124345371548045,-3.441606402373881e-06
XX,25,384,383,23,0.004231999058055714,2.210018408536991e-06
XX,25,384,0,24,0.0016626939389066161,-3.4217033958831855e-05
XX,25,384,128,24,0.007474008539032853,-3.5433992892630606e-05
XX,25,384,255,24,0.007665301393400247,2.0297271708432513e-05
XX,25,384,383,24,0.011424677085896017,-0.0001021050497244328
XX,25,384,0,25,0.003441225593879549,4.515291864227088e-07
XX,25,384,128,25,0.0028666923608548136,1.1415427217593194e-07
XX,25,384,255,25,0.0018298566755812415,1.553831434857435e-07
XX,25,384,383,25,0.0013553643656691217,1.9492127730007204e-06
XX,25,384,0,26,0.0060119867643404976,-3.641430598488914e-05
XX,25,384,128,26,0.0022436511251146428,-8.081491223021087e-06
XX,25,384,255,26,0.0012616921566721547,3.65876558040888e-05
XX,25,384,383,26,0.001512730222785128,5.557019837912563e-05
XX,25,384,0,27,0.013537208524972779,4.9962550798519384e-05
XX,25,384,128,27,0.0004858851985635243,-5.6014642921329946e-05
XX,25,384,255,27,0.0014585507813970097,-2.584098459301395e-05
XX,25,384,383,27,8.370129527532823e-05,-5.418762015837888e-05
XX,25,384,0,28,0.002380837074054431,7.85446322043614e-05
XX,25,384,128,28,0.004583529231519691,-3.434638782152249e-06
XX,25,384,255,28,0.00106959786892728,2.9802964585687142e-05
XX,25,384,383,28,0.0015887876199015976,5.651332418525611e-06
XX,25,384,0,29,0.007815514442781597,-8.291125922757144e-05
XX,25,384,128,29,0.004852255927539686,6.2452988364592585e-06
XX,25,384,255,29,0.0023538230457833317,3.4485697338135914e-06
XX,25,384,383,29,0.0008381630305278627,-5.143729469051991e-06
XX,25,384,0,30,0.005575674914099945,1.0678593663352495e-06
XX,25,384,128,30,0.0026741884663304383,1.81627607959557e-05
XX,25,384,255,30,0.0011175794155519872,-3.0950569598144117e-05
XX,25,384,383,30,0.0003509989496076428,0.00013341092014823
XX,25,384,0,31,0.0018264556905041292,1.5285468068148775e-07
XX,25,384,128,31,0.0018646006844463148,1.8038762906904917e-06
XX,25,384,255,31,0.0003520438735565368,4.478042486518244e-06
XX,25,384,383,31,0.006683578414257016,6.153840173713215e-05
XX,25,384,0,32,0.010620799790805975,3.3594337394923265e-06
XX,25,384,128,32,0.001345280404164615,5.868648747980918e-06
XX,25,384,255,32,0.001753520424451449,4.592287229605646e-06
XX,25,384,383,32,0.0012420715047040134,-5.655183055647055e-05
XX,25,384,0,33,0.00982896483738755,-4.3194814561712327e-07
XX,25,384,128,33,0.0034226874194727506,4.617558259211861e-07
XX,25,384,255,33,0.002931057142551375,3.1002981688755427e-06
XX,25,384,383,33,0.0016973497362339804,-4.3436686736466944e-05
XX,25,384,0,34,0.005130611132387851,-2.438852630048602e-06
XX,25,384,128,34,0.003403949746072245,6.0998948064563305e-05
XX,25,384,255,34,0.0014434673345025462,4.5839857707878665e-05
XX,25,384,383,34,0.003951367134155664,-4.7456800098542074e-05
XX,25,384,0,35,0.0015993478280883957,1.225329883944911e-06
XX,25,384,128,35,0.0033081931425359957,2.1046222185535417e-05
XX,25,384,255,35,0.003935285412863753,0.000241915751748303
XX,25,384,383,35,0.001673033122034668,1.6445617127624308e-05
XX,25,384,0,36,0.0074247728485525855,-1.6233107409786786e-05
XX,25,384,128,36,0.0015895819090295984,-2.045101475959842e-05
XX,25,384,255,36,0.005794578843759065,-6.938573670383319e-05
XX,25,384,383,36,0.0031837560013369343,-1.4777833897803046e-05
XX,25,384,0,37,0.013911808926402133,9.34723399213539e-07
XX,25,384,128,37,0.0031583310802373596,4.368259733722454e-06
XX,25,384,255,37,0.007948634228556182,-3.47881379367597e-06
XX,25,384,383,37,0.0036699387951540188,-3.8924031602964837e-07
XX,25,384,0,38,0.0007481245779481859,1.8597799973082755e-06
XX,25,384,128,38,0.008879668491496035,2.955238616448826e-06
XX,25,384,255,38,0.0049746144660189765,-9.938250795707144e-07
XX,25,384,383,38,0.012152282779612878,1.0800131851056052e-06
XX,25,384,0,39,0.00543285910120182,-7.083975226757815e-05
XX,25,384,128,39,0.004247268800128569,-6.903762984601875e-05
XX,25,384,255,39,0.000751648496711967,1.0544295821137034e-05
XX,25,384,383,39,0.0014404284103101807,2.925023020832178e-06
XX,25,384,0,40,0.003476093940091464,0.00013443192187147408
XX,25,384,128,40,0.0013591413602491017,0.0002589841714565125
XX,25,384,255,40,0.0008300052878992608,-0.0001179940100758548
XX,25,384,383,40,0.005641886218284619,0.0002827604661807988
XX,25,384,0,41,0.0004117895190779097,2.664199951960249e-06
XX,25,384,128,41,0.0010759608537042056,1.648136095373613e-07
XX,25,384,255,41,0.0041545143481903695,-1.1491629912937865e-05
XX,25,384,383,41,0.0007040546609766406,-2.5047624710423195e-06
XX,25,384,0,42,0.012840925509469317,4.126331647042966e-06
XX,25,384,128,42,0.00046605984871472773,8.827633965136017e-05
XX,25,384,255,42,0.0006539500325890942,-0.00018592370549285806
XX,25,384,383,42,0.0013324221127956192,-8.259575359068267e-06
XX,25,384,0,43,0.0035871869676157245,-1.327103494541085e-05
XX,25,384,128,43,0.0022417866169835445,8.846923901436057e-05
XX,25,384,255,43,0.0016734744308389115,-4.050457826809033e-06
XX,25,384,383,43,0.004863853188854576,-8.943693521849403e-05
XX,25,384,0,44,0.0011435459507663788,-3.503622569577837e-05
XX,25,384,128,44,0.0037863496995866885,-5.323505078734047e-06
XX,25,384,255,44,0.0045471080928958735,-5.387324739553099e-05
XX,25,384,383,44,0.007751010568752886,-6.576001298435696e-05
XX,25,384,0,45,0.011621476216101772,1.7912810395138282e-06
XX,25,384,128,45,0.0024888743492771682,-3.005978931345859e-05
XX,25,384,255,45,0.00048669704413206743,1.5276889420102937e-05
XX,25,384,383,45,0.0020657963264901543,-0.00010479775105130502
XX,25,384,0,46,0.002800722928859532,-1.20487866662615e-06
XX,25,384,128,46,0.009898023232733975,-2.7760714663792163e-05
XX,25,384,255,46,0.009867085395527733,-9.535478936703904e-06
XX,25,384,383,46,0.0022540080216516176,-6.921951497346825e-05
XX,25,384,0,47,0.006327150776740705,1.5097751580405678e-06
XX,25,384,128,47,0.0015851760976936737,-3.3969293794097944e-07
XX,25,384,255,47,0.0012176712613811596,-2.7264618770070593e-06
XX,25,384,383,47,0.008595651240068065,1.4876284212128817e-05
XX,25,384,0,48,0.00047222533575360753,-8.899249269290577e-06
XX,25,384,128,48,0.004784134579145737,-4.244348359439529e-05
XX,25,384,255,48,0.0008121875733423725,3.605336058724092e-06
XX,25,384,383,48,0.005585301353944551,-0.0001727596264127813
XX,25,384,0,49,0.007853835009639291,-1.707282825584664e-05
XX,25,384,128,49,0.00045818256253830404,-6.477387161525888e-05
XX,25,384,255,49,0.004970188891105154,0.0005166132970604821
XX,25,384,383,49,0.004822785231855362,6.12049043906401e-05
XX,26,400,0,0,0.00631573998778369,-3.956607986393707e-06
XX,26,400,133,0,0.004557890552803661,-2.012536550069857e-05
XX,26,400,266,0,0.0012031822434614638,3.341408424026282e-06
XX,26,400,399,0,0.0021385711490374813,-6.5927789072992614e-06
XX,26,400,0,1,0.0013871437656207877,-7.298695540091867e-06
XX,26,400,133,1,0.009646038713959013,3.7593027913437444e-06
XX,26,400,266,1,0.006107881299211005,1.8675906022949486e-06
XX,26,400,399,1,0.0003327572902091296,2.52798286183532e-07
XX,26,400,0,2,0.005105438515368548,8.521149129355019e-06
XX,26,400,133,2,0.009200732908275874,-4.322602406155412e-06
XX,26,400,266,2,0.0008515986662557657,4.643447412212478e-05
XX,26,400,399,2,0.001137365158070773,-2.3213438725023656e-05
XX,26,400,0,3,0.0018554190107876282,-1.607031551898613e-05
XX,26,400,133,3,0.0010798361446859044,-6.447525607012586e-07
XX,26,400,266,3,0.004623479518177313,9.138527877102767e-06
XX,26,400,399,3,0.005432017032153329,6.005421658245924e-06
XX,26,400,0,4,0.0037667072685496727,7.201841288042784e-06
XX,26,400,133,4,0.004727255341638107,-8.859954675304038e-06
XX,26,400,266,4,0.0033867101859988155,0.00042164131388287314
XX,26,400,399,4,0.0024009109582870374,-0.0004299123173288118
XX,26,400,0,5,0.00026628811314798544,-1.370910435749572e-06
XX,26,400,133,5,0.010394697192657572,1.082967276714252e-06
XX,26,400,266,5,0.0070433919998636445,-6.356486738606347e-06
XX,26,400,399,5,0.0008400347140507128,-2.4371482276416313e-06
XX,26,400,0,6,0.007101358487434733,7.86834846545426e-06
XX,26,400,133,6,0.0036865268157569206,1.4253727074374975e-06
XX,26,400,266,6,0.009112768818345572,-1.2610792743855724e-06
XX,26,400,399,6,0.0002901846605459364,-1.0330364449468886e-05
XX,26,400,0,7,0.0021076095771372077,6.598010596133582e-06
XX,26,400,133,7,0.0015135387330524558,-1.5559901619018057e-05
XX,26,400,266,7,0.0036713929173622494,-3.421711249792901e-05
XX,26,400,399,7,0.00022079602479224277,1.2864295869024555e-05
XX,26,400,0,8,0.004664865319889106,3.7460640397502827e-07
XX,26,400,133,8,0.00182717140008738,-8.172423577034207e-07
XX,26,400,266,8,0.0014762881248816836,1.3258545365998928e-06
XX,26,400,399,8,0.0015183517174133093,3.958032001921598e-07
XX,26,400,0,9,0.0054555382858556085,-7.658194828882425e-06
XX,26,400,133,9,0.0007114385922683581,1.1677236319551903e-06
XX,26,400,266,9,0.0016051573584696106,-1.9876174849810138e-05
XX,26,400,399,9,0.00034857092552751,1.102722916167145e-05
XX,26,400,0,10,0.0035214528182226255,-1.1483738513035893e-06
XX,26,400,133,10,0.0072825270336874985,-1.0984510158745313e-05
XX,26,400,266,10,0.004935239184352092,-2.1274279631713452e-07
XX,26,400,399,10,0.001948823222883846,1.2565900181457396e-06
XX,26,400,0,11,0.008582298816081411,2.0717274941471455e-07
XX,26,400,133,11,0.009183185497914173,4.5300618975002394e-05
XX,26,400,266,11,0.0006525426374615053,6.133676387436691e-06
XX,26,400,399,11,0.005388044380583142,-2.5094991667988093e-05
XX,26,400,0,12,0.018250444733532153,-1.6796012958274553e-07
XX,26,400,133,12,0.004619348158948047,5.728167370771738e-09
XX,26,400,266,12,0.0008661383972256545,-2.782961615468244e-06
XX,26,400,399,12,0.00467220241401106,-2.0237651548535708e-05
XX,26,400,0,13,0.00480724258014003,-1.081068141161657e-05
XX,26,400,133,13,0.0008278243952590628,-4.436181758987441e-05
XX,26,400,266,13,0.0016576226534160843,3.069731745476679e-05
XX,26,400,399,13,0.0009336298829397189,-3.612046656648873e-05
XX,26,400,0,14,0.008412792392080606,2.9501465514243876e-06
XX,26,400,133,14,0.0017314249468190941,-8.283787041476813e-06
XX,26,400,266,14,0.010837140085649847,-5.210137808289871e-07
XX,26,400,399,14,0.0002980222877714099,1.2896763457670245e-07
XX,26,400,0,15,0.007900753576998638,-2.0129938401526647e-05
XX,26,400,133,15,0.005056373337561558,7.131083892874049e-05
XX,26,400,266,15,0.00018221982124338356,5.356062339861009e-05
XX,26,400,399,15,0.00015919042980719548,0.00012227869279122605
XX,26,400,0,16,0.0025771197983306413,8.826881209666299e-06
XX,26,400,133,16,0.001347943145051313,-1.682850681807062e-05
XX,26,400,266,16,0.002298970302357707,-1.4884760879737146e-05
XX,26,400,399,16,0.00046983883360690175,3.7281392570323265e-05
XX,26,400,0,17,0.002300850573337223,5.386140665419869e-06
XX,26,400,133,17,0.0035655988364297377,-1.0695634665378049e-05
XX,26,400,266,17,0.002996136359418595,-8.477686701408241e-06
XX,26,400,399,17,0.003943786242158873,1.0111504389211142e-05
XX,26,400,0,18,0.00440630282551123,-6.664804272131453e-06
XX,26,400,133,18,0.00333861573486223,5.378091352318507e-07
XX,26,400,266,18,0.0016755430350441046,2.8457238091427797e-06
XX,26,400,399,18,0.002657049449405315,6.055533326084164e-06
XX,26,400,0,19,0.0010289618689624791,2.0520904422206615e-05
XX,26,400,133,19,0.0004424222429327639,1.1694709274329833e-05
XX,26,400,266,19,0.0018997536255841395,8.333199797929845e-06
XX,26,400,399,19,0.003960048821764117,0.0001263673578802318
XX,26,400,0,20,0.0021870323964080676,2.5431886121091452e-05
XX,26,400,133,20,0.0024357453221755987,-6.676239166419283e-05
XX,26,400,266,20,0.0008803917295246732,-2.4339193508199544e-05
XX,26,400,399,20,0.001815091593960868,-2.816685399477321e-05
XX,26,400,0,21,0.0044533621439706815,-7.721545552746237e-05
XX,26,400,133,21,0.0026779201981735196,-6.060041917062275e-05
XX,26,400,266,21,0.0037758505240504357,2.7500529455114042e-06
XX,26,400,399,21,0.00028414367157621694,2.4756257970253572e-05
XX,26,400,0,22,0.006258875802609978,-1.385681078615395e-05
XX,26,400,133,22,0.004219143286847464,-2.8459244624811933e-05
XX,26,400,266,22,0.0018211798586746856,4.181207419954712e-05
XX,26,400,399,22,0.0023984413328800003,0.00013734418818716308
XX,26,400,0,23,0.004569568635126707,3.1941847458721207e-06
XX,26,400,133,23,0.003087429740376487,2.499540288289359e-07
XX,26,400,266,23,0.0034094751710395843,8.613905085841866e-06
XX,26,400,399,23,0.0007629364887149645,-7.700229305774479e-07
XX,26,400,0,24,0.002626377854316674,-8.233725590982113e-08
XX,26,400,133,24,0.0016398432480979757,9.004867842056853e-08
XX,26,400,266,24,0.0032089678252322828,4.5000674058414883e-07
XX,26,400,399,24,0.0004380599088580513,-1.203941836497432e-07
XX,26,400,0,25,0.007003302661180126,-1.3823559367364322e-05
XX,26,400,133,25,0.003628602196431131,-4.505212578052951e-06
XX,26,400,266,25,0.004409681875117531,9.979265381572641e-06
XX,26,400,399,25,0.005026981462431663,0.00021732973594178583
XX,26,400,0,26,0.010741850999415744,3.059054569272141e-06
XX,26,400,133,26,0.01086193287637698,3.3037846092959965e-05
XX,26,400,266,26,0.0017475096016586218,-4.137752909030075e-07
XX,26,400,399,26,0.001401524750609165,-3.2383219437698453e-07
XX,26,400,0,27,0.002338272914587675,-5.523307587121037e-07
XX,26,400,133,27,0.007902823419154416,1.706259447154055e-05
XX,26,400,266,27,0.0012431928216378007,-6.651996824463129e-07
XX,26,400,399,27,0.00020789638147158547,4.049895618515875e-06
XX,26,400,0,28,0.00585240919430837,-4.951937935530513e-07
XX,26,400,133,28,0.003584130774807427,-7.284768959967565e-07
XX,26,400,266,28,0.00307699038111893,-1.5991308539381005e-05
XX,26,400,399,28,0.0018890666775373032,1.974183672147951e-05
XX,26,400,0,29,0.0015570005602436752,6.384291681673834e-06
XX,26,400,133,29,0.005857526031447701,1.9511459337990438e-05
XX,26,400,266,29,0.004800454327814481,-2.4021189787512572e-05
XX,26,400,399,29,0.004975810991531148,-1.8787878987758155e-06
XX,26,400,0,30,0.005450544205622387,3.052746931584966e-06
XX,26,400,133,30,0.004926094498882074,-2.4990362725149304e-06
XX,26,400,266,30,0.0012460729869199208,5.404915950210159e-06
XX,26,400,399,30,0.004839907303955856,1.106187727273897e-05
XX,26,400,0,31,0.006513221507958437,-0.00014098131296278252
XX,26,400,133,31,0.0038379105185809637,4.954458017892432e-05
XX,26,400,266,31,0.0014567084582185856,-2.7225820317840207e-05
XX,26,400,399,31,0.0020850171106887748,9.834901203977993e-05
XX,26,400,0,32,0.0011437005974717657,-6.010177385206436e-08
XX,26,400,133,32,0.002023288837448452,4.2596922555608585e-07
XX,26,400,266,32,0.0007264216446707896,1.1436956390407037e-05
XX,26,400,399,32,0.005480983157855818,-5.220665055779097e-06
XX,26,400,0,33,0.006127923157246113,-4.292384061239224e-06
XX,26,400,133,33,0.003388238286698029,2.190093236972834e-05
XX,26,400,266,33,0.0015469090531539846,-2.9089365851953918e-05
XX,26,400,399,33,0.002658440879258571,-5.640021594557637e-06
XX,26,400,0,34,0.004541517219170696,1.1533093092195612e-05
XX,26,400,133,34,0.0040977923705537945,-2.9741816883862753e-06
XX,26,400,266,34,0.002969110008309399,4.0009576462432176e-07
XX,26,400,399,34,0.0027987351521721613,-1.0222508617049354e-06
XX,26,400,0,35,0.0021242387063969384,-1.755078392383377e-06
XX,26,400,133,35,0.003916307633700103,8.55918391904183e-07
XX,26,400,266,35,0.0002593014606235047,-1.529887627935595e-05
XX,26,400,399,35,4.799142212039071e-05,-2.360530422117115e-06
XX,26,400,0,36,0.0018688680921537398,-1.2358383576476645e-06
XX,26,400,133,36,0.0009255287224365685,-8.07711804863174e-05
XX,26,400,266,36,0.005688994208045994,1.0492998344399736e-05
XX,26,400,399,36,0.0007157916794209656,8.739881246226285e-05
XX,26,400,0,37,0.002630233541064937,-0.00019600432144841436
XX,26,400,133,37,0.0013374664551115754,0.0007046706772728585
XX,26,400,266,37,0.0029071247150828116,0.00028265081150721967
XX,26,400,399,37,0.0002886014850139203,0.001529113529606619
XX,26,400,0,38,0.011273364780996843,1.381236028347453e-06
XX,26,400,133,38,0.002457511901482783,1.1916205432875407e-05
XX,26,400,266,38,0.0017460071412132422,1.8479790549116713e-05
XX,26,400,399,38,0.004575463152654498,-5.586922046924133e-06
XX,26,400,0,39,0.0027136908569133167,-4.703681184883835e-06
XX,26,400,133,39,0.005586703285237475,-1.1121152379703964e-05
XX,26,400,266,39,0.0017910027405740624,2.316302997761629e-06
XX,26,400,399,39,0.0037474474406898593,-3.703886768688727e-06
XX,26,400,0,40,0.008085915487970982,-0.00010034613242334427
XX,26,400,133,40,0.004009608158140449,1.2564513935298028e-05
XX,26,400,266,40,0.004306021372940392,5.1013788814969e-06
XX,26,400,399,40,0.0024405824611919823,-9.226211959543648e-05
XX,26,400,0,41,0.00096947681761188,-4.6937020235267165e-05
XX,26,400,133,41,0.0006355045311284638,-2.796822977342095e-05
XX,26,400,266,41,0.001775170212948857,5.922185251959824e-06
XX,26,400,399,41,0.005627359743877876,-1.4292161150310926e-06
XX,26,400,0,42,0.004133965039475635,-2.9487675829212818e-05
XX,26,400,133,42,0.0022822700806895404,5.114622045488271e-05
XX,26,400,266,42,0.004197907138359501,-5.405016596782535e-07
XX,26,400,399,42,8.165321596816184e-05,1.7617336632764784e-06
XX,26,400,0,43,0.00590511940562686,1.6529887382176465e-05
XX,26,400,133,43,0.0011014421807834828,9.051567596173775e-06
XX,26,400,266,43,0.0018703703395434596,1.0804028775207694e-06
XX,26,400,399,43,0.0006771302594382424,-3.609952685442727e-05
XX,26,400,0,44,0.01569716246996478,-8.364870953428373e-06
XX,26,400,133,44,0.0026753561122401207,6.175268349922551e-06
XX,26,400,266,44,0.0025552053429737293,-1.8794170875884118e-05
XX,26,400,399,44,0.0006149784648934952,-2.8997910009217724e-05
XX,26,400,0,45,0.0012036349357881615,2.6689196119190533e-06
XX,26,400,133,45,0.0037384928538331244,4.794169640947145e-06
XX,26,400,266,45,0.003158867580942964,-2.836117021875301e-06
XX,26,400,399,45,0.0010271081355087747,8.046900429826075e-06
XX,26,400,0,46,0.00866111369988145,-1.0027396681679167e-05
XX,26,400,133,46,0.002857976521902429,8.040870572189381e-06
XX,26,400,266,46,0.0029810083286131647,4.930313927235005e-07
XX,26,400,399,46,0.0010429968852665205,1.2155845015467126e-06
XX,26,400,0,47,0.00491153038856813,2.4930015930584807e-06
XX,26,400,133,47,0.004549299262146291,6.68786979302974e-06
XX,26,400,266,47,0.0030635328308246256,7.771166452989796e-06
XX,26,400,399,47,0.0021007818656394142,-1.275598751662214e-05
XX,26,400,0,48,0.009891511432407745,5.912933093289273e-06
XX,26,400,133,48,0.00458853408196037,-3.913834479523216e-06
XX,26,400,266,48,0.0014925732274734419,-1.3866859362132146e-05
XX,26,400,399,48,0.001067842297239738,6.452446050202306e-07
XX,26,400,0,49,0.0047220989127997786,8.192334651437494e-06
XX,26,400,133,49,0.007849418529686066,7.654638843962382e-06
XX,26,400,266,49,0.0002234136455698268,7.643027448015263e-05
XX,26,400,399,49,0.0001361502323920724,-1.345719403356908e-05
XX,27,416,0,0,0.00910276811320489,2.359036549325668e-06
XX,27,416,138,0,0.00412820429397725,-2.7959469536503703e-06
XX,27,416,277,0,0.0011343606895854715,1.5019835712051385e-05
XX,27,416,415,0,0.0057733014255713444,1.5567931317546867e-05
XX,27,416,0,1,0.0017443008005415567,-1.9900705072320443e-06
XX,27,416,138,1,0.0007787539754352552,3.1729132392738106e-06
XX,27,416,277,1,0.005024737093824787,-3.1639941476800545e-07
XX,27,416,415,1,0.0020272721646518743,-5.81213405104494e-06
XX,27,416,0,2,0.006202133666203351,-6.1988082120665094e-06
XX,27,416,138,2,0.004257143280550959,-1.2116054699005744e-05
XX,27,416,277,2,0.005900725625806623,2.430450044526292e-05
XX,27,416,415,2,0.0008162093760601523,-4.994855919455564e-06
XX,27,416,0,3,0.005538052396551165,1.9873931747662428e-06
XX,27,416,138,3,0.0011912491862981617,4.3333768917410964e-05
XX,27,416,277,3,0.012422462292985404,7.188156630692614e-05
XX,27,416,415,3,0.00011784056864614723,5.4975604162394334e-06
XX,27,416,0,4,0.002634931907810211,-1.2407522765152865e-05
XX,27,416,138,4,0.0022200223102184775,1.6879445517231854e-07
XX,27,416,277,4,0.001062405401180687,1.144327715250974e-05
XX,27,416,415,4,0.011015733981837009,-1.8988749358374453e-05
XX,27,416,0,5,0.006974592341947958,3.5705631418410686e-07
XX,27,416,138,5,0.004713184076823204,-3.656305171535035e-06
XX,27,416,277,5,0.0013252545510745953,-3.371645160632381e-06
XX,27,416,415,5,0.0020498152617050656,-4.810677308063364e-06
XX,27,416,0,6,0.005851525808894088,2.8966620823565574e-05
XX,27,416,138,6,0.002459728309825667,-2.857878187369927e-05
XX,27,416,277,6,0.0027399944499724963,-0.0001158664433017711
XX,27,416,415,6,0.0021318465909626228,-3.009378160858907e-05
XX,27,416,0,7,0.0046651445561794016,6.457451481289823e-07
XX,27,416,138,7,0.004347877180368526,1.2222367555837416e-06
XX,27,416,277,7,0.001213109028154371,-3.3412583992023786e-07
XX,27,416,415,7,0.0020265651097315595,5.450779847524284e-06
XX,27,416,0,8,0.0018608464974923028,-5.544333069230521e-07
XX,27,416,138,8,0.0020411569130185238,-6.610198821975178e-07
XX,27,416,277,8,0.0038248316521388584,2.1141852486918883e-07
XX,27,416,415,8,0.00996701064941436,-1.2389009327575087e-05
XX,27,416,0,9,0.007898041781724107,4.7936704117220194e-05
XX,27,416,138,9,0.0021451344970730636,-7.079690719828207e-06
XX,27,416,277,9,0.0015896315152018306,3.1227362438501073e-06
XX,27,416,415,9,0.0015888769726467803,1.5956381780816563e-05
XX,27,416,0,10,0.009221682158332885,2.889527700634551e-06
XX,27,416,138,10,0.0031986675554549946,-9.839238617788274e-06
XX,27,416,277,10,0.001595489148040726,0.00016655340423618514
XX,27,416,415,10,0.011529808213046597,-2.102961922236337e-05
XX,27,416,0,11,0.006599368082115372,-2.522324524199533e-07
XX,27,416,138,11,0.0016307029677801272,-4.21507768450538e-06
XX,27,416,277,11,0.001058186652416564,-7.06708365025494e-06
XX,27,416,415,11,0.004199304767315794,7.453255463437009e-06
XX,27,416,0,12,0.0049588735017903444,-3.132166155815123e-05
XX,27,416,138,12,0.0009400390652120347,4.0754249751292013e-07
XX,27,416,277,12,0.0036327919312339934,-4.72909248068972e-06
XX,27,416,415,12,5.69321843453909e-05,1.3803440740242806e-06
XX,27,416,0,13,0.0029584306811871195,3.2693945749458216e-06
XX,27,416,138,13,0.0038201730587940526,3.098022985388837e-05
XX,27,416,277,13,0.004875352112510943,-3.4484893528602335e-05
XX,27,416,415,13,0.003963149328469053,-2.007874795451731e-05
XX,27,416,0,14,0.003866816983524648,-9.362572249482158e-06
XX,27,416,138,14,0.0007729451188975529,-4.194523066528968e-06
XX,27,416,277,14,0.0015099727694992964,1.5934038749842e-05
XX,27,416,415,14,0.0007462697616412988,4.5202940330646165e-05
XX,27,416,0,15,0.0011086297578118901,5.9105595999908054e-08
XX,27,416,138,15,0.0010507205416788346,6.939966754144154e-07
XX,27,416,277,15,0.00378767423397414,-5.771027455971438e-06
XX,27,416,415,15,0.011844787424936477,1.87805734830869e-05
XX,27,416,0,16,0.0018467652684058407,-1.1326911304964155e-06
XX,27,416,138,16,0.0009123914827963151,7.195348753444671e-06
XX,27,416,277,16,0.0008406741427698389,-3.091611947041893e-07
XX,27,416,415,16,0.0036637777608713533,8.349367398321926e-08
XX,27,416,0,17,0.008677007285461029,-9.00820079769617e-07
XX,27,416,138,17,0.0032299156325975562,2.576275744996183e-06
XX,27,416,277,17,0.0028809085659399943,9.896108598331758e-06
XX,27,416,415,17,0.0014894991032890993,-2.870966967129866e-06
XX,27,416,0,18,0.000970661202482196,-4.973881049174042e-06
XX,27,416,138,18,0.002613649347348949,3.904953332040882e-06
XX,27,416,277,18,0.0041524641093804,4.7364795008472075e-06
XX,27,416,415,18,0.0031757019831823038,-3.4215180315657024e-06
XX,27,416,0,19,0.002995268280169687,-1.618019886304304e-06
XX,27,416,138,19,0.0008151358141436357,-2.1957310541682125e-06
XX,27,416,277,19,0.005190821489446592,7.272314558935086e-07
XX,27,416,415,19,0.0009061732413899264,-3.3124666815978234e-06
XX,27,416,0,20,0.004974602745564132,7.049088114434442e-06
XX,27,416,138,20,0.0017040037533374208,3.835483672608468e-05
XX,27,416,277,20,0.0015022715423274372,1.5679275172520292e-05
XX,27,416,415,20,0.001605967113195553,-1.110703151766543e-05
XX,27,416,0,21,0.004422160479252622,7.66357261171485e-06
XX,27,416,138,21,0.002992972839407154,1.6505822412205955e-05
XX,27,416,277,21,0.005957397241430855,6.786044332570829e-06
XX,27,416,415,21,0.005796720461967182,-2.0893715127175482e-05
XX,27,416,0,22,0.008419933446060941,-8.80418864955502e-05
XX,27,416,138,22,0.001984649783732096,-5.586143160183059e-05
XX,27,416,277,22,0.0004196421465981604,-7.111204002767987e-05
XX,27,416,415,22,0.005804757485157184,7.264646678271577e-05
XX,27,416,0,23,0.004782533618557684,-2.561302286719173e-06
XX,27,416,138,23,0.0012655376690135511,-2.470381810437313e-06
XX,27,416,277,23,0.010369539048341111,-1.368960324966471e-07
XX,27,416,415,23,0.007508918951519,8.287553408819229e-06
XX,27,416,0,24,0.004296090591413535,-9.058180603383885e-06
XX,27,416,138,24,0.0013220470905715444,2.475468170631324e-06
XX,27,416,277,24,0.002200828377102298,-1.4122928283590603e-05
XX,27,416,415,24,0.008146176978482848,1.941300379692081e-05
XX,27,416,0,25,0.0037277747697184766,-3.6898599249568215e-06
XX,27,416,138,25,0.0018012412876578612,7.941356445404704e-06
XX,27,416,277,25,0.005912718915101568,8.601060164927734e-08
XX,27,416,415,25,0.00641285686321759,-2.0949193385533948e-05
XX,27,416,0,26,0.0014429027944213625,2.169274054616564e-05
XX,27,416,138,26,0.0024004986160660055,1.378975656400735e-05
XX,27,416,277,26,0.00045900359623384917,0.00012938970899689629
XX,27,416,415,26,0.006238089657569906,-1.676005400951105e-05
XX,27,416,0,27,0.005380527416867765,6.182110411358742e-07
XX,27,416,138,27,0.008804748686094467,-1.541562126143218e-05
XX,27,416,277,27,0.0024105787203506967,-9.53942786512097e-06
XX,27,416,415,27,0.00025730609778768724,-5.6677938200288596e-05
XX,27,416,0,28,0.0067262499770139395,8.887338371501503e-07
XX,27,416,138,28,0.004445455252530221,-1.5168689942816814e-07
XX,27,416,277,28,0.007982252105831677,-1.5158863190664406e-07
XX,27,416,415,28,0.0009471545614002738,-4.041718316994471e-06
XX,27,416,0,29,0.0027496211900796745,2.885695823234599e-06
XX,27,416,138,29,0.009043508261723046,5.970243124114229e-06
XX,27,416,277,29,0.0014368851832816055,-6.110348493847828e-07
XX,27,416,415,29,0.0002965416868899171,3.1147411929922465e-06
XX,27,416,0,30,0.0029077185764754534,-2.5451030063843028e-06
XX,27,416,138,30,0.0033546968769637034,0.0001619316903643856
XX,27,416,277,30,0.000572353893378872,9.139463770751859e-06
XX,27,416,415,30,0.005230525662665449,-3.5445520486559936e-05
XX,27,416,0,31,0.0032626156084660917,3.3193392559221016e-05
XX,27,416,138,31,0.000831636275731466,5.3949182173846225e-06
XX,27,416,277,31,0.002661411913003274,4.44295365268862e-06
XX,27,416,415,31,0.0002775316117210863,2.3370183690812546e-07
XX,27,416,0,32,0.0020467962227014654,2.7739994446681753e-07
XX,27,416,138,32,0.004742533193397751,-4.4375160546129196e-07
XX,27,416,277,32,0.0015621562536896015,-1.060725340646602e-06
XX,27,416,415,32,0.007378320035647315,1.676524006812993e-07
XX,27,416,0,33,0.003760535714961371,2.7874853017339104e-06
XX,27,416,138,33,0.002405500175952034,-1.3643817518128554e-06
XX,27,416,277,33,0.00291872108702748,8.74918172485693e-07
XX,27,416,415,33,0.00024225631704828763,9.33857168717698e-06
XX,27,416,0,34,0.0010087639236762576,3.1238328745709096e-05
XX,27,416,138,34,0.004476441052469315,9.882013621196576e-07
XX,27,416,277,34,0.004278226551855725,1.000057341744089e-06
XX,27,416,415,34,0.0018873856012874446,-9.679568097862467e-06
XX,27,416,0,35,0.003856123260679729,-1.3571084401110647e-05
XX,27,416,138,35,0.000791304045367557,-9.725946166060788e-05
XX,27,416,277,35,0.001935632085783311,-3.652204771926017e-05
XX,27,416,415,35,0.0012563599996240201,-7.436909646999423e-05
XX,27,416,0,36,0.0027465751802998556,-1.0751696513894118e-05
XX,27,416,138,36,0.007933894535004453,-4.1214178051198164e-05
XX,27,416,277,36,0.0014694773228061736,-1.253525560498817e-05
XX,27,416,415,36,0.002065704651324333,6.482402299204403e-05
XX,27,416,0,37,0.00722358210365824,5.121773118644601e-06
XX,27,416,138,37,0.002114153275440967,-4.614125216052503e-06
XX,27,416,277,37,0.004177198426676026,4.586150244361038e-06
XX,27,416,415,37,0.0007473373586795185,-1.5785374508079594e-06
XX,27,416,0,38,0.0015787037235247012,9.896165880713586e-07
XX,27,416,138,38,0.004903910266975125,7.758449080939606e-05
XX,27,416,277,38,0.001012324112437456,-1.271876324928972e-05
XX,27,416,415,38,0.0017872304680997871,-1.4619422413240456e-05
XX,27,416,0,39,0.005190694352681984,3.526904630658617e-06
XX,27,416,138,39,0.006316157059302429,-2.161073177784899e-06
XX,27,416,277,39,0.0018216803627730562,-2.6158294700782086e-06
XX,27,416,415,39,0.0008389755469644176,9.778718936726517e-06
XX,27,416,0,40,0.005029875187616,2.8760657531278067e-06
XX,27,416,138,40,0.001305989489257561,-2.530370758802001e-06
XX,27,416,277,40,0.0017699878922992226,2.7779601227662953e-06
XX,27,416,415,40,0.004454181554624486,4.937510183820189e-06
XX,27,416,0,41,0.008791303784070257,2.3554584850688395e-05
XX,27,416,138,41,0.00822479711493131,-5.6767308158831825e-06
XX,27,416,277,41,0.0036939798301335405,8.215288087684596e-06
XX,27,416,415,41,0.006282367340396059,1.5869689968335456e-07
XX,27,416,0,42,0.006289612721246068,5.095210137858372e-06
XX,27,416,138,42,0.0006546203820484702,3.892465195803695e-06
XX,27,416,277,42,0.002655964045358159,-7.434366052942592e-06
XX,27,416,415,42,0.0015459977906701148,-7.855502944332583e-06
XX,27,416,0,43,0.0010021548083254843,3.442947333075251e-07
XX,27,416,138,43,0.007176724284978347,2.9561564437321853e-06
XX,27,416,277,43,0.003336103944251578,5.573326743376031e-07
XX,27,416,415,43,0.008947616512288785,2.3689334190390916e-05
XX,27,416,0,44,0.0026236716976782135,-1.1203289730777213e-06
XX,27,416,138,44,0.0016923363582426517,2.990614251610984e-08
XX,27,416,277,44,0.009766566447179,-1.3878647715662508e-08
XX,27,416,415,44,0.0031638481044945887,-1.837218042198164e-06
XX,27,416,0,45,0.008199307958954806,3.321252026248752e-05
XX,27,416,138,45,0.0014091127653982367,-3.320802462698845e-05
XX,27,416,277,45,0.0015781963434455969,7.907523740958836e-06
XX,27,416,415,45,0.006712474330939983,-5.240459443613901e-05
XX,27,416,0,46,0.006103029267833325,-1.3495107039908055e-06
XX,27,416,138,46,0.006643718801533607,-5.46280145278426e-06
XX,27,416,277,46,0.0005329910137161461,1.5161309816956944e-06
XX,27,416,415,46,0.0008167316606049642,-1.0748361509875027e-06
XX,27,416,0,47,0.0063189264227174885,-5.335795009769796e-06
XX,27,416,138,47,0.0018799248501794284,-4.826371502101215e-06
XX,27,416,277,47,0.004025290310983474,-3.657414232735389e-05
XX,27,416,415,47,0.00549703445635677,1.5339686346617582e-06
XX,27,416,0,48,0.0034223906801300586,-2.065150941731602e-06
XX,27,416,138,48,0.006896938357595799,-1.4826664772839215e-06
XX,27,416,277,48,0.003912092166409188,4.338529072885499e-07
XX,27,416,415,48,0.00024524210930162126,1.062471743309317e-06
XX,27,416,0,49,0.001286024043858364,-0.00017959341488529084
XX,27,416,138,49,0.004431074894046729,2.7267219025015767e-05
XX,27,416,277,49,0.0032929710519711947,1.4744335468874703e-05
XX,27,416,415,49,0.005189109757096366,-1.163946234757258e-05
XX,28,432,0,0,0.0004981899422956569,-1.1383588399482528e-06
XX,28,432,144,0,0.0021454557538330347,1.0455676306595315e-06
XX,28,432,287,0,0.0008010966466514415,3.638963082881587e-08
XX,28,432,431,0,0.0013362836296546355,-1.394168463096331e-06
XX,28,432,0,1,0.006732038327944087,1.3720978807298253e-06
XX,28,432,144,1,0.003877605481389369,6.590198166405006e-07
XX,28,432,287,1,0.0016456169162266923,-3.7313775208033554e-06
XX,28,432,431,1,8.95297592058826e-05,-1.5619423416012132e-05
XX,28,432,0,2,8.370024218930128e-05,2.2521391566241082e-07
XX,28,432,144,2,0.0028032449876443247,-1.4395964568317172e-05
XX,28,432,287,2,0.0009995686283249562,-1.2822454414593443e-05
XX,28,432,431,2,0.002686864841436881,2.8893942822219215e-05
XX,28,432,0,3,0.008285800920063527,1.6717061225631088e-05
XX,28,432,144,3,0.003261831862417874,1.1219248222726826e-06
XX,28,432,287,3,0.0001293590402855624,2.008371734176947e-05
XX,28,432,431,3,0.002363496165097627,3.5483289879309733e-06
XX,28,432,0,4,0.012378464522326018,-1.992664413940563e-08
XX,28,432,144,4,0.0030192040024793186,5.229969007189768e-06
XX,28,432,287,4,0.002405700864459797,-7.230504503591812e-06
XX,28,432,431,4,0.00015610589748551952,-1.6924233473602295e-06
XX,28,432,0,5,0.006631198200306691,-8.340008305849896e-06
XX,28,432,144,5,0.006824102152800366,1.7310014570645182e-05
XX,28,432,287,5,0.004871581477726754,3.0137567049966833e-06
XX,28,432,431,5,0.0031604791818332263,3.285465352399308e-05
XX,28,432,0,6,0.0008161146629583741,-1.143947301844578e-06
XX,28,432,144,6,0.002177892268613932,1.4393779700192804e-06
XX,28,432,287,6,0.009253241141492593,3.1750944874758224e-06
XX,28,432,431,6,5.462452466824685e-05,1.7542660776649164e-06
XX,28,432,0,7,0.001250163872145295,-1.2109148415616198e-06
XX,28,432,144,7,0.008175648843742913,1.6757264271432103e-07
XX,28,432,287,7,0.0014189798780166686,2.024409979335331e-07
XX,28,432,431,7,0.003285459218393168,2.796920398595119e-05
XX,28,432,0,8,0.006441731044443516,-1.7247176211386865e-05
XX,28,432,144,8,0.0007095744934622459,-3.487245430132911e-06
XX,28,432,287,8,0.0014093254252582508,1.7844833138149765e-05
XX,28,432,431,8,0.00010747712769038737,2.3685803740507266e-05
XX,28,432,0,9,0.002030925739232618,-1.3100955158483358e-06
XX,28,432,144,9,0.002523139392041696,6.142588875243954e-07
XX,28,432,287,9,0.0005409181445648504,-2.2025967729582747e-05
XX,28,432,431,9,0.00289799365796233,-9.270461219413252e-06
XX,28,432,0,10,0.00387773303090283,1.049604682457429e-06
XX,28,432,144,10,0.00186374850079422,3.0875161112315714e-07
XX,28,432,287,10,0.005149447449096735,8.414668653342822e-07
XX,28,432,431,10,0.000982479008550176,-1.7013904470217257e-05
XX,28,432,0,11,0.0005176285235034345,7.899380934393634e-07
XX,28,432,144,11,0.0016901286056702372,4.4389313561411353e-07
XX,28,432,287,11,0.0016609258697359598,-6.297470573103105e-05
XX,28,432,431,11,0.002110136251552781,-3.4959203028495046e-05
XX,28,432,0,12,0.0030529064715694616,6.444233516954265e-06
XX,28,432,144,12,0.0021999167496248415,3.999118911885879e-06
XX,28,432,287,12,0.0007808358867506524,6.41787432989169e-07
XX,28,432,431,12,0.006216912655445475,-8.193561966729736e-07
XX,28,432,0,13,0.010177811142162853,1.530500940758309e-06
XX,28,432,144,13,0.0005758364416256278,8.6213218124189e-08
XX,28,432,287,13,0.0007125845388694532,2.865626022771462e-07
XX,28,432,431,13,0.0007552145215501615,-1.383677677034997e-07
XX,28,432,0,14,0.0070073430675114306,1.6737178882391657e-06
XX,28,432,144,14,0.000889907226113226,-2.0750145004725352e-06
XX,28,432,287,14,0.0030597445343063787,-2.2260010882535668e-07
XX,28,432,431,14,0.002225932776188146,5.086439095151235e-06
XX,28,432,0,15,0.004199133206309012,1.6132173848080163e-06
XX,28,432,144,15,0.005511465295254216,-1.4258451751733443e-06
XX,28,432,287,15,0.006306182855753702,1.4436737685968768e-05
XX,28,432,431,15,0.0039376349153035445,-1.057253377286817e-06
XX,28,432,0,16,0.00455480702783624,1.3785552397966442e-06
XX,28,432,144,16,0.0016666237989817353,-4.5015393534392055e-07
XX,28,432,287,16,0.0074518470641235564,-3.324762344886691e-06
XX,28,432,431,16,0.00019142552338353424,3.592663205861636e-06
XX,28,432,0,17,0.005824537626831237,-1.791003366934888e-05
XX,28,432,144,17,0.0020881837980176367,-7.249589442688965e-05
XX,28,432,287,17,0.002204678387003852,-1.4409812198109822e-05
XX,28,432,431,17,0.003858072699195704,-6.479904532399817e-06
XX,28,432,0,18,0.0005885918032225707,1.2242958022961309e-06
XX,28,432,144,18,0.0011631289752263166,-4.6018558746751065e-07
XX,28,432,287,18,0.002779765677609335,2.3758575795788578e-07
XX,28,432,431,18,0.0007635456215775593,2.476422410542891e-06
XX,28,432,0,19,0.0031760337117045937,-1.6172713095657508e-07
XX,28,432,144,19,0.007662800541748575,6.361183939444204e-07
XX,28,432,287,19,0.0022956266103039947,3.3905918236295385e-08
XX,28,432,431,19,0.010129957829921557,1.3660691981872328e-06
XX,28,432,0,20,0.006004614700066635,8.886968356275803e-07
XX,28,432,144,20,0.001893847344461727,8.401303530871081e-06
XX,28,432,287,20,0.0005113887182964404,2.9073095904232006e-05
XX,28,432,431,20,0.00019313448098604429,-8.185875025842857e-06
XX,28,432,0,21,0.0005783568596689618,-2.6294314816825615e-06
XX,28,432,144,21,0.0012985346677327955,5.741633653202524e-06
XX,28,432,287,21,0.0010460622567682227,1.5339411046086648e-06
XX,28,432,431,21,0.0029159668753314305,-3.251171126953766e-07
XX,28,432,0,22,0.002089849682855545,-1.2044425008165985e-06
XX,28,432,144,22,0.0011864071839260489,-1.131554868109863e-05
XX,28,432,287,22,0.002685420064344419,2.9085230624569334e-06
XX,28,432,431,22,0.00023051539190147596,2.2302449329387893e-05
XX,28,432,0,23,0.0015419272021910877,-1.4772823993873349e-06
XX,28,432,144,23,0.00568491908574335,-1.1045816263523541e-05
XX,28,432,287,23,0.002270733850229941,2.4676582349700857e-06
XX,28,432,431,23,0.0006909991993619051,5.823894951199866e-06
XX,28,432,0,24,0.006747953114904854,-4.247530627019674e-07
XX,28,432,144,24,0.0023314999729587673,-5.7738859868052834e-08
XX,28,432,287,24,0.00046340829791204205,2.9873340947116436e-07
XX,28,432,431,24,0.0014553740789754789,-9.997365904808198e-06
XX,28,432,0,25,0.0045255858678966004,1.9314960399700473e-06
XX,28,432,144,25,0.0016611806177733062,-1.4924110839269952e-06
XX,28,432,287,25,0.005031495839337137,1.3516922794334085e-06
XX,28,432,431,25,0.0008470924556106789,-2.203709901561078e-06
XX,28,432,0,26,0.0041791638597652924,3.4867567022761526e-07
XX,28,432,144,26,0.0013776071395377291,-1.5330199408519384e-08
XX,28,432,287,26,0.0037592844188681705,-5.085553256802989e-06
XX,28,432,431,26,0.00032887800156612137,-5.2784863834525214e-08
XX,28,432,0,27,0.0019251120331917001,1.7813873063676433e-06
XX,28,432,144,27,0.002725733488044208,-4.2525877967854327e-07
XX,28,432,287,27,0.002075648588979256,-6.142091568330456e-07
XX,28,432,431,27,0.0009383767170341397,7.723490162994787e-07
XX,28,432,0,28,0.003876782718987854,-1.56599349506355e-05
XX,28,432,144,28,0.001443060537128266,2.0191619442050846e-06
XX,28,432,287,28,0.0027210276900681892,7.916668261985878e-06
XX,28,432,431,28,0.005157350607560289,-4.131290320980057e-06
XX,28,432,0,29,0.005979734581340974,-2.6499436316335195e-05
XX,28,432,144,29,0.003087998718541779,1.2885661591563456e-05
XX,28,432,287,29,0.0019285398127955001,-6.16628282163839e-06
XX,28,432,431,29,0.00011809516298099375,1.1880254158230404e-05
XX,28,432,0,30,0.002890187353940276,-1.1243557653520989e-05
XX,28,432,144,30,0.010911837184175257,-1.2713451292225185e-05
XX,28,432,287,30,0.002140024499314911,7.99638277380226e-06
XX,28,432,431,30,0.0008669284873795979,-2.166735684135687e-05
XX,28,432,0,31,0.007023450478860385,-3.071003890233294e-08
XX,28,432,144,31,0.0013597899060819995,-4.356353875673539e-08
XX,28,432,287,31,0.0003374566938028994,-5.516010945940182e-07
XX,28,432,431,31,0.0007270520691113361,-1.0804673934157353e-07
XX,28,432,0,32,0.0026155184994032577,2.1517908688495357e-06
XX,28,432,144,32,0.0024400668628746054,-6.559124831662289e-06
XX,28,432,287,32,0.0005439861183958109,-1.480200961783963e-05
XX,28,432,431,32,0.004851052670930822,7.622081833879044e-06
XX,28,432,0,33,0.006751952182421445,-1.5473250832831858e-06
XX,28,432,144,33,0.0013771449607534404,-2.2684078730989286e-06
XX,28,432,287,33,0.0005055648881111365,-9.370067628912873e-06
XX,28,432,431,33,0.0046230686460022085,-5.483214908950716e-06
XX,28,432,0,34,0.018195957914503475,3.033552957498288e-07
XX,28,432,144,34,0.000995744717821278,1.218183750354387e-06
XX,28,432,287,34,0.0003434920972852928,1.5259634500287717e-07
XX,28,432,431,34,0.00015484284912818083,-1.6288846536611193e-05
XX,28,432,0,35,0.006876682953383022,-6.020175714681981e-07
XX,28,432,144,35,0.005971594972889029,3.107487892528538e-06
XX,28,432,287,35,0.00016035386421274072,3.900124255923489e-06
XX,28,432,431,35,0.00017748748320576359,-2.434607661177016e-05
XX,28,432,0,36,0.00343346922893303,2.617621010216123e-07
XX,28,432,144,36,0.0008510993735373921,1.0471493523296085e-06
XX,28,432,287,36,0.0013477428888712922,3.966073601030383e-06
XX,28,432,431,36,0.0022134238253654044,-1.5026575991594589e-06
XX,28,432,0,37,0.0022678582625326876,-9.97296792928725e-06
XX,28,432,144,37,0.00070246592825443,1.6554606641476532e-05
XX,28,432,287,37,0.0001927181126213338,2.9667810458552953e-05
XX,28,432,431,37,0.0017805382047849888,-3.03811142079801e-05
XX,28,432,0,38,0.0015304638897704205,3.146286978297218e-06
XX,28,432,144,38,0.003886475517725918,5.3863691544293336e-05
XX,28,432,287,38,0.006315984806287531,8.073703473100912e-07
XX,28,432,431,38,0.002342211649586872,-4.020544565711567e-07
XX,28,432,0,39,0.008352871980468317,6.79824788788765e-07
XX,28,432,144,39,0.008223095217851242,2.2314039876034065e-06
XX,28,432,287,39,0.005711559136882152,-1.696091840786744e-06
XX,28,432,431,39,0.0014672512190675533,2.133365600146729e-05
XX,28,432,0,40,0.00922468348022695,-1.9018881955434883e-06
XX,28,432,144,40,0.005248387019616617,2.720129296435755e-05
XX,28,432,287,40,0.0006509733149233835,-2.138515191210492e-05
XX,28,432,431,40,9.012524941645996e-05,7.322908308926047e-06
XX,28,432,0,41,0.010899713648115572,1.2259748890522124e-06
XX,28,432,144,41,0.003950746587628555,-1.1995451768829536e-06
XX,28,432,287,41,0.003833809122092254,1.8381498225282086e-06
XX,28,432,431,41,0.006953296133184921,-1.1156357304142395e-06
XX,28,432,0,42,0.0017446366210934873,1.391668102939441e-06
XX,28,432,144,42,0.0016919253644397025,4.354599312568355e-07
XX,28,432,287,42,0.005651981212343728,-1.0498649031972758e-06
XX,28,432,431,42,0.004667004716944928,1.1885590517297711e-06
XX,28,432,0,43,0.008333671690680004,3.2958225644829996e-07
XX,28,432,144,43,0.00320940171375389,1.9635900487259924e-06
XX,28,432,287,43,0.0013784200237572733,3.16963431048754e-06
XX,28,432,431,43,0.0016638959614563393,2.033620625387005e-06
XX,28,432,0,44,0.004043856186054775,-1.0625473379081891e-07
XX,28,432,144,44,0.0026231618045671813,-1.1019791590566497e-06
XX,28,432,287,44,0.0023543076568966793,-1.55394524219364e-06
XX,28,432,431,44,0.0010415207430177701,-2.898481311891403e-07
XX,28,432,0,45,0.006258443229273557,5.114652138888586e-06
XX,28,432,144,45,0.0042458862021658396,2.353899980353736e-07
XX,28,432,287,45,0.001719556706793441,1.935150363911783e-06
XX,28,432,431,45,0.0008849208900882486,3.593112926331808e-06
XX,28,432,0,46,0.0011822603043946998,3.127932413437752e-06
XX,28,432,144,46,0.004814267263794258,-6.075945767012812e-08
XX,28,432,287,46,0.0010056986566399665,4.938994325391565e-07
XX,28,432,431,46,0.0027340086398065415,5.207176860733022e-07
XX,28,432,0,47,0.005248512287129221,6.89607422330143e-07
XX,28,432,144,47,0.00546777115099376,-3.692618915115096e-08
XX,28,432,287,47,0.0014704606451336174,3.714025316120121e-07
XX,28,432,431,47,0.0016952282133633535,-5.68033360891327e-07
XX,28,432,0,48,0.0059297593755925256,-3.314144699870811e-06
XX,28,432,144,48,0.0035394463386805137,-1.1869190579833955e-06
XX,28,432,287,48,0.0027946374258124495,6.658747806119391e-07
XX,28,432,431,48,0.00018993735975103473,-5.208661156895851e-06
XX,28,432,0,49,0.0027337944533586756,-2.1695897314208544e-05
XX,28,432,144,49,0.0017450571362633669,1.399029412894122e-07
XX,28,432,287,49,0.0011801039821214363,-3.221195964180296e-07
XX,28,432,431,49,0.0028284948139701165,-9.946293732259777e-07
