image,basis,shots,e0,e1,e2,e3,e4,e5,e6,e7,counts
0,x,4000,0.2915,0.05300000000000005,-0.03649999999999998,-0.014999999999999902,0.0595,-0.10149999999999992,0.1945,0.43999999999999995,"{""01101000"":19,""00110101"":37,""01011110"":31,""01011011"":28,""01011010"":55,""01111111"":13,""00111010"":55,""11001100"":5,""10111100"":12,""10111010"":23,""10011011"":16,""01001010"":25,""01101101"":17,""00011000"":9,""00111100"":53,""10100100"":11,""00111101"":24,""10001000"":14,""10001011"":8,""11001001"":3,""01101100"":26,""01101110"":23,""10101100"":19,""00101100"":57,""11111000"":6,""10001101"":15,""01111000"":15,""01000010"":28,""00101101"":46,""01110100"":21,""01111101"":18,""01001110"":29,""01111010"":17,""01101001"":24,""10101001"":9,""10101010"":11,""00101110"":62,""01101011"":12,""00101011"":22,""11101101"":8,""01001101"":29,""01011100"":22,""00111111"":19,""00001001"":12,""00001110"":20,""10111000"":11,""01111100"":20,""01001111"":17,""01111011"":15,""01100110"":24,""10000010"":21,""10001010"":16,""11101010"":14,""10111011"":11,""00111011"":35,""10001111"":15,""01001000"":41,""10010111"":5,""10010001"":12,""10001110"":12,""01011000"":19,""01011111"":21,""10011010"":43,""00101111"":19,""11101110"":10,""00010100"":9,""10011100"":17,""11101011"":6,""10011101"":19,""10101000"":8,""00101010"":50,""00101000"":32,""11001010"":6,""01001001"":25,""00000110"":13,""00111000"":44,""01000100"":78,""00111001"":36,""00001010"":14,""10101110"":10,""01001100"":49,""00100001"":25,""10011001"":14,""11101100"":10,""01010001"":13,""10110001"":6,""10011110"":22,""11101111"":7,""01101010"":17,""00001111"":6,""00101001"":29,""10001001"":10,""00011110"":11,""01011101"":28,""10111110"":8,""01011001"":22,""11111100"":9,""00111110"":18,""11111011"":3,""10101101"":12,""01001011"":14,""00011010"":17,""00011100"":5,""01110101"":8,""00011101"":9,""10111101"":7,""10011111"":11,""00100101"":37,""10010100"":28,""10010110"":25,""01000101"":24,""00110100"":69,""00100100"":63,""10110100"":19,""00110010"":61,""10110010"":16,""00000101"":7,""10000100"":28,""01010101"":15,""00110110"":31,""00100110"":67,""10010010"":28,""00000000"":15,""00000010"":24,""00100000"":31,""01000001"":15,""10000101"":15,""10110000"":5,""10010000"":20,""10100010"":12,""01000000"":41,""01000011"":16,""10000001"":18,""11110101"":2,""10100110"":14,""10110101"":9,""10011000"":12,""00100010"":56,""01100000"":17,""00010010"":11,""01100010"":18,""01010100"":48,""00010110"":7,""01000110"":34,""00110000"":42,""00010000"":9,""00110111"":17,""01010111"":11,""00100011"":18,""00000100"":14,""10100101"":14,""10000000"":20,""00110001"":19,""01110010"":18,""01010110"":33,""10010101"":21,""01110001"":11,""00011001"":7,""11011010"":1,""00001011"":6,""10001100"":24,""11101000"":3,""00001100"":18,""11101001"":7,""01111001"":5,""10100011"":4,""01111110"":9,""11111001"":5,""01010010"":41,""11111110"":7,""01100100"":25,""01100101"":9,""11111101"":7,""10100001"":7,""10000110"":23,""00001101"":7,""11011101"":2,""10110011"":8,""01010000"":14,""11110110"":3,""00000011"":7,""01101111"":9,""10100000"":10,""11110001"":8,""10010011"":10,""11110010"":9,""01110111"":10,""01010011"":17,""11100000"":10,""11100101"":7,""11110011"":4,""01100111"":5,""11100010"":11,""00110011"":28,""11010000"":1,""00000001"":5,""11100001"":10,""01000111"":10,""01110000"":9,""11100100"":10,""11100110"":11,""10000011"":5,""00001000"":11,""10000111"":6,""11011110"":3,""00100111"":23,""10111001"":4,""11110100"":3,""11110111"":5,""01110110"":6,""01100001"":10,""00010111"":3,""11010010"":7,""11000000"":2,""01100011"":5,""10101011"":5,""11011000"":1,""10100111"":5,""11100011"":4,""00010101"":4,""11000110"":3,""01110011"":4,""11000010"":3,""00000111"":7,""10111111"":2,""11010101"":1,""11010100"":2,""10110110"":9,""11010011"":1,""11010001"":1,""00010011"":4,""11110000"":6,""10101111"":3,""11001011"":1,""00011011"":4,""00011111"":4,""11001111"":2,""11111010"":4,""00010001"":4,""11001110"":1,""11000100"":1,""10110111"":4,""11100111"":2,""11011011"":1}"
1,x,4000,-0.21199999999999997,-0.24,0.32499999999999996,-0.01750000000000007,0.39249999999999996,-0.15300000000000002,0.13,-0.14500000000000002,"{""00010001"":7,""01100001"":28,""00100011"":33,""00100001"":29,""10100001"":56,""11010011"":23,""11000110"":27,""10111011"":82,""10110011"":51,""00000001"":27,""11010000"":10,""01110111"":7,""01000011"":29,""11001011"":82,""11000010"":73,""10100110"":34,""11000000"":35,""00100010"":23,""11000011"":64,""01100101"":16,""00000011"":27,""00110101"":10,""01100011"":33,""00101011"":38,""11100111"":10,""10110101"":15,""00000000"":11,""01100010"":27,""01100000"":23,""10001010"":15,""10101000"":43,""10110001"":26,""10100000"":42,""00110110"":10,""10110111"":11,""10100010"":69,""10100111"":53,""01100110"":14,""10111010"":28,""01100111"":22,""00000111"":20,""00000100"":8,""11010101"":11,""10100011"":74,""10110000"":18,""11011101"":15,""11000111"":37,""01000010"":22,""10101011"":86,""10100101"":32,""00111101"":10,""01101010"":27,""11001000"":23,""10101111"":37,""00010011"":20,""10001111"":9,""10000000"":10,""10100100"":22,""00100111"":28,""00100100"":8,""00000110"":8,""10101010"":60,""01000001"":17,""11001010"":43,""00010010"":12,""01110011"":18,""01000000"":14,""01110000"":4,""01110101"":8,""10101101"":24,""11110111"":5,""00101111"":26,""00010101"":4,""00110010"":15,""00100101"":19,""01000111"":15,""10101001"":53,""10111100"":14,""01001000"":11,""01000110"":9,""11110001"":4,""01110010"":7,""00100110"":16,""11100001"":11,""11010010"":14,""10000101"":8,""10000100"":4,""10000010"":13,""00010000"":10,""10000001"":15,""11010001"":12,""10110010"":25,""10010011"":4,""00001010"":18,""11100011"":10,""01010000"":2,""11000001"":36,""00100000"":18,""00000010"":28,""01001011"":33,""10000011"":18,""11100110"":7,""01100100"":10,""00111111"":14,""11000100"":21,""00110011"":22,""01101011"":37,""11011010"":19,""11010110"":8,""10000110"":6,""01110100"":4,""11010100"":4,""11100010"":9,""10110110"":9,""11110101"":3,""01111110"":6,""00010100"":4,""11000101"":20,""10000111"":14,""01101111"":18,""11010111"":11,""11011001"":11,""11011011"":36,""11011100"":10,""00000101"":13,""01010010"":3,""00011010"":12,""00101001"":35,""11001001"":32,""11001110"":15,""01001100"":6,""10001101"":11,""01101001"":27,""11101100"":5,""00111010"":14,""00011011"":29,""11001101"":26,""01111011"":28,""00011110"":7,""00111100"":6,""11101011"":21,""10111110"":13,""11011000"":13,""01111010"":17,""10111000"":21,""00001110"":8,""10111111"":22,""10101110"":30,""11101111"":10,""00001011"":28,""01001101"":14,""00001000"":8,""10111001"":18,""00111011"":48,""11101010"":10,""00101101"":16,""00001001"":17,""01101100"":11,""00101100"":8,""11011111"":15,""00011101"":10,""00011111"":9,""01101000"":22,""00011100"":6,""11111101"":4,""00011000"":5,""00101010"":30,""00001111"":9,""00101000"":13,""11001100"":13,""10001011"":25,""01001001"":23,""00001100"":7,""01001010"":21,""10001000"":6,""00111001"":6,""00111000"":10,""10001110"":5,""01111101"":9,""11001111"":31,""11101110"":4,""00110001"":2,""00110000"":9,""01111111"":7,""11110000"":1,""00101110"":9,""01000101"":7,""01101101"":18,""01110110"":1,""10010010"":7,""11110011"":11,""00110100"":4,""01010001"":3,""10010101"":3,""10101100"":22,""11100101"":5,""00010111"":10,""01101110"":10,""10110100"":5,""10001001"":8,""10011111"":3,""10111101"":18,""01011000"":4,""11111000"":2,""01011111"":3,""11111111"":2,""01111000"":9,""00111110"":4,""01011011"":12,""10011000"":2,""10011011"":6,""00001101"":10,""11111100"":1,""01111100"":3,""01001111"":14,""11101000"":3,""11101101"":3,""01000100"":1,""11100100"":3,""11111011"":12,""01011001"":3,""01001110"":7,""11111110"":2,""11101001"":5,""11111001"":4,""11011110"":7,""00011001"":7,""00110111"":6,""01010111"":3,""01011101"":2,""01111001"":4,""11111010"":2,""10011100"":2,""01011110"":1,""10010111"":2,""01110001"":2,""01010011"":4,""11110010"":2,""01010110"":3,""00010110"":6,""11100000"":5,""01010101"":1,""01011100"":1,""11110100"":1,""10011001"":4,""10011010"":1,""10011110"":1,""01010100"":1,""10010000"":1}"
2,x,4000,0.248,-0.03400000000000003,0.04749999999999999,0.039000000000000035,0.35350000000000004,-0.12349999999999994,-0.04899999999999993,-0.20300000000000007,"{""01100100"":60,""10101000"":38,""00001010"":21,""10011010"":27,""10001100"":22,""11101110"":32,""01101100"":32,""01111100"":6,""11101000"":52,""00001000"":21,""01100010"":41,""11011111"":13,""01101000"":53,""01101101"":20,""11011000"":17,""00011110"":5,""01100001"":28,""10001000"":30,""01101011"":29,""01011100"":15,""10101101"":32,""10100110"":42,""10101110"":27,""10111101"":11,""10111001"":12,""10001111"":22,""11001110"":12,""01001011"":13,""00011000"":14,""00101000"":5,""01101110"":26,""10110000"":19,""11101011"":30,""10111010"":18,""00110010"":5,""11000100"":17,""10101010"":38,""11011010"":15,""11101010"":46,""11111010"":12,""10011000"":38,""10111110"":17,""01011011"":11,""00001001"":12,""10011100"":7,""00100110"":3,""10000001"":18,""11111111"":11,""10111100"":22,""01101010"":70,""01101111"":23,""00011010"":12,""01111110"":7,""00001100"":19,""11111001"":11,""11001001"":3,""11101111"":23,""10001011"":27,""00111000"":5,""11101100"":33,""10111111"":17,""10000110"":27,""10001010"":38,""01011010"":14,""00101010"":6,""01101001"":35,""01111000"":7,""10101100"":30,""00000100"":16,""11011101"":6,""00101101"":3,""01001010"":13,""00001111"":14,""00111100"":5,""01001001"":13,""00101100"":3,""10101001"":23,""00011111"":6,""11100000"":42,""10001110"":15,""00001110"":11,""10101111"":28,""01100110"":48,""00100100"":5,""00100011"":3,""01110101"":2,""10000000"":42,""11100110"":52,""10100101"":16,""10000011"":22,""10100010"":41,""00010000"":16,""01000110"":21,""01010110"":20,""10010000"":31,""11100011"":14,""00100000"":3,""01000001"":9,""10010011"":17,""11110010"":9,""10110100"":40,""00000010"":16,""01110110"":9,""01110010"":12,""01000000"":23,""10100000"":34,""10110001"":17,""10000100"":49,""01000111"":22,""01010100"":14,""11110100"":15,""00100111"":5,""10000010"":31,""01000100"":19,""00000001"":8,""00010010"":12,""10010010"":26,""11100010"":38,""01010000"":14,""10100100"":55,""01010010"":20,""01110011"":8,""10010100"":13,""10100111"":36,""10110010"":26,""11010001"":3,""01000010"":28,""00010001"":7,""11110000"":7,""00010011"":5,""01100011"":20,""11111110"":9,""11110111"":4,""11100001"":19,""11010111"":16,""10110110"":17,""01111010"":11,""00010101"":4,""10100001"":24,""10011011"":16,""11001011"":4,""11001010"":10,""01111011"":14,""00001011"":11,""01001101"":13,""11100101"":18,""10101011"":27,""11111100"":11,""11001100"":11,""11111011"":6,""01001111"":18,""10001001"":22,""00010100"":7,""11000001"":6,""00101011"":4,""00000000"":13,""11001000"":9,""10111011"":7,""10001101"":17,""01111101"":8,""00111110"":4,""00011011"":10,""01001000"":17,""00111001"":1,""00000110"":16,""00000111"":17,""01011101"":5,""01100111"":38,""10110111"":28,""01001100"":19,""00111111"":3,""01010111"":12,""11100111"":27,""10100011"":18,""00100001"":3,""11110110"":14,""11000110"":16,""10010001"":10,""01100000"":49,""01110100"":5,""10010110"":17,""11010011"":9,""10000101"":10,""01000101"":9,""01000011"":10,""11000000"":16,""11000010"":13,""10000111"":27,""11000011"":7,""11010110"":10,""11010010"":16,""11110011"":4,""10010101"":5,""00110110"":3,""00010111"":11,""00110001"":1,""01010101"":7,""01010011"":8,""00000011"":6,""10010111"":8,""11011110"":7,""10110011"":10,""11100100"":49,""00110111"":4,""01100101"":14,""00110100"":7,""10011111"":8,""01110111"":5,""01110000"":10,""00100010"":5,""10011001"":16,""00010110"":5,""11010100"":6,""11010000"":11,""11101001"":25,""10011101"":6,""11011001"":2,""11111101"":8,""00011001"":4,""01001110"":9,""01011110"":7,""00001101"":9,""00101001"":3,""11101101"":15,""01111111"":8,""01011001"":9,""01011000"":10,""11000111"":7,""11011100"":12,""11110101"":7,""10110101"":6,""00100101"":1,""01111001"":6,""11011011"":7,""11111000"":5,""00011100"":4,""11001111"":7,""10011110"":4,""11001101"":4,""11110001"":4,""10111000"":10,""01011111"":12,""00101110"":3,""00000101"":9,""00111011"":3,""01010001"":6,""01110001"":2,""11000101"":5,""11010101"":3,""00011101"":4,""00111010"":2,""00110101"":3,""00111101"":1,""00101111"":1}"
3,x,4000,-0.25950000000000006,-0.03849999999999998,-0.1964999999999999,0.03600000000000003,0.18400000000000005,-0.17500000000000004,0.019000000000000017,-0.127,"{""01111111"":27,""11000110"":25,""10100000"":14,""11101110"":25,""10111011"":20,""10101011"":30,""01101010"":6,""00001001"":6,""00111111"":10,""00101110"":25,""00101011"":28,""10101010"":22,""11001010"":15,""01011001"":23,""01011100"":18,""10001111"":17,""10111101"":49,""01001110"":34,""00101100"":12,""10111100"":12,""10111001"":36,""11001101"":23,""11101101"":22,""10101001"":34,""01011000"":12,""10100010"":19,""10111111"":33,""10101110"":25,""01101001"":9,""01101111"":18,""00000001"":7,""11111101"":16,""01111100"":8,""01001001"":14,""00010100"":7,""11111100"":8,""01101100"":11,""10101101"":49,""11010001"":14,""00001111"":7,""01000111"":71,""10111110"":26,""11001111"":27,""11101001"":28,""01111010"":5,""11101100"":22,""01001111"":41,""11111001"":13,""01011110"":15,""00111001"":10,""01111101"":12,""00001101"":5,""10101000"":28,""10001011"":9,""00101111"":26,""01001100"":20,""11000100"":11,""00011111"":11,""10100001"":47,""01010100"":10,""11001000"":13,""10001001"":7,""00111110"":11,""10111010"":10,""11001011"":15,""10110111"":41,""11111111"":9,""10101100"":23,""00111011"":10,""00111010"":13,""10011110"":18,""11111010"":10,""00101001"":34,""00111000"":8,""11101010"":10,""10101111"":50,""10011111"":18,""00001110"":2,""01010000"":9,""01000001"":35,""01001000"":8,""00100100"":16,""00100010"":10,""10000010"":3,""11101000"":5,""00101010"":15,""10011011"":9,""10100101"":58,""01000110"":29,""00001011"":4,""00010011"":6,""10011001"":11,""11011000"":7,""10000110"":12,""00101101"":23,""00111101"":19,""00011000"":4,""01111110"":17,""10011010"":12,""00011110"":2,""11001100"":19,""11100011"":23,""01001101"":23,""01111001"":12,""00011101"":6,""11101011"":17,""10001110"":13,""10111000"":13,""11001110"":23,""10001101"":17,""11011010"":11,""11000101"":34,""11100101"":28,""01011111"":23,""11111011"":11,""01001011"":22,""10001000"":9,""00111100"":6,""11011110"":10,""10011000"":7,""10000111"":30,""01011101"":33,""11001001"":21,""10110101"":36,""11100001"":24,""10010001"":23,""11011001"":6,""10010110"":12,""11011100"":6,""11100111"":37,""10011101"":14,""00010000"":4,""00011001"":6,""10100111"":56,""11110101"":14,""01000100"":23,""00100001"":39,""10000011"":7,""00110001"":16,""01000101"":39,""01010101"":30,""01110011"":11,""11000011"":11,""11110111"":11,""10110001"":29,""01110110"":12,""10000100"":6,""10010100"":11,""10110100"":19,""11100110"":26,""10010011"":13,""01000011"":12,""11010111"":17,""00010101"":6,""00100011"":21,""01010011"":17,""00100111"":52,""10110010"":12,""01110111"":26,""01100001"":9,""10110011"":27,""11110001"":10,""10100100"":31,""01110001"":9,""01000000"":15,""01100010"":7,""10100011"":32,""11000001"":17,""01100011"":11,""10110110"":28,""00010110"":8,""11000111"":24,""11110011"":13,""00110110"":8,""00100110"":22,""00110101"":18,""10010111"":23,""11100000"":14,""10100110"":41,""01010001"":28,""00110111"":10,""10010101"":21,""10010000"":8,""01010110"":15,""11100010"":19,""00101000"":18,""11010010"":7,""11010101"":9,""11000010"":5,""00000010"":3,""10000101"":9,""00110011"":8,""11010110"":6,""11011101"":7,""11110110"":10,""11010000"":6,""11101111"":32,""01001010"":14,""10011100"":12,""01011011"":13,""01101011"":6,""01111000"":6,""00100101"":36,""01101110"":8,""01011010"":20,""10001010"":5,""01110000"":3,""01101000"":10,""01110101"":14,""11011111"":4,""01111011"":7,""00011100"":2,""11111000"":4,""10001100"":6,""01101101"":4,""11111110"":5,""11011011"":7,""01010010"":20,""01100101"":15,""10000001"":6,""11110010"":6,""01100110"":7,""11100100"":16,""10010010"":8,""01100111"":23,""00010111"":9,""10000000"":5,""01100100"":7,""00001000"":1,""11110000"":4,""00110010"":7,""01110100"":11,""11000000"":5,""00010001"":6,""00100000"":14,""11010011"":8,""00110100"":8,""01010111"":14,""11010100"":4,""01110010"":6,""00001010"":2,""00011011"":3,""00000111"":8,""01000010"":8,""10110000"":10,""11110100"":4,""00000011"":2,""01100000"":4,""00011010"":3,""00000110"":3,""00000100"":2,""00010010"":3,""00001100"":2,""00000101"":3,""00000000"":1}"
4,x,4000,0.08499999999999996,0.05700000000000005,-0.09850000000000003,0.011499999999999955,-0.23249999999999993,0.08250000000000002,0.21050000000000002,0.14200000000000002,"{""00101001"":15,""00110010"":35,""00111101"":31,""00101010"":17,""00010001"":40,""11111110"":31,""11111000"":6,""00100111"":28,""01001001"":10,""01011010"":20,""11111100"":22,""01001100"":21,""00111010"":22,""01111110"":12,""00111000"":13,""11011010"":5,""10111111"":6,""00111100"":29,""01101101"":5,""00011001"":30,""10011110"":23,""01001110"":31,""11111001"":20,""11001000"":6,""00111011"":11,""00101100"":24,""00101110"":20,""11101001"":13,""11001010"":6,""10101010"":17,""10000000"":12,""10101001"":10,""00111001"":36,""10111000"":15,""01101110"":7,""10001011"":10,""01001011"":17,""00010100"":38,""00011010"":20,""00011110"":33,""01011011"":15,""10001100"":11,""01000011"":11,""00001101"":20,""10011101"":25,""11010111"":16,""00001110"":23,""00011100"":28,""01111101"":9,""00011000"":29,""10100100"":14,""00010111"":29,""10001101"":23,""01011001"":31,""01011110"":26,""00001100"":8,""10111010"":9,""10101101"":22,""01101100"":5,""01111000"":13,""00100110"":13,""01110001"":10,""11111101"":10,""10011100"":22,""00101101"":16,""00101000"":17,""10011001"":43,""10011111"":22,""11101011"":9,""10001000"":11,""00111110"":54,""10001010"":9,""11011100"":14,""01001111"":22,""10111001"":13,""00001111"":9,""01011101"":17,""10111101"":20,""00111111"":34,""11111011"":6,""00101011"":12,""11111111"":17,""11001100"":5,""11011111"":12,""11101111"":12,""11011110"":13,""10001001"":15,""00001001"":11,""11100111"":9,""01010011"":14,""00011111"":31,""01001000"":14,""00010000"":31,""01111011"":8,""10010110"":30,""11011001"":8,""11110100"":21,""00010101"":17,""11111010"":12,""01111001"":6,""01111010"":10,""00011011"":11,""10100000"":7,""10011011"":22,""01110000"":10,""10011010"":15,""10111100"":28,""11101100"":16,""01010111"":25,""10010111"":30,""01001101"":38,""11000010"":5,""10010000"":40,""10101100"":18,""11011000"":12,""11001101"":9,""11100000"":20,""00101111"":14,""00100001"":28,""00011101"":13,""01011111"":19,""00001011"":7,""00001000"":7,""10101111"":10,""10110100"":14,""00010010"":27,""10011000"":24,""01011100"":30,""11110110"":21,""10110010"":12,""10110111"":11,""00010110"":42,""00001010"":8,""10001111"":7,""10010011"":12,""10001110"":18,""10111011"":6,""10010001"":37,""00010011"":25,""10111110"":16,""01010010"":22,""00110001"":36,""01000100"":16,""11100100"":13,""11010100"":21,""11100110"":16,""00100101"":21,""01100111"":8,""10010010"":43,""11010000"":15,""00100100"":22,""00110101"":30,""01010110"":23,""00110100"":29,""00000110"":17,""00110110"":45,""00000111"":14,""00100011"":10,""11110000"":11,""11110011"":6,""10000101"":14,""10100010"":16,""11000101"":11,""00000101"":19,""11110101"":13,""10010100"":25,""11001110"":6,""11010101"":7,""10000010"":11,""01010100"":34,""10010101"":13,""11010110"":11,""01010001"":36,""10101110"":14,""10110101"":15,""01000000"":17,""10000100"":15,""01010000"":31,""00110011"":14,""01000010"":16,""11010001"":9,""00100010"":34,""10110001"":13,""01110101"":10,""11100010"":13,""10110011"":7,""00110111"":30,""11000001"":6,""11010011"":7,""11110001"":15,""00000011"":5,""11110111"":8,""01101000"":4,""00110000"":27,""11100101"":11,""01110100"":10,""00000010"":7,""01100011"":4,""01010101"":12,""10110110"":18,""01000101"":20,""11010010"":14,""11100001"":16,""11000100"":5,""10100111"":11,""10000111"":6,""00100000"":20,""01000110"":24,""11101110"":17,""11101010"":11,""10101000"":11,""01101001"":6,""01111100"":6,""11001011"":6,""01000111"":16,""11100011"":12,""10100011"":7,""10000001"":2,""01110110"":10,""01000001"":13,""11000111"":5,""10000110"":10,""10100101"":13,""10100110"":14,""10110000"":10,""11000011"":1,""11110010"":7,""01001010"":21,""01111111"":3,""11011011"":6,""01011000"":22,""11011101"":6,""11101000"":10,""11000000"":6,""01100001"":5,""11101101"":11,""10100001"":10,""00000000"":5,""00000001"":6,""01110111"":3,""01100010"":5,""00000100"":6,""10000011"":2,""01100100"":8,""11001111"":3,""01100101"":3,""10101011"":9,""11001001"":5,""01100110"":1,""01100000"":2,""11000110"":2,""01101010"":1,""01101011"":2,""01101111"":4,""01110011"":4,""01110010"":3}"
5,x,4000,0.0615,-0.16900000000000004,-0.10850000000000004,0.007499999999999951,0.4135,-0.4870000000000001,0.2955,0.5640000000000001,"{""00101010"":88,""11101010"":22,""01101111"":50,""00001001"":11,""00101111"":107,""00111011"":21,""00101110"":115,""01101100"":34,""01111001"":3,""01111010"":11,""00101000"":56,""10111101"":3,""01101010"":36,""11111010"":8,""11101111"":37,""00100101"":68,""00111000"":29,""00110111"":35,""01001110"":21,""00101011"":70,""00111100"":36,""10011000"":7,""00111110"":38,""00101100"":74,""00101001"":66,""00100001"":82,""10001100"":12,""01110010"":8,""00001010"":16,""01100110"":37,""01111111"":8,""01010111"":10,""00011000"":7,""01001100"":17,""10111010"":6,""01011101"":5,""00101101"":47,""01001011"":10,""01011110"":9,""01001101"":4,""00100010"":80,""10011111"":20,""11111110"":6,""10110010"":7,""01100010"":36,""00010111"":16,""00111101"":21,""00111111"":33,""01101001"":45,""10001111"":16,""10011110"":7,""01011010"":12,""00110100"":43,""01101101"":25,""00110010"":45,""10001000"":9,""00111001"":18,""00011111"":19,""10101010"":9,""01110100"":13,""01000101"":22,""01101011"":36,""00001110"":16,""01101000"":17,""00011001"":14,""00110110"":50,""00001000"":15,""11101110"":29,""01011100"":7,""10101001"":10,""00001011"":14,""01100111"":51,""00110001"":19,""00010000"":12,""10100100"":5,""10010111"":10,""01100001"":33,""00100110"":94,""11100001"":19,""00000110"":16,""00100011"":64,""01000011"":10,""10100110"":11,""11100101"":11,""01100101"":16,""00110000"":28,""10010000"":7,""01010000"":5,""10010110"":11,""10100011"":2,""00110011"":32,""00100100"":81,""10010011"":9,""00100111"":88,""01010110"":16,""00010011"":8,""00000111"":18,""01010101"":2,""10000110"":12,""01000010"":21,""00010101"":11,""11100111"":27,""10000010"":12,""11100110"":24,""01010100"":9,""00010010"":15,""01000111"":23,""11110010"":8,""01000110"":13,""00100000"":49,""01100000"":22,""11100000"":21,""10000011"":10,""10000100"":12,""01100100"":46,""01100011"":30,""01110000"":7,""10110111"":5,""10010010"":5,""01011001"":4,""10101011"":4,""11101000"":13,""10111011"":3,""00000000"":11,""01111110"":7,""00111010"":41,""10001010"":9,""10110011"":4,""00000100"":14,""10000101"":3,""01101110"":56,""11101101"":11,""11111001"":3,""01110001"":6,""00001100"":15,""10101000"":2,""00001111"":21,""11100011"":12,""10001001"":10,""10101100"":9,""10101101"":4,""11111011"":2,""10011101"":7,""10001011"":8,""10011001"":4,""10000000"":8,""11111000"":3,""10001110"":11,""01001000"":8,""10111100"":3,""01110110"":12,""00011110"":12,""01111100"":7,""00001101"":11,""11101011"":14,""11111111"":4,""00011011"":5,""00011100"":10,""11101001"":16,""01001111"":14,""01001001"":11,""11111100"":3,""10101110"":11,""01001010"":7,""10000111"":16,""10011011"":7,""01111011"":6,""10111110"":8,""00000101"":6,""00011010"":12,""10111111"":3,""01000100"":22,""10011100"":7,""01000001"":8,""11100010"":20,""10011010"":9,""10100001"":5,""10100101"":3,""10111001"":7,""00011101"":3,""10110101"":5,""11110001"":3,""00010110"":8,""11100100"":15,""11101100"":15,""01011000"":4,""11001110"":3,""01011011"":3,""10101111"":4,""11001000"":1,""10100111"":16,""10010101"":5,""10110001"":2,""11110100"":5,""10010100"":5,""00110101"":26,""10010001"":7,""11010111"":3,""10100010"":7,""11110111"":8,""11001001"":1,""00010100"":3,""11000010"":3,""00010001"":8,""10111000"":2,""01011111"":9,""10110100"":7,""11011111"":1,""00000011"":24,""11110101"":4,""10001101"":4,""00000001"":8,""10100000"":7,""01110111"":7,""01010010"":8,""01000000"":1,""01110101"":5,""10000001"":5,""11110011"":4,""11000110"":2,""10110110"":3,""11010100"":1,""01010011"":3,""11000100"":5,""01110011"":5,""00000010"":6,""10110000"":1,""11010001"":2,""11010011"":2,""11110110"":3,""11001010"":2,""11000111"":3,""11110000"":2,""11111101"":1,""11001011"":1,""01111000"":1,""01111101"":3,""01010001"":2,""11011010"":1,""11010010"":2,""11011101"":2,""11010101"":1,""11000001"":1}"
6,x,4000,0.22950000000000004,0.0040000000000000036,0.255,-0.022499999999999964,0.359,-0.0774999999999999,-0.1735,0.4475,"{""01100000"":118,""01100001"":72,""00000000"":46,""01101101"":52,""01100010"":122,""00010010"":31,""01101010"":144,""10100111"":7,""01100101"":51,""01100011"":46,""01110001"":22,""11000001"":9,""00000001"":22,""00001010"":43,""00100111"":5,""11000010"":21,""01110110"":22,""00100010"":13,""01000101"":12,""11011000"":18,""00010000"":35,""01100111"":62,""11000000"":20,""00010101"":15,""00100000"":8,""10010000"":21,""11000110"":19,""11000111"":15,""00110100"":6,""00000100"":31,""00100110"":13,""00100001"":7,""00001001"":25,""00000101"":23,""10011000"":34,""10011011"":17,""10000010"":35,""10010010"":19,""10100010"":7,""01111011"":21,""00010011"":17,""11100000"":7,""01100100"":78,""00110101"":4,""01010010"":11,""00000010"":35,""00010001"":24,""10100001"":5,""01000011"":5,""00000111"":16,""01010000"":15,""10000101"":17,""01010101"":7,""01110010"":54,""01100110"":53,""01011101"":3,""01111001"":15,""00000110"":24,""00100101"":5,""01110100"":17,""11101010"":10,""10000011"":24,""00101111"":4,""01101100"":70,""00011000"":59,""10010011"":18,""11010000"":9,""11100100"":5,""01000010"":14,""11100010"":15,""01111010"":43,""10011001"":13,""01101000"":165,""01010001"":12,""00010110"":10,""01101001"":87,""10010111"":8,""11110000"":4,""01111100"":16,""10000001"":19,""11000011"":14,""01110111"":18,""10110000"":3,""00000011"":23,""01110011"":21,""10010100"":3,""00001011"":14,""10001001"":12,""10001010"":36,""00010111"":10,""01001010"":11,""10000000"":24,""01011010"":14,""10001011"":11,""00001000"":35,""01101011"":64,""01101111"":50,""00011011"":21,""10011111"":11,""00001101"":27,""00011100"":10,""10101011"":13,""11001010"":23,""01101110"":66,""01111000"":25,""10101111"":3,""01001000"":12,""10101001"":9,""10101000"":15,""01011110"":15,""10001111"":7,""11001111"":5,""01111101"":16,""11011001"":12,""10101101"":7,""00001111"":21,""10001101"":6,""00101001"":6,""10011010"":17,""11001001"":10,""01001100"":6,""10001100"":21,""10001110"":15,""00011110"":12,""11001101"":8,""01111110"":17,""00011010"":32,""10001000"":28,""10111000"":3,""00111000"":4,""11001110"":16,""10101100"":6,""01000110"":7,""10011110"":9,""01011100"":5,""10111010"":4,""11101011"":5,""10101010"":15,""00111101"":3,""00111001"":9,""11011010"":17,""01001001"":5,""00011001"":24,""10101110"":6,""01001111"":3,""00001110"":27,""00001100"":31,""00110110"":8,""11101110"":7,""00111010"":8,""11101100"":8,""10111111"":2,""11101111"":3,""01011001"":8,""00011111"":7,""00101100"":11,""01001110"":11,""00101000"":5,""11001000"":13,""00111111"":4,""10111001"":5,""01001011"":8,""10011101"":8,""00111100"":5,""11011111"":4,""00101010"":14,""10000100"":17,""01011111"":7,""00101011"":6,""11111000"":1,""10111101"":1,""11111011"":1,""11111001"":3,""11101101"":2,""01111111"":15,""10000110"":18,""11111010"":8,""00101110"":11,""10000111"":13,""11011011"":7,""11010001"":7,""01010111"":9,""00100100"":11,""01010011"":5,""10100100"":14,""10100101"":4,""11110010"":3,""01000000"":9,""11100110"":4,""11010011"":8,""01110000"":18,""11110001"":2,""01110101"":23,""11010010"":10,""10010110"":7,""10010001"":16,""00110010"":7,""11000100"":8,""10111110"":3,""00111011"":2,""11001011"":8,""11101001"":3,""11111100"":3,""00011101"":6,""01001101"":5,""11101000"":6,""01011011"":8,""11011110"":1,""01011000"":10,""11010100"":2,""10011100"":6,""11011100"":2,""10110001"":4,""00010100"":14,""11000101"":10,""01010110"":5,""10110110"":2,""01000001"":8,""10100000"":7,""10100011"":7,""11100011"":3,""00110011"":2,""00110111"":3,""00110001"":5,""11100101"":2,""10100110"":8,""00100011"":6,""01000100"":3,""10110011"":2,""11010110"":1,""11100111"":4,""10110010"":3,""11110110"":2,""11100001"":3,""01000111"":3,""11111101"":2,""00111110"":4,""11110011"":1,""00110000"":3,""11001100"":4,""11011101"":2,""00101101"":2,""11111111"":1,""10010101"":2,""11110101"":1,""10110101"":1,""10110100"":1,""11110111"":1,""11010101"":1,""11110100"":1,""01010100"":2,""11010111"":1}"
7,x,4000,0.25249999999999995,0.33899999999999997,-0.04049999999999998,0.0004999999999999449,0.36050000000000004,-0.4690000000000001,-0.139,0.15749999999999997,"{""11101010"":16,""01101000"":101,""01111100"":38,""10101010"":6,""10001111"":19,""00101000"":77,""00111101"":10,""11000000"":21,""01001100"":13,""11100010"":13,""10001000"":40,""11111110"":3,""11111100"":25,""00001000"":13,""01111001"":12,""00011101"":4,""01101101"":42,""00101001"":30,""01111000"":39,""11101000"":64,""00101110"":25,""11001110"":7,""00111000"":30,""00100110"":20,""10111010"":4,""11101111"":19,""10001010"":13,""10011001"":12,""01101010"":29,""11001100"":23,""11101100"":44,""01101110"":32,""10011010"":10,""00110100"":52,""00101100"":66,""10101001"":12,""10001001"":21,""11110111"":8,""01110110"":15,""01111010"":10,""01101111"":52,""01101011"":41,""10000100"":41,""11111010"":7,""01101100"":60,""10101101"":9,""11001101"":9,""01111011"":16,""01100111"":49,""10100011"":7,""00111100"":41,""11001111"":18,""10011100"":11,""10110111"":7,""00011010"":2,""01011000"":11,""10101000"":25,""01101001"":38,""01011100"":7,""10001110"":12,""10001100"":30,""10011101"":8,""00101010"":12,""10001011"":13,""00100100"":62,""00101111"":24,""01111111"":15,""00100111"":30,""10111001"":5,""10111110"":8,""11101110"":19,""01111101"":16,""11100011"":18,""00010000"":8,""01100000"":113,""01010010"":3,""00100000"":68,""11100000"":68,""00110001"":13,""11100100"":59,""11110100"":41,""00100001"":21,""10000011"":5,""10110000"":10,""11110000"":18,""10010000"":19,""10010111"":11,""00100011"":25,""01100110"":33,""11100111"":20,""01100011"":34,""11101001"":19,""00110111"":16,""00110000"":31,""01000100"":16,""11011101"":6,""01110100"":55,""01110101"":23,""01110000"":24,""01110111"":19,""10110011"":6,""10010010"":8,""11010111"":3,""01100101"":42,""10110110"":7,""01100100"":109,""01000110"":5,""11000001"":11,""11100001"":24,""01100001"":35,""00101101"":28,""10110010"":4,""10000111"":14,""01010000"":19,""00000011"":3,""11000100"":24,""01110011"":9,""10000000"":38,""00110101"":16,""01010100"":7,""10010100"":8,""10010011"":7,""00110011"":5,""00100010"":14,""01110001"":10,""11100110"":26,""00000000"":14,""00000100"":18,""01100010"":21,""11010100"":5,""01011001"":9,""11011000"":4,""11111000"":20,""00001010"":4,""01001011"":5,""10111111"":3,""00001101"":4,""11011001"":8,""11010000"":11,""11001000"":32,""00111010"":4,""00011111"":4,""01111110"":10,""11001011"":5,""00101011"":22,""11101011"":20,""10111000"":7,""01011101"":2,""11010110"":4,""00001100"":8,""11111001"":10,""11101101"":28,""10100100"":21,""00110010"":9,""00000101"":3,""10100010"":4,""11100101"":25,""01001010"":3,""00100101"":20,""11010001"":4,""11000111"":10,""11000110"":15,""11110101"":11,""01010111"":3,""11000101"":2,""01010110"":6,""11111101"":7,""01000000"":11,""10000010"":2,""11110110"":5,""11110011"":3,""01010001"":3,""10011011"":13,""10101100"":23,""10101011"":6,""01001000"":11,""00111110"":14,""00001001"":6,""11001001"":9,""01011011"":2,""10101110"":8,""00111001"":15,""10011000"":15,""10011111"":19,""11110001"":5,""10101111"":12,""10001101"":13,""10100001"":6,""01110010"":10,""10000001"":13,""01000010"":3,""00000110"":10,""10100000"":19,""11110010"":5,""10110100"":22,""11010010"":3,""10010101"":6,""00000010"":4,""10010001"":6,""01000011"":7,""01001101"":6,""00001011"":2,""00000111"":4,""10100111"":12,""01000111"":6,""11000010"":4,""10110001"":5,""01001111"":1,""10011110"":7,""00011000"":9,""11111111"":11,""10111100"":9,""11011111"":9,""11011110"":3,""01011111"":11,""10000101"":6,""00010111"":1,""10000110"":8,""11111011"":6,""10100101"":9,""10110101"":3,""00110110"":5,""00000001"":4,""00111011"":10,""11011011"":7,""00010001"":3,""11011100"":4,""00010100"":6,""10111011"":6,""01001110"":3,""00001111"":2,""00111111"":11,""00001110"":3,""00010010"":3,""10100110"":5,""01010011"":2,""01011010"":6,""11011010"":1,""00011001"":3,""10111101"":3,""00011100"":2,""10010110"":4,""01000101"":1,""00010110"":1,""00011011"":2,""11001010"":4,""01001001"":1,""11010011"":4,""11000011"":3,""01010101"":2,""00011110"":1,""01000001"":1}"
8,x,4000,-0.08899999999999997,0.04049999999999998,0.02300000000000002,-0.008499999999999952,-0.21849999999999992,0.04300000000000004,0.062000000000000055,-0.23199999999999998,"{""10010000"":36,""10011101"":25,""01111000"":15,""11011101"":12,""01011000"":19,""10101111"":37,""10001011"":11,""01001101"":3,""10110100"":7,""11011001"":41,""00101111"":7,""10001001"":13,""11111101"":19,""01001111"":5,""01111111"":19,""10011001"":41,""10101011"":24,""10101010"":30,""11111000"":19,""01011101"":13,""10011000"":40,""00011110"":17,""00011100"":14,""10011111"":46,""00011001"":23,""11101110"":9,""10011010"":23,""11111001"":18,""10101101"":20,""01101011"":16,""00011111"":36,""11101010"":9,""11101000"":16,""11111010"":15,""11001000"":6,""01011001"":19,""10011110"":30,""11011110"":18,""10101100"":23,""11111111"":19,""11011100"":17,""01011011"":13,""01111001"":27,""01111010"":15,""11011010"":26,""01101111"":28,""11101001"":21,""00011010"":18,""11011011"":19,""11011111"":32,""01111100"":19,""01001110"":3,""01011010"":18,""11101100"":13,""01101100"":19,""00010000"":24,""00001011"":8,""10111001"":28,""01011110"":20,""10011011"":18,""10101001"":48,""01011111"":24,""01101101"":18,""10001100"":11,""10101000"":39,""10111101"":17,""00010111"":34,""10010111"":39,""10111110"":11,""00011011"":16,""10110101"":20,""00010010"":15,""01100111"":25,""10001101"":12,""10001111"":31,""00000100"":10,""10111111"":30,""01101001"":23,""11100001"":17,""10110111"":27,""00101001"":10,""11001010"":6,""11101011"":11,""10010110"":32,""10010101"":43,""11001111"":15,""01010001"":23,""10111100"":11,""10101110"":23,""01101000"":23,""10001000"":16,""10100111"":38,""00001000"":8,""11010011"":23,""11010010"":31,""11101101"":18,""11010001"":45,""01001001"":9,""10100110"":20,""11110110"":7,""01101010"":16,""00001111"":16,""01101110"":9,""01111101"":11,""00101000"":10,""00101110"":3,""00010101"":22,""10100001"":33,""11001101"":5,""00111111"":4,""01111011"":13,""00010110"":20,""00010001"":34,""11101111"":18,""01110100"":21,""00010100"":29,""11111011"":10,""00001001"":11,""10001110"":9,""00001110"":8,""00110101"":8,""00001101"":7,""11100111"":16,""00101100"":6,""11111100"":14,""00011101"":16,""10111011"":18,""11001011"":7,""10011100"":34,""00011000"":22,""11001100"":5,""00100101"":4,""10111010"":18,""00001100"":4,""10001010"":18,""11001001"":7,""11010111"":42,""11011000"":31,""10010001"":51,""00111001"":2,""00001010"":10,""01001000"":2,""01100001"":21,""01110000"":19,""10000010"":19,""00111011"":4,""11110010"":8,""10000001"":17,""10110110"":9,""11110111"":15,""10100010"":15,""10010100"":37,""10100000"":29,""01000100"":1,""11111110"":13,""01100110"":13,""01100100"":25,""10010011"":33,""10110010"":23,""00010011"":13,""10110001"":20,""10000011"":8,""00000001"":6,""11000000"":4,""11110001"":12,""01110111"":27,""01100101"":27,""00100000"":6,""01000110"":6,""11100101"":9,""10010010"":23,""11100100"":19,""01010100"":15,""01110001"":23,""10000000"":8,""01010110"":18,""11000010"":4,""11010000"":25,""10100011"":30,""11100000"":11,""11110100"":17,""01011100"":12,""01010111"":21,""10100100"":24,""11100010"":13,""10000101"":11,""10000100"":9,""11010110"":23,""01100000"":27,""10110000"":16,""11110000"":13,""01100010"":21,""00100111"":5,""10000110"":10,""00101010"":3,""00111100"":5,""00111101"":3,""00111000"":2,""11001110"":6,""01001010"":3,""00101011"":6,""10111000"":13,""00101101"":6,""11010101"":14,""11110101"":11,""00100100"":3,""10100101"":24,""01010000"":21,""01110010"":13,""01010101"":14,""01010010"":18,""11010100"":20,""01110110"":11,""10000111"":12,""00000010"":8,""11000011"":5,""00000000"":9,""00100011"":2,""11000111"":6,""00000101"":4,""00000011"":3,""10110011"":14,""11000100"":8,""01110101"":15,""11100011"":12,""11110011"":15,""11100110"":8,""01000111"":4,""01110011"":14,""00000111"":7,""01010011"":17,""11000110"":7,""01111110"":5,""00100001"":8,""00100110"":3,""00110011"":5,""00110010"":3,""00111110"":3,""00000110"":4,""01000000"":3,""00110000"":3,""11000001"":3,""00110001"":3,""01100011"":9,""00100010"":6,""00111010"":5,""01001011"":2,""01000011"":2,""01000101"":2,""00110110"":1,""00110100"":3,""11000101"":1,""00110111"":1}"
9,x,4000,-0.01750000000000007,0.005499999999999949,0.11250000000000004,0.025499999999999967,0.41100000000000003,-0.5135000000000001,0.5655,0.598,"{""01000001"":30,""11000001"":19,""00100010"":144,""11000110"":11,""00000111"":7,""00100001"":200,""10100000"":16,""00011010"":12,""10011101"":5,""00100110"":127,""11000100"":4,""00100100"":79,""00100011"":51,""00110110"":69,""11000010"":10,""00100111"":100,""01010010"":8,""00111010"":58,""00110010"":69,""00110111"":36,""10110110"":10,""00000100"":12,""01000101"":16,""00110011"":19,""00010110"":2,""00101100"":60,""00100101"":101,""00010010"":11,""11010000"":8,""00100000"":68,""01000010"":28,""10100100"":10,""10100111"":20,""10010011"":2,""00101001"":211,""10100110"":15,""00110000"":39,""01110010"":3,""10000010"":11,""10010110"":5,""10100001"":24,""01100111"":5,""01010101"":9,""00000110"":11,""10010000"":2,""10110011"":2,""00110100"":44,""00000010"":10,""01101100"":3,""00101010"":166,""01000111"":21,""10000111"":4,""11000011"":7,""01100001"":3,""10010101"":6,""10111010"":8,""00010001"":11,""11100000"":8,""10000001"":9,""10110000"":6,""00110001"":58,""10100010"":17,""00001110"":9,""10000100"":3,""11000101"":7,""01100110"":8,""11000111"":16,""01010011"":9,""01000110"":26,""01100100"":7,""10010001"":4,""00000101"":6,""10110001"":9,""11100100"":3,""01101010"":15,""10101101"":12,""00111101"":42,""00000000"":5,""10110111"":4,""01100101"":3,""01010001"":20,""10110101"":9,""11010001"":4,""11110000"":1,""01100010"":6,""00010101"":4,""01000000"":15,""00010100"":4,""00001001"":23,""00110101"":49,""00111111"":26,""10100011"":6,""10101011"":10,""00101000"":89,""11100010"":5,""11100110"":9,""01101011"":3,""11100011"":7,""01000011"":12,""11010101"":5,""11111101"":6,""11110100"":1,""00101111"":110,""01001001"":31,""11000000"":6,""01001000"":17,""00101011"":72,""10001001"":16,""01001110"":14,""00000011"":1,""10100101"":10,""10011010"":5,""10110010"":7,""01010100"":7,""10011001"":6,""00001100"":9,""00111011"":30,""10101111"":13,""00111001"":56,""10101001"":33,""00001101"":6,""00111110"":37,""00111000"":28,""01011010"":13,""10101010"":23,""00101110"":94,""10111000"":8,""11110010"":4,""00101101"":85,""10101000"":9,""01011000"":9,""00011100"":1,""10101100"":12,""11011110"":3,""00011000"":2,""00111100"":22,""11001001"":13,""01101110"":12,""00011110"":8,""11001000"":1,""00001111"":6,""10001111"":4,""10111110"":2,""01001010"":25,""11011010"":6,""01011001"":9,""01010110"":10,""00001010"":14,""11101101"":4,""01101001"":12,""11100001"":9,""11101110"":8,""10010111"":4,""01000100"":13,""01010000"":5,""00000001"":5,""11010100"":5,""11110011"":1,""11010110"":2,""10110100"":6,""11110101"":5,""11010111"":3,""11110110"":2,""10010010"":6,""10000110"":5,""00011001"":11,""01011011"":1,""10001110"":3,""01001111"":17,""01101111"":3,""10101110"":17,""01001101"":10,""11011001"":5,""10001101"":1,""11011000"":1,""01011100"":7,""10001010"":8,""11001101"":8,""01101101"":3,""01011111"":6,""11111001"":3,""00001000"":5,""11001010"":6,""11111000"":1,""11101000"":6,""01111011"":1,""01001100"":3,""11101001"":9,""01001011"":12,""11001110"":10,""11101010"":8,""11011101"":10,""01011101"":9,""01011110"":8,""11010010"":4,""10111001"":4,""10011011"":3,""01111101"":2,""01110000"":1,""11011011"":2,""11001111"":5,""10011110"":3,""11001100"":5,""10111101"":7,""11011111"":5,""00011101"":6,""10111011"":3,""10011000"":1,""00010111"":3,""00010000"":2,""11110001"":5,""10111111"":6,""01101000"":1,""10011111"":4,""10111100"":2,""01111010"":5,""11101011"":2,""01111001"":5,""01111111"":4,""11001011"":7,""10010100"":1,""11010011"":1,""10000000"":7,""11110111"":2,""00010011"":1,""10000011"":2,""01110101"":2,""01100000"":2,""11100111"":4,""01110110"":4,""10001000"":2,""01110111"":1,""01100011"":4,""00011111"":3,""11101100"":3,""00011011"":1,""01010111"":1,""11100101"":2,""01110100"":1,""00001011"":4,""11111010"":1,""10001011"":3,""11101111"":3,""01111000"":2,""11011100"":1,""11111110"":2,""11111100"":1,""10001100"":1,""10000101"":1,""11111111"":2}"
10,x,4000,0.23299999999999998,0.07150000000000001,-0.11450000000000005,0.010499999999999954,0.20399999999999996,-0.004999999999999893,0.244,0.07850000000000001,"{""11110100"":37,""11110010"":18,""00000101"":40,""00000111"":33,""01100000"":9,""00100111"":10,""00010000"":27,""00100110"":28,""00110001"":18,""11110101"":29,""00101000"":22,""00010111"":9,""00100100"":27,""00000100"":47,""11110111"":14,""00001110"":86,""10110110"":11,""10100110"":16,""10000010"":40,""11011101"":7,""10010100"":11,""01100111"":2,""00000000"":46,""00011010"":20,""11010101"":7,""00101010"":29,""11101000"":20,""00110000"":16,""00011100"":27,""00110100"":25,""01101010"":8,""10110001"":10,""00000110"":73,""00100011"":11,""11110000"":18,""11000111"":9,""00110110"":22,""01000010"":6,""00100101"":23,""10000101"":27,""11000101"":17,""01101101"":10,""10110000"":10,""00000001"":52,""10000100"":40,""10111111"":6,""00100000"":25,""10000011"":11,""11100110"":41,""01110100"":28,""10000110"":42,""00011111"":7,""00010100"":29,""00000011"":23,""10110011"":4,""01110001"":13,""00111110"":24,""10010010"":12,""11100001"":26,""01110010"":14,""01111001"":11,""00000010"":72,""11001000"":20,""00110101"":22,""10000001"":22,""01000110"":9,""10001110"":46,""00010110"":23,""11100100"":20,""00100010"":31,""10110111"":8,""11000011"":3,""01000111"":3,""00100001"":32,""11000110"":15,""01111110"":22,""00010001"":30,""00010101"":14,""10011111"":6,""11000000"":18,""01110110"":24,""01110101"":20,""10101111"":4,""00101110"":33,""01110000"":15,""01100011"":6,""01110111"":11,""11000001"":13,""10000111"":26,""01100001"":15,""01000100"":4,""10011110"":9,""01010001"":3,""10010110"":9,""00010011"":9,""11110110"":39,""01001011"":2,""10100000"":7,""01111100"":33,""11000100"":18,""10000000"":23,""10100101"":8,""11100101"":18,""10001011"":19,""01111101"":24,""10110101"":10,""11100011"":7,""10010000"":13,""11100000"":17,""10001000"":21,""10100001"":8,""01000011"":1,""11110001"":15,""00110010"":13,""11100111"":18,""01100101"":8,""10010011"":7,""01000000"":5,""01010101"":2,""01010000"":1,""01000001"":8,""00111010"":19,""01100110"":11,""01001111"":3,""11010011"":5,""00001101"":46,""11101101"":21,""11010010"":9,""11100010"":26,""11010110"":7,""11000010"":14,""11001110"":27,""00001010"":38,""11001111"":11,""10110100"":11,""10011101"":11,""01100010"":7,""10110010"":4,""11111110"":45,""01010010"":3,""10111010"":14,""11111101"":28,""11001001"":9,""00001000"":48,""10111100"":15,""00011110"":17,""00101100"":18,""00011001"":13,""11101111"":18,""11101100"":22,""01101000"":11,""00101101"":22,""00001111"":34,""11001101"":7,""11111100"":35,""10101010"":8,""10101000"":7,""11011000"":7,""10101100"":7,""00001001"":51,""01101100"":9,""11111010"":32,""01001110"":8,""10111110"":19,""00111001"":16,""10001001"":21,""10011011"":7,""00001011"":23,""11101010"":18,""00001100"":48,""00111000"":28,""01111000"":19,""00011011"":8,""10001100"":32,""00101001"":16,""10111000"":11,""11111111"":20,""00011101"":12,""10001010"":26,""10001111"":14,""11101001"":25,""00111101"":20,""11011100"":3,""00010010"":12,""10111011"":4,""00110111"":7,""10010101"":7,""11101110"":27,""11001100"":19,""11001010"":7,""10101001"":6,""10111001"":11,""00101011"":11,""10111101"":9,""00011000"":16,""00101111"":8,""01001000"":6,""10101011"":3,""01111011"":10,""11111001"":12,""00111100"":28,""10001101"":26,""01100100"":4,""11111011"":11,""11111000"":25,""11101011"":9,""10100111"":5,""10010001"":2,""11010000"":4,""10100100"":8,""10100010"":11,""11110011"":3,""11010100"":9,""01011000"":3,""01011110"":4,""11011010"":5,""11011110"":7,""01001010"":5,""01111010"":14,""01101001"":7,""01011100"":3,""11001011"":4,""10101101"":6,""01001100"":7,""01111111"":9,""10101110"":10,""10011000"":5,""10011010"":6,""01001101"":3,""11011111"":5,""01101111"":3,""00111011"":4,""01101110"":14,""10100011"":3,""11010001"":3,""10011001"":5,""10011100"":8,""10010111"":5,""01110011"":5,""00111111"":11,""01001001"":5,""01011010"":1,""01011011"":2,""01101011"":4,""01000101"":2,""11011001"":2,""11011011"":4,""01011111"":1,""00110011"":3,""01010100"":1,""11010111"":1,""01011101"":1}"
11,x,4000,-0.2935000000000001,-0.2875000000000001,0.09599999999999997,-0.0040000000000000036,0.0665,0.0014999999999999458,0.32099999999999995,-0.593,"{""10001011"":96,""10010001"":21,""10000010"":41,""10001111"":73,""01110011"":24,""10000101"":54,""10110110"":17,""01100011"":24,""10000000"":29,""10110111"":40,""11111101"":9,""10010011"":87,""01110010"":15,""01110001"":10,""11000001"":10,""10011010"":58,""01101101"":15,""00100000"":4,""10010111"":81,""10100001"":26,""10000011"":112,""00100010"":8,""10000100"":32,""11000000"":10,""11010101"":4,""00100100"":3,""10100010"":24,""10110011"":54,""11110011"":17,""01000011"":6,""10000110"":29,""00110110"":8,""11110110"":10,""10000001"":61,""00100101"":5,""10100101"":18,""11110101"":18,""11100001"":19,""10010110"":43,""01110101"":6,""00100111"":9,""10100011"":56,""10010010"":59,""11110000"":14,""10110000"":10,""01100001"":20,""00100011"":9,""00001101"":7,""10000111"":60,""11010001"":5,""01010011"":6,""00010111"":11,""01100100"":3,""10100111"":43,""00110011"":11,""11100111"":21,""11110010"":16,""01101011"":24,""11100010"":21,""11110001"":16,""11010111"":18,""10011011"":75,""11010011"":12,""11010000"":8,""11100101"":20,""11111110"":14,""10110100"":26,""11000011"":21,""10111011"":60,""00010110"":1,""01110000"":6,""01100010"":21,""01110110"":9,""10010000"":17,""01000111"":3,""10100110"":9,""01101100"":10,""01011011"":4,""10110010"":35,""01010000"":4,""11000111"":18,""10001100"":38,""01110111"":31,""11100011"":38,""11001101"":16,""01010111"":3,""00110010"":5,""11101100"":15,""11000101"":8,""11111111"":31,""11011000"":5,""10001110"":25,""01010101"":1,""10001010"":60,""00111011"":17,""00110111"":11,""01000101"":4,""10100100"":14,""10111101"":33,""01100111"":16,""00010011"":6,""11110111"":22,""00000111"":1,""10111000"":14,""10111111"":41,""10011000"":21,""11001100"":7,""10110101"":23,""00101011"":26,""11000110"":5,""10010101"":16,""01111011"":24,""11011110"":6,""11100000"":6,""01110100"":8,""00111010"":8,""10101001"":24,""00101101"":5,""01100101"":7,""00110101"":5,""01000010"":2,""10100000"":13,""00110100"":2,""10111010"":32,""11100110"":12,""11000010"":9,""11000100"":8,""01100000"":9,""00111101"":9,""10110001"":10,""11011010"":14,""11101101"":30,""10101111"":38,""00010010"":4,""10101110"":12,""00100001"":6,""01111010"":22,""00010001"":2,""11010100"":5,""00010000"":5,""10011110"":26,""11010010"":4,""10001001"":55,""01100110"":6,""11010110"":6,""01000000"":1,""00000101"":1,""10011001"":19,""11101010"":24,""11001111"":14,""10010100"":18,""11101000"":8,""00000011"":5,""11101110"":15,""01111111"":23,""11111100"":4,""00000010"":3,""00000000"":4,""10001000"":26,""01111110"":11,""10011111"":62,""00101001"":5,""10111100"":21,""00101000"":1,""00111111"":9,""10011101"":18,""10101000"":14,""00011011"":6,""11101011"":41,""00101111"":6,""11011100"":6,""01010110"":3,""01001101"":5,""01101010"":12,""01101111"":18,""01111000"":8,""10101011"":46,""00101010"":6,""10001101"":71,""00011010"":7,""01101110"":7,""10101010"":10,""10011100"":22,""10101101"":29,""01111101"":11,""11011011"":18,""01011101"":2,""01001111"":3,""11100100"":8,""01000110"":2,""11111011"":21,""11110100"":5,""00010100"":1,""01101000"":5,""00001110"":3,""10111001"":15,""00111100"":3,""11001011"":19,""11011001"":10,""11011111"":9,""00011000"":1,""10101100"":10,""00001010"":1,""10111110"":9,""01101001"":6,""11001000"":6,""11111001"":5,""11101001"":21,""11111000"":10,""00001111"":2,""01111100"":9,""01011010"":1,""11101111"":18,""11111010"":9,""00011111"":8,""01111001"":6,""01011100"":2,""00111110"":6,""00001001"":3,""01001100"":2,""11011101"":6,""01011111"":3,""11001010"":13,""01001001"":4,""11001001"":12,""00011101"":3,""01001011"":4,""11001110"":5,""00011100"":2,""01011000"":2,""00100110"":4,""00010101"":2,""00111001"":4,""00011001"":3,""01011001"":1,""00111000"":3,""00101100"":2,""00101110"":3,""00000001"":1,""01000001"":2,""00000100"":2,""01010010"":1,""01010001"":2,""00110001"":3,""00110000"":1,""01010100"":1,""00001011"":4,""01001110"":2,""00011110"":1,""00000110"":1,""01001010"":1,""00001100"":2,""00001000"":1}"
12,x,4000,-0.1379999999999999,-0.09000000000000008,-0.052999999999999936,0.016000000000000014,-0.11549999999999994,0.07599999999999996,0.26749999999999996,0.08699999999999997,"{""11000011"":19,""11010001"":14,""01001110"":13,""11010000"":26,""11010110"":17,""11000010"":14,""10111011"":29,""10010100"":11,""00101001"":21,""00100010"":12,""00010000"":32,""01010110"":14,""00100110"":16,""01000111"":17,""00110110"":20,""01000110"":4,""00110011"":31,""11110100"":6,""10000010"":4,""00110100"":24,""00000011"":25,""10010000"":25,""00000100"":16,""01101100"":11,""11110111"":11,""00010100"":14,""10110001"":17,""00010101"":14,""10110110"":16,""00100111"":25,""01110001"":6,""01110111"":14,""00010111"":76,""10101111"":28,""10000101"":13,""10110010"":18,""10000001"":15,""10000100"":11,""01100011"":12,""01010111"":59,""00010001"":20,""10100010"":16,""10010101"":12,""00110000"":23,""01010000"":26,""00010110"":26,""10010111"":56,""00110101"":21,""00110001"":21,""00111011"":32,""00100011"":32,""00001100"":19,""01100001"":12,""00110111"":45,""00101000"":18,""01000000"":18,""01100010"":6,""11001011"":28,""11100111"":7,""01000011"":18,""10010001"":12,""01010010"":14,""00010011"":26,""01111001"":6,""10100111"":28,""10100110"":14,""01110000"":5,""01011000"":18,""10000000"":11,""00101010"":16,""10000011"":10,""11000000"":13,""11100011"":7,""01110100"":6,""00100101"":23,""11010010"":17,""00000001"":12,""10100001"":15,""10110100"":17,""00110010"":21,""00111100"":27,""01110110"":9,""01000101"":10,""01010100"":15,""01010001"":9,""10000110"":9,""10001011"":19,""00100001"":19,""01010101"":10,""01000001"":16,""10100000"":15,""01110101"":4,""01110010"":10,""10110101"":16,""10110111"":39,""11110110"":3,""00001010"":12,""01100111"":10,""10110000"":20,""10010110"":16,""11010111"":43,""00000101"":14,""10010010"":18,""11010011"":13,""01000100"":12,""01010011"":19,""01000010"":11,""01100000"":7,""00101101"":31,""00000000"":13,""10000111"":12,""11100110"":5,""00111010"":26,""01100100"":10,""01111010"":3,""10011011"":21,""00001111"":14,""10110011"":25,""00010010"":29,""11000101"":17,""11110000"":4,""11000111"":12,""11101011"":6,""00111001"":16,""10001010"":8,""00000110"":6,""10010011"":21,""00101100"":24,""01100101"":8,""10100011"":22,""11100000"":3,""11000100"":13,""10100101"":19,""00100000"":20,""00100100"":19,""11110010"":1,""10100100"":22,""00111000"":30,""01001011"":21,""00000111"":11,""00000010"":9,""11011000"":23,""11001111"":23,""10001000"":11,""11111111"":6,""11000001"":19,""11000110"":7,""11010100"":6,""11010101"":15,""11001101"":15,""11001110"":12,""10001001"":14,""00111111"":40,""10001101"":12,""00011000"":26,""00011011"":27,""01011011"":16,""10101001"":22,""00001001"":19,""00011110"":17,""11011001"":13,""11011010"":10,""10111010"":16,""01001101"":24,""10101110"":12,""00001011"":15,""01101010"":11,""00111101"":28,""10011000"":20,""00101110"":14,""10101101"":23,""10111101"":29,""00001110"":6,""11111001"":3,""10001100"":14,""10101100"":37,""11011101"":6,""11111011"":15,""00001101"":24,""01101001"":12,""00011111"":47,""01011110"":14,""11011011"":16,""10011010"":8,""01001010"":15,""11111010"":10,""11011100"":14,""00111110"":26,""00101111"":31,""11001010"":11,""10011110"":12,""01001100"":18,""01011111"":26,""10111110"":9,""11001100"":23,""00011100"":15,""00001000"":7,""01001111"":17,""01011001"":8,""11001000"":17,""11100010"":4,""11111000"":8,""01001000"":13,""10111000"":19,""10001110"":4,""00011010"":16,""11011110"":10,""11111100"":10,""00011001"":17,""01101111"":8,""10101010"":17,""10011100"":15,""11011111"":38,""11111110"":3,""01011100"":11,""10111111"":32,""01111100"":5,""10101000"":17,""10111100"":20,""01111110"":4,""10011001"":7,""11101101"":5,""10101011"":21,""01111111"":11,""11101010"":6,""01101101"":10,""10011111"":38,""01111101"":6,""11101001"":7,""10001111"":10,""01001001"":10,""01011101"":8,""11111101"":4,""00101011"":16,""00011101"":10,""01111011"":9,""11001001"":10,""01111000"":4,""01011010"":4,""01101110"":9,""01101011"":9,""01101000"":9,""10111001"":7,""11101100"":2,""11101111"":1,""11100100"":4,""01100110"":7,""11110001"":2,""11110011"":4,""11100001"":2,""11110101"":5,""01110011"":11,""11101110"":3,""10011101"":7,""11101000"":2}"
13,x,4000,-0.15650000000000008,-0.06000000000000005,-0.28,0.02300000000000002,-0.36549999999999994,-0.17900000000000005,-0.2629999999999999,-0.3554999999999999,"{""01101111"":19,""10010101"":38,""11101001"":45,""10011101"":51,""11101110"":48,""11101011"":24,""00011011"":15,""01111100"":10,""11101100"":29,""00010110"":17,""11111100"":57,""01011110"":18,""10011111"":65,""10001011"":4,""11101111"":49,""01111111"":12,""11001110"":8,""11111001"":45,""11011100"":12,""11111101"":62,""11101000"":12,""00011111"":19,""01011111"":26,""00111011"":14,""11111011"":37,""10011001"":36,""10011010"":32,""11110110"":79,""10001000"":1,""00001010"":3,""01011101"":31,""00010010"":13,""11001011"":4,""00111010"":7,""01111001"":10,""11111010"":49,""11011110"":16,""11101010"":21,""11111111"":108,""01001110"":3,""01011010"":10,""00111101"":17,""11011001"":17,""11101101"":80,""11100100"":47,""11011111"":16,""11100111"":75,""00101101"":19,""10011000"":27,""00001111"":6,""11111000"":39,""11011101"":28,""11111110"":70,""10011011"":33,""00011101"":25,""10011110"":32,""10001001"":5,""01101100"":17,""01110111"":24,""11110111"":100,""00001001"":3,""00101010"":6,""11001111"":5,""11100101"":63,""11001010"":10,""10010111"":68,""11110101"":61,""01101110"":12,""10011100"":27,""01001001"":3,""00011100"":18,""11110100"":47,""01000110"":6,""01010000"":9,""10010010"":29,""01010001"":19,""01110011"":3,""10010100"":50,""10010110"":54,""11100110"":48,""01010110"":23,""01011011"":16,""00100110"":15,""01000111"":4,""10010000"":20,""10110010"":4,""11000001"":3,""01100101"":16,""11110001"":45,""01100011"":13,""01100000"":4,""00110100"":16,""00010000"":7,""10110100"":8,""00110110"":18,""00000101"":6,""00001101"":2,""00010101"":13,""10110001"":3,""01000100"":4,""01000001"":3,""00110011"":12,""10110101"":7,""11110010"":36,""11110000"":35,""11000101"":8,""11000110"":5,""01101010"":9,""10100111"":8,""01010100"":21,""11110011"":41,""10010011"":26,""10100010"":4,""00101011"":4,""11010001"":19,""00010111"":30,""01100110"":13,""01010010"":9,""10000111"":11,""01110001"":11,""11010010"":11,""01010101"":22,""11100011"":23,""01101101"":17,""00100000"":7,""11010110"":15,""01100010"":11,""00000011"":7,""00100100"":8,""11010101"":21,""01100001"":11,""10110110"":5,""10010001"":47,""11100000"":21,""11010000"":11,""01010111"":36,""10000000"":5,""01110101"":6,""10100110"":8,""00010011"":9,""11100010"":19,""10110111"":7,""00100011"":6,""00010100"":13,""11010111"":25,""00101111"":7,""01010011"":8,""11100001"":29,""00010001"":10,""10100101"":5,""10111110"":4,""00011001"":13,""00011010"":12,""11011011"":15,""00011110"":15,""11011010"":10,""01011001"":15,""01011100"":13,""10001010"":4,""11011000"":11,""01101000"":7,""01111101"":9,""01101001"":9,""01111110"":10,""10101101"":11,""01001111"":4,""00111110"":17,""00000010"":2,""10101010"":2,""01110000"":3,""00110111"":27,""01100111"":11,""00110101"":18,""01110010"":2,""00110001"":15,""10100100"":7,""10000011"":2,""10000101"":6,""00111001"":11,""01110110"":16,""01111010"":6,""10101100"":1,""10111011"":2,""10101110"":8,""00001000"":7,""00111000"":8,""00101110"":7,""10001111"":7,""11000100"":4,""00111111"":15,""00101000"":5,""01100100"":7,""00101001"":8,""01111000"":4,""00111100"":8,""00001100"":2,""10000001"":3,""10101111"":8,""10001110"":2,""10100001"":5,""11001101"":6,""01110100"":16,""10000100"":6,""10110000"":3,""00000110"":3,""10000010"":6,""00110000"":6,""00000001"":2,""00000111"":4,""00100111"":9,""11000111"":10,""11000011"":3,""11010011"":8,""01101011"":8,""00100101"":9,""11010100"":8,""00100010"":6,""10111111"":5,""10101001"":3,""01001101"":3,""01111011"":7,""11001100"":3,""10101011"":3,""00101100"":4,""01011000"":8,""00000000"":3,""11000000"":4,""10000110"":3,""11001001"":4,""10111101"":3,""01000101"":2,""00110010"":5,""10100011"":2,""00100001"":8,""01000011"":3,""10001100"":2,""10111001"":6,""10001101"":3,""11000010"":3,""10110011"":3,""00011000"":3,""00000100"":4,""01001010"":1,""10111100"":3,""01001011"":3,""00001110"":1,""00001011"":1,""01001000"":1,""01000000"":1,""10100000"":1,""01001100"":1}"
14,x,4000,0.006000000000000005,0.026499999999999968,0.11499999999999999,0.016000000000000014,0.26149999999999995,0.028000000000000025,0.06399999999999995,0.727,"{""01111000"":31,""00001100"":54,""01101000"":85,""01101011"":95,""10001100"":9,""00101100"":5,""01101111"":91,""00011101"":29,""00001001"":68,""00011010"":47,""01100101"":51,""10010100"":6,""10011001"":3,""00000111"":48,""01011010"":9,""10011101"":6,""00011000"":22,""01011000"":11,""10001001"":10,""00001000"":90,""00111011"":4,""00000011"":33,""00001110"":36,""10011000"":6,""11101101"":5,""01111001"":37,""01101101"":38,""00101001"":11,""00011110"":23,""11001000"":3,""00000101"":48,""00011001"":28,""00001101"":53,""00001111"":55,""00011011"":65,""10101011"":7,""01111010"":32,""01101010"":77,""00000001"":57,""11101111"":10,""01110111"":30,""01001011"":8,""01011110"":6,""10100001"":6,""01101001"":48,""01101100"":50,""01111100"":33,""01001000"":10,""10000101"":8,""00001010"":40,""01001101"":8,""01001001"":11,""11100111"":7,""11101011"":5,""01111111"":28,""01100100"":62,""01000001"":7,""00011111"":68,""00110101"":8,""11101000"":5,""00111101"":5,""01011100"":6,""00010011"":47,""01101110"":39,""01011101"":9,""10011011"":8,""10100111"":7,""01100000"":121,""00101011"":6,""01011111"":12,""10111111"":3,""10001000"":17,""01111011"":23,""00101101"":9,""01100001"":59,""10001010"":9,""00000100"":70,""00001011"":34,""01011001"":2,""00010010"":54,""00100101"":5,""11001101"":4,""10001101"":11,""10011111"":16,""00111000"":14,""00100011"":12,""00111100"":9,""01111101"":31,""11101001"":2,""01010010"":11,""01111110"":16,""00101010"":11,""00111111"":6,""00101111"":13,""00100111"":10,""10001011"":5,""00000110"":33,""01110000"":41,""01100010"":71,""01001111"":5,""10101001"":5,""01100011"":78,""01100111"":63,""01011011"":9,""00010111"":54,""01000000"":18,""10100000"":8,""00010100"":34,""00110010"":3,""00100100"":8,""10101111"":3,""00000010"":35,""00010000"":27,""00000000"":126,""01110001"":23,""10110000"":3,""01010111"":12,""10000000"":26,""00110111"":10,""10000011"":12,""01000111"":3,""10010010"":16,""10010000"":6,""01010110"":6,""01010011"":10,""10000001"":13,""01110011"":22,""01100110"":36,""11010000"":6,""00010110"":24,""01110101"":23,""00110100"":11,""01110110"":13,""10111010"":2,""01110100"":36,""01010100"":3,""11111001"":1,""10100100"":4,""00110000"":12,""10000010"":10,""10000110"":6,""10100010"":3,""10010111"":20,""00010101"":22,""11010111"":2,""01010101"":5,""11110000"":3,""00100001"":7,""10110111"":2,""00100110"":9,""00110001"":9,""10000100"":15,""01110010"":29,""01000010"":8,""11010010"":1,""01000100"":6,""10010011"":10,""01010001"":4,""00111001"":8,""11110100"":3,""01000101"":10,""01000011"":6,""10110001"":3,""00110011"":5,""11000011"":3,""00111010"":3,""10010101"":2,""11010011"":3,""10000111"":12,""01010000"":6,""00010001"":14,""00100010"":15,""11100001"":2,""10001110"":3,""10110011"":4,""01000110"":1,""10110100"":5,""10101000"":2,""11100100"":2,""11110111"":3,""11100110"":1,""10010110"":3,""10011100"":8,""11110011"":1,""10100101"":3,""00100000"":13,""11000000"":3,""10110110"":2,""10011010"":17,""11100010"":4,""10110010"":1,""11001110"":2,""11100101"":2,""00101000"":4,""10010001"":8,""10011110"":11,""11011010"":1,""11101010"":4,""00011100"":15,""11011111"":2,""00101110"":3,""10101100"":5,""01001100"":6,""10111011"":2,""11001010"":3,""10101101"":2,""00111110"":4,""10101110"":1,""01001010"":6,""11101100"":1,""10001111"":11,""11101110"":1,""11001001"":1,""11011100"":1,""10111100"":2,""10111001"":1,""10101010"":4,""10111000"":3,""11000101"":3,""11111101"":1,""11011101"":3,""11110101"":3,""11000010"":1,""11110010"":2,""10100011"":2,""11100011"":3,""11100000"":5,""10100110"":1,""11000111"":1,""11010101"":1,""00110110"":3,""11001111"":1,""11111010"":3,""11111110"":1,""11001011"":1,""10111101"":1}"
15,x,4000,-0.42900000000000005,-0.18999999999999995,-0.16999999999999993,0.04049999999999998,-0.09850000000000003,0.08150000000000002,0.38249999999999995,0.18799999999999994,"{""11111101"":10,""01000010"":5,""10001011"":17,""11001001"":4,""10011010"":17,""01111111"":26,""11101111"":12,""00111110"":18,""00011100"":24,""01001011"":29,""00011001"":29,""10111101"":15,""01111011"":13,""00111001"":10,""10101101"":29,""01001010"":13,""10111110"":21,""11011010"":5,""01001001"":13,""10011111"":39,""11101011"":32,""00101101"":42,""00101001"":27,""01111001"":6,""00010001"":31,""10101011"":28,""10011011"":28,""11001011"":17,""00011111"":73,""00001101"":23,""00111101"":30,""00110001"":12,""10001111"":28,""10011101"":38,""01011111"":30,""10010111"":52,""01011001"":16,""00001100"":7,""01001101"":29,""00110110"":30,""00011010"":15,""11101001"":15,""00001001"":18,""00111000"":9,""00101111"":47,""00101011"":54,""00001110"":10,""01110101"":19,""00011101"":52,""00111011"":14,""00001111"":30,""00010101"":40,""11011011"":6,""00010110"":32,""00001011"":32,""10111010"":11,""11010001"":11,""10001010"":6,""11101010"":11,""00101100"":18,""10111111"":42,""00001010"":16,""01111010"":4,""10010011"":34,""01001000"":9,""00010011"":43,""10111001"":16,""10000111"":22,""00111111"":51,""10101111"":23,""00011011"":41,""10110111"":92,""10101001"":21,""10011110"":15,""00011110"":26,""11011111"":19,""00000010"":10,""10010001"":28,""01011011"":13,""10100001"":23,""01011101"":14,""10001100"":9,""10011100"":10,""10111100"":6,""10110001"":26,""11001101"":9,""01111101"":6,""11010010"":3,""00000011"":27,""01000001"":13,""11001010"":5,""10101110"":13,""11100101"":12,""01111000"":5,""10001001"":13,""01101001"":9,""10010101"":32,""01110111"":43,""11010111"":23,""00010111"":102,""00111100"":13,""01011010"":9,""10000000"":9,""01010010"":13,""11001110"":8,""00010100"":23,""00100011"":56,""10011001"":16,""00100001"":35,""10001101"":10,""00101000"":12,""11101101"":19,""01001111"":17,""11101110"":7,""10101010"":5,""01010000"":5,""00110010"":14,""10000110"":5,""11011001"":4,""11110111"":12,""00110101"":19,""00000001"":23,""01010001"":21,""00100110"":8,""11100001"":9,""10001000"":7,""11111001"":3,""11001111"":13,""01101101"":9,""11011000"":4,""11111010"":1,""10110000"":9,""01011100"":11,""01110110"":16,""01001100"":7,""11111100"":1,""01000000"":5,""11110110"":4,""00110111"":55,""01010011"":19,""10100011"":27,""10000001"":8,""01100011"":7,""10100111"":20,""10100101"":20,""11100000"":5,""00100101"":31,""01110000"":7,""01010111"":35,""10110101"":18,""01000111"":20,""00000101"":30,""00000111"":44,""11000100"":8,""01000011"":19,""11010101"":10,""00000000"":10,""11010011"":9,""10010010"":15,""01000101"":17,""10110010"":4,""01110100"":5,""00010000"":9,""11110011"":2,""11000010"":8,""11000011"":11,""01100111"":4,""00100111"":29,""01010101"":18,""10110100"":15,""01110011"":9,""11110100"":2,""11100111"":18,""11000101"":16,""11110101"":4,""11110000"":1,""10110011"":13,""11100011"":20,""10000101"":10,""11000110"":10,""11000111"":19,""11000001"":5,""10000011"":16,""01110001"":13,""00000100"":9,""00110100"":13,""01101000"":2,""10101000"":5,""11011101"":5,""01101111"":7,""01111100"":5,""00011000"":11,""10100010"":10,""11011110"":8,""10010110"":11,""01101110"":2,""10101100"":7,""00101110"":18,""10111011"":12,""11101000"":3,""00000110"":21,""00101010"":18,""00100100"":14,""10000010"":6,""11100010"":8,""11100110"":6,""00100010"":21,""10010000"":11,""00110011"":14,""01010110"":18,""01000110"":9,""10100110"":2,""11110001"":4,""10110110"":19,""01100101"":6,""01101011"":9,""01010100"":11,""10100000"":6,""00100000"":13,""00001000"":10,""10100100"":7,""11010110"":6,""10000100"":10,""00110000"":14,""11100100"":3,""01000100"":9,""10010100"":9,""01100110"":4,""11001000"":4,""01100001"":4,""00010010"":15,""11111011"":6,""01011000"":9,""11010000"":3,""11010100"":5,""11011100"":4,""10011000"":10,""01111110"":6,""00111010"":7,""10001110"":2,""11111110"":3,""10111000"":5,""01011110"":5,""11101100"":3,""01110010"":2,""01001110"":7,""11111111"":6,""01100000"":2,""01100010"":1,""01100100"":5,""11110010"":2,""11000000"":2,""11001100"":2,""11111000"":1}"
16,x,4000,0.346,0.12549999999999994,-0.15999999999999992,0.018000000000000016,0.09950000000000003,-0.03200000000000003,0.03249999999999997,-0.04150000000000009,"{""10011100"":63,""01111110"":16,""00111000"":35,""11011011"":8,""11101100"":61,""00101100"":50,""01111000"":21,""11101011"":22,""00101001"":15,""10001000"":39,""00010111"":14,""01001000"":19,""10010100"":53,""00011111"":17,""11111011"":6,""11101111"":26,""10001001"":12,""00001000"":26,""00101000"":27,""11101010"":31,""10001011"":10,""11101110"":39,""01001111"":6,""11111100"":18,""00001100"":10,""11101000"":30,""10011110"":25,""11100101"":21,""11011001"":11,""00000111"":10,""00001001"":5,""11111111"":7,""00101011"":20,""10001010"":24,""01101010"":17,""01101111"":19,""11111110"":16,""11001001"":11,""11001111"":11,""11111010"":16,""10000100"":39,""00101101"":19,""01000000"":15,""10001111"":17,""01101100"":38,""01111100"":24,""10011010"":22,""00011100"":26,""10100101"":2,""00101111"":21,""11001110"":16,""10011111"":24,""01111101"":11,""00100111"":17,""11010011"":10,""11101101"":25,""11110110"":19,""10010001"":11,""10011000"":28,""00111101"":14,""11011100"":44,""10001110"":20,""11011101"":12,""11111000"":20,""01111001"":10,""00011101"":9,""00001010"":7,""00110101"":14,""11011010"":9,""11111001"":10,""00101010"":30,""01110100"":23,""01011100"":15,""00111110"":30,""01001101"":4,""00111111"":12,""10000110"":38,""00001110"":21,""11000100"":23,""11001100"":19,""10101010"":5,""00111100"":31,""11011000"":16,""00001011"":15,""00111001"":15,""11011110"":16,""10001100"":29,""00111010"":19,""01101000"":17,""01111010"":16,""11001000"":25,""10010111"":16,""11100100"":65,""10010110"":34,""00110000"":47,""00101110"":29,""01011111"":4,""10111101"":3,""01111011"":11,""11001010"":14,""00011110"":18,""01001110"":6,""01001010"":9,""00010000"":13,""00001111"":11,""10011011"":9,""00100110"":38,""00011000"":13,""11001011"":6,""00001101"":9,""00110010"":13,""01100001"":18,""10100100"":12,""00000000"":21,""11000000"":25,""00100100"":48,""10000001"":19,""00110110"":35,""01100110"":30,""01110101"":7,""01110000"":17,""00100000"":30,""11010010"":17,""11100001"":16,""00100010"":28,""00000101"":13,""01110011"":4,""11100000"":36,""10000010"":18,""10100010"":2,""11010100"":43,""00100101"":27,""11100110"":37,""01010100"":9,""10000111"":18,""01100011"":3,""10110101"":2,""00010100"":27,""01000001"":6,""01010000"":7,""10000000"":37,""00110100"":37,""00010101"":10,""11010110"":31,""00110111"":17,""00100011"":12,""01110111"":20,""10010101"":29,""11010111"":16,""00010110"":15,""11100010"":32,""00000100"":16,""10000011"":17,""11000111"":12,""11110000"":13,""10010000"":32,""01100100"":42,""01110010"":14,""10010010"":23,""11110101"":7,""01100010"":14,""00000010"":13,""01000101"":4,""11000110"":26,""10000101"":10,""01101011"":9,""01000100"":10,""01110001"":8,""01010010"":10,""10011101"":22,""10111100"":2,""10110100"":4,""01111111"":11,""00011001"":5,""00010010"":17,""01001011"":6,""01011101"":5,""11000101"":7,""11010000"":29,""11110111"":7,""01100000"":22,""00000011"":6,""01101101"":22,""11000001"":13,""00100001"":13,""11100111"":24,""01010001"":1,""11000010"":11,""00000001"":6,""01000010"":7,""10110110"":3,""11110100"":13,""11110011"":7,""00000110"":20,""01000110"":12,""11010001"":8,""11001101"":5,""11101001"":19,""00011010"":10,""00111011"":9,""10011001"":15,""11011111"":13,""10101100"":7,""00011011"":6,""10001101"":16,""11111101"":10,""01000111"":9,""01101001"":6,""01010110"":7,""00010001"":8,""11010101"":16,""01101110"":15,""01010111"":5,""00110001"":11,""01100111"":9,""01100101"":9,""10100111"":2,""01000011"":5,""11100011"":11,""10100110"":3,""01110110"":14,""11110001"":11,""10111110"":1,""10010011"":9,""00110011"":8,""10110001"":3,""10100000"":3,""01001100"":11,""00010011"":3,""01010101"":2,""01011000"":2,""01011010"":5,""10111000"":10,""10101011"":2,""11000011"":6,""01010011"":2,""10101111"":4,""01011110"":2,""10110011"":1,""11110010"":5,""10101001"":1,""10101000"":2,""01001001"":3,""10111001"":3,""10101110"":8,""10111010"":2,""10111111"":2,""10100011"":2,""10110010"":1,""10110111"":1,""10110000"":2,""10100001"":1,""01011011"":1}"
17,x,4000,0.122,-0.1845000000000001,0.10399999999999998,0.013000000000000012,-0.21150000000000002,0.16649999999999998,0.058499999999999996,0.10850000000000004,"{""00100010"":12,""00000000"":31,""11011000"":27,""01111110"":17,""10110110"":12,""00100110"":17,""10001001"":10,""01100010"":10,""10101101"":3,""11110001"":15,""11010010"":33,""01100110"":35,""00110000"":16,""00000100"":22,""01110010"":24,""00010111"":56,""10010100"":19,""00000101"":17,""11100001"":16,""00010000"":53,""00010100"":43,""00010010"":57,""00000011"":23,""01110000"":20,""11010110"":29,""10010111"":19,""10000100"":8,""00010011"":69,""00000110"":29,""11001010"":12,""01000000"":6,""10010010"":23,""11100000"":27,""00010110"":80,""10100011"":8,""01100011"":20,""11100111"":28,""00000010"":27,""11111110"":25,""11011001"":11,""11100101"":11,""10010101"":8,""11010011"":31,""01110011"":36,""01110100"":13,""11010000"":27,""01010010"":11,""11100011"":33,""11110011"":18,""11110000"":20,""11000110"":15,""10111110"":7,""10110010"":6,""00100111"":7,""00010001"":26,""11100110"":41,""10000110"":16,""11110110"":17,""10001010"":14,""00100011"":14,""00100000"":11,""01100000"":19,""11000111"":14,""11110111"":15,""00000001"":21,""01110110"":25,""11010101"":17,""10110000"":5,""00110101"":8,""11111001"":23,""11011010"":35,""00001001"":45,""11101000"":25,""00011110"":56,""01111001"":24,""00011010"":67,""00011000"":41,""00011001"":31,""10101010"":9,""11011110"":36,""00001010"":30,""00111100"":18,""01111000"":23,""11011011"":35,""10011111"":16,""00011101"":18,""10011000"":23,""11011111"":22,""11101111"":22,""00001011"":31,""10011010"":23,""01111010"":28,""01111111"":18,""10011100"":18,""00011111"":37,""00001000"":39,""10001100"":9,""00001111"":19,""00001101"":21,""01111100"":16,""11111100"":16,""10011110"":18,""11011101"":12,""10011001"":13,""01101011"":18,""00001100"":23,""01001110"":6,""10001110"":8,""00111010"":14,""00011100"":40,""10101000"":7,""10010011"":28,""10101100"":5,""00001110"":32,""01011011"":5,""01011111"":4,""11101100"":15,""10001111"":7,""11001111"":11,""01011000"":12,""00111110"":14,""00101011"":12,""01111011"":25,""11101110"":28,""10011011"":24,""00011011"":55,""01001101"":2,""11111111"":15,""11111010"":23,""01001011"":9,""01101110"":15,""00101101"":5,""00111001"":17,""01001000"":8,""11101010"":26,""01101101"":11,""11111000"":15,""10111000"":6,""10111111"":9,""10111010"":9,""01101111"":12,""01111101"":6,""10101111"":2,""00101010"":9,""11001000"":6,""01101010"":17,""00111000"":15,""10111101"":1,""01011001"":8,""01010101"":1,""10101001"":7,""11101011"":21,""00111011"":12,""01010000"":5,""11101001"":14,""11000011"":8,""11001100"":5,""00110111"":7,""10100101"":3,""01110101"":6,""11010100"":14,""10010000"":16,""11110100"":16,""10110111"":8,""10100110"":10,""00101111"":11,""01110001"":9,""01000100"":8,""00111111"":4,""10110001"":10,""11110010"":19,""11100010"":24,""10000000"":7,""00100001"":7,""00110100"":18,""11010111"":18,""10010110"":31,""01100001"":7,""01010011"":15,""10100111"":8,""10111100"":6,""01100111"":13,""10110011"":8,""10000011"":7,""00110001"":10,""11110101"":9,""11000100"":11,""10010001"":11,""00000111"":16,""10001000"":7,""10101110"":7,""10000111"":7,""11010001"":27,""00010101"":18,""00110110"":10,""01000101"":5,""00110011"":12,""11001101"":10,""11011100"":17,""00101100"":2,""11111101"":11,""10001101"":5,""11111011"":23,""00100101"":7,""10111001"":3,""10101011"":5,""11101101"":7,""11100100"":11,""10011101"":8,""11001011"":8,""01011110"":7,""01000001"":1,""10111011"":9,""00101000"":9,""11000101"":7,""01010110"":10,""01000110"":8,""01100101"":7,""11000001"":9,""10000001"":5,""01101000"":16,""00101110"":12,""00111101"":2,""01101100"":6,""10001011"":5,""01001100"":2,""00110010"":8,""10000010"":5,""01010100"":8,""10100010"":7,""10100000"":5,""00100100"":3,""01001111"":3,""01010001"":6,""01100100"":4,""10000101"":2,""01110111"":13,""01000010"":3,""01000011"":6,""00101001"":11,""01011101"":5,""11001001"":12,""01001001"":3,""11001110"":8,""11000010"":5,""01010111"":9,""10100001"":2,""11000000"":12,""01011010"":7,""01000111"":4,""01001010"":4,""01011100"":5,""01101001"":1,""10100100"":1,""10110101"":1,""10110100"":1}"
18,x,4000,0.28800000000000003,-0.019500000000000073,-0.05249999999999999,0.01849999999999996,-0.16700000000000004,0.08850000000000002,-0.16749999999999998,0.38749999999999996,"{""00010100"":67,""10100101"":2,""00000100"":53,""00000110"":31,""00000011"":18,""00010010"":50,""11000111"":9,""01110101"":31,""00010111"":24,""11111000"":17,""00000001"":21,""00110101"":12,""00010001"":26,""01000010"":17,""00100001"":9,""11000000"":13,""00010011"":17,""00110010"":19,""10000010"":7,""11011010"":48,""01110010"":63,""00010110"":55,""01000000"":14,""11010100"":19,""01100110"":28,""11010000"":22,""11010101"":11,""11110110"":14,""10110011"":4,""01110111"":29,""01110011"":22,""00000010"":36,""00011111"":26,""11000011"":9,""01000100"":31,""01010000"":6,""11010010"":32,""01010100"":12,""10000100"":13,""01110100"":74,""00000111"":23,""11110111"":17,""01011110"":26,""01110000"":33,""11110011"":14,""10010111"":8,""11100001"":8,""01110001"":22,""11110100"":42,""00001001"":20,""00110111"":12,""00100111"":9,""11000100"":24,""11100101"":11,""00011110"":35,""11010011"":11,""00010000"":32,""11011000"":11,""01100101"":11,""00100100"":25,""01100001"":10,""11100000"":11,""01110110"":23,""11101010"":23,""00011000"":38,""01000011"":8,""00110011"":8,""01011010"":25,""00011101"":21,""00110100"":22,""01010111"":13,""11000110"":14,""00100010"":8,""11111100"":41,""11011100"":17,""00011100"":54,""11001011"":7,""10000001"":7,""11001001"":9,""01011001"":15,""01111111"":27,""11001101"":7,""11011110"":15,""00101011"":7,""00001111"":22,""11101000"":10,""01111001"":26,""00001011"":23,""00001100"":50,""11101100"":7,""00101010"":17,""00110110"":15,""01010010"":27,""01011011"":8,""01001110"":18,""11010001"":20,""11111011"":14,""00111100"":22,""01111010"":47,""11001100"":23,""11011001"":14,""00111110"":11,""11011111"":12,""00001010"":35,""00001110"":24,""10001000"":2,""10011111"":5,""01111101"":30,""11101011"":7,""01011111"":12,""11001000"":15,""00001000"":20,""00111011"":8,""01001001"":12,""01101011"":4,""01111110"":38,""01001100"":28,""01001101"":6,""11011101"":15,""01011100"":14,""01101111"":13,""00101101"":4,""01001000"":18,""10011110"":5,""10001110"":5,""00101100"":16,""11111111"":15,""10101001"":2,""01001010"":22,""00001101"":21,""11011011"":9,""00011010"":66,""10001101"":4,""00011011"":29,""11101001"":12,""00111111"":8,""01111100"":71,""11101101"":9,""11111001"":16,""01101110"":24,""01111011"":29,""00101110"":11,""11101110"":29,""00011001"":33,""00111101"":9,""10011000"":3,""01000001"":9,""11001111"":14,""00111000"":18,""00110001"":11,""00100011"":10,""10001010"":3,""01101010"":47,""11111110"":20,""01111000"":12,""11100010"":17,""00000000"":24,""11110010"":24,""01101100"":18,""10010000"":4,""00010101"":30,""01100011"":15,""11110101"":12,""10100000"":3,""11100110"":21,""01100010"":42,""01010001"":17,""00100101"":10,""00100000"":13,""11000010"":26,""10010101"":5,""11010110"":20,""10010110"":5,""11100111"":8,""01100100"":23,""01100111"":6,""01010110"":19,""11000101"":13,""00000101"":24,""01100000"":13,""11110001"":10,""10010011"":7,""10110010"":2,""01000110"":12,""01011101"":7,""10010010"":13,""01000111"":6,""01011000"":10,""01101001"":14,""00101001"":7,""00111010"":23,""11001110"":15,""11111010"":28,""01101101"":12,""01010011"":8,""01001011"":8,""10011101"":4,""11111101"":14,""10010001"":1,""01101000"":12,""11001010"":8,""10010100"":13,""10011001"":3,""11101111"":8,""10001011"":4,""10000110"":6,""00101000"":10,""11000001"":11,""10101011"":2,""10001001"":1,""01001111"":13,""10101110"":2,""10001100"":9,""10011010"":7,""10111100"":1,""10100011"":1,""00110000"":10,""01000101"":10,""10000111"":9,""10110000"":1,""10100110"":3,""10110100"":9,""11010111"":6,""11110000"":13,""00100110"":18,""01010101"":9,""10011100"":5,""11100100"":10,""10011011"":2,""10001111"":3,""10111011"":1,""00101111"":8,""10111010"":1,""10101111"":2,""10101100"":1,""10110101"":1,""10000000"":3,""11100011"":5,""10111110"":2,""00111001"":8,""10100111"":1,""10000011"":3,""10000101"":1,""10111000"":2,""10101101"":2,""10101010"":1,""10110110"":1,""10110001"":2}"
19,x,4000,0.3235,-0.024499999999999966,-0.07400000000000007,-0.008000000000000007,0.08650000000000002,-0.2044999999999999,0.2955,0.22599999999999998,"{""00111110"":69,""10011110"":35,""00101010"":55,""00101100"":78,""00001101"":11,""01111110"":15,""01011010"":41,""10111110"":20,""01001111"":11,""01001000"":13,""00100101"":37,""00101001"":37,""10101100"":28,""10101101"":15,""01101111"":7,""10001101"":13,""01101110"":14,""00011001"":20,""00011000"":24,""00011110"":26,""11001010"":10,""01011100"":15,""11011111"":4,""11111010"":17,""00101000"":68,""10001001"":12,""00111011"":15,""11111100"":9,""11011001"":1,""01011011"":8,""10011111"":11,""00011111"":12,""11001011"":5,""10111100"":9,""01101001"":9,""01111001"":5,""11010110"":4,""11101011"":11,""01111111"":10,""10001100"":15,""00100110"":67,""10101110"":26,""00101101"":40,""10011001"":17,""10011000"":16,""10011010"":23,""01001001"":17,""01011101"":12,""10011011"":12,""00010010"":27,""01000001"":9,""01101000"":11,""00001100"":7,""00011100"":21,""11000010"":7,""11111001"":8,""10101000"":17,""00111100"":22,""01011001"":15,""10101111"":18,""11110110"":20,""00101111"":28,""11100100"":26,""01111101"":7,""11010101"":3,""00111101"":29,""00101110"":47,""11101110"":28,""00111010"":36,""00100001"":49,""01001101"":24,""11111000"":7,""01010100"":15,""00111111"":24,""01101011"":3,""11101001"":14,""10000100"":14,""11101100"":18,""01111010"":11,""01101010"":10,""10001111"":11,""01011000"":15,""10011100"":16,""11100101"":14,""01001011"":5,""00100100"":93,""01101101"":6,""10101011"":6,""01010010"":33,""11001100"":9,""00011010"":24,""11101010"":30,""11001111"":4,""11111110"":19,""01111000"":13,""10111001"":10,""01000101"":14,""00011101"":12,""11100011"":9,""11011000"":6,""01110001"":8,""01010011"":13,""10110010"":23,""10111010"":24,""10111101"":7,""11111101"":10,""10010110"":31,""00111000"":19,""11101101"":17,""01111011"":7,""01011111"":10,""01100000"":7,""11011010"":3,""10010010"":28,""00001111"":7,""10110001"":9,""10101010"":9,""11001101"":5,""00001000"":11,""10001110"":15,""10001010"":17,""01101100"":8,""11100001"":17,""01001010"":13,""00001011"":4,""01011110"":28,""01001110"":21,""01001100"":28,""10001000"":12,""01000010"":18,""10100010"":24,""00011011"":8,""01111100"":13,""11101000"":20,""11111111"":10,""01000110"":23,""01010000"":17,""11100110"":22,""11101111"":10,""00001110"":7,""10100000"":21,""00101011"":24,""00001010"":11,""10001011"":6,""00010000"":17,""10000010"":18,""10100100"":38,""11110001"":6,""00100000"":71,""00010001"":16,""00100010"":63,""00010111"":15,""01000100"":40,""01110100"":14,""11000110"":12,""00100111"":25,""10000001"":8,""00110010"":49,""01110111"":4,""10000101"":12,""01100010"":9,""10010100"":22,""10100111"":14,""00110110"":59,""00010011"":12,""01010111"":5,""00010110"":22,""11011011"":1,""00110011"":6,""00100011"":20,""00110101"":15,""10110110"":16,""10000000"":7,""00010101"":11,""10000110"":33,""11110010"":14,""10110000"":12,""10100101"":13,""01000000"":19,""01000011"":10,""10100011"":9,""00110000"":28,""10100001"":14,""10010111"":11,""01100110"":10,""01010110"":27,""00000111"":4,""10010011"":11,""01100101"":4,""00110111"":19,""00010100"":20,""00110100"":17,""00000110"":11,""00111001"":16,""10110011"":11,""11011100"":4,""10011101"":17,""10101001"":11,""11011110"":6,""11110101"":10,""11111011"":6,""11010010"":6,""10111000"":8,""10111111"":9,""11001110"":4,""11001001"":3,""11011101"":4,""11001000"":6,""10111011"":2,""11100000"":18,""10010001"":20,""00000011"":2,""01110101"":14,""10010000"":11,""11000111"":7,""01110010"":9,""11110100"":7,""01010101"":10,""00000100"":7,""10100110"":25,""01110000"":11,""01110110"":21,""10000011"":4,""11110011"":7,""10010101"":8,""00000101"":2,""00000010"":19,""11110000"":5,""11000101"":6,""11000000"":5,""01110011"":4,""11100010"":19,""11100111"":5,""11000100"":14,""01000111"":4,""00110001"":6,""11010011"":3,""11010001"":5,""00000001"":5,""11010000"":3,""01100100"":6,""01100001"":3,""01010001"":5,""10110100"":6,""01100011"":3,""10000111"":9,""10110111"":2,""11000001"":2,""00000000"":6,""11110111"":5,""01100111"":3,""00001001"":3,""11010100"":1,""10110101"":5,""11000011"":1}"
20,x,4000,-0.1279999999999999,-0.13949999999999996,0.014000000000000012,0.011499999999999955,-0.24750000000000005,-0.30800000000000005,-0.020499999999999963,-0.1299999999999999,"{""00101011"":20,""11011111"":38,""01111111"":47,""11010001"":19,""10110011"":40,""01011001"":19,""10111000"":44,""11011000"":27,""11111011"":32,""10101001"":26,""10101010"":20,""01101100"":20,""01111110"":19,""01101101"":8,""10101000"":21,""10011111"":11,""11111111"":25,""11101111"":23,""01111010"":21,""10111001"":41,""01001001"":9,""11001111"":23,""00111001"":25,""00101111"":19,""11111101"":10,""01111101"":17,""11011011"":30,""10001101"":5,""10101110"":20,""11001001"":11,""01001111"":13,""00111111"":35,""00101010"":3,""01110011"":25,""00101101"":11,""11101011"":17,""11111001"":13,""00111010"":26,""10101011"":31,""00011111"":14,""01011010"":12,""00011010"":7,""01111001"":27,""01101110"":12,""00011101"":7,""01111011"":28,""00111011"":35,""01001100"":6,""10100100"":30,""00101001"":7,""11100110"":18,""01111000"":31,""10111111"":39,""11010100"":22,""00001111"":17,""00101000"":9,""10111101"":30,""01011000"":17,""01011101"":10,""00111000"":20,""10111100"":18,""01101000"":22,""11111100"":15,""10011000"":11,""11011001"":24,""11011100"":18,""11011101"":22,""10011010"":13,""01101010"":11,""10111110"":18,""00000010"":5,""11000111"":18,""11010111"":68,""10100010"":26,""11010101"":11,""11000100"":11,""10100111"":35,""00110010"":26,""00100100"":9,""01110010"":22,""01100100"":23,""01101011"":19,""11100111"":34,""11110011"":16,""01110111"":39,""01100111"":22,""10100011"":47,""10110001"":36,""10110111"":46,""01100011"":14,""01010000"":13,""01000100"":8,""11110101"":10,""00101110"":7,""00110011"":33,""11100000"":10,""10010001"":9,""10100000"":25,""10110101"":27,""10110000"":32,""11000011"":17,""10010111"":14,""01010111"":24,""00100101"":9,""01110101"":16,""11100101"":14,""01110001"":25,""00010101"":9,""00110000"":28,""10110100"":24,""01110110"":18,""10100101"":17,""10010011"":7,""01110100"":18,""00110110"":23,""10100001"":18,""10110110"":24,""00110001"":19,""00110111"":45,""10010101"":7,""11110100"":9,""11110010"":20,""11100010"":10,""10110010"":34,""01110000"":21,""00000011"":8,""11010000"":20,""11110111"":21,""10000100"":4,""01100000"":14,""11110000"":8,""11101100"":8,""10111010"":32,""10101111"":42,""01001011"":2,""11111000"":20,""11111010"":14,""00111110"":20,""10001110"":4,""11011110"":19,""00011011"":14,""00111101"":15,""01000111"":11,""01101001"":14,""00000110"":6,""00011000"":9,""11001110"":7,""00001011"":7,""11111110"":13,""01011111"":25,""00111100"":13,""00011100"":10,""10111011"":41,""11001100"":10,""11101110"":8,""11001101"":13,""00011001"":6,""00011110"":7,""01011100"":8,""11001000"":14,""00100110"":9,""01100110"":17,""11000010"":18,""00110100"":17,""01100010"":16,""01100001"":19,""01100101"":14,""11100100"":21,""00010000"":9,""10101101"":14,""10010100"":12,""01010101"":10,""00010111"":15,""01010011"":12,""11100001"":6,""01010100"":7,""00100010"":11,""01010010"":15,""01010001"":9,""11100011"":29,""00010001"":11,""11110001"":10,""01000110"":7,""11000001"":12,""11000000"":12,""00010011"":14,""11010011"":22,""11010010"":24,""10000101"":1,""10010000"":8,""00000000"":8,""10000010"":4,""11010110"":26,""00110101"":15,""10000111"":8,""00100111"":7,""00000111"":6,""11110110"":9,""10100110"":19,""11000101"":14,""10010110"":11,""00100011"":13,""00010100"":10,""00010110"":8,""00100001"":6,""01000011"":4,""01010110"":15,""10010010"":14,""10011100"":11,""00000101"":2,""00010010"":7,""00100000"":9,""01000101"":1,""11000110"":7,""01000010"":1,""10000110"":3,""01000000"":4,""00001100"":6,""11001011"":19,""10000011"":4,""10001011"":2,""10011001"":13,""10101100"":25,""01011110"":9,""10011110"":5,""10011011"":10,""00001001"":7,""11011010"":12,""10011101"":8,""11101010"":11,""01101111"":14,""00001110"":3,""10000000"":1,""01000001"":4,""11001010"":12,""00101100"":8,""11101001"":13,""01011011"":16,""00001000"":1,""11101000"":8,""10001111"":7,""00001101"":6,""11101101"":3,""01001101"":2,""01111100"":11,""10001000"":3,""01001000"":2,""00001010"":3,""10001100"":5,""10000001"":2,""10001001"":2,""00000001"":3,""01001010"":3,""01001110"":1,""10001010"":1}"
21,x,4000,0.128,-0.0734999999999999,0.14449999999999996,0.028000000000000025,0.355,-0.3620000000000001,-0.04299999999999993,0.49850000000000005,"{""01000011"":4,""11001110"":20,""00111101"":20,""00101010"":104,""01101111"":38,""00101001"":75,""11011011"":6,""01101101"":50,""11011000"":18,""00101101"":40,""01001010"":22,""00110111"":20,""01111101"":5,""11111001"":4,""00110010"":43,""11001001"":17,""01011111"":15,""00101011"":27,""00001110"":6,""01101000"":38,""10001100"":3,""00011010"":27,""00111001"":31,""10101110"":13,""10101101"":11,""01101100"":41,""11011101"":9,""11011100"":8,""10111001"":8,""11011110"":12,""00111100"":16,""01011001"":26,""00001001"":9,""00111010"":38,""10011001"":2,""01000010"":28,""01001001"":15,""11011111"":15,""01101010"":97,""01100001"":73,""00000101"":10,""00101100"":57,""00101110"":49,""01011010"":27,""00101000"":46,""00100010"":108,""01101011"":25,""11001010"":33,""01101001"":54,""01001110"":19,""00101111"":37,""10101001"":24,""00001010"":12,""01101110"":58,""10100101"":13,""11011001"":18,""00001011"":4,""11101110"":15,""10101111"":8,""00100001"":77,""10001010"":6,""11101111"":6,""11101101"":13,""00100101"":41,""11000110"":26,""11000001"":25,""00111111"":17,""00100000"":50,""00111110"":20,""01011100"":19,""10101010"":22,""10100110"":19,""00111000"":20,""01011110"":15,""11101010"":18,""11111010"":5,""10110101"":4,""11001101"":14,""11010110"":9,""01111000"":6,""11001100"":5,""01001111"":7,""01100101"":57,""11101100"":8,""01111001"":14,""00011110"":12,""01111010"":18,""10100011"":12,""01110000"":8,""00110000"":20,""00011001"":13,""01011101"":11,""00110001"":40,""11001000"":10,""11011010"":26,""00111011"":10,""01111111"":9,""01011000"":24,""10101000"":11,""01000111"":4,""01011011"":10,""01001101"":13,""00100100"":37,""01110010"":25,""11000101"":17,""00000001"":7,""01000001"":19,""01100010"":110,""00110110"":30,""11100001"":12,""11100110"":14,""11010011"":13,""00000000"":6,""01110100"":9,""01110110"":12,""11000000"":12,""00100111"":38,""01010001"":18,""00010001"":17,""01110001"":10,""00000110"":12,""10111111"":1,""00110011"":15,""01010000"":9,""01100000"":28,""01100011"":26,""11010010"":26,""10100010"":37,""00100110"":69,""10100111"":10,""01100110"":62,""01010111"":13,""00010011"":6,""01010010"":36,""11100010"":10,""10100001"":14,""00010101"":8,""11010001"":18,""11101001"":15,""01100111"":50,""10100000"":9,""00100011"":33,""00000010"":10,""01000110"":12,""01000101"":13,""11101011"":9,""10111101"":4,""00011100"":11,""11000010"":33,""11101000"":4,""10011101"":3,""10001110"":7,""00001101"":4,""00110101"":27,""11100000"":6,""10010000"":3,""00001100"":4,""10001001"":3,""11001011"":5,""00011000"":10,""10101011"":7,""10001101"":3,""11010111"":8,""11111100"":2,""10101100"":9,""11111111"":2,""10110011"":4,""10011010"":5,""10111010"":2,""10111000"":2,""00001111"":2,""01111100"":3,""00011111"":3,""00001000"":5,""10000101"":4,""10000001"":5,""11111000"":2,""10001000"":4,""11000100"":5,""01110011"":2,""00000111"":6,""00110100"":11,""10110001"":6,""00010010"":15,""11000011"":7,""01010011"":13,""11100101"":14,""01110101"":5,""01001000"":8,""10010010"":6,""00010111"":12,""10010110"":4,""01100100"":32,""01010101"":12,""10100100"":9,""01110111"":11,""10110100"":4,""00000011"":3,""01010110"":11,""00000100"":3,""01010100"":10,""00010000"":12,""11010100"":5,""01000000"":9,""10110111"":3,""10110010"":4,""01000100"":10,""00010110"":11,""11100111"":9,""11000111"":14,""11010000"":5,""11110101"":3,""10110110"":4,""01111011"":4,""01001100"":7,""01111110"":10,""00011011"":6,""11001111"":4,""10110000"":4,""11100100"":5,""10000010"":4,""11100011"":3,""10010001"":5,""10000111"":3,""10010101"":2,""11110100"":1,""00010100"":7,""10000000"":2,""11010101"":3,""10001011"":1,""10111011"":1,""01001011"":6,""10011111"":2,""00011101"":3,""10111100"":2,""10010100"":5,""11110110"":1,""10010111"":2,""11110000"":3,""10011100"":1,""10001111"":1,""10111110"":2,""11111011"":1,""10010011"":1,""10000110"":2}"
22,x,4000,0.3435,0.5,-0.1745000000000001,-0.03750000000000009,0.39049999999999996,-0.10850000000000004,-0.3400000000000001,0.3375,"{""10001100"":47,""00001100"":33,""11011010"":5,""01011010"":8,""01101011"":41,""01101111"":69,""00011100"":54,""01101010"":40,""11001001"":13,""00000000"":48,""01101110"":32,""00001000"":32,""11000111"":16,""01111100"":36,""01101000"":132,""01100000"":187,""01101100"":262,""10011000"":20,""00001101"":13,""11011011"":5,""11001000"":31,""01101101"":120,""11001100"":47,""01011111"":10,""01011000"":18,""01011100"":32,""11101101"":8,""01001011"":7,""10000001"":12,""00001010"":6,""10101110"":3,""01111000"":33,""11011000"":18,""11101000"":5,""00101100"":32,""11001010"":3,""10011100"":46,""00011001"":7,""10001101"":22,""01110000"":30,""10000000"":33,""00111100"":6,""11011100"":35,""10101001"":4,""11001101"":19,""00110000"":7,""00011010"":6,""01100011"":25,""01100111"":59,""10101000"":15,""01011110"":4,""11101001"":3,""00111110"":2,""10101010"":7,""11001110"":10,""10101011"":2,""00101000"":10,""01111101"":16,""11001011"":14,""10011101"":19,""10011010"":10,""01111001"":12,""11111100"":8,""01100100"":221,""01110100"":39,""00010100"":44,""10100100"":20,""01010000"":18,""01010010"":9,""00110001"":2,""10010100"":44,""11000110"":15,""00110100"":3,""11010010"":5,""01100010"":48,""11010110"":7,""11000000"":57,""11000101"":10,""01100001"":37,""00010101"":15,""01100101"":72,""01110111"":8,""01010011"":4,""01000011"":8,""11100010"":4,""10000100"":31,""11100100"":17,""00010000"":11,""11000010"":14,""00000011"":5,""10010000"":17,""11100011"":3,""01010100"":22,""10100000"":13,""01010101"":8,""11100000"":13,""00000110"":8,""01100110"":32,""00100000"":20,""11010000"":20,""10010001"":10,""11011111"":12,""10110000"":6,""10000010"":12,""10000101"":18,""01000111"":8,""11000100"":35,""00000101"":22,""00100110"":5,""11100110"":4,""11010101"":15,""01001110"":1,""11110100"":9,""01111110"":8,""10101100"":13,""11001111"":10,""01101001"":57,""00001111"":12,""01000000"":26,""11111011"":2,""10111101"":4,""10001001"":14,""10011111"":9,""01001000"":16,""01001100"":26,""11011001"":12,""10000110"":7,""11011101"":18,""01111010"":16,""00011111"":14,""01011101"":12,""11101100"":21,""01001001"":6,""10101101"":12,""01001111"":6,""10111010"":2,""00111000"":4,""01111111"":15,""00011101"":16,""11101111"":6,""01000101"":5,""10100101"":9,""01000100"":17,""01110001"":11,""10110100"":8,""00100100"":22,""00100010"":6,""01110010"":22,""00000100"":22,""10010111"":5,""01110011"":4,""01010110"":1,""10100111"":5,""11110000"":9,""01010001"":2,""00010001"":7,""10100110"":1,""11010100"":31,""01110101"":12,""11110011"":2,""00000111"":7,""00100101"":12,""11100101"":7,""00011000"":22,""00110110"":2,""10010101"":15,""11110001"":2,""11110101"":2,""00100001"":10,""00010010"":8,""00010111"":6,""00010011"":3,""00000010"":8,""00101010"":7,""10001000"":32,""10110001"":3,""10111100"":5,""10011110"":5,""00101011"":5,""00101110"":3,""10001111"":18,""00001001"":4,""10010010"":5,""01011001"":6,""00101101"":9,""00011110"":6,""10100001"":2,""00101111"":6,""10001110"":10,""00010110"":4,""10101111"":4,""10001011"":8,""10111000"":3,""11111101"":3,""00011011"":5,""11111111"":1,""01111011"":5,""11111001"":5,""00111111"":2,""00001110"":4,""10111110"":1,""01011011"":1,""10001010"":9,""00000001"":4,""00101001"":7,""00111101"":2,""10000111"":14,""01110110"":15,""10010011"":3,""11011110"":7,""11010111"":2,""11000001"":11,""10011011"":4,""01000001"":4,""11010001"":6,""00100111"":2,""11100111"":3,""10110111"":1,""00001011"":5,""10111001"":2,""11111000"":4,""11101010"":6,""00110010"":5,""01001101"":2,""10110011"":1,""01010111"":3,""10000011"":3,""01000010"":4,""01000110"":5,""11100001"":4,""01001010"":2,""11010011"":3,""11000011"":3,""10010110"":5,""10110101"":1,""00100011"":2,""10011001"":5,""00111011"":2,""10111111"":1,""11111010"":1,""11110110"":1,""00110011"":1,""11110010"":1,""00110111"":1,""10100010"":1,""10110010"":1}"
23,x,4000,-0.2649999999999999,-0.23950000000000005,0.123,0.008000000000000007,-0.2509999999999999,-0.0515000000000001,-0.12949999999999995,-0.10200000000000009,"{""10111111"":90,""01001001"":34,""01001011"":48,""01011110"":26,""01111110"":8,""11110111"":26,""11111111"":24,""10001001"":14,""01011111"":64,""10111010"":47,""11111010"":14,""01001000"":20,""01011100"":25,""10111011"":102,""11101010"":8,""11111110"":6,""00111011"":26,""00101101"":6,""01000100"":17,""10111001"":64,""10101100"":13,""11011100"":7,""11011011"":25,""00111001"":13,""11101000"":16,""01011010"":37,""01000001"":32,""01001110"":23,""10011010"":4,""01001100"":25,""01000011"":47,""11100010"":13,""00111010"":6,""10101010"":22,""10101111"":27,""01010000"":40,""01011011"":73,""01101101"":3,""11111100"":7,""11101001"":10,""00001111"":7,""00111100"":7,""00111111"":18,""11111000"":8,""11001011"":35,""11001000"":17,""11011111"":19,""10111100"":42,""10110001"":50,""00111101"":5,""10011100"":6,""01011001"":34,""01000101"":24,""01111101"":12,""01001010"":20,""10111101"":43,""11111001"":12,""01010010"":70,""01001111"":39,""01011000"":41,""01010011"":80,""00011011"":6,""10100101"":11,""01101111"":14,""10101000"":13,""10111110"":34,""10001110"":2,""11101011"":26,""10011011"":10,""10001101"":5,""00001101"":2,""11011001"":10,""01111011"":21,""11011000"":11,""10111000"":36,""10000011"":10,""11101100"":8,""00010011"":16,""11011101"":14,""11101101"":9,""01111001"":8,""00111000"":11,""10000111"":8,""10011111"":4,""11001111"":17,""11001101"":16,""11100101"":7,""11001010"":11,""01001101"":17,""10101110"":17,""10001111"":6,""11001110"":12,""10101001"":13,""10010010"":12,""10101011"":25,""11011010"":15,""01110110"":7,""10011101"":2,""11001001"":17,""10110111"":80,""11001100"":11,""10101101"":8,""11111101"":12,""10100000"":23,""11110110"":11,""10011000"":7,""11101111"":16,""00011101"":1,""10110011"":93,""10001011"":13,""00101010"":1,""01111111"":15,""11111011"":27,""00110110"":5,""10110010"":31,""10110110"":25,""01101011"":8,""10011001"":3,""10010000"":4,""01110111"":19,""00101111"":9,""01000110"":18,""00110101"":9,""01111000"":7,""00011110"":1,""00011111"":11,""10110101"":38,""01100111"":20,""01000111"":35,""11000001"":17,""00110001"":12,""01010111"":84,""01101110"":2,""11101110"":4,""01010100"":26,""00101100"":2,""11010100"":9,""00101011"":5,""11010011"":37,""01111100"":7,""10100001"":13,""10110100"":29,""00100100"":6,""00110011"":25,""01100110"":9,""11100011"":23,""01100011"":18,""11010111"":17,""10010100"":5,""10100100"":10,""00101000"":4,""11000100"":12,""01010001"":25,""10110000"":38,""00010001"":3,""11000011"":23,""00100010"":5,""11100111"":17,""01100001"":8,""01111010"":3,""10000001"":8,""01110011"":17,""11110000"":10,""10100111"":42,""10100011"":40,""11110011"":29,""00000110"":2,""11000000"":13,""01110010"":10,""10100010"":29,""11000101"":11,""00100011"":5,""11110101"":6,""00100000"":6,""11010001"":9,""01000000"":17,""00110000"":9,""01010101"":14,""01010110"":37,""10000000"":3,""01000010"":12,""00000101"":1,""11010000"":8,""11000111"":15,""01110001"":13,""11110010"":13,""01110000"":6,""11010010"":11,""11000010"":12,""10010110"":5,""01110101"":8,""10010101"":6,""10000010"":3,""11110100"":7,""00010101"":3,""00010010"":4,""11100001"":6,""11100000"":3,""00000111"":7,""11110001"":12,""01101100"":6,""00010110"":5,""10000101"":5,""00110111"":20,""01011101"":18,""00000010"":2,""00001011"":6,""10001000"":8,""11010110"":7,""01101001"":5,""10001100"":3,""00110100"":10,""11100110"":5,""10100110"":14,""01100101"":5,""00100001"":5,""10010011"":13,""00000100"":4,""00010000"":5,""00110010"":8,""11100100"":3,""00100101"":2,""01110100"":9,""00000011"":5,""00000001"":3,""00010111"":11,""10000100"":3,""01100010"":5,""00011010"":4,""00001110"":1,""11011110"":4,""00011000"":5,""00101110"":3,""00011001"":8,""10001010"":4,""01101010"":4,""00001001"":2,""10010111"":5,""11010101"":5,""00001000"":1,""01101000"":2,""00101001"":4,""11000110"":8,""00100111"":7,""00010100"":2,""10010001"":5,""01100100"":2,""00001100"":1,""00000000"":2,""00100110"":3,""01100000"":3,""10000110"":1,""00111110"":2,""10011110"":2}"
24,x,4000,0.05249999999999999,-0.05750000000000011,-0.03200000000000003,0.019000000000000017,0.137,0.09350000000000003,0.09699999999999998,0.40149999999999997,"{""01000110"":43,""01000000"":51,""01000001"":51,""00110100"":50,""10000100"":26,""11001010"":7,""01010111"":38,""10001000"":31,""10110111"":23,""00100011"":32,""01001010"":54,""01010100"":34,""00000100"":20,""01001001"":49,""00100100"":31,""01100000"":5,""00100111"":35,""01000100"":56,""00000010"":24,""00000101"":2,""00110010"":26,""00100000"":39,""00110111"":62,""01000111"":69,""10000011"":15,""00100110"":33,""11111011"":14,""10100011"":7,""00110110"":40,""11110111"":13,""10010110"":13,""10000000"":17,""01010110"":29,""00010111"":20,""01001100"":56,""10100110"":12,""11110010"":11,""00000000"":15,""00110011"":27,""01001011"":34,""01000010"":46,""10110010"":9,""11110110"":17,""11100100"":12,""01010001"":31,""11000011"":8,""01010000"":21,""11100000"":14,""10110001"":10,""00100001"":30,""10010010"":3,""10110100"":13,""01010101"":22,""01000101"":27,""11111010"":10,""11110001"":3,""10110110"":19,""10100010"":10,""00000111"":16,""01011011"":24,""10110000"":5,""00110000"":31,""01000011"":36,""11111000"":6,""11100101"":4,""00101110"":26,""00100010"":30,""10000111"":27,""10010000"":12,""00000011"":18,""10010111"":10,""10110101"":6,""11000000"":4,""10111001"":19,""00100101"":13,""10100001"":7,""10000110"":17,""01011110"":25,""11000101"":3,""11000010"":8,""10000010"":12,""11110100"":11,""10010100"":6,""01010010"":13,""11000110"":5,""00110001"":33,""11010111"":12,""00000110"":22,""11111101"":3,""10110011"":9,""00101010"":31,""10000001"":21,""11010100"":6,""11101101"":7,""11100110"":7,""11010011"":3,""00010001"":13,""10100111"":11,""00011011"":11,""00001000"":23,""11101100"":15,""10011001"":6,""10101110"":5,""00010110"":20,""01010011"":17,""11100001"":18,""11101001"":11,""11000111"":9,""11001101"":3,""01001110"":52,""10010101"":8,""00010100"":13,""00010101"":6,""00000001"":27,""11000001"":7,""11100111"":6,""11110011"":11,""01110010"":5,""00001001"":24,""01110001"":5,""00010011"":9,""10001001"":18,""00010010"":6,""11000100"":4,""01110100"":3,""01100111"":3,""10001100"":16,""01100100"":5,""00111011"":35,""01001111"":75,""01111110"":5,""00001011"":21,""10011010"":7,""00111100"":40,""00111111"":46,""10010001"":7,""11111111"":17,""11010001"":6,""11001000"":9,""11011110"":4,""11111100"":14,""11110101"":3,""00110101"":20,""01001000"":64,""01100101"":4,""00111001"":22,""10111100"":17,""01011100"":21,""01001101"":28,""11101111"":10,""00111110"":49,""00101001"":24,""01110101"":4,""00011111"":14,""00101000"":45,""10111000"":5,""00101101"":19,""01011001"":21,""00001100"":19,""01101111"":8,""10111111"":16,""11111001"":11,""10101000"":10,""10001011"":20,""10101001"":12,""01011111"":30,""00001111"":13,""00101111"":39,""00101100"":29,""00111000"":33,""00001101"":11,""10101011"":3,""10101101"":2,""00101011"":12,""11011111"":8,""00011101"":7,""01011010"":22,""01111100"":7,""10001010"":23,""00111010"":29,""10101111"":6,""11011100"":5,""01100011"":4,""01100001"":5,""10000101"":5,""10100101"":5,""11101011"":9,""10001111"":18,""10011100"":8,""11100011"":6,""01111011"":2,""11111110"":13,""01111000"":5,""10111101"":4,""10111010"":9,""10011101"":5,""01111111"":6,""00001010"":20,""01101001"":6,""00111101"":29,""11010000"":6,""01011000"":19,""01111101"":3,""10101010"":11,""11101110"":9,""01111001"":8,""11101010"":10,""11100010"":11,""01011101"":10,""11110000"":9,""10100100"":6,""01110110"":7,""11010110"":8,""10001110"":16,""01110000"":3,""11101000"":9,""10111110"":10,""11001001"":5,""00011110"":14,""10001101"":11,""10011011"":3,""10111011"":10,""00011000"":4,""01101000"":9,""10011000"":7,""11001110"":3,""11001011"":4,""01100110"":3,""10011110"":8,""11001111"":6,""11011101"":3,""00011100"":9,""00011010"":7,""10011111"":7,""00010000"":6,""11001100"":4,""01110011"":4,""01100010"":6,""10100000"":9,""11010010"":4,""00011001"":4,""01101101"":4,""11010101"":2,""10010011"":5,""01101110"":4,""00001110"":8,""01110111"":3,""01101100"":3,""11011011"":2,""01101011"":6,""11011000"":2,""11011010"":4,""01101010"":1,""01111010"":3,""11011001"":1}"
25,x,4000,-0.16700000000000004,-0.008999999999999897,-0.08099999999999996,0.02200000000000002,-0.20799999999999996,-0.0009999999999998899,-0.08549999999999991,0.19899999999999995,"{""00011111"":43,""01110101"":30,""11100001"":26,""01101000"":16,""11001011"":11,""00101000"":22,""00011100"":32,""01011010"":7,""11011000"":23,""01111100"":27,""00101110"":22,""01101100"":24,""01000001"":15,""11101011"":17,""11001001"":7,""01100100"":28,""01111001"":19,""00110100"":21,""01110110"":17,""01111010"":23,""11111101"":19,""01001000"":10,""01011100"":19,""11001000"":5,""10011011"":27,""10011010"":18,""01001001"":14,""00001000"":7,""01101101"":17,""01111101"":24,""11011111"":26,""01011001"":11,""01111000"":14,""11101100"":18,""00111101"":22,""01111011"":34,""01011110"":18,""11111000"":7,""11111011"":23,""01101110"":14,""00111010"":13,""00101010"":14,""10011101"":26,""11101111"":25,""00011000"":16,""11111001"":17,""10011111"":26,""10011100"":25,""00101001"":15,""10001110"":4,""11010110"":9,""01101001"":17,""10001000"":6,""01011111"":22,""00001011"":16,""11011100"":21,""11101001"":15,""00011010"":18,""00100010"":13,""01101010"":23,""01011011"":15,""00011110"":31,""11001101"":7,""01011000"":8,""01010010"":9,""00111100"":17,""00010110"":22,""01001111"":15,""11101110"":21,""11011010"":13,""10101110"":2,""10111001"":5,""00110000"":18,""10111100"":6,""01001011"":15,""11011011"":27,""11011101"":22,""00000011"":19,""01011101"":26,""01001110"":7,""00000110"":1,""11010000"":9,""01010101"":23,""10011001"":28,""01111111"":29,""00101100"":23,""00011001"":20,""11101101"":26,""00000001"":9,""00101111"":35,""00001100"":9,""10101100"":1,""10011110"":21,""01101011"":16,""10000100"":11,""11000001"":10,""10010111"":30,""11011110"":20,""01101111"":30,""00111011"":33,""00010111"":41,""00110101"":22,""11001100"":8,""00011101"":30,""01100111"":28,""10001111"":19,""00111110"":13,""10010010"":14,""00100000"":17,""10010000"":23,""00001001"":4,""00011011"":34,""11111010"":10,""10001011"":11,""01000000"":14,""00100110"":14,""01100101"":33,""11010011"":30,""11100100"":32,""10100111"":6,""11110010"":13,""01110000"":31,""00010101"":41,""01100010"":15,""00010010"":21,""11100011"":18,""11110100"":15,""00110111"":25,""01000011"":19,""01010111"":22,""00000111"":12,""01110011"":37,""00110010"":13,""10110011"":7,""00100111"":29,""00100101"":18,""11010100"":27,""10000010"":7,""10000110"":4,""10010100"":27,""10000101"":7,""01100110"":16,""00000100"":5,""01110100"":18,""11000011"":17,""10100000"":1,""11100111"":20,""11110101"":16,""00100100"":17,""01100001"":31,""00100001"":20,""10000000"":10,""01010011"":18,""10010110"":9,""10010101"":25,""01100000"":23,""10000001"":10,""01000111"":14,""00010001"":25,""10110101"":9,""00010000"":25,""01110111"":35,""11100000"":13,""11001010"":10,""11000000"":5,""11110110"":10,""11000111"":10,""01010100"":22,""11000110"":2,""01100011"":24,""00010011"":33,""11010101"":26,""10010001"":19,""10100110"":2,""11110011"":22,""11010111"":43,""10001001"":10,""00111111"":29,""00101101"":24,""01001100"":14,""01110010"":18,""00001110"":6,""00111000"":12,""11001110"":7,""10111000"":6,""11001111"":7,""10111011"":3,""00110001"":11,""01010001"":7,""11101010"":11,""10011000"":13,""11010010"":11,""00110011"":22,""01010000"":9,""11110000"":15,""10010011"":28,""00100011"":14,""00010100"":36,""10000111"":10,""01001010"":5,""00000000"":13,""11100101"":20,""11010001"":13,""01000100"":6,""01000110"":7,""00110110"":9,""01110001"":30,""10110010"":4,""11000100"":4,""10110000"":6,""11000101"":9,""11110111"":9,""11110001"":14,""01010110"":17,""11100110"":13,""10101011"":1,""10101101"":4,""01000101"":10,""10000011"":13,""00001111"":12,""00000010"":8,""11101000"":11,""11111110"":4,""11111111"":18,""11011001"":12,""00001101"":7,""11111100"":20,""00001010"":5,""01111110"":14,""10111111"":5,""00000101"":5,""10001010"":8,""01001101"":7,""10001100"":9,""00101011"":14,""00111001"":15,""10001101"":6,""10110111"":11,""10110100"":4,""10100011"":3,""01000010"":6,""11100010"":10,""10101001"":3,""10101000"":1,""10111101"":2,""10111010"":1,""10100010"":1,""11000010"":6,""10101010"":1,""10110110"":3,""10100001"":2,""10100100"":3,""10110001"":5,""10101111"":3,""10100101"":2}"
26,x,4000,-0.023500000000000076,-0.04299999999999993,0.0645,0.03749999999999998,0.29200000000000004,-0.20700000000000007,0.04149999999999998,0.016000000000000014,"{""01111000"":5,""11101011"":41,""11101010"":45,""10111100"":11,""01001000"":17,""00100010"":29,""11100011"":55,""01101000"":50,""10011011"":20,""01011001"":8,""00101100"":23,""11111011"":9,""11101110"":34,""11100000"":67,""11001000"":1,""00101011"":37,""10001110"":20,""00111100"":22,""10001000"":24,""10000011"":35,""00111110"":20,""10011100"":36,""11101101"":18,""10001010"":31,""01101110"":36,""11101100"":34,""11011001"":5,""01101010"":43,""11101000"":30,""10101010"":8,""11011100"":10,""11110000"":15,""11101111"":29,""10001011"":22,""01101111"":31,""10001100"":19,""10011001"":25,""10100110"":10,""00011101"":14,""11011000"":6,""01001001"":18,""00101101"":42,""01100010"":51,""01001010"":25,""10101011"":5,""11001001"":4,""10011110"":38,""10101000"":5,""00101110"":29,""01100011"":63,""10100011"":15,""00001110"":11,""10010001"":26,""00111011"":10,""01101100"":24,""11110001"":17,""01001011"":13,""01111100"":5,""10111111"":12,""11111101"":6,""01111001"":16,""10011000"":14,""10101111"":10,""00111001"":8,""01111111"":11,""01011110"":12,""01000011"":28,""00100001"":23,""00101001"":27,""10001111"":26,""01100000"":44,""11011110"":6,""10010100"":24,""00001011"":6,""00110001"":20,""00011111"":10,""00101010"":34,""00001010"":11,""10010111"":37,""11100001"":49,""00011110"":11,""10000111"":26,""10010011"":25,""00100101"":28,""00100110"":15,""01110001"":13,""00110011"":13,""10010110"":25,""00100111"":30,""10000001"":32,""10010101"":42,""01100110"":28,""01000001"":12,""10000010"":34,""10011101"":45,""01100101"":39,""10000101"":21,""00100011"":41,""01110100"":8,""11010011"":11,""10110110"":8,""00000100"":10,""11000101"":4,""11110011"":8,""01000010"":26,""11000110"":4,""00100000"":36,""01100001"":43,""00111111"":22,""11000011"":2,""11010111"":9,""01000111"":16,""00000101"":7,""11100111"":27,""01110000"":8,""11110100"":10,""00110100"":11,""00011011"":9,""11010001"":5,""00110111"":20,""11110101"":13,""10100101"":6,""11100010"":50,""11100100"":26,""11100110"":20,""10000100"":22,""00000011"":18,""11110111"":6,""10110011"":5,""00111010"":11,""01011111"":4,""01101101"":21,""10001001"":19,""01101001"":25,""10101001"":6,""11101001"":29,""01101011"":32,""11111000"":5,""00101111"":28,""10101110"":12,""10111011"":10,""01111101"":4,""10111101"":11,""11001101"":1,""00111101"":16,""11011101"":9,""10011111"":40,""11110010"":11,""01001101"":15,""01111110"":6,""00101000"":29,""11111001"":10,""00001111"":7,""10001101"":14,""11001010"":2,""10111110"":13,""00011100"":11,""00001001"":8,""01001110"":11,""00011000"":6,""10110100"":4,""10110010"":12,""00001100"":9,""01001111"":9,""10111010"":6,""11111111"":9,""01111011"":4,""00111000"":8,""01011100"":5,""01010100"":6,""01011010"":5,""01000000"":15,""01110111"":13,""01000110"":13,""00000110"":3,""01100111"":34,""10100100"":12,""10110001"":9,""01100100"":26,""10000000"":31,""10000110"":18,""10010010"":15,""10100000"":7,""01110110"":7,""10110101"":6,""11010110"":6,""00010111"":5,""00110110"":19,""01010001"":8,""00000000"":7,""10100010"":10,""10111000"":12,""11111010"":5,""10011010"":22,""11111110"":6,""01011011"":4,""00001000"":12,""01111010"":11,""01010000"":11,""00011010"":3,""10101100"":7,""11001111"":4,""11011111"":4,""00010011"":5,""11100101"":17,""11110110"":9,""00000111"":6,""00110010"":7,""01010110"":3,""00010000"":5,""10010000"":15,""01010010"":7,""00000001"":11,""00100100"":16,""01000101"":12,""00110000"":12,""01110101"":7,""10100111"":6,""00011001"":7,""01110010"":7,""01110011"":6,""00110101"":18,""11000010"":4,""11011010"":3,""11001110"":1,""01011101"":4,""11001011"":3,""00000010"":9,""10110111"":12,""01000100"":10,""11010101"":7,""01001100"":9,""10111001"":3,""10110000"":8,""11010000"":3,""01010011"":7,""00010010"":8,""00010100"":4,""10100001"":5,""00001101"":6,""11111100"":6,""00010101"":7,""01010111"":2,""01010101"":7,""10101101"":7,""11000001"":3,""11010010"":5,""01011000"":2,""11000000"":3,""00010001"":7,""00010110"":10,""11011011"":3,""11000111"":2,""11001100"":2,""11010100"":3,""11000100"":1}"
27,x,4000,0.1765,-0.08450000000000002,-0.09749999999999992,0.03200000000000003,0.038000000000000034,-0.14900000000000002,-0.20999999999999996,0.48650000000000004,"{""01111111"":31,""00110011"":3,""01101101"":48,""10011110"":27,""00111001"":15,""01101000"":49,""10011111"":2,""11011111"":12,""01111110"":80,""00111011"":6,""00011010"":34,""10001001"":13,""01101110"":80,""10001100"":10,""01111000"":37,""00011111"":13,""01101011"":55,""01111010"":59,""11111001"":5,""10011101"":19,""10101011"":4,""11001001"":18,""01101100"":57,""01110010"":47,""01111100"":35,""00100101"":14,""00001111"":10,""00011100"":24,""01101111"":29,""11001010"":18,""11011011"":15,""00001110"":32,""01100010"":62,""00001010"":31,""00011001"":19,""00000010"":20,""00111100"":14,""11011101"":23,""01101010"":95,""00101110"":24,""10010110"":23,""01100100"":49,""00111110"":14,""11101010"":9,""11001011"":9,""11001100"":9,""01111001"":41,""00011011"":15,""11101100"":6,""00011110"":44,""00001001"":15,""01001110"":9,""11111010"":3,""00111010"":8,""11001000"":20,""01111101"":43,""00101111"":10,""01110111"":43,""01100101"":64,""00101101"":12,""01110100"":47,""01101001"":37,""11011110"":27,""11011010"":16,""10111011"":3,""11011100"":16,""00001000"":18,""00011000"":13,""00101001"":11,""01110110"":118,""10001110"":20,""00001011"":10,""00101010"":25,""01011010"":7,""00101000"":14,""10011010"":19,""01001100"":7,""10000010"":15,""01111011"":19,""00010001"":28,""00011101"":23,""00100010"":17,""10111110"":3,""01100000"":53,""10001000"":11,""00110001"":19,""10011100"":12,""10101110"":4,""11101101"":5,""01011000"":5,""01110101"":66,""10011000"":11,""01001000"":7,""01011110"":8,""11001110"":16,""00111000"":9,""10000101"":9,""11010110"":24,""11011000"":9,""00000011"":9,""11111110"":8,""00010101"":32,""11101001"":5,""00001101"":14,""11000110"":19,""01001101"":12,""01011100"":3,""00000111"":22,""10011011"":8,""11111111"":2,""00111101"":11,""01000110"":11,""11001101"":5,""00101100"":4,""00010110"":49,""00100001"":20,""10000001"":10,""01100110"":96,""11101011"":3,""00000101"":33,""00000001"":22,""10001010"":14,""01100001"":50,""10010000"":5,""01001010"":11,""01001011"":2,""11011001"":7,""01110000"":33,""01100011"":40,""01110011"":27,""00100011"":9,""11000101"":22,""11110001"":2,""01110001"":44,""00000100"":14,""00010100"":22,""00000110"":50,""10000100"":10,""11100110"":8,""10010111"":11,""01000001"":3,""10010001"":10,""01010101"":5,""10010010"":14,""00110101"":18,""00110000"":8,""11000001"":12,""10100010"":4,""10000111"":11,""10111101"":4,""01000101"":12,""10010100"":9,""10000011"":5,""10010011"":8,""10110001"":2,""00000000"":20,""00010011"":16,""00110010"":9,""10000110"":12,""01000100"":1,""11000111"":15,""10110110"":4,""01000111"":6,""01000000"":5,""00100100"":17,""11010101"":13,""11100011"":7,""10011001"":14,""01100111"":31,""11010001"":14,""00110110"":29,""11010100"":8,""00010010"":28,""11000010"":19,""10110010"":3,""11110110"":8,""10100100"":4,""00100110"":26,""00010111"":14,""11010111"":5,""00100000"":12,""01010010"":3,""10100110"":5,""10010101"":13,""00010000"":14,""11000100"":9,""01001001"":6,""10101010"":5,""11101110"":8,""11101111"":5,""11001111"":6,""00001100"":10,""00111111"":5,""10001101"":10,""00101011"":7,""11100111"":3,""11111101"":2,""10101111"":1,""10000000"":5,""11100010"":6,""11111000"":5,""10111111"":2,""10111001"":3,""11100100"":4,""00110111"":16,""10110111"":1,""11000000"":14,""10100101"":5,""10100011"":2,""11010010"":17,""11010011"":8,""01010111"":3,""10100000"":3,""01000010"":17,""00100111"":5,""00110100"":3,""01011011"":1,""01010110"":9,""10100001"":2,""11111011"":2,""11110101"":7,""10001011"":5,""11000011"":5,""11110111"":1,""11010000"":10,""11111100"":2,""01001111"":7,""01010001"":3,""01011101"":6,""10001111"":3,""11110000"":2,""11100001"":3,""11101000"":2,""10111000"":2,""10101100"":1,""10110100"":1,""10101101"":2,""11100101"":2,""01000011"":2,""01011001"":1,""11110100"":6,""10110000"":1,""01010100"":2,""10110101"":2,""10111100"":1,""10101001"":1,""10101000"":1,""11100000"":5,""10100111"":2,""01010011"":2,""11110010"":1,""11110011"":2,""10111010"":2}"
28,x,4000,-0.15650000000000008,0.138,-0.20500000000000007,0.03300000000000003,0.137,-0.48150000000000004,0.12649999999999995,0.11850000000000005,"{""11100000"":17,""10110010"":12,""01000111"":14,""01100110"":34,""01100101"":57,""11010010"":3,""00110001"":54,""01010110"":5,""01100010"":19,""00100101"":62,""11000101"":12,""01000110"":5,""01100111"":40,""10000001"":18,""00000100"":12,""00110110"":31,""01110100"":20,""10100100"":23,""11101000"":17,""00110101"":47,""00110100"":41,""00110111"":44,""10110111"":19,""00100001"":40,""01110110"":21,""11100111"":17,""01100100"":28,""01100001"":32,""00100100"":46,""10010111"":15,""11110111"":21,""10100001"":17,""10010000"":11,""01110101"":27,""00111001"":46,""00100000"":28,""01000100"":11,""01010101"":4,""00100011"":24,""11100011"":20,""10000100"":29,""11110000"":15,""10000111"":25,""01100011"":26,""11110110"":22,""10011001"":17,""01110000"":14,""11110101"":23,""00110010"":18,""00100110"":42,""01110001"":15,""01000101"":11,""00110011"":20,""00010101"":8,""11100010"":12,""10110000"":9,""00111010"":26,""10010101"":18,""01000001"":6,""11110001"":14,""10110110"":22,""01100000"":26,""00100010"":21,""10010110"":14,""11000000"":10,""11010100"":3,""11110100"":19,""11110010"":14,""11010001"":3,""11100101"":41,""01110010"":11,""11100110"":26,""10010100"":15,""01101011"":21,""01111011"":11,""01101111"":49,""00101011"":19,""00101100"":42,""10011000"":13,""10111000"":13,""00101101"":74,""11101110"":23,""11101010"":10,""11101101"":38,""11011101"":10,""01101100"":33,""00111000"":18,""10001101"":18,""00101001"":33,""10001111"":31,""10101011"":7,""10001110"":12,""00101111"":42,""01101010"":28,""11101001"":22,""01111001"":15,""00111110"":27,""10011011"":9,""10111010"":11,""10111110"":15,""10111101"":25,""00111101"":54,""00101110"":32,""00001011"":8,""01101001"":27,""10011101"":37,""11111101"":26,""11001111"":14,""00001100"":8,""10111111"":9,""10001100"":17,""01011111"":6,""10101101"":16,""10011010"":8,""11111011"":12,""01111111"":25,""00111100"":25,""00011000"":5,""10011100"":9,""11011111"":3,""01101101"":40,""11011100"":4,""10101001"":11,""11001101"":10,""00101010"":20,""00001111"":8,""01101000"":21,""00111111"":31,""00001110"":6,""01101110"":33,""10111011"":13,""00001001"":13,""11001110"":6,""11101111"":30,""00100111"":37,""01111101"":27,""11111001"":29,""10011110"":15,""11111000"":8,""10101000"":7,""11101100"":26,""11111111"":14,""10101100"":12,""10001001"":15,""10101111"":20,""10111100"":12,""01001001"":7,""11000111"":12,""10011111"":11,""10001000"":13,""00011010"":4,""11001011"":5,""10001011"":11,""11111100"":16,""11111010"":11,""10111001"":26,""11101011"":23,""11100001"":36,""01001101"":7,""10001010"":9,""00000101"":11,""00001101"":9,""10110001"":15,""11000001"":8,""01000011"":5,""10000101"":20,""00000001"":15,""00010001"":4,""11010000"":5,""00000111"":11,""11010101"":8,""10000110"":23,""10110101"":18,""00010111"":3,""00110000"":19,""00000110"":5,""10010011"":11,""00010110"":4,""01010001"":4,""00010011"":4,""11100100"":26,""00111011"":22,""10101010"":6,""11011010"":3,""11001000"":2,""11001001"":7,""01011001"":8,""11001100"":6,""00011100"":8,""00011001"":7,""01011000"":7,""00011101"":9,""00011011"":3,""00000000"":9,""11011011"":5,""01111010"":16,""11111110"":10,""01011100"":6,""01111000"":11,""01111110"":9,""01001111"":4,""01111100"":11,""00101000"":17,""01010111"":7,""00011110"":3,""11010110"":2,""10101110"":11,""10100111"":16,""11110011"":7,""01000000"":5,""01110111"":15,""11000110"":4,""10100010"":7,""10100101"":20,""10000010"":8,""10110011"":10,""01110011"":7,""10010001"":22,""10100110"":14,""00001010"":2,""11011001"":4,""01001010"":2,""11011110"":4,""11000100"":7,""01011110"":3,""01010010"":5,""10010010"":8,""01010000"":5,""00010000"":2,""00010010"":3,""10110100"":13,""10000000"":9,""10100000"":9,""01011101"":9,""01001110"":2,""01011010"":3,""00001000"":7,""11000011"":5,""00000011"":5,""00000010"":7,""11011000"":3,""11001010"":2,""10100011"":9,""00010100"":4,""10000011"":5,""00011111"":1,""01001000"":1,""01011011"":1,""11010011"":3,""11010111"":1,""01010100"":2,""01000010"":2,""01010011"":1,""11000010"":1}"
29,x,4000,-0.01649999999999996,0.1735,-0.10499999999999998,-0.0024999999999999467,0.2835,-0.4099999999999999,0.235,-0.01750000000000007,"{""11010100"":27,""10010011"":4,""00010011"":7,""00100110"":53,""10100001"":48,""11010101"":16,""00100001"":72,""11110111"":9,""11100001"":14,""11010111"":27,""10000001"":4,""11010011"":16,""00100011"":26,""11111000"":2,""01100011"":9,""01000101"":5,""11010001"":32,""00000100"":15,""11100101"":7,""11100100"":14,""00100101"":59,""01110111"":9,""00110001"":12,""11000100"":34,""01010110"":9,""10100000"":44,""00110111"":19,""00100111"":61,""10110000"":18,""10110001"":27,""00110100"":27,""01010100"":14,""11000001"":23,""11000011"":20,""00100000"":54,""00001110"":4,""10100111"":63,""00101010"":34,""01101110"":12,""11000101"":12,""00000011"":4,""00100100"":77,""00110101"":15,""01100101"":13,""10110111"":25,""00010001"":4,""01100000"":16,""10100101"":43,""10110101"":13,""10100110"":40,""10110011"":15,""10100100"":55,""11110110"":9,""10101111"":62,""01010101"":11,""00100010"":38,""11000111"":21,""00110000"":22,""01110011"":6,""11010000"":26,""01100100"":28,""10100010"":26,""00101000"":65,""01001001"":5,""01010001"":20,""01011111"":13,""01100010"":9,""11010110"":32,""00101110"":46,""11100010"":7,""01100111"":19,""01000111"":6,""10100011"":24,""10000100"":5,""11111101"":1,""01100110"":15,""00000101"":8,""10110100"":34,""11011100"":37,""11100111"":13,""00101011"":32,""00010111"":5,""00010110"":6,""10010010"":3,""01110110"":10,""00110110"":15,""00000000"":5,""00000110"":6,""10110110"":11,""10010100"":7,""00001001"":9,""00000111"":12,""01110000"":6,""11000010"":6,""10101000"":63,""10110010"":10,""10001000"":3,""01101001"":26,""11000110"":15,""01010010"":5,""10111001"":16,""01010000"":5,""11110100"":20,""11010010"":21,""00000010"":6,""01110001"":8,""01010111"":8,""00111100"":26,""10000110"":1,""01000100"":9,""00010010"":3,""01000001"":8,""00101111"":70,""10111110"":15,""11001000"":12,""01101101"":22,""10111101"":11,""11101110"":6,""11011001"":33,""10101101"":48,""10101001"":76,""00111111"":13,""00011000"":5,""00101100"":61,""10111011"":15,""11011111"":36,""11011000"":28,""10011101"":3,""10101110"":40,""11011010"":21,""00111000"":18,""01011011"":4,""11001011"":5,""00111011"":10,""11101001"":12,""00111001"":18,""11001001"":22,""11101100"":14,""00101101"":55,""10111000"":16,""10111100"":27,""01101100"":18,""11011110"":18,""01111000"":8,""11001101"":14,""11101111"":13,""01101010"":15,""01011110"":5,""10101100"":59,""01001010"":2,""00101001"":105,""11111001"":14,""01101000"":15,""11001111"":17,""11001100"":31,""10101010"":37,""01001100"":9,""11111111"":6,""00011100"":8,""10001111"":1,""10101011"":25,""10111010"":6,""00011111"":7,""00010000"":4,""11000000"":8,""10010001"":4,""11100000"":8,""10001101"":4,""10010000"":2,""01000000"":4,""00110011"":7,""10111111"":22,""11100011"":6,""00111101"":19,""01101111"":26,""01011001"":16,""01100001"":18,""11111110"":8,""11101000"":13,""11101011"":7,""01011100"":16,""00011101"":6,""00011010"":8,""01001101"":2,""01111110"":7,""00111110"":10,""00001000"":4,""01111101"":8,""11011101"":11,""10000010"":2,""11110010"":3,""11001110"":14,""01001011"":4,""01110100"":7,""11110011"":3,""01010011"":8,""01000010"":3,""10010101"":2,""00010100"":16,""00010101"":7,""00111010"":10,""01111010"":2,""11110001"":9,""10000111"":1,""10010110"":2,""10001100"":1,""11100110"":9,""01011000"":12,""00011110"":3,""00001111"":7,""10001110"":1,""10001011"":1,""11111100"":7,""10011111"":4,""11111011"":3,""01011010"":7,""11011011"":14,""10011001"":10,""10011110"":3,""01001111"":4,""01101011"":12,""01011101"":10,""11001010"":10,""01001000"":5,""11101010"":6,""11101101"":8,""00001101"":5,""11110000"":6,""01000110"":8,""00000001"":7,""00011011"":2,""10011000"":2,""01111011"":2,""01111100"":4,""11110101"":4,""01111111"":7,""10011010"":3,""00001100"":11,""01111001"":4,""10011011"":1,""10000011"":1,""00011001"":3,""00110010"":6,""01110101"":6,""10001001"":1,""01001110"":2,""11111010"":2,""10000101"":1,""10010111"":1,""01110010"":1,""01000011"":1,""00001011"":3,""10011100"":1,""00001010"":2}"
30,x,4000,0.08999999999999997,-0.26449999999999996,0.10150000000000003,0.03749999999999998,-0.15349999999999997,-0.016999999999999904,0.136,-0.4650000000000001,"{""10001111"":19,""10001001"":18,""01101000"":10,""11011011"":25,""11101111"":16,""00101000"":22,""10001000"":24,""10101101"":16,""11111110"":34,""11101001"":29,""11011000"":31,""11111100"":19,""10101100"":13,""00111100"":8,""10011111"":72,""11101011"":21,""10110101"":8,""01101100"":5,""00101110"":23,""10011010"":62,""11011110"":30,""00111110"":10,""10011000"":50,""11001110"":29,""11111111"":39,""01010010"":10,""10010111"":65,""10111001"":2,""00001110"":8,""00111111"":16,""01111101"":3,""10101110"":34,""11101010"":19,""10000011"":25,""10111011"":17,""10011110"":71,""10011100"":28,""00011110"":19,""10001011"":14,""01011010"":6,""01101111"":7,""00100100"":9,""01010111"":7,""10101010"":31,""10001100"":11,""01110111"":16,""10101001"":36,""11110010"":30,""10001010"":21,""11001010"":19,""00111010"":11,""01000110"":3,""11111000"":26,""01101110"":14,""10101111"":25,""11111011"":21,""10011011"":50,""01101010"":10,""00111001"":3,""10101000"":34,""01001001"":3,""11101110"":29,""10111000"":10,""11010011"":37,""01111010"":19,""10000010"":29,""10010000"":48,""00011101"":4,""01101001"":10,""11011101"":10,""10001110"":32,""00110000"":8,""11011010"":27,""00010010"":13,""10100111"":36,""10010011"":67,""11110011"":51,""10010101"":20,""11000110"":18,""01011001"":4,""00100110"":29,""01110001"":9,""00100000"":16,""10100000"":28,""01010011"":13,""01100010"":6,""11000000"":11,""11010001"":20,""10110010"":18,""10010010"":77,""10100110"":37,""11000001"":15,""10000110"":30,""10000001"":9,""00100111"":15,""00000100"":5,""00110110"":13,""10100100"":14,""11010111"":31,""10110111"":20,""10100001"":27,""01110010"":14,""00110100"":10,""10010110"":47,""10110000"":10,""10010100"":26,""10100011"":29,""11100011"":20,""00000010"":4,""10100010"":24,""10011101"":10,""10110100"":8,""10110110"":16,""01110100"":10,""01010110"":12,""00110011"":12,""11100001"":27,""00111101"":5,""11100000"":20,""11100101"":13,""01011100"":5,""01100100"":6,""00110010"":19,""01100111"":7,""11110001"":15,""01100000"":10,""11000010"":14,""00100101"":2,""11110100"":20,""01110000"":17,""00010000"":16,""00000000"":8,""00010011"":20,""11100010"":24,""01011110"":8,""10000111"":28,""11010100"":15,""11101000"":24,""01001000"":4,""11010000"":22,""01111110"":15,""11111001"":13,""01111111"":8,""11001000"":22,""11011100"":8,""01011000"":9,""00001000"":7,""10111010"":17,""11010101"":8,""10111111"":10,""10011001"":22,""11001011"":16,""00101001"":15,""01111000"":9,""00001001"":6,""00011011"":13,""11111010"":36,""11101100"":10,""01110110"":17,""11010010"":23,""11010110"":29,""10111100"":11,""00111000"":15,""00001111"":6,""00101010"":10,""11011111"":19,""11100100"":8,""01001010"":3,""10001101"":6,""11011001"":17,""11001111"":8,""00101101"":5,""01101101"":1,""10000100"":10,""10101011"":25,""00101111"":11,""11001100"":4,""11110110"":26,""00001101"":2,""11110000"":21,""00101100"":12,""00100011"":22,""01111011"":9,""01110011"":22,""10010001"":26,""00101011"":8,""01101011"":5,""00111011"":16,""10111110"":10,""11101101"":10,""11000111"":15,""00001100"":2,""11001001"":13,""00010111"":7,""01111001"":6,""01011111"":10,""00011000"":6,""01100011"":7,""00110001"":10,""00011001"":7,""00001010"":6,""11110111"":50,""00110111"":16,""11100110"":19,""00000101"":3,""00000001"":6,""01100110"":7,""01010101"":7,""00000111"":5,""10100101"":7,""00110101"":5,""11000100"":7,""11100111"":29,""00010110"":11,""00100001"":15,""10000000"":16,""01100101"":2,""01100001"":10,""01000011"":2,""00000011"":4,""10110011"":14,""00100010"":13,""10110001"":7,""10000101"":7,""11001101"":3,""00011100"":7,""00000110"":6,""11000011"":11,""01010001"":3,""01110101"":4,""00010100"":7,""01000111"":2,""00011111"":4,""01010000"":7,""00010101"":3,""00010001"":7,""01000000"":4,""11110101"":9,""11111101"":5,""11000101"":2,""10111101"":4,""01111100"":4,""00001011"":2,""00011010"":6,""01010100"":4,""01001101"":1,""01011011"":3,""01001100"":1,""01000001"":4,""01000010"":1,""01001011"":1}"
31,x,4000,-0.06299999999999994,-0.1785000000000001,-0.18399999999999994,-0.026000000000000023,0.0034999999999999476,0.03249999999999997,0.5445,0.4615,"{""00001100"":30,""01001100"":11,""00011001"":35,""10011111"":56,""00011011"":28,""00001111"":49,""11011011"":8,""00101011"":26,""00001010"":18,""00111101"":43,""10011101"":26,""01001111"":17,""00011100"":30,""00011110"":48,""00101010"":55,""00111100"":39,""10111100"":6,""00101110"":35,""10001110"":15,""10001011"":17,""00011010"":49,""01110100"":6,""00101111"":87,""01001010"":8,""00011111"":72,""00101001"":34,""10000010"":13,""10001010"":11,""01111010"":15,""10001111"":29,""00111111"":59,""01101100"":7,""10011100"":19,""00111000"":21,""10011011"":32,""00111001"":29,""00011101"":24,""00111011"":55,""00111110"":33,""10001100"":9,""00001001"":21,""00110111"":55,""10001101"":11,""01011101"":8,""00101000"":32,""01000100"":21,""00101100"":44,""01111011"":6,""10011110"":20,""00000111"":58,""01010010"":11,""01101111"":12,""10011001"":21,""01111101"":8,""11101110"":5,""01111100"":9,""10111111"":8,""10010111"":43,""01110101"":9,""00101101"":40,""01101010"":9,""11100011"":6,""11011111"":9,""01001011"":19,""00001110"":20,""00100101"":34,""00001000"":20,""11101001"":9,""10011000"":22,""01111001"":9,""10101111"":11,""00011000"":38,""01101001"":7,""10111011"":6,""00100000"":27,""01011011"":7,""11101100"":14,""00010111"":47,""11101111"":18,""11011000"":4,""00001101"":21,""00000000"":23,""01001101"":11,""00100111"":100,""10000101"":11,""01101110"":11,""01011110"":10,""00010011"":22,""00000110"":31,""11101010"":13,""01001110"":10,""11011110"":8,""01111000"":10,""01001000"":7,""00100100"":67,""10011010"":24,""00100011"":26,""10010000"":18,""00000001"":25,""11000101"":1,""11100010"":6,""00110100"":39,""00000100"":29,""11010011"":7,""01000000"":10,""11010010"":4,""00010010"":34,""00110101"":48,""00100010"":35,""00100110"":59,""01000111"":31,""11000010"":4,""10000110"":12,""00010110"":44,""01000110"":14,""00110011"":31,""11100001"":6,""01110010"":9,""00010101"":26,""10010110"":33,""00010001"":18,""01100001"":9,""01100111"":20,""01010110"":6,""11100100"":15,""00000011"":32,""00000010"":32,""10110011"":3,""01000101"":11,""01101101"":7,""10010011"":10,""00100001"":21,""01111110"":6,""10010001"":12,""01100010"":15,""11111011"":9,""11001000"":4,""00010100"":33,""10101110"":7,""11111111"":4,""11101101"":8,""01100000"":6,""00111010"":26,""00001011"":24,""01110011"":10,""01011000"":11,""01111111"":5,""11110011"":2,""01101011"":8,""01011100"":5,""11011101"":4,""01011001"":8,""01101000"":7,""00110010"":28,""01001001"":5,""11111000"":4,""10010100"":19,""11101000"":7,""11011001"":5,""01100100"":5,""01010111"":9,""00110110"":43,""10111010"":2,""10101010"":9,""10111101"":4,""11001001"":2,""11001101"":5,""10100100"":8,""01011010"":7,""10100101"":8,""11111100"":4,""11001011"":5,""10001000"":6,""01100011"":7,""10101011"":5,""11111110"":4,""10111000"":5,""10000001"":8,""10010101"":21,""01010100"":14,""10100111"":12,""10000111"":24,""01000010"":3,""10110100"":3,""00110000"":27,""00010000"":18,""11010001"":3,""10100011"":5,""00110001"":16,""01110110"":10,""10000011"":19,""11100101"":10,""10001001"":6,""11010000"":7,""11100110"":9,""01110000"":5,""01100101"":7,""01110111"":15,""00000101"":17,""01010001"":4,""01000011"":10,""10100110"":5,""10000100"":14,""11100111"":19,""10010010"":24,""11010111"":12,""11000000"":2,""01010000"":5,""01010011"":4,""10111001"":5,""11101011"":5,""10100000"":3,""10101100"":4,""10101001"":4,""01011111"":8,""10110111"":3,""11001111"":3,""11110001"":1,""11000011"":4,""11010110"":1,""10110101"":3,""10100010"":8,""10100001"":1,""11110000"":1,""11110100"":2,""11000001"":2,""01010101"":4,""11110110"":2,""10110000"":1,""10000000"":5,""01000001"":5,""11000111"":3,""01100110"":10,""11011010"":5,""11010100"":5,""11110111"":2,""11100000"":4,""11011100"":1,""10111110"":6,""10101000"":1,""11001010"":1,""11001100"":2,""11000110"":2,""11111101"":1,""10110001"":2,""11010101"":2,""11110101"":1,""11110010"":1,""10110110"":1,""11111001"":1}"
32,x,4000,-0.13949999999999996,0.062000000000000055,0.09899999999999998,0.03300000000000003,0.14900000000000002,-0.351,0.050000000000000044,0.4575,"{""00111100"":25,""01000101"":17,""11011101"":15,""00111101"":37,""11001001"":21,""10111010"":9,""01111010"":27,""10111110"":11,""01101100"":23,""01110001"":30,""00101011"":49,""11001011"":8,""00111010"":37,""00011000"":6,""00101001"":93,""01011011"":17,""01001100"":10,""00101010"":80,""10001110"":5,""01001011"":13,""10101010"":16,""01111011"":19,""01001001"":36,""10111100"":10,""00111001"":28,""01101011"":24,""00101100"":43,""00111000"":17,""00101101"":79,""00111111"":17,""00101000"":41,""11101011"":6,""01000110"":25,""11001110"":9,""01111110"":20,""11000000"":9,""01111001"":27,""01111101"":32,""01101101"":43,""00001010"":10,""01101010"":31,""01101001"":47,""10101001"":19,""11011100"":7,""10100110"":17,""01100111"":20,""10101110"":20,""10101101"":17,""11111101"":12,""00001100"":5,""11111000"":3,""00001011"":8,""11001111"":7,""00111110"":25,""10011001"":9,""01011000"":16,""00100110"":53,""01011010"":24,""01000111"":11,""01001000"":15,""01010110"":17,""10111001"":13,""00001110"":14,""01100000"":16,""10111011"":14,""00100011"":73,""00011100"":3,""01101000"":16,""00110110"":30,""11010001"":20,""01100001"":55,""11010110"":16,""01100101"":26,""00110101"":36,""00000101"":10,""01110010"":23,""11000111"":14,""00000001"":16,""01100100"":24,""00110011"":29,""10000001"":8,""11110101"":9,""01110101"":33,""00011001"":12,""00100100"":39,""00001101"":8,""00100010"":51,""00100001"":109,""10110001"":30,""11100001"":10,""01100010"":38,""10100111"":10,""11010111"":5,""00100101"":59,""10100100"":6,""00010001"":15,""00100000"":33,""11100101"":8,""10100001"":34,""01010111"":19,""10010001"":13,""10010111"":4,""10110100"":7,""10010000"":4,""00100111"":30,""01010011"":22,""10110110"":22,""00000111"":4,""11110011"":11,""11001101"":5,""01010001"":36,""00000011"":6,""00110001"":36,""10000000"":6,""00110100"":13,""01110000"":17,""01000000"":12,""10110010"":12,""11000010"":15,""01110110"":21,""11101101"":10,""10111101"":11,""00101110"":40,""11111001"":6,""10101011"":9,""00011110"":8,""01011001"":19,""00010101"":3,""01000001"":49,""01101110"":20,""01001101"":8,""00011101"":2,""01111111"":21,""01111100"":11,""10101111"":5,""00011011"":4,""00101111"":36,""11011110"":12,""10101100"":11,""01001110"":20,""10011101"":10,""01011101"":36,""10011011"":6,""01011111"":13,""11001000"":13,""00110010"":16,""00111011"":16,""10111000"":6,""10011010"":7,""01011100"":15,""00010111"":4,""11100010"":9,""11101001"":12,""11011001"":8,""00001111"":9,""10011110"":5,""11101110"":7,""10001010"":3,""10011100"":8,""00110000"":17,""11011000"":8,""01110100"":10,""10100011"":16,""01001010"":10,""11011010"":6,""10101000"":8,""01110111"":14,""11101000"":5,""01001111"":4,""10001101"":2,""11111111"":3,""00001000"":5,""11010000"":5,""01101111"":11,""00011010"":6,""01111000"":10,""10010110"":8,""10001000"":1,""01000010"":12,""00001001"":8,""10001011"":3,""10001001"":4,""11011011"":4,""11000001"":19,""10001100"":3,""11101100"":6,""01011110"":18,""11001010"":9,""11111011"":6,""11111010"":6,""01010101"":26,""10100010"":10,""10011000"":4,""11011111"":8,""11101010"":5,""10111111"":6,""11000011"":11,""01100011"":28,""00000000"":8,""10011111"":6,""11010010"":10,""00000110"":9,""11100110"":6,""01110011"":25,""00110111"":18,""01000011"":21,""01100110"":30,""10100101"":15,""00010110"":12,""11100000"":1,""10010010"":4,""01010010"":19,""01010000"":13,""11010101"":14,""10110011"":12,""11000110"":17,""00010011"":3,""11110010"":3,""11111100"":7,""00010000"":4,""10110101"":12,""11010100"":12,""00000010"":8,""01010100"":11,""10010100"":5,""10000110"":6,""10000011"":5,""10010101"":8,""10110111"":10,""10010011"":7,""11100111"":2,""10100000"":6,""11000101"":2,""11010011"":9,""11110000"":2,""11100011"":13,""11110100"":5,""10110000"":5,""00010010"":5,""00011111"":6,""01000100"":8,""10000111"":3,""11110111"":6,""11110001"":5,""11000100"":1,""00010100"":5,""10000101"":1,""11111110"":2,""11100100"":5,""11101111"":2,""11001100"":1,""10001111"":1,""10000010"":1,""11110110"":3}"
33,x,4000,0.04500000000000004,0.02300000000000002,-0.10499999999999998,0.0030000000000000027,0.131,-0.03499999999999992,0.29700000000000004,0.026499999999999968,"{""10001100"":26,""00011010"":34,""11011110"":10,""11101011"":19,""11011100"":12,""01011101"":4,""10010001"":38,""00001100"":13,""11101000"":37,""01101100"":23,""00100111"":58,""00011100"":59,""11101010"":35,""10010000"":16,""10110001"":11,""01101101"":26,""10011100"":56,""01101011"":7,""00111100"":12,""10101100"":10,""00101010"":31,""00101110"":58,""01011110"":7,""01101110"":21,""01111011"":7,""10001010"":16,""10001110"":25,""01101001"":15,""10011101"":40,""10011111"":31,""11101111"":37,""00011011"":21,""00011000"":16,""00101011"":35,""11101101"":32,""01001100"":6,""11101100"":31,""10011001"":36,""10011110"":36,""10011010"":37,""00101000"":55,""10111010"":8,""00000110"":10,""11101110"":33,""00001000"":14,""10001111"":19,""00101101"":37,""01111101"":3,""00111001"":12,""10001001"":10,""00011001"":22,""10000110"":17,""11111000"":13,""00101111"":39,""00111010"":14,""01110011"":6,""01001010"":8,""01001110"":10,""00101100"":49,""01001101"":10,""11101001"":26,""00101001"":33,""00011110"":19,""11001111"":5,""00111011"":11,""10101010"":7,""10011011"":17,""10011000"":29,""10111101"":10,""11000010"":5,""11001000"":2,""00110111"":5,""00110110"":10,""10101110"":9,""00111110"":19,""01011001"":7,""01001000"":5,""01001111"":10,""01011011"":3,""11001001"":1,""10000100"":23,""00001010"":14,""00010011"":27,""00011101"":25,""10001011"":12,""01111100"":8,""10101000"":7,""11011101"":11,""11001011"":4,""00001001"":12,""01101111"":7,""10000001"":28,""10001101"":11,""10100111"":19,""00001101"":12,""01111000"":9,""00111111"":7,""10101001"":3,""11011011"":5,""10101011"":8,""00001110"":17,""01101010"":18,""00000010"":14,""11100001"":35,""01010101"":5,""00010111"":55,""00100000"":34,""10010010"":30,""00001111"":13,""11001010"":5,""00000101"":6,""11111100"":7,""10111111"":13,""11111001"":8,""00111000"":9,""01011100"":9,""10010100"":34,""10001000"":16,""01010100"":9,""11111111"":8,""00100010"":42,""01100100"":17,""00011111"":33,""00010010"":25,""01100001"":16,""00001011"":8,""01000110"":13,""11111101"":10,""01100111"":26,""00110001"":13,""10101101"":9,""11000100"":7,""10111100"":11,""11010010"":7,""01111010"":2,""01100110"":13,""11111110"":11,""01011111"":7,""01011000"":4,""11011000"":10,""01001011"":4,""01011010"":7,""11001110"":6,""11011111"":7,""00000011"":7,""10000000"":30,""00100100"":41,""11011010"":7,""10100001"":8,""10100100"":7,""01000100"":13,""11000001"":7,""11100000"":35,""11010101"":11,""10010111"":21,""00010101"":20,""11110001"":4,""11100010"":24,""00010110"":28,""00010001"":33,""00010000"":36,""01110110"":4,""11100110"":39,""00110101"":11,""11010100"":13,""11100100"":42,""10000111"":30,""01000111"":15,""10010011"":30,""00100101"":34,""01100101"":19,""00000000"":16,""11110000"":7,""01100011"":15,""00100011"":28,""10110010"":7,""10100101"":9,""01110100"":8,""11110111"":7,""10110111"":15,""01010000"":4,""10000101"":10,""00000100"":10,""00110100"":10,""10110101"":11,""11010111"":11,""01010010"":3,""10100000"":12,""10111001"":6,""10010101"":36,""00110010"":19,""01110101"":5,""01000101"":8,""10010110"":35,""01010110"":6,""11010001"":10,""00100001"":33,""00000111"":24,""11100101"":38,""01100010"":12,""10000010"":13,""10110100"":6,""00100110"":32,""01000000"":10,""11111010"":9,""10110011"":7,""00010100"":28,""11100111"":43,""01010001"":6,""11110110"":6,""01000010"":3,""01110000"":5,""00111101"":13,""11010000"":3,""10101111"":10,""11011001"":10,""01101000"":14,""00110000"":8,""10111000"":8,""00110011"":7,""11110011"":8,""01100000"":11,""00000001"":13,""01110001"":3,""11000011"":7,""11110100"":6,""11110101"":4,""10110000"":6,""10100011"":10,""01010111"":11,""11100011"":22,""11010011"":6,""01110010"":5,""10100010"":8,""11010110"":8,""01000001"":5,""10110110"":5,""01010011"":2,""10000011"":9,""11110010"":7,""11000111"":5,""01000011"":3,""01110111"":4,""11001101"":2,""11000000"":4,""11111011"":2,""11001100"":5,""10111011"":6,""10111110"":1,""01111001"":1,""01111111"":2,""10100110"":7,""11000110"":3,""11000101"":2,""01001001"":1}"
34,x,4000,-0.0024999999999999467,0.14600000000000002,0.15700000000000003,-0.016000000000000014,-0.03649999999999998,-0.16349999999999998,0.09250000000000003,0.4565,"{""01100100"":20,""00010010"":17,""00110000"":43,""01100010"":18,""00100001"":93,""11010000"":16,""11000110"":14,""11010011"":11,""00100010"":53,""01110001"":22,""00101011"":15,""11000010"":12,""00110111"":36,""01000100"":16,""00110010"":37,""11000100"":14,""00010101"":16,""00000001"":6,""00110110"":72,""01010001"":57,""01010110"":34,""11001101"":14,""00110100"":28,""00100101"":27,""00100100"":51,""00100111"":26,""01010101"":19,""00010000"":19,""10010000"":7,""11110101"":6,""00010001"":33,""01000001"":33,""11001000"":24,""01010100"":11,""00101000"":63,""11100001"":7,""01110101"":15,""01100110"":6,""11000011"":7,""00110001"":54,""10010001"":18,""01110010"":14,""01000010"":17,""00010110"":23,""10100010"":6,""11010101"":13,""00101010"":74,""10101101"":8,""10100000"":5,""00111101"":36,""01101010"":22,""10100001"":20,""10000110"":6,""01010010"":27,""00100000"":48,""11000111"":7,""11010010"":13,""01000101"":20,""11010001"":27,""00111010"":44,""00011010"":20,""01101001"":36,""10010101"":4,""10010110"":7,""01001101"":25,""00110011"":23,""01010111"":19,""11000000"":7,""10110100"":8,""00000111"":5,""00101001"":133,""11010110"":31,""01010000"":24,""00100011"":17,""00100110"":16,""01110011"":17,""10110011"":5,""00000010"":5,""10100101"":12,""01000011"":11,""11110110"":6,""01000110"":15,""01100000"":14,""01100111"":6,""00101100"":45,""01110000"":10,""10101000"":11,""00101110"":26,""10110001"":15,""00010100"":3,""01110110"":26,""00101111"":27,""11110011"":4,""10001100"":4,""01110100"":11,""01001001"":58,""11000001"":17,""11001011"":10,""11100101"":6,""10000000"":5,""00111111"":21,""11110010"":2,""10000010"":3,""01100001"":37,""10110110"":20,""00010011"":12,""00110101"":37,""01010011"":19,""10111101"":12,""11111010"":6,""11110001"":10,""11100110"":1,""10000100"":5,""00000000"":6,""01001111"":13,""00011111"":13,""11100010"":11,""00010111"":16,""11110000"":5,""11010111"":22,""11100111"":2,""00000011"":3,""10010010"":7,""11000101"":9,""11110111"":4,""10010111"":3,""11111101"":5,""10110111"":9,""00111100"":35,""01101000"":22,""01000111"":17,""00001001"":11,""01110111"":16,""01111100"":13,""10101111"":11,""11100011"":2,""01000000"":14,""10100100"":6,""10110101"":10,""10000011"":2,""11001010"":21,""10100110"":5,""10010100"":2,""10111100"":7,""01001100"":17,""00111001"":58,""11011000"":12,""01100101"":9,""10000001"":11,""10011111"":3,""01011001"":40,""01011000"":32,""01011111"":14,""01101111"":13,""01100011"":8,""11001100"":12,""00011100"":16,""10100011"":3,""10110010"":6,""10110000"":10,""10000101"":4,""11001001"":34,""00111110"":49,""00101101"":28,""01011011"":10,""00111000"":33,""00000100"":2,""00011101"":13,""11110100"":2,""11100100"":5,""10111010"":3,""11011110"":13,""00011110"":15,""11001111"":9,""01001010"":33,""01101011"":11,""01011100"":17,""11011001"":30,""11011011"":14,""00111011"":27,""00011001"":28,""10111110"":16,""10011001"":10,""11101001"":7,""01001011"":8,""11011101"":14,""01101101"":10,""11111110"":7,""01111000"":18,""11101100"":5,""01111001"":22,""10111001"":13,""01011110"":35,""01111101"":6,""00001111"":4,""01111111"":8,""00011011"":7,""10101100"":10,""11010100"":10,""01101100"":16,""01011101"":13,""00001000"":2,""00011000"":13,""01001110"":8,""11101101"":4,""00001101"":6,""10001111"":2,""11111011"":2,""01111010"":7,""11101011"":4,""00001011"":3,""10101001"":21,""10101110"":7,""01111110"":21,""10001110"":6,""10001101"":3,""00001010"":5,""10001001"":7,""01101110"":16,""11001110"":10,""01011010"":19,""11101010"":4,""11101000"":3,""11111100"":3,""10111000"":10,""10001011"":4,""11111111"":2,""10101010"":24,""10011101"":4,""10011110"":3,""10011010"":9,""10101011"":13,""10111011"":5,""11111001"":3,""10001000"":2,""00001100"":5,""11101110"":6,""00000101"":1,""10111111"":4,""10011000"":6,""01111011"":3,""11011111"":7,""10001010"":7,""11011100"":5,""00001110"":2,""11011010"":11,""01001000"":16,""10011100"":3,""11100000"":4,""11111000"":1,""10100111"":3,""00000110"":4,""10011011"":1,""11101111"":2}"
35,x,4000,-0.30499999999999994,0.02949999999999997,-0.16900000000000004,0.014499999999999957,0.4545,0.08250000000000002,-0.04049999999999998,0.5525,"{""01011111"":27,""00111101"":22,""01011010"":10,""00011110"":9,""01101011"":42,""11100101"":15,""00101010"":20,""01001111"":67,""10111011"":7,""00111111"":27,""01001001"":47,""11101111"":26,""00101110"":19,""00001111"":71,""11101000"":12,""01101100"":26,""00001000"":23,""01010010"":9,""01101110"":33,""00001001"":52,""01011101"":21,""11101100"":16,""01101001"":38,""01101101"":42,""00101100"":18,""00001101"":60,""01111101"":19,""11001111"":12,""01100111"":55,""01101111"":47,""01000011"":28,""00010110"":10,""11111101"":5,""01000010"":21,""01011001"":17,""00101011"":29,""00111110"":13,""11101101"":20,""10101110"":6,""00001110"":29,""01111100"":15,""10001101"":14,""00001010"":28,""00000001"":62,""01100001"":60,""00000011"":26,""11001101"":13,""10001100"":6,""01101000"":19,""10101001"":12,""01010110"":20,""01011110"":13,""10101011"":9,""01100101"":53,""01001101"":54,""00011101"":19,""01111011"":10,""00001011"":28,""00011111"":24,""00011000"":9,""11001110"":9,""11111011"":4,""00000101"":47,""01011011"":14,""11011111"":9,""11001100"":6,""10100001"":6,""00011001"":14,""01111010"":7,""11101001"":16,""11111001"":7,""10001000"":6,""01000111"":62,""01001011"":31,""01001100"":25,""01001000"":17,""11111111"":9,""00111001"":12,""10101010"":8,""00101111"":33,""00001100"":29,""11101110"":7,""00100000"":19,""11000001"":18,""01010100"":16,""00111011"":9,""10111001"":5,""00011100"":13,""00000111"":86,""00011011"":6,""10110101"":10,""11001011"":12,""10001111"":18,""00111100"":10,""00101101"":43,""11001001"":12,""00100100"":24,""10101111"":11,""10011101"":4,""10110100"":3,""01001110"":29,""01101010"":21,""10101000"":4,""00101001"":32,""00000100"":30,""11100111"":19,""10000001"":9,""10110111"":7,""00000000"":25,""01010011"":15,""01010111"":38,""00110000"":5,""11100011"":10,""01100011"":23,""01010001"":16,""11110110"":4,""00110100"":12,""00100101"":55,""01000000"":35,""10100011"":4,""01100110"":30,""00010111"":22,""01000101"":51,""10100111"":11,""10100100"":3,""01000001"":64,""01100000"":27,""00000110"":39,""00010001"":17,""01110101"":12,""00100111"":47,""10010111"":8,""01100010"":17,""10000101"":10,""01000100"":26,""01110100"":6,""10001011"":11,""01100100"":25,""00100011"":23,""10100101"":8,""00010101"":19,""01110011"":11,""11000111"":20,""01010101"":14,""11110111"":5,""10000110"":15,""00100010"":22,""00100001"":41,""11000000"":8,""00100110"":22,""11110101"":6,""01110001"":12,""00000010"":17,""00110010"":6,""10000011"":6,""00010011"":7,""10000111"":11,""11110001"":6,""11100001"":20,""00110101"":19,""11000010"":3,""11000101"":14,""01000110"":36,""01110110"":5,""00010100"":7,""00110111"":18,""10010001"":8,""11010011"":5,""01001010"":27,""11101011"":7,""10110011"":5,""10010011"":5,""11101010"":5,""11100110"":11,""10111110"":6,""10001110"":9,""01110111"":14,""00101000"":14,""10001001"":17,""10011111"":6,""11011000"":4,""01111111"":15,""00111000"":7,""01011100"":12,""10001010"":2,""10111101"":11,""01011000"":10,""01111110"":4,""00110011"":14,""10110001"":5,""10000100"":11,""00110001"":15,""10110010"":2,""00010010"":5,""00010000"":10,""11000100"":4,""10010010"":3,""11100100"":10,""01110010"":3,""10100110"":7,""10010000"":1,""11010010"":3,""11110100"":5,""11100000"":4,""10011010"":2,""10011000"":6,""10011011"":3,""10101100"":4,""11011100"":5,""10000010"":3,""10101101"":7,""11010001"":6,""11100010"":7,""10010101"":7,""11111100"":5,""10110000"":3,""10100000"":3,""00111010"":7,""10000000"":2,""11000011"":7,""01010000"":12,""10010100"":3,""00110110"":9,""01110000"":5,""10011110"":3,""10110110"":1,""11011001"":6,""01111000"":9,""11001000"":5,""10111000"":5,""10111010"":3,""11001010"":7,""11010101"":4,""10011001"":4,""10010110"":6,""11000110"":6,""11010111"":5,""11110011"":2,""11010100"":6,""11111110"":4,""11011011"":1,""10111111"":5,""11011101"":2,""11011110"":2,""11010110"":2,""00011010"":2,""01111001"":5,""10111100"":3,""11110000"":3,""10100010"":4,""11111000"":1,""10011100"":1}"
36,x,4000,-0.0475000000000001,-0.4305000000000001,0.06999999999999995,0.012499999999999956,0.17800000000000005,-0.0685,-0.09450000000000003,0.5415,"{""01111011"":60,""01110010"":65,""01110111"":59,""10010011"":21,""01100010"":134,""01000010"":17,""01100111"":94,""01001011"":15,""00010010"":42,""01101111"":91,""01100011"":89,""00100111"":15,""01000110"":5,""01100101"":55,""00000101"":23,""00100010"":16,""01110110"":40,""11000001"":5,""01000111"":15,""00110010"":5,""00000001"":25,""00010111"":45,""10010100"":3,""10110011"":3,""01100100"":51,""11001111"":17,""01101011"":117,""10010010"":24,""00000011"":36,""00000100"":23,""01100110"":69,""00011010"":64,""01110101"":13,""00100011"":11,""01110000"":15,""10100101"":4,""10010110"":10,""11100100"":4,""10000100"":14,""01011010"":13,""11010011"":7,""01111010"":69,""01010101"":3,""01110011"":50,""11110101"":4,""01100000"":30,""10000111"":21,""00011011"":54,""00100101"":11,""00010100"":17,""00000010"":59,""00010000"":18,""00010011"":62,""01100001"":32,""10000010"":28,""11110011"":2,""00110001"":2,""00000110"":26,""10100010"":15,""11100000"":5,""10100000"":4,""01000011"":9,""00000111"":45,""11100101"":3,""01010000"":3,""11100010"":9,""10000000"":9,""00000000"":24,""01000000"":5,""10010111"":20,""01000101"":8,""00010110"":46,""00110000"":2,""11110010"":5,""11010110"":7,""10000001"":13,""01010100"":3,""11100111"":11,""11000101"":8,""01111100"":23,""10001100"":9,""10010101"":8,""01110100"":19,""00110111"":11,""01101001"":41,""01010011"":12,""11100011"":3,""10000011"":19,""01010010"":8,""01101110"":65,""11111010"":4,""11100001"":1,""00011110"":31,""01000001"":5,""10010000"":3,""11010010"":8,""10000101"":16,""11000110"":9,""01000100"":4,""11110100"":1,""10011111"":21,""01101000"":35,""00011100"":16,""00111110"":8,""00001011"":25,""00001110"":15,""10101010"":9,""00001010"":49,""01111101"":24,""00001111"":49,""01111111"":54,""01111110"":23,""00011101"":16,""11011010"":12,""01111001"":23,""10001101"":17,""10001010"":27,""10011011"":33,""10001110"":24,""10011100"":11,""11001001"":6,""01101100"":28,""11101111"":5,""00001101"":21,""00101000"":5,""00001100"":11,""01110001"":19,""01101010"":98,""10011010"":34,""10001011"":14,""10101111"":8,""00111010"":14,""00011111"":48,""00101011"":17,""11001100"":3,""01101101"":56,""11110001"":3,""11001011"":7,""11101001"":3,""00101110"":8,""01010110"":8,""11110110"":4,""00100110"":9,""10100001"":3,""11000111"":7,""10100111"":8,""00010101"":10,""00110011"":7,""10010001"":7,""10110100"":2,""00111011"":8,""11010111"":7,""10100011"":3,""11001110"":11,""00100001"":5,""00100100"":3,""00010001"":11,""01010111"":11,""01011011"":10,""10100110"":7,""11000010"":9,""11011011"":7,""10000110"":16,""01001110"":8,""00110100"":3,""11100110"":6,""10001000"":4,""00101010"":10,""00011000"":11,""00111100"":1,""10001001"":11,""01001010"":11,""01111000"":14,""10101100"":2,""11011100"":2,""10011000"":4,""00111111"":6,""10111111"":7,""10011001"":7,""00110110"":6,""00100000"":6,""01011110"":8,""10001111"":18,""10111010"":3,""01001001"":2,""01011101"":8,""11101011"":9,""01001111"":8,""00111000"":2,""10111001"":3,""00001000"":14,""00001001"":27,""01001000"":4,""00101101"":6,""11111000"":2,""11101110"":9,""11011111"":6,""00101111"":13,""11111011"":7,""10101110"":7,""10011101"":5,""11111110"":7,""10111101"":1,""01011111"":11,""10111011"":4,""00111001"":6,""01001101"":2,""00101100"":3,""11011000"":4,""01011000"":6,""00101001"":4,""10101001"":2,""10011110"":12,""11011001"":1,""11110111"":3,""11000000"":3,""10110101"":3,""10110001"":2,""11101010"":6,""10101011"":6,""10101101"":3,""11001010"":9,""11101100"":3,""11101101"":4,""11001000"":1,""10101000"":5,""00111101"":3,""11111100"":1,""11000011"":7,""10100100"":5,""11010000"":3,""00011001"":10,""10110010"":3,""11000100"":3,""11010001"":1,""01011001"":1,""10110111"":3,""11011101"":1,""11111101"":1,""11011110"":4,""11010100"":2,""01010001"":3,""10111100"":1,""01001100"":2,""01011100"":1,""11111111"":1,""11111001"":1,""10111000"":1,""10111110"":2,""11010101"":1}"
37,x,4000,-0.0794999999999999,-0.05899999999999994,0.12050000000000005,-0.0009999999999998899,0.020499999999999963,0.1845,-0.3194999999999999,0.6285000000000001,"{""01100111"":28,""01100100"":10,""01010110"":80,""10000010"":5,""01000010"":46,""10010011"":15,""00110110"":22,""01000100"":35,""01000110"":49,""10100111"":8,""11110110"":2,""01010010"":77,""10101111"":5,""11000101"":11,""01000001"":64,""00110101"":30,""01010101"":41,""01100000"":17,""10110110"":4,""01100001"":41,""00100010"":17,""01010000"":48,""01000000"":27,""01100110"":41,""10100001"":7,""01001100"":31,""11010110"":14,""01000101"":51,""01011110"":53,""00110111"":19,""01001110"":42,""01100011"":32,""00100001"":23,""01011101"":34,""11100001"":11,""00100110"":16,""00010110"":9,""10100101"":6,""11010011"":14,""00101010"":28,""01011010"":74,""10110101"":17,""00000001"":10,""10001000"":10,""01011000"":70,""01110000"":14,""01010011"":90,""10011000"":6,""01111011"":15,""10011111"":5,""10000000"":3,""10000001"":9,""10001101"":12,""10000110"":9,""10110010"":7,""11000110"":7,""11010100"":4,""00000100"":8,""00000011"":15,""00100100"":16,""10010101"":5,""10100011"":12,""01010001"":54,""00000110"":17,""00110010"":15,""00110001"":35,""10010110"":8,""00010000"":4,""01000011"":42,""11010001"":9,""00010101"":4,""00100101"":23,""10010100"":4,""01110010"":14,""01110011"":11,""01010111"":58,""10100010"":3,""01100010"":25,""00101011"":27,""00001111"":8,""01000111"":33,""01110001"":27,""00000111"":9,""00000010"":10,""10110111"":9,""00100111"":11,""00100011"":26,""01110101"":26,""00010010"":7,""00010111"":8,""01011011"":84,""00110000"":18,""11000001"":10,""11000000"":6,""00110011"":20,""01101010"":36,""11001101"":7,""01001101"":47,""01100101"":38,""11010101"":13,""11100110"":4,""00111110"":23,""10100100"":5,""10000101"":9,""01001000"":43,""01011001"":52,""01110100"":10,""00111111"":9,""01011111"":37,""10100000"":4,""01110111"":14,""00010100"":5,""10000111"":4,""00000000"":14,""00010001"":7,""10110000"":9,""01110110"":13,""11100111"":4,""10111111"":4,""10110001"":12,""11011011"":18,""10101110"":8,""01101111"":16,""00101110"":25,""10001010"":12,""11000100"":3,""00100000"":6,""01010100"":20,""01101011"":40,""00001110"":17,""10110011"":5,""10000011"":5,""01111010"":18,""01111110"":17,""11010010"":9,""11000010"":5,""11101001"":6,""01101101"":34,""00111101"":24,""01001010"":54,""00101101"":17,""10001100"":5,""00111010"":18,""11001111"":7,""11011000"":8,""01001001"":51,""01101100"":23,""11001001"":7,""01101110"":32,""00111001"":31,""01111000"":13,""10001110"":4,""11011100"":5,""00001011"":15,""01001011"":43,""00011010"":9,""01101000"":30,""00101000"":26,""00111000"":15,""01011100"":33,""11011101"":9,""00111011"":22,""10011001"":9,""00101100"":10,""01111101"":15,""11001011"":6,""10011110"":8,""10111100"":4,""10000100"":4,""10101011"":9,""10101101"":6,""10011101"":6,""10101010"":7,""00101111"":15,""11001100"":3,""11001110"":3,""10001011"":9,""00001010"":19,""00000101"":10,""00010011"":3,""10100110"":4,""11111001"":2,""00001000"":20,""01111001"":20,""10011011"":16,""00001100"":8,""11001000"":8,""00001001"":10,""00011011"":14,""00011100"":3,""11101011"":3,""10101000"":4,""01101001"":46,""00111100"":9,""11001010"":6,""01001111"":33,""10111010"":7,""11111110"":2,""00011001"":7,""00110100"":13,""11000111"":2,""11100000"":3,""11100010"":1,""11011001"":13,""11101010"":3,""10011010"":7,""00011110"":12,""00011111"":7,""10101001"":6,""10011100"":4,""10001001"":13,""11011010"":6,""00101001"":13,""11100101"":4,""11100100"":3,""11111011"":1,""10111110"":4,""00011101"":4,""11101101"":3,""11011111"":5,""10001111"":7,""11011110"":9,""01111111"":10,""00001101"":11,""11110101"":2,""10110100"":4,""10111001"":12,""11101000"":1,""10111101"":7,""11010111"":6,""11000011"":5,""11111000"":2,""00011000"":5,""10010010"":4,""11110000"":3,""11110011"":2,""11110111"":1,""10111011"":5,""10010000"":2,""11010000"":3,""11100011"":2,""01111100"":4,""11111101"":2,""11110001"":2,""10010111"":1,""11101110"":2,""10101100"":1,""10111000"":2,""11110100"":1,""10010001"":3}"
38,x,4000,0.008000000000000007,-0.08800000000000008,-0.09600000000000009,-0.0044999999999999485,0.20499999999999996,-0.3035000000000001,0.38149999999999995,0.626,"{""00111111"":51,""11101101"":11,""10011101"":12,""01101100"":26,""00111100"":60,""01000000"":19,""00101010"":50,""10001011"":9,""00111000"":64,""00101011"":46,""01001100"":17,""00111011"":46,""00001101"":21,""00011101"":18,""00001001"":13,""11101001"":5,""00101101"":41,""01001001"":14,""00101001"":42,""01111000"":8,""11111110"":4,""10001000"":8,""10111011"":5,""11101100"":14,""01011011"":13,""00011011"":14,""00011001"":18,""00001011"":19,""00111110"":56,""00000000"":39,""01100110"":29,""00101000"":59,""11111010"":5,""01001111"":20,""00111001"":43,""00111101"":31,""10001101"":8,""10011001"":6,""00101111"":144,""01011100"":13,""10011100"":10,""01001110"":14,""10001010"":11,""00101110"":66,""00110010"":32,""10001111"":12,""10101111"":14,""00001100"":30,""11101010"":8,""00011111"":32,""00011110"":33,""10111001"":5,""01010010"":13,""00001110"":17,""00001010"":15,""00001000"":21,""01011000"":17,""10001110"":4,""01101000"":19,""00111010"":36,""00100011"":46,""01001000"":18,""01101110"":33,""01111100"":7,""11111100"":7,""01101011"":19,""01000111"":36,""00000011"":27,""10010111"":21,""11110111"":6,""00100000"":87,""01110101"":4,""00110110"":37,""01100010"":21,""00010101"":15,""11100110"":11,""01100000"":33,""00110101"":24,""01110011"":3,""01010011"":12,""11100010"":13,""00110001"":26,""00110111"":59,""01000101"":15,""11100101"":10,""11100111"":21,""00100101"":32,""01010101"":4,""01100011"":15,""00100110"":61,""00100100"":51,""01010000"":12,""00010111"":22,""00110100"":42,""00100010"":56,""00001111"":32,""00010100"":21,""00100111"":110,""01000100"":20,""00010000"":28,""00000100"":21,""00011000"":16,""10010010"":8,""10100111"":16,""00000001"":12,""00010010"":15,""01000001"":8,""10000111"":7,""10110110"":3,""01100111"":42,""00110011"":40,""11110000"":8,""01010111"":10,""01100101"":13,""01010100"":8,""00011010"":14,""11011111"":5,""10100110"":4,""10010110"":7,""00100001"":64,""11101000"":9,""00101100"":46,""01111010"":5,""01101111"":34,""01100100"":26,""01001011"":9,""00000110"":25,""10100001"":5,""10101101"":4,""10101100"":4,""11011010"":2,""11011101"":5,""01011110"":9,""10111100"":7,""11101111"":22,""11110100"":7,""01011010"":10,""01111111"":8,""01011111"":16,""01101010"":15,""01101101"":13,""01010110"":9,""00010001"":12,""01110100"":2,""11100100"":14,""11000001"":2,""00110000"":43,""00000010"":30,""01000010"":12,""00000101"":29,""11000011"":2,""11100000"":22,""01100001"":17,""10110100"":9,""01111001"":5,""00000111"":33,""10010011"":6,""10010001"":7,""10000010"":10,""10000110"":4,""11110011"":8,""10010100"":7,""10010101"":3,""11010001"":3,""01110010"":9,""00011100"":11,""01000110"":12,""11000101"":2,""00010110"":18,""01010001"":5,""10110011"":6,""10011110"":8,""01111101"":5,""01101001"":20,""10101110"":4,""11101110"":13,""11111000"":5,""10011111"":14,""11100001"":6,""10111101"":5,""11001000"":3,""01110000"":8,""11001111"":4,""10111010"":3,""10100000"":8,""11110101"":5,""11010101"":4,""11000111"":1,""11010111"":4,""00010011"":13,""10000000"":11,""10000001"":3,""10110000"":4,""11100011"":16,""01000011"":8,""11011110"":4,""10000101"":4,""01110111"":7,""10111111"":7,""11101011"":10,""10011000"":6,""01110110"":6,""01110001"":5,""10001100"":4,""01001010"":11,""10110111"":6,""10110001"":3,""01001101"":10,""10011010"":9,""11110001"":4,""10000011"":5,""11110110"":6,""11010010"":1,""11001101"":1,""10110010"":3,""10111000"":4,""10101001"":4,""11111001"":7,""01011101"":6,""11111101"":5,""10001001"":4,""11111111"":6,""10101010"":1,""11111011"":7,""11010100"":1,""11010011"":2,""01011001"":7,""10111110"":3,""01111110"":10,""10010000"":6,""10100100"":1,""10100101"":3,""11000010"":1,""10110101"":2,""11110010"":2,""11011011"":4,""11011001"":3,""10100010"":2,""01111011"":3,""10100011"":4,""10011011"":1,""10000100"":4,""11011000"":3,""11000100"":2,""11001110"":1,""11010110"":2,""11001001"":1}"
39,x,4000,0.367,0.01100000000000001,0.1865,0.02100000000000002,0.11099999999999999,-0.05600000000000005,-0.06400000000000006,0.6445000000000001,"{""01100011"":19,""00000010"":50,""01110010"":55,""00110110"":11,""10100010"":11,""01100000"":88,""10110000"":7,""00100111"":20,""00010100"":23,""10110111"":1,""01100110"":29,""01110000"":116,""01110101"":25,""01010000"":20,""01110111"":34,""00000110"":37,""01000000"":46,""00000101"":9,""11000011"":3,""00000001"":28,""01111100"":52,""10000011"":7,""00000000"":86,""10000101"":4,""01011001"":16,""00001100"":26,""01111000"":61,""01101101"":20,""00110001"":5,""10000010"":14,""01010101"":11,""11010111"":5,""10010100"":9,""01010011"":8,""01010100"":25,""00000011"":20,""00100010"":37,""10010010"":25,""00100000"":66,""01010001"":14,""00100110"":24,""01100001"":33,""01110100"":47,""01110001"":30,""11010101"":2,""01010110"":26,""00010010"":39,""01100111"":37,""00010111"":13,""11111111"":4,""01000111"":14,""00000111"":22,""00110000"":21,""10010001"":9,""10011001"":5,""01000010"":30,""10100000"":13,""00101011"":16,""01100010"":69,""11100000"":7,""00011010"":37,""00000100"":34,""00101101"":12,""01000001"":16,""01010111"":14,""01101010"":87,""00010110"":24,""00100001"":22,""01100100"":28,""00110010"":13,""00110111"":9,""01110110"":32,""11010000"":5,""00110100"":11,""10010111"":16,""00010000"":18,""01011000"":18,""00110011"":2,""10000000"":30,""11110100"":5,""01000100"":15,""00100100"":16,""00010001"":10,""10110011"":1,""10110010"":5,""01010010"":28,""00011000"":20,""01110011"":19,""11110001"":2,""00010101"":8,""01100101"":12,""10010000"":15,""10000111"":11,""11010010"":8,""01111010"":60,""10010101"":3,""11000110"":3,""11100001"":7,""01000110"":25,""00010011"":6,""11000000"":7,""00011110"":30,""11111110"":8,""11100101"":1,""01011010"":38,""00111100"":19,""00001110"":26,""10011111"":13,""01101110"":37,""00101010"":44,""01101000"":60,""11011111"":2,""00001000"":61,""10001010"":16,""10011011"":12,""10000100"":8,""10101001"":6,""10101010"":14,""00101100"":24,""10101111"":5,""10101101"":5,""10111100"":4,""11101011"":4,""01001010"":26,""01111011"":31,""01101011"":17,""00001010"":47,""00001111"":22,""00011001"":14,""00111000"":13,""01011100"":28,""10001111"":8,""10001110"":10,""11011110"":2,""10111010"":7,""10101000"":14,""01001110"":15,""11111000"":4,""01101001"":35,""00101000"":34,""01111110"":34,""11101000"":4,""01011011"":17,""10011100"":18,""10001100"":7,""11001011"":2,""00001001"":26,""10001000"":23,""11111001"":2,""00111111"":8,""01111101"":25,""00001101"":14,""01111111"":24,""11101010"":5,""00001011"":12,""00011101"":12,""01011111"":13,""01011101"":9,""10011110"":13,""01101100"":29,""11101111"":5,""01101111"":35,""01001000"":46,""00101001"":17,""01001001"":17,""00011111"":20,""10011010"":16,""01011110"":20,""00011100"":18,""00011011"":13,""01001111"":12,""01111001"":27,""01001101"":14,""10101100"":8,""01001011"":12,""00111110"":12,""10100111"":7,""10111011"":3,""11111100"":3,""10000001"":9,""00101110"":20,""10110100"":2,""10000110"":11,""11000111"":5,""11010100"":3,""10010110"":12,""11000100"":1,""00111010"":12,""11010110"":3,""00110101"":6,""11101101"":3,""10001001"":7,""01001100"":13,""10101110"":7,""11110110"":8,""11101110"":1,""00101111"":21,""11101100"":3,""00111001"":3,""11100111"":1,""11110000"":8,""10010011"":4,""01000011"":3,""10100110"":4,""00111011"":6,""11011010"":5,""11100110"":3,""11001010"":3,""10011000"":10,""11000001"":2,""11011000"":1,""11001110"":6,""10110110"":5,""11111101"":1,""10001011"":4,""10100100"":4,""11100100"":5,""00111101"":10,""11100010"":4,""11000010"":2,""11011001"":4,""11001100"":2,""11011101"":4,""10100001"":4,""10111101"":1,""10111110"":2,""10100011"":2,""11000101"":1,""11110011"":1,""11010011"":3,""00100011"":8,""11111010"":3,""10011101"":3,""11110010"":4,""01000101"":3,""10100101"":2,""00100101"":3,""10110001"":1,""11011100"":5,""11001000"":3,""11011011"":1,""11001111"":2,""11111011"":1,""10111001"":1,""11110111"":2,""10110101"":1,""11010001"":1,""11100011"":1,""11101001"":2,""10001101"":2,""10111111"":1,""11001001"":1}"
40,x,4000,-0.2905,-0.4515,0.019000000000000017,-0.010499999999999954,-0.4079999999999999,-0.2889999999999999,0.363,-0.6719999999999999,"{""10111101"":45,""10101100"":24,""10111011"":150,""10110010"":113,""00111111"":29,""10111010"":77,""01101111"":8,""10101110"":46,""01110001"":6,""01011001"":6,""11011001"":23,""10101101"":23,""11110101"":4,""01111111"":16,""10010011"":49,""10011111"":44,""10011011"":41,""10111111"":188,""11011011"":68,""10011101"":14,""10101001"":18,""11101101"":3,""11011010"":28,""10101111"":72,""11011111"":57,""10001001"":7,""11101111"":22,""11010111"":44,""11110010"":13,""11001011"":30,""10111001"":42,""10011000"":16,""00111011"":21,""00001101"":1,""10111110"":58,""00001010"":6,""01111001"":4,""10001101"":8,""11111010"":5,""10100011"":61,""10111100"":32,""10011001"":10,""01111100"":4,""01001111"":2,""01111011"":7,""10010000"":13,""10001010"":7,""11001111"":29,""00111001"":6,""11001110"":13,""01111110"":5,""10100001"":15,""11011101"":26,""11000010"":21,""11111111"":30,""11001000"":11,""10101011"":53,""10001111"":18,""11111011"":15,""00001001"":4,""11011000"":30,""11001101"":13,""10101010"":24,""10110011"":151,""00001111"":8,""11001001"":11,""00011110"":5,""11110001"":11,""00111110"":19,""11011110"":25,""10011010"":14,""00101111"":15,""11001100"":8,""01110101"":10,""11001010"":21,""10111000"":51,""10010100"":10,""00011111"":16,""10110111"":183,""10001110"":5,""11111110"":6,""11101010"":6,""00101011"":6,""10010010"":26,""00011101"":4,""01101110"":3,""10110000"":55,""01110111"":23,""01011111"":10,""01111000"":5,""10011110"":18,""00100010"":4,""10110101"":51,""11000110"":11,""11000111"":29,""11010011"":69,""01100000"":2,""00110011"":19,""10100010"":34,""10110001"":52,""01100011"":9,""11000011"":40,""11010001"":18,""11010100"":6,""01110011"":13,""00110010"":18,""10110100"":36,""11100001"":8,""11010110"":20,""10100110"":28,""11010101"":23,""00110110"":12,""10000111"":12,""00110000"":9,""11110111"":21,""10000011"":17,""11110011"":25,""10100101"":10,""00101001"":6,""10010111"":34,""10100111"":71,""00100011"":9,""10100000"":6,""10001011"":9,""00101010"":3,""01010111"":4,""10101000"":17,""11111001"":3,""00111010"":9,""00111101"":9,""00001011"":6,""10110110"":69,""01111010"":9,""11011100"":18,""11101001"":3,""11101110"":2,""10100100"":10,""01011100"":2,""01101100"":1,""11101011"":13,""00010010"":8,""10001000"":4,""10000101"":4,""10011100"":10,""00011011"":12,""00011001"":3,""11101000"":3,""00011000"":4,""11110110"":7,""00101100"":3,""01111101"":2,""01101010"":4,""00011010"":4,""00001110"":2,""11111101"":6,""10010110"":11,""11111100"":6,""01011011"":3,""00111000"":6,""10001100"":2,""11111000"":4,""01001010"":2,""01000011"":4,""00101000"":3,""01100111"":7,""11010010"":26,""00010111"":12,""01001100"":1,""01110010"":10,""00001100"":1,""00010011"":9,""00110111"":21,""11000101"":10,""11010000"":16,""00110101"":7,""01110110"":5,""10010101"":6,""00010110"":4,""10010001"":8,""11000001"":9,""11000000"":8,""11100111"":17,""11110000"":10,""00100111"":6,""01110000"":4,""00000000"":4,""11100011"":10,""01010010"":5,""01010011"":5,""01011101"":2,""01001101"":2,""00000100"":4,""00100100"":3,""00100101"":1,""01011110"":4,""00010001"":5,""10000100"":3,""11100100"":1,""00000001"":3,""00110100"":5,""01110100"":3,""00100000"":2,""10000010"":10,""00000111"":4,""00000011"":5,""00100110"":3,""01010100"":1,""00111100"":5,""00100001"":1,""00000110"":2,""10000110"":5,""11000100"":3,""01000111"":3,""00010000"":4,""01100010"":2,""11100010"":4,""01010101"":1,""01001110"":1,""00110001"":5,""01000100"":1,""10000001"":5,""00010101"":1,""00000010"":1,""00010100"":4,""11100101"":5,""00101110"":2,""00101101"":2,""01011010"":3,""00011100"":2,""01010001"":2,""01100101"":1,""01101001"":1,""01101011"":5,""01101000"":1,""11100110"":4,""00000101"":3,""01000010"":1,""11110100"":4,""10000000"":1,""11101100"":1,""11100000"":2,""01010110"":1}"
41,x,4000,-0.2889999999999999,0.010499999999999954,0.006000000000000005,-0.0044999999999999485,0.14449999999999996,-0.3454999999999999,-0.5720000000000001,0.49050000000000005,"{""11010000"":5,""11110001"":15,""11010111"":18,""01111111"":62,""10100011"":12,""00000101"":19,""11110101"":8,""01100111"":112,""11000011"":20,""01100011"":94,""01110110"":35,""01100001"":117,""01101001"":103,""00100001"":15,""01101011"":111,""01010110"":14,""01100100"":45,""00011111"":12,""11000111"":7,""01100101"":66,""00110001"":10,""01010000"":10,""01000001"":39,""01001110"":15,""01110001"":93,""01110100"":32,""11110011"":8,""10110101"":12,""11010011"":21,""11011011"":23,""10100001"":17,""00011101"":12,""00000100"":10,""01000111"":24,""10101011"":13,""11000100"":7,""11100001"":15,""01100000"":45,""11100100"":4,""01111000"":40,""11000001"":18,""01100110"":44,""10110001"":14,""10101101"":9,""01110111"":43,""10100010"":5,""01100010"":24,""11110110"":3,""10000111"":1,""01010001"":20,""01000100"":16,""10100110"":15,""01110000"":40,""01010010"":10,""01000101"":24,""11100111"":13,""01101000"":53,""11000010"":8,""10110110"":11,""01010111"":26,""00010101"":6,""10100111"":27,""10101110"":6,""11101101"":7,""00010001"":6,""01000000"":15,""10101111"":15,""01110101"":52,""01010011"":21,""01101111"":94,""00100110"":9,""11111111"":14,""01101110"":75,""11001001"":22,""11011001"":28,""01001101"":20,""00101011"":19,""00011100"":5,""01011011"":23,""01001000"":14,""01111010"":32,""01001100"":16,""01001111"":23,""00011011"":10,""00111000"":4,""11101100"":9,""01101010"":45,""00001000"":4,""01101100"":56,""10111000"":7,""01111001"":78,""10111101"":7,""01001011"":22,""10111011"":4,""10101010"":9,""00101111"":18,""01111100"":45,""01001001"":24,""00101110"":8,""01111101"":47,""00111111"":4,""00101001"":9,""00001001"":8,""10101001"":9,""10010011"":5,""00001110"":6,""01011111"":23,""01011101"":18,""01011010"":15,""11011010"":9,""00101100"":9,""11011000"":7,""11111101"":9,""11000101"":21,""11101111"":17,""00001111"":16,""10101000"":10,""10110100"":5,""01111110"":38,""11001110"":8,""11101001"":13,""11001101"":11,""11011111"":18,""10011011"":6,""01011100"":17,""01101101"":64,""10111111"":5,""11111110"":9,""00011001"":7,""11101000"":4,""11001000"":8,""00110110"":3,""01111011"":43,""11001011"":13,""01011001"":29,""11001100"":12,""11011101"":11,""00111100"":3,""00110010"":4,""10111110"":4,""10110011"":3,""00100111"":17,""01010101"":16,""01000011"":26,""01110011"":52,""11010101"":7,""00000001"":13,""00010110"":7,""01110010"":31,""10100101"":20,""10000010"":3,""10011111"":5,""00000010"":5,""01000010"":18,""10010100"":5,""00100101"":7,""00101101"":10,""00100010"":5,""10101100"":6,""01000110"":16,""11110111"":12,""11010001"":11,""10010000"":3,""11010100"":10,""10010001"":3,""10100000"":3,""10011001"":6,""00100011"":10,""10110000"":10,""10000101"":2,""11000000"":6,""10000011"":2,""11000110"":12,""10010010"":2,""10110111"":10,""00110000"":5,""01011110"":12,""11110100"":5,""10100100"":12,""11100010"":6,""00010111"":9,""01010100"":9,""11100011"":5,""00000011"":4,""11100101"":8,""11010110"":6,""11111100"":4,""00110101"":8,""00110100"":3,""01011000"":15,""11100000"":5,""00110011"":6,""01001010"":9,""00000110"":12,""11100110"":9,""10110010"":6,""00110111"":8,""11010010"":5,""00010000"":4,""00111011"":3,""11110000"":4,""11101011"":11,""00000000"":6,""00100100"":5,""00011010"":6,""00000111"":9,""00010011"":5,""00101000"":10,""11111001"":8,""11011100"":10,""10001110"":2,""00111101"":3,""10111100"":6,""00111001"":5,""11110010"":3,""11011110"":13,""00001101"":14,""00010100"":3,""10010111"":2,""10000110"":1,""00010010"":4,""00011110"":7,""11111000"":4,""00001011"":6,""10111001"":10,""11111011"":5,""10001101"":2,""10001011"":4,""11001111"":8,""10011100"":5,""10011110"":4,""10011000"":1,""10011010"":2,""10011101"":6,""11101110"":2,""10001001"":1,""11111010"":5,""00111110"":3,""00011000"":3,""10001000"":1,""11001010"":4,""10111010"":1,""11101010"":3,""10001111"":2,""10010110"":2,""10000001"":2,""00100000"":3,""10000000"":1,""00111010"":2,""00001010"":1,""10000100"":1,""00101010"":2,""00001100"":2}"
42,x,4000,-0.33699999999999997,-0.405,0.13749999999999996,-0.014999999999999902,-0.010999999999999899,0.04700000000000004,-0.25550000000000006,-0.43900000000000006,"{""11010100"":12,""11000001"":28,""10001011"":73,""11101011"":24,""11000111"":60,""11010001"":23,""01110011"":39,""11110011"":80,""11100011"":32,""10110111"":34,""11100001"":25,""11100111"":52,""01010000"":4,""11000011"":94,""00000011"":44,""00000111"":25,""11111011"":90,""01110111"":41,""01110010"":17,""01110000"":9,""10000101"":5,""11000010"":50,""10000011"":48,""10010010"":5,""11111111"":69,""10001001"":16,""10100001"":11,""01001101"":2,""10100010"":8,""10000111"":27,""00010011"":12,""10001010"":26,""10010111"":37,""00010111"":23,""10110010"":14,""00000010"":21,""01111011"":48,""00100101"":3,""11010111"":54,""11001101"":23,""11000000"":23,""11010110"":18,""10100111"":15,""11110101"":16,""11110111"":84,""00000110"":14,""00110110"":6,""10000000"":10,""11110010"":29,""11110100"":20,""00001110"":11,""11011111"":46,""11000100"":8,""10110011"":31,""00000001"":12,""11100000"":9,""10110110"":15,""11010011"":26,""11001111"":69,""11010010"":24,""00010110"":5,""00001011"":67,""01100111"":17,""01101111"":9,""10101011"":18,""01000010"":7,""01100011"":9,""00001111"":32,""01011011"":5,""11111110"":30,""11011011"":40,""00111011"":8,""00000000"":10,""11101111"":40,""11101110"":15,""10111111"":32,""10001110"":14,""10111011"":38,""11001011"":135,""11111010"":50,""01101101"":6,""00010010"":13,""11111000"":26,""11001010"":57,""10111000"":12,""01001010"":4,""11111100"":17,""11011001"":26,""10001000"":9,""11011010"":13,""11110000"":19,""11001001"":27,""01001011"":9,""00011001"":14,""01111111"":23,""11111001"":21,""10111001"":16,""11101000"":9,""10011011"":17,""11101001"":16,""11101100"":6,""10111101"":8,""11111101"":24,""01110001"":18,""11011101"":11,""00001001"":11,""11001100"":14,""10001111"":22,""11011100"":8,""10111100"":9,""11001000"":24,""00000101"":9,""00011011"":12,""00001010"":22,""10011111"":12,""11011110"":10,""01101110"":11,""01101011"":7,""00011010"":6,""01101001"":7,""00101010"":5,""01111000"":16,""00001100"":10,""00111001"":3,""11001110"":26,""10001100"":8,""11110110"":19,""00001101"":6,""01001111"":7,""00111100"":4,""00011111"":15,""11101010"":27,""00100001"":9,""00101011"":7,""11100100"":16,""00010101"":16,""10111010"":14,""10010011"":20,""01010100"":3,""01111101"":7,""01111001"":15,""01111010"":18,""10001101"":13,""10101100"":4,""00101001"":4,""00011101"":5,""11010101"":22,""11100101"":17,""00010100"":4,""10000100"":6,""01110110"":18,""01001000"":4,""00110001"":4,""01000111"":10,""00110011"":10,""01100001"":5,""11110001"":38,""10000001"":9,""01100000"":8,""01100110"":9,""00100000"":2,""01110101"":4,""10000010"":14,""10010110"":9,""10110101"":12,""01100100"":1,""00000100"":4,""10110100"":14,""10110000"":8,""10010000"":12,""01001110"":4,""00010001"":18,""01000101"":2,""11010000"":13,""10100100"":6,""00100111"":8,""01100101"":6,""10100101"":1,""10000110"":5,""10110001"":13,""10111110"":15,""11000110"":28,""00100011"":7,""11100010"":11,""11100110"":8,""01000011"":9,""10010101"":8,""01111110"":19,""10100011"":5,""01000001"":5,""10010001"":14,""11000101"":17,""01110100"":2,""00110111"":13,""10010100"":4,""11011000"":14,""01000000"":2,""00100010"":3,""00110010"":4,""00100110"":4,""10101111"":16,""00101111"":6,""00001000"":7,""00101000"":2,""10101000"":7,""10011101"":4,""10011010"":9,""00111111"":7,""10101010"":11,""00111101"":2,""01101010"":6,""01011100"":2,""10100000"":5,""00011100"":5,""01100010"":1,""01010110"":2,""01011001"":4,""10100110"":3,""00010000"":4,""10101001"":4,""01111100"":8,""10101110"":5,""00111110"":3,""10011000"":6,""01011111"":5,""00011110"":3,""10011001"":9,""01101100"":3,""00101100"":3,""11101101"":12,""01001001"":3,""01011110"":2,""10101101"":2,""00111010"":5,""00011000"":5,""10011110"":5,""01001100"":3,""01011010"":2,""01000100"":1,""00110000"":2,""00110101"":1,""01010011"":1,""01101000"":2,""10011100"":2,""00101101"":2,""01010101"":1,""01010111"":3,""01010001"":1,""01011000"":1,""00110100"":1,""00100100"":1,""00111000"":1}"
43,x,4000,0.11050000000000004,0.02200000000000002,0.137,0.01749999999999996,0.127,0.07950000000000002,0.262,-0.03049999999999997,"{""11111010"":9,""01101000"":11,""00011000"":34,""10111111"":21,""00011100"":31,""00010101"":30,""10000110"":18,""10111001"":16,""00111111"":15,""10101010"":53,""11001011"":34,""00101010"":36,""00101000"":37,""10101111"":19,""10111010"":26,""00101110"":24,""01001011"":13,""10011010"":9,""00011010"":9,""01001101"":9,""10101000"":36,""00001101"":18,""10001100"":14,""10011101"":7,""11001100"":24,""01001001"":20,""00011110"":10,""01001000"":15,""10010001"":11,""00111101"":8,""11111100"":7,""00011001"":18,""00111000"":18,""10111000"":37,""01001010"":21,""10101101"":16,""10111110"":21,""11101000"":8,""00011101"":21,""00011011"":25,""00001010"":54,""00010000"":29,""01010001"":12,""00101111"":24,""01011100"":8,""10001010"":20,""00110101"":15,""01111101"":6,""10011100"":6,""00101101"":8,""00001001"":18,""01001100"":13,""01101010"":14,""11001000"":40,""00111011"":18,""00001000"":37,""10110010"":15,""11110110"":8,""10101100"":10,""11000100"":24,""01111001"":4,""01111100"":9,""10001000"":16,""11000011"":29,""01010110"":4,""01011010"":4,""11011000"":18,""01000010"":19,""00001110"":18,""00111010"":10,""10000011"":19,""11100100"":7,""10111011"":30,""00010100"":29,""11001111"":23,""00101011"":23,""10010111"":8,""00001111"":23,""11001001"":32,""10011110"":6,""11001110"":29,""10111100"":27,""01000111"":17,""00000000"":37,""11110010"":7,""00010011"":21,""01000110"":17,""10000000"":28,""00110000"":23,""01000000"":17,""10100110"":23,""00100001"":22,""00000110"":26,""11110001"":9,""10010100"":17,""11011010"":3,""10110001"":27,""10100011"":21,""11000110"":33,""11110111"":13,""11010000"":26,""10000010"":24,""11110000"":15,""01110000"":8,""10000111"":20,""01110110"":10,""11000001"":21,""00110001"":17,""00110010"":10,""10100000"":39,""11001101"":20,""10110100"":36,""10100100"":15,""00100100"":15,""01100010"":18,""00100010"":37,""01010100"":16,""00100000"":30,""00100110"":15,""10100111"":24,""00010111"":20,""00110110"":14,""01000001"":14,""10110111"":24,""10000001"":12,""00100101"":13,""10110000"":37,""10101110"":19,""01010111"":10,""01110001"":7,""00000100"":15,""00101100"":18,""10100010"":32,""00110011"":13,""01101111"":9,""01100001"":7,""01001111"":16,""01010101"":11,""00000001"":25,""10110110"":24,""00010010"":25,""00100111"":9,""00010110"":13,""10010010"":6,""11000010"":25,""11110100"":11,""10000100"":16,""01110010"":7,""01001110"":10,""11010110"":10,""11010010"":12,""11010100"":25,""10110101"":23,""11110101"":10,""00000101"":13,""00110111"":13,""11000000"":26,""11111011"":4,""01000100"":10,""00100011"":18,""01011011"":3,""00000010"":27,""01000011"":13,""11100111"":2,""11010101"":20,""01010010"":5,""10001011"":21,""00110100"":30,""10010101"":8,""11100010"":7,""11000111"":23,""10101011"":25,""10110011"":25,""01100111"":6,""11010111"":16,""10010000"":7,""10000101"":3,""10100001"":18,""00010001"":27,""11100001"":9,""11100000"":8,""11010001"":17,""11111101"":6,""10010011"":6,""00000011"":22,""10001001"":11,""01010000"":17,""00000111"":13,""01100000"":8,""11010011"":11,""01000101"":6,""10010110"":7,""01110100"":10,""00101001"":27,""01110101"":5,""01100011"":9,""01010011"":4,""01100110"":9,""11101110"":3,""11001010"":37,""00111110"":10,""11111001"":8,""11111111"":5,""10001110"":10,""11011101"":18,""01111011"":6,""10111101"":16,""01011110"":3,""00111100"":16,""10101001"":24,""00001011"":31,""00001100"":21,""01011111"":7,""11101011"":5,""11011111"":15,""11100101"":6,""01110011"":7,""00111001"":12,""11110011"":6,""11000101"":10,""10100101"":9,""11011001"":14,""10011001"":10,""11011011"":10,""00011111"":13,""11011100"":13,""10011000"":10,""11101001"":3,""01111110"":9,""01011000"":5,""10001101"":6,""11101010"":10,""01011101"":5,""10011111"":6,""01101001"":9,""01111111"":7,""11111000"":10,""11101101"":3,""01111000"":10,""10011011"":13,""10001111"":10,""01111010"":4,""11111110"":5,""01011001"":8,""11101111"":6,""01101011"":6,""01101100"":4,""01110111"":4,""11011110"":11,""11100110"":5,""11100011"":2,""11101100"":2,""01101101"":3,""01100100"":3,""01100101"":4,""01101110"":3}"
44,x,4000,0.15900000000000003,-0.42300000000000004,-0.013500000000000068,0.0040000000000000036,-0.01649999999999996,0.06000000000000005,0.31100000000000005,-0.1479999999999999,"{""11001000"":3,""00011000"":8,""11001011"":8,""01001110"":35,""00101101"":26,""00101111"":34,""10011100"":26,""00011011"":13,""10011110"":30,""11011001"":4,""00011111"":16,""10111111"":18,""11111100"":9,""11111001"":10,""11011010"":14,""11101000"":11,""01011010"":31,""00101110"":38,""00111010"":33,""10101000"":14,""11111110"":27,""00111100"":16,""10010010"":93,""01001111"":18,""10011010"":71,""10001101"":20,""10011011"":38,""00101001"":11,""11011100"":3,""10101010"":37,""10001011"":29,""01001001"":12,""00010010"":28,""11011111"":12,""01001101"":14,""00111001"":12,""10111011"":11,""00011100"":8,""00100010"":58,""00111101"":7,""10001001"":21,""01001010"":23,""10101111"":23,""01011100"":7,""00011010"":18,""11010010"":21,""11101101"":10,""11111000"":8,""10110011"":10,""11101111"":23,""10001100"":10,""10001000"":18,""11001010"":18,""00011001"":7,""10111110"":11,""00001011"":6,""00101011"":23,""11001101"":4,""10101110"":40,""00001110"":16,""10011001"":19,""00110111"":26,""11000101"":8,""10011101"":17,""01111011"":3,""00101010"":46,""11101010"":27,""10011111"":58,""11001001"":6,""11001111"":11,""11111010"":30,""11001110"":22,""10011000"":20,""00100111"":33,""11011110"":12,""10100011"":15,""10010101"":19,""00111111"":28,""10100010"":48,""00111110"":36,""01011111"":23,""11101110"":24,""00010111"":18,""11101001"":12,""00101100"":17,""11110110"":36,""11101011"":10,""00111011"":43,""10101011"":16,""10001110"":59,""01011001"":14,""10111000"":13,""11111011"":20,""01111110"":2,""10001111"":35,""00111000"":11,""11111111"":21,""10110010"":15,""00011101"":9,""11100010"":31,""10001010"":46,""10100110"":30,""10010111"":66,""01111010"":9,""00001010"":13,""00010100"":11,""01100011"":1,""00001111"":7,""01101001"":2,""01011011"":14,""01100001"":3,""11101100"":14,""01111100"":1,""00101000"":9,""10110101"":4,""00110010"":37,""10111001"":8,""00011110"":15,""01010111"":26,""01001011"":12,""11100011"":10,""01001000"":8,""10111010"":15,""01101110"":3,""10101101"":7,""00100100"":17,""01011110"":22,""10101001"":8,""10100100"":4,""10010110"":46,""11110010"":30,""01010010"":33,""01010000"":6,""11100000"":7,""11100100"":9,""00010110"":19,""10000000"":23,""10000010"":37,""10100101"":14,""00110100"":20,""11000110"":16,""11000100"":8,""11110111"":26,""10000101"":19,""01010100"":14,""01000111"":13,""11100111"":19,""00000000"":4,""10000110"":43,""10100111"":19,""00100011"":21,""00100110"":41,""00100001"":22,""00110110"":45,""10000001"":11,""00000111"":7,""10010011"":28,""10010100"":43,""10000111"":27,""00000010"":16,""00010000"":8,""01000011"":12,""01110010"":8,""11110000"":9,""11110101"":3,""10110001"":7,""00110000"":16,""01000110"":31,""00110011"":30,""01000001"":12,""11010110"":6,""10000100"":21,""10100000"":11,""11000010"":18,""01010110"":28,""01001100"":8,""11011011"":7,""10101100"":15,""01101010"":9,""01011101"":5,""10111100"":5,""11110001"":10,""11111101"":7,""10110111"":14,""01011000"":6,""01101111"":6,""11010000"":5,""01000010"":24,""00110101"":8,""10010000"":18,""01111001"":3,""11100101"":10,""00100101"":17,""11000001"":5,""10010001"":25,""11110011"":17,""01010001"":8,""01110111"":6,""00010101"":4,""00001101"":6,""00000011"":7,""10000011"":16,""00000001"":4,""01100110"":8,""01000101"":6,""01010011"":17,""00010001"":8,""11100110"":19,""00000110"":9,""00110001"":15,""11000011"":11,""00000100"":3,""01100010"":5,""00010011"":6,""01010101"":3,""11010100"":4,""11000111"":10,""10100001"":8,""10110110"":11,""11010011"":2,""01110000"":1,""01000100"":6,""11100001"":11,""01000000"":7,""00000101"":3,""10110100"":6,""11010001"":3,""11010111"":14,""00100000"":12,""01110011"":3,""01100101"":2,""01110100"":3,""11001100"":8,""11110100"":8,""10110000"":2,""01110110"":4,""01101000"":1,""01111111"":2,""01111101"":1,""01101101"":3,""01101011"":1,""11011000"":2,""01100000"":1,""00001001"":1,""00001000"":3,""00001100"":2,""01110001"":3,""11000000"":1,""01100111"":1,""11011101"":1}"
45,x,4000,0.29100000000000004,0.10650000000000004,0.0645,0.05149999999999999,0.12050000000000005,-0.05899999999999994,-0.06699999999999995,0.677,"{""01110011"":24,""00100000"":18,""00000000"":100,""00010100"":73,""10000010"":18,""00011000"":34,""01100100"":88,""01110010"":59,""00110000"":16,""00010000"":38,""00000100"":51,""01100111"":40,""01000000"":25,""00000010"":61,""01110100"":80,""00010010"":60,""00100110"":12,""11110111"":4,""10010111"":8,""11100000"":20,""01101010"":93,""01100110"":60,""11010010"":4,""00010101"":25,""11110000"":7,""10010101"":8,""10001100"":9,""00001101"":26,""10010011"":10,""01110000"":50,""01100001"":32,""01110101"":35,""01100000"":125,""00100011"":5,""01111100"":74,""01100010"":113,""01110111"":17,""11100001"":4,""10010001"":3,""01100101"":41,""11110010"":5,""11010001"":1,""00000101"":35,""10010000"":14,""00000001"":17,""00011110"":20,""01000010"":11,""00111110"":7,""01100011"":42,""00000011"":28,""10000000"":34,""01000111"":3,""01001010"":10,""10010010"":17,""01110110"":44,""00010111"":30,""00010110"":23,""01101111"":40,""01010001"":2,""10010100"":24,""00010001"":21,""11000000"":6,""01110001"":21,""01111011"":31,""01101100"":61,""00001000"":58,""01111010"":49,""01101011"":55,""00001111"":33,""11111010"":4,""01101101"":50,""00001011"":25,""11001000"":9,""00001010"":41,""10011101"":17,""00011100"":63,""00111111"":6,""00011010"":49,""01101000"":93,""10000101"":7,""01011010"":6,""00011101"":49,""11100010"":10,""01101001"":49,""00001001"":17,""01010101"":3,""01001011"":8,""11011010"":6,""00001110"":21,""01001100"":9,""01111101"":55,""01011011"":5,""01111111"":31,""10001010"":10,""10100001"":1,""00101010"":16,""01001000"":13,""11001011"":3,""11001111"":3,""00001100"":37,""01111110"":24,""01011110"":3,""01011101"":7,""01011000"":5,""00110010"":12,""00011111"":46,""10011010"":17,""00111100"":12,""01001111"":9,""01010111"":2,""00100101"":9,""10000111"":4,""10000011"":7,""11110110"":3,""11101000"":7,""01101110"":28,""10000110"":11,""10100010"":5,""10100100"":3,""11010100"":3,""11100101"":3,""01000100"":20,""10000100"":18,""11100100"":6,""11111100"":8,""01111000"":33,""01010100"":7,""00000110"":27,""00110100"":13,""11000010"":6,""11110100"":3,""11100110"":6,""01001101"":11,""00111000"":8,""01011100"":9,""11101011"":6,""11011000"":4,""01111001"":19,""00110001"":3,""10001000"":12,""00011011"":32,""11101100"":10,""10001110"":5,""00011001"":22,""00101110"":4,""11101110"":3,""00101001"":8,""00101100"":11,""11011011"":2,""11011001"":2,""01011001"":5,""11001100"":3,""11000101"":3,""00101000"":6,""10101010"":4,""11011100"":5,""00101101"":5,""10011000"":9,""10011001"":9,""01001110"":6,""10011111"":10,""10011100"":21,""01001001"":4,""10011011"":9,""00101011"":2,""00111010"":13,""11111001"":2,""11001001"":3,""10001011"":4,""01010110"":5,""11010000"":1,""11000110"":6,""11100011"":4,""01000011"":5,""00110111"":4,""10111100"":2,""11001010"":5,""00100100"":10,""11111011"":2,""00111101"":9,""10001001"":5,""11101111"":2,""10101000"":5,""11101101"":4,""10011110"":6,""00111011"":5,""11011111"":4,""11111111"":4,""11101010"":5,""10101001"":1,""00010011"":29,""01010000"":7,""01000101"":2,""11100111"":6,""00110101"":6,""00100010"":15,""10110100"":1,""01000110"":9,""00000111"":13,""11101001"":1,""10001101"":11,""11011101"":3,""00101111"":4,""01000001"":4,""01010010"":7,""00110110"":6,""10110000"":3,""00100111"":7,""11000100"":3,""01011111"":6,""10101101"":4,""10101111"":2,""10111101"":2,""11001101"":4,""11111000"":2,""00100001"":5,""11110011"":1,""10000001"":4,""00110011"":3,""10100000"":5,""11110001"":1,""10111111"":1,""01010011"":4,""11111101"":3,""10101011"":1,""10110110"":2,""10100111"":1,""10001111"":6,""10111001"":1,""11000011"":1,""10111010"":1,""10100011"":3,""11010111"":2,""00111001"":2,""11001110"":1,""11010011"":3,""11110101"":2,""10110111"":1,""10110011"":1,""10111000"":1,""10010110"":1,""11010110"":1,""11000111"":1,""10100110"":1}"
46,x,4000,-0.0535000000000001,0.1995,-0.07650000000000001,-0.006000000000000005,0.44099999999999995,-0.3360000000000001,0.3025,0.08550000000000002,"{""00100010"":74,""00100001"":51,""11110000"":15,""00100110"":60,""11010010"":5,""11100000"":23,""01000011"":7,""00110011"":17,""11100111"":14,""11000100"":9,""01110001"":9,""10010000"":8,""00100100"":58,""11010101"":7,""10001010"":16,""11100101"":62,""10001110"":12,""00100101"":100,""00100011"":41,""10000000"":37,""00110001"":40,""10100100"":22,""10100011"":19,""11110100"":8,""10100110"":25,""10110111"":2,""00010110"":9,""10011001"":10,""00110111"":14,""00110101"":15,""00110100"":18,""11100011"":27,""00010101"":20,""10010101"":29,""10000010"":19,""00010000"":8,""00010010"":11,""00010100"":9,""11100110"":30,""11010001"":6,""01110111"":4,""00100000"":47,""11101100"":45,""00110010"":22,""00000000"":27,""11101101"":78,""10000001"":35,""10100001"":23,""00110000"":26,""10100101"":50,""10100000"":24,""00111110"":19,""11111011"":8,""00101100"":102,""00010011"":5,""11100100"":41,""10111100"":3,""00100111"":33,""11100010"":28,""01000101"":13,""11100001"":32,""01010110"":3,""11000010"":14,""00101110"":49,""10010100"":20,""00011001"":8,""10000011"":14,""01100011"":12,""01000111"":9,""10010001"":9,""01101101"":25,""01001000"":7,""01111101"":5,""00101101"":143,""01001001"":12,""00001111"":9,""10101110"":20,""10110110"":4,""01101100"":16,""01001100"":6,""11001101"":15,""01101110"":13,""10011100"":21,""10101101"":45,""11101001"":26,""01101001"":12,""00101111"":32,""11101000"":18,""00111000"":26,""01011010"":7,""10011101"":32,""10001011"":12,""11001100"":14,""11001011"":8,""00000111"":14,""00001010"":17,""00111010"":19,""00111100"":11,""10101010"":20,""00111001"":24,""00001100"":15,""01001010"":11,""00001110"":17,""10011110"":21,""00011110"":17,""10101001"":19,""00000001"":22,""00101011"":42,""00011000"":5,""01011110"":7,""10001101"":22,""01111001"":9,""11101011"":34,""00101000"":34,""00101010"":49,""00011101"":27,""01011100"":6,""10101100"":23,""10001001"":23,""10101000"":19,""11001000"":6,""00001101"":18,""11101111"":23,""00101001"":55,""11111000"":11,""00000011"":14,""11101110"":26,""11111001"":24,""00000010"":16,""01011001"":6,""00010111"":10,""01101011"":14,""00001011"":11,""00001001"":19,""10101011"":19,""10011111"":8,""10001000"":16,""11111111"":7,""11011101"":9,""10001100"":16,""00111101"":17,""01011011"":3,""11111101"":17,""11111100"":8,""11111010"":6,""01011111"":3,""11000011"":4,""00111011"":11,""01011101"":8,""10111101"":6,""00001000"":14,""11011010"":7,""01001011"":9,""11011001"":2,""11011100"":7,""01100110"":15,""00000100"":10,""11110011"":12,""01110100"":2,""11101010"":29,""10010110"":11,""01100101"":19,""01000001"":12,""10000100"":15,""01100000"":12,""01010001"":5,""00110110"":20,""10000110"":8,""11000110"":3,""01100010"":6,""01000010"":15,""01000100"":5,""10100010"":14,""01100001"":10,""10010010"":6,""11010011"":2,""01000000"":8,""11110101"":10,""01010011"":2,""01110000"":5,""11000101"":13,""10000101"":30,""11110010"":22,""01110101"":3,""01010101"":5,""10100111"":11,""11110111"":10,""11110001"":10,""00000101"":15,""01010010"":4,""01100100"":11,""10110010"":4,""11010100"":4,""01010111"":2,""00011011"":7,""10110001"":9,""11011111"":3,""01111011"":4,""01011000"":2,""01110110"":5,""11001111"":5,""11001110"":6,""01111000"":5,""10001111"":11,""11111110"":4,""01111111"":4,""11001010"":6,""00011111"":4,""10111001"":2,""01111110"":4,""01101000"":11,""01001101"":13,""01001110"":6,""00111111"":13,""10110000"":4,""01001111"":6,""00011010"":10,""00011100"":9,""11001001"":12,""10111011"":4,""11000111"":8,""11110110"":5,""00010001"":9,""11000001"":9,""10010111"":5,""00000110"":7,""01100111"":10,""01000110"":5,""10010011"":7,""01110010"":1,""01101111"":7,""10111000"":2,""11011011"":3,""11011110"":6,""01111010"":4,""01101010"":4,""10011010"":11,""10111010"":2,""01111100"":1,""10101111"":8,""10011000"":3,""11010111"":3,""10110100"":2,""11000000"":5,""01010000"":3,""10000111"":6,""11010110"":2,""01010100"":2,""01110011"":2,""10110011"":2,""11010000"":2,""10011011"":4,""10111111"":3,""10111110"":2,""10110101"":1,""11011000"":1}"
47,x,4000,-0.1805000000000001,0.4165,0.23850000000000005,-0.0035000000000000586,-0.02750000000000008,0.11499999999999999,0.24950000000000006,0.10050000000000003,"{""01001101"":48,""01001001"":45,""11001001"":23,""10101100"":26,""00001011"":11,""10111011"":19,""11011001"":30,""11011100"":11,""10101101"":31,""10101010"":24,""10011100"":12,""01111001"":8,""10011000"":31,""10011001"":40,""00101101"":55,""11001011"":9,""00101000"":33,""00001101"":28,""00111001"":43,""11011111"":7,""00101011"":13,""01001010"":27,""10011101"":14,""10111000"":26,""11101101"":19,""01011001"":38,""01011011"":21,""11001010"":12,""11001101"":26,""10001001"":22,""00100001"":69,""00011111"":12,""10101000"":25,""10101001"":53,""10010001"":39,""10001111"":4,""11101110"":2,""10111001"":38,""00111011"":16,""10101011"":19,""10111100"":23,""01011000"":40,""00101010"":16,""10111110"":10,""11111111"":5,""10001101"":15,""00101111"":18,""01011111"":14,""11111110"":6,""00011001"":55,""00101001"":57,""10111101"":19,""00101110"":7,""00011000"":45,""10110011"":27,""10001110"":6,""01001110"":10,""11010000"":40,""00011101"":18,""11010011"":19,""00101100"":29,""10011111"":11,""00010101"":23,""01011100"":18,""00111100"":14,""01101001"":14,""10001011"":8,""10100011"":24,""11001100"":13,""00111000"":23,""11001000"":17,""01101011"":2,""01010101"":14,""01100101"":8,""11110011"":6,""01101101"":11,""11011101"":12,""10001100"":15,""00001001"":18,""00100100"":18,""00011110"":14,""10110110"":8,""01001111"":13,""01001000"":30,""11011010"":9,""11001110"":7,""10110010"":9,""11010001"":41,""01011010"":12,""01111000"":9,""00100000"":28,""00010000"":50,""00001100"":17,""11111101"":8,""01011101"":12,""00000101"":22,""10001010"":13,""00111110"":3,""01010001"":52,""11011000"":20,""00110000"":31,""00001111"":4,""10111111"":17,""01101010"":5,""01111110"":2,""00111010"":8,""00110001"":43,""10000010"":9,""01001011"":17,""01111101"":6,""01000001"":35,""01111011"":2,""01010000"":46,""00001110"":1,""00110101"":15,""11101100"":6,""10011110"":7,""10001000"":7,""10011010"":5,""01110010"":3,""00010001"":64,""10101111"":16,""00001010"":13,""10100000"":30,""00110011"":23,""01000000"":24,""00010011"":28,""11101000"":8,""00111101"":16,""00010110"":14,""00111111"":13,""00110100"":12,""11111001"":10,""10110001"":50,""10110100"":19,""10010000"":36,""11000000"":12,""10010100"":14,""01010111"":15,""10000110"":6,""10110000"":26,""10100001"":49,""01110011"":7,""11110110"":5,""11000100"":15,""00000100"":14,""11110000"":11,""00100110"":15,""10100100"":14,""01000100"":28,""00010100"":28,""00100010"":13,""11000011"":13,""01010010"":10,""11010100"":12,""10100101"":30,""11010110"":5,""10010101"":15,""00000000"":11,""01000101"":29,""01000111"":9,""11100111"":1,""00100101"":41,""00100111"":8,""00010111"":15,""11110100"":5,""01000011"":12,""11001111"":7,""01010110"":10,""10110111"":9,""11010101"":5,""11000001"":19,""11000111"":4,""00110111"":6,""10000000"":19,""01100001"":11,""11101011"":9,""01001100"":25,""10011011"":9,""00011011"":16,""11011110"":6,""00001000"":15,""01010011"":20,""10101110"":5,""01000010"":16,""11101111"":3,""10110101"":29,""10010110"":7,""00010010"":13,""10010011"":22,""00000011"":10,""10000100"":7,""11110010"":5,""10000101"":21,""10000111"":8,""01010100"":11,""10010010"":7,""01110001"":15,""00000110"":2,""00110110"":3,""11010010"":6,""11000010"":6,""00110010"":6,""00100011"":21,""11000101"":19,""01000110"":5,""01100000"":5,""10000011"":8,""01110000"":8,""00000001"":17,""10100110"":9,""01100111"":2,""10100111"":7,""01110101"":2,""00000111"":8,""10000001"":16,""11110001"":9,""00011100"":14,""11100101"":7,""11100010"":1,""10010111"":9,""11010111"":9,""11110111"":5,""11100100"":4,""01100100"":2,""01011110"":7,""01110111"":3,""11100000"":5,""01110100"":5,""10100010"":10,""11100001"":11,""01100011"":2,""11011011"":6,""01111111"":3,""11101010"":5,""11100011"":4,""01101110"":3,""11111011"":3,""10111010"":7,""01101100"":4,""01111100"":6,""00011010"":7,""01101000"":5,""11101001"":12,""11111000"":3,""01101111"":1,""11111100"":4,""01100010"":1,""00000010"":6,""01111010"":2,""11000110"":2,""01100110"":1,""11110101"":5,""01110110"":1}"
48,x,4000,0.04300000000000004,-0.22199999999999998,-0.09850000000000003,0.02100000000000002,0.275,-0.4750000000000001,0.5025,0.495,"{""00111000"":42,""01011100"":6,""10001110"":6,""00101100"":62,""00100110"":121,""10101010"":8,""00101010"":92,""01111101"":4,""00111010"":46,""00101111"":136,""11101001"":15,""00111101"":24,""10101000"":7,""11001100"":2,""01001010"":12,""10101111"":13,""11110110"":8,""01101111"":33,""00101011"":77,""00111110"":47,""00101001"":70,""11111110"":7,""00001100"":13,""00111100"":37,""00111111"":70,""00001011"":10,""01101011"":12,""10111101"":7,""10011100"":10,""00110010"":59,""10111100"":9,""11101000"":16,""00111001"":37,""10111110"":2,""11101111"":20,""00001010"":19,""00101110"":130,""10101011"":6,""00100010"":85,""11101110"":18,""00100001"":63,""10111111"":8,""10101110"":12,""01100110"":28,""10011000"":11,""10110101"":8,""00001111"":30,""11101011"":24,""00011101"":11,""00001000"":6,""00110110"":75,""00110111"":57,""01111100"":8,""00100100"":82,""11001001"":3,""00010010"":20,""10111000"":4,""11111000"":2,""00101101"":49,""01101001"":14,""00001001"":15,""10001010"":11,""00111011"":40,""00100011"":83,""10110010"":10,""00100111"":104,""11100000"":9,""11100010"":21,""00000110"":24,""00000001"":9,""01100100"":22,""01100001"":16,""10110011"":10,""10000100"":15,""10000110"":8,""00010111"":19,""00110101"":33,""11000011"":1,""10010111"":22,""00000011"":13,""10010110"":14,""00100000"":65,""10010000"":6,""01101010"":18,""00110100"":48,""10100110"":16,""10010010"":21,""01000101"":9,""00110011"":34,""01100000"":10,""01100101"":8,""11010110"":3,""11100001"":21,""11110010"":16,""01100010"":26,""11100110"":11,""11100111"":15,""00010000"":10,""11110100"":7,""10000011"":12,""00010110"":12,""10000000"":7,""01000011"":11,""11100011"":9,""01101110"":23,""10010001"":6,""00000000"":8,""00100101"":46,""01000000"":2,""01110111"":1,""01000110"":14,""10010101"":5,""00110001"":19,""10000111"":25,""00000010"":15,""10000101"":10,""00000100"":16,""01100011"":19,""01110010"":6,""01011000"":6,""10100001"":14,""10101100"":6,""01010110"":13,""01010101"":8,""10100010"":11,""00000101"":4,""01000010"":15,""01000100"":15,""00110000"":19,""10100111"":14,""11011001"":2,""11101010"":16,""01000111"":12,""11100101"":4,""10110111"":13,""01100111"":16,""01110011"":5,""10011111"":17,""10000010"":11,""00010001"":12,""01010100"":6,""11010111"":7,""11110011"":5,""11111001"":4,""00010101"":9,""11000101"":3,""11110111"":8,""10100101"":10,""11001110"":3,""10010011"":5,""01001111"":9,""01101000"":15,""11000111"":6,""11100100"":13,""01110001"":2,""10011011"":7,""01001001"":6,""00101000"":52,""00011010"":9,""10101001"":5,""11101100"":7,""00011111"":12,""10111010"":10,""11000100"":4,""10011110"":11,""01001100"":9,""01001011"":5,""01011111"":13,""10011010"":15,""01011110"":7,""01111110"":2,""11001111"":5,""01111111"":5,""11001010"":3,""00001101"":18,""11001000"":1,""10001111"":14,""01011011"":4,""00010100"":7,""10011001"":12,""01001110"":6,""10001100"":10,""11011110"":4,""10001101"":6,""00011011"":6,""11111111"":10,""10001001"":5,""11111100"":5,""10111011"":5,""11111011"":9,""01111010"":5,""01011010"":13,""10011101"":8,""01111000"":4,""01101100"":13,""11101101"":7,""11011100"":2,""11110101"":7,""01011001"":7,""00011110"":12,""00011000"":8,""00011001"":11,""00001110"":10,""10100100"":20,""10110110"":8,""10001011"":9,""01101101"":6,""10001000"":4,""01111011"":3,""01000001"":4,""10100011"":8,""10110000"":2,""01010000"":7,""00000111"":11,""00010011"":8,""01010010"":6,""01110100"":3,""11010000"":1,""10000001"":9,""10010100"":5,""11111101"":6,""11011000"":4,""11011111"":1,""01001000"":1,""10101101"":9,""01011101"":7,""11110001"":3,""11001101"":3,""10110001"":6,""11110000"":6,""01010001"":6,""11000110"":4,""10100000"":9,""11000001"":1,""10110100"":2,""00011100"":4,""01110110"":5,""01010011"":7,""01110101"":2,""01110000"":6,""01010111"":3,""11000000"":2,""01001101"":4,""11001011"":1,""11111010"":2,""11011101"":1,""01111001"":2,""11010011"":1,""11000010"":1,""10111001"":1}"
49,x,4000,-0.15549999999999997,0.14149999999999996,-0.14250000000000007,0.035499999999999976,-0.004999999999999893,-0.5814999999999999,0.32999999999999996,-0.16749999999999998,"{""10111111"":51,""00111010"":20,""01110100"":21,""11001101"":20,""00101111"":46,""00100101"":48,""00101100"":39,""00001110"":5,""01111101"":18,""11101010"":7,""01111111"":24,""11011000"":9,""10111100"":54,""10110000"":34,""10101100"":35,""10101111"":47,""01101101"":21,""10111110"":27,""01101010"":7,""10111001"":47,""11001110"":13,""10111010"":31,""10110001"":64,""00111101"":42,""01101100"":17,""10100001"":33,""00011001"":2,""10101011"":36,""10111000"":35,""01101000"":13,""01110111"":21,""10101000"":32,""00111111"":34,""10111101"":63,""11101111"":14,""10110111"":58,""01111100"":20,""10100111"":72,""11011110"":6,""10001000"":5,""11101000"":8,""11111111"":12,""10000101"":3,""10011011"":5,""11001100"":11,""11011010"":7,""11111100"":16,""10011101"":8,""11110010"":3,""10001111"":2,""01101001"":14,""00111100"":29,""11111000"":6,""10110010"":29,""00101101"":53,""00001010"":2,""00101000"":29,""00010111"":5,""01111000"":13,""01001100"":3,""01010100"":6,""01111110"":6,""11011101"":22,""11101101"":14,""00100001"":37,""10011110"":5,""11111101"":11,""01011110"":1,""11100110"":5,""00111001"":38,""00111000"":24,""01011000"":3,""01111011"":19,""01101011"":11,""00101001"":33,""10101101"":61,""00101110"":21,""11001010"":18,""11001000"":15,""10111011"":38,""11000111"":26,""00101011"":26,""00110010"":21,""11101100"":12,""01011111"":5,""00111011"":28,""10100101"":56,""11101001"":14,""11011111"":16,""10101010"":18,""01011010"":3,""11101011"":8,""11010111"":14,""10101110"":28,""11010101"":23,""11000101"":25,""00111110"":19,""10100100"":48,""11011001"":13,""10011111"":7,""00001000"":3,""11001111"":27,""00000000"":7,""01100101"":17,""01010111"":5,""00100000"":37,""11110100"":8,""11100000"":13,""10110100"":62,""01110101"":19,""01110001"":20,""11110011"":8,""00110110"":26,""10000010"":5,""11010001"":16,""01100111"":16,""00100100"":30,""11010011"":16,""00100111"":37,""00100011"":22,""00100110"":25,""11100101"":13,""10100000"":48,""00110000"":26,""01000100"":1,""10110011"":38,""10110101"":76,""10100011"":47,""00100010"":19,""10110110"":35,""11010110"":8,""01100110"":8,""10100110"":34,""11010010"":12,""01000000"":2,""11010000"":8,""00110001"":37,""00110101"":39,""01110110"":10,""00000100"":10,""01010001"":3,""00000001"":4,""00110111"":30,""00110011"":19,""11110101"":15,""11010100"":29,""10100010"":20,""01000111"":3,""10000111"":5,""11000010"":19,""01100001"":13,""01100011"":12,""11100010"":12,""01111001"":23,""11110110"":6,""11011100"":16,""11011011"":13,""00011111"":3,""00101010"":12,""11000000"":16,""00011100"":6,""01111010"":7,""10101001"":51,""00010101"":3,""00000010"":3,""11111011"":8,""01101111"":20,""10010111"":7,""10010000"":3,""11001011"":8,""10010011"":4,""01100100"":13,""11100001"":8,""00000110"":4,""01100010"":11,""11000100"":19,""00010100"":5,""00000101"":6,""11110000"":7,""01010010"":5,""10010101"":11,""00110100"":44,""10000110"":4,""11110001"":6,""01011101"":8,""10001110"":3,""00001001"":6,""10001001"":6,""00000111"":9,""11001001"":15,""00011101"":2,""11110111"":6,""00001111"":5,""01101110"":9,""01110000"":13,""10000000"":3,""11100100"":8,""01110011"":12,""11111001"":8,""01010011"":1,""10001101"":2,""10000001"":5,""01100000"":18,""10010110"":5,""11000001"":17,""10010001"":4,""10010100"":4,""11000011"":6,""10001011"":3,""11100111"":9,""01110010"":11,""11100011"":5,""10000100"":6,""11000110"":14,""01000110"":1,""01011011"":2,""00011011"":4,""11111110"":5,""11101110"":9,""10000011"":4,""01000101"":7,""00010110"":3,""10011000"":4,""01011001"":3,""10011100"":6,""00001101"":4,""00001011"":4,""01010000"":1,""00011010"":2,""00010010"":3,""00010001"":1,""01011100"":1,""00001100"":4,""00000011"":2,""01010101"":5,""00010000"":1,""11111010"":4,""10011010"":3,""10001010"":2,""10011001"":4,""00011110"":1,""01001011"":3,""01001101"":2,""01000010"":2,""10010010"":3,""01001111"":1,""01010110"":1,""10001100"":1,""00011000"":1}"
50,x,4000,0.41600000000000004,0.267,0.16449999999999998,-0.0029999999999998916,-0.07699999999999996,-0.13850000000000007,-0.10349999999999993,0.41000000000000003,"{""11110001"":6,""01011010"":14,""01101110"":38,""01101011"":24,""01101100"":116,""01101010"":87,""10101000"":16,""11011100"":20,""00001100"":20,""01101000"":95,""10011100"":35,""01011001"":11,""00101001"":5,""01011000"":20,""01110110"":39,""01001100"":11,""00011100"":47,""01010101"":9,""00001011"":10,""01111011"":24,""01111000"":90,""00001101"":13,""10001100"":26,""00011000"":48,""01111101"":23,""01101111"":10,""00001000"":36,""11001101"":6,""11001111"":6,""00110100"":23,""01111111"":13,""00101100"":24,""01111010"":53,""01101101"":50,""11001100"":11,""00001001"":12,""01111110"":25,""01011110"":7,""01110010"":70,""11011000"":21,""10101110"":7,""10100000"":16,""00001110"":12,""10011001"":18,""01001011"":7,""10010101"":18,""10000000"":32,""11010011"":12,""10011110"":11,""00011101"":22,""11010000"":18,""00001111"":9,""11001011"":7,""00101000"":18,""10011000"":45,""11011011"":7,""10001000"":20,""01111100"":61,""10111100"":11,""01011111"":4,""00101101"":4,""00111000"":30,""11101100"":7,""10000001"":7,""01001010"":10,""01011011"":5,""01010111"":7,""10001001"":10,""01100100"":97,""00110001"":14,""01010100"":17,""01100001"":25,""10101100"":6,""10010010"":34,""10100101"":6,""01100010"":54,""01110000"":117,""01100101"":38,""10111101"":8,""00100100"":21,""00010010"":30,""10000010"":22,""10110110"":5,""01100011"":18,""00010101"":17,""00000000"":33,""00110000"":35,""00010000"":37,""11110100"":3,""00010110"":14,""01100111"":12,""01100110"":52,""10110000"":27,""01110001"":30,""10000100"":24,""00010100"":28,""10110101"":5,""01000001"":5,""01100000"":77,""01000000"":18,""11010001"":8,""10010000"":54,""00010001"":23,""00110110"":6,""01010011"":13,""00000100"":23,""10100010"":12,""00010011"":9,""10111000"":18,""01000011"":5,""00110010"":26,""10110100"":15,""00000110"":17,""11000000"":11,""10010001"":16,""00100011"":7,""00010111"":7,""00000001"":7,""00110011"":16,""10000110"":16,""00100001"":7,""01101001"":35,""10001010"":29,""10001101"":10,""00011111"":4,""11000010"":12,""10010110"":12,""00011011"":13,""11011010"":16,""11001110"":4,""11111001"":6,""11011110"":7,""01011100"":17,""11111100"":4,""11001010"":9,""00111010"":14,""10010100"":26,""00011010"":29,""01001000"":13,""10101101"":7,""10011010"":26,""10101010"":7,""00101011"":5,""00011110"":9,""00011001"":18,""10011101"":11,""11111000"":8,""11010101"":7,""01111001"":36,""00100010"":16,""00001010"":15,""11000001"":7,""10000101"":8,""00000011"":7,""11100101"":3,""00000111"":9,""01110011"":32,""10100001"":2,""01010000"":24,""01000110"":6,""01000100"":7,""01110101"":34,""11101000"":9,""01010001"":7,""11100001"":4,""00100000"":7,""01010010"":7,""00101010"":23,""10001111"":2,""10101001"":7,""10111001"":8,""00111100"":14,""11001000"":11,""00111110"":7,""00111111"":6,""11011101"":7,""01011101"":6,""10001011"":3,""10110001"":4,""00111001"":8,""10111110"":3,""01001001"":2,""11011001"":5,""11111010"":3,""10101111"":3,""01001110"":5,""00111011"":13,""11111101"":4,""10011011"":5,""00101110"":6,""11101010"":5,""00110101"":5,""00111101"":9,""01001111"":1,""11101110"":3,""11111111"":5,""01110100"":49,""10001110"":11,""11110010"":4,""10111011"":5,""11001001"":5,""00100111"":4,""11010010"":9,""11110000"":8,""00100101"":7,""11010100"":11,""00110111"":5,""00000010"":13,""10100100"":5,""11000011"":4,""11100110"":3,""10100011"":2,""01010110"":6,""11100000"":5,""11111011"":2,""00100110"":4,""11111110"":2,""01000101"":7,""10101011"":3,""10110111"":3,""00000101"":15,""10000011"":5,""10110010"":8,""10010011"":10,""11000101"":3,""11100100"":4,""01110111"":21,""11010110"":5,""10110011"":5,""11100010"":4,""11000110"":9,""11000100"":7,""10010111"":8,""01000010"":7,""11000111"":3,""10000111"":8,""10011111"":4,""11110110"":1,""10111010"":4,""11101101"":4,""11011111"":2,""11101001"":2,""11010111"":2,""10100111"":1,""10111111"":1,""10100110"":1,""01001101"":1,""00101111"":1,""11110011"":1,""11100011"":1}"
51,x,4000,-0.16300000000000003,-0.2124999999999999,-0.01750000000000007,-0.02200000000000002,-0.26049999999999995,0.020499999999999963,-0.1200000000000001,0.738,"{""01101100"":27,""10011100"":13,""01111000"":43,""11110101"":2,""01111111"":98,""01101110"":36,""01101010"":40,""00101101"":11,""00001101"":17,""00001011"":28,""01011011"":41,""01111010"":38,""00101111"":17,""01011001"":18,""00011111"":105,""01011000"":13,""01111101"":42,""01111100"":60,""00110100"":5,""10011111"":25,""01101000"":28,""01101111"":59,""01001101"":10,""01101011"":76,""00111101"":2,""10011011"":22,""10011110"":12,""00011011"":80,""01101001"":59,""00111100"":6,""01010111"":25,""01001010"":14,""00101010"":5,""00011101"":41,""00011110"":52,""01111001"":32,""01011111"":34,""10001101"":7,""10011101"":13,""00001001"":31,""00111111"":10,""01111011"":59,""00011100"":40,""00001110"":13,""00011010"":42,""01001001"":16,""01111110"":53,""01110001"":40,""10111011"":2,""00001111"":30,""11111111"":7,""00010111"":102,""01110011"":71,""11101001"":4,""01101101"":48,""00111001"":4,""00101001"":10,""00011001"":45,""00011000"":42,""01100110"":41,""11101110"":3,""11011000"":3,""10010001"":9,""00000110"":17,""10011010"":8,""11111011"":4,""00101011"":12,""00001000"":22,""01001110"":14,""11111000"":2,""00001010"":16,""10111111"":7,""11001001"":4,""01011100"":19,""01011101"":10,""00100111"":10,""01001011"":16,""11011111"":6,""01110111"":112,""01110110"":70,""10001111"":6,""11101011"":9,""01100000"":46,""10001001"":6,""01000001"":7,""11011011"":1,""01110100"":43,""01110000"":54,""10011000"":9,""00010011"":89,""00000010"":20,""00010100"":53,""00111011"":7,""11111101"":5,""11101111"":7,""01100011"":56,""10011001"":9,""01001000"":8,""10010000"":13,""00111000"":4,""00000011"":30,""11101010"":2,""00001100"":5,""00110111"":11,""01011110"":22,""10101001"":1,""11000100"":2,""01001100"":8,""00101110"":8,""00010110"":44,""11011001"":6,""10111110"":2,""10101111"":3,""11001010"":1,""00010010"":50,""01010101"":6,""00010000"":47,""00000111"":24,""10010011"":18,""00110010"":2,""00100101"":5,""01100100"":23,""10010110"":20,""10010111"":19,""00010001"":41,""01110010"":55,""11110111"":11,""01100111"":57,""00110001"":4,""00000100"":21,""10100000"":5,""01100001"":29,""11110110"":5,""10110100"":2,""01000100"":9,""01000111"":19,""01100010"":37,""01000101"":10,""10010100"":15,""10010010"":11,""11100111"":10,""01110101"":29,""00000101"":9,""10000101"":3,""00000000"":14,""01010100"":15,""10000011"":11,""10110110"":2,""10010101"":7,""11100000"":1,""01010000"":16,""01000000"":9,""00100010"":6,""00110101"":1,""01010011"":29,""01000110"":10,""01100101"":22,""01010110"":17,""00000001"":16,""11100100"":4,""11110010"":4,""11110000"":2,""01010001"":12,""10100100"":2,""01010010"":12,""11010111"":7,""11110011"":2,""01000010"":10,""10111100"":1,""10001011"":11,""10100011"":3,""01011010"":8,""01001111"":11,""00100001"":10,""11100110"":3,""10000000"":7,""10110011"":4,""00100000"":7,""00010101"":22,""10100101"":1,""00110110"":5,""00110011"":6,""11100011"":2,""10110111"":2,""11110001"":2,""00101100"":5,""11000000"":2,""01000011"":16,""11110100"":2,""10000001"":7,""00100011"":10,""11000110"":1,""00110000"":2,""10000111"":2,""11001101"":1,""11000111"":1,""10100110"":1,""11010000"":2,""00100110"":3,""10100001"":4,""11010100"":2,""11100001"":3,""11100101"":3,""11111010"":4,""11111110"":4,""00111010"":4,""00101000"":5,""11011101"":1,""11011100"":3,""10001110"":4,""11010011"":5,""11101100"":3,""00111110"":3,""10101100"":2,""11100010"":1,""11111100"":4,""10110010"":3,""10101011"":1,""11001111"":1,""10101101"":2,""10001100"":4,""10001010"":1,""11000001"":1,""11000011"":2,""11010010"":2,""11000101"":1,""10111010"":2,""11101101"":1,""00100100"":1,""10110000"":3,""10000010"":1,""11101000"":1,""10110001"":1,""11010101"":1,""10101000"":1,""10111001"":1}"
52,x,4000,0.26,0.14900000000000002,0.17900000000000005,0.009000000000000008,0.20650000000000002,-0.01550000000000007,0.11050000000000004,0.514,"{""00101001"":34,""00011101"":10,""01101110"":25,""11111001"":4,""00001010"":26,""01001110"":33,""10001100"":12,""01001001"":18,""10101100"":7,""01011000"":42,""11001100"":5,""01001000"":41,""00001000"":46,""00110101"":15,""10111000"":11,""00111000"":33,""10001101"":8,""01001010"":29,""01101000"":78,""00101010"":33,""00001011"":19,""10001000"":35,""00111100"":25,""01101100"":35,""01101010"":27,""00110001"":26,""01111111"":14,""00111011"":10,""00001111"":14,""00001001"":27,""11010010"":4,""00111101"":14,""10011011"":16,""00100000"":68,""00001110"":32,""01111000"":39,""01001100"":27,""01110100"":18,""11001001"":2,""11110010"":1,""10100000"":16,""01011110"":18,""01111010"":20,""10011000"":27,""01011010"":21,""11001111"":5,""01001011"":13,""00101110"":30,""00111110"":24,""00001100"":31,""00011000"":24,""10101101"":2,""01011100"":44,""00011110"":9,""01000010"":44,""01111011"":8,""01111100"":29,""10011110"":10,""01011111"":19,""01101111"":25,""00000000"":62,""01111101"":16,""10011111"":13,""10011101"":11,""00011100"":17,""10011001"":16,""00101100"":27,""00111001"":13,""10000001"":22,""00010000"":18,""10011010"":16,""00101111"":29,""00101000"":49,""01101001"":35,""00000001"":35,""00101101"":22,""01101011"":21,""01000000"":59,""00101011"":24,""01001111"":9,""00010100"":9,""01101101"":14,""10001011"":11,""10001001"":16,""01111110"":18,""01010000"":23,""00000010"":42,""00100010"":28,""11101000"":11,""10101010"":6,""01000100"":35,""01011011"":19,""10111011"":5,""10001111"":6,""10101111"":5,""01110001"":10,""10001010"":19,""11101100"":9,""10101110"":10,""01111001"":16,""01011101"":14,""11011100"":3,""11100011"":4,""11111100"":5,""00110000"":45,""11111111"":1,""11000110"":2,""10111100"":16,""10011100"":18,""10010110"":18,""10111111"":2,""11101001"":10,""11100000"":17,""00111010"":21,""10101000"":16,""00011010"":14,""00111111"":20,""00010110"":13,""00000100"":27,""01001101"":14,""10100101"":4,""00110100"":32,""11111010"":6,""10000100"":21,""00011001"":11,""00011111"":11,""01011001"":14,""10101001"":9,""11011000"":3,""11001000"":4,""00100001"":36,""00001101"":5,""10101011"":5,""01110111"":19,""01100000"":69,""11011001"":2,""11001110"":5,""01100011"":26,""01110000"":26,""11101101"":1,""10000011"":22,""11011011"":3,""11110100"":3,""00100100"":26,""00100101"":12,""01010001"":21,""01010111"":16,""10010000"":22,""10010101"":9,""10000010"":28,""01010011"":14,""01010100"":16,""00000110"":25,""10110011"":1,""01100111"":23,""01110110"":17,""00010101"":8,""10000000"":46,""01100010"":49,""10010001"":17,""01110101"":18,""10110101"":10,""00110011"":12,""01100001"":42,""00100011"":19,""00100110"":28,""10010100"":18,""10110100"":4,""10111101"":3,""00000101"":11,""10010010"":12,""01110010"":26,""10000110"":20,""10100001"":11,""01100100"":23,""00010001"":11,""01000011"":20,""01000001"":24,""11000001"":4,""10100111"":5,""10100011"":5,""00000111"":17,""10000111"":11,""01000110"":13,""01110011"":11,""11000000"":4,""01000111"":13,""10110010"":6,""00110010"":31,""00110111"":13,""00100111"":15,""01010101"":15,""10010011"":9,""11100001"":6,""01010110"":18,""11100101"":5,""00010011"":10,""00110110"":19,""01010010"":12,""11110101"":2,""11111011"":1,""11100010"":10,""11100110"":3,""01100110"":20,""01100101"":14,""11100111"":3,""10001110"":14,""10110000"":15,""11101110"":9,""00010010"":6,""01000101"":15,""10010111"":14,""00000011"":19,""10100010"":6,""11010111"":1,""11110110"":3,""10100110"":6,""00011011"":13,""11100100"":10,""00010111"":9,""11110011"":1,""11101011"":4,""11000010"":2,""11110000"":3,""11010001"":2,""10100100"":3,""10110111"":4,""11010100"":2,""10110110"":3,""10000101"":6,""11101111"":7,""11111000"":2,""11111110"":2,""11000011"":2,""10111001"":5,""10111110"":5,""10111010"":6,""11111101"":2,""11101010"":2,""11011111"":1,""11000100"":2,""11000111"":1,""10110001"":2,""11110001"":3,""11110111"":3,""11010110"":2,""11010101"":1}"
53,x,4000,-0.04849999999999999,0.16349999999999998,-0.045500000000000096,0.03400000000000003,0.019000000000000017,0.008499999999999952,0.08350000000000002,0.698,"{""01111110"":47,""00101101"":11,""00001101"":51,""00011111"":45,""01001001"":7,""00011101"":112,""00011011"":19,""01111101"":68,""10011110"":13,""01111111"":31,""01100010"":96,""01101000"":32,""01101010"":68,""01110001"":55,""01111011"":27,""01111100"":48,""00000001"":96,""00001001"":59,""10011010"":19,""00001111"":23,""00111110"":12,""00011100"":36,""11011001"":2,""10101101"":5,""01101001"":51,""01100110"":48,""01101011"":25,""01011101"":14,""00001110"":37,""11100011"":3,""00010010"":47,""01100111"":30,""00011000"":40,""00111000"":9,""01100001"":98,""10100010"":6,""10011001"":13,""01000001"":15,""01011001"":7,""01111001"":49,""00001100"":41,""01011111"":4,""01100011"":33,""01011100"":8,""01101101"":84,""10001110"":12,""00111101"":15,""00011001"":36,""01101111"":45,""11001101"":1,""11011111"":2,""01101110"":55,""01001101"":5,""01101100"":35,""10001101"":12,""01001111"":3,""10011011"":7,""00111001"":7,""00011110"":55,""00001011"":21,""10000001"":27,""00010111"":27,""10000000"":10,""11000000"":4,""01100101"":78,""10000111"":3,""01110100"":41,""00010101"":95,""01010001"":3,""00010011"":23,""10010011"":13,""00000011"":21,""00000000"":51,""00010001"":50,""11100000"":3,""01110010"":40,""01110000"":33,""00000111"":24,""01110101"":59,""01111010"":27,""00010000"":42,""00000101"":37,""00010100"":37,""00000100"":38,""01110111"":18,""00000110"":39,""01110011"":20,""01110110"":46,""00100101"":15,""01010101"":16,""00010110"":53,""00110110"":9,""10010100"":14,""11100110"":2,""00000010"":53,""10010001"":11,""00100010"":8,""00100110"":8,""00100001"":12,""11000001"":2,""10001010"":10,""01100100"":40,""11111111"":3,""10011100"":8,""11101011"":3,""11001110"":1,""00011010"":38,""10010000"":11,""11101111"":5,""10011101"":31,""01111000"":24,""00111011"":5,""10011111"":10,""00101111"":6,""00101000"":4,""11111000"":2,""10010010"":11,""00101100"":8,""01100000"":56,""10001001"":19,""10000011"":4,""10001100"":4,""00001000"":37,""00111010"":10,""10011000"":12,""11111101"":5,""11100001"":9,""00100000"":11,""00001010"":38,""00110010"":12,""00101001"":9,""10101011"":2,""10001000"":4,""11111100"":7,""10001011"":8,""11001111"":1,""10001111"":8,""00101010"":11,""01001100"":5,""10111101"":7,""00111100"":8,""00111111"":5,""01001110"":3,""10101000"":4,""01001010"":5,""00101110"":11,""10111001"":7,""00101011"":5,""10000010"":7,""01001011"":2,""11001010"":2,""11001011"":1,""11011101"":5,""01011011"":3,""01011000"":2,""01010100"":2,""10010111"":16,""11110000"":1,""11100100"":3,""00110100"":13,""00100100"":5,""10100101"":5,""10010101"":28,""10000110"":7,""10010110"":6,""01010000"":5,""01011010"":2,""01000110"":8,""01011110"":6,""10100100"":2,""10111111"":3,""00110001"":14,""01000010"":5,""11010010"":2,""10100001"":4,""01000000"":7,""01010111"":5,""10000101"":8,""01010010"":8,""10000100"":5,""01010110"":6,""11010110"":3,""10111100"":5,""11101000"":2,""11011110"":3,""00110011"":6,""10111000"":2,""01000111"":5,""00110111"":7,""00100111"":10,""01010011"":3,""11100111"":6,""00110000"":11,""10100000"":3,""11110110"":2,""11000111"":1,""10110011"":1,""00110101"":7,""11010100"":1,""10110010"":3,""01000101"":9,""11110001"":3,""11000101"":1,""00100011"":5,""10100111"":3,""11100101"":4,""11010101"":1,""01000100"":3,""11111001"":1,""11110100"":3,""10100110"":2,""11101010"":5,""11101001"":5,""11101101"":6,""11101110"":5,""11110011"":2,""11001100"":1,""11001001"":3,""11100010"":3,""10111110"":5,""10101111"":3,""11011011"":2,""11110101"":3,""11110010"":2,""10110100"":2,""10110110"":3,""10101010"":2,""10110001"":2,""10111010"":1,""01001000"":1,""01000011"":2,""11011100"":2,""10101100"":1,""11010000"":1,""11000110"":2,""11011010"":1,""11011000"":1,""10110111"":1,""11111110"":1,""11110111"":2,""10110101"":2}"
54,x,4000,-0.12949999999999995,0.18700000000000006,0.31599999999999995,0.035499999999999976,0.27,-0.07250000000000001,-0.4205000000000001,0.6819999999999999,"{""01101000"":84,""10100000"":3,""00001001"":45,""01101100"":30,""01101110"":42,""01101001"":155,""00111001"":25,""01111101"":25,""01001001"":73,""00101001"":17,""11011011"":7,""00011000"":20,""11111101"":3,""01111100"":18,""00101111"":7,""01011000"":29,""01001010"":27,""01011001"":52,""00001110"":17,""01111011"":26,""01011010"":23,""11111011"":3,""01111000"":25,""11001110"":4,""10011101"":4,""00011010"":23,""00011100"":4,""00001000"":21,""01101010"":103,""00100010"":11,""10011010"":8,""10011100"":5,""01011111"":21,""01010001"":29,""11101001"":11,""01011100"":9,""11011001"":16,""10001001"":16,""01101101"":44,""01111111"":13,""00001010"":16,""01111110"":25,""01110001"":73,""10011011"":11,""00001111"":12,""01110110"":29,""00101000"":8,""01001101"":32,""11001101"":4,""00011001"":25,""11011110"":2,""01111001"":67,""01000110"":35,""00011011"":14,""01100001"":176,""01001110"":27,""10011000"":9,""01111010"":27,""01100111"":45,""00001101"":22,""00000011"":19,""11101010"":8,""01011110"":19,""00011111"":14,""01101011"":46,""11110011"":5,""10010011"":5,""01010000"":17,""11100010"":7,""10010000"":6,""11010110"":3,""10010010"":5,""11000001"":21,""11000000"":12,""00100001"":16,""01010110"":13,""10110011"":1,""01000001"":104,""10000001"":18,""01100000"":102,""11000011"":12,""00000010"":25,""01000101"":38,""01100010"":72,""01110000"":22,""00110001"":23,""00110101"":8,""01110010"":29,""00010101"":12,""00010000"":12,""01110011"":18,""10100101"":6,""00000001"":49,""00110000"":13,""11100101"":4,""11100100"":6,""01000111"":16,""00011101"":13,""11110101"":2,""01100011"":50,""10110101"":5,""11000010"":12,""00110010"":9,""01101111"":55,""00000111"":8,""10000110"":5,""00110011"":7,""01010010"":22,""01110100"":28,""00010010"":18,""11010011"":6,""10000000"":12,""01000000"":40,""01001111"":15,""11010010"":8,""01000011"":28,""11010001"":7,""00111010"":3,""10000101"":6,""10010110"":6,""10000010"":12,""01100101"":57,""11110111"":4,""01010011"":20,""11100001"":15,""01100110"":39,""00010001"":29,""11110001"":7,""10100110"":3,""11010000"":2,""00110100"":7,""00000101"":24,""10110110"":2,""00000110"":16,""01000010"":41,""01110111"":17,""00110111"":10,""10110100"":2,""01000100"":21,""00110110"":10,""00000000"":24,""01010111"":14,""11100011"":6,""10100010"":1,""11100111"":6,""10111001"":7,""00100000"":10,""00100011"":11,""01100100"":35,""00010110"":7,""10000111"":5,""10100011"":2,""10001011"":5,""10111111"":1,""11101110"":7,""00111100"":8,""01001011"":18,""11111000"":4,""10101000"":3,""01001000"":20,""10111011"":1,""00111011"":6,""01011011"":26,""11111100"":2,""00001011"":12,""11011010"":7,""10111000"":2,""00101010"":15,""01011101"":19,""11000101"":6,""11101011"":6,""00101101"":16,""11001001"":11,""11011000"":9,""01110101"":28,""11000100"":3,""11100110"":4,""11000111"":2,""10010001"":10,""10011111"":4,""01010101"":13,""11110100"":2,""10010100"":3,""10010101"":4,""00000100"":19,""01010100"":8,""00100101"":8,""11111010"":3,""00001100"":12,""11111110"":2,""10001100"":6,""10111010"":3,""11101101"":4,""11001111"":1,""11001010"":8,""10001010"":6,""11111001"":8,""00111000"":5,""10001101"":7,""11001011"":4,""11011111"":2,""01001100"":17,""10101100"":3,""00101011"":10,""00111101"":8,""00101100"":3,""11110110"":8,""10000100"":5,""11000110"":2,""11110010"":6,""10000011"":7,""11011100"":2,""00010011"":10,""00100110"":1,""00010100"":15,""11100000"":9,""00100111"":7,""10100001"":7,""00010111"":5,""11010111"":2,""10011001"":6,""00111110"":10,""00101110"":8,""11101100"":1,""10101010"":3,""00011110"":8,""10001111"":2,""11011101"":3,""10101001"":7,""10010111"":2,""11110000"":3,""11101111"":2,""11101000"":3,""10001110"":5,""10011110"":5,""11010101"":4,""10110001"":5,""11001100"":1,""11001000"":3,""00111111"":2,""10111101"":1,""10110010"":2,""11111111"":3,""00100100"":1,""10001000"":3,""10111100"":1,""10110000"":2}"
55,x,4000,0.05600000000000005,0.10299999999999998,-0.0535000000000001,0.0020000000000000018,0.23299999999999998,-0.010000000000000009,-0.10899999999999999,0.5965,"{""01100001"":56,""01100011"":53,""01010011"":26,""00000101"":25,""10110100"":5,""10000110"":25,""00010001"":14,""10100110"":5,""01100000"":47,""01110100"":37,""10000001"":19,""01000100"":40,""01100101"":45,""00000110"":29,""00100101"":15,""10000000"":19,""01100010"":36,""10010100"":5,""10100000"":13,""10000111"":15,""01110011"":19,""00100100"":24,""01000101"":26,""10110111"":3,""10000011"":6,""00100111"":15,""00110110"":10,""01010110"":16,""11100001"":7,""10000100"":34,""01100111"":54,""11000000"":2,""01011000"":30,""01000111"":27,""01000010"":23,""00000100"":41,""00110000"":14,""10101000"":9,""01101100"":52,""01111011"":23,""01110000"":48,""00110111"":17,""11100011"":5,""00101010"":14,""01110111"":46,""00100011"":12,""10000101"":17,""11110110"":1,""00000010"":11,""01001001"":22,""01010010"":17,""01110101"":24,""01000001"":24,""00011101"":11,""11000101"":1,""01010111"":28,""01010000"":24,""11000100"":2,""01011101"":20,""11110000"":5,""10100010"":8,""10000010"":23,""10100001"":14,""00000111"":39,""01010001"":32,""00011111"":15,""01001010"":19,""10100111"":11,""11101000"":7,""10010001"":12,""01010101"":22,""01100100"":68,""00110011"":9,""01011100"":21,""10100100"":9,""01001110"":36,""11101001"":3,""00111111"":13,""10011001"":9,""01001000"":43,""01101111"":42,""00011010"":12,""11011100"":1,""01101101"":42,""00101100"":20,""00001011"":26,""01001111"":36,""00001101"":31,""00111001"":18,""01101010"":47,""01011010"":28,""00101001"":24,""00001111"":30,""00111110"":24,""01111001"":26,""00011000"":11,""00001010"":23,""10111100"":5,""01011001"":28,""01011111"":17,""01000110"":20,""01101011"":38,""01111000"":32,""00001100"":46,""01001100"":45,""01111010"":18,""00111100"":20,""10101111"":4,""00011001"":19,""01101110"":53,""01111110"":30,""10101100"":9,""01001011"":15,""01111111"":36,""01101001"":43,""00101000"":17,""01111101"":19,""01001101"":28,""10001001"":13,""00001001"":23,""10111001"":2,""10111010"":4,""01111100"":34,""10001000"":26,""00011011"":9,""01011011"":22,""01101000"":55,""00001000"":38,""10001011"":7,""00000000"":41,""00111101"":10,""01100110"":39,""00101111"":21,""10001110"":22,""01011110"":23,""10011011"":9,""11001010"":3,""00101101"":13,""00000011"":28,""00101110"":12,""00011100"":12,""10001101"":12,""00111010"":13,""00111011"":7,""11001111"":3,""10001111"":14,""10001100"":29,""00011110"":6,""11101101"":3,""10100011"":4,""10011110"":9,""00001110"":31,""10011010"":8,""11111001"":2,""00010010"":12,""00110001"":15,""10011100"":13,""11001101"":2,""11001100"":2,""01110010"":19,""10110101"":7,""11010101"":3,""01010100"":30,""00010100"":17,""00010111"":7,""10010011"":14,""11111011"":5,""00100110"":15,""00100010"":8,""00010101"":9,""01110001"":22,""00110101"":11,""11101111"":5,""01000011"":10,""00010110"":14,""10010010"":4,""10010101"":13,""11110111"":5,""11110100"":4,""10010110"":6,""00000001"":25,""11010011"":2,""01110110"":24,""00110100"":15,""00100000"":16,""00100001"":20,""10010000"":13,""00110010"":6,""11110011"":3,""10010111"":6,""10011111"":8,""11100010"":3,""00010011"":7,""10100101"":8,""01000000"":19,""11010010"":3,""11000111"":2,""10110001"":9,""11000110"":3,""11000010"":2,""10110110"":5,""11010000"":1,""00111000"":17,""11100101"":8,""11110101"":1,""11011101"":2,""11001011"":2,""00101011"":12,""11111000"":4,""11101100"":4,""11100111"":4,""11001001"":3,""11101110"":3,""11101011"":7,""11101010"":3,""10101010"":6,""11111100"":5,""10110000"":7,""00010000"":10,""10110011"":3,""11010110"":1,""10011000"":11,""10101001"":7,""11011011"":1,""10111111"":4,""11100100"":4,""10111110"":3,""10111101"":2,""10001010"":9,""11111010"":3,""10101110"":6,""11000011"":2,""10101101"":7,""10011101"":5,""10101011"":3,""10111011"":5,""11100000"":5,""11010100"":1,""10110010"":2,""11001000"":1,""11111111"":4,""10111000"":9,""11100110"":3,""11110001"":2,""11010111"":1,""11000001"":1,""11011010"":2,""11011110"":1,""11011111"":4,""11011001"":1,""11010001"":1}"
56,x,4000,0.041000000000000036,0.1725,0.2875,-0.009500000000000064,0.24850000000000005,0.020000000000000018,0.10299999999999998,0.4075,"{""01010010"":8,""01100001"":18,""11100011"":18,""01110101"":12,""00001011"":27,""01000111"":34,""10101111"":9,""00100000"":79,""00100001"":42,""00011000"":18,""01100100"":16,""01010000"":56,""01100011"":54,""10010011"":17,""00000101"":9,""01000011"":69,""01000001"":35,""10000100"":13,""01001001"":22,""11000001"":2,""11100001"":15,""01100000"":40,""00110111"":10,""00101100"":39,""10000000"":51,""00100100"":38,""00000111"":12,""01100111"":13,""10010100"":17,""00010011"":5,""00100010"":27,""11100101"":10,""10010101"":13,""00101011"":53,""00101010"":35,""10010111"":9,""00101001"":42,""00100011"":58,""00110000"":29,""00010100"":7,""00010010"":3,""00000011"":33,""10000110"":6,""10010010"":9,""11100111"":7,""10011010"":21,""11010100"":5,""00010101"":3,""01010100"":33,""10010000"":28,""01000010"":23,""00110101"":24,""01001100"":30,""00000000"":40,""00000110"":9,""01010001"":35,""11001100"":7,""01010111"":20,""01010110"":16,""10000001"":25,""10100011"":23,""00001111"":11,""01110010"":3,""01110001"":17,""10000011"":31,""01011000"":70,""01010011"":28,""00100110"":23,""11011011"":3,""00000100"":6,""00101110"":19,""01011110"":12,""00110001"":27,""10100100"":10,""01000000"":61,""01000101"":19,""00111000"":35,""10000111"":16,""01010101"":23,""00110100"":32,""01000110"":15,""11110101"":4,""11110111"":2,""11100000"":16,""00010111"":3,""00000001"":16,""10011001"":22,""00110011"":16,""00100101"":25,""11010001"":6,""00011101"":4,""10111010"":4,""10110011"":5,""10000010"":12,""00010000"":13,""10010001"":18,""01000100"":27,""10110100"":5,""00100111"":26,""10100000"":31,""10011000"":46,""01011001"":33,""01111001"":15,""10100111"":9,""01110000"":14,""11110000"":2,""10110101"":7,""10110010"":4,""01110100"":8,""01111010"":12,""01001000"":64,""11101000"":20,""10001000"":40,""00101000"":81,""00101111"":34,""11011100"":3,""01111011"":12,""01101110"":15,""11011000"":7,""00111100"":37,""10001100"":17,""10101000"":26,""00001100"":13,""11011010"":2,""11011001"":7,""01111101"":6,""00111001"":30,""00011110"":2,""10001111"":17,""00001000"":24,""00111011"":21,""00111110"":12,""00001001"":16,""10011100"":17,""01101011"":40,""11011110"":4,""01011100"":32,""01111000"":12,""01011011"":28,""10111001"":4,""01100110"":8,""01111111"":9,""00011100"":6,""10101100"":16,""11111000"":7,""00001110"":8,""11001000"":11,""10011111"":9,""01101000"":40,""01001010"":26,""10011110"":15,""11101011"":12,""01001011"":55,""11001001"":1,""10100001"":14,""10100010"":3,""01011101"":21,""00010110"":4,""00110010"":13,""11001111"":4,""11010111"":3,""00101101"":25,""10110111"":4,""11100110"":6,""11100010"":7,""01110011"":13,""00001101"":6,""10001010"":16,""01101111"":13,""01001110"":18,""11111110"":1,""00011001"":9,""10011011"":11,""00111101"":14,""11101010"":5,""10001101"":7,""01011010"":25,""01001111"":30,""11111010"":2,""00111010"":20,""01110110"":5,""11101111"":6,""00011011"":1,""01101001"":15,""10101001"":14,""00011010"":8,""01101100"":18,""11001101"":5,""11000011"":8,""01011111"":16,""01001101"":19,""10001011"":27,""11110110"":2,""01100101"":3,""10101101"":8,""01100010"":6,""11110011"":4,""00111111"":10,""11000110"":1,""00110110"":13,""01111110"":6,""11101110"":5,""01101010"":17,""10001001"":13,""11111101"":4,""10011101"":10,""10101110"":5,""11011101"":3,""00000010"":5,""01110111"":6,""11101100"":5,""01101101"":4,""10101010"":16,""11000100"":3,""00011111"":3,""10101011"":18,""01111100"":13,""11111111"":3,""11101101"":3,""10111100"":8,""11111011"":3,""10001110"":10,""00001010"":9,""11001011"":5,""11001010"":2,""10111000"":11,""10111111"":3,""11000000"":10,""10000101"":14,""10110001"":5,""10100101"":9,""11000101"":3,""10110000"":8,""11100100"":7,""00010001"":7,""11110001"":3,""10010110"":3,""10100110"":5,""11111100"":2,""10111101"":5,""10111110"":1,""11111001"":2,""11010101"":4,""11110100"":4,""11000111"":2,""11110010"":1,""11101001"":3,""10110110"":2,""10111011"":5,""11010011"":2,""11011111"":1,""11010000"":2,""11010010"":1}"
57,x,4000,0.0635,-0.10650000000000004,-0.15349999999999997,-0.0129999999999999,0.09750000000000003,0.07550000000000001,0.5225,0.5155000000000001,"{""10100110"":7,""01110100"":12,""01010010"":5,""00110010"":23,""00010110"":47,""00101010"":49,""00000110"":42,""00000101"":26,""00010001"":29,""00000100"":71,""01110011"":11,""00101111"":68,""01100011"":5,""10010000"":24,""00100111"":66,""00011101"":23,""00100101"":22,""00100010"":36,""01100001"":10,""10010100"":17,""00001000"":37,""00010000"":40,""01101000"":13,""00000010"":47,""01100110"":9,""01011101"":10,""10000011"":15,""01010011"":3,""00010100"":18,""11100100"":9,""10011001"":24,""00010011"":17,""00000000"":34,""11010111"":5,""00010010"":23,""11010000"":7,""10000111"":25,""10100100"":14,""10000100"":19,""01110101"":11,""10000010"":16,""01011001"":10,""10010110"":28,""00101000"":36,""00100110"":58,""00100001"":29,""00100100"":69,""10010111"":43,""00010111"":57,""01010111"":15,""01000110"":11,""11100111"":14,""00110011"":31,""00101110"":68,""01100101"":7,""01000000"":14,""00101100"":54,""01110110"":20,""10001111"":31,""00011001"":38,""10000110"":19,""01110001"":23,""00000011"":50,""00110000"":45,""11010100"":10,""00100000"":33,""01000010"":3,""10011011"":18,""10010010"":14,""01100000"":10,""01111000"":22,""10010011"":11,""10011101"":10,""01101011"":6,""00001010"":31,""00101001"":37,""00001011"":30,""10011110"":26,""00101101"":24,""00111111"":47,""11101000"":6,""11011010"":1,""00001111"":55,""00001100"":54,""10101111"":13,""10011100"":22,""01001000"":7,""00111011"":30,""11001001"":4,""10001011"":13,""11101010"":9,""01111010"":12,""00001001"":17,""00011111"":66,""00111000"":28,""01101110"":16,""00111100"":23,""01000111"":21,""11101011"":5,""11101100"":12,""11011100"":3,""10000101"":9,""10101110"":6,""10001001"":9,""11111000"":5,""00111110"":31,""10011111"":34,""01111100"":19,""01001111"":19,""01001101"":9,""10001010"":18,""01111110"":11,""01111001"":11,""01101001"":9,""00001110"":41,""00101011"":28,""00000111"":56,""01111101"":10,""10101000"":3,""00001101"":22,""01000100"":21,""10111000"":4,""11111111"":3,""01111011"":8,""10011010"":22,""00111010"":19,""00011000"":41,""00011010"":35,""01101010"":9,""00011100"":33,""10111111"":3,""01001010"":6,""01111111"":25,""01001100"":15,""00011110"":42,""10101010"":4,""11111011"":2,""01101111"":18,""10001100"":21,""00111001"":18,""10001000"":7,""11011000"":4,""11100101"":7,""10101001"":7,""01001110"":15,""11101001"":7,""10011000"":23,""01011110"":13,""00011011"":26,""01001011"":7,""10100000"":6,""01011000"":6,""11001011"":1,""11010110"":4,""10001110"":15,""01001001"":5,""11111001"":2,""01100111"":19,""01011111"":12,""00100011"":30,""01011010"":9,""10111011"":2,""00111101"":17,""01100100"":11,""10001101"":11,""11011110"":8,""11101101"":6,""10101011"":3,""01000011"":12,""11100010"":4,""10000000"":13,""00110111"":30,""10010001"":9,""10000001"":9,""01010110"":5,""01010001"":8,""01110111"":24,""11010101"":2,""01000101"":9,""00000001"":23,""00110101"":18,""00110110"":19,""10100111"":9,""10110110"":4,""10010101"":10,""00110001"":18,""01011100"":7,""10101101"":3,""01011011"":2,""11111110"":5,""10101100"":5,""11110110"":3,""11000011"":2,""01110010"":13,""00110100"":32,""10100011"":4,""11100110"":10,""10111010"":4,""10100001"":5,""11000110"":3,""00010101"":15,""11001110"":2,""01010100"":3,""10110011"":4,""11000000"":1,""01100010"":8,""10100101"":7,""11111100"":4,""11110100"":1,""10110100"":4,""11100011"":5,""01101101"":10,""10111110"":2,""11101111"":12,""11011101"":4,""01110000"":14,""11000100"":3,""11110111"":2,""11011001"":3,""01000001"":4,""01010101"":2,""11000111"":2,""11000010"":2,""11110101"":1,""11001010"":3,""11111010"":2,""01101100"":12,""10110101"":2,""11101110"":7,""11000001"":2,""11100000"":4,""10100010"":3,""10110000"":3,""11001111"":3,""10110001"":2,""01010000"":3,""11111101"":2,""11110001"":1,""11001101"":2,""11011111"":1,""11010010"":2,""11100001"":4,""11010001"":2,""11001000"":2,""11110000"":2,""11010011"":1,""11110010"":1,""10110111"":2,""10110010"":1,""10111100"":1,""10111001"":1}"
58,x,4000,0.26349999999999996,-0.1299999999999999,0.131,-0.0029999999999998916,0.394,-0.23649999999999993,0.5295000000000001,0.622,"{""00000110"":28,""00100100"":66,""10100110"":11,""00010101"":8,""01000111"":22,""11100100"":10,""00000000"":53,""10101010"":15,""00100010"":125,""10010010"":21,""00110010"":45,""00000001"":27,""01100000"":15,""01110000"":8,""00100000"":137,""10101001"":12,""01010110"":12,""00000011"":18,""00000010"":56,""01100110"":17,""00100110"":116,""01000101"":17,""00100001"":63,""01100001"":4,""00110111"":32,""00100111"":97,""00011110"":26,""00001111"":28,""00000101"":17,""10110011"":3,""10011101"":10,""00100011"":48,""10010001"":6,""11000101"":1,""00010110"":19,""00100101"":60,""10100010"":9,""01000010"":19,""00110100"":27,""00000111"":24,""01000000"":22,""01000100"":12,""00010111"":11,""00110001"":21,""01001100"":13,""00111011"":16,""10000010"":16,""00011010"":75,""01010000"":8,""00010010"":47,""10010111"":9,""11100110"":12,""00001001"":24,""01100111"":13,""01010100"":7,""00001010"":51,""10011001"":7,""11100000"":25,""00101010"":177,""00110011"":13,""01010101"":7,""00110000"":40,""01010001"":11,""10000100"":5,""11101010"":32,""10011011"":3,""11000001"":1,""00101110"":102,""10100001"":6,""01100011"":7,""00101101"":57,""00010001"":18,""11100010"":27,""10000111"":7,""00101100"":62,""00001100"":23,""00101000"":83,""01000011"":11,""01010010"":13,""10100111"":12,""10000001"":4,""01000110"":29,""11100001"":4,""10110010"":6,""10100101"":8,""10110100"":4,""10100000"":12,""01001111"":16,""00101001"":95,""10101100"":7,""01001101"":8,""01001000"":23,""01011000"":15,""01101111"":12,""00111100"":16,""00001011"":20,""00111110"":30,""00101111"":71,""11101000"":19,""01101010"":10,""00111000"":35,""01001010"":23,""01101000"":16,""10111110"":6,""00001000"":36,""01111000"":11,""10001010"":23,""00111101"":16,""00101011"":49,""11101110"":14,""01111111"":8,""11111011"":1,""10001000"":7,""01111010"":7,""01011110"":11,""01101100"":5,""01001110"":15,""01011100"":11,""00111010"":41,""01001011"":9,""00001110"":27,""00011100"":18,""01011010"":17,""11100101"":5,""00011111"":10,""01010111"":8,""01100010"":13,""00110101"":15,""10000110"":10,""01010011"":9,""00110110"":24,""11010100"":1,""10110000"":8,""01110010"":6,""10010110"":6,""01110111"":3,""10001110"":10,""01100101"":8,""10011010"":27,""11101001"":6,""01111011"":2,""00111111"":22,""01101001"":15,""00011011"":14,""01100100"":8,""10011110"":10,""10101000"":8,""00111001"":9,""11101011"":9,""11101101"":7,""01101011"":2,""00001101"":12,""01011001"":7,""11111100"":3,""10101111"":12,""10101101"":5,""10001001"":11,""01111001"":5,""10001011"":9,""00011001"":17,""01011011"":4,""01011111"":11,""11101100"":13,""01001001"":13,""10011000"":5,""11011000"":3,""11100011"":3,""11101111"":5,""00011000"":13,""10101110"":5,""01101110"":10,""11001010"":1,""10111111"":3,""10100100"":5,""10111100"":2,""11001111"":2,""11011010"":7,""10001111"":11,""11111000"":5,""00011101"":8,""11111010"":4,""10001100"":10,""11110011"":2,""10111010"":6,""01011101"":8,""11111101"":1,""01111100"":3,""00000100"":22,""01111110"":4,""10111001"":2,""11111110"":3,""10010100"":7,""00010011"":9,""01110100"":2,""10010000"":7,""10000101"":7,""10011111"":5,""01111101"":2,""10011100"":7,""01000001"":10,""10111011"":3,""11001110"":1,""10101011"":2,""01101101"":5,""11001011"":2,""11010010"":6,""10100011"":6,""01110110"":8,""00010100"":10,""11010001"":4,""00010000"":9,""10000000"":7,""01110101"":4,""11000100"":2,""10110111"":2,""10010101"":3,""10000011"":4,""11000010"":1,""10010011"":5,""11110001"":4,""11110000"":1,""11100111"":9,""11011011"":1,""11000110"":1,""11000000"":1,""11110101"":2,""01110011"":1,""01110001"":1,""11110010"":3,""11110111"":2,""11010111"":3,""10111000"":6,""11010110"":1,""11001100"":2,""10111101"":3,""11011110"":1,""11011101"":1,""11001000"":1,""11111111"":2,""11011100"":1,""11011111"":2,""11110100"":2,""11011001"":1,""10110110"":2,""11110110"":1,""11010000"":1,""10110101"":1}"
59,x,4000,0.01200000000000001,-0.15300000000000002,-0.016000000000000014,0.02949999999999997,0.1915,-0.5095000000000001,0.5575,0.46699999999999997,"{""00101100"":76,""00100001"":104,""00111110"":37,""10111001"":6,""00101110"":77,""00101000"":85,""01111111"":4,""10011100"":7,""00011110"":8,""00111100"":48,""11101110"":11,""11111111"":8,""01101111"":8,""00111010"":58,""01101000"":7,""10101011"":7,""00011100"":9,""10101111"":23,""00101010"":129,""01011011"":6,""00001010"":12,""10011000"":10,""00100100"":72,""10001010"":7,""00101001"":86,""00011111"":10,""00101111"":120,""11001110"":4,""10111101"":10,""01011101"":5,""00111101"":37,""00110001"":52,""11101000"":9,""00111001"":35,""00101101"":47,""11011000"":2,""01011111"":9,""10001100"":6,""00001001"":11,""00001111"":12,""00111011"":44,""01000010"":15,""00111111"":83,""01111101"":1,""00100011"":89,""00001000"":6,""00111000"":31,""10111111"":16,""11001100"":8,""10101100"":14,""01011010"":11,""00101011"":60,""10011010"":11,""11011001"":6,""11111100"":7,""00011101"":3,""00001100"":10,""11011011"":2,""10011111"":18,""01001010"":12,""11111000"":5,""10011101"":5,""11111001"":7,""10101000"":12,""01011110"":10,""00000110"":10,""00001011"":8,""11100010"":18,""00001110"":7,""00100111"":109,""11110110"":10,""10100100"":17,""00000011"":17,""10110100"":20,""11100101"":11,""00110100"":65,""00100010"":98,""00110000"":51,""00110010"":69,""00000010"":9,""00110110"":59,""00100000"":57,""01000100"":9,""00110111"":84,""10000111"":10,""00110011"":38,""10010010"":7,""00100110"":104,""01000111"":18,""00010100"":6,""11101111"":25,""10100010"":16,""11010010"":9,""01110010"":10,""00010110"":6,""01010011"":11,""00010010"":10,""10100001"":17,""10000110"":10,""01000001"":10,""11000010"":11,""10000100"":10,""11010011"":3,""11110000"":4,""01010010"":19,""10000000"":7,""10110111"":15,""00100101"":44,""00000101"":7,""01010111"":9,""00000111"":18,""10010110"":6,""01010000"":9,""10010111"":12,""00110101"":46,""01001110"":9,""01100100"":7,""00011011"":5,""10100110"":12,""10000011"":16,""01000110"":9,""00011001"":9,""11110100"":7,""01100111"":10,""11100000"":5,""10000010"":7,""10001111"":10,""10101110"":18,""11101001"":10,""01001111"":11,""10001110"":6,""10101101"":7,""01101010"":9,""11011110"":4,""10111100"":11,""11101010"":21,""01011000"":9,""11100110"":9,""11011111"":5,""01111001"":3,""01000011"":7,""01001100"":12,""01001001"":14,""11101100"":9,""10011110"":6,""01001101"":5,""10110110"":14,""01011001"":19,""01101110"":9,""11100011"":13,""11001001"":4,""01101101"":5,""10000001"":3,""10111010"":8,""00001101"":9,""10111110"":16,""11001010"":6,""10111011"":11,""00000100"":9,""11101011"":8,""01101001"":7,""10011001"":14,""01011100"":7,""11001101"":5,""10110001"":10,""01101100"":4,""10101001"":16,""11110111"":13,""01100011"":5,""11000111"":10,""00000001"":11,""00010101"":3,""01010110"":14,""10100000"":12,""11100001"":19,""10110010"":10,""11100111"":10,""01100101"":3,""01100110"":4,""01010100"":7,""11000110"":4,""10010000"":6,""11000011"":4,""10001011"":7,""01110000"":3,""10001001"":5,""11011101"":5,""11011100"":2,""10011011"":5,""01110001"":5,""11001111"":8,""11001011"":8,""11111101"":4,""00010001"":4,""01001011"":6,""10110011"":8,""01100010"":9,""11110101"":6,""01000101"":11,""11110010"":5,""10010011"":10,""00000000"":11,""00010000"":5,""10010100"":5,""10110101"":9,""10000101"":3,""11010111"":9,""11011010"":4,""10100111"":18,""11010110"":4,""01110011"":4,""10100011"":12,""00010111"":9,""00011010"":14,""01000000"":6,""11111010"":5,""10100101"":10,""00010011"":6,""11000100"":4,""11110001"":1,""10001000"":4,""01111011"":3,""10010101"":3,""10111000"":6,""01010001"":6,""11000001"":3,""01110100"":3,""01100001"":4,""11010001"":2,""10101010"":12,""11010100"":3,""01110111"":3,""01111110"":3,""11111110"":5,""10110000"":8,""11000101"":2,""01001000"":5,""11010101"":2,""11100100"":4,""10001101"":3,""11000000"":2,""01111100"":4,""00011000"":5,""01101011"":1,""01010101"":2,""01100000"":4,""01110110"":3,""11110011"":2,""11101101"":1,""11010000"":3,""11111011"":3,""10010001"":2,""01111000"":2,""11001000"":1,""01110101"":1,""01111010"":1}"
60,x,4000,-0.26550000000000007,-0.30699999999999994,0.11699999999999999,0.03200000000000003,0.09650000000000003,-0.009500000000000064,0.04749999999999999,-0.46399999999999997,"{""01100111"":18,""10100110"":64,""01100011"":16,""10100100"":15,""11001011"":57,""10100101"":20,""11010111"":62,""11011011"":30,""11110010"":15,""00100100"":1,""01000111"":16,""00000010"":5,""10111011"":70,""10110111"":48,""01000110"":15,""01110110"":13,""11100010"":11,""01110011"":22,""10001111"":28,""10010001"":16,""00011010"":11,""10100111"":87,""10010000"":12,""11010110"":19,""11110011"":32,""00000110"":6,""11000111"":47,""10010010"":12,""11000110"":23,""00101011"":12,""10110011"":48,""11110001"":19,""00000011"":12,""01000001"":10,""00000100"":2,""10100011"":60,""11000001"":27,""10110010"":25,""10110100"":13,""01110010"":8,""10000110"":12,""10110001"":34,""01010001"":16,""10111000"":18,""11000010"":24,""00100011"":6,""01110111"":17,""11011010"":19,""11000000"":24,""01010110"":12,""01010011"":11,""10100000"":28,""01101101"":15,""01110101"":6,""11001010"":22,""10110110"":27,""11010000"":26,""01010111"":17,""01100110"":14,""10100010"":43,""01100101"":7,""01010100"":7,""11110000"":4,""01000010"":9,""10011011"":25,""01100100"":8,""00010111"":16,""11010010"":19,""10010011"":28,""00010110"":10,""01110000"":7,""11110110"":12,""11100001"":8,""11110100"":5,""11010011"":39,""10110000"":14,""01100001"":17,""01001011"":29,""10101001"":55,""11111111"":16,""10101111"":54,""11011001"":29,""00001010"":5,""01101001"":14,""01111011"":22,""10101010"":47,""01111111"":21,""10001010"":24,""10111110"":23,""01011101"":6,""11010100"":11,""00011111"":13,""10101110"":54,""00011011"":21,""01001100"":9,""11100111"":14,""11001111"":37,""00001110"":6,""00101100"":5,""10100001"":88,""01101111"":19,""11011111"":42,""01101011"":21,""10101101"":46,""10101011"":82,""10111111"":28,""11011100"":16,""01111010"":12,""10111101"":16,""01001000"":8,""01110001"":9,""01111100"":5,""10011111"":23,""01011011"":19,""01001101"":9,""01111001"":7,""01011111"":14,""10001011"":51,""11101110"":6,""11101000"":5,""11001000"":18,""01001001"":8,""01111000"":5,""00001111"":10,""10000010"":23,""10001101"":8,""11001001"":27,""00011000"":6,""00001000"":3,""10111010"":19,""00111011"":3,""01001110"":9,""10101100"":18,""10000111"":40,""00111001"":4,""11011000"":12,""11111010"":18,""01001111"":9,""01101110"":10,""01100010"":13,""01111110"":11,""00011110"":7,""00101110"":1,""11111001"":14,""10011010"":19,""11011101"":15,""11011110"":20,""10011101"":4,""10001001"":18,""11001110"":23,""00001001"":6,""01101010"":10,""11111000"":4,""11101100"":2,""11010001"":53,""11111110"":12,""01000011"":29,""11111100"":7,""01111101"":6,""01011110"":10,""10101000"":28,""11001100"":13,""01001010"":11,""01101000"":11,""10111100"":6,""11111011"":30,""10010110"":16,""10001100"":9,""01010000"":9,""10011110"":7,""10111001"":20,""00001011"":17,""11101001"":9,""11101010"":7,""11001101"":16,""11101111"":15,""11111101"":8,""01101100"":3,""10011001"":9,""00001101"":5,""00011101"":4,""10011000"":5,""11101011"":15,""01011000"":5,""00111111"":1,""01011010"":5,""01000100"":8,""11000011"":31,""01010101"":6,""11000101"":18,""10000100"":10,""00010010"":8,""10000101"":9,""10000011"":33,""11110101"":5,""10110101"":10,""00010011"":19,""00110111"":5,""11100000"":4,""00110000"":4,""11000100"":18,""00000001"":7,""10010111"":23,""00100111"":9,""10000000"":7,""11110111"":19,""11100110"":6,""00111101"":2,""01011001"":9,""00101000"":3,""01110100"":5,""10001110"":18,""00111100"":2,""10001000"":11,""00011001"":4,""10011100"":6,""00010001"":11,""00010101"":9,""00101111"":1,""00011100"":4,""01010010"":9,""00010000"":7,""10000001"":15,""11100101"":4,""11010101"":12,""00110011"":4,""00000111"":7,""10010100"":7,""10010101"":5,""11100011"":7,""00100110"":5,""01000101"":5,""00010100"":6,""00110001"":3,""00000000"":5,""00100010"":3,""00111010"":2,""00101010"":4,""01000000"":4,""00110101"":2,""11100100"":3,""00110100"":3,""01100000"":2,""00100000"":3,""11101101"":2,""00001100"":2,""00101001"":3,""00111110"":1,""00100101"":4,""01011100"":1,""00110110"":3,""00000101"":1}"
61,x,4000,-0.004999999999999893,0.246,0.134,0.0024999999999999467,-0.10899999999999999,-0.15799999999999992,0.007499999999999951,-0.35250000000000004,"{""10101011"":25,""10011110"":20,""11001001"":46,""11011101"":32,""11101101"":23,""11111101"":20,""10111000"":38,""11001100"":24,""11111100"":24,""10111010"":31,""10011100"":17,""11011000"":40,""10101101"":39,""11001110"":13,""11111110"":19,""11001000"":48,""00011011"":18,""10111101"":37,""01101101"":20,""11011010"":22,""10101000"":63,""11001101"":25,""10001111"":11,""11101100"":19,""00111010"":8,""10011000"":21,""00111111"":4,""00111000"":12,""10101110"":15,""11011011"":18,""10011101"":10,""10010100"":21,""00101100"":11,""01111110"":16,""11110001"":29,""00001111"":6,""10111111"":16,""10110111"":24,""00011110"":9,""01111100"":19,""01111010"":17,""00000000"":12,""01111000"":24,""00011100"":24,""00011010"":20,""11111001"":21,""01011001"":4,""11101000"":27,""00010100"":19,""00001101"":4,""10011010"":14,""00110001"":16,""10111001"":39,""10111011"":22,""01111001"":21,""01001001"":2,""11111010"":11,""00101000"":21,""11001010"":24,""00110101"":11,""11011100"":33,""10110001"":72,""11011001"":28,""01101001"":15,""10110010"":24,""11000111"":20,""10101010"":30,""00001110"":5,""10011111"":16,""01100111"":5,""01001101"":6,""11011110"":25,""11111111"":11,""11000000"":34,""10111110"":24,""11010111"":15,""11010100"":28,""00001001"":7,""01101100"":14,""00001011"":4,""01101000"":26,""00010001"":18,""01110101"":18,""00111001"":12,""11101010"":17,""01011111"":1,""01010011"":4,""01011000"":10,""11000100"":28,""11111000"":14,""00010101"":13,""01000000"":6,""10011001"":22,""00101001"":20,""00101010"":8,""11110100"":29,""10000000"":5,""01101011"":13,""10001000"":5,""00001000"":10,""10110000"":43,""00011001"":19,""11010101"":34,""11101001"":16,""11100000"":23,""01101010"":18,""10101100"":25,""11011111"":14,""10101001"":27,""00001100"":14,""11100010"":15,""01110010"":15,""10100010"":31,""10010001"":39,""10111100"":32,""00111100"":4,""10011011"":16,""11101011"":12,""00111101"":9,""10100011"":20,""01001010"":3,""11101110"":11,""10110011"":28,""10110100"":43,""11001011"":13,""01001100"":5,""01011101"":4,""11110010"":12,""01101111"":3,""00001010"":8,""01011010"":2,""01011100"":4,""11111011"":19,""00011000"":11,""10000111"":6,""10001101"":7,""01111101"":13,""00101111"":4,""01000101"":4,""00101101"":13,""01101110"":5,""00100000"":13,""00110100"":9,""01100011"":10,""00100101"":18,""00100011"":13,""10100000"":50,""10110101"":30,""11000011"":28,""00100111"":10,""11010001"":41,""01110001"":31,""11100111"":12,""01100100"":15,""00010000"":13,""11000110"":12,""01110110"":10,""10000010"":8,""01000011"":3,""00010010"":15,""11100001"":27,""10010000"":10,""11100101"":18,""11110011"":20,""10010011"":9,""01100010"":16,""11000101"":32,""00000011"":11,""00100110"":6,""11010000"":20,""00000101"":9,""01110100"":20,""10100100"":15,""10010010"":18,""10100001"":30,""10100101"":24,""10000001"":8,""01100000"":15,""11010011"":19,""00010111"":11,""01100101"":11,""11000001"":30,""01110000"":19,""01100001"":13,""01100110"":7,""00000001"":18,""11010110"":12,""00010011"":10,""01110011"":16,""11110101"":26,""00111110"":5,""00101011"":7,""10010111"":20,""11101111"":13,""10001001"":10,""11001111"":14,""10110110"":20,""10001100"":2,""01111111"":8,""00011101"":18,""11110000"":30,""00011111"":10,""01111011"":17,""10001010"":5,""11010010"":18,""10101111"":5,""00110011"":9,""11110111"":11,""10010101"":17,""00110110"":6,""11100011"":15,""11110110"":10,""10100111"":16,""00000100"":8,""01000110"":2,""00101110"":5,""01000010"":3,""11100100"":14,""00000010"":9,""10000011"":4,""10010110"":11,""10100110"":8,""01110111"":15,""00110000"":12,""00100010"":7,""00010110"":8,""10001110"":4,""00000110"":12,""00100001"":17,""00000111"":5,""01000001"":3,""10000110"":5,""01010100"":4,""01001011"":4,""00100100"":9,""11100110"":5,""01010001"":9,""01010110"":3,""00111011"":8,""11000010"":17,""01010101"":5,""01000111"":3,""10001011"":6,""01000100"":4,""01010000"":3,""10000100"":3,""01010111"":3,""01001000"":5,""01011110"":2,""00110010"":2,""10000101"":9,""00110111"":3,""01001110"":1,""01001111"":2,""01010010"":3,""01011011"":3}"
62,x,4000,0.07899999999999996,-0.22599999999999998,-0.010999999999999899,-0.01200000000000001,0.34950000000000003,-0.401,0.4635,0.591,"{""11100100"":9,""01000010"":33,""01000100"":20,""00101011"":66,""10010111"":10,""11101100"":15,""00100000"":61,""01010010"":9,""00101111"":138,""00010000"":15,""10011011"":8,""11100010"":17,""01100100"":24,""00100111"":116,""00100010"":104,""00100011"":78,""00100101"":43,""01010001"":9,""10110011"":9,""00110101"":31,""11100011"":9,""01110100"":6,""00111011"":39,""00000110"":19,""11000001"":1,""01000000"":9,""10100000"":10,""00100110"":102,""01100000"":12,""00010110"":20,""01101011"":19,""01010110"":15,""00110011"":39,""01010111"":11,""11100001"":10,""11100110"":21,""00110010"":60,""01100011"":15,""01111110"":5,""00110110"":43,""01000101"":11,""00110111"":36,""10000011"":15,""00010111"":16,""01100010"":29,""00010100"":12,""11110010"":3,""00100001"":84,""00111110"":30,""01110011"":6,""00100100"":70,""01100001"":14,""10011111"":23,""01100110"":17,""00001110"":17,""10100100"":7,""00101010"":113,""00011000"":30,""01100111"":22,""00110000"":23,""00000011"":22,""01010100"":4,""11110000"":1,""01000110"":26,""11100111"":14,""10101010"":8,""01000111"":13,""00000111"":25,""10111000"":4,""01110000"":3,""00101101"":46,""00001010"":21,""10100011"":7,""00101110"":118,""00101000"":76,""00010001"":7,""00010011"":9,""11101111"":23,""10110100"":5,""00000001"":14,""11100101"":5,""00000000"":18,""11110110"":7,""00000010"":29,""00101001"":90,""10000001"":6,""10110101"":2,""01001111"":7,""11010010"":2,""01100101"":12,""11000010"":3,""01000011"":9,""01010000"":7,""10000111"":8,""10100001"":5,""11110011"":5,""11110101"":2,""10010000"":8,""10010011"":4,""00001001"":10,""00110100"":30,""10010110"":7,""00010101"":8,""00011100"":8,""10100110"":14,""10010001"":8,""00111001"":20,""01101110"":31,""11001101"":2,""00111111"":40,""01001011"":6,""00011101"":8,""11101110"":18,""11101000"":14,""01111010"":5,""01101001"":18,""10111101"":3,""01110001"":4,""11111010"":3,""10001000"":5,""01011001"":10,""01111111"":9,""00011111"":26,""01001101"":9,""00001100"":20,""00111000"":33,""01011110"":8,""10101011"":9,""11001110"":4,""10011110"":19,""11101001"":12,""11111111"":3,""00101100"":68,""10000100"":10,""10101101"":6,""01101111"":38,""00001011"":20,""01001110"":16,""00111010"":41,""01111011"":5,""01011000"":11,""10000010"":13,""10001011"":7,""00001000"":16,""01011100"":4,""00111101"":21,""00011001"":12,""11111000"":4,""10111111"":8,""01001010"":14,""10111100"":4,""10011000"":18,""10001100"":8,""00001111"":20,""01011010"":23,""10001010"":12,""11101011"":16,""11101101"":13,""10001101"":4,""00111100"":30,""00001101"":13,""01101100"":22,""01000001"":9,""10011100"":6,""01101101"":8,""01011101"":8,""10101110"":13,""00011110"":14,""01011111"":12,""01101010"":32,""11101010"":15,""00011010"":15,""01111100"":4,""01101000"":11,""10111010"":13,""10001111"":7,""00000101"":10,""00011011"":11,""10101111"":12,""01011011"":11,""11111110"":4,""10100010"":16,""11111101"":1,""10101001"":9,""10001110"":5,""10000101"":12,""10000110"":11,""10100111"":11,""10110000"":6,""00110001"":14,""01111101"":2,""10110010"":8,""00010010"":19,""11110111"":5,""10000000"":7,""10110001"":1,""11000011"":1,""11100000"":9,""01110010"":8,""10110110"":5,""01010011"":8,""01010101"":10,""01110111"":8,""11010001"":5,""10100101"":3,""10010101"":4,""01001001"":5,""10101000"":8,""10011010"":11,""10101100"":5,""11011001"":1,""01111001"":4,""10110111"":5,""10010010"":9,""11001011"":3,""11011010"":3,""00000100"":14,""11111100"":1,""10011101"":3,""01001100"":7,""10001001"":5,""11011011"":1,""11010110"":1,""01111000"":2,""01110101"":6,""11000110"":2,""11110100"":2,""11010111"":4,""10010100"":2,""11011100"":2,""10111011"":4,""01001000"":2,""11001010"":2,""11111011"":4,""11010100"":1,""11111001"":2,""10011001"":4,""11010101"":2,""10111110"":5,""11011111"":2,""10111001"":2,""01110110"":4,""11010011"":1,""11000000"":1,""11000101"":1}"
63,x,4000,0.040000000000000036,-0.125,-0.0645,0.010499999999999954,-0.43700000000000006,0.13049999999999995,0.15700000000000003,0.25049999999999994,"{""00011011"":48,""00011001"":20,""11010110"":22,""10111011"":7,""00111011"":20,""01011111"":32,""11101100"":14,""11101001"":11,""00010010"":62,""10011001"":29,""01011001"":20,""11111111"":15,""01011110"":37,""00010001"":36,""00011111"":60,""01001011"":20,""00111010"":28,""11101101"":14,""01101110"":10,""10011101"":28,""00011101"":32,""00110111"":37,""01111010"":17,""00101000"":15,""01001111"":9,""01011000"":23,""11111110"":15,""01101011"":16,""00011110"":62,""00111111"":38,""00011010"":49,""00111000"":28,""00001111"":7,""01100100"":10,""00001000"":5,""10011100"":39,""01101000"":12,""10011111"":40,""00011100"":40,""00111110"":23,""11011011"":21,""10111110"":14,""01101101"":17,""10011010"":23,""10001011"":11,""00100001"":15,""01011011"":17,""11011110"":15,""00111100"":34,""11011001"":7,""11010001"":13,""01011100"":22,""01000011"":11,""10011011"":29,""01111111"":15,""01001100"":15,""11001010"":4,""01011101"":20,""11101011"":7,""11101111"":7,""10011000"":24,""10100011"":7,""01010110"":35,""01001010"":9,""10101001"":4,""10011110"":26,""11011111"":23,""00111101"":24,""01001101"":10,""01011010"":24,""10010011"":29,""11111100"":13,""10101011"":7,""01111000"":20,""11111101"":15,""11011010"":21,""10001101"":6,""00001011"":7,""10100001"":4,""10111100"":4,""00001010"":7,""11111001"":10,""00101010"":22,""11001000"":4,""00011000"":42,""00101101"":18,""00101011"":20,""11111010"":20,""11111000"":7,""10001000"":9,""00101110"":10,""11101010"":19,""01001000"":12,""11100101"":10,""01101111"":8,""10110010"":12,""10010000"":33,""00001110"":7,""11101000"":12,""00010111"":70,""01001110"":11,""01110110"":16,""01111110"":11,""00010000"":41,""00101001"":10,""00101100"":17,""01101001"":8,""10101110"":8,""01010001"":20,""00101111"":14,""11011101"":9,""10111111"":13,""00110010"":24,""11110111"":15,""01010101"":24,""01010011"":20,""11011000"":13,""01000110"":13,""00110101"":21,""10010100"":22,""11001101"":4,""00100100"":16,""01110011"":17,""10010111"":43,""11110010"":16,""00100111"":25,""11100111"":18,""01010000"":22,""00110001"":20,""01110000"":12,""10010010"":29,""00100011"":17,""01101100"":7,""00100101"":22,""00100010"":20,""00110011"":30,""10110110"":18,""00000111"":8,""01010100"":30,""01000001"":3,""00110100"":26,""10010001"":25,""01110010"":14,""01010111"":35,""11010111"":29,""01010010"":47,""11110011"":13,""11110100"":16,""00010110"":42,""01110100"":12,""01000111"":9,""00000100"":13,""00010011"":25,""10100111"":8,""00000010"":3,""00010101"":34,""11100001"":13,""01110111"":28,""11100011"":14,""10110101"":5,""11100010"":17,""00010100"":37,""10110000"":13,""11000111"":3,""00000110"":6,""01110101"":13,""10000001"":3,""11110001"":9,""00100110"":15,""00110110"":32,""10100110"":8,""01100011"":15,""10010110"":38,""01100101"":11,""10101101"":5,""10000011"":3,""11010011"":14,""10110001"":4,""10110011"":11,""11000110"":2,""10110111"":10,""00100000"":17,""10001110"":8,""01100010"":10,""00110000"":25,""00000001"":7,""01100111"":9,""01000100"":11,""11110101"":16,""10010101"":14,""10110100"":7,""01110001"":9,""10000000"":6,""11100100"":10,""10000100"":5,""11000101"":2,""11010010"":24,""01100110"":5,""11110110"":15,""11010100"":19,""11100000"":5,""01001001"":6,""10000110"":6,""11010000"":11,""00000101"":5,""10000010"":2,""00000000"":9,""11100110"":11,""10100000"":3,""11110000"":9,""01000010"":7,""10100100"":9,""01000101"":7,""11111011"":10,""01100000"":11,""10100101"":3,""01100001"":10,""01000000"":7,""10000101"":6,""11011100"":15,""11000000"":2,""10000111"":2,""10111000"":5,""00111001"":19,""01111011"":12,""00000011"":8,""11010101"":5,""00001101"":11,""10111010"":9,""01111101"":16,""11001111"":3,""01101010"":5,""11001110"":3,""11101110"":12,""00001001"":5,""11001011"":2,""00001100"":11,""10101100"":4,""10101010"":8,""10101000"":5,""10111101"":6,""01111001"":6,""10111001"":5,""10001100"":8,""10001010"":5,""10001001"":3,""10101111"":6,""01111100"":10,""10001111"":2,""11001001"":2,""11001100"":2,""10100010"":5,""11000011"":2,""11000100"":1,""11000010"":1}"
64,x,4000,0.11750000000000005,-0.03400000000000003,0.19799999999999995,0.008000000000000007,0.239,-0.17999999999999994,0.6134999999999999,0.534,"{""01000001"":31,""00100001"":112,""11110010"":3,""00000011"":23,""10001000"":13,""00000000"":45,""00111011"":29,""10010000"":12,""01100010"":21,""00100010"":115,""10010010"":27,""01110001"":12,""01101011"":12,""00110110"":47,""00000010"":53,""00110000"":41,""00100011"":35,""10010101"":9,""00100101"":39,""00110001"":49,""10000000"":17,""00100111"":78,""00000100"":28,""00001010"":53,""00010000"":19,""00000101"":17,""11100001"":17,""01000000"":24,""00110011"":32,""10000001"":28,""10100011"":5,""01010010"":11,""00011010"":81,""00100100"":42,""00101010"":134,""10100111"":8,""01010101"":4,""00011011"":23,""10110001"":12,""10010001"":17,""00101011"":48,""00100000"":97,""10000111"":14,""10000011"":11,""00101110"":53,""00010001"":14,""10100110"":5,""00110101"":28,""00101100"":47,""00100110"":46,""00010100"":18,""01100001"":9,""01100110"":11,""00010010"":36,""10110011"":7,""11011011"":5,""01110110"":6,""01000011"":13,""10010100"":10,""00010101"":10,""01000111"":15,""11110110"":5,""01100111"":4,""10111011"":5,""11100100"":7,""01100101"":2,""00101111"":44,""11011111"":3,""10011001"":9,""00110010"":43,""00101001"":81,""01101111"":9,""00111000"":36,""00111100"":32,""00001110"":31,""00001001"":37,""10111101"":6,""01101001"":14,""01000100"":8,""10001010"":20,""01111110"":4,""10101011"":3,""10011100"":18,""10101010"":7,""10011110"":18,""10101000"":8,""00011110"":29,""00001000"":32,""00101101"":42,""11101010"":11,""00101000"":90,""10001001"":20,""10011101"":13,""01111111"":3,""11101100"":16,""00111101"":29,""00011111"":20,""01110010"":4,""00001101"":30,""01111011"":3,""10101111"":12,""00011000"":14,""10111100"":7,""01101100"":8,""10011111"":12,""11101000"":11,""10001110"":13,""10011011"":9,""11101001"":13,""01001000"":21,""10001011"":8,""01101000"":12,""00111001"":44,""10101001"":12,""00011001"":13,""10001111"":11,""00111110"":40,""10011010"":30,""00001111"":27,""00111010"":46,""01101110"":7,""10110101"":5,""01011110"":7,""00011100"":23,""11111100"":3,""01111010"":10,""00010110"":19,""01000101"":7,""00110100"":26,""01001100"":6,""10111010"":11,""01101010"":10,""00001100"":20,""10100100"":10,""01011001"":8,""10101100"":6,""10101110"":8,""11101111"":9,""10111001"":8,""01001111"":10,""01111001"":8,""11110100"":2,""11000111"":1,""10000110"":8,""00000001"":43,""11010100"":4,""10111110"":10,""11011001"":2,""11101110"":15,""01111000"":2,""10001100"":8,""10110100"":8,""01011011"":6,""10011000"":7,""01111101"":5,""01001010"":7,""01001001"":17,""01001110"":6,""01011010"":11,""10001101"":6,""11100000"":10,""10111000"":2,""10100000"":18,""01010111"":4,""10101101"":4,""11100111"":13,""01000110"":10,""11000110"":2,""00010111"":11,""11010000"":2,""01010110"":6,""00000111"":26,""00010011"":25,""11110001"":4,""01110101"":3,""01000010"":12,""01011111"":5,""01100000"":9,""01110111"":6,""10000010"":16,""10010011"":12,""00000110"":24,""10100101"":4,""11100010"":17,""11100110"":10,""10010110"":11,""11110101"":2,""01110000"":6,""10110000"":5,""10000101"":9,""10110110"":9,""11010010"":5,""10110010"":8,""11100101"":11,""01011101"":3,""00111111"":28,""11000100"":1,""10111111"":3,""11101011"":7,""00001011"":19,""11111001"":4,""11110000"":4,""01100100"":8,""11101101"":6,""00110111"":31,""11001100"":1,""11001110"":1,""01001011"":2,""01011100"":2,""10000100"":5,""01110100"":5,""10100010"":7,""10100001"":7,""11010011"":2,""11110111"":1,""01010011"":3,""11100011"":4,""01001101"":10,""10010111"":9,""01010001"":3,""11110011"":3,""01100011"":3,""11001010"":2,""00011101"":15,""11001011"":2,""11001000"":2,""11011110"":2,""11111111"":1,""01010000"":4,""11000000"":1,""01010100"":2,""11010101"":1,""11000010"":1,""01110011"":3,""11001001"":2,""11001111"":3,""01101101"":1,""11111110"":2,""11111011"":1,""01011000"":2,""11111101"":2,""01111100"":6,""11011100"":2,""10110111"":5,""11010001"":2,""11111000"":1,""11000001"":1,""11010110"":1,""11011010"":1}"
65,x,4000,0.009000000000000008,0.21099999999999997,-0.13149999999999995,0.015499999999999958,0.16000000000000003,0.14549999999999996,0.07450000000000001,0.489,"{""11010011"":7,""01000101"":48,""00100101"":69,""10010111"":11,""11100100"":23,""10000100"":18,""00100000"":42,""11010101"":12,""11000100"":17,""01000010"":26,""01100111"":20,""00000001"":18,""00100011"":30,""10010001"":9,""00110101"":16,""01100010"":10,""00010101"":44,""10010000"":6,""00000000"":15,""01010101"":33,""00110010"":16,""01000000"":33,""10010110"":8,""01100100"":23,""01000110"":9,""10010100"":20,""10000101"":13,""11010000"":13,""00000101"":25,""10010010"":8,""00010100"":47,""01011100"":31,""00010000"":26,""01100101"":19,""11000101"":14,""01110100"":9,""11000111"":9,""01011110"":20,""00100110"":41,""01011000"":32,""11100010"":8,""11110100"":3,""00001100"":33,""10100101"":8,""01010001"":26,""01000011"":16,""00010001"":30,""10100000"":4,""11001111"":14,""01010100"":47,""10100011"":5,""10100001"":3,""00010011"":16,""11000010"":5,""01000001"":29,""00000011"":14,""00011001"":41,""00100111"":53,""00111000"":26,""01101101"":20,""10100100"":12,""11010010"":13,""00100100"":63,""01001100"":36,""10011101"":15,""00100001"":50,""01000100"":60,""10000011"":6,""10010011"":4,""10011111"":9,""00000100"":44,""00001011"":11,""11101101"":22,""01010000"":25,""11100001"":9,""00100010"":24,""01011001"":28,""00000111"":28,""00101110"":41,""01010010"":19,""00010010"":24,""01100110"":12,""11010001"":16,""01010110"":20,""11111010"":5,""01010111"":27,""10110010"":1,""11100101"":12,""00110011"":17,""11011000"":13,""10010101"":7,""00110110"":11,""01101010"":14,""11110101"":8,""00110001"":18,""00010110"":19,""01100000"":10,""10110110"":1,""11000000"":4,""00010111"":30,""11010100"":20,""01110001"":7,""11010110"":9,""01101110"":14,""01110000"":10,""01000111"":32,""11011110"":9,""00110100"":20,""00110111"":17,""11101010"":14,""11000110"":10,""00001101"":28,""00101001"":33,""00101000"":54,""01001101"":31,""00101101"":54,""11101001"":15,""01001111"":26,""00001000"":13,""11101100"":25,""00101111"":48,""01001000"":34,""00101011"":25,""00011010"":30,""10001000"":7,""00011111"":32,""01011010"":22,""01101000"":30,""01001110"":19,""00001110"":14,""01101111"":15,""01011111"":19,""01101100"":14,""11011111"":9,""01011011"":10,""01011101"":31,""00101100"":55,""11101000"":12,""01101011"":11,""00111001"":23,""00101010"":20,""10011100"":9,""00111110"":10,""01001010"":24,""00011110"":25,""01001001"":30,""00001001"":11,""00111111"":24,""01111000"":10,""01001011"":28,""01110101"":4,""10001101"":7,""11011101"":15,""11001011"":5,""11001100"":25,""11011100"":10,""10101111"":5,""10101101"":10,""00111100"":12,""10101011"":5,""11100111"":18,""10000000"":11,""10000110"":7,""10000001"":3,""00000010"":19,""00000110"":10,""01100011"":8,""11110001"":8,""11101110"":11,""10110011"":3,""11001101"":12,""01110110"":5,""01100001"":13,""11110011"":1,""01010011"":13,""01110010"":4,""01110011"":1,""11100110"":10,""00110000"":21,""00011000"":28,""11011001"":17,""10011011"":10,""10000111"":12,""11110111"":5,""01111001"":11,""10110001"":2,""11000001"":9,""10000010"":4,""10110101"":3,""10100111"":3,""11110010"":1,""01101001"":20,""10111110"":2,""01111011"":5,""00011011"":16,""10111001"":2,""00011100"":36,""01111100"":8,""11011010"":6,""11001010"":5,""10101010"":1,""01111010"":9,""11000011"":5,""11111111"":5,""11011011"":9,""11101111"":14,""10101110"":3,""10111010"":3,""10011001"":20,""10011000"":17,""10110000"":1,""10101100"":8,""00001010"":9,""00111011"":9,""11111100"":5,""10001100"":14,""11111110"":3,""10001010"":5,""01111101"":3,""10001111"":11,""11001000"":8,""00001111"":14,""00111010"":13,""00011101"":22,""01111111"":8,""01111110"":5,""10111111"":3,""11111011"":3,""11101011"":7,""11001001"":6,""11100011"":7,""01110111"":4,""10110111"":1,""11100000"":13,""10011010"":11,""00111101"":11,""10001001"":7,""10111101"":6,""10111000"":3,""11010111"":5,""10101000"":6,""10001011"":1,""10001110"":4,""11111101"":1,""11110000"":2,""10100010"":2,""11111001"":2,""10011110"":7,""11111000"":5,""11001110"":3,""10111011"":2,""10101001"":2}"
66,x,4000,0.364,0.05500000000000005,-0.0645,-0.014499999999999957,-0.17300000000000004,-0.3075000000000001,0.21899999999999997,0.02300000000000002,"{""10111010"":40,""00101110"":26,""00101001"":24,""10001000"":28,""10001100"":21,""10111100"":53,""01001101"":14,""01101101"":11,""00111110"":57,""00111011"":13,""01011000"":38,""01101100"":14,""10101010"":34,""10001111"":14,""10001010"":30,""01111101"":10,""00111000"":43,""00111101"":21,""10011110"":23,""00101101"":8,""00111010"":42,""01111000"":23,""10100010"":34,""01011110"":27,""11111110"":24,""01001100"":31,""10111111"":23,""00110100"":88,""10011100"":19,""11111111"":13,""01011101"":13,""00101010"":33,""10011000"":37,""11011110"":5,""01001110"":26,""10111001"":20,""10101111"":16,""11101001"":12,""00111111"":22,""10101110"":24,""11011100"":4,""01111100"":29,""11101010"":17,""10001110"":32,""01000000"":25,""10101100"":20,""00001010"":3,""01101011"":6,""10101001"":17,""10101000"":21,""01111010"":15,""10111000"":46,""00101100"":20,""11111100"":31,""01111110"":28,""10111110"":44,""00001001"":4,""01001010"":36,""10110001"":20,""01110010"":14,""10111101"":27,""01001000"":25,""10011010"":21,""11110100"":27,""01101000"":18,""00101000"":18,""10001101"":11,""01011010"":21,""01010100"":22,""01011111"":7,""11001110"":7,""00111001"":21,""00011001"":3,""00110111"":30,""00111100"":70,""11001100"":3,""11111101"":14,""10001001"":11,""01101010"":19,""10011111"":10,""01011001"":16,""10101011"":18,""11001000"":8,""00011010"":3,""01101110"":13,""10000100"":17,""11110110"":27,""01111111"":9,""00011111"":6,""11011011"":2,""10101101"":12,""10110100"":72,""10001011"":12,""01000011"":14,""01011011"":9,""01011100"":31,""10011101"":11,""10011011"":6,""10110000"":37,""00000101"":4,""11011000"":4,""11111010"":23,""10111011"":12,""00001000"":8,""10011001"":9,""01101111"":6,""00100010"":31,""01001001"":12,""11111000"":20,""01010110"":21,""11010110"":5,""01001111"":10,""00101111"":9,""11101101"":3,""00100101"":9,""00011100"":9,""11110101"":13,""00110110"":48,""10110010"":34,""10010000"":27,""10110110"":52,""10110011"":14,""11100110"":13,""01010011"":6,""10010001"":14,""00110101"":40,""11100010"":17,""01000010"":40,""00100111"":8,""10110101"":27,""01100010"":14,""10100110"":29,""10000101"":14,""11111001"":8,""10000111"":12,""10100100"":23,""10110111"":33,""00110000"":50,""01000101"":12,""11100101"":12,""00110010"":40,""00000110"":7,""00011110"":3,""01110100"":22,""10100101"":16,""11010100"":4,""00110001"":21,""10100000"":26,""11110011"":12,""00100000"":25,""01010101"":22,""10010010"":14,""01100011"":8,""01100000"":16,""01010000"":31,""01010111"":6,""10000010"":20,""10010110"":27,""10000110"":22,""00110011"":10,""10010111"":9,""01100100"":6,""01100101"":8,""01110111"":6,""10100111"":15,""01010001"":18,""11101000"":13,""01110110"":23,""11101100"":8,""01111011"":8,""01101001"":8,""11101110"":10,""01111001"":10,""11011111"":3,""11100100"":10,""00000100"":5,""01001011"":5,""00001100"":4,""11111011"":7,""00011000"":2,""00010000"":7,""00100011"":14,""10000000"":24,""01000100"":33,""00011101"":2,""00000011"":1,""11110010"":13,""11110000"":16,""00100100"":18,""11000100"":5,""11100001"":5,""10010011"":4,""10010101"":13,""10010100"":18,""01110001"":12,""11110111"":16,""01110101"":17,""10000001"":15,""00000111"":2,""00011011"":3,""11011010"":3,""00101011"":8,""11001111"":1,""10100001"":8,""00100110"":11,""01010010"":11,""11110001"":7,""01110011"":5,""00100001"":11,""10100011"":13,""01000001"":7,""01110000"":7,""01000111"":15,""11100000"":8,""01100110"":22,""10000011"":8,""00010101"":5,""01000110"":16,""00010110"":6,""11000001"":4,""00010010"":8,""00010100"":4,""00000000"":2,""11100111"":4,""11010111"":1,""11100011"":8,""11000000"":2,""11010000"":4,""00010001"":2,""11000101"":3,""11000010"":7,""00000001"":2,""11010010"":1,""11101111"":8,""00001110"":3,""00001011"":1,""00001101"":3,""01100001"":6,""11000110"":4,""11001001"":1,""11001010"":3,""11101011"":6,""11011001"":1,""11010101"":1,""01100111"":8,""11001101"":1,""00001111"":2,""00000010"":2,""11000011"":2,""11011101"":1,""11010001"":3,""11010011"":1,""11001011"":1,""11000111"":1}"
67,x,4000,0.3245,0.049000000000000044,-0.18399999999999994,0.020000000000000018,0.03149999999999997,-0.3434999999999999,-0.37949999999999995,-0.20599999999999996,"{""01001010"":19,""11111000"":75,""11111100"":77,""11001100"":8,""11101010"":47,""11101100"":65,""11101110"":66,""11101111"":47,""00101111"":4,""11000010"":15,""10111100"":14,""11101000"":59,""00001011"":5,""10111000"":10,""11011010"":8,""10111110"":11,""11111111"":37,""11101101"":39,""11110100"":104,""11111110"":76,""01111011"":8,""11110111"":41,""00100100"":21,""01000011"":4,""11001010"":17,""01101101"":11,""11110011"":27,""00000101"":11,""01001001"":7,""00111000"":15,""01001110"":31,""00111111"":14,""00110101"":6,""11010100"":21,""00011111"":9,""11011100"":16,""00101000"":17,""00001111"":17,""10101110"":12,""00111101"":7,""11111101"":25,""10110100"":20,""10001110"":17,""11010001"":5,""11111011"":27,""00001001"":13,""10001100"":11,""10000111"":9,""10101111"":13,""11111010"":59,""10101000"":8,""11111001"":29,""00011011"":8,""00011100"":13,""11110010"":69,""10011000"":10,""10001001"":7,""01001000"":28,""00010111"":11,""01101111"":12,""10001101"":3,""01011100"":9,""00100110"":10,""11100100"":104,""10101101"":7,""11110110"":79,""10111101"":12,""11101001"":35,""00001110"":28,""11100011"":18,""00011010"":4,""01111110"":21,""01111010"":13,""01111000"":22,""10001011"":3,""00101100"":15,""11001110"":11,""00001000"":18,""10111011"":6,""01101000"":18,""10011100"":14,""01001011"":7,""11101011"":19,""01101100"":23,""11011011"":4,""01011110"":13,""00001100"":15,""11011000"":14,""00001010"":16,""01011000"":8,""00101010"":7,""10011010"":5,""11011111"":8,""00110100"":20,""01101010"":14,""01111100"":18,""00011000"":6,""01101110"":18,""11001111"":8,""01001100"":21,""11100101"":36,""10001010"":10,""01001101"":10,""10001000"":5,""00011101"":13,""00011110"":15,""01110110"":29,""00101001"":4,""11001000"":19,""00111100"":17,""00101110"":17,""10101011"":1,""10010000"":7,""10000110"":15,""11011110"":11,""11100000"":48,""10011111"":7,""11110000"":52,""01011101"":7,""10101010"":3,""00111110"":18,""00111011"":7,""11110001"":31,""10101100"":8,""00011001"":7,""01100100"":29,""10000000"":16,""11001101"":8,""01001111"":12,""11010101"":2,""00000100"":30,""01111001"":11,""00000010"":12,""01110001"":8,""00111001"":11,""10011001"":5,""11100110"":75,""10101001"":9,""01100001"":10,""11100010"":43,""01111111"":4,""10010011"":1,""01100110"":14,""01000001"":14,""00110010"":10,""01100111"":10,""11000111"":10,""00000011"":10,""00110011"":3,""11110101"":38,""01000010"":13,""01110000"":18,""00000111"":9,""00110111"":14,""01100010"":8,""00110001"":7,""00000001"":13,""01010111"":6,""01110111"":19,""11100111"":36,""10110010"":10,""00010100"":21,""11000110"":15,""01110101"":16,""10110110"":17,""10000100"":10,""01000101"":16,""00110000"":12,""00111010"":12,""00001101"":7,""11000000"":13,""00000110"":29,""01110010"":22,""10000010"":8,""00010011"":10,""11010111"":13,""01010001"":5,""00010110"":17,""00100010"":6,""01011111"":7,""10010100"":6,""10100001"":6,""01000111"":22,""10110000"":7,""10100000"":6,""11000101"":9,""10100100"":10,""01000000"":19,""00000000"":11,""00100011"":3,""11010110"":10,""01000100"":31,""00010000"":13,""01000110"":24,""11011101"":4,""10100110"":11,""10010110"":10,""01110100"":24,""11100001"":30,""01100101"":16,""11010010"":5,""00010101"":5,""10110111"":15,""01110011"":6,""00110110"":17,""00100000"":17,""10100010"":7,""11000001"":12,""11000011"":6,""10110011"":3,""10110001"":6,""01010100"":10,""01100000"":15,""00100101"":7,""00100001"":8,""00010010"":7,""01100011"":4,""00100111"":8,""01010110"":10,""10100101"":6,""11010000"":5,""10110101"":2,""10000101"":4,""10100011"":1,""11011001"":6,""10010101"":4,""01010011"":4,""10010010"":4,""11000100"":8,""10010111"":2,""10100111"":5,""11010011"":5,""11001001"":6,""10000001"":3,""10011101"":7,""01010000"":3,""10000011"":3,""01101001"":2,""00101101"":9,""01011010"":6,""10111001"":7,""10111111"":10,""10111010"":8,""11001011"":7,""01101011"":5,""10001111"":2,""10011011"":3,""10011110"":5,""01011001"":5,""01111101"":11,""01010101"":4,""00010001"":4,""01010010"":3,""10010001"":3,""00101011"":1}"
68,x,4000,0.05049999999999999,0.134,0.020499999999999963,-0.011500000000000066,0.20799999999999996,-0.0015000000000000568,0.14149999999999996,0.261,"{""01011001"":51,""00111011"":11,""00101000"":50,""11001011"":4,""01001000"":41,""10011010"":14,""01011000"":31,""10101000"":27,""01001101"":37,""10011110"":11,""00101011"":28,""10000101"":20,""00111001"":49,""10001110"":26,""00111101"":26,""00001100"":5,""00111000"":47,""01111001"":5,""10111001"":13,""01000111"":62,""11101010"":15,""11001110"":12,""10101010"":13,""01001011"":19,""01011010"":17,""01111110"":8,""01001010"":34,""01011011"":21,""00110000"":43,""10001011"":11,""11101100"":11,""01001100"":30,""00001011"":6,""10101111"":17,""10011001"":32,""00101110"":40,""11001000"":9,""00101010"":41,""01001001"":37,""01001111"":39,""01101101"":11,""00111110"":23,""10000100"":16,""11101001"":22,""11001111"":9,""01100110"":14,""00101101"":30,""11011100"":10,""00111010"":13,""00101001"":62,""01000110"":53,""11101000"":18,""10011011"":19,""11101110"":11,""10011000"":38,""10101110"":21,""00101111"":44,""11101011"":10,""10101100"":12,""01011110"":16,""00011000"":10,""10001111"":24,""10111000"":22,""10111010"":4,""00011010"":12,""11001001"":7,""00110100"":35,""10011111"":8,""10111110"":8,""11101111"":15,""11111010"":3,""00100111"":52,""01011101"":23,""00101100"":34,""01110100"":8,""01010101"":15,""10011100"":12,""01010011"":23,""01000011"":14,""11110000"":12,""10100111"":12,""00000100"":9,""01010110"":16,""01001110"":58,""10110010"":5,""01000001"":33,""01000101"":47,""10110100"":8,""00100011"":34,""11010000"":7,""01010000"":44,""01110101"":11,""00100110"":63,""10100001"":21,""00100001"":46,""11100101"":19,""01000100"":35,""10100011"":6,""00110101"":21,""01010100"":28,""00110110"":15,""10110101"":11,""11110110"":8,""00010011"":9,""10010000"":26,""00100010"":39,""01110011"":5,""10010001"":36,""10100000"":12,""10110011"":3,""10010100"":29,""01110010"":4,""00000000"":5,""01000000"":31,""10110001"":10,""11100000"":18,""01100101"":9,""01010010"":27,""00010111"":9,""10010110"":6,""10100101"":22,""01000010"":26,""01110000"":8,""11110001"":7,""11010001"":5,""10010011"":12,""00100100"":29,""10100110"":25,""10000000"":18,""10100010"":12,""10001100"":14,""10000111"":37,""11100001"":13,""00010000"":12,""11110100"":5,""01110110"":9,""11011001"":5,""11000010"":1,""00000111"":5,""00100101"":46,""10001000"":25,""01101001"":13,""01011111"":8,""00001110"":12,""01101011"":4,""00111111"":9,""11011010"":10,""01101000"":7,""00011111"":5,""00011001"":20,""10000110"":27,""00111100"":27,""01111000"":13,""11001010"":10,""10111101"":10,""10001010"":24,""00011100"":9,""11001100"":6,""01011100"":27,""11111101"":4,""11101101"":12,""10101001"":22,""01101111"":10,""01111111"":4,""10001101"":11,""11011011"":6,""10101101"":15,""10011101"":12,""01101110"":5,""10001001"":15,""00001101"":5,""01101010"":16,""01010001"":30,""10111111"":6,""10111011"":4,""11100011"":13,""11111001"":7,""11011111"":2,""10101011"":9,""10111100"":9,""00001000"":8,""00011101"":7,""11011000"":8,""11111000"":9,""11111100"":4,""00001111"":5,""01111101"":8,""00010100"":10,""11010100"":7,""10010101"":14,""01100001"":9,""00000110"":10,""10100100"":16,""11000110"":8,""10010010"":17,""10110000"":11,""00110011"":11,""01110001"":5,""00100000"":43,""11100110"":21,""10000001"":17,""00010110"":5,""01100100"":12,""00010001"":15,""01010111"":14,""01110111"":7,""00110001"":24,""10000010"":16,""11011101"":4,""11100111"":13,""01111100"":6,""11001101"":2,""01100010"":3,""00001010"":2,""11000101"":6,""11100010"":10,""00010101"":2,""11010011"":1,""01100111"":7,""00110111"":10,""11000000"":4,""00110010"":7,""10000011"":12,""00001001"":3,""11011110"":3,""01101100"":3,""00011110"":2,""01111011"":4,""11000001"":5,""10010111"":5,""01100011"":10,""11000100"":8,""11100100"":9,""11000011"":3,""00010010"":4,""00000011"":4,""00000001"":6,""11110111"":5,""01111010"":5,""00000101"":10,""11111110"":3,""11000111"":3,""11110101"":7,""11010101"":1,""00011011"":5,""10110111"":3,""01100000"":5,""11010111"":2,""00000010"":4,""11010110"":3,""11110010"":3,""11111011"":1,""11111111"":2,""10110110"":3,""11110011"":1}"
69,x,4000,0.369,0.08650000000000002,0.20650000000000002,0.04500000000000004,0.31499999999999995,-0.04899999999999993,0.18600000000000005,0.03949999999999998,"{""01111100"":10,""10101011"":12,""01001011"":18,""10001011"":17,""10101000"":45,""11001010"":17,""00001000"":26,""11101110"":15,""00100100"":28,""11100011"":11,""11001100"":11,""10001000"":43,""01001000"":64,""00001010"":24,""10011010"":15,""10101010"":41,""01001001"":22,""00111000"":53,""10111011"":5,""00000010"":21,""11101100"":19,""11100010"":22,""10001100"":27,""01001100"":37,""10011011"":4,""10101001"":20,""10101111"":9,""10110010"":33,""11001000"":31,""01001010"":64,""01001111"":18,""11111010"":17,""11101000"":25,""01101010"":11,""01001110"":33,""10100000"":35,""11001111"":6,""10001110"":22,""11101001"":13,""00101110"":18,""00111100"":28,""01011000"":19,""00111101"":17,""00101010"":34,""00101011"":12,""10111101"":6,""10111010"":28,""00111001"":16,""11111001"":4,""00101000"":39,""00111110"":29,""10001101"":22,""10101100"":36,""01000010"":46,""01111000"":11,""10001010"":52,""11011010"":9,""00011000"":17,""10100001"":26,""10101110"":23,""10111001"":7,""00011100"":8,""01101001"":4,""00010100"":9,""11111100"":14,""11000010"":24,""00101001"":14,""11001101"":8,""11111000"":14,""01011111"":5,""00001100"":15,""00101100"":33,""10001001"":16,""01000100"":29,""11101010"":28,""10111000"":35,""01001101"":15,""01010000"":13,""11110010"":23,""01101011"":3,""10011000"":10,""01010010"":9,""00111111"":12,""10011101"":3,""11011100"":8,""01101000"":15,""01011100"":11,""11111110"":15,""01011101"":7,""00110000"":52,""00000000"":32,""01000101"":16,""10011111"":6,""11101101"":7,""01101110"":10,""01111110"":8,""11100110"":17,""10001111"":12,""00110010"":45,""10011100"":7,""11001110"":16,""10100110"":34,""11110000"":22,""11111101"":8,""00001001"":12,""00001110"":13,""10000110"":29,""11011000"":7,""10111100"":17,""00111010"":37,""01110110"":5,""10111110"":13,""00110001"":24,""01000110"":32,""11000110"":17,""00011101"":5,""00001011"":6,""00100000"":39,""01000011"":24,""00011110"":8,""10000010"":44,""11110001"":6,""11001001"":14,""01011001"":7,""01011010"":8,""00011010"":12,""01111001"":4,""10100101"":19,""00000111"":13,""01010001"":7,""00100010"":29,""01010100"":12,""01000001"":40,""10000111"":24,""10110001"":19,""01010111"":5,""00100110"":28,""10010011"":8,""01000000"":83,""01100001"":10,""00110110"":23,""10000000"":67,""10110011"":15,""00100101"":19,""11100000"":24,""00100001"":25,""10110101"":12,""00010011"":7,""00100111"":22,""00100011"":14,""10100100"":27,""10100111"":11,""11110011"":5,""00000011"":13,""10000101"":16,""11110110"":7,""11000100"":17,""00110011"":18,""01100110"":7,""01110000"":12,""10000001"":29,""00010001"":7,""10010000"":7,""01100010"":10,""01000111"":21,""10000011"":17,""11010010"":6,""11000101"":9,""11100111"":9,""10010110"":5,""00000110"":17,""10100011"":10,""00110111"":17,""10010100"":6,""11000001"":12,""10110000"":34,""00001111"":7,""01111010"":8,""00101111"":9,""00101101"":10,""01101101"":7,""11101011"":9,""10011110"":6,""01100101"":7,""10011001"":3,""01110010"":8,""11000000"":23,""01011110"":8,""01110011"":6,""11010000"":7,""00011001"":6,""11111111"":4,""10110100"":15,""00111011"":9,""11110100"":10,""00001101"":5,""10101101"":6,""01101111"":5,""00010101"":5,""01101100"":11,""11101111"":7,""11111011"":4,""01110101"":3,""01010110"":8,""10111111"":5,""11011111"":4,""11000111"":7,""01111101"":2,""10100010"":39,""11010011"":2,""01111111"":4,""00000001"":13,""01100100"":12,""01111011"":2,""10000100"":18,""11110101"":5,""00010000"":19,""00110100"":24,""10110111"":17,""10010101"":4,""00110101"":11,""00010110"":6,""10010010"":8,""00010111"":4,""11000011"":5,""01100011"":4,""10110110"":10,""11100100"":16,""01110001"":6,""11010100"":2,""11100101"":13,""11011011"":2,""00000100"":8,""01100111"":6,""11110111"":4,""01100000"":17,""01010011"":4,""11100001"":13,""01110111"":5,""11010101"":4,""11011110"":3,""11001011"":7,""10010111"":2,""00010010"":11,""10010001"":9,""00000101"":11,""01110100"":3,""01010101"":7,""11010001"":5,""11010111"":1,""11010110"":2,""01011011"":1,""11011101"":2,""00011011"":2,""11011001"":1}"
70,x,4000,-0.2809999999999999,0.13649999999999995,0.10899999999999999,0.0034999999999999476,0.0595,0.008000000000000007,0.17100000000000004,-0.5595000000000001,"{""10100101"":49,""11100000"":23,""00000001"":17,""10001011"":50,""10110000"":8,""11100111"":19,""10100001"":40,""11100001"":64,""01000011"":3,""10000101"":69,""11000010"":14,""10010001"":94,""10000011"":40,""10001101"":75,""01100010"":15,""10010101"":65,""10001001"":42,""11010101"":10,""11100011"":50,""11100110"":14,""10000100"":30,""10110101"":25,""00110010"":3,""00000011"":13,""10010111"":34,""10000001"":46,""11110000"":16,""00001101"":29,""11110100"":23,""10010110"":32,""11111101"":49,""01100101"":19,""10000110"":17,""00000000"":7,""11110010"":32,""10010010"":34,""01110001"":8,""11000111"":10,""01110011"":10,""10111101"":24,""10000010"":31,""01000101"":5,""11111011"":32,""11100010"":35,""11010011"":8,""10010100"":25,""00111110"":4,""01100001"":23,""00001100"":10,""10110011"":21,""10101100"":15,""10000111"":22,""11010001"":12,""10100100"":23,""00000101"":21,""10010000"":31,""11010100"":3,""11111010"":43,""01110100"":12,""10110100"":6,""10100110"":11,""10000000"":15,""10101101"":43,""00000110"":5,""01100111"":7,""01010101"":7,""01001101"":10,""10001100"":42,""01111100"":5,""11101111"":22,""11101010"":30,""01101001"":21,""10101011"":22,""10011101"":58,""10011010"":42,""11101001"":52,""10001111"":27,""11001100"":6,""10101111"":11,""10011111"":38,""11101000"":17,""01011101"":9,""11011101"":9,""01100100"":11,""11101101"":52,""11110001"":37,""01011100"":3,""10001110"":13,""10011001"":92,""10011011"":40,""11101110"":16,""11111110"":7,""11110011"":29,""01101101"":15,""00001011"":21,""10101110"":20,""11011001"":10,""00111111"":1,""11001010"":15,""01111101"":18,""10111001"":24,""11010000"":7,""01101100"":5,""11111111"":18,""00011000"":3,""11101100"":17,""10001010"":48,""11101011"":30,""01011110"":7,""10101001"":36,""00111101"":11,""00001010"":10,""10001000"":16,""11100101"":41,""11001000"":4,""01101111"":10,""11111000"":15,""00011001"":15,""00011010"":7,""01011001"":13,""10010011"":57,""01000110"":6,""00010011"":10,""11000000"":14,""10110001"":17,""10110010"":19,""10100011"":32,""11110101"":28,""11110110"":12,""00010001"":9,""01110111"":11,""11000110"":6,""11100100"":8,""00010010"":6,""10100000"":7,""11000011"":13,""01110101"":10,""00110111"":6,""00110100"":2,""00100010"":4,""00100111"":3,""01111010"":10,""00010101"":11,""00100101"":8,""00100000"":8,""00011101"":5,""11001111"":7,""01111001"":9,""01100110"":8,""01010010"":8,""00000111"":2,""11111100"":18,""01100000"":8,""10100010"":22,""10100111"":18,""00010000"":4,""01110000"":7,""10110111"":15,""11111001"":25,""11001001"":22,""10011000"":38,""00010110"":3,""01111000"":8,""10101010"":26,""01011010"":5,""01001111"":1,""10011100"":28,""10111000"":10,""00001111"":9,""00101010"":3,""01101110"":6,""11001101"":20,""10111011"":17,""00101011"":6,""00011100"":3,""01101010"":6,""01011011"":3,""01111011"":16,""11011011"":11,""00101101"":8,""10011110"":27,""11000001"":14,""10101000"":15,""11010010"":8,""11000100"":9,""01010011"":6,""01010110"":4,""01000000"":2,""11000101"":23,""11010110"":6,""01010100"":3,""00000100"":3,""10111111"":7,""00111010"":9,""00111100"":6,""00111001"":8,""00111011"":5,""01011000"":4,""00011011"":6,""01111110"":4,""01001100"":3,""01001011"":2,""11011111"":3,""01010000"":5,""00101100"":4,""11001110"":3,""10111100"":8,""10111010"":11,""00101110"":2,""00011110"":5,""01101000"":5,""00001001"":7,""10111110"":10,""01101011"":8,""11011000"":5,""00100100"":2,""11110111"":15,""00001110"":6,""00001000"":3,""11001011"":14,""00100001"":5,""10110110"":5,""00110110"":5,""01100011"":13,""01010001"":12,""00100011"":5,""00110001"":6,""00101001"":6,""01111111"":8,""00010111"":3,""01000001"":5,""01110010"":9,""01010111"":7,""00110000"":2,""00000010"":3,""00110101"":6,""01000100"":3,""01110110"":5,""00110011"":5,""00011111"":2,""11011110"":3,""00111000"":1,""01001010"":4,""11011100"":1,""00010100"":1,""00101111"":2,""00101000"":2,""01001001"":1,""11011010"":3,""01001000"":1,""11010111"":2,""01000010"":2}"
71,x,4000,-0.08899999999999997,-0.03600000000000003,-0.04849999999999999,0.014000000000000012,0.15049999999999997,-0.6659999999999999,-0.1915,-0.7375,"{""10110000"":30,""11111101"":44,""11101111"":66,""11101010"":60,""11101101"":128,""10001101"":9,""11111110"":35,""01101111"":6,""10101101"":53,""11110110"":42,""10101011"":24,""11001110"":6,""11110000"":35,""00111100"":9,""11101011"":90,""11111111"":34,""11011111"":3,""10011100"":12,""11001100"":7,""10101010"":30,""10100001"":22,""11100011"":69,""10111000"":20,""10111100"":15,""11011011"":8,""11111010"":67,""01110110"":3,""01101001"":2,""11101001"":56,""01111001"":6,""10101001"":24,""10111010"":39,""11111011"":37,""11101000"":41,""10101111"":21,""00101110"":11,""11111000"":36,""10111110"":24,""11101110"":117,""11001101"":8,""11111001"":41,""10011000"":10,""10001111"":8,""11001111"":10,""10101100"":35,""11101100"":83,""00101111"":12,""10111001"":36,""01101101"":5,""10110001"":46,""10111011"":27,""10110011"":39,""00111110"":8,""01101010"":5,""10001110"":15,""11110011"":66,""11001001"":7,""01011001"":1,""01110111"":8,""00111001"":12,""10111101"":30,""00111000"":6,""11100101"":119,""00010111"":1,""10011110"":12,""10111111"":15,""10101110"":48,""11100111"":73,""11100001"":72,""10010110"":12,""01001110"":4,""10100111"":33,""10011011"":4,""11100000"":46,""11011001"":6,""01001101"":5,""01101110"":7,""10001010"":12,""10101000"":22,""01111100"":4,""10011010"":11,""10110010"":32,""00001110"":3,""00101000"":6,""10001001"":8,""00110101"":4,""10001011"":10,""11001010"":6,""01101100"":5,""00110001"":17,""01011010"":3,""11110101"":38,""00101101"":17,""11110010"":73,""11001000"":8,""10100101"":49,""11000000"":4,""00111101"":9,""10001100"":8,""11011010"":12,""00101100"":7,""10001000"":7,""10100011"":33,""01100010"":2,""10110101"":33,""10000001"":17,""10000111"":13,""11000010"":11,""11110100"":36,""10010001"":15,""11100110"":86,""00110111"":14,""11110111"":61,""11110001"":70,""10000010"":11,""10100010"":21,""10100110"":28,""10010111"":16,""11100010"":56,""11011101"":14,""10110100"":19,""00110011"":12,""00100101"":16,""00010110"":1,""10010011"":11,""11010111"":5,""11010010"":16,""00100011"":7,""11010011"":5,""10000011"":10,""10100100"":26,""10100000"":16,""01110101"":6,""01100011"":1,""10000101"":9,""11111100"":30,""01011101"":3,""00001000"":5,""10011101"":16,""00011011"":1,""00010101"":1,""01001011"":5,""11010110"":8,""11100100"":58,""01111101"":5,""11011110"":4,""11000111"":16,""01011000"":2,""10011111"":12,""00101001"":5,""00000111"":2,""11000011"":10,""00101010"":19,""01110001"":8,""00110010"":13,""01100001"":8,""00100001"":9,""11000001"":5,""10000110"":18,""10010101"":8,""01100101"":7,""10110111"":30,""00100100"":7,""00110000"":8,""10110110"":18,""11000100"":3,""01000110"":2,""00110100"":4,""00000010"":3,""10010100"":8,""01100100"":4,""01000001"":3,""00100000"":6,""10010010"":8,""00000001"":3,""00100111"":10,""10000100"":7,""00100010"":10,""01011011"":2,""11010001"":5,""00100110"":9,""00110110"":9,""11000110"":9,""10010000"":3,""11000101"":19,""01100000"":3,""01100111"":2,""00000101"":2,""01010001"":2,""11010000"":5,""11010100"":2,""00001101"":5,""01001010"":5,""00111011"":3,""00111010"":8,""00101011"":13,""01000111"":4,""00011110"":1,""01001001"":1,""10011001"":9,""01011100"":3,""01010111"":3,""01110011"":2,""10000000"":7,""01111011"":5,""01001100"":2,""11010101"":4,""11011100"":1,""01010101"":1,""01101011"":4,""01101000"":2,""01111111"":3,""00010100"":1,""01111010"":2,""00011101"":1,""00111111"":3,""01110010"":2,""11011000"":5,""11001011"":4,""01111110"":1,""00000100"":1,""01010011"":1,""01001000"":1,""00001100"":1,""00010011"":2,""00000000"":1,""00000110"":1,""01111000"":3,""01110000"":3,""01000101"":1,""01100110"":2,""01000000"":1,""00011100"":1,""00001001"":2,""01001111"":1,""00001011"":1}"
72,x,4000,-0.3134999999999999,-0.38050000000000006,-0.3125,0.005499999999999949,-0.2735000000000001,-0.0814999999999999,0.2905,0.651,"{""00010111"":65,""00110110"":81,""11010011"":9,""01010000"":14,""10010111"":25,""01000011"":46,""00110100"":50,""00111110"":64,""00000101"":12,""01110100"":7,""01100111"":9,""00001111"":38,""00000011"":28,""00111111"":199,""00000001"":10,""00101101"":20,""11010111"":16,""00100110"":22,""01010001"":15,""00010101"":16,""01000000"":13,""00100100"":22,""01010101"":29,""00100111"":70,""01000111"":50,""00100101"":18,""01010011"":30,""10110000"":3,""00000111"":24,""00100011"":28,""01001011"":44,""10000111"":11,""00110111"":213,""00101110"":32,""11100001"":3,""10010001"":6,""00110001"":46,""01001010"":20,""00110011"":62,""11100111"":5,""00100001"":13,""01000010"":31,""11110010"":4,""00110010"":52,""00000110"":13,""11011011"":5,""01000101"":23,""00100010"":21,""00000000"":11,""10001110"":4,""01010111"":83,""00010110"":17,""01111011"":9,""00110101"":63,""01010110"":34,""00010001"":10,""10110100"":8,""01000110"":29,""01110000"":4,""01001110"":32,""00001110"":17,""11011010"":4,""00100000"":18,""00010010"":17,""10101111"":12,""00101100"":13,""00110000"":21,""01000100"":17,""11000111"":7,""01000001"":17,""00010000"":12,""10110001"":8,""00000010"":10,""01001111"":93,""01010010"":19,""11110001"":2,""10010110"":6,""11101101"":5,""10001111"":7,""11110111"":15,""00111101"":81,""01110111"":32,""00001100"":16,""10110101"":11,""01001101"":25,""00111011"":79,""01010100"":21,""11000011"":6,""10001000"":2,""00010100"":10,""01110001"":9,""01011111"":78,""00011111"":50,""11101111"":9,""10011111"":22,""11001110"":3,""01101111"":9,""11111010"":2,""01111111"":20,""01101110"":3,""00101011"":37,""10111001"":8,""10101011"":6,""00101001"":14,""00011100"":8,""00101111"":74,""00011110"":28,""01011011"":30,""10101010"":6,""00101010"":18,""01011010"":17,""10111111"":31,""00111000"":18,""00111001"":35,""01011100"":12,""11011111"":15,""00111100"":48,""00001011"":19,""11110101"":1,""01111101"":8,""11101010"":5,""01001100"":25,""01111001"":4,""10111011"":15,""11001011"":6,""00011101"":18,""10011110"":7,""00101000"":10,""01111110"":10,""01101010"":10,""00111010"":38,""00001101"":19,""00011010"":10,""10011000"":4,""01011001"":12,""01111010"":4,""01001000"":6,""01011000"":11,""01011101"":32,""10101101"":6,""00011001"":19,""01101100"":4,""11001010"":5,""10011101"":8,""00001010"":8,""10001011"":8,""01110110"":13,""10110111"":26,""10110011"":14,""11010010"":6,""11101011"":2,""00010011"":11,""10010100"":6,""11010101"":3,""01100101"":5,""10010011"":12,""10000010"":3,""11001111"":7,""01111100"":7,""00011000"":10,""00011011"":19,""11111001"":2,""10111101"":13,""10110010"":6,""11111111"":13,""01001001"":12,""01011110"":25,""10111100"":6,""10000001"":1,""01100010"":6,""10111110"":9,""01110011"":12,""10100110"":9,""11100010"":3,""10110110"":16,""10000100"":3,""01100110"":3,""10000011"":4,""11000110"":3,""11110110"":6,""10100010"":4,""01100100"":4,""11111110"":3,""01110101"":6,""11010100"":4,""11110000"":4,""11000000"":1,""10010101"":6,""11111101"":5,""11001100"":9,""01111000"":4,""10011001"":4,""10101100"":6,""10000101"":4,""10001100"":7,""10011011"":9,""11011101"":4,""11111100"":1,""11101110"":2,""10100011"":3,""10011010"":6,""11010110"":4,""01100011"":4,""10100111"":10,""10100101"":2,""00000100"":7,""00001001"":4,""11000010"":3,""11100100"":2,""10101110"":1,""11001101"":1,""10111010"":5,""11011100"":3,""11110011"":5,""11100011"":4,""10111000"":3,""11101100"":1,""11101001"":2,""10000000"":2,""11111011"":2,""01101011"":2,""11000100"":3,""10010000"":3,""10001001"":1,""10101001"":1,""11100101"":2,""11100110"":1,""01101001"":3,""11110100"":4,""11001001"":1,""10011100"":2,""11011001"":1,""11010001"":3,""01110010"":2,""01100000"":1,""00001000"":3,""10001101"":2,""01100001"":2,""10010010"":5,""10001010"":3,""11000001"":1,""11001000"":2,""11011110"":3,""01101101"":2,""10100100"":1,""11011000"":2,""11101000"":1}"
73,x,4000,0.32999999999999996,0.07150000000000001,-0.09800000000000009,0.04949999999999999,0.039000000000000035,-0.23249999999999993,0.6675,0.5760000000000001,"{""00111001"":28,""00101000"":100,""00101110"":81,""00111111"":31,""01000110"":19,""00001000"":32,""00011101"":26,""01111101"":6,""00101010"":35,""00101001"":35,""00011100"":51,""11101100"":12,""00111100"":98,""01110000"":10,""00100010"":66,""10011101"":12,""01101000"":13,""00101100"":97,""00111101"":38,""11011100"":3,""00111010"":61,""00001110"":46,""00110000"":69,""00010100"":56,""00011000"":25,""00001101"":18,""00101101"":38,""00001111"":19,""00011111"":30,""01011011"":3,""00001001"":19,""10111100"":19,""11010110"":4,""01111000"":5,""00100111"":32,""00001011"":23,""00010000"":22,""00110100"":86,""00110010"":78,""10111010"":9,""11111001"":4,""10010110"":22,""10001111"":6,""00101111"":47,""00111110"":56,""10111110"":8,""00011011"":15,""11100000"":15,""00111011"":31,""00110101"":49,""00001010"":25,""10011000"":11,""01001100"":15,""00011110"":27,""01001001"":3,""10011010"":14,""01101111"":7,""10101100"":9,""00001100"":29,""10111101"":4,""00111000"":61,""11111011"":2,""00101011"":48,""01100000"":11,""00110110"":80,""01011101"":3,""00000010"":26,""10101011"":4,""00010110"":39,""01011100"":6,""10010111"":11,""00100000"":123,""00100100"":101,""01000001"":14,""00010010"":22,""01010110"":10,""00100110"":83,""10111011"":2,""11011110"":3,""00100101"":46,""10000111"":9,""10000000"":17,""10010100"":28,""01011110"":11,""00000101"":9,""00000100"":24,""01010111"":5,""10110110"":11,""00000000"":38,""10001110"":19,""10110001"":7,""10100110"":10,""00000110"":31,""00010111"":13,""01010000"":9,""11110100"":4,""01100111"":1,""00110001"":37,""01010100"":14,""10000100"":14,""01000011"":8,""01000100"":9,""01000111"":10,""11000000"":5,""10010000"":14,""11100010"":7,""11000100"":1,""00100011"":41,""00011010"":15,""11111100"":7,""10011011"":2,""01101011"":5,""10101000"":10,""01001000"":11,""01111001"":2,""01010101"":6,""10001011"":6,""00010101"":27,""10001000"":19,""11111111"":4,""10001101"":4,""10101101"":6,""11111000"":2,""00000001"":26,""00110111"":43,""01001111"":6,""10011100"":35,""10111000"":9,""10000110"":17,""01100100"":8,""11100011"":6,""01110110"":9,""10110010"":11,""10100111"":7,""00000111"":21,""01010011"":3,""11010100"":7,""10000011"":9,""00011001"":15,""10000101"":8,""10010010"":13,""01000101"":5,""10011001"":3,""10010101"":16,""11100101"":6,""00100001"":38,""10000010"":12,""10110111"":10,""10100011"":8,""10100000"":8,""01000010"":9,""01010010"":9,""00110011"":46,""01110111"":5,""10001010"":8,""10110011"":8,""00000011"":26,""00010001"":14,""11100111"":6,""11010010"":4,""01110100"":8,""11110000"":2,""11100100"":6,""01110011"":3,""10010011"":6,""10100101"":3,""01100101"":4,""11101110"":12,""10100010"":7,""11110101"":6,""01101100"":13,""01011010"":11,""10001100"":20,""11001110"":2,""01111110"":6,""10011110"":20,""11101000"":14,""11110010"":6,""10010001"":6,""01101110"":7,""11101111"":3,""11011000"":3,""01101001"":2,""10111001"":3,""01111111"":2,""11000101"":1,""01001101"":3,""00010011"":12,""11100110"":12,""01001010"":8,""10110100"":7,""10011111"":7,""11110011"":4,""01110001"":3,""11100001"":2,""11110001"":1,""11010101"":3,""11010000"":2,""10000001"":5,""10110000"":8,""01000000"":15,""01100010"":5,""10100100"":3,""01100011"":2,""01100110"":9,""01101101"":4,""01111100"":7,""11101001"":4,""01001110"":13,""01011111"":4,""11111110"":6,""01111011"":2,""11000110"":1,""11101011"":5,""01101010"":4,""11001111"":1,""11011001"":4,""11001000"":1,""01011001"":2,""10100001"":4,""11110111"":3,""10101110"":8,""11101010"":6,""01111010"":1,""01001011"":3,""10001001"":2,""11001100"":2,""01011000"":9,""11011011"":1,""10101111"":2,""10101001"":3,""01110010"":3,""11010111"":3,""01010001"":3,""11111010"":3,""11011010"":2,""11011101"":2,""10111111"":4,""11010011"":1,""11000111"":2,""11111101"":1,""11110110"":3,""01100001"":2,""10101010"":3,""11101101"":3,""11001001"":1,""10110101"":1,""11000001"":1}"
74,x,4000,0.31399999999999995,-0.03550000000000009,-0.12549999999999994,0.016000000000000014,-0.07850000000000001,-0.1299999999999999,0.264,0.32199999999999995,"{""00001111"":4,""01001111"":5,""00011101"":47,""11001011"":5,""10101110"":9,""10110111"":13,""01011100"":46,""00101010"":97,""01011010"":47,""11100010"":47,""10011010"":54,""00000011"":2,""11101111"":12,""00011010"":43,""00101011"":45,""00101111"":37,""00111010"":33,""00100111"":40,""00110011"":11,""00110100"":57,""00100100"":77,""00111101"":22,""10001100"":4,""00101000"":33,""01111001"":5,""00101100"":58,""11011011"":2,""00111110"":9,""10001110"":9,""01101111"":11,""11001110"":8,""00011111"":25,""10011100"":41,""00011011"":13,""10101010"":11,""10111100"":30,""01110111"":8,""11111101"":14,""01111100"":11,""11011000"":2,""01101001"":22,""01101101"":13,""10101000"":11,""10010100"":57,""11011100"":5,""10011110"":18,""00101110"":64,""10010011"":13,""01011111"":15,""00010000"":27,""10111010"":17,""11111100"":19,""01001101"":8,""11101100"":24,""11101011"":13,""11101101"":12,""01100101"":11,""00111100"":38,""10101101"":8,""00100010"":93,""00011000"":17,""10110010"":19,""01010111"":25,""11011010"":9,""00011100"":54,""11101010"":32,""01011011"":19,""00101001"":31,""01101011"":10,""00110111"":31,""10001010"":10,""11110101"":10,""01001010"":18,""00100101"":42,""01111101"":3,""01101100"":20,""00011001"":13,""01001011"":9,""00011110"":20,""01000110"":9,""01100010"":44,""10010110"":24,""10100010"":20,""00010100"":107,""10010010"":40,""00100001"":23,""01110010"":11,""01010100"":39,""00010010"":39,""10110101"":9,""10010101"":24,""00110010"":33,""10000010"":14,""00110001"":4,""01010101"":13,""11000011"":1,""00010001"":16,""00110000"":18,""00010111"":22,""01110000"":4,""01100100"":28,""00000010"":11,""00010101"":30,""11110111"":5,""01000000"":6,""10110100"":30,""01010011"":12,""00010110"":27,""01100001"":5,""10010111"":20,""01110110"":7,""11100101"":8,""00100011"":16,""00000111"":4,""11100110"":20,""01010010"":50,""11000110"":5,""01100110"":24,""10100100"":24,""10110110"":6,""11100100"":31,""10011111"":20,""00100110"":54,""00110101"":20,""01110100"":19,""01010001"":6,""11010001"":3,""10010000"":9,""00110110"":12,""10111101"":12,""01111110"":9,""01111010"":16,""01011101"":32,""01001100"":10,""01101010"":35,""00111111"":16,""01001110"":14,""00101101"":46,""01101110"":17,""10111111"":9,""01111111"":8,""00001001"":2,""10011101"":22,""10101111"":7,""01011110"":15,""11101000"":12,""11111000"":9,""10101100"":11,""10001000"":3,""10011011"":15,""01111011"":4,""01001000"":10,""00111000"":15,""01011001"":15,""10111110"":8,""10001001"":5,""00001110"":7,""10011001"":17,""11111110"":2,""11101110"":21,""00100000"":24,""01110011"":5,""10001101"":5,""01000010"":17,""10101001"":5,""00111011"":9,""00111001"":5,""10111001"":6,""00001010"":12,""11101001"":9,""01011000"":10,""10111011"":10,""01010000"":12,""11011110"":3,""01001001"":7,""01110101"":11,""10110001"":4,""00001100"":7,""11111010"":5,""01111000"":5,""01010110"":24,""10000110"":4,""10011000"":14,""11100011"":10,""11001101"":2,""10111000"":4,""11110010"":9,""11110000"":8,""10101011"":3,""00001011"":4,""01100111"":16,""00001101"":4,""01101000"":5,""11010100"":14,""11011101"":5,""10001011"":4,""00000110"":8,""11100000"":8,""11110001"":6,""11110011"":6,""01100000"":6,""01000100"":18,""01000111"":3,""10100110"":12,""11000100"":8,""11100001"":8,""11000010"":12,""10000100"":7,""10010001"":10,""11001010"":8,""11001100"":3,""11111011"":8,""11110100"":26,""10001111"":2,""00000101"":4,""11001000"":1,""11010010"":10,""00000000"":8,""10000101"":2,""11100111"":9,""10110000"":8,""11010000"":1,""11110110"":7,""11001001"":5,""11000001"":1,""01110001"":4,""01000101"":5,""01000011"":3,""10100000"":4,""00010011"":19,""11000000"":3,""11010111"":5,""01100011"":4,""10110011"":5,""10100111"":9,""10000001"":3,""11111001"":2,""10000000"":4,""00000100"":9,""11010101"":3,""10000111"":3,""00000001"":2,""10000011"":1,""10100001"":2,""11111111"":5,""11001111"":2,""11010011"":2,""00001000"":1,""10100011"":2,""10100101"":1,""11000101"":1,""11010110"":2,""11000111"":1}"
75,x,4000,0.3005,-0.11650000000000005,0.10450000000000004,0.03300000000000003,0.28200000000000003,-0.05600000000000005,-0.0645,0.7070000000000001,"{""01100100"":67,""01000010"":26,""00000000"":70,""01010100"":8,""00010110"":39,""11000010"":4,""00000011"":38,""00000010"":111,""11110010"":5,""01100110"":48,""00010000"":22,""01110100"":38,""00100100"":11,""01100101"":68,""00001010"":85,""01100000"":94,""01110010"":35,""01101011"":51,""00100010"":28,""01100010"":168,""01010011"":11,""00000101"":33,""00110000"":11,""00000100"":41,""00000111"":25,""01100011"":82,""00011100"":61,""11100001"":4,""00011101"":23,""00011111"":37,""00100111"":8,""01110011"":24,""00010011"":21,""01100111"":45,""01000111"":8,""00010111"":38,""00100110"":16,""10110011"":1,""00011001"":14,""00010010"":42,""00010101"":30,""01110110"":50,""01010111"":5,""01110000"":25,""01000011"":4,""11101010"":20,""01111011"":15,""11110011"":2,""00110011"":2,""00110001"":4,""10000001"":9,""00100000"":11,""00010100"":37,""01000100"":11,""00100011"":6,""10000011"":10,""00011110"":40,""01010110"":3,""00010001"":16,""01000000"":13,""10000100"":14,""00000110"":44,""10011011"":8,""10100000"":2,""01110111"":33,""01000110"":6,""01001110"":9,""10010110"":6,""01011011"":11,""01100001"":41,""00111100"":7,""11110111"":2,""11100011"":6,""01101100"":78,""01110001"":26,""01000101"":14,""00011010"":78,""11100110"":5,""00000001"":33,""11110000"":3,""10100010"":3,""10010111"":4,""10000101"":12,""01110101"":20,""01010101"":6,""01101010"":153,""01010010"":7,""01101000"":66,""00110010"":11,""10010101"":8,""00110111"":3,""10001110"":9,""00110101"":5,""10000000"":18,""01111110"":43,""10110111"":1,""01101001"":41,""01011010"":20,""00101000"":18,""00100001"":4,""10000110"":12,""00001111"":31,""00111110"":7,""10011111"":2,""10001000"":25,""10101111"":3,""10101011"":3,""10011101"":8,""11101001"":7,""00001000"":51,""10111001"":1,""01111010"":47,""10001111"":3,""11111100"":8,""11101111"":4,""01101101"":34,""01001010"":27,""10001011"":7,""01111111"":22,""00011011"":23,""00001110"":28,""01101111"":56,""00001001"":18,""01111000"":26,""01111001"":20,""11011110"":2,""01011100"":9,""00001100"":47,""01111100"":48,""11101000"":6,""01001111"":7,""00111010"":10,""00001011"":11,""10111100"":3,""01000001"":7,""10001100"":12,""01101110"":50,""00101010"":18,""01111101"":14,""00011000"":22,""10011100"":16,""11101110"":10,""10001001"":7,""10011010"":19,""01001011"":7,""01001101"":8,""00101110"":6,""00001101"":32,""10001010"":23,""01011001"":3,""00101111"":13,""10101110"":2,""00101001"":7,""10111110"":1,""10011110"":7,""11001000"":3,""11111000"":3,""10000010"":24,""10010011"":6,""11100100"":5,""11100101"":6,""10010010"":12,""11010000"":2,""00110100"":7,""11100010"":22,""10000111"":9,""01010001"":2,""11011111"":3,""10100111"":2,""11110110"":4,""00101100"":11,""10110000"":3,""11000111"":1,""00100101"":9,""01001100"":10,""10011000"":11,""00111101"":4,""11001110"":4,""10101001"":1,""11101101"":4,""11101100"":6,""10101100"":2,""10110010"":3,""11111110"":3,""11001010"":2,""11100000"":9,""11111011"":3,""11001111"":1,""10001101"":3,""01011000"":6,""01011101"":6,""11001100"":2,""10011001"":4,""00101101"":5,""00101011"":3,""01001000"":8,""01011110"":6,""00111001"":2,""11011100"":3,""10110100"":1,""01010000"":4,""00111000"":7,""10010000"":1,""11011010"":4,""10111111"":1,""00111011"":2,""10101101"":1,""10100001"":3,""00110110"":4,""11111001"":3,""01001001"":3,""10101000"":4,""10010001"":2,""11000011"":4,""10100100"":1,""01011111"":5,""11101011"":3,""11001101"":1,""00111111"":5,""11110101"":4,""11110100"":4,""10010100"":5,""11010110"":1,""10101010"":1,""11000100"":2,""10110101"":1,""11100111"":7,""11000000"":2,""10100011"":1,""11011011"":1,""10100110"":2,""10111010"":1,""11011101"":1,""11111010"":1,""11001011"":2,""11010010"":1,""11000110"":1,""11000101"":1,""10111011"":1,""11110001"":1,""11010101"":1,""11010111"":1,""11010100"":1}"
76,x,4000,0.1785,-0.21649999999999991,0.14700000000000002,0.017000000000000015,0.01849999999999996,-0.03200000000000003,-0.026000000000000023,-0.19100000000000006,"{""11010000"":16,""01100000"":6,""10100010"":94,""11000010"":36,""10000000"":3,""01000010"":48,""10001011"":10,""01010010"":52,""10111110"":28,""10100110"":29,""00110100"":9,""01100100"":16,""00110000"":7,""00110101"":5,""11010110"":25,""00010101"":5,""11111001"":8,""00100010"":25,""01010011"":45,""11110100"":10,""01010111"":31,""11000111"":18,""11010011"":31,""11100011"":11,""01010100"":31,""01000100"":22,""10100011"":58,""11100010"":19,""10100001"":37,""01010110"":24,""00100001"":15,""10100111"":52,""11010111"":27,""01010001"":26,""10110101"":15,""11010100"":38,""01110111"":6,""10110111"":19,""10110100"":23,""11011010"":49,""10010101"":5,""11100111"":7,""01000001"":20,""00100011"":15,""11100001"":11,""00100000"":9,""01000000"":21,""01010101"":20,""10100000"":33,""10110011"":22,""10000010"":18,""01100110"":6,""11110110"":11,""00000010"":6,""10101110"":42,""00010110"":8,""11101010"":23,""10101010"":78,""10000011"":8,""01001100"":28,""11110101"":6,""00011001"":7,""10100100"":61,""10101001"":23,""11110001"":11,""11000001"":14,""10110010"":54,""10000100"":10,""00100100"":11,""10111001"":21,""10010011"":9,""01000110"":11,""10100101"":30,""11100000"":4,""10101111"":48,""11011001"":6,""01011000"":22,""01110001"":7,""10110110"":18,""11010010"":61,""01110010"":10,""01000011"":19,""10010010"":19,""11111110"":10,""00011010"":22,""00111010"":18,""00001010"":6,""11011110"":25,""00101110"":9,""00001110"":3,""01111101"":3,""01001010"":49,""10111010"":60,""00011111"":7,""01011011"":35,""10001010"":21,""01111000"":6,""00111000"":9,""01011110"":18,""11101000"":6,""11111101"":2,""11101110"":7,""01011010"":59,""00101001"":7,""00101000"":6,""11101001"":6,""01111110"":6,""00011100"":11,""01101001"":8,""11101111"":17,""01101010"":31,""11111000"":10,""10001100"":13,""10111100"":23,""01011001"":22,""11011011"":20,""10111011"":27,""11011100"":20,""01011100"":26,""01111100"":9,""10111000"":35,""11001101"":8,""11010001"":15,""10101011"":56,""01110100"":6,""00011110"":14,""10000111"":12,""10101101"":23,""00011011"":13,""00101101"":4,""11011000"":27,""11001010"":22,""00101011"":9,""01101100"":7,""10101100"":38,""10011001"":9,""01101101"":5,""00111110"":9,""10101000"":40,""00101100"":16,""01001110"":25,""11111010"":13,""00101010"":22,""01100101"":4,""01011111"":32,""10011100"":8,""01001101"":6,""01100111"":6,""10110000"":21,""00010010"":18,""01000101"":14,""01110101"":3,""10010111"":12,""11100110"":7,""00000011"":5,""01010000"":20,""00010100"":10,""00100111"":14,""11110010"":19,""00110010"":16,""11110011"":6,""11100101"":13,""11010101"":16,""11100100"":14,""11000110"":15,""11110111"":10,""11000100"":17,""11101100"":16,""10110001"":16,""01100001"":11,""10010001"":6,""11000101"":8,""10011000"":8,""01100010"":14,""01101011"":14,""00010000"":4,""01100011"":9,""00100101"":7,""01000111"":14,""01110011"":1,""00110011"":14,""11000000"":10,""00000001"":3,""10010110"":3,""00000000"":3,""01111001"":3,""10000101"":4,""11001111"":13,""11011111"":22,""00010111"":11,""00000110"":2,""10000110"":6,""11000011"":13,""11110000"":4,""10111111"":22,""10010000"":5,""00010001"":6,""10001111"":2,""00000100"":3,""01101000"":12,""01001111"":23,""00000111"":2,""11001011"":14,""00100110"":4,""11001000"":10,""00110110"":8,""00110111"":6,""01111011"":9,""10011101"":6,""10001000"":5,""01001000"":16,""01011101"":13,""10011111"":6,""10111101"":17,""01111010"":16,""11111111"":6,""11101011"":7,""11101101"":2,""11001001"":13,""01001011"":23,""00111101"":7,""11111100"":7,""01101110"":10,""00101111"":10,""10000001"":7,""00110001"":6,""01110110"":6,""01001001"":15,""10011010"":11,""00111100"":11,""11001110"":15,""11001100"":13,""00111111"":7,""10001101"":1,""11011101"":8,""11111011"":10,""00011101"":8,""00111001"":6,""00011000"":2,""10010100"":8,""00010011"":5,""10011011"":5,""10011110"":9,""00001100"":6,""00001000"":3,""01101111"":9,""10001001"":4,""01111111"":2,""00001001"":2,""00001011"":2,""10001110"":8,""00001111"":2,""01110000"":3,""00001101"":1,""00111011"":3}"
77,x,4000,-0.377,0.16100000000000003,-0.0794999999999999,0.017000000000000015,0.10450000000000004,-0.06349999999999989,0.030000000000000027,-0.11250000000000004,"{""10001111"":11,""11111101"":34,""01001001"":28,""10101011"":36,""00111001"":20,""01010111"":30,""10111011"":19,""00111000"":13,""01101001"":11,""00101110"":10,""00011011"":14,""00101101"":55,""10101100"":34,""10110111"":37,""01011100"":23,""01001011"":39,""11111001"":19,""00001011"":13,""00101001"":33,""11101011"":20,""11011101"":25,""10111111"":21,""00101011"":21,""10111101"":27,""11011111"":18,""10110001"":34,""01011101"":33,""00011101"":26,""10101001"":35,""11101101"":49,""00101100"":27,""00111100"":7,""10101111"":32,""10001101"":13,""11111011"":11,""10101101"":44,""00101111"":24,""00011111"":19,""10101010"":18,""01011001"":23,""00011010"":11,""10000111"":20,""01001101"":32,""11011001"":15,""00010011"":16,""01011011"":20,""11101111"":19,""10001011"":15,""11001011"":25,""01000001"":37,""11001001"":34,""10111001"":51,""11101000"":9,""10111000"":17,""11011110"":7,""01001110"":8,""11111111"":26,""01001111"":28,""10010111"":18,""10111100"":13,""10101000"":20,""00001001"":11,""00111010"":10,""11101100"":34,""00100000"":18,""00011000"":8,""10001001"":20,""01000011"":18,""01011111"":39,""00101000"":14,""01101101"":8,""00001111"":10,""00110111"":22,""01001100"":14,""11011100"":16,""11001101"":26,""11001110"":16,""00110110"":5,""11001100"":25,""11011011"":14,""00100111"":45,""11100110"":10,""01011000"":4,""10110101"":21,""01011110"":6,""00111101"":18,""01111010"":2,""00001101"":12,""11001111"":10,""10011111"":12,""11100001"":31,""00101010"":9,""01111011"":4,""11111010"":8,""10111010"":12,""00011001"":15,""11110111"":29,""11111110"":6,""11001000"":16,""01011010"":9,""11101010"":11,""11011010"":4,""01010110"":14,""00001010"":7,""10100110"":16,""10001000"":11,""10011110"":3,""00111011"":16,""01101011"":5,""11000111"":32,""01111100"":3,""10011101"":13,""11001010"":10,""10011010"":4,""10100111"":38,""10011011"":13,""10100000"":16,""01000010"":8,""00011100"":13,""00001110"":4,""00100010"":20,""00110101"":13,""01101100"":10,""10000011"":7,""00100001"":22,""11111000"":15,""00011110"":5,""10111110"":9,""00111111"":9,""11100011"":17,""10100001"":25,""00001100"":4,""11000011"":27,""10110110"":13,""00100011"":29,""01010101"":50,""11110001"":36,""11010111"":16,""11100000"":18,""01010000"":16,""10010110"":3,""11000101"":27,""00000101"":10,""01110010"":5,""10000001"":21,""01000101"":30,""00010111"":24,""10110000"":17,""01000111"":32,""00100101"":46,""00010000"":6,""11000100"":18,""10100011"":30,""10100101"":38,""01010100"":15,""10100010"":10,""11000110"":9,""10010000"":12,""11100100"":17,""00110100"":9,""01100001"":5,""11000000"":10,""11110101"":32,""00010001"":20,""11010101"":18,""10100100"":36,""11000010"":11,""10110100"":14,""00000100"":5,""10110011"":20,""10000101"":17,""00000000"":7,""00110011"":13,""10010101"":23,""01010001"":28,""00010100"":10,""11000001"":27,""00010101"":22,""00110001"":29,""01110100"":3,""01100010"":3,""01001000"":17,""00010010"":6,""10110010"":7,""10011100"":12,""11101001"":15,""10011001"":8,""01001010"":7,""11011000"":5,""00000111"":15,""11111100"":11,""11101110"":11,""00001000"":4,""00000001"":19,""01000000"":14,""00110010"":5,""10010100"":12,""11110110"":8,""11010000"":7,""11110010"":14,""10010011"":7,""11100101"":37,""01010010"":12,""11010001"":19,""00100100"":25,""00100110"":6,""11100111"":26,""01100011"":9,""11110011"":16,""01000110"":12,""00111110"":5,""10001100"":5,""01101111"":4,""01101000"":3,""00010110"":3,""10000110"":3,""10000000"":4,""11110100"":9,""11010110"":6,""10000100"":10,""01110111"":3,""11110000"":14,""11010011"":10,""01000100"":7,""01110101"":4,""01100101"":12,""10010001"":17,""00000011"":13,""01010011"":19,""11010100"":7,""11010010"":6,""00110000"":10,""11100010"":6,""00000010"":5,""01110001"":5,""01100111"":5,""00000110"":4,""01110000"":5,""10011000"":2,""01110011"":4,""10000010"":2,""01111001"":5,""01111111"":4,""01111101"":3,""10101110"":7,""10001010"":2,""01111110"":2,""01111000"":1,""10010010"":3,""01100110"":1,""01100000"":3,""10001110"":1,""01100100"":2}"
78,x,4000,-0.09949999999999992,-0.062000000000000055,-0.0004999999999999449,-0.0044999999999999485,0.25549999999999995,0.125,0.20399999999999996,0.7055,"{""10011111"":18,""01011111"":15,""10000110"":15,""01101101"":52,""00011110"":50,""00000100"":45,""01101110"":67,""00001100"":29,""00011100"":38,""01111000"":18,""00001111"":58,""00011101"":45,""00111111"":9,""01101011"":67,""00110110"":5,""00001001"":64,""01101001"":61,""01011010"":11,""00111110"":10,""00101100"":17,""01001111"":9,""00101110"":18,""00000011"":81,""10011001"":25,""10011000"":15,""00001101"":61,""00011001"":67,""00101000"":15,""01111110"":34,""11001010"":4,""00001110"":46,""01101000"":36,""01101100"":53,""01011101"":17,""10101111"":3,""01000011"":14,""01111001"":26,""11111001"":4,""00110111"":10,""01101111"":40,""01100011"":58,""00001000"":38,""00011000"":40,""00011011"":49,""01100111"":56,""00101001"":34,""01001100"":8,""00101010"":8,""00011111"":44,""10011101"":7,""01111101"":15,""10101010"":5,""00010000"":29,""01000111"":11,""10001010"":7,""00000101"":57,""01101010"":44,""01011011"":17,""00111101"":10,""10111110"":2,""01111011"":25,""00111100"":10,""00011010"":21,""00001010"":54,""10000001"":15,""10000000"":5,""01100110"":61,""01110001"":15,""00010100"":37,""00100101"":21,""10000101"":16,""00110001"":11,""01010110"":8,""10100001"":4,""00010001"":32,""10000011"":19,""00010010"":30,""01111111"":25,""00100100"":19,""01011001"":15,""01010111"":6,""00010011"":55,""01100101"":52,""01000100"":5,""01100000"":41,""01100100"":61,""10010011"":14,""00000000"":43,""01110101"":20,""01100010"":47,""10100100"":5,""00010101"":35,""10010010"":11,""00000111"":63,""00100000"":16,""00010110"":39,""01110011"":32,""11000100"":1,""10000010"":14,""01110111"":21,""01010101"":6,""00100110"":29,""01010000"":7,""01110110"":12,""00100011"":23,""00000001"":46,""10100110"":7,""00100010"":21,""10110111"":2,""00000010"":76,""01010011"":8,""10010101"":10,""01100001"":45,""00100111"":24,""00101011"":16,""01110000"":19,""00110011"":8,""10000100"":10,""10110001"":1,""10010110"":15,""10000111"":14,""00100001"":26,""00010111"":30,""10010001"":11,""00110000"":3,""11110001"":2,""11100100"":2,""00000110"":69,""01000110"":9,""01110010"":10,""01010100"":6,""10011010"":10,""01010001"":10,""10010100"":9,""10010111"":11,""11011000"":1,""11100101"":7,""10010000"":8,""11101110"":9,""01001001"":9,""00111010"":5,""01000001"":7,""10001011"":10,""01011110"":17,""01011100"":5,""11001101"":2,""11000110"":2,""11011001"":4,""00101101"":21,""00111001"":10,""00001011"":52,""11101001"":7,""10001001"":9,""11100000"":4,""10001100"":5,""10011011"":15,""11101011"":2,""10101110"":7,""11011111"":4,""00101111"":17,""10011110"":13,""10001111"":11,""01001011"":11,""01011000"":14,""11101100"":3,""10101101"":2,""11100111"":7,""01001000"":7,""10001000"":5,""00111000"":6,""10001101"":7,""11111110"":2,""01001010"":5,""01000101"":10,""01111010"":15,""01000010"":8,""11000011"":3,""11100011"":7,""10011100"":3,""10100011"":8,""10100111"":6,""11100010"":3,""11000010"":2,""00110010"":4,""11010001"":1,""01110100"":13,""11010111"":4,""11010010"":2,""10101011"":4,""00110100"":5,""10101001"":6,""00111011"":3,""11111010"":1,""10110000"":1,""01001101"":6,""10111001"":2,""11011101"":3,""01111100"":15,""11001000"":4,""11001110"":2,""11101000"":2,""01001110"":5,""10001110"":10,""11001100"":3,""11000001"":2,""11000000"":1,""11110000"":2,""10100101"":6,""11001011"":1,""11100001"":1,""01010010"":5,""11010000"":3,""01000000"":6,""11111000"":2,""10111100"":2,""10111101"":1,""10101100"":3,""00110101"":1,""10100010"":3,""11010110"":2,""11010011"":3,""10100000"":2,""11101111"":2,""11101101"":3,""11111111"":1,""11011110"":2,""10110011"":1,""11110111"":1,""11011100"":1,""11011010"":1,""11110100"":1,""11000111"":1,""11000101"":1,""11010101"":1,""11001001"":1,""11111101"":1,""11001111"":1}"
79,x,4000,0.0605,0.09150000000000003,-0.0665,0.04200000000000004,0.122,-0.018000000000000016,0.246,0.52,"{""01110110"":37,""01010001"":12,""00000111"":56,""01100110"":23,""01110010"":33,""10100000"":12,""01000101"":9,""10011100"":26,""00111001"":22,""01100011"":25,""00100111"":38,""00100000"":52,""01110111"":49,""01100100"":30,""00110110"":17,""01110000"":39,""10100001"":7,""00100010"":21,""10110011"":4,""00010100"":41,""00100110"":32,""01100010"":31,""10000110"":11,""10011110"":18,""01110100"":57,""00000011"":25,""01010110"":11,""00000010"":50,""10000100"":14,""00110100"":34,""01100000"":47,""00010110"":20,""00000100"":53,""01000111"":19,""10110001"":5,""10000111"":22,""00000000"":75,""01110001"":28,""00110011"":13,""00100001"":26,""00101001"":22,""11100000"":13,""10010111"":16,""01111011"":27,""01110101"":47,""01010101"":10,""01101110"":14,""01000000"":13,""10010010"":15,""10000101"":18,""01100111"":46,""01011011"":7,""01110011"":19,""01011100"":18,""11000011"":3,""10000000"":25,""10000011"":20,""00110010"":14,""00000110"":26,""00010001"":20,""10100100"":12,""11100101"":2,""01000110"":7,""00101000"":41,""00101100"":28,""01010100"":12,""00011000"":18,""00011010"":18,""10001111"":16,""10001100"":26,""10001101"":15,""00111100"":33,""01111111"":31,""00111011"":18,""00001100"":44,""01111110"":26,""10101000"":13,""00011111"":19,""00111000"":18,""11001101"":2,""01111100"":43,""10001011"":18,""00011100"":34,""01001100"":17,""01101111"":33,""00101101"":30,""00111111"":16,""00001000"":50,""11101100"":4,""10001010"":11,""10011000"":14,""01111101"":29,""10011010"":5,""01101101"":25,""00001111"":46,""00001010"":44,""00011011"":30,""01101000"":47,""10011011"":15,""10000001"":14,""01010111"":9,""00111101"":18,""11001110"":1,""00101111"":28,""11111000"":3,""01100101"":28,""00001001"":32,""01101011"":23,""00011001"":28,""00101011"":24,""10001000"":14,""11101001"":9,""10001001"":6,""01101010"":20,""00101010"":14,""01001010"":8,""00001110"":27,""01001000"":12,""01001111"":14,""10110010"":3,""01010000"":8,""11111010"":3,""01011110"":3,""00111110"":12,""01001110"":8,""11001010"":4,""11101000"":11,""10011111"":26,""11000110"":3,""10010000"":13,""10010100"":31,""01100001"":11,""10100110"":7,""10010101"":16,""10111001"":5,""00100011"":27,""01010011"":6,""01000011"":13,""00110111"":12,""11000001"":2,""00110101"":14,""00010111"":21,""00010010"":9,""01000001"":6,""01010010"":4,""01000010"":10,""00000101"":39,""00010101"":26,""11100111"":5,""00110000"":13,""10100011"":8,""00110001"":16,""00011110"":19,""11000010"":4,""00010011"":19,""10010110"":16,""11110010"":2,""11110110"":3,""10011101"":27,""10110100"":6,""10100111"":11,""00100100"":21,""10000010"":17,""10110000"":7,""00100101"":15,""11010101"":1,""11100001"":5,""11100100"":6,""10100101"":6,""10111000"":5,""00011101"":28,""11100110"":2,""10010011"":11,""00010000"":19,""11101111"":4,""00101110"":24,""00001101"":33,""01111000"":26,""01101100"":24,""11101010"":6,""01011000"":9,""01011010"":8,""10001110"":15,""01111010"":18,""01011111"":13,""01011101"":9,""10101100"":9,""01111001"":25,""10111100"":5,""11010010"":2,""00000001"":23,""11010111"":1,""11110001"":3,""11010011"":3,""00001011"":31,""01001101"":11,""10011001"":19,""01101001"":18,""10101111"":7,""01001011"":6,""11101101"":3,""11011001"":3,""01011001"":7,""11111110"":3,""10101011"":8,""10111011"":7,""11111111"":1,""11011101"":3,""10101101"":6,""11111100"":7,""01001001"":4,""11001000"":4,""11101110"":8,""11011011"":3,""10101010"":2,""10101001"":4,""11011111"":2,""01000100"":9,""11110111"":1,""10010001"":13,""11000100"":4,""11110100"":5,""10111101"":4,""00111010"":13,""10101110"":11,""11001001"":2,""11101011"":3,""11011100"":5,""10100010"":11,""10110110"":7,""11001011"":2,""11001100"":4,""11111101"":1,""11111001"":3,""11111011"":3,""11110011"":2,""10110101"":3,""11000000"":10,""11000101"":2,""11000111"":3,""10110111"":2,""11010100"":4,""11010001"":2,""11010110"":3,""11001111"":2,""11011000"":1,""11100010"":5,""11011110"":1,""11100011"":2,""11110000"":1,""10111010"":2,""11110101"":2,""10111111"":1}"
80,x,4000,0.12649999999999995,0.10450000000000004,0.1895,0.007000000000000006,0.40149999999999997,-0.2905,0.399,0.47150000000000003,"{""00100100"":70,""01010001"":17,""00100001"":105,""01000010"":23,""10110111"":3,""01000001"":24,""00100101"":44,""11100010"":14,""01000011"":6,""00100010"":103,""00100000"":123,""11100101"":3,""00101000"":106,""10010111"":6,""00000001"":25,""10100001"":24,""01001101"":11,""10010010"":24,""00000010"":28,""10110000"":15,""01010010"":16,""10110011"":5,""00010111"":7,""00010001"":16,""00100011"":34,""01000100"":24,""00000111"":21,""11100000"":9,""00000011"":12,""01110010"":17,""00110111"":24,""01100001"":21,""01100101"":14,""00101011"":43,""11000101"":6,""10101010"":27,""01001111"":14,""10100011"":7,""01100000"":18,""00000000"":39,""00110110"":16,""01010101"":8,""11100100"":10,""01000000"":24,""00110000"":40,""10100101"":17,""01110001"":16,""00110100"":22,""00001101"":26,""00100111"":59,""10010110"":9,""00000100"":17,""10000010"":10,""01111101"":7,""01010000"":12,""10010100"":10,""00110101"":18,""01111000"":10,""00101111"":68,""00110010"":41,""10100000"":31,""11110010"":5,""01000110"":20,""01100111"":15,""10100110"":17,""10010001"":11,""10100111"":16,""00010010"":17,""11110001"":5,""01010110"":10,""11000000"":17,""01110000"":16,""01100010"":15,""11000100"":6,""00010110"":6,""00000101"":15,""00111010"":37,""10011100"":13,""10110010"":8,""10110001"":10,""11100110"":5,""00100110"":71,""10100100"":14,""10110100"":8,""11100111"":8,""01110101"":12,""00011001"":20,""10000110"":5,""00110001"":19,""10011111"":11,""00011111"":13,""10100010"":21,""00101010"":106,""11110111"":6,""10000101"":13,""11011100"":5,""11000011"":4,""00011110"":10,""01010100"":8,""10000100"":8,""01101001"":27,""00010011"":2,""11011101"":6,""01110111"":8,""01000101"":14,""11000010"":10,""10101001"":37,""00111101"":14,""00111000"":28,""00001001"":32,""00101101"":53,""00101110"":69,""01011111"":9,""00101001"":135,""01011110"":6,""10111010"":7,""10101011"":8,""00001110"":20,""00001100"":12,""11011111"":6,""00001000"":39,""10101101"":9,""10101000"":32,""01011010"":23,""11101001"":21,""11011001"":6,""11001011"":6,""01101010"":30,""01001001"":23,""00011101"":9,""11001001"":12,""11101100"":9,""01101100"":11,""10001011"":3,""01001010"":22,""10011110"":9,""10001101"":10,""10011001"":17,""01111011"":5,""00011000"":6,""01011100"":11,""10001001"":7,""01101111"":13,""00111111"":18,""10111001"":6,""11001101"":4,""01101110"":17,""00011010"":17,""11100011"":3,""01011101"":13,""01011011"":4,""00001010"":32,""11010111"":1,""11001010"":11,""11101010"":12,""00010000"":8,""01100100"":12,""00110011"":14,""01110110"":4,""01110100"":11,""10010000"":6,""11010100"":7,""11100001"":12,""10000111"":7,""01001110"":15,""00111011"":16,""01101000"":17,""00101100"":52,""01101101"":5,""01111111"":6,""11111000"":5,""11000111"":5,""01111110"":5,""01111010"":16,""10001100"":8,""00111100"":18,""11110000"":4,""00000110"":23,""00111110"":9,""01111001"":9,""01011001"":20,""11001110"":3,""11101011"":3,""10101100"":16,""01001000"":17,""11110110"":3,""01101011"":10,""11101000"":15,""00001111"":19,""10101111"":9,""10001010"":8,""10111111"":9,""11111001"":3,""10011010"":16,""11101110"":10,""11001000"":9,""11111100"":1,""11101101"":8,""10110101"":5,""10010011"":3,""10000000"":16,""11010001"":2,""10110110"":5,""10000011"":7,""11000001"":9,""00010100"":5,""11010000"":2,""11011011"":5,""00111001"":22,""11101111"":3,""10011000"":5,""11011010"":6,""11001100"":9,""10001111"":4,""00001011"":10,""10111000"":2,""01111100"":10,""10001000"":8,""11111101"":3,""00011100"":8,""10001110"":6,""10011101"":7,""10111100"":7,""01001100"":3,""11011110"":4,""11000110"":5,""10011011"":3,""01011000"":5,""10101110"":12,""11111011"":1,""00011011"":3,""01001011"":4,""10000001"":14,""01100110"":10,""10111011"":1,""01100011"":5,""01010111"":9,""10010101"":5,""11010011"":2,""01000111"":14,""01110011"":5,""11110100"":2,""10111110"":2,""10111101"":4,""01010011"":2,""11010010"":4,""11110011"":1,""11110101"":4,""11010110"":4,""11111111"":1,""11111110"":1,""11111010"":3,""00010101"":1,""11011000"":2,""11001111"":2,""11010101"":1}"
81,x,4000,-0.22999999999999998,-0.0035000000000000586,-0.03400000000000003,0.01100000000000001,0.1965,-0.11699999999999999,0.18700000000000006,0.06699999999999995,"{""01000110"":24,""11111111"":9,""01001110"":30,""00111111"":18,""01000000"":21,""11001110"":8,""01001111"":38,""00111110"":23,""01101001"":15,""11100100"":4,""10111110"":16,""11011101"":7,""11111100"":15,""00100001"":51,""00100010"":45,""01101011"":15,""10011010"":14,""10001110"":23,""11100000"":12,""00101010"":42,""00011001"":9,""00101001"":46,""11111011"":11,""11111101"":15,""10011110"":16,""00111000"":8,""00011010"":4,""01101100"":4,""10001010"":13,""01011101"":28,""01001010"":34,""00111100"":29,""01011000"":14,""00001001"":8,""00101000"":35,""10101100"":23,""01011001"":14,""01101101"":17,""00101100"":21,""11101000"":8,""11101001"":11,""10101010"":26,""10101111"":30,""10011101"":28,""10001111"":23,""01011100"":14,""00001111"":10,""00101110"":28,""00001000"":5,""10100010"":37,""00111101"":46,""01001000"":20,""10101001"":23,""00111011"":31,""00111001"":27,""01001101"":35,""00001010"":5,""00011000"":4,""01011011"":27,""10001000"":7,""00101101"":32,""10001011"":18,""11101110"":12,""00011011"":8,""00101011"":43,""10101011"":19,""00100110"":27,""00011101"":10,""11001111"":16,""01101110"":4,""01111011"":4,""01001011"":34,""11101101"":13,""10101000"":22,""10010000"":13,""01001001"":24,""10111001"":16,""10111101"":39,""10110011"":21,""10010010"":18,""11110111"":8,""10110111"":14,""11100011"":18,""10000101"":21,""10010101"":21,""11010001"":17,""11000101"":9,""01010010"":17,""10100001"":39,""00100101"":33,""01000101"":48,""00110001"":18,""01000111"":46,""10100000"":27,""01010101"":26,""00110101"":41,""01000001"":40,""00100111"":47,""10110101"":43,""11100111"":14,""01111101"":7,""01100111"":26,""01000011"":26,""10100101"":35,""10100111"":47,""00010011"":5,""00010001"":10,""10100100"":9,""00100000"":17,""01010001"":35,""11100001"":23,""11000001"":12,""00100011"":46,""01100001"":20,""11110100"":8,""11000110"":13,""00110100"":13,""10100110"":25,""11110101"":18,""10010001"":33,""11010010"":10,""10010011"":17,""00010111"":21,""11010111"":9,""01100110"":9,""01100010"":13,""11000010"":10,""10110110"":18,""10110000"":8,""11000111"":12,""10000111"":18,""11001001"":12,""11000011"":7,""10000110"":13,""00010000"":6,""10110001"":22,""01010111"":11,""10111010"":13,""11010011"":7,""01010011"":28,""00110111"":13,""01110101"":7,""01010100"":14,""10010111"":25,""01100100"":3,""01011010"":13,""01100101"":15,""00110010"":6,""00010101"":13,""10001100"":21,""00000010"":4,""11110110"":7,""00010110"":5,""11001100"":9,""10100011"":29,""11100110"":14,""11010000"":8,""01101010"":13,""11000000"":5,""01000010"":27,""00100100"":11,""10110100"":16,""10000010"":17,""11100101"":19,""01110111"":7,""01010110"":12,""10000100"":11,""00110011"":15,""00110000"":7,""00000000"":5,""11001101"":16,""00000110"":1,""01100011"":12,""10010110"":8,""11100010"":9,""10000001"":17,""00000101"":7,""10001001"":17,""10000000"":11,""11010110"":4,""11110001"":9,""10011111"":15,""10000011"":13,""10010100"":8,""00000100"":4,""00000011"":5,""01000100"":18,""01110010"":6,""00110110"":16,""10001101"":26,""11000100"":7,""10110010"":7,""11010101"":7,""11010100"":1,""01100000"":5,""11111000"":3,""11001011"":9,""10111011"":20,""00000001"":3,""01010000"":4,""11101011"":8,""00000111"":5,""11110000"":1,""01110110"":4,""11110010"":8,""01011111"":12,""01111100"":8,""10101101"":34,""01101000"":12,""00111010"":19,""10011000"":10,""10011011"":14,""10101110"":21,""11001000"":8,""10111100"":11,""11011010"":3,""10011100"":16,""00001101"":8,""10011001"":15,""01011110"":16,""01001100"":15,""00010100"":3,""01110011"":3,""00010010"":5,""11101010"":10,""01111111"":8,""11111001"":4,""01101111"":11,""00011110"":3,""00101111"":41,""01110001"":4,""00001110"":2,""10111111"":15,""01111010"":5,""11011001"":7,""11101111"":17,""01111000"":3,""11011011"":5,""00011111"":7,""11001010"":6,""11101100"":3,""10111000"":14,""11011000"":6,""00001011"":9,""01111001"":5,""11011111"":3,""11111110"":5,""00001100"":4,""01111110"":4,""11110011"":7,""01110100"":4,""11111010"":3,""11011110"":4,""01110000"":1,""11011100"":4,""00011100"":2}"
82,x,4000,-0.22649999999999992,-0.019500000000000073,0.05249999999999999,0.013000000000000012,-0.1379999999999999,-0.05499999999999994,-0.03249999999999997,-0.26449999999999996,"{""11010011"":48,""11000100"":8,""01100001"":17,""11000001"":15,""01110101"":19,""10110100"":33,""10010100"":9,""00110111"":12,""11111001"":7,""01100101"":16,""11100000"":15,""00110001"":16,""00010111"":6,""10000111"":18,""10110111"":70,""10110000"":60,""01010110"":17,""01110110"":17,""01000011"":50,""01000101"":33,""00000011"":5,""11000101"":13,""10100001"":35,""11010000"":39,""01110100"":9,""00110011"":13,""11010101"":28,""11000111"":26,""01010111"":23,""01000000"":25,""00010011"":6,""11010111"":42,""10110010"":37,""10110011"":78,""10110101"":62,""11100101"":10,""01000110"":21,""10111101"":45,""01010101"":34,""00110000"":12,""01010100"":15,""00000001"":2,""10010111"":8,""01110000"":14,""01100011"":6,""11011111"":45,""11011000"":44,""01000100"":14,""11100111"":12,""01000111"":43,""10111011"":98,""01001010"":25,""01000001"":35,""10000001"":17,""11000011"":20,""10110001"":50,""10100000"":34,""10100011"":25,""01100111"":10,""01110011"":24,""01100100"":11,""11110101"":6,""01110001"":12,""11010001"":31,""10001111"":21,""01111011"":28,""11000110"":11,""10001011"":14,""11001011"":25,""10010011"":7,""01010001"":21,""10101111"":33,""01011000"":22,""01001100"":23,""10011000"":9,""10101000"":34,""11011010"":17,""10101101"":30,""01011011"":9,""10011001"":19,""01011101"":20,""10101110"":11,""10111110"":36,""10111010"":34,""10011010"":7,""11001000"":11,""10111001"":54,""00111010"":16,""11011101"":22,""11001110"":12,""01011100"":12,""01101010"":7,""10111000"":51,""10111111"":83,""10001000"":6,""01101101"":7,""00111101"":14,""10001010"":9,""10111100"":40,""01001011"":58,""00011110"":3,""01010000"":24,""01001111"":50,""10001001"":17,""01001101"":24,""10100110"":18,""01111111"":24,""11001111"":19,""01111101"":14,""11101101"":18,""10101011"":30,""01101011"":10,""00001110"":3,""11101110"":7,""00111111"":18,""01001000"":33,""11101000"":7,""01011010"":7,""01101100"":5,""01101000"":13,""11011100"":12,""11011011"":33,""11111101"":9,""11111000"":5,""01001110"":23,""00101000"":3,""11011110"":14,""10100101"":39,""01001001"":29,""01011110"":11,""01111010"":13,""11101001"":14,""11111111"":7,""11101111"":7,""10101001"":29,""01111110"":8,""11001010"":16,""11010010"":8,""10001110"":10,""00101010"":5,""01111100"":6,""10101100"":18,""01101001"":9,""01101110"":10,""00001111"":4,""00111001"":14,""00101011"":4,""10011110"":8,""01011001"":19,""10010110"":11,""00101001"":4,""01111001"":15,""11111110"":5,""10011101"":7,""10100100"":20,""11110001"":7,""00000100"":1,""11011001"":33,""10000011"":18,""00100101"":5,""10000010"":7,""11100011"":6,""01110111"":25,""01000010"":23,""11110110"":8,""00100100"":2,""10000100"":6,""11000010"":11,""10010101"":11,""10100111"":28,""10000000"":13,""10011100"":7,""01100110"":5,""11110111"":6,""00010000"":2,""10100010"":18,""01111000"":9,""10011111"":15,""01010011"":10,""11001001"":11,""10001101"":11,""01011111"":13,""00111011"":9,""10001100"":10,""00111000"":8,""11100001"":9,""10010000"":12,""00110110"":6,""10000110"":10,""00001010"":2,""00000111"":5,""11010110"":20,""01110010"":9,""10110110"":35,""11001101"":11,""11000000"":13,""00101111"":8,""01010010"":8,""11010100"":19,""11110010"":3,""00110101"":9,""00100000"":4,""11110000"":8,""10010001"":13,""11100110"":5,""10101010"":20,""00100011"":4,""11110100"":4,""00101100"":2,""00001011"":5,""11001100"":5,""00101101"":2,""11111100"":2,""00010101"":2,""00011101"":6,""11101011"":7,""11101010"":4,""00011111"":3,""11111010"":2,""00111110"":3,""00100010"":4,""00000000"":2,""11100100"":4,""00010110"":4,""11110011"":5,""01100010"":8,""11100010"":3,""01100000"":8,""00001000"":3,""00111100"":3,""00011100"":1,""00010100"":3,""10000101"":6,""00100001"":4,""00100110"":1,""00011011"":4,""00011010"":1,""00001100"":1,""00110100"":5,""11101100"":4,""00000010"":1,""00000110"":2,""00110010"":1,""01101111"":4,""00101110"":2,""00010001"":3,""00001101"":1,""00000101"":2,""10010010"":3,""10011011"":3,""00011001"":3,""11111011"":1,""00011000"":2,""00001001"":2,""00010010"":2}"
83,x,4000,-0.006999999999999895,0.0014999999999999458,-0.0694999999999999,0.017000000000000015,-0.252,-0.1519999999999999,-0.373,-0.10899999999999999,"{""00010110"":3,""11010010"":30,""01110111"":43,""11000111"":15,""01100010"":15,""01100011"":10,""01100101"":12,""11100101"":12,""11011001"":34,""00011111"":8,""10000000"":10,""10010110"":4,""00110001"":14,""00000100"":5,""01000110"":22,""10000110"":19,""10110000"":24,""11110100"":24,""11110011"":24,""11011110"":33,""00000001"":10,""11000000"":18,""11110110"":45,""01110010"":36,""01110011"":16,""01110000"":38,""10110110"":20,""01000100"":18,""01010101"":18,""00000011"":9,""10000100"":11,""01110110"":45,""01111101"":27,""11110010"":36,""10000011"":8,""11100010"":10,""01011000"":11,""10100001"":6,""11010101"":35,""10001101"":16,""11110101"":31,""00010100"":4,""10100110"":9,""00000101"":14,""11110000"":50,""11010111"":27,""11010011"":18,""11110001"":54,""10100101"":6,""01100111"":17,""11000010"":11,""01110001"":48,""11010000"":29,""11101111"":14,""00110110"":16,""00010101"":7,""10110100"":23,""01110100"":30,""01111011"":18,""10110101"":27,""11100000"":15,""11000110"":19,""10100100"":17,""00000010"":8,""11000100"":24,""11101110"":14,""00110000"":7,""01010011"":8,""10000101"":9,""10110011"":14,""11010100"":16,""11010001"":32,""01000111"":24,""00000111"":16,""01100000"":16,""10110001"":32,""11101010"":15,""11100100"":11,""11000011"":14,""10100000"":10,""01000011"":22,""01010100"":14,""10110010"":22,""10111001"":25,""10010101"":4,""01000001"":16,""10101001"":7,""01110101"":29,""01100100"":15,""10110111"":33,""00110011"":9,""11110111"":46,""00110101"":9,""01101110"":14,""01010000"":20,""01111111"":44,""00000000"":12,""01010010"":23,""01101100"":13,""01101001"":11,""01001011"":19,""01010001"":21,""00111100"":12,""00100000"":5,""11001011"":18,""11010110"":23,""10000010"":13,""01101111"":21,""01101011"":22,""10000111"":19,""10111101"":26,""10000001"":15,""01011100"":13,""01111110"":45,""01000000"":17,""01010111"":9,""11001111"":22,""00110111"":12,""11000101"":11,""11011101"":27,""10111000"":23,""00111110"":20,""10100010"":11,""00110100"":10,""00010000"":7,""11111011"":27,""01000101"":17,""00110010"":12,""00100100"":8,""01010110"":12,""10001100"":13,""10101011"":13,""00100110"":4,""10010011"":6,""11100011"":12,""11100001"":10,""11001000"":13,""10101100"":18,""00100111"":3,""10010000"":4,""01001111"":13,""11111110"":40,""01000010"":10,""00010111"":7,""10100111"":11,""11101011"":8,""10001111"":18,""01001100"":22,""01111100"":36,""00111101"":10,""11111111"":45,""11111100"":26,""11111101"":38,""01011111"":16,""01011110"":28,""01101101"":13,""01100001"":6,""01011101"":23,""01101000"":14,""01111001"":46,""00001111"":14,""01011001"":18,""00111111"":9,""10111011"":10,""10001000"":10,""11001001"":13,""10111100"":19,""11111001"":30,""01111000"":32,""11011010"":26,""11011011"":21,""10111010"":17,""00011001"":4,""10101101"":10,""10111111"":27,""11111000"":32,""10011101"":9,""00111010"":7,""01011010"":10,""01001001"":14,""11011111"":26,""00001000"":7,""01001010"":19,""11100110"":10,""01011011"":19,""11101000"":11,""11001101"":21,""11111010"":27,""01001110"":16,""10101111"":9,""11101100"":12,""00001001"":6,""00001101"":10,""00011100"":3,""11001110"":11,""01111010"":30,""11011100"":26,""11101101"":17,""00111011"":6,""11001010"":10,""00001011"":8,""00101010"":3,""00001010"":11,""10101010"":5,""10001011"":10,""10101000"":9,""00001100"":11,""10101110"":9,""00011101"":7,""00101111"":3,""11001100"":16,""01001000"":14,""10111110"":28,""10011110"":6,""11011000"":9,""00011000"":6,""00001110"":9,""10001001"":5,""00011110"":6,""01101010"":13,""10100011"":8,""00111001"":7,""11000001"":8,""01001101"":13,""00101110"":2,""00011010"":7,""00111000"":13,""10011001"":6,""10001110"":12,""10011011"":3,""10011111"":4,""10011010"":2,""10011100"":5,""11101001"":10,""10010111"":2,""11100111"":14,""00010010"":4,""10010100"":2,""00100001"":5,""00100011"":2,""10010001"":4,""00010001"":4,""10010010"":4,""00100010"":5,""00000110"":9,""01100110"":6,""00101011"":6,""00101101"":3,""10001010"":6,""00011011"":1,""10011000"":5,""00101001"":2,""00101100"":1}"
84,x,4000,-0.28200000000000003,-0.369,0.08499999999999996,0.0014999999999999458,-0.08800000000000008,-0.4305000000000001,-0.504,0.7304999999999999,"{""00010011"":43,""01010010"":15,""11110111"":21,""01100010"":72,""01110001"":47,""00000111"":18,""01100011"":133,""01100111"":96,""01110011"":133,""01110110"":59,""01110101"":39,""00011011"":55,""00100110"":10,""01100101"":39,""01101100"":40,""00110000"":11,""01110100"":30,""00010010"":20,""01110111"":117,""00100010"":6,""00010001"":17,""01000100"":13,""01100001"":37,""00110010"":22,""11110011"":21,""01010100"":7,""00110011"":29,""01110010"":96,""01000011"":35,""01111010"":51,""01110000"":43,""00110001"":12,""01001111"":24,""01100100"":43,""01000010"":18,""00100111"":15,""11011111"":12,""01000110"":8,""01111011"":129,""11001011"":9,""01100110"":40,""11100101"":9,""11100110"":8,""00110110"":13,""11011010"":7,""10010111"":2,""00100001"":7,""00000010"":17,""00010100"":16,""11110110"":10,""01010110"":13,""00110111"":25,""10100111"":2,""11111010"":7,""10100011"":4,""00100000"":5,""01001100"":11,""01111000"":39,""01101111"":111,""01011010"":12,""00111010"":9,""01111100"":46,""01011000"":10,""00111011"":25,""01011111"":20,""01111001"":62,""11101011"":15,""01111110"":45,""01101011"":160,""01101110"":37,""01101101"":52,""01101010"":57,""00101010"":10,""01111101"":41,""01111111"":119,""00111111"":24,""01101000"":33,""00001011"":21,""00101111"":16,""01011110"":10,""11111100"":5,""11111111"":28,""01001101"":16,""01001011"":33,""11000110"":3,""00010111"":33,""11001111"":9,""11111001"":7,""01011001"":7,""10101011"":2,""00001010"":10,""01101001"":35,""00011010"":21,""00001111"":14,""01001110"":7,""01001010"":12,""11111011"":24,""11101100"":5,""00101000"":9,""01001001"":10,""00001000"":5,""01011011"":26,""00111001"":14,""11101111"":23,""10011111"":3,""00011000"":11,""00011101"":17,""00111101"":13,""01001000"":6,""01011101"":11,""11101000"":6,""10011011"":3,""00111110"":8,""00101011"":20,""00001001"":7,""01011100"":6,""00101101"":11,""10011100"":2,""00101100"":6,""00011111"":50,""11010111"":11,""11101001"":7,""11011011"":12,""00000001"":13,""11100010"":5,""00001100"":9,""00000011"":19,""11011001"":3,""10101111"":2,""00101001"":8,""11111110"":9,""11111000"":7,""11100011"":20,""00010110"":17,""11011101"":2,""10100010"":3,""00011001"":8,""11111101"":5,""11001110"":3,""01000101"":10,""11100000"":7,""11011100"":2,""11001001"":5,""01010111"":11,""11101010"":6,""11101101"":7,""00001110"":8,""10111011"":3,""00011110"":11,""10111111"":3,""00000110"":9,""00100011"":19,""01010000"":9,""00000100"":6,""11110001"":8,""01010101"":5,""00010000"":18,""01000000"":11,""00110101"":9,""01100000"":31,""10010011"":3,""11001100"":1,""00000101"":9,""01000111"":17,""11110000"":11,""01010011"":19,""11010101"":2,""11010100"":4,""11000000"":2,""00110100"":9,""00010101"":13,""11010011"":10,""01010001"":4,""11100111"":15,""11110101"":3,""00111100"":6,""10001110"":2,""00011100"":10,""10101001"":1,""11010001"":5,""11110010"":8,""11000111"":10,""11110100"":4,""11010010"":8,""00001101"":5,""11100100"":8,""10000111"":2,""10100100"":1,""10010001"":2,""11000011"":6,""01000001"":8,""00000000"":4,""11100001"":2,""10000001"":2,""11000010"":5,""10000100"":1,""00100101"":6,""10110110"":1,""00100100"":8,""10111010"":1,""11001010"":2,""11000101"":2,""11011110"":5,""10110011"":2,""10011001"":1,""10001011"":2,""10011101"":1,""10100101"":1,""11011000"":1,""10101101"":1,""11101110"":2,""10001001"":1,""00101110"":2,""00111000"":4,""11001101"":2,""10011000"":1,""10101010"":2,""10010110"":1,""11010110"":2,""10010000"":1,""11000001"":1,""11001000"":1,""10011010"":1,""10110010"":1,""10000011"":1,""10110101"":1,""11000100"":1,""10110001"":1,""11010000"":1,""10111110"":1,""10110000"":1,""10110111"":1}"
85,x,4000,0.2985,0.03600000000000003,-0.11549999999999994,0.020499999999999963,0.499,-0.25649999999999995,-0.1685000000000001,-0.2915000000000001,"{""10100001"":28,""10000101"":13,""01000100"":30,""11100110"":52,""11110010"":18,""11110100"":16,""00000111"":5,""00110011"":6,""10100110"":53,""01000010"":23,""11100100"":54,""11000000"":45,""11100011"":29,""01000111"":19,""11000101"":23,""10000000"":17,""11100010"":41,""11110000"":17,""10111110"":16,""11000111"":23,""00100010"":29,""10010100"":10,""10000110"":24,""11010101"":10,""10010110"":7,""10000100"":20,""01100110"":32,""01110110"":9,""10001010"":27,""10110111"":8,""01100111"":20,""01110111"":14,""11100101"":28,""11000100"":43,""10110101"":9,""00100111"":13,""01000110"":18,""01001100"":35,""01100101"":13,""10100000"":57,""11010010"":15,""01000000"":17,""10100010"":43,""11100111"":21,""00101100"":30,""00100110"":38,""01101101"":17,""01001110"":21,""00110110"":17,""10101010"":40,""11100000"":50,""11100001"":41,""00100101"":16,""11101100"":79,""01100011"":8,""01110000"":10,""10110010"":11,""10101000"":35,""11010111"":9,""11110110"":22,""01110101"":8,""10101100"":54,""10100011"":26,""00100011"":8,""11110101"":9,""01100000"":32,""00010011"":3,""11000010"":37,""00100000"":25,""10100101"":31,""00100001"":21,""11101011"":16,""01001011"":9,""11010000"":10,""00001110"":2,""10100100"":64,""10011100"":8,""00010110"":4,""11010011"":6,""11010110"":14,""11000110"":39,""01010110"":8,""00000010"":3,""10110110"":10,""11101101"":36,""01110100"":12,""00110111"":6,""01010111"":6,""10000111"":15,""01001111"":8,""01010011"":4,""11010100"":26,""00100100"":24,""01100010"":12,""10001110"":25,""00000000"":7,""00101110"":24,""00110101"":6,""10111010"":13,""11011100"":23,""00010000"":4,""01000011"":9,""11101110"":47,""00000101"":4,""01010000"":5,""11001111"":28,""10000010"":19,""01000101"":19,""11010001"":9,""01100100"":25,""11110111"":11,""11111101"":5,""10100111"":21,""01100001"":23,""10010001"":8,""00111010"":11,""01001001"":15,""01010101"":4,""00000001"":2,""10110100"":11,""01010010"":10,""11000011"":10,""01001101"":15,""00000100"":4,""10000011"":8,""11000001"":23,""00010101"":2,""01011101"":8,""10101110"":70,""01101010"":19,""00010100"":1,""01101110"":35,""01000001"":13,""11011101"":13,""10010000"":6,""11101010"":59,""00110010"":12,""10110000"":7,""11110011"":9,""10000001"":4,""11101111"":28,""10001101"":17,""00111111"":11,""11001110"":50,""01101100"":30,""11011010"":13,""01011001"":6,""00001100"":3,""01001010"":24,""11101000"":47,""00001001"":2,""01101001"":17,""11001010"":31,""11111000"":8,""10001111"":9,""00101101"":25,""01011110"":6,""00001010"":4,""11001100"":36,""00111000"":10,""10011101"":4,""01011011"":4,""10001000"":17,""00101011"":12,""00101010"":24,""01101000"":23,""11001001"":18,""00111110"":18,""01111010"":8,""10101111"":33,""11101001"":18,""01111110"":11,""01011000"":6,""10001100"":20,""00111100"":12,""01101011"":7,""11011001"":10,""10101101"":33,""01011010"":12,""00101000"":14,""11011000"":10,""01001000"":23,""11001011"":18,""01011100"":11,""00011110"":3,""11111111"":12,""01101111"":12,""11111010"":10,""11011111"":8,""00111011"":5,""11001101"":17,""10011110"":5,""01111100"":8,""11011110"":11,""00101001"":17,""00011100"":5,""10101001"":25,""10101011"":17,""11111001"":11,""10011010"":8,""11001000"":24,""00010010"":2,""10010111"":2,""01110010"":7,""00010001"":2,""00110001"":4,""00010111"":2,""10111100"":14,""10111001"":6,""00001101"":2,""00001011"":4,""00101111"":14,""01011111"":4,""00011010"":5,""11111100"":14,""00110000"":6,""10001001"":6,""10111000"":4,""00001111"":2,""00111101"":5,""00001000"":4,""10001011"":7,""00011000"":4,""01010100"":8,""11111110"":14,""10111011"":6,""00111001"":5,""01111000"":4,""01111011"":5,""01111101"":6,""10011001"":3,""10011000"":7,""11011011"":5,""00011111"":1,""10011011"":1,""10110001"":8,""00011011"":2,""00011001"":2,""11110001"":10,""01010001"":7,""10111111"":4,""00110100"":11,""10010011"":1,""10110011"":1,""01110001"":1,""01111111"":4,""00000110"":3,""00000011"":1,""10010101"":7,""10010010"":3,""11111011"":4,""10111101"":3,""01111001"":3,""10011111"":1,""01110011"":2}"
86,x,4000,-0.4325000000000001,-0.05950000000000011,-0.06600000000000006,-0.008999999999999897,-0.2569999999999999,0.039000000000000035,0.26949999999999996,-0.14149999999999996,"{""01110111"":35,""10010100"":16,""10110001"":57,""10111100"":22,""00010100"":38,""11011001"":33,""00010101"":71,""10100011"":52,""11100111"":5,""10100111"":59,""00000100"":5,""10000001"":14,""11010100"":29,""11010000"":10,""00011101"":67,""01010110"":6,""10010001"":23,""11100011"":9,""00000000"":8,""10110101"":55,""10100101"":50,""00010001"":51,""00010010"":22,""01100010"":7,""00000101"":10,""10100100"":24,""10110100"":25,""00011111"":81,""10110000"":25,""01110100"":13,""10110010"":21,""10010111"":41,""10110110"":21,""01100111"":17,""10000101"":4,""11010001"":34,""10111101"":36,""10110111"":53,""00011011"":69,""01000111"":4,""01010011"":19,""00010011"":50,""10010011"":12,""01100001"":18,""11011101"":34,""10100010"":10,""11100101"":7,""00100111"":8,""11010111"":48,""01010111"":20,""01110101"":18,""00001011"":31,""10110011"":46,""00000111"":10,""11101000"":4,""00100010"":1,""01100011"":19,""01111011"":27,""01100101"":15,""11011010"":14,""00110111"":7,""01110001"":23,""11010011"":40,""11000001"":12,""10111011"":64,""10000000"":5,""10101000"":28,""11010110"":19,""11011011"":40,""10010101"":24,""01000000"":4,""01010101"":17,""01001101"":9,""00001100"":6,""01000101"":6,""00010111"":86,""00100011"":7,""00010000"":22,""10100000"":19,""10101111"":75,""11010010"":9,""10101101"":50,""11110011"":8,""11110100"":1,""11000101"":9,""10101011"":55,""00100101"":10,""10011011"":15,""10111110"":24,""00000001"":19,""00110011"":7,""00110001"":3,""10000111"":5,""11001011"":19,""00011001"":46,""10000010"":3,""00011110"":28,""11100001"":9,""00111111"":8,""11000111"":9,""00000011"":16,""01101100"":12,""11000011"":15,""10100001"":36,""10000011"":20,""11100110"":3,""01000011"":9,""01111101"":20,""00110000"":2,""00110010"":3,""10010010"":5,""11011000"":18,""01110000"":9,""01101110"":13,""01100110"":8,""00111000"":5,""10001110"":2,""11010101"":45,""11110000"":3,""11011110"":15,""01110011"":23,""11000010"":6,""00000010"":4,""00011000"":15,""01110010"":5,""10100110"":19,""11110101"":7,""11110001"":6,""00010110"":25,""00000110"":4,""10011001"":9,""10001011"":16,""01010000"":7,""10101010"":23,""11000000"":10,""11001001"":13,""00100100"":4,""01010100"":6,""01111110"":7,""11011111"":44,""01100100"":5,""11100010"":1,""01111010"":7,""11001000"":9,""10011101"":21,""00011010"":21,""00001010"":11,""11001111"":21,""10111001"":52,""10111010"":16,""01111000"":12,""01101001"":14,""10111111"":48,""00101110"":2,""01101011"":27,""11111110"":3,""10101110"":20,""00011100"":27,""10101001"":30,""00001101"":14,""01101101"":20,""00001001"":14,""10011100"":9,""01111100"":10,""00001000"":17,""10011010"":7,""11101001"":9,""10011111"":37,""01101010"":5,""10111000"":18,""10101100"":33,""01101000"":8,""11101011"":13,""11101110"":4,""11001010"":7,""00001110"":8,""01001111"":5,""00101010"":3,""11111111"":10,""01001010"":2,""00001111"":22,""10010110"":5,""01011111"":18,""11110111"":4,""01010001"":7,""10001000"":4,""11111000"":1,""01100000"":3,""00101101"":3,""01101111"":18,""11111001"":6,""01011001"":7,""01011011"":10,""01111111"":20,""11101111"":19,""11011100"":13,""11101100"":8,""01001000"":3,""01001011"":9,""01111001"":15,""00101111"":10,""01001001"":4,""01011110"":7,""10001111"":4,""11111101"":6,""11101101"":11,""01011101"":10,""10001001"":5,""11111100"":3,""10001100"":2,""11111011"":4,""10001101"":6,""10011000"":8,""10001010"":2,""01010010"":9,""00101100"":2,""11101010"":5,""00101001"":2,""11001101"":13,""01011100"":9,""10011110"":5,""01011000"":3,""00101011"":4,""00111011"":5,""00111001"":4,""10010000"":4,""11100100"":5,""01001110"":2,""11001110"":2,""01001100"":1,""10000110"":3,""01011010"":3,""00111101"":2,""00100110"":3,""11110110"":2,""01000010"":2,""00111010"":1,""11000110"":4,""01110110"":5,""00110101"":2,""11000100"":6,""01000110"":1,""00100001"":3,""11100000"":2,""00101000"":2,""00111100"":2,""00110100"":1,""10000100"":1,""00100000"":1,""00110110"":1,""11111010"":2,""01000001"":4}"
87,x,4000,-0.0040000000000000036,0.22650000000000003,0.276,0.012499999999999956,0.22099999999999997,-0.10400000000000009,-0.08000000000000007,0.706,"{""01100001"":126,""10010110"":9,""00010110"":29,""01110000"":47,""00000110"":25,""01100010"":66,""01100110"":32,""01100000"":126,""00110000"":11,""11000001"":3,""01110100"":36,""00000001"":109,""00001100"":24,""00100001"":27,""01100011"":61,""01100100"":37,""01110011"":25,""00110001"":7,""01010000"":9,""11101011"":10,""00010101"":27,""00111100"":9,""01000001"":25,""10000010"":13,""00011011"":37,""00000011"":31,""11100010"":6,""00100110"":8,""10110001"":2,""00000100"":35,""01110001"":56,""10000100"":6,""10100101"":3,""11100110"":5,""01010110"":7,""10010001"":14,""00010010"":30,""01110101"":49,""01000111"":8,""01010011"":3,""01000100"":11,""00100100"":9,""01000110"":8,""00000010"":40,""01110110"":40,""00011010"":35,""00000101"":32,""10000001"":34,""00010001"":44,""11100001"":12,""01100101"":40,""10010101"":7,""01101010"":83,""00010000"":33,""00000000"":92,""00110101"":10,""10011011"":18,""00111001"":10,""01101001"":137,""01111010"":50,""00000111"":23,""00100101"":13,""01110111"":27,""10000101"":14,""11110110"":6,""01100111"":24,""00001111"":18,""10010011"":12,""01101110"":38,""01101011"":64,""01111000"":41,""00011001"":40,""00001110"":19,""01011011"":4,""00011000"":47,""00001011"":23,""11111010"":3,""00011110"":34,""01001011"":9,""01111001"":47,""10001000"":17,""00011101"":39,""00101011"":8,""11111000"":9,""01111011"":17,""00001001"":62,""00111011"":6,""01111101"":48,""11101001"":13,""00101010"":7,""00001000"":68,""01101000"":118,""01001001"":12,""10111000"":1,""10010100"":9,""00111010"":5,""11111101"":7,""01101111"":41,""10001101"":8,""10000000"":22,""00001010"":31,""00011111"":24,""10001100"":11,""10011000"":8,""01001101"":4,""00001101"":25,""11101111"":6,""10001001"":15,""10011001"":15,""01111100"":46,""01111111"":40,""01101101"":50,""11101100"":5,""00011100"":22,""01001010"":11,""01010100"":4,""00101000"":21,""01001100"":4,""11100100"":6,""00110100"":3,""11010110"":3,""00100000"":27,""00100011"":12,""00010111"":12,""11100111"":4,""11110001"":2,""10000110"":7,""01000000"":15,""00111000"":9,""11010010"":1,""11100011"":6,""10100001"":4,""01010111"":2,""11110000"":5,""00010100"":25,""10000111"":9,""00100010"":5,""01110010"":37,""01010010"":4,""00100111"":4,""01101100"":39,""01000010"":6,""00110111"":5,""01001000"":18,""11001010"":3,""11000101"":4,""10011101"":7,""10110100"":1,""10010000"":9,""11001000"":6,""00010011"":23,""11100000"":7,""00111111"":7,""11110111"":2,""11110011"":3,""10011111"":7,""11110101"":2,""00110011"":6,""10000011"":8,""01010001"":5,""11010101"":1,""11001111"":2,""11111001"":3,""11010111"":1,""11110100"":2,""11000011"":2,""01000101"":5,""11000111"":4,""10110010"":1,""01010101"":9,""01111110"":32,""11110010"":2,""01000011"":6,""10100100"":2,""01011000"":9,""10010010"":8,""11101000"":8,""01011001"":7,""10011010"":9,""10101000"":3,""11101101"":3,""01001110"":8,""10001011"":13,""00101110"":5,""00101001"":21,""00101101"":7,""11111111"":3,""00101100"":14,""11001001"":2,""10011110"":3,""11010001"":3,""00110110"":8,""00110010"":3,""10110000"":1,""10100011"":2,""01011111"":2,""01011101"":2,""01001111"":6,""01011010"":5,""10111011"":2,""10001111"":8,""10001010"":12,""11011111"":2,""10001110"":3,""10011100"":6,""01011100"":3,""00111110"":3,""10101010"":4,""11001101"":2,""00111101"":4,""10111101"":2,""11001011"":2,""11111110"":3,""01011110"":4,""11101010"":3,""00101111"":5,""10101001"":1,""10010111"":6,""10111010"":2,""11100101"":2,""11011101"":1,""11011011"":1,""10111111"":1,""11001110"":1,""11111011"":1,""11000010"":1,""11000000"":1,""10100111"":1,""11011000"":1,""11011001"":3,""10101100"":2,""11111100"":3,""11011010"":1,""10101101"":1,""11101110"":1,""11000100"":1}"
88,x,4000,0.08350000000000002,-0.06299999999999994,0.017000000000000015,0.007499999999999951,0.34099999999999997,-0.23750000000000004,0.5605,0.5255000000000001,"{""00101110"":60,""10001000"":6,""00111111"":41,""00101011"":72,""10011111"":9,""00101111"":82,""00011010"":46,""00010100"":16,""00101000"":61,""00111001"":40,""01001101"":15,""00111110"":32,""00101100"":74,""01011010"":8,""00001000"":36,""01101110"":20,""01001001"":13,""00001111"":24,""01001111"":21,""00001100"":30,""00101010"":128,""00100110"":59,""00001010"":56,""11111010"":6,""01001100"":13,""01001011"":7,""10001001"":14,""11001011"":4,""00111101"":18,""10011110"":15,""00011011"":10,""01000100"":19,""10111110"":1,""11101000"":19,""00100101"":65,""00100111"":95,""00111000"":29,""01011001"":4,""11101100"":13,""01011101"":9,""01001110"":7,""10011001"":10,""00101001"":59,""10001101"":8,""00001011"":37,""00001110"":26,""10101001"":8,""00000111"":33,""10101111"":11,""10101100"":7,""00100000"":83,""11101001"":14,""10000111"":12,""00101101"":61,""00011111"":18,""00111010"":26,""00011001"":17,""00001001"":21,""10000011"":13,""10101010"":18,""10001111"":18,""01010010"":8,""00111100"":21,""00110100"":34,""11100001"":14,""00110111"":46,""01011011"":6,""01011111"":7,""10011011"":12,""10010101"":11,""10101011"":9,""10111101"":6,""10011101"":4,""01101101"":10,""11100111"":18,""01101001"":17,""10101000"":7,""00001101"":25,""11010001"":1,""11011100"":3,""11011011"":4,""01100001"":15,""11101101"":17,""10011010"":27,""10011000"":8,""10110111"":4,""11001101"":2,""10111011"":6,""10001100"":11,""00100001"":51,""01111100"":4,""00011000"":17,""00011110"":22,""00110101"":24,""10111010"":6,""10011100"":7,""10001011"":8,""11011010"":3,""00010110"":10,""01000001"":20,""00111011"":27,""00011101"":17,""11101111"":11,""01101010"":19,""11000111"":3,""01101011"":16,""00100010"":96,""11100101"":12,""00100100"":82,""11101010"":18,""01010101"":6,""01100000"":19,""01100101"":5,""01100010"":17,""10100110"":10,""00000010"":46,""10101110"":12,""10001010"":16,""01101111"":18,""01101100"":15,""01111010"":3,""11100100"":20,""00110110"":41,""10010100"":18,""10101101"":4,""10100101"":10,""10010010"":22,""01110010"":3,""00110011"":29,""10100010"":13,""00000100"":33,""00010001"":12,""00010000"":18,""01110111"":8,""00110001"":31,""10110101"":5,""11010100"":2,""10010111"":12,""00110010"":48,""10100000"":13,""00110000"":38,""00100011"":35,""00000101"":26,""01110000"":9,""11100010"":10,""01100111"":19,""11110001"":2,""00000001"":30,""00010010"":28,""00000011"":22,""01110001"":7,""11101011"":11,""10000101"":15,""10110001"":7,""10000000"":21,""01000000"":11,""10010011"":8,""10010110"":14,""10100111"":14,""10000010"":13,""01111111"":6,""10100001"":4,""11110000"":2,""00000110"":33,""01000101"":16,""10010001"":15,""10000100"":11,""01110110"":8,""00010011"":9,""11010010"":2,""11100110"":11,""00000000"":19,""01000111"":16,""01110011"":2,""01100011"":8,""10000110"":16,""11100000"":14,""11000011"":2,""01110100"":6,""10110000"":2,""00011100"":29,""10111100"":2,""01001010"":7,""11010110"":5,""10110110"":10,""10010000"":17,""01010100"":3,""11110100"":3,""10110100"":9,""01110101"":5,""01000010"":5,""01010110"":5,""10110011"":4,""01100100"":11,""10100100"":13,""11000010"":2,""01100110"":8,""01111001"":4,""01011100"":5,""01000110"":10,""11110011"":2,""01111000"":4,""10000001"":18,""00010101"":11,""11100011"":9,""01010111"":4,""01010011"":3,""11101110"":9,""11010011"":1,""11000001"":3,""10100011"":4,""11010101"":2,""11110111"":4,""01000011"":4,""11000100"":1,""00010111"":9,""10110010"":6,""11111110"":1,""01111110"":1,""11011110"":4,""11001111"":2,""01011110"":5,""01010000"":3,""01101000"":12,""10111001"":3,""11011101"":2,""01001000"":7,""01111101"":3,""01111011"":2,""01010001"":4,""11110110"":2,""11111001"":1,""11011000"":1,""11001100"":1,""11110101"":2,""11000110"":1,""01011000"":2,""10111111"":3,""11010111"":1,""10001110"":4,""10111000"":3,""11111111"":3,""11111000"":1,""11010000"":1}"
89,x,4000,0.07750000000000001,-0.15850000000000009,-0.06600000000000006,-0.0044999999999999485,-0.22999999999999998,-0.05400000000000005,0.3295,0.46299999999999997,"{""00111111"":54,""00111110"":112,""00001101"":16,""01001100"":31,""00011010"":31,""00111000"":35,""10111110"":25,""00001110"":12,""00111011"":80,""11011111"":5,""01000101"":26,""01001001"":33,""01000001"":26,""10111101"":14,""11011100"":7,""00100010"":46,""11010100"":12,""10001111"":12,""11111101"":9,""01001101"":31,""11101011"":4,""00100011"":22,""10001101"":14,""00111010"":123,""00111101"":109,""01101001"":3,""00101000"":13,""11111001"":7,""01001111"":18,""10101001"":5,""00101010"":30,""01001110"":34,""00101111"":23,""00111001"":68,""10100011"":3,""10111111"":16,""00110010"":112,""11111110"":9,""11011110"":16,""01001010"":43,""00101110"":35,""11001100"":6,""11111011"":7,""01011111"":19,""10000110"":19,""10011101"":15,""00110101"":69,""11011001"":10,""11011010"":17,""10111100"":15,""01111110"":9,""00001010"":22,""10011010"":13,""11011011"":5,""10111011"":4,""01000111"":33,""10001000"":8,""00011110"":27,""00011000"":9,""01101100"":2,""01001000"":13,""01011101"":23,""00011101"":22,""00111100"":50,""00101001"":21,""10001010"":14,""00101100"":12,""10001001"":15,""10101011"":5,""11011101"":6,""00101011"":15,""01011110"":28,""11101001"":2,""11001001"":11,""00101101"":23,""11000101"":9,""10011100"":6,""00010010"":33,""00001011"":8,""11101010"":3,""10110111"":14,""11111111"":4,""01111111"":5,""00100001"":29,""00001111"":7,""10011011"":6,""10101010"":8,""00001000"":12,""11001101"":10,""11101110"":3,""11001110"":15,""01011001"":14,""01010100"":18,""10111000"":8,""00011001"":17,""10101100"":6,""00011111"":17,""10001110"":17,""01010111"":22,""10010110"":12,""01111101"":9,""11110101"":9,""00011011"":13,""10000011"":7,""10101101"":4,""10111010"":19,""10000010"":25,""01010011"":10,""00110110"":95,""01011011"":10,""00001001"":12,""00001100"":14,""11000100"":6,""10000111"":8,""10001011"":10,""01001011"":12,""01011100"":11,""01011000"":8,""01011010"":36,""10101110"":8,""01111001"":5,""11010101"":8,""11001011"":6,""01000000"":20,""11000010"":26,""10010001"":3,""10011111"":4,""01000011"":28,""10101000"":1,""00100110"":39,""10111001"":16,""01010010"":28,""11111010"":13,""00011100"":16,""10000001"":15,""10011000"":2,""01111010"":4,""00100101"":18,""11111000"":2,""11001010"":11,""11001000"":3,""00110111"":61,""00110100"":67,""11001111"":14,""01000100"":23,""01101011"":2,""10011110"":6,""11101111"":2,""11101101"":2,""11111100"":6,""10110100"":19,""00110011"":44,""01101111"":2,""01000010"":44,""01010001"":20,""01111000"":1,""10001100"":9,""10011001"":4,""11011000"":5,""00100100"":15,""01110100"":9,""00010111"":24,""10110110"":18,""10010101"":10,""10110010"":22,""00100111"":34,""00010101"":27,""11010110"":17,""10110001"":15,""11110010"":9,""10100000"":2,""00110000"":23,""00010100"":19,""00110001"":60,""10100010"":11,""11000000"":5,""10010100"":3,""10010000"":4,""10110011"":9,""00010001"":18,""11010001"":14,""11000110"":13,""00010110"":22,""00000101"":10,""10100100"":4,""11000001"":18,""01010101"":31,""10000100"":8,""11010010"":17,""11110011"":5,""10110000"":5,""01000110"":44,""00000110"":16,""00000011"":8,""10000101"":3,""01010110"":18,""10100111"":5,""11000111"":12,""11110100"":6,""11010111"":12,""00000010"":23,""10000000"":7,""01110010"":8,""01100110"":1,""01110111"":5,""01110101"":5,""00010000"":9,""00100000"":5,""01100010"":5,""00000001"":9,""11010000"":2,""10010111"":7,""01010000"":6,""11110110"":14,""01110110"":10,""11110001"":8,""11000011"":6,""00000111"":8,""10010010"":10,""00010011"":8,""10100110"":4,""00000000"":5,""01100111"":2,""00000100"":15,""10110101"":13,""11100110"":3,""11110000"":2,""10100101"":6,""01100011"":4,""11010011"":2,""11100111"":2,""01100000"":2,""01110011"":3,""01110001"":2,""11100010"":2,""01100001"":3,""10100001"":3,""01111011"":3,""01111100"":2,""11101000"":2,""10101111"":5,""01110000"":2,""01101000"":1,""01101010"":2,""11100100"":3,""01100100"":1,""11100101"":1,""11100001"":1,""01100101"":1,""01101110"":1}"
90,x,4000,0.10599999999999998,-0.29899999999999993,-0.12850000000000006,0.019499999999999962,0.34099999999999997,0.0050000000000000044,-0.571,-0.18700000000000006,"{""10001101"":9,""10001011"":20,""11011110"":25,""01111111"":25,""10000110"":44,""11101111"":10,""01111110"":39,""11111111"":18,""01001110"":30,""01101010"":63,""11111110"":23,""11001010"":62,""11000110"":180,""11011011"":26,""01110110"":42,""10111010"":5,""01101011"":45,""11001111"":45,""01001010"":9,""11101011"":28,""11011001"":31,""01101100"":40,""11011101"":16,""00101011"":13,""11000111"":61,""11001110"":125,""01111101"":23,""01101001"":34,""01101110"":71,""01001001"":15,""01011100"":3,""11001001"":46,""01001100"":7,""11000010"":62,""10101110"":13,""00111111"":8,""00101111"":8,""11100011"":25,""11001100"":42,""00011101"":2,""11011100"":21,""00111011"":10,""01101111"":28,""11011010"":35,""01011110"":8,""11110110"":44,""01100011"":35,""01100110"":89,""00101100"":6,""11011000"":13,""11001011"":59,""11101110"":40,""11011111"":15,""11010011"":11,""11101001"":15,""10101101"":6,""11101101"":16,""10100011"":11,""00001000"":3,""11001101"":47,""01001011"":11,""01111001"":19,""11000101"":57,""11111010"":30,""01110001"":12,""10011011"":8,""10011101"":7,""01001111"":9,""11101100"":9,""01010110"":8,""01000110"":34,""10001010"":14,""11100101"":19,""01000010"":8,""10101001"":6,""01111010"":25,""10011001"":15,""11110000"":5,""01101101"":28,""11001000"":17,""10101010"":17,""00111110"":12,""00101110"":13,""10001110"":26,""00001110"":10,""00011001"":2,""10111111"":6,""11100100"":23,""01011000"":5,""01011011"":8,""11101010"":11,""01001101"":8,""11111101"":15,""11110111"":12,""00111101"":7,""01111100"":16,""00101010"":12,""00011110"":3,""01111011"":30,""11110010"":18,""10101011"":6,""01011010"":9,""01011111"":4,""10111110"":6,""11111001"":9,""01011101"":3,""10000100"":10,""11010110"":21,""10100101"":8,""01101000"":18,""00111000"":2,""10101100"":5,""00101000"":4,""10111011"":7,""11000001"":46,""10001001"":6,""00110110"":16,""00111001"":3,""10111100"":4,""10010001"":3,""11101000"":11,""10111101"":3,""11100000"":11,""11111100"":13,""10011010"":8,""01100100"":32,""01100001"":26,""01110010"":33,""10000101"":14,""01100111"":31,""10000011"":18,""01110111"":25,""00000011"":3,""01100101"":35,""00110011"":5,""11010001"":19,""11000100"":51,""11000011"":71,""11100110"":35,""11110011"":9,""10110011"":10,""01000011"":21,""10000111"":14,""10000010"":13,""10011100"":6,""01010010"":11,""10110110"":16,""11100010"":17,""00110101"":8,""10100100"":4,""01110011"":22,""00010001"":1,""10100001"":9,""01110000"":7,""11110001"":11,""10010101"":4,""01100010"":47,""01000001"":8,""11000000"":22,""10110001"":3,""11010111"":14,""10100110"":7,""01000100"":8,""01100000"":20,""11110101"":10,""00100110"":22,""00010011"":5,""00100101"":7,""10110101"":5,""00100011"":8,""11100001"":15,""11100111"":19,""01110100"":16,""01110101"":16,""10110000"":2,""11010100"":14,""11110100"":11,""01000101"":9,""00100010"":10,""10110111"":4,""00010110"":3,""10011110"":8,""01010101"":4,""00000010"":3,""00110111"":6,""00111010"":8,""10110100"":2,""01111000"":8,""00101101"":6,""11010101"":15,""10001111"":9,""00011111"":1,""10001000"":5,""11111011"":13,""00110000"":3,""00100100"":6,""00101001"":11,""10011000"":1,""01011001"":4,""00001111"":5,""00001011"":3,""10001100"":9,""00000110"":15,""10000000"":8,""10000001"":10,""10101111"":4,""00110010"":6,""10100010"":6,""10010110"":9,""10010100"":4,""01010001"":8,""11010010"":23,""00110100"":6,""01001000"":2,""01010011"":4,""00000111"":5,""00100001"":4,""00110001"":3,""01010000"":4,""10010111"":4,""01000000"":4,""10010000"":3,""01010111"":3,""10010011"":7,""10011111"":4,""11111000"":7,""10111001"":2,""00100111"":8,""10101000"":6,""10100000"":5,""11010000"":9,""10110010"":2,""01000111"":15,""00100000"":2,""00010010"":2,""10010010"":6,""01010100"":5,""10100111"":3,""00011010"":5,""00001101"":2,""00010100"":1,""10111000"":2,""00001100"":4,""00001010"":3,""00010111"":3,""00010101"":3,""00000101"":2,""00011100"":1,""00011000"":1,""00000100"":1,""00000000"":1,""00010000"":1}"
91,x,4000,-0.16799999999999993,-0.45599999999999996,0.21199999999999997,0.034499999999999975,0.269,-0.014000000000000012,-0.09850000000000003,-0.08000000000000007,"{""10000111"":27,""00100010"":49,""11000000"":16,""00000010"":22,""10010110"":5,""10000010"":42,""11001010"":42,""00000001"":10,""00110011"":45,""11100101"":15,""11110011"":43,""01100111"":29,""11000011"":56,""10000101"":5,""00000011"":29,""11100011"":38,""00100110"":24,""00110100"":9,""11000111"":59,""00101010"":34,""11110010"":44,""00100111"":34,""10110010"":14,""01000011"":27,""11111011"":64,""10010011"":27,""11000110"":38,""00000111"":20,""11110111"":21,""01101011"":35,""11001011"":66,""00101101"":25,""10110001"":12,""11000001"":20,""01010101"":10,""01010011"":34,""00011101"":11,""00100000"":13,""10000011"":33,""11110000"":14,""00000100"":6,""10110101"":5,""11010111"":12,""00001110"":12,""01100110"":25,""11010010"":19,""11100111"":25,""01000111"":26,""00100011"":52,""10110111"":9,""01010010"":24,""01100010"":25,""01110110"":10,""01101010"":22,""11110100"":10,""01000001"":6,""11110101"":8,""10010010"":15,""11000101"":9,""01110010"":17,""01100011"":29,""01011010"":23,""01010111"":11,""10101111"":17,""10100011"":26,""00100001"":10,""00000110"":14,""11100001"":14,""01000010"":27,""11000010"":56,""01010110"":6,""10010111"":8,""11100100"":11,""00101100"":8,""01010001"":8,""01100101"":9,""11000100"":12,""00110101"":12,""00100101"":20,""10101000"":9,""01110011"":14,""11100110"":21,""11100010"":46,""10100001"":5,""10010101"":7,""00001010"":13,""01111010"":6,""10000110"":17,""11001100"":11,""10101100"":6,""10101011"":36,""01001011"":29,""01001010"":17,""10001110"":21,""00111011"":40,""00111010"":24,""00010010"":12,""11001000"":18,""00111111"":8,""10011100"":4,""00101011"":58,""11011010"":12,""10011111"":12,""00001011"":39,""11101010"":25,""11101100"":9,""10101010"":22,""10111111"":7,""00101001"":16,""01001110"":5,""01111001"":3,""01001111"":20,""00011010"":15,""01101100"":10,""01011001"":8,""00011011"":12,""11001101"":21,""10001100"":5,""00110010"":32,""01101110"":10,""10011101"":9,""10001011"":39,""11101111"":33,""00001100"":4,""01011110"":9,""11111110"":7,""01111111"":11,""00001111"":28,""11011100"":7,""11111000"":7,""11101000"":14,""10001000"":9,""00101111"":23,""11011111"":13,""00011100"":7,""11001110"":28,""11001111"":60,""01000000"":15,""01111000"":4,""11011110"":7,""10001111"":34,""11111111"":15,""00011110"":6,""10101101"":6,""11101011"":41,""11011011"":25,""00001101"":7,""10110011"":16,""11101110"":23,""10111010"":12,""10111011"":19,""11010110"":8,""10100100"":4,""00010101"":6,""11100000"":13,""00010000"":6,""10100101"":8,""00010011"":12,""10110110"":5,""10000000"":9,""01110111"":8,""10111001"":6,""11010011"":26,""10100110"":16,""01100100"":8,""00110001"":14,""11110110"":3,""01100000"":9,""10100000"":4,""01000100"":7,""00000000"":9,""01100001"":12,""00110110"":11,""00011111"":6,""11110001"":11,""01010100"":7,""10100010"":20,""01000110"":13,""01101111"":17,""00011000"":7,""11001001"":21,""00111101"":12,""01011100"":8,""00010001"":6,""00001001"":9,""10000001"":8,""10010100"":4,""11011001"":6,""10110000"":5,""00100100"":10,""10001101"":13,""10100111"":16,""01110000"":6,""10110100"":2,""01010000"":8,""00110111"":13,""10011010"":13,""00110000"":6,""01110100"":1,""01000101"":9,""11111101"":16,""00010111"":13,""10101110"":8,""00000101"":9,""00111100"":4,""01101000"":9,""01111011"":15,""01011011"":28,""01001100"":3,""10111101"":6,""11101001"":13,""10111100"":4,""10011000"":2,""01101001"":9,""01101101"":14,""11011000"":9,""11111010"":25,""11111001"":15,""10011011"":20,""01011111"":13,""01001101"":11,""10001010"":33,""10111110"":4,""01001001"":8,""00111110"":8,""11111100"":6,""11011101"":10,""01001000"":6,""11101101"":13,""00011001"":6,""10001001"":4,""00101110"":16,""00001000"":7,""00101000"":9,""00111000"":8,""01011000"":5,""01110101"":3,""11010101"":15,""10011001"":5,""00111001"":5,""01011101"":6,""10010001"":4,""10011110"":2,""10111000"":2,""11010001"":3,""11010000"":5,""10000100"":7,""00010100"":4,""01111110"":3,""01111101"":3,""01111100"":1,""11010100"":7,""00010110"":4,""10010000"":4,""01110001"":3,""10101001"":2}"
92,x,4000,0.18999999999999995,0.0034999999999999476,-0.07499999999999996,0.021499999999999964,0.17300000000000004,-0.254,0.22199999999999998,0.49850000000000005,"{""11101111"":7,""01110010"":35,""11100101"":18,""00100001"":67,""00100011"":25,""11110011"":9,""11100111"":6,""10010011"":5,""11010110"":4,""11100001"":16,""00010010"":22,""01100101"":25,""01100011"":10,""01110101"":23,""00100101"":51,""01100001"":19,""01000001"":25,""11111100"":12,""00000101"":17,""00010011"":9,""11100010"":19,""00100010"":56,""00110101"":41,""01000010"":24,""00100111"":32,""01100100"":18,""00100110"":80,""00001101"":39,""01000111"":13,""00000100"":36,""01110110"":24,""00110001"":48,""01110000"":15,""11110001"":12,""01110100"":18,""11100100"":17,""10010001"":10,""00100100"":42,""00000001"":26,""10010110"":14,""01100000"":16,""01110001"":18,""11110111"":3,""00110110"":53,""10000110"":21,""00100000"":30,""00110000"":41,""00101101"":55,""00110010"":46,""11000100"":3,""00000011"":11,""10100010"":8,""01101110"":46,""01010101"":6,""10000101"":12,""11110100"":14,""01110111"":17,""00010000"":19,""00000010"":33,""10010101"":12,""11100110"":25,""00010101"":21,""10110101"":3,""11110101"":16,""10000011"":8,""00000110"":45,""10000100"":16,""11110010"":20,""11100000"":11,""00000000"":20,""01000110"":32,""01010010"":8,""00101100"":35,""10100001"":12,""01101001"":15,""00010001"":12,""00010110"":25,""00010100"":12,""00110100"":27,""10100111"":7,""11110110"":13,""01000100"":25,""01100010"":23,""10000001"":23,""10110111"":2,""00101000"":44,""01000000"":15,""00111010"":45,""00111110"":43,""00110011"":7,""01000101"":21,""10110000"":3,""10100100"":7,""01110011"":12,""01010000"":5,""11100011"":10,""11110000"":9,""01111000"":34,""01000011"":7,""00101110"":75,""00111011"":18,""00001110"":37,""10010000"":7,""00001100"":22,""11101000"":16,""01111100"":15,""11111010"":21,""01011001"":3,""00111000"":44,""00101111"":25,""00111001"":31,""01101010"":25,""01101101"":26,""00001000"":28,""00101010"":54,""11101010"":20,""00101011"":22,""01111010"":24,""00011110"":33,""01011101"":12,""01101000"":12,""00001010"":28,""10111000"":6,""11101101"":19,""11101110"":21,""10011110"":18,""10101100"":11,""00111101"":24,""01001110"":33,""01011100"":4,""01001010"":23,""01001001"":19,""10001100"":8,""00011010"":25,""00001111"":15,""01011010"":6,""10110001"":2,""01011011"":6,""01001101"":27,""11111110"":15,""00011100"":15,""01101100"":17,""00011101"":29,""00101001"":36,""10011111"":6,""11111111"":8,""10011100"":14,""01100110"":43,""11101100"":14,""10010010"":13,""10110010"":4,""11111101"":10,""10100101"":10,""10000000"":9,""10100110"":13,""01010001"":3,""00110111"":19,""10001010"":13,""10000010"":16,""11010010"":3,""11000110"":6,""01111111"":12,""11101001"":12,""10001110"":20,""11101011"":8,""00011111"":14,""01111011"":8,""01001111"":13,""10111010"":3,""10001001"":9,""11001011"":2,""11011000"":3,""10011011"":9,""10011101"":9,""00111100"":20,""01111001"":23,""00011000"":15,""01111101"":21,""01001000"":15,""00001001"":14,""10001101"":13,""10101000"":8,""10001011"":8,""11111000"":12,""11011101"":3,""01101011"":10,""01001011"":8,""11001101"":6,""11011110"":1,""10101101"":8,""10011000"":14,""00111111"":22,""01011111"":4,""00011011"":7,""01111110"":31,""10101110"":15,""00000111"":16,""00010111"":11,""10011010"":5,""10011001"":4,""10111111"":2,""01001100"":9,""10111001"":3,""10101001"":5,""10001000"":10,""10111100"":2,""10010111"":5,""10110110"":2,""01010111"":3,""10111101"":5,""10100011"":3,""11000001"":1,""01010110"":15,""10100000"":6,""10000111"":4,""11011111"":2,""11001000"":2,""00011001"":10,""01101111"":12,""00001011"":9,""01011110"":14,""10111110"":2,""10001111"":5,""01011000"":6,""11111001"":15,""01100111"":6,""11000000"":2,""11001100"":2,""11000010"":3,""11001111"":1,""11000101"":1,""01010011"":1,""01010100"":6,""10101111"":3,""11001010"":3,""10101010"":4,""11111011"":6,""11011011"":2,""11010001"":1,""10010100"":8,""11010011"":1,""11011010"":1,""10110100"":1,""10110011"":1,""10101011"":2,""11011001"":2,""11001110"":1,""11010101"":1,""11010111"":1}"
93,x,4000,0.14200000000000002,0.13049999999999995,-0.018999999999999906,0.02749999999999997,0.19499999999999995,-0.1884999999999999,0.5235000000000001,0.39749999999999996,"{""00000011"":11,""00010111"":8,""01100010"":22,""00101101"":105,""00000111"":14,""10000011"":11,""11100100"":20,""00100111"":22,""00011100"":27,""00100010"":91,""00100000"":53,""00010100"":21,""00111001"":44,""01010010"":7,""10010110"":19,""00100110"":55,""00000100"":32,""01110110"":6,""11100101"":17,""00110001"":50,""00010110"":18,""00010010"":23,""10100101"":11,""00110110"":50,""00100101"":76,""10110100"":8,""00000110"":46,""00110011"":27,""00111100"":39,""10110101"":10,""11000100"":3,""11100011"":16,""00000101"":38,""00010101"":22,""00101100"":83,""00010001"":17,""00110010"":36,""00110100"":33,""00101000"":45,""11100010"":14,""01010101"":7,""01110100"":3,""10010000"":15,""10000001"":25,""11110000"":6,""00000001"":43,""10000100"":11,""00100100"":79,""00110101"":42,""11000010"":3,""11100110"":20,""11100001"":12,""00110000"":56,""11110010"":9,""01001110"":10,""10010010"":17,""00101110"":42,""11010000"":5,""10010101"":21,""00100011"":36,""01010011"":7,""01000000"":17,""00011110"":12,""00000000"":40,""01110101"":8,""11010010"":2,""01101100"":11,""00001100"":29,""01000110"":20,""00011101"":19,""00101111"":29,""00011010"":37,""00001110"":31,""10011111"":9,""00011111"":7,""00001010"":24,""10011011"":15,""10111010"":13,""00011000"":14,""00111101"":55,""11101100"":18,""01101001"":11,""00111110"":30,""00101001"":43,""11111010"":13,""00000010"":38,""10111101"":13,""00101010"":80,""10000000"":23,""10001010"":11,""00111011"":27,""00101011"":40,""00111000"":35,""10001111"":9,""11101010"":12,""10000110"":33,""01101111"":3,""01001111"":8,""01001011"":6,""10001110"":18,""11001100"":2,""10101110"":7,""10001001"":9,""10101101"":15,""10011010"":19,""00011011"":12,""10001000"":19,""10011001"":22,""01001101"":22,""11111111"":2,""00001111"":7,""10011101"":27,""00001011"":15,""00011001"":15,""11101110"":18,""10101010"":17,""10011000"":18,""10110001"":8,""10111100"":9,""00111010"":50,""10001100"":15,""00001101"":27,""01101010"":17,""01001000"":13,""11101111"":7,""11111101"":8,""01110010"":10,""10101111"":3,""01101110"":12,""01111010"":5,""10001101"":21,""10101011"":6,""10100010"":10,""10111111"":6,""00001000"":20,""01011111"":5,""00001001"":28,""01101101"":20,""11101000"":13,""10101000"":5,""10101100"":14,""11111001"":5,""11101001"":11,""01111011"":4,""01001001"":14,""00111111"":15,""01001100"":14,""10011110"":15,""10100000"":8,""10000101"":15,""10110010"":9,""00110111"":20,""10010001"":15,""01010001"":6,""01100101"":12,""01010110"":10,""01110001"":8,""11101011"":5,""00100001"":36,""11110101"":9,""00010000"":16,""11010001"":5,""01110000"":6,""11101101"":26,""10010011"":11,""10010100"":19,""10111110"":13,""11100111"":3,""01000101"":17,""10110011"":5,""11011101"":2,""11110011"":3,""11100000"":17,""01011010"":5,""10000010"":11,""11110001"":6,""01001010"":10,""01100100"":7,""00010011"":15,""11110111"":3,""01000100"":15,""10100011"":8,""11110110"":7,""11010110"":4,""01100011"":8,""01100110"":12,""01000010"":16,""01100000"":10,""01010111"":4,""10000111"":11,""11010101"":4,""11001110"":2,""10111001"":4,""10110000"":12,""01010100"":7,""10100110"":13,""10011100"":21,""01101011"":4,""11001001"":1,""01111111"":2,""11111011"":3,""10111000"":10,""10110110"":13,""01010000"":5,""11000000"":3,""01100111"":4,""11110100"":5,""01000001"":19,""01111101"":4,""01110011"":4,""10010111"":2,""01011100"":6,""11000111"":1,""10111011"":4,""01101000"":13,""10001011"":14,""11011011"":3,""11011100"":7,""10110111"":3,""01111001"":5,""11111000"":6,""11000101"":5,""11111100"":9,""11011010"":5,""01011011"":3,""11001011"":1,""11001010"":4,""11111110"":4,""11011110"":4,""01000011"":2,""01011101"":6,""01110111"":2,""10101001"":5,""01111110"":6,""01111100"":4,""11010100"":2,""01011001"":4,""10100100"":6,""10100001"":6,""01100001"":7,""01011000"":3,""11011000"":3,""01011110"":4,""10100111"":2,""11000110"":2,""11001101"":3,""11010011"":1,""11010111"":1,""01000111"":3,""11000001"":1,""11001111"":1,""11011001"":1}"
94,x,4000,0.2995,0.16300000000000003,-0.20500000000000007,0.03400000000000003,0.09899999999999998,-0.5569999999999999,0.43000000000000005,0.388,"{""00101110"":67,""00111101"":30,""00101101"":76,""10011110"":10,""00111000"":76,""11101100"":26,""11101101"":23,""00111001"":50,""00111110"":70,""01101100"":39,""01101101"":18,""11101110"":9,""11110110"":19,""01001110"":10,""00111100"":64,""00111011"":26,""00101111"":57,""01111000"":13,""00101011"":27,""11001101"":6,""11100110"":18,""00111010"":38,""00111111"":47,""00101010"":52,""00110001"":38,""11111010"":11,""01010101"":5,""00101000"":88,""10101101"":11,""10001110"":16,""11001110"":6,""00110111"":56,""01001001"":7,""11110111"":21,""00101100"":149,""11111100"":7,""11101001"":7,""10000000"":9,""00100111"":52,""01101000"":16,""01100111"":11,""00110100"":119,""10111101"":6,""00001100"":16,""11011110"":3,""01100100"":41,""11001011"":6,""00001001"":9,""01011100"":12,""00001010"":13,""10101100"":28,""11111111"":7,""10011010"":9,""01101001"":7,""00110110"":104,""00101001"":26,""00110011"":30,""10110010"":7,""10001111"":7,""10001100"":12,""11001000"":3,""10011011"":3,""01101111"":13,""11011100"":6,""10011101"":11,""00011010"":7,""11111101"":8,""00100000"":60,""01011001"":3,""00011001"":3,""10011100"":15,""10101110"":17,""11101010"":18,""11001100"":15,""11101011"":7,""00010001"":2,""00100010"":56,""10110100"":15,""11011000"":7,""00011000"":7,""11111110"":9,""10101010"":10,""10001000"":9,""10111001"":15,""01101011"":11,""10111010"":9,""10011111"":8,""00110010"":40,""10110000"":9,""11001111"":3,""10110111"":15,""00100100"":141,""00100101"":55,""10100100"":26,""10111100"":15,""10101011"":2,""01011101"":3,""11010001"":2,""10011001"":7,""10001011"":6,""01001010"":3,""10111000"":20,""11111001"":9,""10101111"":10,""10001001"":12,""10111110"":14,""00001110"":11,""00001011"":5,""11101000"":20,""00001101"":7,""00011110"":3,""10011000"":6,""00011101"":5,""00000000"":24,""01111100"":8,""01111011"":6,""01011000"":13,""01011110"":6,""00001111"":6,""11111000"":15,""00110000"":80,""01101110"":5,""00001000"":11,""11110001"":8,""10101000"":13,""00100110"":74,""01111010"":2,""01110100"":19,""01111110"":9,""11110100"":12,""10110101"":10,""10000111"":7,""01000111"":5,""01010100"":14,""01100000"":12,""11110011"":3,""11110101"":6,""01110110"":18,""11100101"":18,""01000100"":9,""01010000"":4,""00010101"":2,""00100001"":29,""00110101"":37,""01100110"":22,""01010001"":5,""10110001"":9,""00100011"":29,""10010111"":12,""01110111"":9,""01111111"":9,""10110011"":3,""01110101"":6,""01100011"":4,""10010000"":17,""01100101"":15,""10000010"":9,""10010011"":5,""10001101"":9,""11010010"":3,""11100011"":7,""11000100"":13,""00010110"":8,""10100111"":9,""01100010"":15,""01010010"":8,""10010101"":11,""00010111"":11,""01100001"":6,""11000101"":4,""00010100"":9,""10100110"":15,""01000101"":3,""10010100"":19,""01001000"":6,""01011111"":3,""11011001"":3,""10000110"":11,""01101010"":17,""01111101"":8,""00011100"":7,""01001100"":7,""11001001"":6,""10001010"":4,""01001101"":3,""11111011"":6,""10101001"":4,""01111001"":9,""01110010"":9,""00000010"":10,""11110000"":25,""10111111"":9,""10111011"":1,""11011111"":3,""11010110"":4,""11100010"":12,""11110010"":16,""01110001"":11,""11010100"":8,""10010110"":6,""10110110"":16,""11100001"":7,""11100100"":27,""00000111"":6,""01000000"":4,""00000101"":8,""00010010"":3,""11100000"":22,""10000100"":26,""10100010"":6,""01010110"":5,""00000001"":6,""01110000"":12,""00000011"":7,""10010010"":14,""10100000"":11,""11000000"":8,""00000100"":28,""01000010"":3,""01000001"":4,""11000010"":5,""01110011"":5,""00000110"":5,""11000110"":8,""10100101"":9,""01010011"":4,""00010000"":5,""10100001"":2,""01010111"":5,""10010001"":5,""10000001"":8,""10000011"":4,""11010000"":5,""01000110"":4,""11000011"":5,""11000001"":3,""11000111"":3,""11101111"":12,""00011111"":10,""11010101"":4,""01000011"":2,""00010011"":3,""00011011"":1,""11001010"":2,""11011010"":1,""01011011"":2,""01011010"":3,""10000101"":5,""01001111"":3,""11100111"":4,""01001011"":2,""10100011"":1,""11010111"":1}"
95,x,4000,-0.13850000000000007,0.01200000000000001,0.09350000000000003,-0.006999999999999895,0.25949999999999995,-0.3385,0.523,0.36450000000000005,"{""10010110"":10,""00010001"":16,""00110100"":49,""00110001"":30,""00100010"":77,""00101001"":132,""11011110"":7,""11100011"":15,""10010001"":20,""00100000"":56,""00100011"":87,""11100111"":7,""10010010"":9,""11101110"":8,""00110010"":34,""00110011"":53,""00100111"":62,""00010111"":11,""00100110"":50,""10110001"":12,""10101110"":14,""11110111"":9,""00010101"":4,""00111101"":26,""11010000"":6,""00100101"":61,""01011001"":10,""00100100"":65,""11010110"":10,""01000001"":5,""01000011"":13,""00110110"":32,""00110000"":43,""00100001"":109,""00110111"":48,""00111111"":59,""11100001"":22,""00000101"":17,""01100010"":6,""00000111"":22,""01100000"":3,""11010101"":1,""01110001"":7,""01100101"":10,""00110101"":23,""10000011"":19,""01000101"":7,""11100000"":14,""01010111"":12,""10000101"":5,""00101010"":62,""00011100"":5,""10101001"":33,""10010011"":12,""00000001"":23,""11100101"":15,""10010100"":15,""00101000"":55,""01100001"":11,""11010111"":7,""00000010"":17,""10100000"":13,""10011000"":9,""01000110"":12,""10100010"":22,""10111111"":13,""00111110"":27,""01001001"":13,""10111110"":10,""00101101"":76,""11011000"":6,""00111011"":43,""00001010"":17,""00101011"":105,""00101110"":73,""00001100"":27,""11101011"":17,""01011000"":10,""01001011"":17,""10001110"":8,""10110000"":12,""10101100"":10,""00001001"":23,""11101000"":14,""00011001"":27,""10001011"":15,""01101001"":5,""11011001"":8,""11001100"":8,""11110001"":5,""01001100"":9,""01101011"":7,""00001000"":9,""00101100"":68,""11111111"":6,""01011110"":7,""00011111"":7,""00111100"":34,""10111010"":7,""00001101"":19,""10001111"":8,""00101111"":70,""11111110"":2,""10001010"":12,""00001011"":18,""11110100"":4,""11001011"":6,""00011101"":20,""11101111"":13,""11011111"":8,""00001111"":18,""10101111"":16,""01001101"":10,""11111001"":7,""10001000"":13,""00011000"":4,""00111010"":23,""01111000"":10,""10101011"":20,""01111011"":9,""11010100"":4,""00111001"":31,""10101101"":15,""10101010"":15,""11110110"":4,""01000010"":18,""01001010"":12,""00000100"":20,""01010010"":3,""01110011"":6,""01010000"":13,""10110101"":13,""10110010"":14,""10101000"":14,""00011110"":9,""00000000"":28,""11110010"":3,""01010011"":13,""10000010"":10,""01000111"":13,""10000111"":12,""11000000"":8,""10100111"":13,""10010000"":3,""10011001"":23,""10011101"":16,""01100100"":7,""01110110"":4,""11101001"":17,""11100110"":6,""00000011"":21,""10100110"":14,""11110101"":4,""10100101"":10,""11000100"":5,""01000000"":6,""10000100"":8,""11110000"":6,""11000110"":3,""00011011"":11,""11000001"":7,""11010010"":3,""00010100"":6,""01100110"":4,""10010101"":10,""01010110"":5,""10100011"":25,""11000101"":2,""10000000"":9,""01110000"":4,""10000001"":11,""00000110"":12,""01000100"":11,""01100011"":13,""10100001"":20,""10110011"":17,""10110111"":9,""11100010"":4,""10111001"":5,""01010101"":7,""10000110"":7,""11000111"":11,""11100100"":6,""10010111"":14,""01010001"":10,""00010010"":2,""11010001"":9,""00010011"":11,""01110100"":5,""01110101"":7,""11110011"":4,""01011111"":9,""01110111"":3,""01101100"":2,""00010110"":4,""11011100"":4,""10100100"":20,""01101101"":11,""11001000"":3,""10011111"":10,""11101101"":9,""11111100"":6,""10111011"":7,""01101110"":8,""10011011"":7,""11101100"":3,""11101010"":10,""00111000"":33,""11111011"":9,""10001100"":13,""11111010"":5,""10001101"":8,""01001110"":7,""11111000"":7,""01101000"":3,""01011100"":5,""10011100"":18,""10111100"":10,""11001111"":7,""01101010"":5,""01011101"":10,""00011010"":4,""01111010"":1,""10110100"":12,""11001010"":7,""01111101"":4,""11001001"":8,""01111001"":5,""11001101"":9,""10001001"":13,""11011011"":8,""01001000"":9,""11001110"":5,""01001111"":5,""01101111"":3,""10011010"":9,""11000010"":11,""01010100"":5,""01110010"":5,""11000011"":14,""11011101"":5,""10111101"":7,""00001110"":12,""01011011"":18,""11111101"":3,""10111000"":10,""11011010"":1,""01111100"":3,""10011110"":9,""10110110"":6,""00010000"":3,""11010011"":3,""01100111"":4,""01111111"":4,""01011010"":3}"
96,x,4000,0.33099999999999996,-0.19700000000000006,0.09499999999999997,0.006000000000000005,0.2905,-0.08549999999999991,0.18300000000000005,0.23250000000000004,"{""00000000"":11,""00100110"":48,""01100100"":19,""00110010"":48,""01100010"":31,""00000011"":8,""01010001"":14,""11010010"":11,""00110011"":26,""01000000"":22,""00100000"":33,""10100111"":28,""01100001"":16,""10000001"":15,""01000100"":41,""10000010"":43,""01110110"":14,""00100010"":70,""10000000"":28,""11100011"":6,""00111000"":22,""00100111"":40,""10010010"":35,""10000110"":32,""01010010"":29,""00101001"":23,""11110001"":4,""00110100"":34,""01110010"":19,""01110101"":8,""01001010"":60,""00000010"":16,""01100110"":28,""01111000"":11,""01000101"":23,""11100110"":14,""00001000"":16,""10000101"":21,""10101000"":20,""00011010"":17,""10010101"":9,""10000100"":25,""00000100"":10,""00100101"":26,""01000110"":23,""10100011"":17,""01100111"":27,""10110111"":6,""01000111"":43,""00110001"":11,""10100010"":39,""10010011"":12,""00000101"":4,""01000010"":53,""01110111"":13,""10000111"":28,""10100110"":30,""00110000"":8,""00010100"":3,""10011000"":28,""01110000"":5,""10111000"":9,""00111010"":59,""01110100"":12,""10110011"":11,""11101010"":21,""11100010"":17,""11000110"":7,""11110100"":5,""01010000"":17,""10110000"":4,""11100001"":6,""01000001"":20,""10110010"":22,""00110110"":20,""00110111"":23,""10110110"":14,""01101000"":30,""01011010"":50,""00111101"":10,""10101011"":11,""00111110"":16,""00101010"":99,""01111010"":25,""11111010"":10,""01101100"":23,""01001101"":8,""10011010"":58,""00101000"":58,""10001101"":10,""01001111"":22,""10111110"":9,""11111111"":5,""00101110"":48,""11101100"":16,""00101100"":34,""01101111"":20,""10001000"":33,""10001110"":41,""10111100"":11,""00101101"":13,""01011001"":18,""00111001"":9,""01001100"":46,""00101011"":25,""01111100"":17,""10001010"":30,""01101110"":31,""01100000"":18,""01011100"":13,""01001000"":36,""10000011"":19,""00101111"":31,""00100011"":41,""00111100"":13,""01011101"":4,""01111110"":6,""11001010"":9,""10011001"":10,""11101000"":12,""01011110"":19,""00011001"":2,""11011010"":7,""10101111"":8,""10011100"":23,""01101001"":15,""10111111"":4,""01001011"":20,""00011110"":5,""10111010"":22,""10101110"":21,""11001111"":5,""11001100"":9,""10100100"":26,""01101010"":41,""01011000"":28,""10100101"":13,""11100111"":13,""10010000"":10,""10010110"":25,""00000110"":9,""11100000"":12,""10110100"":9,""01000011"":25,""11110011"":7,""10101001"":15,""00110101"":6,""11110010"":8,""10100001"":16,""00100100"":35,""11000010"":11,""11111000"":2,""10010100"":23,""01100101"":6,""01110011"":4,""10010001"":14,""10110101"":7,""11001001"":5,""11000101"":7,""01011111"":7,""11110110"":3,""10101010"":33,""10010111"":16,""01010111"":8,""11000100"":6,""01100011"":18,""10001100"":22,""11011101"":7,""10001001"":9,""01101101"":9,""10011011"":6,""00111011"":21,""01001001"":13,""00011111"":2,""11011110"":5,""10011110"":23,""10101100"":18,""11101110"":10,""11111011"":3,""11001110"":14,""01001110"":36,""01101011"":9,""11001000"":8,""10111011"":7,""10001111"":10,""10011101"":9,""10001011"":7,""01111111"":5,""00001001"":6,""11101101"":5,""00010010"":13,""11011001"":3,""00001100"":7,""00001110"":21,""00111111"":18,""00001111"":7,""00011101"":3,""00001010"":16,""01111001"":5,""11101001"":3,""01011011"":6,""10101101"":10,""11001101"":3,""00100001"":23,""11010000"":4,""01010100"":13,""00010011"":4,""01010110"":15,""10011111"":11,""00010101"":1,""01010101"":11,""01110001"":3,""01010011"":13,""10100000"":14,""11010110"":3,""01111011"":3,""11010001"":3,""01111101"":5,""11000111"":10,""11101111"":8,""11011000"":9,""11011100"":3,""00011000"":6,""11111100"":3,""10111001"":6,""11110101"":4,""00000111"":12,""10110001"":8,""00010001"":2,""11100101"":5,""11010011"":1,""00001011"":4,""11100100"":7,""11000011"":2,""00000001"":3,""11000001"":5,""11010101"":3,""11010100"":1,""00010111"":3,""00010000"":2,""11000000"":1,""11110111"":1,""11111110"":2,""00011100"":2,""00011011"":4,""11011111"":1,""11011011"":3,""00001101"":2,""11101011"":1,""00010110"":1,""11111101"":1,""11111001"":1,""11110000"":1}"
97,x,4000,-0.22999999999999998,-0.14949999999999997,-0.23199999999999998,0.026499999999999968,0.14649999999999996,0.06899999999999995,0.0625,0.33799999999999997,"{""10011101"":8,""01111100"":8,""00000111"":60,""01001011"":28,""01011101"":16,""11011100"":11,""00111111"":32,""11001100"":22,""00011100"":20,""10101101"":12,""01011001"":8,""10111101"":8,""01010111"":18,""01111110"":19,""01110111"":37,""10111011"":9,""11010111"":27,""00101101"":27,""00110111"":67,""01011011"":25,""00001000"":12,""11011101"":34,""01101101"":23,""00001010"":22,""11111111"":7,""11101101"":7,""01101111"":24,""00101011"":22,""00101000"":25,""10101000"":10,""11001111"":33,""01101011"":15,""00001011"":18,""01111101"":14,""10101111"":25,""00001111"":35,""00011001"":22,""11000111"":57,""11011111"":21,""00100111"":67,""00111101"":18,""00011011"":21,""01101100"":13,""10001001"":5,""00101111"":58,""00011101"":28,""11000010"":11,""00010011"":17,""01011010"":13,""11111000"":5,""00011111"":38,""00000011"":26,""10001110"":6,""10001011"":5,""00111110"":22,""00001001"":23,""01001010"":25,""10110111"":22,""01111001"":3,""10001111"":5,""01101110"":16,""01011100"":16,""11101111"":15,""10101110"":10,""10101011"":20,""00101010"":15,""11101011"":8,""11010100"":7,""11011001"":11,""01000111"":77,""00101110"":30,""00001101"":18,""10011001"":4,""10111111"":19,""10011111"":7,""00011000"":15,""00111011"":22,""00011110"":23,""00001100"":18,""10001100"":6,""00000101"":30,""01000101"":34,""00111010"":16,""10100111"":38,""01110101"":25,""10101100"":16,""01111000"":9,""11111101"":3,""01001110"":40,""11100101"":7,""00110100"":16,""00010110"":19,""00000001"":15,""01000010"":12,""11100000"":2,""00010111"":41,""00010101"":25,""11100100"":4,""10110101"":13,""00110000"":6,""00100101"":41,""01000000"":16,""11110111"":9,""00100001"":25,""01110011"":22,""11010101"":17,""01100010"":7,""11001010"":14,""01000011"":34,""11010010"":7,""11110110"":2,""11000100"":15,""01011111"":19,""01100101"":13,""00100000"":17,""01000001"":28,""11000001"":17,""00000010"":16,""01010000"":7,""11100010"":2,""11000110"":13,""11100001"":5,""01010101"":11,""00110101"":34,""01000110"":44,""10100001"":19,""10100101"":14,""10000111"":16,""10100000"":15,""10100011"":14,""10110011"":21,""10000011"":10,""10010010"":1,""01100011"":13,""00100011"":31,""00100100"":34,""00001110"":20,""10010111"":9,""00010100"":16,""10100010"":10,""11110010"":3,""00110001"":21,""00000110"":18,""01000100"":26,""01010110"":13,""11111011"":4,""01110010"":10,""11010011"":25,""00100110"":24,""11001110"":17,""01001101"":31,""01001001"":25,""11001001"":17,""00111100"":21,""01011110"":28,""00101001"":18,""01100111"":17,""01100001"":13,""00110110"":23,""00101100"":21,""00110011"":21,""01111111"":16,""00011010"":14,""00111001"":17,""11101001"":2,""01110000"":10,""01010010"":9,""00100010"":18,""01011000"":17,""01101001"":6,""00111000"":15,""11011110"":22,""01111010"":10,""11011011"":20,""01110100"":8,""10111001"":8,""10111100"":13,""01001111"":39,""10100100"":16,""10011110"":4,""10111000"":6,""11011000"":18,""10111010"":5,""11100111"":14,""01110001"":7,""10101001"":18,""01101010"":11,""11001000"":17,""01101000"":13,""11000000"":5,""11001011"":15,""01001100"":23,""11000101"":28,""11111110"":3,""10110110"":13,""11110101"":5,""01001000"":19,""11101100"":7,""11001101"":13,""10111110"":13,""10110000"":8,""11011010"":9,""11101010"":6,""10101010"":8,""11111001"":3,""11010001"":16,""01010001"":12,""01110110"":15,""01100100"":5,""11110100"":3,""11000011"":11,""10000101"":10,""11110000"":1,""10100110"":17,""10000110"":7,""01010100"":6,""00010010"":12,""10010100"":3,""01100110"":9,""00000100"":16,""00010001"":14,""11010110"":8,""00000000"":10,""10000000"":4,""11101000"":3,""10010001"":4,""00010000"":6,""00110010"":5,""11010000"":6,""11100110"":3,""10110100"":14,""10000010"":2,""10011010"":3,""11100011"":7,""01100000"":9,""10000100"":6,""10011011"":2,""10010000"":4,""01010011"":9,""10010101"":5,""10110001"":9,""01111011"":11,""10001010"":3,""11101110"":3,""10010110"":3,""11111010"":3,""10001000"":1,""10110010"":7,""10000001"":4,""10010011"":6,""10001101"":3,""11110001"":3,""11110011"":2,""10011100"":2,""11111100"":1}"
98,x,4000,-0.19399999999999995,0.393,0.3255,0.03149999999999997,-0.17900000000000005,0.07599999999999996,0.17149999999999999,0.27249999999999996,"{""01010001"":93,""01100011"":2,""00000011"":11,""10110001"":39,""00101100"":19,""10001001"":25,""01000000"":31,""10010000"":31,""10010001"":58,""00000010"":7,""11110010"":12,""10000001"":21,""01110100"":5,""00100011"":22,""01001101"":29,""10000101"":12,""00010000"":35,""00110100"":23,""01000001"":57,""01010100"":30,""00111001"":90,""01001100"":28,""10100101"":25,""01110101"":3,""00100101"":31,""00110010"":32,""11000000"":3,""11110001"":21,""10110000"":14,""00100000"":58,""11010000"":16,""11010101"":6,""01000101"":32,""11000011"":3,""11110110"":5,""01010111"":19,""00110011"":28,""01010011"":36,""10010101"":29,""11111111"":6,""01010000"":60,""00100110"":10,""01110001"":9,""11100001"":38,""00000101"":16,""10010111"":12,""10100111"":5,""11010001"":25,""11100010"":11,""00110101"":31,""01100010"":2,""01000100"":11,""11111101"":16,""01001111"":12,""00100010"":16,""00110000"":33,""01110010"":7,""10010011"":18,""01110000"":6,""00110111"":15,""10010100"":13,""11110100"":8,""00010001"":73,""00100001"":48,""01010010"":18,""10100000"":13,""11110101"":10,""00110001"":80,""00010111"":11,""10110010"":8,""01010101"":30,""00000100"":4,""10100001"":31,""01001001"":45,""01000011"":22,""10101100"":9,""00101001"":63,""01011001"":64,""00011000"":30,""01011000"":34,""01011101"":26,""00001110"":6,""00111010"":34,""01111010"":3,""00101101"":25,""10101101"":20,""00101011"":24,""10011110"":7,""11111100"":7,""00111111"":13,""00011111"":7,""01001011"":30,""01111001"":15,""11101001"":30,""01011100"":25,""11101101"":11,""00011011"":8,""01001000"":28,""10011001"":53,""00001011"":7,""11111011"":10,""10111010"":9,""11111001"":27,""11111000"":12,""01111101"":7,""00111000"":42,""11001001"":8,""01111110"":4,""11011000"":16,""10011000"":24,""00111100"":29,""11011101"":8,""11011010"":9,""10111000"":13,""11100011"":15,""01011011"":21,""11101000"":16,""10001101"":18,""01111111"":3,""01001110"":10,""10011100"":12,""10011011"":16,""00011001"":67,""11101110"":8,""11011001"":14,""01011111"":16,""10001000"":16,""00001000"":10,""01111000"":5,""10011101"":17,""00101110"":10,""00111110"":15,""00101000"":39,""00010100"":18,""11010110"":4,""10111101"":18,""01101110"":4,""10111001"":28,""00101010"":19,""11100000"":22,""00001001"":19,""11101100"":8,""00011110"":8,""01100001"":11,""00011101"":18,""00001010"":14,""00011100"":23,""11111110"":5,""01101001"":9,""00001101"":13,""10101001"":23,""01101011"":5,""11101010"":5,""01011010"":21,""10001111"":4,""10011111"":8,""10001110"":3,""11010111"":4,""00111011"":18,""10001010"":10,""10011010"":16,""00111101"":29,""11001010"":5,""11001101"":6,""01000111"":10,""11011100"":10,""11101011"":11,""01001010"":31,""11101111"":3,""10110110"":3,""00010011"":20,""00101111"":11,""11111010"":13,""11001100"":6,""01101000"":4,""00011010"":10,""10010010"":12,""11110000"":11,""00010110"":9,""10000010"":11,""10100110"":5,""11011011"":2,""11000001"":5,""11010100"":9,""11000010"":4,""10110011"":15,""11100101"":15,""10000110"":1,""00100100"":18,""01110011"":4,""10000100"":5,""00000000"":8,""01000110"":14,""00001100"":7,""01100000"":6,""00100111"":19,""01100100"":3,""10000111"":4,""01110110"":1,""11010011"":9,""11100110"":3,""00110110"":13,""00000001"":9,""11010010"":3,""00000111"":3,""01000010"":24,""11100100"":5,""01010110"":13,""10100010"":5,""00010101"":34,""00010010"":12,""11000111"":2,""10111011"":11,""10101110"":2,""01101101"":3,""01011110"":11,""10001100"":9,""10101011"":2,""11001011"":3,""10001011"":11,""10101000"":12,""11011110"":5,""11110011"":15,""11001000"":2,""11000100"":5,""01111011"":3,""11011111"":4,""10100100"":9,""00000110"":1,""10100011"":7,""10000011"":2,""10000000"":6,""10010110"":8,""10110111"":7,""11000101"":7,""01101100"":2,""10111100"":6,""00001111"":6,""10111110"":5,""11100111"":4,""10110100"":7,""11110111"":5,""10110101"":9,""01110111"":1,""01111100"":2,""11001110"":1,""10101111"":5,""10101010"":3,""01100101"":3,""01100111"":1,""10111111"":2,""11000110"":1}"
99,x,4000,-0.01649999999999996,-0.20500000000000007,-0.0004999999999999449,0.0044999999999999485,0.029000000000000026,0.366,0.127,0.7215,"{""01100101"":29,""01101110"":38,""00000100"":34,""00010110"":41,""00010101"":47,""00000001"":29,""00010111"":72,""00100011"":8,""01000101"":12,""01010100"":15,""01010111"":36,""01000110"":20,""01111110"":15,""10010010"":12,""00000010"":71,""10110101"":4,""00011110"":69,""00001111"":77,""00000000"":55,""11000011"":6,""01100010"":47,""11100000"":4,""01100000"":55,""01010000"":23,""10000000"":6,""01100111"":57,""00001110"":44,""11100011"":10,""00010100"":44,""00000111"":78,""01100100"":30,""00110111"":12,""00110110"":8,""10000010"":9,""01100001"":25,""00010010"":63,""01010110"":34,""01110010"":14,""11010011"":3,""01010101"":20,""00001100"":36,""10110010"":8,""01000011"":20,""01100110"":38,""00010001"":33,""00010000"":51,""11010101"":8,""01110110"":15,""01000100"":10,""00110101"":8,""01101111"":67,""00011011"":50,""00000110"":45,""01000001"":11,""01010011"":37,""01100011"":49,""10011010"":9,""01010001"":20,""00010011"":47,""01110101"":10,""10000011"":17,""00110000"":14,""00000101"":36,""10010101"":5,""11010111"":6,""00011010"":73,""10010111"":8,""00110011"":15,""00001011"":54,""10110011"":5,""01000000"":21,""00000011"":73,""01011011"":27,""01101010"":48,""00011111"":75,""00011101"":81,""00011001"":35,""01001100"":15,""10111101"":4,""00001010"":56,""01011111"":43,""01101101"":30,""01011101"":31,""01101011"":33,""01001011"":24,""00001000"":30,""10001110"":11,""00111110"":12,""01001000"":24,""01101100"":31,""00001101"":32,""11001000"":6,""11101111"":8,""00111011"":17,""11011000"":6,""01011010"":37,""01111100"":7,""11011101"":6,""00110001"":6,""01110011"":13,""00001001"":37,""00111010"":11,""11001111"":2,""01101000"":22,""00011000"":55,""10101011"":3,""01001001"":12,""00111001"":7,""00111111"":13,""11011011"":7,""01110111"":16,""01001010"":22,""01011001"":19,""01111000"":20,""00011100"":30,""01101001"":21,""11011111"":11,""11111000"":2,""11000110"":6,""11010001"":5,""11000001"":1,""00110010"":20,""10110001"":3,""01110001"":5,""10010011"":8,""11100010"":8,""00100111"":10,""01000010"":21,""11101110"":9,""10000101"":6,""00100001"":4,""11100111"":6,""11100001"":7,""11110011"":3,""11000010"":5,""00100010"":12,""10100101"":4,""10011001"":9,""00100100"":7,""10000001"":3,""01000111"":16,""01110000"":11,""01010010"":26,""00100110"":10,""11010010"":4,""10100111"":3,""10100010"":1,""11010110"":2,""01011100"":28,""00101110"":12,""10010001"":6,""10000111"":9,""11011001"":3,""01001111"":14,""00111000"":9,""10011111"":6,""01011000"":21,""01111001"":7,""11010000"":4,""01110100"":8,""10000100"":4,""10110100"":4,""10000110"":7,""11110001"":1,""10010100"":3,""10110111"":4,""10111010"":6,""01111010"":11,""01001101"":9,""00101001"":4,""01001110"":12,""01011110"":28,""10001011"":10,""00111101"":12,""11011110"":8,""00101100"":4,""11100110"":8,""11000100"":4,""00110100"":6,""11000101"":1,""10010110"":6,""10111111"":5,""10011000"":6,""10011101"":9,""10011011"":8,""00111100"":6,""10111011"":6,""10010000"":8,""11101100"":4,""01111011"":12,""10001100"":6,""01111101"":6,""11100101"":4,""00100101"":5,""11001100"":3,""01111111"":10,""11100100"":3,""10101010"":1,""11111001"":2,""10111110"":4,""10001010"":6,""10001001"":5,""00101111"":9,""11001011"":6,""11001110"":4,""00101000"":3,""11001010"":5,""11011010"":4,""10011100"":2,""00101011"":6,""10001000"":4,""10011110"":7,""10001101"":7,""10001111"":9,""00101010"":4,""11001001"":1,""00101101"":7,""11001101"":3,""10100110"":2,""11010100"":5,""11110010"":1,""10110110"":3,""10111100"":1,""11011100"":2,""11000111"":3,""00100000"":1,""10111001"":4,""10101110"":4,""11101011"":2,""11101001"":2,""11111011"":2,""10101100"":1,""10100011"":1,""10100100"":1,""11101010"":5,""10111000"":3,""11111111"":1,""10100000"":1,""11101000"":3,""10101101"":1,""10101000"":1,""11111100"":1,""11111101"":1,""11110000"":1}"
