task_id,campaign,dataset,variant,config,seed,script,tag,flags
0,main,overhead,adaptive,overhead_adaptive,42,sq_seqnn_fast.py,main__overhead_adaptive__seed42,--dataset overhead --overhead-mode seqnn5 --frontend-mode conv --gate-type CX --measure-bases x --n-qubits 8 --cls-hidden 10 --conv-width 4 --ablation none
1,main,overhead,shared,overhead_shared,42,sq_seqnn_fast.py,main__overhead_shared__seed42,--dataset overhead --overhead-mode seqnn5 --frontend-mode shapelet --gate-type XY --measure-bases z --n-qubits 10 --cls-hidden 10 --shapelet-count 6 --shapelet-length 1 --shapelet-stats compact4 --ablation none
2,main,sat6,both,sat6,42,sq_seqnn_fast.py,main__sat6__seed42,--dataset sat6 --frontend-mode shapelet --gate-type XX --measure-bases x --n-qubits 10 --cls-hidden 10 --shapelet-count 6 --shapelet-length 4 --shapelet-stats full6 --ablation none
3,main,so2sat,adaptive,so2sat_adaptive,42,sq_seqnn_fast.py,main__so2sat_adaptive__seed42,--dataset so2sat --frontend-mode global --gate-type CRY --measure-bases xyz --n-qubits 10 --cls-hidden 10 --ablation none
4,main,so2sat,shared,so2sat_shared,42,sq_seqnn_fast.py,main__so2sat_shared__seed42,--dataset so2sat --frontend-mode shapelet --gate-type CZ --measure-bases x --n-qubits 10 --cls-hidden 10 --shapelet-count 6 --shapelet-length 4 --shapelet-stats compact4 --ablation none
5,isolation,overhead,adaptive,overhead_adaptive__classical_only,42,sq_seqnn_fast.py,isolation__overhead_adaptive__classical_only__seed42,--dataset overhead --overhead-mode seqnn5 --frontend-mode conv --gate-type CX --measure-bases x --n-qubits 8 --cls-hidden 10 --conv-width 4 --ablation classical_only
6,isolation,overhead,adaptive,overhead_adaptive__mlp_replace,42,sq_seqnn_fast.py,isolation__overhead_adaptive__mlp_replace__seed42,--dataset overhead --overhead-mode seqnn5 --frontend-mode conv --gate-type CX --measure-bases x --n-qubits 8 --cls-hidden 10 --conv-width 4 --ablation mlp_replace
7,isolation,overhead,adaptive,overhead_adaptive__frozen_quantum,42,sq_seqnn_fast.py,isolation__overhead_adaptive__frozen_quantum__seed42,--dataset overhead --overhead-mode seqnn5 --frontend-mode conv --gate-type CX --measure-bases x --n-qubits 8 --cls-hidden 10 --conv-width 4 --ablation frozen_quantum
8,isolation,overhead,adaptive,overhead_adaptive__no_iqp,42,sq_seqnn_fast.py,isolation__overhead_adaptive__no_iqp__seed42,--dataset overhead --overhead-mode seqnn5 --frontend-mode conv --gate-type CX --measure-bases x --n-qubits 8 --cls-hidden 10 --conv-width 4 --ablation no_iqp
9,isolation,overhead,adaptive,overhead_adaptive__no_reupload,42,sq_seqnn_fast.py,isolation__overhead_adaptive__no_reupload__seed42,--dataset overhead --overhead-mode seqnn5 --frontend-mode conv --gate-type CX --measure-bases x --n-qubits 8 --cls-hidden 10 --conv-width 4 --ablation no_reupload
10,isolation,overhead,adaptive,overhead_adaptive__fixed_z,42,sq_seqnn_fast.py,isolation__overhead_adaptive__fixed_z__seed42,--dataset overhead --overhead-mode seqnn5 --frontend-mode conv --gate-type CX --measure-bases x --n-qubits 8 --cls-hidden 10 --conv-width 4 --ablation fixed_z
11,isolation,sat6,both,sat6__classical_only,42,sq_seqnn_fast.py,isolation__sat6__classical_only__seed42,--dataset sat6 --frontend-mode shapelet --gate-type XX --measure-bases x --n-qubits 10 --cls-hidden 10 --shapelet-count 6 --shapelet-length 4 --shapelet-stats full6 --ablation classical_only
12,isolation,sat6,both,sat6__mlp_replace,42,sq_seqnn_fast.py,isolation__sat6__mlp_replace__seed42,--dataset sat6 --frontend-mode shapelet --gate-type XX --measure-bases x --n-qubits 10 --cls-hidden 10 --shapelet-count 6 --shapelet-length 4 --shapelet-stats full6 --ablation mlp_replace
13,isolation,sat6,both,sat6__frozen_quantum,42,sq_seqnn_fast.py,isolation__sat6__frozen_quantum__seed42,--dataset sat6 --frontend-mode shapelet --gate-type XX --measure-bases x --n-qubits 10 --cls-hidden 10 --shapelet-count 6 --shapelet-length 4 --shapelet-stats full6 --ablation frozen_quantum
14,isolation,sat6,both,sat6__no_iqp,42,sq_seqnn_fast.py,isolation__sat6__no_iqp__seed42,--dataset sat6 --frontend-mode shapelet --gate-type XX --measure-bases x --n-qubits 10 --cls-hidden 10 --shapelet-count 6 --shapelet-length 4 --shapelet-stats full6 --ablation no_iqp
15,isolation,sat6,both,sat6__no_reupload,42,sq_seqnn_fast.py,isolation__sat6__no_reupload__seed42,--dataset sat6 --frontend-mode shapelet --gate-type XX --measure-bases x --n-qubits 10 --cls-hidden 10 --shapelet-count 6 --shapelet-length 4 --shapelet-stats full6 --ablation no_reupload
16,isolation,sat6,both,sat6__fixed_z,42,sq_seqnn_fast.py,isolation__sat6__fixed_z__seed42,--dataset sat6 --frontend-mode shapelet --gate-type XX --measure-bases x --n-qubits 10 --cls-hidden 10 --shapelet-count 6 --shapelet-length 4 --shapelet-stats full6 --ablation fixed_z
17,isolation,so2sat,adaptive,so2sat_adaptive__classical_only,42,sq_seqnn_fast.py,isolation__so2sat_adaptive__classical_only__seed42,--dataset so2sat --frontend-mode global --gate-type CRY --measure-bases xyz --n-qubits 10 --cls-hidden 10 --ablation classical_only
18,isolation,so2sat,adaptive,so2sat_adaptive__mlp_replace,42,sq_seqnn_fast.py,isolation__so2sat_adaptive__mlp_replace__seed42,--dataset so2sat --frontend-mode global --gate-type CRY --measure-bases xyz --n-qubits 10 --cls-hidden 10 --ablation mlp_replace
19,isolation,so2sat,adaptive,so2sat_adaptive__frozen_quantum,42,sq_seqnn_fast.py,isolation__so2sat_adaptive__frozen_quantum__seed42,--dataset so2sat --frontend-mode global --gate-type CRY --measure-bases xyz --n-qubits 10 --cls-hidden 10 --ablation frozen_quantum
20,isolation,so2sat,adaptive,so2sat_adaptive__no_iqp,42,sq_seqnn_fast.py,isolation__so2sat_adaptive__no_iqp__seed42,--dataset so2sat --frontend-mode global --gate-type CRY --measure-bases xyz --n-qubits 10 --cls-hidden 10 --ablation no_iqp
21,isolation,so2sat,adaptive,so2sat_adaptive__no_reupload,42,sq_seqnn_fast.py,isolation__so2sat_adaptive__no_reupload__seed42,--dataset so2sat --frontend-mode global --gate-type CRY --measure-bases xyz --n-qubits 10 --cls-hidden 10 --ablation no_reupload
22,isolation,so2sat,adaptive,so2sat_adaptive__fixed_z,42,sq_seqnn_fast.py,isolation__so2sat_adaptive__fixed_z__seed42,--dataset so2sat --frontend-mode global --gate-type CRY --measure-bases xyz --n-qubits 10 --cls-hidden 10 --ablation fixed_z
23,gate,overhead,adaptive,overhead_adaptive__gateZZ,42,sq_seqnn_fast.py,gate__overhead_adaptive__gateZZ__seed42,--dataset overhead --overhead-mode seqnn5 --frontend-mode conv --gate-type ZZ --measure-bases x --n-qubits 8 --cls-hidden 10 --conv-width 4
24,gate,overhead,adaptive,overhead_adaptive__gateCZ,42,sq_seqnn_fast.py,gate__overhead_adaptive__gateCZ__seed42,--dataset overhead --overhead-mode seqnn5 --frontend-mode conv --gate-type CZ --measure-bases x --n-qubits 8 --cls-hidden 10 --conv-width 4
25,gate,overhead,adaptive,overhead_adaptive__gateXY,42,sq_seqnn_fast.py,gate__overhead_adaptive__gateXY__seed42,--dataset overhead --overhead-mode seqnn5 --frontend-mode conv --gate-type XY --measure-bases x --n-qubits 8 --cls-hidden 10 --conv-width 4
26,gate,overhead,adaptive,overhead_adaptive__gateCRZ,42,sq_seqnn_fast.py,gate__overhead_adaptive__gateCRZ__seed42,--dataset overhead --overhead-mode seqnn5 --frontend-mode conv --gate-type CRZ --measure-bases x --n-qubits 8 --cls-hidden 10 --conv-width 4
27,gate,overhead,adaptive,overhead_adaptive__gateCRY,42,sq_seqnn_fast.py,gate__overhead_adaptive__gateCRY__seed42,--dataset overhead --overhead-mode seqnn5 --frontend-mode conv --gate-type CRY --measure-bases x --n-qubits 8 --cls-hidden 10 --conv-width 4
28,gate,overhead,adaptive,overhead_adaptive__gateXX,42,sq_seqnn_fast.py,gate__overhead_adaptive__gateXX__seed42,--dataset overhead --overhead-mode seqnn5 --frontend-mode conv --gate-type XX --measure-bases x --n-qubits 8 --cls-hidden 10 --conv-width 4
29,gate,overhead,adaptive,overhead_adaptive__gateYY,42,sq_seqnn_fast.py,gate__overhead_adaptive__gateYY__seed42,--dataset overhead --overhead-mode seqnn5 --frontend-mode conv --gate-type YY --measure-bases x --n-qubits 8 --cls-hidden 10 --conv-width 4
30,gate,overhead,shared,overhead_shared__gateZZ,42,sq_seqnn_fast.py,gate__overhead_shared__gateZZ__seed42,--dataset overhead --overhead-mode seqnn5 --frontend-mode shapelet --gate-type ZZ --measure-bases z --n-qubits 10 --cls-hidden 10 --shapelet-count 6 --shapelet-length 1 --shapelet-stats compact4
31,gate,overhead,shared,overhead_shared__gateCZ,42,sq_seqnn_fast.py,gate__overhead_shared__gateCZ__seed42,--dataset overhead --overhead-mode seqnn5 --frontend-mode shapelet --gate-type CZ --measure-bases z --n-qubits 10 --cls-hidden 10 --shapelet-count 6 --shapelet-length 1 --shapelet-stats compact4
32,gate,overhead,shared,overhead_shared__gateCX,42,sq_seqnn_fast.py,gate__overhead_shared__gateCX__seed42,--dataset overhead --overhead-mode seqnn5 --frontend-mode shapelet --gate-type CX --measure-bases z --n-qubits 10 --cls-hidden 10 --shapelet-count 6 --shapelet-length 1 --shapelet-stats compact4
33,gate,overhead,shared,overhead_shared__gateCRZ,42,sq_seqnn_fast.py,gate__overhead_shared__gateCRZ__seed42,--dataset overhead --overhead-mode seqnn5 --frontend-mode shapelet --gate-type CRZ --measure-bases z --n-qubits 10 --cls-hidden 10 --shapelet-count 6 --shapelet-length 1 --shapelet-stats compact4
34,gate,overhead,shared,overhead_shared__gateCRY,42,sq_seqnn_fast.py,gate__overhead_shared__gateCRY__seed42,--dataset overhead --overhead-mode seqnn5 --frontend-mode shapelet --gate-type CRY --measure-bases z --n-qubits 10 --cls-hidden 10 --shapelet-count 6 --shapelet-length 1 --shapelet-stats compact4
35,gate,overhead,shared,overhead_shared__gateXX,42,sq_seqnn_fast.py,gate__overhead_shared__gateXX__seed42,--dataset overhead --overhead-mode seqnn5 --frontend-mode shapelet --gate-type XX --measure-bases z --n-qubits 10 --cls-hidden 10 --shapelet-count 6 --shapelet-length 1 --shapelet-stats compact4
36,gate,overhead,shared,overhead_shared__gateYY,42,sq_seqnn_fast.py,gate__overhead_shared__gateYY__seed42,--dataset overhead --overhead-mode seqnn5 --frontend-mode shapelet --gate-type YY --measure-bases z --n-qubits 10 --cls-hidden 10 --shapelet-count 6 --shapelet-length 1 --shapelet-stats compact4
37,gate,sat6,both,sat6__gateZZ,42,sq_seqnn_fast.py,gate__sat6__gateZZ__seed42,--dataset sat6 --frontend-mode shapelet --gate-type ZZ --measure-bases x --n-qubits 10 --cls-hidden 10 --shapelet-count 6 --shapelet-length 4 --shapelet-stats full6
38,gate,sat6,both,sat6__gateCZ,42,sq_seqnn_fast.py,gate__sat6__gateCZ__seed42,--dataset sat6 --frontend-mode shapelet --gate-type CZ --measure-bases x --n-qubits 10 --cls-hidden 10 --shapelet-count 6 --shapelet-length 4 --shapelet-stats full6
39,gate,sat6,both,sat6__gateCX,42,sq_seqnn_fast.py,gate__sat6__gateCX__seed42,--dataset sat6 --frontend-mode shapelet --gate-type CX --measure-bases x --n-qubits 10 --cls-hidden 10 --shapelet-count 6 --shapelet-length 4 --shapelet-stats full6
40,gate,sat6,both,sat6__gateXY,42,sq_seqnn_fast.py,gate__sat6__gateXY__seed42,--dataset sat6 --frontend-mode shapelet --gate-type XY --measure-bases x --n-qubits 10 --cls-hidden 10 --shapelet-count 6 --shapelet-length 4 --shapelet-stats full6
41,gate,sat6,both,sat6__gateCRZ,42,sq_seqnn_fast.py,gate__sat6__gateCRZ__seed42,--dataset sat6 --frontend-mode shapelet --gate-type CRZ --measure-bases x --n-qubits 10 --cls-hidden 10 --shapelet-count 6 --shapelet-length 4 --shapelet-stats full6
42,gate,sat6,both,sat6__gateCRY,42,sq_seqnn_fast.py,gate__sat6__gateCRY__seed42,--dataset sat6 --frontend-mode shapelet --gate-type CRY --measure-bases x --n-qubits 10 --cls-hidden 10 --shapelet-count 6 --shapelet-length 4 --shapelet-stats full6
43,gate,sat6,both,sat6__gateYY,42,sq_seqnn_fast.py,gate__sat6__gateYY__seed42,--dataset sat6 --frontend-mode shapelet --gate-type YY --measure-bases x --n-qubits 10 --cls-hidden 10 --shapelet-count 6 --shapelet-length 4 --shapelet-stats full6
44,gate,so2sat,adaptive,so2sat_adaptive__gateZZ,42,sq_seqnn_fast.py,gate__so2sat_adaptive__gateZZ__seed42,--dataset so2sat --frontend-mode global --gate-type ZZ --measure-bases xyz --n-qubits 10 --cls-hidden 10
45,gate,so2sat,adaptive,so2sat_adaptive__gateCZ,42,sq_seqnn_fast.py,gate__so2sat_adaptive__gateCZ__seed42,--dataset so2sat --frontend-mode global --gate-type CZ --measure-bases xyz --n-qubits 10 --cls-hidden 10
46,gate,so2sat,adaptive,so2sat_adaptive__gateCX,42,sq_seqnn_fast.py,gate__so2sat_adaptive__gateCX__seed42,--dataset so2sat --frontend-mode global --gate-type CX --measure-bases xyz --n-qubits 10 --cls-hidden 10
47,gate,so2sat,adaptive,so2sat_adaptive__gateXY,42,sq_seqnn_fast.py,gate__so2sat_adaptive__gateXY__seed42,--dataset so2sat --frontend-mode global --gate-type XY --measure-bases xyz --n-qubits 10 --cls-hidden 10
48,gate,so2sat,adaptive,so2sat_adaptive__gateCRZ,42,sq_seqnn_fast.py,gate__so2sat_adaptive__gateCRZ__seed42,--dataset so2sat --frontend-mode global --gate-type CRZ --measure-bases xyz --n-qubits 10 --cls-hidden 10
49,gate,so2sat,adaptive,so2sat_adaptive__gateXX,42,sq_seqnn_fast.py,gate__so2sat_adaptive__gateXX__seed42,--dataset so2sat --frontend-mode global --gate-type XX --measure-bases xyz --n-qubits 10 --cls-hidden 10
50,gate,so2sat,adaptive,so2sat_adaptive__gateYY,42,sq_seqnn_fast.py,gate__so2sat_adaptive__gateYY__seed42,--dataset so2sat --frontend-mode global --gate-type YY --measure-bases xyz --n-qubits 10 --cls-hidden 10
51,gate,so2sat,shared,so2sat_shared__gateZZ,42,sq_seqnn_fast.py,gate__so2sat_shared__gateZZ__seed42,--dataset so2sat --frontend-mode shapelet --gate-type ZZ --measure-bases x --n-qubits 10 --cls-hidden 10 --shapelet-count 6 --shapelet-length 4 --shapelet-stats compact4
52,gate,so2sat,shared,so2sat_shared__gateCX,42,sq_seqnn_fast.py,gate__so2sat_shared__gateCX__seed42,--dataset so2sat --frontend-mode shapelet --gate-type CX --measure-bases x --n-qubits 10 --cls-hidden 10 --shapelet-count 6 --shapelet-length 4 --shapelet-stats compact4
53,gate,so2sat,shared,so2sat_shared__gateXY,42,sq_seqnn_fast.py,gate__so2sat_shared__gateXY__seed42,--dataset so2sat --frontend-mode shapelet --gate-type XY --measure-bases x --n-qubits 10 --cls-hidden 10 --shapelet-count 6 --shapelet-length 4 --shapelet-stats compact4
54,gate,so2sat,shared,so2sat_shared__gateCRZ,42,sq_seqnn_fast.py,gate__so2sat_shared__gateCRZ__seed42,--dataset so2sat --frontend-mode shapelet --gate-type CRZ --measure-bases x --n-qubits 10 --cls-hidden 10 --shapelet-count 6 --shapelet-length 4 --shapelet-stats compact4
55,gate,so2sat,shared,so2sat_shared__gateCRY,42,sq_seqnn_fast.py,gate__so2sat_shared__gateCRY__seed42,--dataset so2sat --frontend-mode shapelet --gate-type CRY --measure-bases x --n-qubits 10 --cls-hidden 10 --shapelet-count 6 --shapelet-length 4 --shapelet-stats compact4
56,gate,so2sat,shared,so2sat_shared__gateXX,42,sq_seqnn_fast.py,gate__so2sat_shared__gateXX__seed42,--dataset so2sat --frontend-mode shapelet --gate-type XX --measure-bases x --n-qubits 10 --cls-hidden 10 --shapelet-count 6 --shapelet-length 4 --shapelet-stats compact4
57,gate,so2sat,shared,so2sat_shared__gateYY,42,sq_seqnn_fast.py,gate__so2sat_shared__gateYY__seed42,--dataset so2sat --frontend-mode shapelet --gate-type YY --measure-bases x --n-qubits 10 --cls-hidden 10 --shapelet-count 6 --shapelet-length 4 --shapelet-stats compact4
58,basis,overhead,adaptive,overhead_adaptive__basisY,42,sq_seqnn_fast.py,basis__overhead_adaptive__basisY__seed42,--dataset overhead --overhead-mode seqnn5 --frontend-mode conv --gate-type CX --measure-bases y --n-qubits 8 --cls-hidden 10 --conv-width 4
59,basis,overhead,adaptive,overhead_adaptive__basisZ,42,sq_seqnn_fast.py,basis__overhead_adaptive__basisZ__seed42,--dataset overhead --overhead-mode seqnn5 --frontend-mode conv --gate-type CX --measure-bases z --n-qubits 8 --cls-hidden 10 --conv-width 4
60,basis,overhead,adaptive,overhead_adaptive__basisXYZ,42,sq_seqnn_fast.py,basis__overhead_adaptive__basisXYZ__seed42,--dataset overhead --overhead-mode seqnn5 --frontend-mode conv --gate-type CX --measure-bases xyz --n-qubits 8 --cls-hidden 10 --conv-width 4
61,basis,overhead,shared,overhead_shared__basisX,42,sq_seqnn_fast.py,basis__overhead_shared__basisX__seed42,--dataset overhead --overhead-mode seqnn5 --frontend-mode shapelet --gate-type XY --measure-bases x --n-qubits 10 --cls-hidden 10 --shapelet-count 6 --shapelet-length 1 --shapelet-stats compact4
62,basis,overhead,shared,overhead_shared__basisY,42,sq_seqnn_fast.py,basis__overhead_shared__basisY__seed42,--dataset overhead --overhead-mode seqnn5 --frontend-mode shapelet --gate-type XY --measure-bases y --n-qubits 10 --cls-hidden 10 --shapelet-count 6 --shapelet-length 1 --shapelet-stats compact4
63,basis,overhead,shared,overhead_shared__basisXYZ,42,sq_seqnn_fast.py,basis__overhead_shared__basisXYZ__seed42,--dataset overhead --overhead-mode seqnn5 --frontend-mode shapelet --gate-type XY --measure-bases xyz --n-qubits 10 --cls-hidden 10 --shapelet-count 6 --shapelet-length 1 --shapelet-stats compact4
64,basis,sat6,both,sat6__basisY,42,sq_seqnn_fast.py,basis__sat6__basisY__seed42,--dataset sat6 --frontend-mode shapelet --gate-type XX --measure-bases y --n-qubits 10 --cls-hidden 10 --shapelet-count 6 --shapelet-length 4 --shapelet-stats full6
65,basis,sat6,both,sat6__basisZ,42,sq_seqnn_fast.py,basis__sat6__basisZ__seed42,--dataset sat6 --frontend-mode shapelet --gate-type XX --measure-bases z --n-qubits 10 --cls-hidden 10 --shapelet-count 6 --shapelet-length 4 --shapelet-stats full6
66,basis,sat6,both,sat6__basisXYZ,42,sq_seqnn_fast.py,basis__sat6__basisXYZ__seed42,--dataset sat6 --frontend-mode shapelet --gate-type XX --measure-bases xyz --n-qubits 10 --cls-hidden 10 --shapelet-count 6 --shapelet-length 4 --shapelet-stats full6
67,basis,so2sat,adaptive,so2sat_adaptive__basisX,42,sq_seqnn_fast.py,basis__so2sat_adaptive__basisX__seed42,--dataset so2sat --frontend-mode global --gate-type CRY --measure-bases x --n-qubits 10 --cls-hidden 10
68,basis,so2sat,adaptive,so2sat_adaptive__basisY,42,sq_seqnn_fast.py,basis__so2sat_adaptive__basisY__seed42,--dataset so2sat --frontend-mode global --gate-type CRY --measure-bases y --n-qubits 10 --cls-hidden 10
69,basis,so2sat,adaptive,so2sat_adaptive__basisZ,42,sq_seqnn_fast.py,basis__so2sat_adaptive__basisZ__seed42,--dataset so2sat --frontend-mode global --gate-type CRY --measure-bases z --n-qubits 10 --cls-hidden 10
70,basis,so2sat,shared,so2sat_shared__basisY,42,sq_seqnn_fast.py,basis__so2sat_shared__basisY__seed42,--dataset so2sat --frontend-mode shapelet --gate-type CZ --measure-bases y --n-qubits 10 --cls-hidden 10 --shapelet-count 6 --shapelet-length 4 --shapelet-stats compact4
71,basis,so2sat,shared,so2sat_shared__basisZ,42,sq_seqnn_fast.py,basis__so2sat_shared__basisZ__seed42,--dataset so2sat --frontend-mode shapelet --gate-type CZ --measure-bases z --n-qubits 10 --cls-hidden 10 --shapelet-count 6 --shapelet-length 4 --shapelet-stats compact4
72,basis,so2sat,shared,so2sat_shared__basisXYZ,42,sq_seqnn_fast.py,basis__so2sat_shared__basisXYZ__seed42,--dataset so2sat --frontend-mode shapelet --gate-type CZ --measure-bases xyz --n-qubits 10 --cls-hidden 10 --shapelet-count 6 --shapelet-length 4 --shapelet-stats compact4
73,fusion,overhead,adaptive,overhead_adaptive__quantum_only,42,sq_seqnn_fast.py,fusion__overhead_adaptive__quantum_only__seed42,--dataset overhead --overhead-mode seqnn5 --frontend-mode conv --gate-type CX --measure-bases x --n-qubits 8 --cls-hidden 10 --conv-width 4 --ablation quantum_only
74,fusion,overhead,shared,overhead_shared__quantum_only,42,sq_seqnn_fast.py,fusion__overhead_shared__quantum_only__seed42,--dataset overhead --overhead-mode seqnn5 --frontend-mode shapelet --gate-type XY --measure-bases z --n-qubits 10 --cls-hidden 10 --shapelet-count 6 --shapelet-length 1 --shapelet-stats compact4 --ablation quantum_only
75,fusion,sat6,both,sat6__quantum_only,42,sq_seqnn_fast.py,fusion__sat6__quantum_only__seed42,--dataset sat6 --frontend-mode shapelet --gate-type XX --measure-bases x --n-qubits 10 --cls-hidden 10 --shapelet-count 6 --shapelet-length 4 --shapelet-stats full6 --ablation quantum_only
76,fusion,so2sat,adaptive,so2sat_adaptive__quantum_only,42,sq_seqnn_fast.py,fusion__so2sat_adaptive__quantum_only__seed42,--dataset so2sat --frontend-mode global --gate-type CRY --measure-bases xyz --n-qubits 10 --cls-hidden 10 --ablation quantum_only
77,fusion,so2sat,shared,so2sat_shared__quantum_only,42,sq_seqnn_fast.py,fusion__so2sat_shared__quantum_only__seed42,--dataset so2sat --frontend-mode shapelet --gate-type CZ --measure-bases x --n-qubits 10 --cls-hidden 10 --shapelet-count 6 --shapelet-length 4 --shapelet-stats compact4 --ablation quantum_only
78,schedule,overhead,adaptive,overhead_adaptive__sharedLR,42,sq_seqnn_fast.py,schedule__overhead_adaptive__sharedLR__seed42,--dataset overhead --overhead-mode seqnn5 --frontend-mode conv --gate-type CX --measure-bases x --n-qubits 8 --cls-hidden 10 --conv-width 4 --lr-q-factor 1.0
79,schedule,overhead,shared,overhead_shared__sharedLR,42,sq_seqnn_fast.py,schedule__overhead_shared__sharedLR__seed42,--dataset overhead --overhead-mode seqnn5 --frontend-mode shapelet --gate-type XY --measure-bases z --n-qubits 10 --cls-hidden 10 --shapelet-count 6 --shapelet-length 1 --shapelet-stats compact4 --lr-q-factor 1.0
80,schedule,sat6,both,sat6__sharedLR,42,sq_seqnn_fast.py,schedule__sat6__sharedLR__seed42,--dataset sat6 --frontend-mode shapelet --gate-type XX --measure-bases x --n-qubits 10 --cls-hidden 10 --shapelet-count 6 --shapelet-length 4 --shapelet-stats full6 --lr-q-factor 1.0
81,schedule,so2sat,adaptive,so2sat_adaptive__sharedLR,42,sq_seqnn_fast.py,schedule__so2sat_adaptive__sharedLR__seed42,--dataset so2sat --frontend-mode global --gate-type CRY --measure-bases xyz --n-qubits 10 --cls-hidden 10 --lr-q-factor 1.0
82,schedule,so2sat,shared,so2sat_shared__sharedLR,42,sq_seqnn_fast.py,schedule__so2sat_shared__sharedLR__seed42,--dataset so2sat --frontend-mode shapelet --gate-type CZ --measure-bases x --n-qubits 10 --cls-hidden 10 --shapelet-count 6 --shapelet-length 4 --shapelet-stats compact4 --lr-q-factor 1.0
83,sens_nq,overhead,adaptive,overhead_adaptive__nq10,42,sq_seqnn_fast.py,sens_nq__overhead_adaptive__nq10__seed42,--dataset overhead --overhead-mode seqnn5 --frontend-mode conv --gate-type CX --measure-bases x --n-qubits 10 --cls-hidden 10 --conv-width 4
84,sens_nq,overhead,adaptive,overhead_adaptive__nq12,42,sq_seqnn_fast.py,sens_nq__overhead_adaptive__nq12__seed42,--dataset overhead --overhead-mode seqnn5 --frontend-mode conv --gate-type CX --measure-bases x --n-qubits 12 --cls-hidden 10 --conv-width 4
85,sens_R,overhead,adaptive,overhead_adaptive__R1,42,sq_seqnn_fast.py,sens_R__overhead_adaptive__R1__seed42,--dataset overhead --overhead-mode seqnn5 --frontend-mode conv --gate-type CX --measure-bases x --n-qubits 8 --cls-hidden 10 --conv-width 4 --n-reupload 1
86,sens_R,overhead,adaptive,overhead_adaptive__R3,42,sq_seqnn_fast.py,sens_R__overhead_adaptive__R3__seed42,--dataset overhead --overhead-mode seqnn5 --frontend-mode conv --gate-type CX --measure-bases x --n-qubits 8 --cls-hidden 10 --conv-width 4 --n-reupload 3
87,sens_R,overhead,shared,overhead_shared__R1,42,sq_seqnn_fast.py,sens_R__overhead_shared__R1__seed42,--dataset overhead --overhead-mode seqnn5 --frontend-mode shapelet --gate-type XY --measure-bases z --n-qubits 10 --cls-hidden 10 --shapelet-count 6 --shapelet-length 1 --shapelet-stats compact4 --n-reupload 1
88,sens_R,overhead,shared,overhead_shared__R3,42,sq_seqnn_fast.py,sens_R__overhead_shared__R3__seed42,--dataset overhead --overhead-mode seqnn5 --frontend-mode shapelet --gate-type XY --measure-bases z --n-qubits 10 --cls-hidden 10 --shapelet-count 6 --shapelet-length 1 --shapelet-stats compact4 --n-reupload 3
89,sens_R,sat6,both,sat6__R1,42,sq_seqnn_fast.py,sens_R__sat6__R1__seed42,--dataset sat6 --frontend-mode shapelet --gate-type XX --measure-bases x --n-qubits 10 --cls-hidden 10 --shapelet-count 6 --shapelet-length 4 --shapelet-stats full6 --n-reupload 1
90,sens_R,sat6,both,sat6__R3,42,sq_seqnn_fast.py,sens_R__sat6__R3__seed42,--dataset sat6 --frontend-mode shapelet --gate-type XX --measure-bases x --n-qubits 10 --cls-hidden 10 --shapelet-count 6 --shapelet-length 4 --shapelet-stats full6 --n-reupload 3
91,sens_R,so2sat,adaptive,so2sat_adaptive__R1,42,sq_seqnn_fast.py,sens_R__so2sat_adaptive__R1__seed42,--dataset so2sat --frontend-mode global --gate-type CRY --measure-bases xyz --n-qubits 10 --cls-hidden 10 --n-reupload 1
92,sens_R,so2sat,adaptive,so2sat_adaptive__R3,42,sq_seqnn_fast.py,sens_R__so2sat_adaptive__R3__seed42,--dataset so2sat --frontend-mode global --gate-type CRY --measure-bases xyz --n-qubits 10 --cls-hidden 10 --n-reupload 3
93,sens_R,so2sat,shared,so2sat_shared__R1,42,sq_seqnn_fast.py,sens_R__so2sat_shared__R1__seed42,--dataset so2sat --frontend-mode shapelet --gate-type CZ --measure-bases x --n-qubits 10 --cls-hidden 10 --shapelet-count 6 --shapelet-length 4 --shapelet-stats compact4 --n-reupload 1
94,sens_R,so2sat,shared,so2sat_shared__R3,42,sq_seqnn_fast.py,sens_R__so2sat_shared__R3__seed42,--dataset so2sat --frontend-mode shapelet --gate-type CZ --measure-bases x --n-qubits 10 --cls-hidden 10 --shapelet-count 6 --shapelet-length 4 --shapelet-stats compact4 --n-reupload 3
95,sens_eps,overhead,adaptive,overhead_adaptive__eps0.00,42,sq_seqnn_fast.py,sens_eps__overhead_adaptive__eps0.00__seed42,--dataset overhead --overhead-mode seqnn5 --frontend-mode conv --gate-type CX --measure-bases x --n-qubits 8 --cls-hidden 10 --conv-width 4 --label-smooth 0.00
96,sens_eps,overhead,adaptive,overhead_adaptive__eps0.10,42,sq_seqnn_fast.py,sens_eps__overhead_adaptive__eps0.10__seed42,--dataset overhead --overhead-mode seqnn5 --frontend-mode conv --gate-type CX --measure-bases x --n-qubits 8 --cls-hidden 10 --conv-width 4 --label-smooth 0.10
97,sens_eps,overhead,shared,overhead_shared__eps0.00,42,sq_seqnn_fast.py,sens_eps__overhead_shared__eps0.00__seed42,--dataset overhead --overhead-mode seqnn5 --frontend-mode shapelet --gate-type XY --measure-bases z --n-qubits 10 --cls-hidden 10 --shapelet-count 6 --shapelet-length 1 --shapelet-stats compact4 --label-smooth 0.00
98,sens_eps,overhead,shared,overhead_shared__eps0.10,42,sq_seqnn_fast.py,sens_eps__overhead_shared__eps0.10__seed42,--dataset overhead --overhead-mode seqnn5 --frontend-mode shapelet --gate-type XY --measure-bases z --n-qubits 10 --cls-hidden 10 --shapelet-count 6 --shapelet-length 1 --shapelet-stats compact4 --label-smooth 0.10
99,sens_eps,sat6,both,sat6__eps0.00,42,sq_seqnn_fast.py,sens_eps__sat6__eps0.00__seed42,--dataset sat6 --frontend-mode shapelet --gate-type XX --measure-bases x --n-qubits 10 --cls-hidden 10 --shapelet-count 6 --shapelet-length 4 --shapelet-stats full6 --label-smooth 0.00
100,sens_eps,sat6,both,sat6__eps0.10,42,sq_seqnn_fast.py,sens_eps__sat6__eps0.10__seed42,--dataset sat6 --frontend-mode shapelet --gate-type XX --measure-bases x --n-qubits 10 --cls-hidden 10 --shapelet-count 6 --shapelet-length 4 --shapelet-stats full6 --label-smooth 0.10
101,sens_eps,so2sat,adaptive,so2sat_adaptive__eps0.00,42,sq_seqnn_fast.py,sens_eps__so2sat_adaptive__eps0.00__seed42,--dataset so2sat --frontend-mode global --gate-type CRY --measure-bases xyz --n-qubits 10 --cls-hidden 10 --label-smooth 0.00
102,sens_eps,so2sat,adaptive,so2sat_adaptive__eps0.10,42,sq_seqnn_fast.py,sens_eps__so2sat_adaptive__eps0.10__seed42,--dataset so2sat --frontend-mode global --gate-type CRY --measure-bases xyz --n-qubits 10 --cls-hidden 10 --label-smooth 0.10
103,sens_eps,so2sat,shared,so2sat_shared__eps0.00,42,sq_seqnn_fast.py,sens_eps__so2sat_shared__eps0.00__seed42,--dataset so2sat --frontend-mode shapelet --gate-type CZ --measure-bases x --n-qubits 10 --cls-hidden 10 --shapelet-count 6 --shapelet-length 4 --shapelet-stats compact4 --label-smooth 0.00
104,sens_eps,so2sat,shared,so2sat_shared__eps0.10,42,sq_seqnn_fast.py,sens_eps__so2sat_shared__eps0.10__seed42,--dataset so2sat --frontend-mode shapelet --gate-type CZ --measure-bases x --n-qubits 10 --cls-hidden 10 --shapelet-count 6 --shapelet-length 4 --shapelet-stats compact4 --label-smooth 0.10
105,seqnn,overhead,w16,seqnn_w16_overhead,42,run_baselines.py,seqnn__seqnn_w16_overhead__seed42,--datasets overhead --baseline seqnn --seqnn-widths 16 --seeds 42
106,seqnn,overhead,w10,seqnn_w10_overhead,42,run_baselines.py,seqnn__seqnn_w10_overhead__seed42,--datasets overhead --baseline seqnn --seqnn-widths 10 --seeds 42
107,seqnn,sat6,w16,seqnn_w16_sat6,42,run_baselines.py,seqnn__seqnn_w16_sat6__seed42,--datasets sat6 --baseline seqnn --seqnn-widths 16 --seeds 42
108,seqnn,sat6,w10,seqnn_w10_sat6,42,run_baselines.py,seqnn__seqnn_w10_sat6__seed42,--datasets sat6 --baseline seqnn --seqnn-widths 10 --seeds 42
109,seqnn,so2sat,w16,seqnn_w16_so2sat,42,run_baselines.py,seqnn__seqnn_w16_so2sat__seed42,--datasets so2sat --baseline seqnn --seqnn-widths 16 --seeds 42
110,seqnn,so2sat,w10,seqnn_w10_so2sat,42,run_baselines.py,seqnn__seqnn_w10_so2sat__seed42,--datasets so2sat --baseline seqnn --seqnn-widths 10 --seeds 42
111,qccnn,overhead,-,qccnn_overhead,42,run_baselines.py,qccnn__qccnn_overhead__seed42,--datasets overhead --baseline qccnn --seeds 42
112,qccnn,sat6,-,qccnn_sat6,42,run_baselines.py,qccnn__qccnn_sat6__seed42,--datasets sat6 --baseline qccnn --seeds 42
113,qccnn,so2sat,-,qccnn_so2sat,42,run_baselines.py,qccnn__qccnn_so2sat__seed42,--datasets so2sat --baseline qccnn --seeds 42
114,classical,overhead,resnet,resnet_overhead,42,heavy_baselines.py,classical__resnet_overhead__seed42,--dataset overhead --model resnet --runs 1 --seed 42 --epochs 80
115,classical,overhead,vgg,vgg_overhead,42,heavy_baselines.py,classical__vgg_overhead__seed42,--dataset overhead --model vgg --runs 1 --seed 42 --epochs 80
116,classical,overhead,densenet,densenet_overhead,42,heavy_baselines.py,classical__densenet_overhead__seed42,--dataset overhead --model densenet --runs 1 --seed 42 --epochs 80
117,classical,overhead,efficientnet,efficientnet_overhead,42,heavy_baselines.py,classical__efficientnet_overhead__seed42,--dataset overhead --model efficientnet --runs 1 --seed 42 --epochs 80
118,classical,overhead,vit,vit_overhead,42,heavy_baselines.py,classical__vit_overhead__seed42,--dataset overhead --model vit --runs 1 --seed 42 --epochs 80
119,classical,overhead,swin,swin_overhead,42,heavy_baselines.py,classical__swin_overhead__seed42,--dataset overhead --model swin --runs 1 --seed 42 --epochs 80
120,classical,sat6,resnet,resnet_sat6,42,heavy_baselines.py,classical__resnet_sat6__seed42,--dataset sat6 --model resnet --runs 1 --seed 42 --epochs 80
121,classical,sat6,vgg,vgg_sat6,42,heavy_baselines.py,classical__vgg_sat6__seed42,--dataset sat6 --model vgg --runs 1 --seed 42 --epochs 80
122,classical,sat6,densenet,densenet_sat6,42,heavy_baselines.py,classical__densenet_sat6__seed42,--dataset sat6 --model densenet --runs 1 --seed 42 --epochs 80
123,classical,sat6,efficientnet,efficientnet_sat6,42,heavy_baselines.py,classical__efficientnet_sat6__seed42,--dataset sat6 --model efficientnet --runs 1 --seed 42 --epochs 80
124,classical,sat6,vit,vit_sat6,42,heavy_baselines.py,classical__vit_sat6__seed42,--dataset sat6 --model vit --runs 1 --seed 42 --epochs 80
125,classical,sat6,swin,swin_sat6,42,heavy_baselines.py,classical__swin_sat6__seed42,--dataset sat6 --model swin --runs 1 --seed 42 --epochs 80
126,classical,so2sat,resnet,resnet_so2sat,42,heavy_baselines.py,classical__resnet_so2sat__seed42,--dataset so2sat --model resnet --runs 1 --seed 42 --epochs 80
127,classical,so2sat,vgg,vgg_so2sat,42,heavy_baselines.py,classical__vgg_so2sat__seed42,--dataset so2sat --model vgg --runs 1 --seed 42 --epochs 80
128,classical,so2sat,densenet,densenet_so2sat,42,heavy_baselines.py,classical__densenet_so2sat__seed42,--dataset so2sat --model densenet --runs 1 --seed 42 --epochs 80
129,classical,so2sat,efficientnet,efficientnet_so2sat,42,heavy_baselines.py,classical__efficientnet_so2sat__seed42,--dataset so2sat --model efficientnet --runs 1 --seed 42 --epochs 80
130,classical,so2sat,vit,vit_so2sat,42,heavy_baselines.py,classical__vit_so2sat__seed42,--dataset so2sat --model vit --runs 1 --seed 42 --epochs 80
131,classical,so2sat,swin,swin_so2sat,42,heavy_baselines.py,classical__swin_so2sat__seed42,--dataset so2sat --model swin --runs 1 --seed 42 --epochs 80
132,main,overhead,adaptive,overhead_adaptive,43,sq_seqnn_fast.py,main__overhead_adaptive__seed43,--dataset overhead --overhead-mode seqnn5 --frontend-mode conv --gate-type CX --measure-bases x --n-qubits 8 --cls-hidden 10 --conv-width 4 --ablation none
133,main,overhead,shared,overhead_shared,43,sq_seqnn_fast.py,main__overhead_shared__seed43,--dataset overhead --overhead-mode seqnn5 --frontend-mode shapelet --gate-type XY --measure-bases z --n-qubits 10 --cls-hidden 10 --shapelet-count 6 --shapelet-length 1 --shapelet-stats compact4 --ablation none
134,main,sat6,both,sat6,43,sq_seqnn_fast.py,main__sat6__seed43,--dataset sat6 --frontend-mode shapelet --gate-type XX --measure-bases x --n-qubits 10 --cls-hidden 10 --shapelet-count 6 --shapelet-length 4 --shapelet-stats full6 --ablation none
135,main,so2sat,adaptive,so2sat_adaptive,43,sq_seqnn_fast.py,main__so2sat_adaptive__seed43,--dataset so2sat --frontend-mode global --gate-type CRY --measure-bases xyz --n-qubits 10 --cls-hidden 10 --ablation none
136,main,so2sat,shared,so2sat_shared,43,sq_seqnn_fast.py,main__so2sat_shared__seed43,--dataset so2sat --frontend-mode shapelet --gate-type CZ --measure-bases x --n-qubits 10 --cls-hidden 10 --shapelet-count 6 --shapelet-length 4 --shapelet-stats compact4 --ablation none
137,isolation,overhead,adaptive,overhead_adaptive__classical_only,43,sq_seqnn_fast.py,isolation__overhead_adaptive__classical_only__seed43,--dataset overhead --overhead-mode seqnn5 --frontend-mode conv --gate-type CX --measure-bases x --n-qubits 8 --cls-hidden 10 --conv-width 4 --ablation classical_only
138,isolation,overhead,adaptive,overhead_adaptive__mlp_replace,43,sq_seqnn_fast.py,isolation__overhead_adaptive__mlp_replace__seed43,--dataset overhead --overhead-mode seqnn5 --frontend-mode conv --gate-type CX --measure-bases x --n-qubits 8 --cls-hidden 10 --conv-width 4 --ablation mlp_replace
139,isolation,overhead,adaptive,overhead_adaptive__frozen_quantum,43,sq_seqnn_fast.py,isolation__overhead_adaptive__frozen_quantum__seed43,--dataset overhead --overhead-mode seqnn5 --frontend-mode conv --gate-type CX --measure-bases x --n-qubits 8 --cls-hidden 10 --conv-width 4 --ablation frozen_quantum
140,isolation,overhead,adaptive,overhead_adaptive__no_iqp,43,sq_seqnn_fast.py,isolation__overhead_adaptive__no_iqp__seed43,--dataset overhead --overhead-mode seqnn5 --frontend-mode conv --gate-type CX --measure-bases x --n-qubits 8 --cls-hidden 10 --conv-width 4 --ablation no_iqp
141,isolation,overhead,adaptive,overhead_adaptive__no_reupload,43,sq_seqnn_fast.py,isolation__overhead_adaptive__no_reupload__seed43,--dataset overhead --overhead-mode seqnn5 --frontend-mode conv --gate-type CX --measure-bases x --n-qubits 8 --cls-hidden 10 --conv-width 4 --ablation no_reupload
142,isolation,overhead,adaptive,overhead_adaptive__fixed_z,43,sq_seqnn_fast.py,isolation__overhead_adaptive__fixed_z__seed43,--dataset overhead --overhead-mode seqnn5 --frontend-mode conv --gate-type CX --measure-bases x --n-qubits 8 --cls-hidden 10 --conv-width 4 --ablation fixed_z
143,isolation,sat6,both,sat6__classical_only,43,sq_seqnn_fast.py,isolation__sat6__classical_only__seed43,--dataset sat6 --frontend-mode shapelet --gate-type XX --measure-bases x --n-qubits 10 --cls-hidden 10 --shapelet-count 6 --shapelet-length 4 --shapelet-stats full6 --ablation classical_only
144,isolation,sat6,both,sat6__mlp_replace,43,sq_seqnn_fast.py,isolation__sat6__mlp_replace__seed43,--dataset sat6 --frontend-mode shapelet --gate-type XX --measure-bases x --n-qubits 10 --cls-hidden 10 --shapelet-count 6 --shapelet-length 4 --shapelet-stats full6 --ablation mlp_replace
145,isolation,sat6,both,sat6__frozen_quantum,43,sq_seqnn_fast.py,isolation__sat6__frozen_quantum__seed43,--dataset sat6 --frontend-mode shapelet --gate-type XX --measure-bases x --n-qubits 10 --cls-hidden 10 --shapelet-count 6 --shapelet-length 4 --shapelet-stats full6 --ablation frozen_quantum
146,isolation,sat6,both,sat6__no_iqp,43,sq_seqnn_fast.py,isolation__sat6__no_iqp__seed43,--dataset sat6 --frontend-mode shapelet --gate-type XX --measure-bases x --n-qubits 10 --cls-hidden 10 --shapelet-count 6 --shapelet-length 4 --shapelet-stats full6 --ablation no_iqp
147,isolation,sat6,both,sat6__no_reupload,43,sq_seqnn_fast.py,isolation__sat6__no_reupload__seed43,--dataset sat6 --frontend-mode shapelet --gate-type XX --measure-bases x --n-qubits 10 --cls-hidden 10 --shapelet-count 6 --shapelet-length 4 --shapelet-stats full6 --ablation no_reupload
148,isolation,sat6,both,sat6__fixed_z,43,sq_seqnn_fast.py,isolation__sat6__fixed_z__seed43,--dataset sat6 --frontend-mode shapelet --gate-type XX --measure-bases x --n-qubits 10 --cls-hidden 10 --shapelet-count 6 --shapelet-length 4 --shapelet-stats full6 --ablation fixed_z
149,isolation,so2sat,adaptive,so2sat_adaptive__classical_only,43,sq_seqnn_fast.py,isolation__so2sat_adaptive__classical_only__seed43,--dataset so2sat --frontend-mode global --gate-type CRY --measure-bases xyz --n-qubits 10 --cls-hidden 10 --ablation classical_only
150,isolation,so2sat,adaptive,so2sat_adaptive__mlp_replace,43,sq_seqnn_fast.py,isolation__so2sat_adaptive__mlp_replace__seed43,--dataset so2sat --frontend-mode global --gate-type CRY --measure-bases xyz --n-qubits 10 --cls-hidden 10 --ablation mlp_replace
151,isolation,so2sat,adaptive,so2sat_adaptive__frozen_quantum,43,sq_seqnn_fast.py,isolation__so2sat_adaptive__frozen_quantum__seed43,--dataset so2sat --frontend-mode global --gate-type CRY --measure-bases xyz --n-qubits 10 --cls-hidden 10 --ablation frozen_quantum
152,isolation,so2sat,adaptive,so2sat_adaptive__no_iqp,43,sq_seqnn_fast.py,isolation__so2sat_adaptive__no_iqp__seed43,--dataset so2sat --frontend-mode global --gate-type CRY --measure-bases xyz --n-qubits 10 --cls-hidden 10 --ablation no_iqp
153,isolation,so2sat,adaptive,so2sat_adaptive__no_reupload,43,sq_seqnn_fast.py,isolation__so2sat_adaptive__no_reupload__seed43,--dataset so2sat --frontend-mode global --gate-type CRY --measure-bases xyz --n-qubits 10 --cls-hidden 10 --ablation no_reupload
154,isolation,so2sat,adaptive,so2sat_adaptive__fixed_z,43,sq_seqnn_fast.py,isolation__so2sat_adaptive__fixed_z__seed43,--dataset so2sat --frontend-mode global --gate-type CRY --measure-bases xyz --n-qubits 10 --cls-hidden 10 --ablation fixed_z
155,gate,overhead,adaptive,overhead_adaptive__gateZZ,43,sq_seqnn_fast.py,gate__overhead_adaptive__gateZZ__seed43,--dataset overhead --overhead-mode seqnn5 --frontend-mode conv --gate-type ZZ --measure-bases x --n-qubits 8 --cls-hidden 10 --conv-width 4
156,gate,overhead,adaptive,overhead_adaptive__gateCZ,43,sq_seqnn_fast.py,gate__overhead_adaptive__gateCZ__seed43,--dataset overhead --overhead-mode seqnn5 --frontend-mode conv --gate-type CZ --measure-bases x --n-qubits 8 --cls-hidden 10 --conv-width 4
157,gate,overhead,adaptive,overhead_adaptive__gateXY,43,sq_seqnn_fast.py,gate__overhead_adaptive__gateXY__seed43,--dataset overhead --overhead-mode seqnn5 --frontend-mode conv --gate-type XY --measure-bases x --n-qubits 8 --cls-hidden 10 --conv-width 4
158,gate,overhead,adaptive,overhead_adaptive__gateCRZ,43,sq_seqnn_fast.py,gate__overhead_adaptive__gateCRZ__seed43,--dataset overhead --overhead-mode seqnn5 --frontend-mode conv --gate-type CRZ --measure-bases x --n-qubits 8 --cls-hidden 10 --conv-width 4
159,gate,overhead,adaptive,overhead_adaptive__gateCRY,43,sq_seqnn_fast.py,gate__overhead_adaptive__gateCRY__seed43,--dataset overhead --overhead-mode seqnn5 --frontend-mode conv --gate-type CRY --measure-bases x --n-qubits 8 --cls-hidden 10 --conv-width 4
160,gate,overhead,adaptive,overhead_adaptive__gateXX,43,sq_seqnn_fast.py,gate__overhead_adaptive__gateXX__seed43,--dataset overhead --overhead-mode seqnn5 --frontend-mode conv --gate-type XX --measure-bases x --n-qubits 8 --cls-hidden 10 --conv-width 4
161,gate,overhead,adaptive,overhead_adaptive__gateYY,43,sq_seqnn_fast.py,gate__overhead_adaptive__gateYY__seed43,--dataset overhead --overhead-mode seqnn5 --frontend-mode conv --gate-type YY --measure-bases x --n-qubits 8 --cls-hidden 10 --conv-width 4
162,gate,overhead,shared,overhead_shared__gateZZ,43,sq_seqnn_fast.py,gate__overhead_shared__gateZZ__seed43,--dataset overhead --overhead-mode seqnn5 --frontend-mode shapelet --gate-type ZZ --measure-bases z --n-qubits 10 --cls-hidden 10 --shapelet-count 6 --shapelet-length 1 --shapelet-stats compact4
163,gate,overhead,shared,overhead_shared__gateCZ,43,sq_seqnn_fast.py,gate__overhead_shared__gateCZ__seed43,--dataset overhead --overhead-mode seqnn5 --frontend-mode shapelet --gate-type CZ --measure-bases z --n-qubits 10 --cls-hidden 10 --shapelet-count 6 --shapelet-length 1 --shapelet-stats compact4
164,gate,overhead,shared,overhead_shared__gateCX,43,sq_seqnn_fast.py,gate__overhead_shared__gateCX__seed43,--dataset overhead --overhead-mode seqnn5 --frontend-mode shapelet --gate-type CX --measure-bases z --n-qubits 10 --cls-hidden 10 --shapelet-count 6 --shapelet-length 1 --shapelet-stats compact4
165,gate,overhead,shared,overhead_shared__gateCRZ,43,sq_seqnn_fast.py,gate__overhead_shared__gateCRZ__seed43,--dataset overhead --overhead-mode seqnn5 --frontend-mode shapelet --gate-type CRZ --measure-bases z --n-qubits 10 --cls-hidden 10 --shapelet-count 6 --shapelet-length 1 --shapelet-stats compact4
166,gate,overhead,shared,overhead_shared__gateCRY,43,sq_seqnn_fast.py,gate__overhead_shared__gateCRY__seed43,--dataset overhead --overhead-mode seqnn5 --frontend-mode shapelet --gate-type CRY --measure-bases z --n-qubits 10 --cls-hidden 10 --shapelet-count 6 --shapelet-length 1 --shapelet-stats compact4
167,gate,overhead,shared,overhead_shared__gateXX,43,sq_seqnn_fast.py,gate__overhead_shared__gateXX__seed43,--dataset overhead --overhead-mode seqnn5 --frontend-mode shapelet --gate-type XX --measure-bases z --n-qubits 10 --cls-hidden 10 --shapelet-count 6 --shapelet-length 1 --shapelet-stats compact4
168,gate,overhead,shared,overhead_shared__gateYY,43,sq_seqnn_fast.py,gate__overhead_shared__gateYY__seed43,--dataset overhead --overhead-mode seqnn5 --frontend-mode shapelet --gate-type YY --measure-bases z --n-qubits 10 --cls-hidden 10 --shapelet-count 6 --shapelet-length 1 --shapelet-stats compact4
169,gate,sat6,both,sat6__gateZZ,43,sq_seqnn_fast.py,gate__sat6__gateZZ__seed43,--dataset sat6 --frontend-mode shapelet --gate-type ZZ --measure-bases x --n-qubits 10 --cls-hidden 10 --shapelet-count 6 --shapelet-length 4 --shapelet-stats full6
170,gate,sat6,both,sat6__gateCZ,43,sq_seqnn_fast.py,gate__sat6__gateCZ__seed43,--dataset sat6 --frontend-mode shapelet --gate-type CZ --measure-bases x --n-qubits 10 --cls-hidden 10 --shapelet-count 6 --shapelet-length 4 --shapelet-stats full6
171,gate,sat6,both,sat6__gateCX,43,sq_seqnn_fast.py,gate__sat6__gateCX__seed43,--dataset sat6 --frontend-mode shapelet --gate-type CX --measure-bases x --n-qubits 10 --cls-hidden 10 --shapelet-count 6 --shapelet-length 4 --shapelet-stats full6
172,gate,sat6,both,sat6__gateXY,43,sq_seqnn_fast.py,gate__sat6__gateXY__seed43,--dataset sat6 --frontend-mode shapelet --gate-type XY --measure-bases x --n-qubits 10 --cls-hidden 10 --shapelet-count 6 --shapelet-length 4 --shapelet-stats full6
173,gate,sat6,both,sat6__gateCRZ,43,sq_seqnn_fast.py,gate__sat6__gateCRZ__seed43,--dataset sat6 --frontend-mode shapelet --gate-type CRZ --measure-bases x --n-qubits 10 --cls-hidden 10 --shapelet-count 6 --shapelet-length 4 --shapelet-stats full6
174,gate,sat6,both,sat6__gateCRY,43,sq_seqnn_fast.py,gate__sat6__gateCRY__seed43,--dataset sat6 --frontend-mode shapelet --gate-type CRY --measure-bases x --n-qubits 10 --cls-hidden 10 --shapelet-count 6 --shapelet-length 4 --shapelet-stats full6
175,gate,sat6,both,sat6__gateYY,43,sq_seqnn_fast.py,gate__sat6__gateYY__seed43,--dataset sat6 --frontend-mode shapelet --gate-type YY --measure-bases x --n-qubits 10 --cls-hidden 10 --shapelet-count 6 --shapelet-length 4 --shapelet-stats full6
176,gate,so2sat,adaptive,so2sat_adaptive__gateZZ,43,sq_seqnn_fast.py,gate__so2sat_adaptive__gateZZ__seed43,--dataset so2sat --frontend-mode global --gate-type ZZ --measure-bases xyz --n-qubits 10 --cls-hidden 10
177,gate,so2sat,adaptive,so2sat_adaptive__gateCZ,43,sq_seqnn_fast.py,gate__so2sat_adaptive__gateCZ__seed43,--dataset so2sat --frontend-mode global --gate-type CZ --measure-bases xyz --n-qubits 10 --cls-hidden 10
178,gate,so2sat,adaptive,so2sat_adaptive__gateCX,43,sq_seqnn_fast.py,gate__so2sat_adaptive__gateCX__seed43,--dataset so2sat --frontend-mode global --gate-type CX --measure-bases xyz --n-qubits 10 --cls-hidden 10
179,gate,so2sat,adaptive,so2sat_adaptive__gateXY,43,sq_seqnn_fast.py,gate__so2sat_adaptive__gateXY__seed43,--dataset so2sat --frontend-mode global --gate-type XY --measure-bases xyz --n-qubits 10 --cls-hidden 10
180,gate,so2sat,adaptive,so2sat_adaptive__gateCRZ,43,sq_seqnn_fast.py,gate__so2sat_adaptive__gateCRZ__seed43,--dataset so2sat --frontend-mode global --gate-type CRZ --measure-bases xyz --n-qubits 10 --cls-hidden 10
181,gate,so2sat,adaptive,so2sat_adaptive__gateXX,43,sq_seqnn_fast.py,gate__so2sat_adaptive__gateXX__seed43,--dataset so2sat --frontend-mode global --gate-type XX --measure-bases xyz --n-qubits 10 --cls-hidden 10
182,gate,so2sat,adaptive,so2sat_adaptive__gateYY,43,sq_seqnn_fast.py,gate__so2sat_adaptive__gateYY__seed43,--dataset so2sat --frontend-mode global --gate-type YY --measure-bases xyz --n-qubits 10 --cls-hidden 10
183,gate,so2sat,shared,so2sat_shared__gateZZ,43,sq_seqnn_fast.py,gate__so2sat_shared__gateZZ__seed43,--dataset so2sat --frontend-mode shapelet --gate-type ZZ --measure-bases x --n-qubits 10 --cls-hidden 10 --shapelet-count 6 --shapelet-length 4 --shapelet-stats compact4
184,gate,so2sat,shared,so2sat_shared__gateCX,43,sq_seqnn_fast.py,gate__so2sat_shared__gateCX__seed43,--dataset so2sat --frontend-mode shapelet --gate-type CX --measure-bases x --n-qubits 10 --cls-hidden 10 --shapelet-count 6 --shapelet-length 4 --shapelet-stats compact4
185,gate,so2sat,shared,so2sat_shared__gateXY,43,sq_seqnn_fast.py,gate__so2sat_shared__gateXY__seed43,--dataset so2sat --frontend-mode shapelet --gate-type XY --measure-bases x --n-qubits 10 --cls-hidden 10 --shapelet-count 6 --shapelet-length 4 --shapelet-stats compact4
186,gate,so2sat,shared,so2sat_shared__gateCRZ,43,sq_seqnn_fast.py,gate__so2sat_shared__gateCRZ__seed43,--dataset so2sat --frontend-mode shapelet --gate-type CRZ --measure-bases x --n-qubits 10 --cls-hidden 10 --shapelet-count 6 --shapelet-length 4 --shapelet-stats compact4
187,gate,so2sat,shared,so2sat_shared__gateCRY,43,sq_seqnn_fast.py,gate__so2sat_shared__gateCRY__seed43,--dataset so2sat --frontend-mode shapelet --gate-type CRY --measure-bases x --n-qubits 10 --cls-hidden 10 --shapelet-count 6 --shapelet-length 4 --shapelet-stats compact4
188,gate,so2sat,shared,so2sat_shared__gateXX,43,sq_seqnn_fast.py,gate__so2sat_shared__gateXX__seed43,--dataset so2sat --frontend-mode shapelet --gate-type XX --measure-bases x --n-qubits 10 --cls-hidden 10 --shapelet-count 6 --shapelet-length 4 --shapelet-stats compact4
189,gate,so2sat,shared,so2sat_shared__gateYY,43,sq_seqnn_fast.py,gate__so2sat_shared__gateYY__seed43,--dataset so2sat --frontend-mode shapelet --gate-type YY --measure-bases x --n-qubits 10 --cls-hidden 10 --shapelet-count 6 --shapelet-length 4 --shapelet-stats compact4
190,basis,overhead,adaptive,overhead_adaptive__basisY,43,sq_seqnn_fast.py,basis__overhead_adaptive__basisY__seed43,--dataset overhead --overhead-mode seqnn5 --frontend-mode conv --gate-type CX --measure-bases y --n-qubits 8 --cls-hidden 10 --conv-width 4
191,basis,overhead,adaptive,overhead_adaptive__basisZ,43,sq_seqnn_fast.py,basis__overhead_adaptive__basisZ__seed43,--dataset overhead --overhead-mode seqnn5 --frontend-mode conv --gate-type CX --measure-bases z --n-qubits 8 --cls-hidden 10 --conv-width 4
192,basis,overhead,adaptive,overhead_adaptive__basisXYZ,43,sq_seqnn_fast.py,basis__overhead_adaptive__basisXYZ__seed43,--dataset overhead --overhead-mode seqnn5 --frontend-mode conv --gate-type CX --measure-bases xyz --n-qubits 8 --cls-hidden 10 --conv-width 4
193,basis,overhead,shared,overhead_shared__basisX,43,sq_seqnn_fast.py,basis__overhead_shared__basisX__seed43,--dataset overhead --overhead-mode seqnn5 --frontend-mode shapelet --gate-type XY --measure-bases x --n-qubits 10 --cls-hidden 10 --shapelet-count 6 --shapelet-length 1 --shapelet-stats compact4
194,basis,overhead,shared,overhead_shared__basisY,43,sq_seqnn_fast.py,basis__overhead_shared__basisY__seed43,--dataset overhead --overhead-mode seqnn5 --frontend-mode shapelet --gate-type XY --measure-bases y --n-qubits 10 --cls-hidden 10 --shapelet-count 6 --shapelet-length 1 --shapelet-stats compact4
195,basis,overhead,shared,overhead_shared__basisXYZ,43,sq_seqnn_fast.py,basis__overhead_shared__basisXYZ__seed43,--dataset overhead --overhead-mode seqnn5 --frontend-mode shapelet --gate-type XY --measure-bases xyz --n-qubits 10 --cls-hidden 10 --shapelet-count 6 --shapelet-length 1 --shapelet-stats compact4
196,basis,sat6,both,sat6__basisY,43,sq_seqnn_fast.py,basis__sat6__basisY__seed43,--dataset sat6 --frontend-mode shapelet --gate-type XX --measure-bases y --n-qubits 10 --cls-hidden 10 --shapelet-count 6 --shapelet-length 4 --shapelet-stats full6
197,basis,sat6,both,sat6__basisZ,43,sq_seqnn_fast.py,basis__sat6__basisZ__seed43,--dataset sat6 --frontend-mode shapelet --gate-type XX --measure-bases z --n-qubits 10 --cls-hidden 10 --shapelet-count 6 --shapelet-length 4 --shapelet-stats full6
198,basis,sat6,both,sat6__basisXYZ,43,sq_seqnn_fast.py,basis__sat6__basisXYZ__seed43,--dataset sat6 --frontend-mode shapelet --gate-type XX --measure-bases xyz --n-qubits 10 --cls-hidden 10 --shapelet-count 6 --shapelet-length 4 --shapelet-stats full6
199,basis,so2sat,adaptive,so2sat_adaptive__basisX,43,sq_seqnn_fast.py,basis__so2sat_adaptive__basisX__seed43,--dataset so2sat --frontend-mode global --gate-type CRY --measure-bases x --n-qubits 10 --cls-hidden 10
200,basis,so2sat,adaptive,so2sat_adaptive__basisY,43,sq_seqnn_fast.py,basis__so2sat_adaptive__basisY__seed43,--dataset so2sat --frontend-mode global --gate-type CRY --measure-bases y --n-qubits 10 --cls-hidden 10
201,basis,so2sat,adaptive,so2sat_adaptive__basisZ,43,sq_seqnn_fast.py,basis__so2sat_adaptive__basisZ__seed43,--dataset so2sat --frontend-mode global --gate-type CRY --measure-bases z --n-qubits 10 --cls-hidden 10
202,basis,so2sat,shared,so2sat_shared__basisY,43,sq_seqnn_fast.py,basis__so2sat_shared__basisY__seed43,--dataset so2sat --frontend-mode shapelet --gate-type CZ --measure-bases y --n-qubits 10 --cls-hidden 10 --shapelet-count 6 --shapelet-length 4 --shapelet-stats compact4
203,basis,so2sat,shared,so2sat_shared__basisZ,43,sq_seqnn_fast.py,basis__so2sat_shared__basisZ__seed43,--dataset so2sat --frontend-mode shapelet --gate-type CZ --measure-bases z --n-qubits 10 --cls-hidden 10 --shapelet-count 6 --shapelet-length 4 --shapelet-stats compact4
204,basis,so2sat,shared,so2sat_shared__basisXYZ,43,sq_seqnn_fast.py,basis__so2sat_shared__basisXYZ__seed43,--dataset so2sat --frontend-mode shapelet --gate-type CZ --measure-bases xyz --n-qubits 10 --cls-hidden 10 --shapelet-count 6 --shapelet-length 4 --shapelet-stats compact4
205,fusion,overhead,adaptive,overhead_adaptive__quantum_only,43,sq_seqnn_fast.py,fusion__overhead_adaptive__quantum_only__seed43,--dataset overhead --overhead-mode seqnn5 --frontend-mode conv --gate-type CX --measure-bases x --n-qubits 8 --cls-hidden 10 --conv-width 4 --ablation quantum_only
206,fusion,overhead,shared,overhead_shared__quantum_only,43,sq_seqnn_fast.py,fusion__overhead_shared__quantum_only__seed43,--dataset overhead --overhead-mode seqnn5 --frontend-mode shapelet --gate-type XY --measure-bases z --n-qubits 10 --cls-hidden 10 --shapelet-count 6 --shapelet-length 1 --shapelet-stats compact4 --ablation quantum_only
207,fusion,sat6,both,sat6__quantum_only,43,sq_seqnn_fast.py,fusion__sat6__quantum_only__seed43,--dataset sat6 --frontend-mode shapelet --gate-type XX --measure-bases x --n-qubits 10 --cls-hidden 10 --shapelet-count 6 --shapelet-length 4 --shapelet-stats full6 --ablation quantum_only
208,fusion,so2sat,adaptive,so2sat_adaptive__quantum_only,43,sq_seqnn_fast.py,fusion__so2sat_adaptive__quantum_only__seed43,--dataset so2sat --frontend-mode global --gate-type CRY --measure-bases xyz --n-qubits 10 --cls-hidden 10 --ablation quantum_only
209,fusion,so2sat,shared,so2sat_shared__quantum_only,43,sq_seqnn_fast.py,fusion__so2sat_shared__quantum_only__seed43,--dataset so2sat --frontend-mode shapelet --gate-type CZ --measure-bases x --n-qubits 10 --cls-hidden 10 --shapelet-count 6 --shapelet-length 4 --shapelet-stats compact4 --ablation quantum_only
210,schedule,overhead,adaptive,overhead_adaptive__sharedLR,43,sq_seqnn_fast.py,schedule__overhead_adaptive__sharedLR__seed43,--dataset overhead --overhead-mode seqnn5 --frontend-mode conv --gate-type CX --measure-bases x --n-qubits 8 --cls-hidden 10 --conv-width 4 --lr-q-factor 1.0
211,schedule,overhead,shared,overhead_shared__sharedLR,43,sq_seqnn_fast.py,schedule__overhead_shared__sharedLR__seed43,--dataset overhead --overhead-mode seqnn5 --frontend-mode shapelet --gate-type XY --measure-bases z --n-qubits 10 --cls-hidden 10 --shapelet-count 6 --shapelet-length 1 --shapelet-stats compact4 --lr-q-factor 1.0
212,schedule,sat6,both,sat6__sharedLR,43,sq_seqnn_fast.py,schedule__sat6__sharedLR__seed43,--dataset sat6 --frontend-mode shapelet --gate-type XX --measure-bases x --n-qubits 10 --cls-hidden 10 --shapelet-count 6 --shapelet-length 4 --shapelet-stats full6 --lr-q-factor 1.0
213,schedule,so2sat,adaptive,so2sat_adaptive__sharedLR,43,sq_seqnn_fast.py,schedule__so2sat_adaptive__sharedLR__seed43,--dataset so2sat --frontend-mode global --gate-type CRY --measure-bases xyz --n-qubits 10 --cls-hidden 10 --lr-q-factor 1.0
214,schedule,so2sat,shared,so2sat_shared__sharedLR,43,sq_seqnn_fast.py,schedule__so2sat_shared__sharedLR__seed43,--dataset so2sat --frontend-mode shapelet --gate-type CZ --measure-bases x --n-qubits 10 --cls-hidden 10 --shapelet-count 6 --shapelet-length 4 --shapelet-stats compact4 --lr-q-factor 1.0
215,sens_nq,overhead,adaptive,overhead_adaptive__nq10,43,sq_seqnn_fast.py,sens_nq__overhead_adaptive__nq10__seed43,--dataset overhead --overhead-mode seqnn5 --frontend-mode conv --gate-type CX --measure-bases x --n-qubits 10 --cls-hidden 10 --conv-width 4
216,sens_nq,overhead,adaptive,overhead_adaptive__nq12,43,sq_seqnn_fast.py,sens_nq__overhead_adaptive__nq12__seed43,--dataset overhead --overhead-mode seqnn5 --frontend-mode conv --gate-type CX --measure-bases x --n-qubits 12 --cls-hidden 10 --conv-width 4
217,sens_R,overhead,adaptive,overhead_adaptive__R1,43,sq_seqnn_fast.py,sens_R__overhead_adaptive__R1__seed43,--dataset overhead --overhead-mode seqnn5 --frontend-mode conv --gate-type CX --measure-bases x --n-qubits 8 --cls-hidden 10 --conv-width 4 --n-reupload 1
218,sens_R,overhead,adaptive,overhead_adaptive__R3,43,sq_seqnn_fast.py,sens_R__overhead_adaptive__R3__seed43,--dataset overhead --overhead-mode seqnn5 --frontend-mode conv --gate-type CX --measure-bases x --n-qubits 8 --cls-hidden 10 --conv-width 4 --n-reupload 3
219,sens_R,overhead,shared,overhead_shared__R1,43,sq_seqnn_fast.py,sens_R__overhead_shared__R1__seed43,--dataset overhead --overhead-mode seqnn5 --frontend-mode shapelet --gate-type XY --measure-bases z --n-qubits 10 --cls-hidden 10 --shapelet-count 6 --shapelet-length 1 --shapelet-stats compact4 --n-reupload 1
220,sens_R,overhead,shared,overhead_shared__R3,43,sq_seqnn_fast.py,sens_R__overhead_shared__R3__seed43,--dataset overhead --overhead-mode seqnn5 --frontend-mode shapelet --gate-type XY --measure-bases z --n-qubits 10 --cls-hidden 10 --shapelet-count 6 --shapelet-length 1 --shapelet-stats compact4 --n-reupload 3
221,sens_R,sat6,both,sat6__R1,43,sq_seqnn_fast.py,sens_R__sat6__R1__seed43,--dataset sat6 --frontend-mode shapelet --gate-type XX --measure-bases x --n-qubits 10 --cls-hidden 10 --shapelet-count 6 --shapelet-length 4 --shapelet-stats full6 --n-reupload 1
222,sens_R,sat6,both,sat6__R3,43,sq_seqnn_fast.py,sens_R__sat6__R3__seed43,--dataset sat6 --frontend-mode shapelet --gate-type XX --measure-bases x --n-qubits 10 --cls-hidden 10 --shapelet-count 6 --shapelet-length 4 --shapelet-stats full6 --n-reupload 3
223,sens_R,so2sat,adaptive,so2sat_adaptive__R1,43,sq_seqnn_fast.py,sens_R__so2sat_adaptive__R1__seed43,--dataset so2sat --frontend-mode global --gate-type CRY --measure-bases xyz --n-qubits 10 --cls-hidden 10 --n-reupload 1
224,sens_R,so2sat,adaptive,so2sat_adaptive__R3,43,sq_seqnn_fast.py,sens_R__so2sat_adaptive__R3__seed43,--dataset so2sat --frontend-mode global --gate-type CRY --measure-bases xyz --n-qubits 10 --cls-hidden 10 --n-reupload 3
225,sens_R,so2sat,shared,so2sat_shared__R1,43,sq_seqnn_fast.py,sens_R__so2sat_shared__R1__seed43,--dataset so2sat --frontend-mode shapelet --gate-type CZ --measure-bases x --n-qubits 10 --cls-hidden 10 --shapelet-count 6 --shapelet-length 4 --shapelet-stats compact4 --n-reupload 1
226,sens_R,so2sat,shared,so2sat_shared__R3,43,sq_seqnn_fast.py,sens_R__so2sat_shared__R3__seed43,--dataset so2sat --frontend-mode shapelet --gate-type CZ --measure-bases x --n-qubits 10 --cls-hidden 10 --shapelet-count 6 --shapelet-length 4 --shapelet-stats compact4 --n-reupload 3
227,sens_eps,overhead,adaptive,overhead_adaptive__eps0.00,43,sq_seqnn_fast.py,sens_eps__overhead_adaptive__eps0.00__seed43,--dataset overhead --overhead-mode seqnn5 --frontend-mode conv --gate-type CX --measure-bases x --n-qubits 8 --cls-hidden 10 --conv-width 4 --label-smooth 0.00
228,sens_eps,overhead,adaptive,overhead_adaptive__eps0.10,43,sq_seqnn_fast.py,sens_eps__overhead_adaptive__eps0.10__seed43,--dataset overhead --overhead-mode seqnn5 --frontend-mode conv --gate-type CX --measure-bases x --n-qubits 8 --cls-hidden 10 --conv-width 4 --label-smooth 0.10
229,sens_eps,overhead,shared,overhead_shared__eps0.00,43,sq_seqnn_fast.py,sens_eps__overhead_shared__eps0.00__seed43,--dataset overhead --overhead-mode seqnn5 --frontend-mode shapelet --gate-type XY --measure-bases z --n-qubits 10 --cls-hidden 10 --shapelet-count 6 --shapelet-length 1 --shapelet-stats compact4 --label-smooth 0.00
230,sens_eps,overhead,shared,overhead_shared__eps0.10,43,sq_seqnn_fast.py,sens_eps__overhead_shared__eps0.10__seed43,--dataset overhead --overhead-mode seqnn5 --frontend-mode shapelet --gate-type XY --measure-bases z --n-qubits 10 --cls-hidden 10 --shapelet-count 6 --shapelet-length 1 --shapelet-stats compact4 --label-smooth 0.10
231,sens_eps,sat6,both,sat6__eps0.00,43,sq_seqnn_fast.py,sens_eps__sat6__eps0.00__seed43,--dataset sat6 --frontend-mode shapelet --gate-type XX --measure-bases x --n-qubits 10 --cls-hidden 10 --shapelet-count 6 --shapelet-length 4 --shapelet-stats full6 --label-smooth 0.00
232,sens_eps,sat6,both,sat6__eps0.10,43,sq_seqnn_fast.py,sens_eps__sat6__eps0.10__seed43,--dataset sat6 --frontend-mode shapelet --gate-type XX --measure-bases x --n-qubits 10 --cls-hidden 10 --shapelet-count 6 --shapelet-length 4 --shapelet-stats full6 --label-smooth 0.10
233,sens_eps,so2sat,adaptive,so2sat_adaptive__eps0.00,43,sq_seqnn_fast.py,sens_eps__so2sat_adaptive__eps0.00__seed43,--dataset so2sat --frontend-mode global --gate-type CRY --measure-bases xyz --n-qubits 10 --cls-hidden 10 --label-smooth 0.00
234,sens_eps,so2sat,adaptive,so2sat_adaptive__eps0.10,43,sq_seqnn_fast.py,sens_eps__so2sat_adaptive__eps0.10__seed43,--dataset so2sat --frontend-mode global --gate-type CRY --measure-bases xyz --n-qubits 10 --cls-hidden 10 --label-smooth 0.10
235,sens_eps,so2sat,shared,so2sat_shared__eps0.00,43,sq_seqnn_fast.py,sens_eps__so2sat_shared__eps0.00__seed43,--dataset so2sat --frontend-mode shapelet --gate-type CZ --measure-bases x --n-qubits 10 --cls-hidden 10 --shapelet-count 6 --shapelet-length 4 --shapelet-stats compact4 --label-smooth 0.00
236,sens_eps,so2sat,shared,so2sat_shared__eps0.10,43,sq_seqnn_fast.py,sens_eps__so2sat_shared__eps0.10__seed43,--dataset so2sat --frontend-mode shapelet --gate-type CZ --measure-bases x --n-qubits 10 --cls-hidden 10 --shapelet-count 6 --shapelet-length 4 --shapelet-stats compact4 --label-smooth 0.10
237,seqnn,overhead,w16,seqnn_w16_overhead,43,run_baselines.py,seqnn__seqnn_w16_overhead__seed43,--datasets overhead --baseline seqnn --seqnn-widths 16 --seeds 43
238,seqnn,overhead,w10,seqnn_w10_overhead,43,run_baselines.py,seqnn__seqnn_w10_overhead__seed43,--datasets overhead --baseline seqnn --seqnn-widths 10 --seeds 43
239,seqnn,sat6,w16,seqnn_w16_sat6,43,run_baselines.py,seqnn__seqnn_w16_sat6__seed43,--datasets sat6 --baseline seqnn --seqnn-widths 16 --seeds 43
240,seqnn,sat6,w10,seqnn_w10_sat6,43,run_baselines.py,seqnn__seqnn_w10_sat6__seed43,--datasets sat6 --baseline seqnn --seqnn-widths 10 --seeds 43
241,seqnn,so2sat,w16,seqnn_w16_so2sat,43,run_baselines.py,seqnn__seqnn_w16_so2sat__seed43,--datasets so2sat --baseline seqnn --seqnn-widths 16 --seeds 43
242,seqnn,so2sat,w10,seqnn_w10_so2sat,43,run_baselines.py,seqnn__seqnn_w10_so2sat__seed43,--datasets so2sat --baseline seqnn --seqnn-widths 10 --seeds 43
243,qccnn,overhead,-,qccnn_overhead,43,run_baselines.py,qccnn__qccnn_overhead__seed43,--datasets overhead --baseline qccnn --seeds 43
244,qccnn,sat6,-,qccnn_sat6,43,run_baselines.py,qccnn__qccnn_sat6__seed43,--datasets sat6 --baseline qccnn --seeds 43
245,qccnn,so2sat,-,qccnn_so2sat,43,run_baselines.py,qccnn__qccnn_so2sat__seed43,--datasets so2sat --baseline qccnn --seeds 43
246,classical,overhead,resnet,resnet_overhead,43,heavy_baselines.py,classical__resnet_overhead__seed43,--dataset overhead --model resnet --runs 1 --seed 43 --epochs 80
247,classical,overhead,vgg,vgg_overhead,43,heavy_baselines.py,classical__vgg_overhead__seed43,--dataset overhead --model vgg --runs 1 --seed 43 --epochs 80
248,classical,overhead,densenet,densenet_overhead,43,heavy_baselines.py,classical__densenet_overhead__seed43,--dataset overhead --model densenet --runs 1 --seed 43 --epochs 80
249,classical,overhead,efficientnet,efficientnet_overhead,43,heavy_baselines.py,classical__efficientnet_overhead__seed43,--dataset overhead --model efficientnet --runs 1 --seed 43 --epochs 80
250,classical,overhead,vit,vit_overhead,43,heavy_baselines.py,classical__vit_overhead__seed43,--dataset overhead --model vit --runs 1 --seed 43 --epochs 80
251,classical,overhead,swin,swin_overhead,43,heavy_baselines.py,classical__swin_overhead__seed43,--dataset overhead --model swin --runs 1 --seed 43 --epochs 80
252,classical,sat6,resnet,resnet_sat6,43,heavy_baselines.py,classical__resnet_sat6__seed43,--dataset sat6 --model resnet --runs 1 --seed 43 --epochs 80
253,classical,sat6,vgg,vgg_sat6,43,heavy_baselines.py,classical__vgg_sat6__seed43,--dataset sat6 --model vgg --runs 1 --seed 43 --epochs 80
254,classical,sat6,densenet,densenet_sat6,43,heavy_baselines.py,classical__densenet_sat6__seed43,--dataset sat6 --model densenet --runs 1 --seed 43 --epochs 80
255,classical,sat6,efficientnet,efficientnet_sat6,43,heavy_baselines.py,classical__efficientnet_sat6__seed43,--dataset sat6 --model efficientnet --runs 1 --seed 43 --epochs 80
256,classical,sat6,vit,vit_sat6,43,heavy_baselines.py,classical__vit_sat6__seed43,--dataset sat6 --model vit --runs 1 --seed 43 --epochs 80
257,classical,sat6,swin,swin_sat6,43,heavy_baselines.py,classical__swin_sat6__seed43,--dataset sat6 --model swin --runs 1 --seed 43 --epochs 80
258,classical,so2sat,resnet,resnet_so2sat,43,heavy_baselines.py,classical__resnet_so2sat__seed43,--dataset so2sat --model resnet --runs 1 --seed 43 --epochs 80
259,classical,so2sat,vgg,vgg_so2sat,43,heavy_baselines.py,classical__vgg_so2sat__seed43,--dataset so2sat --model vgg --runs 1 --seed 43 --epochs 80
260,classical,so2sat,densenet,densenet_so2sat,43,heavy_baselines.py,classical__densenet_so2sat__seed43,--dataset so2sat --model densenet --runs 1 --seed 43 --epochs 80
261,classical,so2sat,efficientnet,efficientnet_so2sat,43,heavy_baselines.py,classical__efficientnet_so2sat__seed43,--dataset so2sat --model efficientnet --runs 1 --seed 43 --epochs 80
262,classical,so2sat,vit,vit_so2sat,43,heavy_baselines.py,classical__vit_so2sat__seed43,--dataset so2sat --model vit --runs 1 --seed 43 --epochs 80
263,classical,so2sat,swin,swin_so2sat,43,heavy_baselines.py,classical__swin_so2sat__seed43,--dataset so2sat --model swin --runs 1 --seed 43 --epochs 80
264,main,overhead,adaptive,overhead_adaptive,44,sq_seqnn_fast.py,main__overhead_adaptive__seed44,--dataset overhead --overhead-mode seqnn5 --frontend-mode conv --gate-type CX --measure-bases x --n-qubits 8 --cls-hidden 10 --conv-width 4 --ablation none
265,main,overhead,shared,overhead_shared,44,sq_seqnn_fast.py,main__overhead_shared__seed44,--dataset overhead --overhead-mode seqnn5 --frontend-mode shapelet --gate-type XY --measure-bases z --n-qubits 10 --cls-hidden 10 --shapelet-count 6 --shapelet-length 1 --shapelet-stats compact4 --ablation none
266,main,sat6,both,sat6,44,sq_seqnn_fast.py,main__sat6__seed44,--dataset sat6 --frontend-mode shapelet --gate-type XX --measure-bases x --n-qubits 10 --cls-hidden 10 --shapelet-count 6 --shapelet-length 4 --shapelet-stats full6 --ablation none
267,main,so2sat,adaptive,so2sat_adaptive,44,sq_seqnn_fast.py,main__so2sat_adaptive__seed44,--dataset so2sat --frontend-mode global --gate-type CRY --measure-bases xyz --n-qubits 10 --cls-hidden 10 --ablation none
268,main,so2sat,shared,so2sat_shared,44,sq_seqnn_fast.py,main__so2sat_shared__seed44,--dataset so2sat --frontend-mode shapelet --gate-type CZ --measure-bases x --n-qubits 10 --cls-hidden 10 --shapelet-count 6 --shapelet-length 4 --shapelet-stats compact4 --ablation none
269,isolation,overhead,adaptive,overhead_adaptive__classical_only,44,sq_seqnn_fast.py,isolation__overhead_adaptive__classical_only__seed44,--dataset overhead --overhead-mode seqnn5 --frontend-mode conv --gate-type CX --measure-bases x --n-qubits 8 --cls-hidden 10 --conv-width 4 --ablation classical_only
270,isolation,overhead,adaptive,overhead_adaptive__mlp_replace,44,sq_seqnn_fast.py,isolation__overhead_adaptive__mlp_replace__seed44,--dataset overhead --overhead-mode seqnn5 --frontend-mode conv --gate-type CX --measure-bases x --n-qubits 8 --cls-hidden 10 --conv-width 4 --ablation mlp_replace
271,isolation,overhead,adaptive,overhead_adaptive__frozen_quantum,44,sq_seqnn_fast.py,isolation__overhead_adaptive__frozen_quantum__seed44,--dataset overhead --overhead-mode seqnn5 --frontend-mode conv --gate-type CX --measure-bases x --n-qubits 8 --cls-hidden 10 --conv-width 4 --ablation frozen_quantum
272,isolation,overhead,adaptive,overhead_adaptive__no_iqp,44,sq_seqnn_fast.py,isolation__overhead_adaptive__no_iqp__seed44,--dataset overhead --overhead-mode seqnn5 --frontend-mode conv --gate-type CX --measure-bases x --n-qubits 8 --cls-hidden 10 --conv-width 4 --ablation no_iqp
273,isolation,overhead,adaptive,overhead_adaptive__no_reupload,44,sq_seqnn_fast.py,isolation__overhead_adaptive__no_reupload__seed44,--dataset overhead --overhead-mode seqnn5 --frontend-mode conv --gate-type CX --measure-bases x --n-qubits 8 --cls-hidden 10 --conv-width 4 --ablation no_reupload
274,isolation,overhead,adaptive,overhead_adaptive__fixed_z,44,sq_seqnn_fast.py,isolation__overhead_adaptive__fixed_z__seed44,--dataset overhead --overhead-mode seqnn5 --frontend-mode conv --gate-type CX --measure-bases x --n-qubits 8 --cls-hidden 10 --conv-width 4 --ablation fixed_z
275,isolation,sat6,both,sat6__classical_only,44,sq_seqnn_fast.py,isolation__sat6__classical_only__seed44,--dataset sat6 --frontend-mode shapelet --gate-type XX --measure-bases x --n-qubits 10 --cls-hidden 10 --shapelet-count 6 --shapelet-length 4 --shapelet-stats full6 --ablation classical_only
276,isolation,sat6,both,sat6__mlp_replace,44,sq_seqnn_fast.py,isolation__sat6__mlp_replace__seed44,--dataset sat6 --frontend-mode shapelet --gate-type XX --measure-bases x --n-qubits 10 --cls-hidden 10 --shapelet-count 6 --shapelet-length 4 --shapelet-stats full6 --ablation mlp_replace
277,isolation,sat6,both,sat6__frozen_quantum,44,sq_seqnn_fast.py,isolation__sat6__frozen_quantum__seed44,--dataset sat6 --frontend-mode shapelet --gate-type XX --measure-bases x --n-qubits 10 --cls-hidden 10 --shapelet-count 6 --shapelet-length 4 --shapelet-stats full6 --ablation frozen_quantum
278,isolation,sat6,both,sat6__no_iqp,44,sq_seqnn_fast.py,isolation__sat6__no_iqp__seed44,--dataset sat6 --frontend-mode shapelet --gate-type XX --measure-bases x --n-qubits 10 --cls-hidden 10 --shapelet-count 6 --shapelet-length 4 --shapelet-stats full6 --ablation no_iqp
279,isolation,sat6,both,sat6__no_reupload,44,sq_seqnn_fast.py,isolation__sat6__no_reupload__seed44,--dataset sat6 --frontend-mode shapelet --gate-type XX --measure-bases x --n-qubits 10 --cls-hidden 10 --shapelet-count 6 --shapelet-length 4 --shapelet-stats full6 --ablation no_reupload
280,isolation,sat6,both,sat6__fixed_z,44,sq_seqnn_fast.py,isolation__sat6__fixed_z__seed44,--dataset sat6 --frontend-mode shapelet --gate-type XX --measure-bases x --n-qubits 10 --cls-hidden 10 --shapelet-count 6 --shapelet-length 4 --shapelet-stats full6 --ablation fixed_z
281,isolation,so2sat,adaptive,so2sat_adaptive__classical_only,44,sq_seqnn_fast.py,isolation__so2sat_adaptive__classical_only__seed44,--dataset so2sat --frontend-mode global --gate-type CRY --measure-bases xyz --n-qubits 10 --cls-hidden 10 --ablation classical_only
282,isolation,so2sat,adaptive,so2sat_adaptive__mlp_replace,44,sq_seqnn_fast.py,isolation__so2sat_adaptive__mlp_replace__seed44,--dataset so2sat --frontend-mode global --gate-type CRY --measure-bases xyz --n-qubits 10 --cls-hidden 10 --ablation mlp_replace
283,isolation,so2sat,adaptive,so2sat_adaptive__frozen_quantum,44,sq_seqnn_fast.py,isolation__so2sat_adaptive__frozen_quantum__seed44,--dataset so2sat --frontend-mode global --gate-type CRY --measure-bases xyz --n-qubits 10 --cls-hidden 10 --ablation frozen_quantum
284,isolation,so2sat,adaptive,so2sat_adaptive__no_iqp,44,sq_seqnn_fast.py,isolation__so2sat_adaptive__no_iqp__seed44,--dataset so2sat --frontend-mode global --gate-type CRY --measure-bases xyz --n-qubits 10 --cls-hidden 10 --ablation no_iqp
285,isolation,so2sat,adaptive,so2sat_adaptive__no_reupload,44,sq_seqnn_fast.py,isolation__so2sat_adaptive__no_reupload__seed44,--dataset so2sat --frontend-mode global --gate-type CRY --measure-bases xyz --n-qubits 10 --cls-hidden 10 --ablation no_reupload
286,isolation,so2sat,adaptive,so2sat_adaptive__fixed_z,44,sq_seqnn_fast.py,isolation__so2sat_adaptive__fixed_z__seed44,--dataset so2sat --frontend-mode global --gate-type CRY --measure-bases xyz --n-qubits 10 --cls-hidden 10 --ablation fixed_z
287,gate,overhead,adaptive,overhead_adaptive__gateZZ,44,sq_seqnn_fast.py,gate__overhead_adaptive__gateZZ__seed44,--dataset overhead --overhead-mode seqnn5 --frontend-mode conv --gate-type ZZ --measure-bases x --n-qubits 8 --cls-hidden 10 --conv-width 4
288,gate,overhead,adaptive,overhead_adaptive__gateCZ,44,sq_seqnn_fast.py,gate__overhead_adaptive__gateCZ__seed44,--dataset overhead --overhead-mode seqnn5 --frontend-mode conv --gate-type CZ --measure-bases x --n-qubits 8 --cls-hidden 10 --conv-width 4
289,gate,overhead,adaptive,overhead_adaptive__gateXY,44,sq_seqnn_fast.py,gate__overhead_adaptive__gateXY__seed44,--dataset overhead --overhead-mode seqnn5 --frontend-mode conv --gate-type XY --measure-bases x --n-qubits 8 --cls-hidden 10 --conv-width 4
290,gate,overhead,adaptive,overhead_adaptive__gateCRZ,44,sq_seqnn_fast.py,gate__overhead_adaptive__gateCRZ__seed44,--dataset overhead --overhead-mode seqnn5 --frontend-mode conv --gate-type CRZ --measure-bases x --n-qubits 8 --cls-hidden 10 --conv-width 4
291,gate,overhead,adaptive,overhead_adaptive__gateCRY,44,sq_seqnn_fast.py,gate__overhead_adaptive__gateCRY__seed44,--dataset overhead --overhead-mode seqnn5 --frontend-mode conv --gate-type CRY --measure-bases x --n-qubits 8 --cls-hidden 10 --conv-width 4
292,gate,overhead,adaptive,overhead_adaptive__gateXX,44,sq_seqnn_fast.py,gate__overhead_adaptive__gateXX__seed44,--dataset overhead --overhead-mode seqnn5 --frontend-mode conv --gate-type XX --measure-bases x --n-qubits 8 --cls-hidden 10 --conv-width 4
293,gate,overhead,adaptive,overhead_adaptive__gateYY,44,sq_seqnn_fast.py,gate__overhead_adaptive__gateYY__seed44,--dataset overhead --overhead-mode seqnn5 --frontend-mode conv --gate-type YY --measure-bases x --n-qubits 8 --cls-hidden 10 --conv-width 4
294,gate,overhead,shared,overhead_shared__gateZZ,44,sq_seqnn_fast.py,gate__overhead_shared__gateZZ__seed44,--dataset overhead --overhead-mode seqnn5 --frontend-mode shapelet --gate-type ZZ --measure-bases z --n-qubits 10 --cls-hidden 10 --shapelet-count 6 --shapelet-length 1 --shapelet-stats compact4
295,gate,overhead,shared,overhead_shared__gateCZ,44,sq_seqnn_fast.py,gate__overhead_shared__gateCZ__seed44,--dataset overhead --overhead-mode seqnn5 --frontend-mode shapelet --gate-type CZ --measure-bases z --n-qubits 10 --cls-hidden 10 --shapelet-count 6 --shapelet-length 1 --shapelet-stats compact4
296,gate,overhead,shared,overhead_shared__gateCX,44,sq_seqnn_fast.py,gate__overhead_shared__gateCX__seed44,--dataset overhead --overhead-mode seqnn5 --frontend-mode shapelet --gate-type CX --measure-bases z --n-qubits 10 --cls-hidden 10 --shapelet-count 6 --shapelet-length 1 --shapelet-stats compact4
297,gate,overhead,shared,overhead_shared__gateCRZ,44,sq_seqnn_fast.py,gate__overhead_shared__gateCRZ__seed44,--dataset overhead --overhead-mode seqnn5 --frontend-mode shapelet --gate-type CRZ --measure-bases z --n-qubits 10 --cls-hidden 10 --shapelet-count 6 --shapelet-length 1 --shapelet-stats compact4
298,gate,overhead,shared,overhead_shared__gateCRY,44,sq_seqnn_fast.py,gate__overhead_shared__gateCRY__seed44,--dataset overhead --overhead-mode seqnn5 --frontend-mode shapelet --gate-type CRY --measure-bases z --n-qubits 10 --cls-hidden 10 --shapelet-count 6 --shapelet-length 1 --shapelet-stats compact4
299,gate,overhead,shared,overhead_shared__gateXX,44,sq_seqnn_fast.py,gate__overhead_shared__gateXX__seed44,--dataset overhead --overhead-mode seqnn5 --frontend-mode shapelet --gate-type XX --measure-bases z --n-qubits 10 --cls-hidden 10 --shapelet-count 6 --shapelet-length 1 --shapelet-stats compact4
300,gate,overhead,shared,overhead_shared__gateYY,44,sq_seqnn_fast.py,gate__overhead_shared__gateYY__seed44,--dataset overhead --overhead-mode seqnn5 --frontend-mode shapelet --gate-type YY --measure-bases z --n-qubits 10 --cls-hidden 10 --shapelet-count 6 --shapelet-length 1 --shapelet-stats compact4
301,gate,sat6,both,sat6__gateZZ,44,sq_seqnn_fast.py,gate__sat6__gateZZ__seed44,--dataset sat6 --frontend-mode shapelet --gate-type ZZ --measure-bases x --n-qubits 10 --cls-hidden 10 --shapelet-count 6 --shapelet-length 4 --shapelet-stats full6
302,gate,sat6,both,sat6__gateCZ,44,sq_seqnn_fast.py,gate__sat6__gateCZ__seed44,--dataset sat6 --frontend-mode shapelet --gate-type CZ --measure-bases x --n-qubits 10 --cls-hidden 10 --shapelet-count 6 --shapelet-length 4 --shapelet-stats full6
303,gate,sat6,both,sat6__gateCX,44,sq_seqnn_fast.py,gate__sat6__gateCX__seed44,--dataset sat6 --frontend-mode shapelet --gate-type CX --measure-bases x --n-qubits 10 --cls-hidden 10 --shapelet-count 6 --shapelet-length 4 --shapelet-stats full6
304,gate,sat6,both,sat6__gateXY,44,sq_seqnn_fast.py,gate__sat6__gateXY__seed44,--dataset sat6 --frontend-mode shapelet --gate-type XY --measure-bases x --n-qubits 10 --cls-hidden 10 --shapelet-count 6 --shapelet-length 4 --shapelet-stats full6
305,gate,sat6,both,sat6__gateCRZ,44,sq_seqnn_fast.py,gate__sat6__gateCRZ__seed44,--dataset sat6 --frontend-mode shapelet --gate-type CRZ --measure-bases x --n-qubits 10 --cls-hidden 10 --shapelet-count 6 --shapelet-length 4 --shapelet-stats full6
306,gate,sat6,both,sat6__gateCRY,44,sq_seqnn_fast.py,gate__sat6__gateCRY__seed44,--dataset sat6 --frontend-mode shapelet --gate-type CRY --measure-bases x --n-qubits 10 --cls-hidden 10 --shapelet-count 6 --shapelet-length 4 --shapelet-stats full6
307,gate,sat6,both,sat6__gateYY,44,sq_seqnn_fast.py,gate__sat6__gateYY__seed44,--dataset sat6 --frontend-mode shapelet --gate-type YY --measure-bases x --n-qubits 10 --cls-hidden 10 --shapelet-count 6 --shapelet-length 4 --shapelet-stats full6
308,gate,so2sat,adaptive,so2sat_adaptive__gateZZ,44,sq_seqnn_fast.py,gate__so2sat_adaptive__gateZZ__seed44,--dataset so2sat --frontend-mode global --gate-type ZZ --measure-bases xyz --n-qubits 10 --cls-hidden 10
309,gate,so2sat,adaptive,so2sat_adaptive__gateCZ,44,sq_seqnn_fast.py,gate__so2sat_adaptive__gateCZ__seed44,--dataset so2sat --frontend-mode global --gate-type CZ --measure-bases xyz --n-qubits 10 --cls-hidden 10
310,gate,so2sat,adaptive,so2sat_adaptive__gateCX,44,sq_seqnn_fast.py,gate__so2sat_adaptive__gateCX__seed44,--dataset so2sat --frontend-mode global --gate-type CX --measure-bases xyz --n-qubits 10 --cls-hidden 10
311,gate,so2sat,adaptive,so2sat_adaptive__gateXY,44,sq_seqnn_fast.py,gate__so2sat_adaptive__gateXY__seed44,--dataset so2sat --frontend-mode global --gate-type XY --measure-bases xyz --n-qubits 10 --cls-hidden 10
312,gate,so2sat,adaptive,so2sat_adaptive__gateCRZ,44,sq_seqnn_fast.py,gate__so2sat_adaptive__gateCRZ__seed44,--dataset so2sat --frontend-mode global --gate-type CRZ --measure-bases xyz --n-qubits 10 --cls-hidden 10
313,gate,so2sat,adaptive,so2sat_adaptive__gateXX,44,sq_seqnn_fast.py,gate__so2sat_adaptive__gateXX__seed44,--dataset so2sat --frontend-mode global --gate-type XX --measure-bases xyz --n-qubits 10 --cls-hidden 10
314,gate,so2sat,adaptive,so2sat_adaptive__gateYY,44,sq_seqnn_fast.py,gate__so2sat_adaptive__gateYY__seed44,--dataset so2sat --frontend-mode global --gate-type YY --measure-bases xyz --n-qubits 10 --cls-hidden 10
315,gate,so2sat,shared,so2sat_shared__gateZZ,44,sq_seqnn_fast.py,gate__so2sat_shared__gateZZ__seed44,--dataset so2sat --frontend-mode shapelet --gate-type ZZ --measure-bases x --n-qubits 10 --cls-hidden 10 --shapelet-count 6 --shapelet-length 4 --shapelet-stats compact4
316,gate,so2sat,shared,so2sat_shared__gateCX,44,sq_seqnn_fast.py,gate__so2sat_shared__gateCX__seed44,--dataset so2sat --frontend-mode shapelet --gate-type CX --measure-bases x --n-qubits 10 --cls-hidden 10 --shapelet-count 6 --shapelet-length 4 --shapelet-stats compact4
317,gate,so2sat,shared,so2sat_shared__gateXY,44,sq_seqnn_fast.py,gate__so2sat_shared__gateXY__seed44,--dataset so2sat --frontend-mode shapelet --gate-type XY --measure-bases x --n-qubits 10 --cls-hidden 10 --shapelet-count 6 --shapelet-length 4 --shapelet-stats compact4
318,gate,so2sat,shared,so2sat_shared__gateCRZ,44,sq_seqnn_fast.py,gate__so2sat_shared__gateCRZ__seed44,--dataset so2sat --frontend-mode shapelet --gate-type CRZ --measure-bases x --n-qubits 10 --cls-hidden 10 --shapelet-count 6 --shapelet-length 4 --shapelet-stats compact4
319,gate,so2sat,shared,so2sat_shared__gateCRY,44,sq_seqnn_fast.py,gate__so2sat_shared__gateCRY__seed44,--dataset so2sat --frontend-mode shapelet --gate-type CRY --measure-bases x --n-qubits 10 --cls-hidden 10 --shapelet-count 6 --shapelet-length 4 --shapelet-stats compact4
320,gate,so2sat,shared,so2sat_shared__gateXX,44,sq_seqnn_fast.py,gate__so2sat_shared__gateXX__seed44,--dataset so2sat --frontend-mode shapelet --gate-type XX --measure-bases x --n-qubits 10 --cls-hidden 10 --shapelet-count 6 --shapelet-length 4 --shapelet-stats compact4
321,gate,so2sat,shared,so2sat_shared__gateYY,44,sq_seqnn_fast.py,gate__so2sat_shared__gateYY__seed44,--dataset so2sat --frontend-mode shapelet --gate-type YY --measure-bases x --n-qubits 10 --cls-hidden 10 --shapelet-count 6 --shapelet-length 4 --shapelet-stats compact4
322,basis,overhead,adaptive,overhead_adaptive__basisY,44,sq_seqnn_fast.py,basis__overhead_adaptive__basisY__seed44,--dataset overhead --overhead-mode seqnn5 --frontend-mode conv --gate-type CX --measure-bases y --n-qubits 8 --cls-hidden 10 --conv-width 4
323,basis,overhead,adaptive,overhead_adaptive__basisZ,44,sq_seqnn_fast.py,basis__overhead_adaptive__basisZ__seed44,--dataset overhead --overhead-mode seqnn5 --frontend-mode conv --gate-type CX --measure-bases z --n-qubits 8 --cls-hidden 10 --conv-width 4
324,basis,overhead,adaptive,overhead_adaptive__basisXYZ,44,sq_seqnn_fast.py,basis__overhead_adaptive__basisXYZ__seed44,--dataset overhead --overhead-mode seqnn5 --frontend-mode conv --gate-type CX --measure-bases xyz --n-qubits 8 --cls-hidden 10 --conv-width 4
325,basis,overhead,shared,overhead_shared__basisX,44,sq_seqnn_fast.py,basis__overhead_shared__basisX__seed44,--dataset overhead --overhead-mode seqnn5 --frontend-mode shapelet --gate-type XY --measure-bases x --n-qubits 10 --cls-hidden 10 --shapelet-count 6 --shapelet-length 1 --shapelet-stats compact4
326,basis,overhead,shared,overhead_shared__basisY,44,sq_seqnn_fast.py,basis__overhead_shared__basisY__seed44,--dataset overhead --overhead-mode seqnn5 --frontend-mode shapelet --gate-type XY --measure-bases y --n-qubits 10 --cls-hidden 10 --shapelet-count 6 --shapelet-length 1 --shapelet-stats compact4
327,basis,overhead,shared,overhead_shared__basisXYZ,44,sq_seqnn_fast.py,basis__overhead_shared__basisXYZ__seed44,--dataset overhead --overhead-mode seqnn5 --frontend-mode shapelet --gate-type XY --measure-bases xyz --n-qubits 10 --cls-hidden 10 --shapelet-count 6 --shapelet-length 1 --shapelet-stats compact4
328,basis,sat6,both,sat6__basisY,44,sq_seqnn_fast.py,basis__sat6__basisY__seed44,--dataset sat6 --frontend-mode shapelet --gate-type XX --measure-bases y --n-qubits 10 --cls-hidden 10 --shapelet-count 6 --shapelet-length 4 --shapelet-stats full6
329,basis,sat6,both,sat6__basisZ,44,sq_seqnn_fast.py,basis__sat6__basisZ__seed44,--dataset sat6 --frontend-mode shapelet --gate-type XX --measure-bases z --n-qubits 10 --cls-hidden 10 --shapelet-count 6 --shapelet-length 4 --shapelet-stats full6
330,basis,sat6,both,sat6__basisXYZ,44,sq_seqnn_fast.py,basis__sat6__basisXYZ__seed44,--dataset sat6 --frontend-mode shapelet --gate-type XX --measure-bases xyz --n-qubits 10 --cls-hidden 10 --shapelet-count 6 --shapelet-length 4 --shapelet-stats full6
331,basis,so2sat,adaptive,so2sat_adaptive__basisX,44,sq_seqnn_fast.py,basis__so2sat_adaptive__basisX__seed44,--dataset so2sat --frontend-mode global --gate-type CRY --measure-bases x --n-qubits 10 --cls-hidden 10
332,basis,so2sat,adaptive,so2sat_adaptive__basisY,44,sq_seqnn_fast.py,basis__so2sat_adaptive__basisY__seed44,--dataset so2sat --frontend-mode global --gate-type CRY --measure-bases y --n-qubits 10 --cls-hidden 10
333,basis,so2sat,adaptive,so2sat_adaptive__basisZ,44,sq_seqnn_fast.py,basis__so2sat_adaptive__basisZ__seed44,--dataset so2sat --frontend-mode global --gate-type CRY --measure-bases z --n-qubits 10 --cls-hidden 10
334,basis,so2sat,shared,so2sat_shared__basisY,44,sq_seqnn_fast.py,basis__so2sat_shared__basisY__seed44,--dataset so2sat --frontend-mode shapelet --gate-type CZ --measure-bases y --n-qubits 10 --cls-hidden 10 --shapelet-count 6 --shapelet-length 4 --shapelet-stats compact4
335,basis,so2sat,shared,so2sat_shared__basisZ,44,sq_seqnn_fast.py,basis__so2sat_shared__basisZ__seed44,--dataset so2sat --frontend-mode shapelet --gate-type CZ --measure-bases z --n-qubits 10 --cls-hidden 10 --shapelet-count 6 --shapelet-length 4 --shapelet-stats compact4
336,basis,so2sat,shared,so2sat_shared__basisXYZ,44,sq_seqnn_fast.py,basis__so2sat_shared__basisXYZ__seed44,--dataset so2sat --frontend-mode shapelet --gate-type CZ --measure-bases xyz --n-qubits 10 --cls-hidden 10 --shapelet-count 6 --shapelet-length 4 --shapelet-stats compact4
337,fusion,overhead,adaptive,overhead_adaptive__quantum_only,44,sq_seqnn_fast.py,fusion__overhead_adaptive__quantum_only__seed44,--dataset overhead --overhead-mode seqnn5 --frontend-mode conv --gate-type CX --measure-bases x --n-qubits 8 --cls-hidden 10 --conv-width 4 --ablation quantum_only
338,fusion,overhead,shared,overhead_shared__quantum_only,44,sq_seqnn_fast.py,fusion__overhead_shared__quantum_only__seed44,--dataset overhead --overhead-mode seqnn5 --frontend-mode shapelet --gate-type XY --measure-bases z --n-qubits 10 --cls-hidden 10 --shapelet-count 6 --shapelet-length 1 --shapelet-stats compact4 --ablation quantum_only
339,fusion,sat6,both,sat6__quantum_only,44,sq_seqnn_fast.py,fusion__sat6__quantum_only__seed44,--dataset sat6 --frontend-mode shapelet --gate-type XX --measure-bases x --n-qubits 10 --cls-hidden 10 --shapelet-count 6 --shapelet-length 4 --shapelet-stats full6 --ablation quantum_only
340,fusion,so2sat,adaptive,so2sat_adaptive__quantum_only,44,sq_seqnn_fast.py,fusion__so2sat_adaptive__quantum_only__seed44,--dataset so2sat --frontend-mode global --gate-type CRY --measure-bases xyz --n-qubits 10 --cls-hidden 10 --ablation quantum_only
341,fusion,so2sat,shared,so2sat_shared__quantum_only,44,sq_seqnn_fast.py,fusion__so2sat_shared__quantum_only__seed44,--dataset so2sat --frontend-mode shapelet --gate-type CZ --measure-bases x --n-qubits 10 --cls-hidden 10 --shapelet-count 6 --shapelet-length 4 --shapelet-stats compact4 --ablation quantum_only
342,schedule,overhead,adaptive,overhead_adaptive__sharedLR,44,sq_seqnn_fast.py,schedule__overhead_adaptive__sharedLR__seed44,--dataset overhead --overhead-mode seqnn5 --frontend-mode conv --gate-type CX --measure-bases x --n-qubits 8 --cls-hidden 10 --conv-width 4 --lr-q-factor 1.0
343,schedule,overhead,shared,overhead_shared__sharedLR,44,sq_seqnn_fast.py,schedule__overhead_shared__sharedLR__seed44,--dataset overhead --overhead-mode seqnn5 --frontend-mode shapelet --gate-type XY --measure-bases z --n-qubits 10 --cls-hidden 10 --shapelet-count 6 --shapelet-length 1 --shapelet-stats compact4 --lr-q-factor 1.0
344,schedule,sat6,both,sat6__sharedLR,44,sq_seqnn_fast.py,schedule__sat6__sharedLR__seed44,--dataset sat6 --frontend-mode shapelet --gate-type XX --measure-bases x --n-qubits 10 --cls-hidden 10 --shapelet-count 6 --shapelet-length 4 --shapelet-stats full6 --lr-q-factor 1.0
345,schedule,so2sat,adaptive,so2sat_adaptive__sharedLR,44,sq_seqnn_fast.py,schedule__so2sat_adaptive__sharedLR__seed44,--dataset so2sat --frontend-mode global --gate-type CRY --measure-bases xyz --n-qubits 10 --cls-hidden 10 --lr-q-factor 1.0
346,schedule,so2sat,shared,so2sat_shared__sharedLR,44,sq_seqnn_fast.py,schedule__so2sat_shared__sharedLR__seed44,--dataset so2sat --frontend-mode shapelet --gate-type CZ --measure-bases x --n-qubits 10 --cls-hidden 10 --shapelet-count 6 --shapelet-length 4 --shapelet-stats compact4 --lr-q-factor 1.0
347,sens_nq,overhead,adaptive,overhead_adaptive__nq10,44,sq_seqnn_fast.py,sens_nq__overhead_adaptive__nq10__seed44,--dataset overhead --overhead-mode seqnn5 --frontend-mode conv --gate-type CX --measure-bases x --n-qubits 10 --cls-hidden 10 --conv-width 4
348,sens_nq,overhead,adaptive,overhead_adaptive__nq12,44,sq_seqnn_fast.py,sens_nq__overhead_adaptive__nq12__seed44,--dataset overhead --overhead-mode seqnn5 --frontend-mode conv --gate-type CX --measure-bases x --n-qubits 12 --cls-hidden 10 --conv-width 4
349,sens_R,overhead,adaptive,overhead_adaptive__R1,44,sq_seqnn_fast.py,sens_R__overhead_adaptive__R1__seed44,--dataset overhead --overhead-mode seqnn5 --frontend-mode conv --gate-type CX --measure-bases x --n-qubits 8 --cls-hidden 10 --conv-width 4 --n-reupload 1
350,sens_R,overhead,adaptive,overhead_adaptive__R3,44,sq_seqnn_fast.py,sens_R__overhead_adaptive__R3__seed44,--dataset overhead --overhead-mode seqnn5 --frontend-mode conv --gate-type CX --measure-bases x --n-qubits 8 --cls-hidden 10 --conv-width 4 --n-reupload 3
351,sens_R,overhead,shared,overhead_shared__R1,44,sq_seqnn_fast.py,sens_R__overhead_shared__R1__seed44,--dataset overhead --overhead-mode seqnn5 --frontend-mode shapelet --gate-type XY --measure-bases z --n-qubits 10 --cls-hidden 10 --shapelet-count 6 --shapelet-length 1 --shapelet-stats compact4 --n-reupload 1
352,sens_R,overhead,shared,overhead_shared__R3,44,sq_seqnn_fast.py,sens_R__overhead_shared__R3__seed44,--dataset overhead --overhead-mode seqnn5 --frontend-mode shapelet --gate-type XY --measure-bases z --n-qubits 10 --cls-hidden 10 --shapelet-count 6 --shapelet-length 1 --shapelet-stats compact4 --n-reupload 3
353,sens_R,sat6,both,sat6__R1,44,sq_seqnn_fast.py,sens_R__sat6__R1__seed44,--dataset sat6 --frontend-mode shapelet --gate-type XX --measure-bases x --n-qubits 10 --cls-hidden 10 --shapelet-count 6 --shapelet-length 4 --shapelet-stats full6 --n-reupload 1
354,sens_R,sat6,both,sat6__R3,44,sq_seqnn_fast.py,sens_R__sat6__R3__seed44,--dataset sat6 --frontend-mode shapelet --gate-type XX --measure-bases x --n-qubits 10 --cls-hidden 10 --shapelet-count 6 --shapelet-length 4 --shapelet-stats full6 --n-reupload 3
355,sens_R,so2sat,adaptive,so2sat_adaptive__R1,44,sq_seqnn_fast.py,sens_R__so2sat_adaptive__R1__seed44,--dataset so2sat --frontend-mode global --gate-type CRY --measure-bases xyz --n-qubits 10 --cls-hidden 10 --n-reupload 1
356,sens_R,so2sat,adaptive,so2sat_adaptive__R3,44,sq_seqnn_fast.py,sens_R__so2sat_adaptive__R3__seed44,--dataset so2sat --frontend-mode global --gate-type CRY --measure-bases xyz --n-qubits 10 --cls-hidden 10 --n-reupload 3
357,sens_R,so2sat,shared,so2sat_shared__R1,44,sq_seqnn_fast.py,sens_R__so2sat_shared__R1__seed44,--dataset so2sat --frontend-mode shapelet --gate-type CZ --measure-bases x --n-qubits 10 --cls-hidden 10 --shapelet-count 6 --shapelet-length 4 --shapelet-stats compact4 --n-reupload 1
358,sens_R,so2sat,shared,so2sat_shared__R3,44,sq_seqnn_fast.py,sens_R__so2sat_shared__R3__seed44,--dataset so2sat --frontend-mode shapelet --gate-type CZ --measure-bases x --n-qubits 10 --cls-hidden 10 --shapelet-count 6 --shapelet-length 4 --shapelet-stats compact4 --n-reupload 3
359,sens_eps,overhead,adaptive,overhead_adaptive__eps0.00,44,sq_seqnn_fast.py,sens_eps__overhead_adaptive__eps0.00__seed44,--dataset overhead --overhead-mode seqnn5 --frontend-mode conv --gate-type CX --measure-bases x --n-qubits 8 --cls-hidden 10 --conv-width 4 --label-smooth 0.00
360,sens_eps,overhead,adaptive,overhead_adaptive__eps0.10,44,sq_seqnn_fast.py,sens_eps__overhead_adaptive__eps0.10__seed44,--dataset overhead --overhead-mode seqnn5 --frontend-mode conv --gate-type CX --measure-bases x --n-qubits 8 --cls-hidden 10 --conv-width 4 --label-smooth 0.10
361,sens_eps,overhead,shared,overhead_shared__eps0.00,44,sq_seqnn_fast.py,sens_eps__overhead_shared__eps0.00__seed44,--dataset overhead --overhead-mode seqnn5 --frontend-mode shapelet --gate-type XY --measure-bases z --n-qubits 10 --cls-hidden 10 --shapelet-count 6 --shapelet-length 1 --shapelet-stats compact4 --label-smooth 0.00
362,sens_eps,overhead,shared,overhead_shared__eps0.10,44,sq_seqnn_fast.py,sens_eps__overhead_shared__eps0.10__seed44,--dataset overhead --overhead-mode seqnn5 --frontend-mode shapelet --gate-type XY --measure-bases z --n-qubits 10 --cls-hidden 10 --shapelet-count 6 --shapelet-length 1 --shapelet-stats compact4 --label-smooth 0.10
363,sens_eps,sat6,both,sat6__eps0.00,44,sq_seqnn_fast.py,sens_eps__sat6__eps0.00__seed44,--dataset sat6 --frontend-mode shapelet --gate-type XX --measure-bases x --n-qubits 10 --cls-hidden 10 --shapelet-count 6 --shapelet-length 4 --shapelet-stats full6 --label-smooth 0.00
364,sens_eps,sat6,both,sat6__eps0.10,44,sq_seqnn_fast.py,sens_eps__sat6__eps0.10__seed44,--dataset sat6 --frontend-mode shapelet --gate-type XX --measure-bases x --n-qubits 10 --cls-hidden 10 --shapelet-count 6 --shapelet-length 4 --shapelet-stats full6 --label-smooth 0.10
365,sens_eps,so2sat,adaptive,so2sat_adaptive__eps0.00,44,sq_seqnn_fast.py,sens_eps__so2sat_adaptive__eps0.00__seed44,--dataset so2sat --frontend-mode global --gate-type CRY --measure-bases xyz --n-qubits 10 --cls-hidden 10 --label-smooth 0.00
366,sens_eps,so2sat,adaptive,so2sat_adaptive__eps0.10,44,sq_seqnn_fast.py,sens_eps__so2sat_adaptive__eps0.10__seed44,--dataset so2sat --frontend-mode global --gate-type CRY --measure-bases xyz --n-qubits 10 --cls-hidden 10 --label-smooth 0.10
367,sens_eps,so2sat,shared,so2sat_shared__eps0.00,44,sq_seqnn_fast.py,sens_eps__so2sat_shared__eps0.00__seed44,--dataset so2sat --frontend-mode shapelet --gate-type CZ --measure-bases x --n-qubits 10 --cls-hidden 10 --shapelet-count 6 --shapelet-length 4 --shapelet-stats compact4 --label-smooth 0.00
368,sens_eps,so2sat,shared,so2sat_shared__eps0.10,44,sq_seqnn_fast.py,sens_eps__so2sat_shared__eps0.10__seed44,--dataset so2sat --frontend-mode shapelet --gate-type CZ --measure-bases x --n-qubits 10 --cls-hidden 10 --shapelet-count 6 --shapelet-length 4 --shapelet-stats compact4 --label-smooth 0.10
369,seqnn,overhead,w16,seqnn_w16_overhead,44,run_baselines.py,seqnn__seqnn_w16_overhead__seed44,--datasets overhead --baseline seqnn --seqnn-widths 16 --seeds 44
370,seqnn,overhead,w10,seqnn_w10_overhead,44,run_baselines.py,seqnn__seqnn_w10_overhead__seed44,--datasets overhead --baseline seqnn --seqnn-widths 10 --seeds 44
371,seqnn,sat6,w16,seqnn_w16_sat6,44,run_baselines.py,seqnn__seqnn_w16_sat6__seed44,--datasets sat6 --baseline seqnn --seqnn-widths 16 --seeds 44
372,seqnn,sat6,w10,seqnn_w10_sat6,44,run_baselines.py,seqnn__seqnn_w10_sat6__seed44,--datasets sat6 --baseline seqnn --seqnn-widths 10 --seeds 44
373,seqnn,so2sat,w16,seqnn_w16_so2sat,44,run_baselines.py,seqnn__seqnn_w16_so2sat__seed44,--datasets so2sat --baseline seqnn --seqnn-widths 16 --seeds 44
374,seqnn,so2sat,w10,seqnn_w10_so2sat,44,run_baselines.py,seqnn__seqnn_w10_so2sat__seed44,--datasets so2sat --baseline seqnn --seqnn-widths 10 --seeds 44
375,qccnn,overhead,-,qccnn_overhead,44,run_baselines.py,qccnn__qccnn_overhead__seed44,--datasets overhead --baseline qccnn --seeds 44
376,qccnn,sat6,-,qccnn_sat6,44,run_baselines.py,qccnn__qccnn_sat6__seed44,--datasets sat6 --baseline qccnn --seeds 44
377,qccnn,so2sat,-,qccnn_so2sat,44,run_baselines.py,qccnn__qccnn_so2sat__seed44,--datasets so2sat --baseline qccnn --seeds 44
378,classical,overhead,resnet,resnet_overhead,44,heavy_baselines.py,classical__resnet_overhead__seed44,--dataset overhead --model resnet --runs 1 --seed 44 --epochs 80
379,classical,overhead,vgg,vgg_overhead,44,heavy_baselines.py,classical__vgg_overhead__seed44,--dataset overhead --model vgg --runs 1 --seed 44 --epochs 80
380,classical,overhead,densenet,densenet_overhead,44,heavy_baselines.py,classical__densenet_overhead__seed44,--dataset overhead --model densenet --runs 1 --seed 44 --epochs 80
381,classical,overhead,efficientnet,efficientnet_overhead,44,heavy_baselines.py,classical__efficientnet_overhead__seed44,--dataset overhead --model efficientnet --runs 1 --seed 44 --epochs 80
382,classical,overhead,vit,vit_overhead,44,heavy_baselines.py,classical__vit_overhead__seed44,--dataset overhead --model vit --runs 1 --seed 44 --epochs 80
383,classical,overhead,swin,swin_overhead,44,heavy_baselines.py,classical__swin_overhead__seed44,--dataset overhead --model swin --runs 1 --seed 44 --epochs 80
384,classical,sat6,resnet,resnet_sat6,44,heavy_baselines.py,classical__resnet_sat6__seed44,--dataset sat6 --model resnet --runs 1 --seed 44 --epochs 80
385,classical,sat6,vgg,vgg_sat6,44,heavy_baselines.py,classical__vgg_sat6__seed44,--dataset sat6 --model vgg --runs 1 --seed 44 --epochs 80
386,classical,sat6,densenet,densenet_sat6,44,heavy_baselines.py,classical__densenet_sat6__seed44,--dataset sat6 --model densenet --runs 1 --seed 44 --epochs 80
387,classical,sat6,efficientnet,efficientnet_sat6,44,heavy_baselines.py,classical__efficientnet_sat6__seed44,--dataset sat6 --model efficientnet --runs 1 --seed 44 --epochs 80
388,classical,sat6,vit,vit_sat6,44,heavy_baselines.py,classical__vit_sat6__seed44,--dataset sat6 --model vit --runs 1 --seed 44 --epochs 80
389,classical,sat6,swin,swin_sat6,44,heavy_baselines.py,classical__swin_sat6__seed44,--dataset sat6 --model swin --runs 1 --seed 44 --epochs 80
390,classical,so2sat,resnet,resnet_so2sat,44,heavy_baselines.py,classical__resnet_so2sat__seed44,--dataset so2sat --model resnet --runs 1 --seed 44 --epochs 80
391,classical,so2sat,vgg,vgg_so2sat,44,heavy_baselines.py,classical__vgg_so2sat__seed44,--dataset so2sat --model vgg --runs 1 --seed 44 --epochs 80
392,classical,so2sat,densenet,densenet_so2sat,44,heavy_baselines.py,classical__densenet_so2sat__seed44,--dataset so2sat --model densenet --runs 1 --seed 44 --epochs 80
393,classical,so2sat,efficientnet,efficientnet_so2sat,44,heavy_baselines.py,classical__efficientnet_so2sat__seed44,--dataset so2sat --model efficientnet --runs 1 --seed 44 --epochs 80
394,classical,so2sat,vit,vit_so2sat,44,heavy_baselines.py,classical__vit_so2sat__seed44,--dataset so2sat --model vit --runs 1 --seed 44 --epochs 80
395,classical,so2sat,swin,swin_so2sat,44,heavy_baselines.py,classical__swin_so2sat__seed44,--dataset so2sat --model swin --runs 1 --seed 44 --epochs 80
396,main,overhead,adaptive,overhead_adaptive,45,sq_seqnn_fast.py,main__overhead_adaptive__seed45,--dataset overhead --overhead-mode seqnn5 --frontend-mode conv --gate-type CX --measure-bases x --n-qubits 8 --cls-hidden 10 --conv-width 4 --ablation none
397,main,overhead,shared,overhead_shared,45,sq_seqnn_fast.py,main__overhead_shared__seed45,--dataset overhead --overhead-mode seqnn5 --frontend-mode shapelet --gate-type XY --measure-bases z --n-qubits 10 --cls-hidden 10 --shapelet-count 6 --shapelet-length 1 --shapelet-stats compact4 --ablation none
398,main,sat6,both,sat6,45,sq_seqnn_fast.py,main__sat6__seed45,--dataset sat6 --frontend-mode shapelet --gate-type XX --measure-bases x --n-qubits 10 --cls-hidden 10 --shapelet-count 6 --shapelet-length 4 --shapelet-stats full6 --ablation none
399,main,so2sat,adaptive,so2sat_adaptive,45,sq_seqnn_fast.py,main__so2sat_adaptive__seed45,--dataset so2sat --frontend-mode global --gate-type CRY --measure-bases xyz --n-qubits 10 --cls-hidden 10 --ablation none
400,main,so2sat,shared,so2sat_shared,45,sq_seqnn_fast.py,main__so2sat_shared__seed45,--dataset so2sat --frontend-mode shapelet --gate-type CZ --measure-bases x --n-qubits 10 --cls-hidden 10 --shapelet-count 6 --shapelet-length 4 --shapelet-stats compact4 --ablation none
401,isolation,overhead,adaptive,overhead_adaptive__classical_only,45,sq_seqnn_fast.py,isolation__overhead_adaptive__classical_only__seed45,--dataset overhead --overhead-mode seqnn5 --frontend-mode conv --gate-type CX --measure-bases x --n-qubits 8 --cls-hidden 10 --conv-width 4 --ablation classical_only
402,isolation,overhead,adaptive,overhead_adaptive__mlp_replace,45,sq_seqnn_fast.py,isolation__overhead_adaptive__mlp_replace__seed45,--dataset overhead --overhead-mode seqnn5 --frontend-mode conv --gate-type CX --measure-bases x --n-qubits 8 --cls-hidden 10 --conv-width 4 --ablation mlp_replace
403,isolation,overhead,adaptive,overhead_adaptive__frozen_quantum,45,sq_seqnn_fast.py,isolation__overhead_adaptive__frozen_quantum__seed45,--dataset overhead --overhead-mode seqnn5 --frontend-mode conv --gate-type CX --measure-bases x --n-qubits 8 --cls-hidden 10 --conv-width 4 --ablation frozen_quantum
404,isolation,overhead,adaptive,overhead_adaptive__no_iqp,45,sq_seqnn_fast.py,isolation__overhead_adaptive__no_iqp__seed45,--dataset overhead --overhead-mode seqnn5 --frontend-mode conv --gate-type CX --measure-bases x --n-qubits 8 --cls-hidden 10 --conv-width 4 --ablation no_iqp
405,isolation,overhead,adaptive,overhead_adaptive__no_reupload,45,sq_seqnn_fast.py,isolation__overhead_adaptive__no_reupload__seed45,--dataset overhead --overhead-mode seqnn5 --frontend-mode conv --gate-type CX --measure-bases x --n-qubits 8 --cls-hidden 10 --conv-width 4 --ablation no_reupload
406,isolation,overhead,adaptive,overhead_adaptive__fixed_z,45,sq_seqnn_fast.py,isolation__overhead_adaptive__fixed_z__seed45,--dataset overhead --overhead-mode seqnn5 --frontend-mode conv --gate-type CX --measure-bases x --n-qubits 8 --cls-hidden 10 --conv-width 4 --ablation fixed_z
407,isolation,sat6,both,sat6__classical_only,45,sq_seqnn_fast.py,isolation__sat6__classical_only__seed45,--dataset sat6 --frontend-mode shapelet --gate-type XX --measure-bases x --n-qubits 10 --cls-hidden 10 --shapelet-count 6 --shapelet-length 4 --shapelet-stats full6 --ablation classical_only
408,isolation,sat6,both,sat6__mlp_replace,45,sq_seqnn_fast.py,isolation__sat6__mlp_replace__seed45,--dataset sat6 --frontend-mode shapelet --gate-type XX --measure-bases x --n-qubits 10 --cls-hidden 10 --shapelet-count 6 --shapelet-length 4 --shapelet-stats full6 --ablation mlp_replace
409,isolation,sat6,both,sat6__frozen_quantum,45,sq_seqnn_fast.py,isolation__sat6__frozen_quantum__seed45,--dataset sat6 --frontend-mode shapelet --gate-type XX --measure-bases x --n-qubits 10 --cls-hidden 10 --shapelet-count 6 --shapelet-length 4 --shapelet-stats full6 --ablation frozen_quantum
410,isolation,sat6,both,sat6__no_iqp,45,sq_seqnn_fast.py,isolation__sat6__no_iqp__seed45,--dataset sat6 --frontend-mode shapelet --gate-type XX --measure-bases x --n-qubits 10 --cls-hidden 10 --shapelet-count 6 --shapelet-length 4 --shapelet-stats full6 --ablation no_iqp
411,isolation,sat6,both,sat6__no_reupload,45,sq_seqnn_fast.py,isolation__sat6__no_reupload__seed45,--dataset sat6 --frontend-mode shapelet --gate-type XX --measure-bases x --n-qubits 10 --cls-hidden 10 --shapelet-count 6 --shapelet-length 4 --shapelet-stats full6 --ablation no_reupload
412,isolation,sat6,both,sat6__fixed_z,45,sq_seqnn_fast.py,isolation__sat6__fixed_z__seed45,--dataset sat6 --frontend-mode shapelet --gate-type XX --measure-bases x --n-qubits 10 --cls-hidden 10 --shapelet-count 6 --shapelet-length 4 --shapelet-stats full6 --ablation fixed_z
413,isolation,so2sat,adaptive,so2sat_adaptive__classical_only,45,sq_seqnn_fast.py,isolation__so2sat_adaptive__classical_only__seed45,--dataset so2sat --frontend-mode global --gate-type CRY --measure-bases xyz --n-qubits 10 --cls-hidden 10 --ablation classical_only
414,isolation,so2sat,adaptive,so2sat_adaptive__mlp_replace,45,sq_seqnn_fast.py,isolation__so2sat_adaptive__mlp_replace__seed45,--dataset so2sat --frontend-mode global --gate-type CRY --measure-bases xyz --n-qubits 10 --cls-hidden 10 --ablation mlp_replace
415,isolation,so2sat,adaptive,so2sat_adaptive__frozen_quantum,45,sq_seqnn_fast.py,isolation__so2sat_adaptive__frozen_quantum__seed45,--dataset so2sat --frontend-mode global --gate-type CRY --measure-bases xyz --n-qubits 10 --cls-hidden 10 --ablation frozen_quantum
416,isolation,so2sat,adaptive,so2sat_adaptive__no_iqp,45,sq_seqnn_fast.py,isolation__so2sat_adaptive__no_iqp__seed45,--dataset so2sat --frontend-mode global --gate-type CRY --measure-bases xyz --n-qubits 10 --cls-hidden 10 --ablation no_iqp
417,isolation,so2sat,adaptive,so2sat_adaptive__no_reupload,45,sq_seqnn_fast.py,isolation__so2sat_adaptive__no_reupload__seed45,--dataset so2sat --frontend-mode global --gate-type CRY --measure-bases xyz --n-qubits 10 --cls-hidden 10 --ablation no_reupload
418,isolation,so2sat,adaptive,so2sat_adaptive__fixed_z,45,sq_seqnn_fast.py,isolation__so2sat_adaptive__fixed_z__seed45,--dataset so2sat --frontend-mode global --gate-type CRY --measure-bases xyz --n-qubits 10 --cls-hidden 10 --ablation fixed_z
419,gate,overhead,adaptive,overhead_adaptive__gateZZ,45,sq_seqnn_fast.py,gate__overhead_adaptive__gateZZ__seed45,--dataset overhead --overhead-mode seqnn5 --frontend-mode conv --gate-type ZZ --measure-bases x --n-qubits 8 --cls-hidden 10 --conv-width 4
420,gate,overhead,adaptive,overhead_adaptive__gateCZ,45,sq_seqnn_fast.py,gate__overhead_adaptive__gateCZ__seed45,--dataset overhead --overhead-mode seqnn5 --frontend-mode conv --gate-type CZ --measure-bases x --n-qubits 8 --cls-hidden 10 --conv-width 4
421,gate,overhead,adaptive,overhead_adaptive__gateXY,45,sq_seqnn_fast.py,gate__overhead_adaptive__gateXY__seed45,--dataset overhead --overhead-mode seqnn5 --frontend-mode conv --gate-type XY --measure-bases x --n-qubits 8 --cls-hidden 10 --conv-width 4
422,gate,overhead,adaptive,overhead_adaptive__gateCRZ,45,sq_seqnn_fast.py,gate__overhead_adaptive__gateCRZ__seed45,--dataset overhead --overhead-mode seqnn5 --frontend-mode conv --gate-type CRZ --measure-bases x --n-qubits 8 --cls-hidden 10 --conv-width 4
423,gate,overhead,adaptive,overhead_adaptive__gateCRY,45,sq_seqnn_fast.py,gate__overhead_adaptive__gateCRY__seed45,--dataset overhead --overhead-mode seqnn5 --frontend-mode conv --gate-type CRY --measure-bases x --n-qubits 8 --cls-hidden 10 --conv-width 4
424,gate,overhead,adaptive,overhead_adaptive__gateXX,45,sq_seqnn_fast.py,gate__overhead_adaptive__gateXX__seed45,--dataset overhead --overhead-mode seqnn5 --frontend-mode conv --gate-type XX --measure-bases x --n-qubits 8 --cls-hidden 10 --conv-width 4
425,gate,overhead,adaptive,overhead_adaptive__gateYY,45,sq_seqnn_fast.py,gate__overhead_adaptive__gateYY__seed45,--dataset overhead --overhead-mode seqnn5 --frontend-mode conv --gate-type YY --measure-bases x --n-qubits 8 --cls-hidden 10 --conv-width 4
426,gate,overhead,shared,overhead_shared__gateZZ,45,sq_seqnn_fast.py,gate__overhead_shared__gateZZ__seed45,--dataset overhead --overhead-mode seqnn5 --frontend-mode shapelet --gate-type ZZ --measure-bases z --n-qubits 10 --cls-hidden 10 --shapelet-count 6 --shapelet-length 1 --shapelet-stats compact4
427,gate,overhead,shared,overhead_shared__gateCZ,45,sq_seqnn_fast.py,gate__overhead_shared__gateCZ__seed45,--dataset overhead --overhead-mode seqnn5 --frontend-mode shapelet --gate-type CZ --measure-bases z --n-qubits 10 --cls-hidden 10 --shapelet-count 6 --shapelet-length 1 --shapelet-stats compact4
428,gate,overhead,shared,overhead_shared__gateCX,45,sq_seqnn_fast.py,gate__overhead_shared__gateCX__seed45,--dataset overhead --overhead-mode seqnn5 --frontend-mode shapelet --gate-type CX --measure-bases z --n-qubits 10 --cls-hidden 10 --shapelet-count 6 --shapelet-length 1 --shapelet-stats compact4
429,gate,overhead,shared,overhead_shared__gateCRZ,45,sq_seqnn_fast.py,gate__overhead_shared__gateCRZ__seed45,--dataset overhead --overhead-mode seqnn5 --frontend-mode shapelet --gate-type CRZ --measure-bases z --n-qubits 10 --cls-hidden 10 --shapelet-count 6 --shapelet-length 1 --shapelet-stats compact4
430,gate,overhead,shared,overhead_shared__gateCRY,45,sq_seqnn_fast.py,gate__overhead_shared__gateCRY__seed45,--dataset overhead --overhead-mode seqnn5 --frontend-mode shapelet --gate-type CRY --measure-bases z --n-qubits 10 --cls-hidden 10 --shapelet-count 6 --shapelet-length 1 --shapelet-stats compact4
431,gate,overhead,shared,overhead_shared__gateXX,45,sq_seqnn_fast.py,gate__overhead_shared__gateXX__seed45,--dataset overhead --overhead-mode seqnn5 --frontend-mode shapelet --gate-type XX --measure-bases z --n-qubits 10 --cls-hidden 10 --shapelet-count 6 --shapelet-length 1 --shapelet-stats compact4
432,gate,overhead,shared,overhead_shared__gateYY,45,sq_seqnn_fast.py,gate__overhead_shared__gateYY__seed45,--dataset overhead --overhead-mode seqnn5 --frontend-mode shapelet --gate-type YY --measure-bases z --n-qubits 10 --cls-hidden 10 --shapelet-count 6 --shapelet-length 1 --shapelet-stats compact4
433,gate,sat6,both,sat6__gateZZ,45,sq_seqnn_fast.py,gate__sat6__gateZZ__seed45,--dataset sat6 --frontend-mode shapelet --gate-type ZZ --measure-bases x --n-qubits 10 --cls-hidden 10 --shapelet-count 6 --shapelet-length 4 --shapelet-stats full6
434,gate,sat6,both,sat6__gateCZ,45,sq_seqnn_fast.py,gate__sat6__gateCZ__seed45,--dataset sat6 --frontend-mode shapelet --gate-type CZ --measure-bases x --n-qubits 10 --cls-hidden 10 --shapelet-count 6 --shapelet-length 4 --shapelet-stats full6
435,gate,sat6,both,sat6__gateCX,45,sq_seqnn_fast.py,gate__sat6__gateCX__seed45,--dataset sat6 --frontend-mode shapelet --gate-type CX --measure-bases x --n-qubits 10 --cls-hidden 10 --shapelet-count 6 --shapelet-length 4 --shapelet-stats full6
436,gate,sat6,both,sat6__gateXY,45,sq_seqnn_fast.py,gate__sat6__gateXY__seed45,--dataset sat6 --frontend-mode shapelet --gate-type XY --measure-bases x --n-qubits 10 --cls-hidden 10 --shapelet-count 6 --shapelet-length 4 --shapelet-stats full6
437,gate,sat6,both,sat6__gateCRZ,45,sq_seqnn_fast.py,gate__sat6__gateCRZ__seed45,--dataset sat6 --frontend-mode shapelet --gate-type CRZ --measure-bases x --n-qubits 10 --cls-hidden 10 --shapelet-count 6 --shapelet-length 4 --shapelet-stats full6
438,gate,sat6,both,sat6__gateCRY,45,sq_seqnn_fast.py,gate__sat6__gateCRY__seed45,--dataset sat6 --frontend-mode shapelet --gate-type CRY --measure-bases x --n-qubits 10 --cls-hidden 10 --shapelet-count 6 --shapelet-length 4 --shapelet-stats full6
439,gate,sat6,both,sat6__gateYY,45,sq_seqnn_fast.py,gate__sat6__gateYY__seed45,--dataset sat6 --frontend-mode shapelet --gate-type YY --measure-bases x --n-qubits 10 --cls-hidden 10 --shapelet-count 6 --shapelet-length 4 --shapelet-stats full6
440,gate,so2sat,adaptive,so2sat_adaptive__gateZZ,45,sq_seqnn_fast.py,gate__so2sat_adaptive__gateZZ__seed45,--dataset so2sat --frontend-mode global --gate-type ZZ --measure-bases xyz --n-qubits 10 --cls-hidden 10
441,gate,so2sat,adaptive,so2sat_adaptive__gateCZ,45,sq_seqnn_fast.py,gate__so2sat_adaptive__gateCZ__seed45,--dataset so2sat --frontend-mode global --gate-type CZ --measure-bases xyz --n-qubits 10 --cls-hidden 10
442,gate,so2sat,adaptive,so2sat_adaptive__gateCX,45,sq_seqnn_fast.py,gate__so2sat_adaptive__gateCX__seed45,--dataset so2sat --frontend-mode global --gate-type CX --measure-bases xyz --n-qubits 10 --cls-hidden 10
443,gate,so2sat,adaptive,so2sat_adaptive__gateXY,45,sq_seqnn_fast.py,gate__so2sat_adaptive__gateXY__seed45,--dataset so2sat --frontend-mode global --gate-type XY --measure-bases xyz --n-qubits 10 --cls-hidden 10
444,gate,so2sat,adaptive,so2sat_adaptive__gateCRZ,45,sq_seqnn_fast.py,gate__so2sat_adaptive__gateCRZ__seed45,--dataset so2sat --frontend-mode global --gate-type CRZ --measure-bases xyz --n-qubits 10 --cls-hidden 10
445,gate,so2sat,adaptive,so2sat_adaptive__gateXX,45,sq_seqnn_fast.py,gate__so2sat_adaptive__gateXX__seed45,--dataset so2sat --frontend-mode global --gate-type XX --measure-bases xyz --n-qubits 10 --cls-hidden 10
446,gate,so2sat,adaptive,so2sat_adaptive__gateYY,45,sq_seqnn_fast.py,gate__so2sat_adaptive__gateYY__seed45,--dataset so2sat --frontend-mode global --gate-type YY --measure-bases xyz --n-qubits 10 --cls-hidden 10
447,gate,so2sat,shared,so2sat_shared__gateZZ,45,sq_seqnn_fast.py,gate__so2sat_shared__gateZZ__seed45,--dataset so2sat --frontend-mode shapelet --gate-type ZZ --measure-bases x --n-qubits 10 --cls-hidden 10 --shapelet-count 6 --shapelet-length 4 --shapelet-stats compact4
448,gate,so2sat,shared,so2sat_shared__gateCX,45,sq_seqnn_fast.py,gate__so2sat_shared__gateCX__seed45,--dataset so2sat --frontend-mode shapelet --gate-type CX --measure-bases x --n-qubits 10 --cls-hidden 10 --shapelet-count 6 --shapelet-length 4 --shapelet-stats compact4
449,gate,so2sat,shared,so2sat_shared__gateXY,45,sq_seqnn_fast.py,gate__so2sat_shared__gateXY__seed45,--dataset so2sat --frontend-mode shapelet --gate-type XY --measure-bases x --n-qubits 10 --cls-hidden 10 --shapelet-count 6 --shapelet-length 4 --shapelet-stats compact4
450,gate,so2sat,shared,so2sat_shared__gateCRZ,45,sq_seqnn_fast.py,gate__so2sat_shared__gateCRZ__seed45,--dataset so2sat --frontend-mode shapelet --gate-type CRZ --measure-bases x --n-qubits 10 --cls-hidden 10 --shapelet-count 6 --shapelet-length 4 --shapelet-stats compact4
451,gate,so2sat,shared,so2sat_shared__gateCRY,45,sq_seqnn_fast.py,gate__so2sat_shared__gateCRY__seed45,--dataset so2sat --frontend-mode shapelet --gate-type CRY --measure-bases x --n-qubits 10 --cls-hidden 10 --shapelet-count 6 --shapelet-length 4 --shapelet-stats compact4
452,gate,so2sat,shared,so2sat_shared__gateXX,45,sq_seqnn_fast.py,gate__so2sat_shared__gateXX__seed45,--dataset so2sat --frontend-mode shapelet --gate-type XX --measure-bases x --n-qubits 10 --cls-hidden 10 --shapelet-count 6 --shapelet-length 4 --shapelet-stats compact4
453,gate,so2sat,shared,so2sat_shared__gateYY,45,sq_seqnn_fast.py,gate__so2sat_shared__gateYY__seed45,--dataset so2sat --frontend-mode shapelet --gate-type YY --measure-bases x --n-qubits 10 --cls-hidden 10 --shapelet-count 6 --shapelet-length 4 --shapelet-stats compact4
454,basis,overhead,adaptive,overhead_adaptive__basisY,45,sq_seqnn_fast.py,basis__overhead_adaptive__basisY__seed45,--dataset overhead --overhead-mode seqnn5 --frontend-mode conv --gate-type CX --measure-bases y --n-qubits 8 --cls-hidden 10 --conv-width 4
455,basis,overhead,adaptive,overhead_adaptive__basisZ,45,sq_seqnn_fast.py,basis__overhead_adaptive__basisZ__seed45,--dataset overhead --overhead-mode seqnn5 --frontend-mode conv --gate-type CX --measure-bases z --n-qubits 8 --cls-hidden 10 --conv-width 4
456,basis,overhead,adaptive,overhead_adaptive__basisXYZ,45,sq_seqnn_fast.py,basis__overhead_adaptive__basisXYZ__seed45,--dataset overhead --overhead-mode seqnn5 --frontend-mode conv --gate-type CX --measure-bases xyz --n-qubits 8 --cls-hidden 10 --conv-width 4
457,basis,overhead,shared,overhead_shared__basisX,45,sq_seqnn_fast.py,basis__overhead_shared__basisX__seed45,--dataset overhead --overhead-mode seqnn5 --frontend-mode shapelet --gate-type XY --measure-bases x --n-qubits 10 --cls-hidden 10 --shapelet-count 6 --shapelet-length 1 --shapelet-stats compact4
458,basis,overhead,shared,overhead_shared__basisY,45,sq_seqnn_fast.py,basis__overhead_shared__basisY__seed45,--dataset overhead --overhead-mode seqnn5 --frontend-mode shapelet --gate-type XY --measure-bases y --n-qubits 10 --cls-hidden 10 --shapelet-count 6 --shapelet-length 1 --shapelet-stats compact4
459,basis,overhead,shared,overhead_shared__basisXYZ,45,sq_seqnn_fast.py,basis__overhead_shared__basisXYZ__seed45,--dataset overhead --overhead-mode seqnn5 --frontend-mode shapelet --gate-type XY --measure-bases xyz --n-qubits 10 --cls-hidden 10 --shapelet-count 6 --shapelet-length 1 --shapelet-stats compact4
460,basis,sat6,both,sat6__basisY,45,sq_seqnn_fast.py,basis__sat6__basisY__seed45,--dataset sat6 --frontend-mode shapelet --gate-type XX --measure-bases y --n-qubits 10 --cls-hidden 10 --shapelet-count 6 --shapelet-length 4 --shapelet-stats full6
461,basis,sat6,both,sat6__basisZ,45,sq_seqnn_fast.py,basis__sat6__basisZ__seed45,--dataset sat6 --frontend-mode shapelet --gate-type XX --measure-bases z --n-qubits 10 --cls-hidden 10 --shapelet-count 6 --shapelet-length 4 --shapelet-stats full6
462,basis,sat6,both,sat6__basisXYZ,45,sq_seqnn_fast.py,basis__sat6__basisXYZ__seed45,--dataset sat6 --frontend-mode shapelet --gate-type XX --measure-bases xyz --n-qubits 10 --cls-hidden 10 --shapelet-count 6 --shapelet-length 4 --shapelet-stats full6
463,basis,so2sat,adaptive,so2sat_adaptive__basisX,45,sq_seqnn_fast.py,basis__so2sat_adaptive__basisX__seed45,--dataset so2sat --frontend-mode global --gate-type CRY --measure-bases x --n-qubits 10 --cls-hidden 10
464,basis,so2sat,adaptive,so2sat_adaptive__basisY,45,sq_seqnn_fast.py,basis__so2sat_adaptive__basisY__seed45,--dataset so2sat --frontend-mode global --gate-type CRY --measure-bases y --n-qubits 10 --cls-hidden 10
465,basis,so2sat,adaptive,so2sat_adaptive__basisZ,45,sq_seqnn_fast.py,basis__so2sat_adaptive__basisZ__seed45,--dataset so2sat --frontend-mode global --gate-type CRY --measure-bases z --n-qubits 10 --cls-hidden 10
466,basis,so2sat,shared,so2sat_shared__basisY,45,sq_seqnn_fast.py,basis__so2sat_shared__basisY__seed45,--dataset so2sat --frontend-mode shapelet --gate-type CZ --measure-bases y --n-qubits 10 --cls-hidden 10 --shapelet-count 6 --shapelet-length 4 --shapelet-stats compact4
467,basis,so2sat,shared,so2sat_shared__basisZ,45,sq_seqnn_fast.py,basis__so2sat_shared__basisZ__seed45,--dataset so2sat --frontend-mode shapelet --gate-type CZ --measure-bases z --n-qubits 10 --cls-hidden 10 --shapelet-count 6 --shapelet-length 4 --shapelet-stats compact4
468,basis,so2sat,shared,so2sat_shared__basisXYZ,45,sq_seqnn_fast.py,basis__so2sat_shared__basisXYZ__seed45,--dataset so2sat --frontend-mode shapelet --gate-type CZ --measure-bases xyz --n-qubits 10 --cls-hidden 10 --shapelet-count 6 --shapelet-length 4 --shapelet-stats compact4
469,fusion,overhead,adaptive,overhead_adaptive__quantum_only,45,sq_seqnn_fast.py,fusion__overhead_adaptive__quantum_only__seed45,--dataset overhead --overhead-mode seqnn5 --frontend-mode conv --gate-type CX --measure-bases x --n-qubits 8 --cls-hidden 10 --conv-width 4 --ablation quantum_only
470,fusion,overhead,shared,overhead_shared__quantum_only,45,sq_seqnn_fast.py,fusion__overhead_shared__quantum_only__seed45,--dataset overhead --overhead-mode seqnn5 --frontend-mode shapelet --gate-type XY --measure-bases z --n-qubits 10 --cls-hidden 10 --shapelet-count 6 --shapelet-length 1 --shapelet-stats compact4 --ablation quantum_only
471,fusion,sat6,both,sat6__quantum_only,45,sq_seqnn_fast.py,fusion__sat6__quantum_only__seed45,--dataset sat6 --frontend-mode shapelet --gate-type XX --measure-bases x --n-qubits 10 --cls-hidden 10 --shapelet-count 6 --shapelet-length 4 --shapelet-stats full6 --ablation quantum_only
472,fusion,so2sat,adaptive,so2sat_adaptive__quantum_only,45,sq_seqnn_fast.py,fusion__so2sat_adaptive__quantum_only__seed45,--dataset so2sat --frontend-mode global --gate-type CRY --measure-bases xyz --n-qubits 10 --cls-hidden 10 --ablation quantum_only
473,fusion,so2sat,shared,so2sat_shared__quantum_only,45,sq_seqnn_fast.py,fusion__so2sat_shared__quantum_only__seed45,--dataset so2sat --frontend-mode shapelet --gate-type CZ --measure-bases x --n-qubits 10 --cls-hidden 10 --shapelet-count 6 --shapelet-length 4 --shapelet-stats compact4 --ablation quantum_only
474,schedule,overhead,adaptive,overhead_adaptive__sharedLR,45,sq_seqnn_fast.py,schedule__overhead_adaptive__sharedLR__seed45,--dataset overhead --overhead-mode seqnn5 --frontend-mode conv --gate-type CX --measure-bases x --n-qubits 8 --cls-hidden 10 --conv-width 4 --lr-q-factor 1.0
475,schedule,overhead,shared,overhead_shared__sharedLR,45,sq_seqnn_fast.py,schedule__overhead_shared__sharedLR__seed45,--dataset overhead --overhead-mode seqnn5 --frontend-mode shapelet --gate-type XY --measure-bases z --n-qubits 10 --cls-hidden 10 --shapelet-count 6 --shapelet-length 1 --shapelet-stats compact4 --lr-q-factor 1.0
476,schedule,sat6,both,sat6__sharedLR,45,sq_seqnn_fast.py,schedule__sat6__sharedLR__seed45,--dataset sat6 --frontend-mode shapelet --gate-type XX --measure-bases x --n-qubits 10 --cls-hidden 10 --shapelet-count 6 --shapelet-length 4 --shapelet-stats full6 --lr-q-factor 1.0
477,schedule,so2sat,adaptive,so2sat_adaptive__sharedLR,45,sq_seqnn_fast.py,schedule__so2sat_adaptive__sharedLR__seed45,--dataset so2sat --frontend-mode global --gate-type CRY --measure-bases xyz --n-qubits 10 --cls-hidden 10 --lr-q-factor 1.0
478,schedule,so2sat,shared,so2sat_shared__sharedLR,45,sq_seqnn_fast.py,schedule__so2sat_shared__sharedLR__seed45,--dataset so2sat --frontend-mode shapelet --gate-type CZ --measure-bases x --n-qubits 10 --cls-hidden 10 --shapelet-count 6 --shapelet-length 4 --shapelet-stats compact4 --lr-q-factor 1.0
479,sens_nq,overhead,adaptive,overhead_adaptive__nq10,45,sq_seqnn_fast.py,sens_nq__overhead_adaptive__nq10__seed45,--dataset overhead --overhead-mode seqnn5 --frontend-mode conv --gate-type CX --measure-bases x --n-qubits 10 --cls-hidden 10 --conv-width 4
480,sens_nq,overhead,adaptive,overhead_adaptive__nq12,45,sq_seqnn_fast.py,sens_nq__overhead_adaptive__nq12__seed45,--dataset overhead --overhead-mode seqnn5 --frontend-mode conv --gate-type CX --measure-bases x --n-qubits 12 --cls-hidden 10 --conv-width 4
481,sens_R,overhead,adaptive,overhead_adaptive__R1,45,sq_seqnn_fast.py,sens_R__overhead_adaptive__R1__seed45,--dataset overhead --overhead-mode seqnn5 --frontend-mode conv --gate-type CX --measure-bases x --n-qubits 8 --cls-hidden 10 --conv-width 4 --n-reupload 1
482,sens_R,overhead,adaptive,overhead_adaptive__R3,45,sq_seqnn_fast.py,sens_R__overhead_adaptive__R3__seed45,--dataset overhead --overhead-mode seqnn5 --frontend-mode conv --gate-type CX --measure-bases x --n-qubits 8 --cls-hidden 10 --conv-width 4 --n-reupload 3
483,sens_R,overhead,shared,overhead_shared__R1,45,sq_seqnn_fast.py,sens_R__overhead_shared__R1__seed45,--dataset overhead --overhead-mode seqnn5 --frontend-mode shapelet --gate-type XY --measure-bases z --n-qubits 10 --cls-hidden 10 --shapelet-count 6 --shapelet-length 1 --shapelet-stats compact4 --n-reupload 1
484,sens_R,overhead,shared,overhead_shared__R3,45,sq_seqnn_fast.py,sens_R__overhead_shared__R3__seed45,--dataset overhead --overhead-mode seqnn5 --frontend-mode shapelet --gate-type XY --measure-bases z --n-qubits 10 --cls-hidden 10 --shapelet-count 6 --shapelet-length 1 --shapelet-stats compact4 --n-reupload 3
485,sens_R,sat6,both,sat6__R1,45,sq_seqnn_fast.py,sens_R__sat6__R1__seed45,--dataset sat6 --frontend-mode shapelet --gate-type XX --measure-bases x --n-qubits 10 --cls-hidden 10 --shapelet-count 6 --shapelet-length 4 --shapelet-stats full6 --n-reupload 1
486,sens_R,sat6,both,sat6__R3,45,sq_seqnn_fast.py,sens_R__sat6__R3__seed45,--dataset sat6 --frontend-mode shapelet --gate-type XX --measure-bases x --n-qubits 10 --cls-hidden 10 --shapelet-count 6 --shapelet-length 4 --shapelet-stats full6 --n-reupload 3
487,sens_R,so2sat,adaptive,so2sat_adaptive__R1,45,sq_seqnn_fast.py,sens_R__so2sat_adaptive__R1__seed45,--dataset so2sat --frontend-mode global --gate-type CRY --measure-bases xyz --n-qubits 10 --cls-hidden 10 --n-reupload 1
488,sens_R,so2sat,adaptive,so2sat_adaptive__R3,45,sq_seqnn_fast.py,sens_R__so2sat_adaptive__R3__seed45,--dataset so2sat --frontend-mode global --gate-type CRY --measure-bases xyz --n-qubits 10 --cls-hidden 10 --n-reupload 3
489,sens_R,so2sat,shared,so2sat_shared__R1,45,sq_seqnn_fast.py,sens_R__so2sat_shared__R1__seed45,--dataset so2sat --frontend-mode shapelet --gate-type CZ --measure-bases x --n-qubits 10 --cls-hidden 10 --shapelet-count 6 --shapelet-length 4 --shapelet-stats compact4 --n-reupload 1
490,sens_R,so2sat,shared,so2sat_shared__R3,45,sq_seqnn_fast.py,sens_R__so2sat_shared__R3__seed45,--dataset so2sat --frontend-mode shapelet --gate-type CZ --measure-bases x --n-qubits 10 --cls-hidden 10 --shapelet-count 6 --shapelet-length 4 --shapelet-stats compact4 --n-reupload 3
491,sens_eps,overhead,adaptive,overhead_adaptive__eps0.00,45,sq_seqnn_fast.py,sens_eps__overhead_adaptive__eps0.00__seed45,--dataset overhead --overhead-mode seqnn5 --frontend-mode conv --gate-type CX --measure-bases x --n-qubits 8 --cls-hidden 10 --conv-width 4 --label-smooth 0.00
492,sens_eps,overhead,adaptive,overhead_adaptive__eps0.10,45,sq_seqnn_fast.py,sens_eps__overhead_adaptive__eps0.10__seed45,--dataset overhead --overhead-mode seqnn5 --frontend-mode conv --gate-type CX --measure-bases x --n-qubits 8 --cls-hidden 10 --conv-width 4 --label-smooth 0.10
493,sens_eps,overhead,shared,overhead_shared__eps0.00,45,sq_seqnn_fast.py,sens_eps__overhead_shared__eps0.00__seed45,--dataset overhead --overhead-mode seqnn5 --frontend-mode shapelet --gate-type XY --measure-bases z --n-qubits 10 --cls-hidden 10 --shapelet-count 6 --shapelet-length 1 --shapelet-stats compact4 --label-smooth 0.00
494,sens_eps,overhead,shared,overhead_shared__eps0.10,45,sq_seqnn_fast.py,sens_eps__overhead_shared__eps0.10__seed45,--dataset overhead --overhead-mode seqnn5 --frontend-mode shapelet --gate-type XY --measure-bases z --n-qubits 10 --cls-hidden 10 --shapelet-count 6 --shapelet-length 1 --shapelet-stats compact4 --label-smooth 0.10
495,sens_eps,sat6,both,sat6__eps0.00,45,sq_seqnn_fast.py,sens_eps__sat6__eps0.00__seed45,--dataset sat6 --frontend-mode shapelet --gate-type XX --measure-bases x --n-qubits 10 --cls-hidden 10 --shapelet-count 6 --shapelet-length 4 --shapelet-stats full6 --label-smooth 0.00
496,sens_eps,sat6,both,sat6__eps0.10,45,sq_seqnn_fast.py,sens_eps__sat6__eps0.10__seed45,--dataset sat6 --frontend-mode shapelet --gate-type XX --measure-bases x --n-qubits 10 --cls-hidden 10 --shapelet-count 6 --shapelet-length 4 --shapelet-stats full6 --label-smooth 0.10
497,sens_eps,so2sat,adaptive,so2sat_adaptive__eps0.00,45,sq_seqnn_fast.py,sens_eps__so2sat_adaptive__eps0.00__seed45,--dataset so2sat --frontend-mode global --gate-type CRY --measure-bases xyz --n-qubits 10 --cls-hidden 10 --label-smooth 0.00
498,sens_eps,so2sat,adaptive,so2sat_adaptive__eps0.10,45,sq_seqnn_fast.py,sens_eps__so2sat_adaptive__eps0.10__seed45,--dataset so2sat --frontend-mode global --gate-type CRY --measure-bases xyz --n-qubits 10 --cls-hidden 10 --label-smooth 0.10
499,sens_eps,so2sat,shared,so2sat_shared__eps0.00,45,sq_seqnn_fast.py,sens_eps__so2sat_shared__eps0.00__seed45,--dataset so2sat --frontend-mode shapelet --gate-type CZ --measure-bases x --n-qubits 10 --cls-hidden 10 --shapelet-count 6 --shapelet-length 4 --shapelet-stats compact4 --label-smooth 0.00
500,sens_eps,so2sat,shared,so2sat_shared__eps0.10,45,sq_seqnn_fast.py,sens_eps__so2sat_shared__eps0.10__seed45,--dataset so2sat --frontend-mode shapelet --gate-type CZ --measure-bases x --n-qubits 10 --cls-hidden 10 --shapelet-count 6 --shapelet-length 4 --shapelet-stats compact4 --label-smooth 0.10
501,seqnn,overhead,w16,seqnn_w16_overhead,45,run_baselines.py,seqnn__seqnn_w16_overhead__seed45,--datasets overhead --baseline seqnn --seqnn-widths 16 --seeds 45
502,seqnn,overhead,w10,seqnn_w10_overhead,45,run_baselines.py,seqnn__seqnn_w10_overhead__seed45,--datasets overhead --baseline seqnn --seqnn-widths 10 --seeds 45
503,seqnn,sat6,w16,seqnn_w16_sat6,45,run_baselines.py,seqnn__seqnn_w16_sat6__seed45,--datasets sat6 --baseline seqnn --seqnn-widths 16 --seeds 45
504,seqnn,sat6,w10,seqnn_w10_sat6,45,run_baselines.py,seqnn__seqnn_w10_sat6__seed45,--datasets sat6 --baseline seqnn --seqnn-widths 10 --seeds 45
505,seqnn,so2sat,w16,seqnn_w16_so2sat,45,run_baselines.py,seqnn__seqnn_w16_so2sat__seed45,--datasets so2sat --baseline seqnn --seqnn-widths 16 --seeds 45
506,seqnn,so2sat,w10,seqnn_w10_so2sat,45,run_baselines.py,seqnn__seqnn_w10_so2sat__seed45,--datasets so2sat --baseline seqnn --seqnn-widths 10 --seeds 45
507,qccnn,overhead,-,qccnn_overhead,45,run_baselines.py,qccnn__qccnn_overhead__seed45,--datasets overhead --baseline qccnn --seeds 45
508,qccnn,sat6,-,qccnn_sat6,45,run_baselines.py,qccnn__qccnn_sat6__seed45,--datasets sat6 --baseline qccnn --seeds 45
509,qccnn,so2sat,-,qccnn_so2sat,45,run_baselines.py,qccnn__qccnn_so2sat__seed45,--datasets so2sat --baseline qccnn --seeds 45
510,classical,overhead,resnet,resnet_overhead,45,heavy_baselines.py,classical__resnet_overhead__seed45,--dataset overhead --model resnet --runs 1 --seed 45 --epochs 80
511,classical,overhead,vgg,vgg_overhead,45,heavy_baselines.py,classical__vgg_overhead__seed45,--dataset overhead --model vgg --runs 1 --seed 45 --epochs 80
512,classical,overhead,densenet,densenet_overhead,45,heavy_baselines.py,classical__densenet_overhead__seed45,--dataset overhead --model densenet --runs 1 --seed 45 --epochs 80
513,classical,overhead,efficientnet,efficientnet_overhead,45,heavy_baselines.py,classical__efficientnet_overhead__seed45,--dataset overhead --model efficientnet --runs 1 --seed 45 --epochs 80
514,classical,overhead,vit,vit_overhead,45,heavy_baselines.py,classical__vit_overhead__seed45,--dataset overhead --model vit --runs 1 --seed 45 --epochs 80
515,classical,overhead,swin,swin_overhead,45,heavy_baselines.py,classical__swin_overhead__seed45,--dataset overhead --model swin --runs 1 --seed 45 --epochs 80
516,classical,sat6,resnet,resnet_sat6,45,heavy_baselines.py,classical__resnet_sat6__seed45,--dataset sat6 --model resnet --runs 1 --seed 45 --epochs 80
517,classical,sat6,vgg,vgg_sat6,45,heavy_baselines.py,classical__vgg_sat6__seed45,--dataset sat6 --model vgg --runs 1 --seed 45 --epochs 80
518,classical,sat6,densenet,densenet_sat6,45,heavy_baselines.py,classical__densenet_sat6__seed45,--dataset sat6 --model densenet --runs 1 --seed 45 --epochs 80
519,classical,sat6,efficientnet,efficientnet_sat6,45,heavy_baselines.py,classical__efficientnet_sat6__seed45,--dataset sat6 --model efficientnet --runs 1 --seed 45 --epochs 80
520,classical,sat6,vit,vit_sat6,45,heavy_baselines.py,classical__vit_sat6__seed45,--dataset sat6 --model vit --runs 1 --seed 45 --epochs 80
521,classical,sat6,swin,swin_sat6,45,heavy_baselines.py,classical__swin_sat6__seed45,--dataset sat6 --model swin --runs 1 --seed 45 --epochs 80
522,classical,so2sat,resnet,resnet_so2sat,45,heavy_baselines.py,classical__resnet_so2sat__seed45,--dataset so2sat --model resnet --runs 1 --seed 45 --epochs 80
523,classical,so2sat,vgg,vgg_so2sat,45,heavy_baselines.py,classical__vgg_so2sat__seed45,--dataset so2sat --model vgg --runs 1 --seed 45 --epochs 80
524,classical,so2sat,densenet,densenet_so2sat,45,heavy_baselines.py,classical__densenet_so2sat__seed45,--dataset so2sat --model densenet --runs 1 --seed 45 --epochs 80
525,classical,so2sat,efficientnet,efficientnet_so2sat,45,heavy_baselines.py,classical__efficientnet_so2sat__seed45,--dataset so2sat --model efficientnet --runs 1 --seed 45 --epochs 80
526,classical,so2sat,vit,vit_so2sat,45,heavy_baselines.py,classical__vit_so2sat__seed45,--dataset so2sat --model vit --runs 1 --seed 45 --epochs 80
527,classical,so2sat,swin,swin_so2sat,45,heavy_baselines.py,classical__swin_so2sat__seed45,--dataset so2sat --model swin --runs 1 --seed 45 --epochs 80
528,main,overhead,adaptive,overhead_adaptive,46,sq_seqnn_fast.py,main__overhead_adaptive__seed46,--dataset overhead --overhead-mode seqnn5 --frontend-mode conv --gate-type CX --measure-bases x --n-qubits 8 --cls-hidden 10 --conv-width 4 --ablation none
529,main,overhead,shared,overhead_shared,46,sq_seqnn_fast.py,main__overhead_shared__seed46,--dataset overhead --overhead-mode seqnn5 --frontend-mode shapelet --gate-type XY --measure-bases z --n-qubits 10 --cls-hidden 10 --shapelet-count 6 --shapelet-length 1 --shapelet-stats compact4 --ablation none
530,main,sat6,both,sat6,46,sq_seqnn_fast.py,main__sat6__seed46,--dataset sat6 --frontend-mode shapelet --gate-type XX --measure-bases x --n-qubits 10 --cls-hidden 10 --shapelet-count 6 --shapelet-length 4 --shapelet-stats full6 --ablation none
531,main,so2sat,adaptive,so2sat_adaptive,46,sq_seqnn_fast.py,main__so2sat_adaptive__seed46,--dataset so2sat --frontend-mode global --gate-type CRY --measure-bases xyz --n-qubits 10 --cls-hidden 10 --ablation none
532,main,so2sat,shared,so2sat_shared,46,sq_seqnn_fast.py,main__so2sat_shared__seed46,--dataset so2sat --frontend-mode shapelet --gate-type CZ --measure-bases x --n-qubits 10 --cls-hidden 10 --shapelet-count 6 --shapelet-length 4 --shapelet-stats compact4 --ablation none
533,isolation,overhead,adaptive,overhead_adaptive__classical_only,46,sq_seqnn_fast.py,isolation__overhead_adaptive__classical_only__seed46,--dataset overhead --overhead-mode seqnn5 --frontend-mode conv --gate-type CX --measure-bases x --n-qubits 8 --cls-hidden 10 --conv-width 4 --ablation classical_only
534,isolation,overhead,adaptive,overhead_adaptive__mlp_replace,46,sq_seqnn_fast.py,isolation__overhead_adaptive__mlp_replace__seed46,--dataset overhead --overhead-mode seqnn5 --frontend-mode conv --gate-type CX --measure-bases x --n-qubits 8 --cls-hidden 10 --conv-width 4 --ablation mlp_replace
535,isolation,overhead,adaptive,overhead_adaptive__frozen_quantum,46,sq_seqnn_fast.py,isolation__overhead_adaptive__frozen_quantum__seed46,--dataset overhead --overhead-mode seqnn5 --frontend-mode conv --gate-type CX --measure-bases x --n-qubits 8 --cls-hidden 10 --conv-width 4 --ablation frozen_quantum
536,isolation,overhead,adaptive,overhead_adaptive__no_iqp,46,sq_seqnn_fast.py,isolation__overhead_adaptive__no_iqp__seed46,--dataset overhead --overhead-mode seqnn5 --frontend-mode conv --gate-type CX --measure-bases x --n-qubits 8 --cls-hidden 10 --conv-width 4 --ablation no_iqp
537,isolation,overhead,adaptive,overhead_adaptive__no_reupload,46,sq_seqnn_fast.py,isolation__overhead_adaptive__no_reupload__seed46,--dataset overhead --overhead-mode seqnn5 --frontend-mode conv --gate-type CX --measure-bases x --n-qubits 8 --cls-hidden 10 --conv-width 4 --ablation no_reupload
538,isolation,overhead,adaptive,overhead_adaptive__fixed_z,46,sq_seqnn_fast.py,isolation__overhead_adaptive__fixed_z__seed46,--dataset overhead --overhead-mode seqnn5 --frontend-mode conv --gate-type CX --measure-bases x --n-qubits 8 --cls-hidden 10 --conv-width 4 --ablation fixed_z
539,isolation,sat6,both,sat6__classical_only,46,sq_seqnn_fast.py,isolation__sat6__classical_only__seed46,--dataset sat6 --frontend-mode shapelet --gate-type XX --measure-bases x --n-qubits 10 --cls-hidden 10 --shapelet-count 6 --shapelet-length 4 --shapelet-stats full6 --ablation classical_only
540,isolation,sat6,both,sat6__mlp_replace,46,sq_seqnn_fast.py,isolation__sat6__mlp_replace__seed46,--dataset sat6 --frontend-mode shapelet --gate-type XX --measure-bases x --n-qubits 10 --cls-hidden 10 --shapelet-count 6 --shapelet-length 4 --shapelet-stats full6 --ablation mlp_replace
541,isolation,sat6,both,sat6__frozen_quantum,46,sq_seqnn_fast.py,isolation__sat6__frozen_quantum__seed46,--dataset sat6 --frontend-mode shapelet --gate-type XX --measure-bases x --n-qubits 10 --cls-hidden 10 --shapelet-count 6 --shapelet-length 4 --shapelet-stats full6 --ablation frozen_quantum
542,isolation,sat6,both,sat6__no_iqp,46,sq_seqnn_fast.py,isolation__sat6__no_iqp__seed46,--dataset sat6 --frontend-mode shapelet --gate-type XX --measure-bases x --n-qubits 10 --cls-hidden 10 --shapelet-count 6 --shapelet-length 4 --shapelet-stats full6 --ablation no_iqp
543,isolation,sat6,both,sat6__no_reupload,46,sq_seqnn_fast.py,isolation__sat6__no_reupload__seed46,--dataset sat6 --frontend-mode shapelet --gate-type XX --measure-bases x --n-qubits 10 --cls-hidden 10 --shapelet-count 6 --shapelet-length 4 --shapelet-stats full6 --ablation no_reupload
544,isolation,sat6,both,sat6__fixed_z,46,sq_seqnn_fast.py,isolation__sat6__fixed_z__seed46,--dataset sat6 --frontend-mode shapelet --gate-type XX --measure-bases x --n-qubits 10 --cls-hidden 10 --shapelet-count 6 --shapelet-length 4 --shapelet-stats full6 --ablation fixed_z
545,isolation,so2sat,adaptive,so2sat_adaptive__classical_only,46,sq_seqnn_fast.py,isolation__so2sat_adaptive__classical_only__seed46,--dataset so2sat --frontend-mode global --gate-type CRY --measure-bases xyz --n-qubits 10 --cls-hidden 10 --ablation classical_only
546,isolation,so2sat,adaptive,so2sat_adaptive__mlp_replace,46,sq_seqnn_fast.py,isolation__so2sat_adaptive__mlp_replace__seed46,--dataset so2sat --frontend-mode global --gate-type CRY --measure-bases xyz --n-qubits 10 --cls-hidden 10 --ablation mlp_replace
547,isolation,so2sat,adaptive,so2sat_adaptive__frozen_quantum,46,sq_seqnn_fast.py,isolation__so2sat_adaptive__frozen_quantum__seed46,--dataset so2sat --frontend-mode global --gate-type CRY --measure-bases xyz --n-qubits 10 --cls-hidden 10 --ablation frozen_quantum
548,isolation,so2sat,adaptive,so2sat_adaptive__no_iqp,46,sq_seqnn_fast.py,isolation__so2sat_adaptive__no_iqp__seed46,--dataset so2sat --frontend-mode global --gate-type CRY --measure-bases xyz --n-qubits 10 --cls-hidden 10 --ablation no_iqp
549,isolation,so2sat,adaptive,so2sat_adaptive__no_reupload,46,sq_seqnn_fast.py,isolation__so2sat_adaptive__no_reupload__seed46,--dataset so2sat --frontend-mode global --gate-type CRY --measure-bases xyz --n-qubits 10 --cls-hidden 10 --ablation no_reupload
550,isolation,so2sat,adaptive,so2sat_adaptive__fixed_z,46,sq_seqnn_fast.py,isolation__so2sat_adaptive__fixed_z__seed46,--dataset so2sat --frontend-mode global --gate-type CRY --measure-bases xyz --n-qubits 10 --cls-hidden 10 --ablation fixed_z
551,gate,overhead,adaptive,overhead_adaptive__gateZZ,46,sq_seqnn_fast.py,gate__overhead_adaptive__gateZZ__seed46,--dataset overhead --overhead-mode seqnn5 --frontend-mode conv --gate-type ZZ --measure-bases x --n-qubits 8 --cls-hidden 10 --conv-width 4
552,gate,overhead,adaptive,overhead_adaptive__gateCZ,46,sq_seqnn_fast.py,gate__overhead_adaptive__gateCZ__seed46,--dataset overhead --overhead-mode seqnn5 --frontend-mode conv --gate-type CZ --measure-bases x --n-qubits 8 --cls-hidden 10 --conv-width 4
553,gate,overhead,adaptive,overhead_adaptive__gateXY,46,sq_seqnn_fast.py,gate__overhead_adaptive__gateXY__seed46,--dataset overhead --overhead-mode seqnn5 --frontend-mode conv --gate-type XY --measure-bases x --n-qubits 8 --cls-hidden 10 --conv-width 4
554,gate,overhead,adaptive,overhead_adaptive__gateCRZ,46,sq_seqnn_fast.py,gate__overhead_adaptive__gateCRZ__seed46,--dataset overhead --overhead-mode seqnn5 --frontend-mode conv --gate-type CRZ --measure-bases x --n-qubits 8 --cls-hidden 10 --conv-width 4
555,gate,overhead,adaptive,overhead_adaptive__gateCRY,46,sq_seqnn_fast.py,gate__overhead_adaptive__gateCRY__seed46,--dataset overhead --overhead-mode seqnn5 --frontend-mode conv --gate-type CRY --measure-bases x --n-qubits 8 --cls-hidden 10 --conv-width 4
556,gate,overhead,adaptive,overhead_adaptive__gateXX,46,sq_seqnn_fast.py,gate__overhead_adaptive__gateXX__seed46,--dataset overhead --overhead-mode seqnn5 --frontend-mode conv --gate-type XX --measure-bases x --n-qubits 8 --cls-hidden 10 --conv-width 4
557,gate,overhead,adaptive,overhead_adaptive__gateYY,46,sq_seqnn_fast.py,gate__overhead_adaptive__gateYY__seed46,--dataset overhead --overhead-mode seqnn5 --frontend-mode conv --gate-type YY --measure-bases x --n-qubits 8 --cls-hidden 10 --conv-width 4
558,gate,overhead,shared,overhead_shared__gateZZ,46,sq_seqnn_fast.py,gate__overhead_shared__gateZZ__seed46,--dataset overhead --overhead-mode seqnn5 --frontend-mode shapelet --gate-type ZZ --measure-bases z --n-qubits 10 --cls-hidden 10 --shapelet-count 6 --shapelet-length 1 --shapelet-stats compact4
559,gate,overhead,shared,overhead_shared__gateCZ,46,sq_seqnn_fast.py,gate__overhead_shared__gateCZ__seed46,--dataset overhead --overhead-mode seqnn5 --frontend-mode shapelet --gate-type CZ --measure-bases z --n-qubits 10 --cls-hidden 10 --shapelet-count 6 --shapelet-length 1 --shapelet-stats compact4
560,gate,overhead,shared,overhead_shared__gateCX,46,sq_seqnn_fast.py,gate__overhead_shared__gateCX__seed46,--dataset overhead --overhead-mode seqnn5 --frontend-mode shapelet --gate-type CX --measure-bases z --n-qubits 10 --cls-hidden 10 --shapelet-count 6 --shapelet-length 1 --shapelet-stats compact4
561,gate,overhead,shared,overhead_shared__gateCRZ,46,sq_seqnn_fast.py,gate__overhead_shared__gateCRZ__seed46,--dataset overhead --overhead-mode seqnn5 --frontend-mode shapelet --gate-type CRZ --measure-bases z --n-qubits 10 --cls-hidden 10 --shapelet-count 6 --shapelet-length 1 --shapelet-stats compact4
562,gate,overhead,shared,overhead_shared__gateCRY,46,sq_seqnn_fast.py,gate__overhead_shared__gateCRY__seed46,--dataset overhead --overhead-mode seqnn5 --frontend-mode shapelet --gate-type CRY --measure-bases z --n-qubits 10 --cls-hidden 10 --shapelet-count 6 --shapelet-length 1 --shapelet-stats compact4
563,gate,overhead,shared,overhead_shared__gateXX,46,sq_seqnn_fast.py,gate__overhead_shared__gateXX__seed46,--dataset overhead --overhead-mode seqnn5 --frontend-mode shapelet --gate-type XX --measure-bases z --n-qubits 10 --cls-hidden 10 --shapelet-count 6 --shapelet-length 1 --shapelet-stats compact4
564,gate,overhead,shared,overhead_shared__gateYY,46,sq_seqnn_fast.py,gate__overhead_shared__gateYY__seed46,--dataset overhead --overhead-mode seqnn5 --frontend-mode shapelet --gate-type YY --measure-bases z --n-qubits 10 --cls-hidden 10 --shapelet-count 6 --shapelet-length 1 --shapelet-stats compact4
565,gate,sat6,both,sat6__gateZZ,46,sq_seqnn_fast.py,gate__sat6__gateZZ__seed46,--dataset sat6 --frontend-mode shapelet --gate-type ZZ --measure-bases x --n-qubits 10 --cls-hidden 10 --shapelet-count 6 --shapelet-length 4 --shapelet-stats full6
566,gate,sat6,both,sat6__gateCZ,46,sq_seqnn_fast.py,gate__sat6__gateCZ__seed46,--dataset sat6 --frontend-mode shapelet --gate-type CZ --measure-bases x --n-qubits 10 --cls-hidden 10 --shapelet-count 6 --shapelet-length 4 --shapelet-stats full6
567,gate,sat6,both,sat6__gateCX,46,sq_seqnn_fast.py,gate__sat6__gateCX__seed46,--dataset sat6 --frontend-mode shapelet --gate-type CX --measure-bases x --n-qubits 10 --cls-hidden 10 --shapelet-count 6 --shapelet-length 4 --shapelet-stats full6
568,gate,sat6,both,sat6__gateXY,46,sq_seqnn_fast.py,gate__sat6__gateXY__seed46,--dataset sat6 --frontend-mode shapelet --gate-type XY --measure-bases x --n-qubits 10 --cls-hidden 10 --shapelet-count 6 --shapelet-length 4 --shapelet-stats full6
569,gate,sat6,both,sat6__gateCRZ,46,sq_seqnn_fast.py,gate__sat6__gateCRZ__seed46,--dataset sat6 --frontend-mode shapelet --gate-type CRZ --measure-bases x --n-qubits 10 --cls-hidden 10 --shapelet-count 6 --shapelet-length 4 --shapelet-stats full6
570,gate,sat6,both,sat6__gateCRY,46,sq_seqnn_fast.py,gate__sat6__gateCRY__seed46,--dataset sat6 --frontend-mode shapelet --gate-type CRY --measure-bases x --n-qubits 10 --cls-hidden 10 --shapelet-count 6 --shapelet-length 4 --shapelet-stats full6
571,gate,sat6,both,sat6__gateYY,46,sq_seqnn_fast.py,gate__sat6__gateYY__seed46,--dataset sat6 --frontend-mode shapelet --gate-type YY --measure-bases x --n-qubits 10 --cls-hidden 10 --shapelet-count 6 --shapelet-length 4 --shapelet-stats full6
572,gate,so2sat,adaptive,so2sat_adaptive__gateZZ,46,sq_seqnn_fast.py,gate__so2sat_adaptive__gateZZ__seed46,--dataset so2sat --frontend-mode global --gate-type ZZ --measure-bases xyz --n-qubits 10 --cls-hidden 10
573,gate,so2sat,adaptive,so2sat_adaptive__gateCZ,46,sq_seqnn_fast.py,gate__so2sat_adaptive__gateCZ__seed46,--dataset so2sat --frontend-mode global --gate-type CZ --measure-bases xyz --n-qubits 10 --cls-hidden 10
574,gate,so2sat,adaptive,so2sat_adaptive__gateCX,46,sq_seqnn_fast.py,gate__so2sat_adaptive__gateCX__seed46,--dataset so2sat --frontend-mode global --gate-type CX --measure-bases xyz --n-qubits 10 --cls-hidden 10
575,gate,so2sat,adaptive,so2sat_adaptive__gateXY,46,sq_seqnn_fast.py,gate__so2sat_adaptive__gateXY__seed46,--dataset so2sat --frontend-mode global --gate-type XY --measure-bases xyz --n-qubits 10 --cls-hidden 10
576,gate,so2sat,adaptive,so2sat_adaptive__gateCRZ,46,sq_seqnn_fast.py,gate__so2sat_adaptive__gateCRZ__seed46,--dataset so2sat --frontend-mode global --gate-type CRZ --measure-bases xyz --n-qubits 10 --cls-hidden 10
577,gate,so2sat,adaptive,so2sat_adaptive__gateXX,46,sq_seqnn_fast.py,gate__so2sat_adaptive__gateXX__seed46,--dataset so2sat --frontend-mode global --gate-type XX --measure-bases xyz --n-qubits 10 --cls-hidden 10
578,gate,so2sat,adaptive,so2sat_adaptive__gateYY,46,sq_seqnn_fast.py,gate__so2sat_adaptive__gateYY__seed46,--dataset so2sat --frontend-mode global --gate-type YY --measure-bases xyz --n-qubits 10 --cls-hidden 10
579,gate,so2sat,shared,so2sat_shared__gateZZ,46,sq_seqnn_fast.py,gate__so2sat_shared__gateZZ__seed46,--dataset so2sat --frontend-mode shapelet --gate-type ZZ --measure-bases x --n-qubits 10 --cls-hidden 10 --shapelet-count 6 --shapelet-length 4 --shapelet-stats compact4
580,gate,so2sat,shared,so2sat_shared__gateCX,46,sq_seqnn_fast.py,gate__so2sat_shared__gateCX__seed46,--dataset so2sat --frontend-mode shapelet --gate-type CX --measure-bases x --n-qubits 10 --cls-hidden 10 --shapelet-count 6 --shapelet-length 4 --shapelet-stats compact4
581,gate,so2sat,shared,so2sat_shared__gateXY,46,sq_seqnn_fast.py,gate__so2sat_shared__gateXY__seed46,--dataset so2sat --frontend-mode shapelet --gate-type XY --measure-bases x --n-qubits 10 --cls-hidden 10 --shapelet-count 6 --shapelet-length 4 --shapelet-stats compact4
582,gate,so2sat,shared,so2sat_shared__gateCRZ,46,sq_seqnn_fast.py,gate__so2sat_shared__gateCRZ__seed46,--dataset so2sat --frontend-mode shapelet --gate-type CRZ --measure-bases x --n-qubits 10 --cls-hidden 10 --shapelet-count 6 --shapelet-length 4 --shapelet-stats compact4
583,gate,so2sat,shared,so2sat_shared__gateCRY,46,sq_seqnn_fast.py,gate__so2sat_shared__gateCRY__seed46,--dataset so2sat --frontend-mode shapelet --gate-type CRY --measure-bases x --n-qubits 10 --cls-hidden 10 --shapelet-count 6 --shapelet-length 4 --shapelet-stats compact4
584,gate,so2sat,shared,so2sat_shared__gateXX,46,sq_seqnn_fast.py,gate__so2sat_shared__gateXX__seed46,--dataset so2sat --frontend-mode shapelet --gate-type XX --measure-bases x --n-qubits 10 --cls-hidden 10 --shapelet-count 6 --shapelet-length 4 --shapelet-stats compact4
585,gate,so2sat,shared,so2sat_shared__gateYY,46,sq_seqnn_fast.py,gate__so2sat_shared__gateYY__seed46,--dataset so2sat --frontend-mode shapelet --gate-type YY --measure-bases x --n-qubits 10 --cls-hidden 10 --shapelet-count 6 --shapelet-length 4 --shapelet-stats compact4
586,basis,overhead,adaptive,overhead_adaptive__basisY,46,sq_seqnn_fast.py,basis__overhead_adaptive__basisY__seed46,--dataset overhead --overhead-mode seqnn5 --frontend-mode conv --gate-type CX --measure-bases y --n-qubits 8 --cls-hidden 10 --conv-width 4
587,basis,overhead,adaptive,overhead_adaptive__basisZ,46,sq_seqnn_fast.py,basis__overhead_adaptive__basisZ__seed46,--dataset overhead --overhead-mode seqnn5 --frontend-mode conv --gate-type CX --measure-bases z --n-qubits 8 --cls-hidden 10 --conv-width 4
588,basis,overhead,adaptive,overhead_adaptive__basisXYZ,46,sq_seqnn_fast.py,basis__overhead_adaptive__basisXYZ__seed46,--dataset overhead --overhead-mode seqnn5 --frontend-mode conv --gate-type CX --measure-bases xyz --n-qubits 8 --cls-hidden 10 --conv-width 4
589,basis,overhead,shared,overhead_shared__basisX,46,sq_seqnn_fast.py,basis__overhead_shared__basisX__seed46,--dataset overhead --overhead-mode seqnn5 --frontend-mode shapelet --gate-type XY --measure-bases x --n-qubits 10 --cls-hidden 10 --shapelet-count 6 --shapelet-length 1 --shapelet-stats compact4
590,basis,overhead,shared,overhead_shared__basisY,46,sq_seqnn_fast.py,basis__overhead_shared__basisY__seed46,--dataset overhead --overhead-mode seqnn5 --frontend-mode shapelet --gate-type XY --measure-bases y --n-qubits 10 --cls-hidden 10 --shapelet-count 6 --shapelet-length 1 --shapelet-stats compact4
591,basis,overhead,shared,overhead_shared__basisXYZ,46,sq_seqnn_fast.py,basis__overhead_shared__basisXYZ__seed46,--dataset overhead --overhead-mode seqnn5 --frontend-mode shapelet --gate-type XY --measure-bases xyz --n-qubits 10 --cls-hidden 10 --shapelet-count 6 --shapelet-length 1 --shapelet-stats compact4
592,basis,sat6,both,sat6__basisY,46,sq_seqnn_fast.py,basis__sat6__basisY__seed46,--dataset sat6 --frontend-mode shapelet --gate-type XX --measure-bases y --n-qubits 10 --cls-hidden 10 --shapelet-count 6 --shapelet-length 4 --shapelet-stats full6
593,basis,sat6,both,sat6__basisZ,46,sq_seqnn_fast.py,basis__sat6__basisZ__seed46,--dataset sat6 --frontend-mode shapelet --gate-type XX --measure-bases z --n-qubits 10 --cls-hidden 10 --shapelet-count 6 --shapelet-length 4 --shapelet-stats full6
594,basis,sat6,both,sat6__basisXYZ,46,sq_seqnn_fast.py,basis__sat6__basisXYZ__seed46,--dataset sat6 --frontend-mode shapelet --gate-type XX --measure-bases xyz --n-qubits 10 --cls-hidden 10 --shapelet-count 6 --shapelet-length 4 --shapelet-stats full6
595,basis,so2sat,adaptive,so2sat_adaptive__basisX,46,sq_seqnn_fast.py,basis__so2sat_adaptive__basisX__seed46,--dataset so2sat --frontend-mode global --gate-type CRY --measure-bases x --n-qubits 10 --cls-hidden 10
596,basis,so2sat,adaptive,so2sat_adaptive__basisY,46,sq_seqnn_fast.py,basis__so2sat_adaptive__basisY__seed46,--dataset so2sat --frontend-mode global --gate-type CRY --measure-bases y --n-qubits 10 --cls-hidden 10
597,basis,so2sat,adaptive,so2sat_adaptive__basisZ,46,sq_seqnn_fast.py,basis__so2sat_adaptive__basisZ__seed46,--dataset so2sat --frontend-mode global --gate-type CRY --measure-bases z --n-qubits 10 --cls-hidden 10
598,basis,so2sat,shared,so2sat_shared__basisY,46,sq_seqnn_fast.py,basis__so2sat_shared__basisY__seed46,--dataset so2sat --frontend-mode shapelet --gate-type CZ --measure-bases y --n-qubits 10 --cls-hidden 10 --shapelet-count 6 --shapelet-length 4 --shapelet-stats compact4
599,basis,so2sat,shared,so2sat_shared__basisZ,46,sq_seqnn_fast.py,basis__so2sat_shared__basisZ__seed46,--dataset so2sat --frontend-mode shapelet --gate-type CZ --measure-bases z --n-qubits 10 --cls-hidden 10 --shapelet-count 6 --shapelet-length 4 --shapelet-stats compact4
600,basis,so2sat,shared,so2sat_shared__basisXYZ,46,sq_seqnn_fast.py,basis__so2sat_shared__basisXYZ__seed46,--dataset so2sat --frontend-mode shapelet --gate-type CZ --measure-bases xyz --n-qubits 10 --cls-hidden 10 --shapelet-count 6 --shapelet-length 4 --shapelet-stats compact4
601,fusion,overhead,adaptive,overhead_adaptive__quantum_only,46,sq_seqnn_fast.py,fusion__overhead_adaptive__quantum_only__seed46,--dataset overhead --overhead-mode seqnn5 --frontend-mode conv --gate-type CX --measure-bases x --n-qubits 8 --cls-hidden 10 --conv-width 4 --ablation quantum_only
602,fusion,overhead,shared,overhead_shared__quantum_only,46,sq_seqnn_fast.py,fusion__overhead_shared__quantum_only__seed46,--dataset overhead --overhead-mode seqnn5 --frontend-mode shapelet --gate-type XY --measure-bases z --n-qubits 10 --cls-hidden 10 --shapelet-count 6 --shapelet-length 1 --shapelet-stats compact4 --ablation quantum_only
603,fusion,sat6,both,sat6__quantum_only,46,sq_seqnn_fast.py,fusion__sat6__quantum_only__seed46,--dataset sat6 --frontend-mode shapelet --gate-type XX --measure-bases x --n-qubits 10 --cls-hidden 10 --shapelet-count 6 --shapelet-length 4 --shapelet-stats full6 --ablation quantum_only
604,fusion,so2sat,adaptive,so2sat_adaptive__quantum_only,46,sq_seqnn_fast.py,fusion__so2sat_adaptive__quantum_only__seed46,--dataset so2sat --frontend-mode global --gate-type CRY --measure-bases xyz --n-qubits 10 --cls-hidden 10 --ablation quantum_only
605,fusion,so2sat,shared,so2sat_shared__quantum_only,46,sq_seqnn_fast.py,fusion__so2sat_shared__quantum_only__seed46,--dataset so2sat --frontend-mode shapelet --gate-type CZ --measure-bases x --n-qubits 10 --cls-hidden 10 --shapelet-count 6 --shapelet-length 4 --shapelet-stats compact4 --ablation quantum_only
606,schedule,overhead,adaptive,overhead_adaptive__sharedLR,46,sq_seqnn_fast.py,schedule__overhead_adaptive__sharedLR__seed46,--dataset overhead --overhead-mode seqnn5 --frontend-mode conv --gate-type CX --measure-bases x --n-qubits 8 --cls-hidden 10 --conv-width 4 --lr-q-factor 1.0
607,schedule,overhead,shared,overhead_shared__sharedLR,46,sq_seqnn_fast.py,schedule__overhead_shared__sharedLR__seed46,--dataset overhead --overhead-mode seqnn5 --frontend-mode shapelet --gate-type XY --measure-bases z --n-qubits 10 --cls-hidden 10 --shapelet-count 6 --shapelet-length 1 --shapelet-stats compact4 --lr-q-factor 1.0
608,schedule,sat6,both,sat6__sharedLR,46,sq_seqnn_fast.py,schedule__sat6__sharedLR__seed46,--dataset sat6 --frontend-mode shapelet --gate-type XX --measure-bases x --n-qubits 10 --cls-hidden 10 --shapelet-count 6 --shapelet-length 4 --shapelet-stats full6 --lr-q-factor 1.0
609,schedule,so2sat,adaptive,so2sat_adaptive__sharedLR,46,sq_seqnn_fast.py,schedule__so2sat_adaptive__sharedLR__seed46,--dataset so2sat --frontend-mode global --gate-type CRY --measure-bases xyz --n-qubits 10 --cls-hidden 10 --lr-q-factor 1.0
610,schedule,so2sat,shared,so2sat_shared__sharedLR,46,sq_seqnn_fast.py,schedule__so2sat_shared__sharedLR__seed46,--dataset so2sat --frontend-mode shapelet --gate-type CZ --measure-bases x --n-qubits 10 --cls-hidden 10 --shapelet-count 6 --shapelet-length 4 --shapelet-stats compact4 --lr-q-factor 1.0
611,sens_nq,overhead,adaptive,overhead_adaptive__nq10,46,sq_seqnn_fast.py,sens_nq__overhead_adaptive__nq10__seed46,--dataset overhead --overhead-mode seqnn5 --frontend-mode conv --gate-type CX --measure-bases x --n-qubits 10 --cls-hidden 10 --conv-width 4
612,sens_nq,overhead,adaptive,overhead_adaptive__nq12,46,sq_seqnn_fast.py,sens_nq__overhead_adaptive__nq12__seed46,--dataset overhead --overhead-mode seqnn5 --frontend-mode conv --gate-type CX --measure-bases x --n-qubits 12 --cls-hidden 10 --conv-width 4
613,sens_R,overhead,adaptive,overhead_adaptive__R1,46,sq_seqnn_fast.py,sens_R__overhead_adaptive__R1__seed46,--dataset overhead --overhead-mode seqnn5 --frontend-mode conv --gate-type CX --measure-bases x --n-qubits 8 --cls-hidden 10 --conv-width 4 --n-reupload 1
614,sens_R,overhead,adaptive,overhead_adaptive__R3,46,sq_seqnn_fast.py,sens_R__overhead_adaptive__R3__seed46,--dataset overhead --overhead-mode seqnn5 --frontend-mode conv --gate-type CX --measure-bases x --n-qubits 8 --cls-hidden 10 --conv-width 4 --n-reupload 3
615,sens_R,overhead,shared,overhead_shared__R1,46,sq_seqnn_fast.py,sens_R__overhead_shared__R1__seed46,--dataset overhead --overhead-mode seqnn5 --frontend-mode shapelet --gate-type XY --measure-bases z --n-qubits 10 --cls-hidden 10 --shapelet-count 6 --shapelet-length 1 --shapelet-stats compact4 --n-reupload 1
616,sens_R,overhead,shared,overhead_shared__R3,46,sq_seqnn_fast.py,sens_R__overhead_shared__R3__seed46,--dataset overhead --overhead-mode seqnn5 --frontend-mode shapelet --gate-type XY --measure-bases z --n-qubits 10 --cls-hidden 10 --shapelet-count 6 --shapelet-length 1 --shapelet-stats compact4 --n-reupload 3
617,sens_R,sat6,both,sat6__R1,46,sq_seqnn_fast.py,sens_R__sat6__R1__seed46,--dataset sat6 --frontend-mode shapelet --gate-type XX --measure-bases x --n-qubits 10 --cls-hidden 10 --shapelet-count 6 --shapelet-length 4 --shapelet-stats full6 --n-reupload 1
618,sens_R,sat6,both,sat6__R3,46,sq_seqnn_fast.py,sens_R__sat6__R3__seed46,--dataset sat6 --frontend-mode shapelet --gate-type XX --measure-bases x --n-qubits 10 --cls-hidden 10 --shapelet-count 6 --shapelet-length 4 --shapelet-stats full6 --n-reupload 3
619,sens_R,so2sat,adaptive,so2sat_adaptive__R1,46,sq_seqnn_fast.py,sens_R__so2sat_adaptive__R1__seed46,--dataset so2sat --frontend-mode global --gate-type CRY --measure-bases xyz --n-qubits 10 --cls-hidden 10 --n-reupload 1
620,sens_R,so2sat,adaptive,so2sat_adaptive__R3,46,sq_seqnn_fast.py,sens_R__so2sat_adaptive__R3__seed46,--dataset so2sat --frontend-mode global --gate-type CRY --measure-bases xyz --n-qubits 10 --cls-hidden 10 --n-reupload 3
621,sens_R,so2sat,shared,so2sat_shared__R1,46,sq_seqnn_fast.py,sens_R__so2sat_shared__R1__seed46,--dataset so2sat --frontend-mode shapelet --gate-type CZ --measure-bases x --n-qubits 10 --cls-hidden 10 --shapelet-count 6 --shapelet-length 4 --shapelet-stats compact4 --n-reupload 1
622,sens_R,so2sat,shared,so2sat_shared__R3,46,sq_seqnn_fast.py,sens_R__so2sat_shared__R3__seed46,--dataset so2sat --frontend-mode shapelet --gate-type CZ --measure-bases x --n-qubits 10 --cls-hidden 10 --shapelet-count 6 --shapelet-length 4 --shapelet-stats compact4 --n-reupload 3
623,sens_eps,overhead,adaptive,overhead_adaptive__eps0.00,46,sq_seqnn_fast.py,sens_eps__overhead_adaptive__eps0.00__seed46,--dataset overhead --overhead-mode seqnn5 --frontend-mode conv --gate-type CX --measure-bases x --n-qubits 8 --cls-hidden 10 --conv-width 4 --label-smooth 0.00
624,sens_eps,overhead,adaptive,overhead_adaptive__eps0.10,46,sq_seqnn_fast.py,sens_eps__overhead_adaptive__eps0.10__seed46,--dataset overhead --overhead-mode seqnn5 --frontend-mode conv --gate-type CX --measure-bases x --n-qubits 8 --cls-hidden 10 --conv-width 4 --label-smooth 0.10
625,sens_eps,overhead,shared,overhead_shared__eps0.00,46,sq_seqnn_fast.py,sens_eps__overhead_shared__eps0.00__seed46,--dataset overhead --overhead-mode seqnn5 --frontend-mode shapelet --gate-type XY --measure-bases z --n-qubits 10 --cls-hidden 10 --shapelet-count 6 --shapelet-length 1 --shapelet-stats compact4 --label-smooth 0.00
626,sens_eps,overhead,shared,overhead_shared__eps0.10,46,sq_seqnn_fast.py,sens_eps__overhead_shared__eps0.10__seed46,--dataset overhead --overhead-mode seqnn5 --frontend-mode shapelet --gate-type XY --measure-bases z --n-qubits 10 --cls-hidden 10 --shapelet-count 6 --shapelet-length 1 --shapelet-stats compact4 --label-smooth 0.10
627,sens_eps,sat6,both,sat6__eps0.00,46,sq_seqnn_fast.py,sens_eps__sat6__eps0.00__seed46,--dataset sat6 --frontend-mode shapelet --gate-type XX --measure-bases x --n-qubits 10 --cls-hidden 10 --shapelet-count 6 --shapelet-length 4 --shapelet-stats full6 --label-smooth 0.00
628,sens_eps,sat6,both,sat6__eps0.10,46,sq_seqnn_fast.py,sens_eps__sat6__eps0.10__seed46,--dataset sat6 --frontend-mode shapelet --gate-type XX --measure-bases x --n-qubits 10 --cls-hidden 10 --shapelet-count 6 --shapelet-length 4 --shapelet-stats full6 --label-smooth 0.10
629,sens_eps,so2sat,adaptive,so2sat_adaptive__eps0.00,46,sq_seqnn_fast.py,sens_eps__so2sat_adaptive__eps0.00__seed46,--dataset so2sat --frontend-mode global --gate-type CRY --measure-bases xyz --n-qubits 10 --cls-hidden 10 --label-smooth 0.00
630,sens_eps,so2sat,adaptive,so2sat_adaptive__eps0.10,46,sq_seqnn_fast.py,sens_eps__so2sat_adaptive__eps0.10__seed46,--dataset so2sat --frontend-mode global --gate-type CRY --measure-bases xyz --n-qubits 10 --cls-hidden 10 --label-smooth 0.10
631,sens_eps,so2sat,shared,so2sat_shared__eps0.00,46,sq_seqnn_fast.py,sens_eps__so2sat_shared__eps0.00__seed46,--dataset so2sat --frontend-mode shapelet --gate-type CZ --measure-bases x --n-qubits 10 --cls-hidden 10 --shapelet-count 6 --shapelet-length 4 --shapelet-stats compact4 --label-smooth 0.00
632,sens_eps,so2sat,shared,so2sat_shared__eps0.10,46,sq_seqnn_fast.py,sens_eps__so2sat_shared__eps0.10__seed46,--dataset so2sat --frontend-mode shapelet --gate-type CZ --measure-bases x --n-qubits 10 --cls-hidden 10 --shapelet-count 6 --shapelet-length 4 --shapelet-stats compact4 --label-smooth 0.10
633,seqnn,overhead,w16,seqnn_w16_overhead,46,run_baselines.py,seqnn__seqnn_w16_overhead__seed46,--datasets overhead --baseline seqnn --seqnn-widths 16 --seeds 46
634,seqnn,overhead,w10,seqnn_w10_overhead,46,run_baselines.py,seqnn__seqnn_w10_overhead__seed46,--datasets overhead --baseline seqnn --seqnn-widths 10 --seeds 46
635,seqnn,sat6,w16,seqnn_w16_sat6,46,run_baselines.py,seqnn__seqnn_w16_sat6__seed46,--datasets sat6 --baseline seqnn --seqnn-widths 16 --seeds 46
636,seqnn,sat6,w10,seqnn_w10_sat6,46,run_baselines.py,seqnn__seqnn_w10_sat6__seed46,--datasets sat6 --baseline seqnn --seqnn-widths 10 --seeds 46
637,seqnn,so2sat,w16,seqnn_w16_so2sat,46,run_baselines.py,seqnn__seqnn_w16_so2sat__seed46,--datasets so2sat --baseline seqnn --seqnn-widths 16 --seeds 46
638,seqnn,so2sat,w10,seqnn_w10_so2sat,46,run_baselines.py,seqnn__seqnn_w10_so2sat__seed46,--datasets so2sat --baseline seqnn --seqnn-widths 10 --seeds 46
639,qccnn,overhead,-,qccnn_overhead,46,run_baselines.py,qccnn__qccnn_overhead__seed46,--datasets overhead --baseline qccnn --seeds 46
640,qccnn,sat6,-,qccnn_sat6,46,run_baselines.py,qccnn__qccnn_sat6__seed46,--datasets sat6 --baseline qccnn --seeds 46
641,qccnn,so2sat,-,qccnn_so2sat,46,run_baselines.py,qccnn__qccnn_so2sat__seed46,--datasets so2sat --baseline qccnn --seeds 46
642,classical,overhead,resnet,resnet_overhead,46,heavy_baselines.py,classical__resnet_overhead__seed46,--dataset overhead --model resnet --runs 1 --seed 46 --epochs 80
643,classical,overhead,vgg,vgg_overhead,46,heavy_baselines.py,classical__vgg_overhead__seed46,--dataset overhead --model vgg --runs 1 --seed 46 --epochs 80
644,classical,overhead,densenet,densenet_overhead,46,heavy_baselines.py,classical__densenet_overhead__seed46,--dataset overhead --model densenet --runs 1 --seed 46 --epochs 80
645,classical,overhead,efficientnet,efficientnet_overhead,46,heavy_baselines.py,classical__efficientnet_overhead__seed46,--dataset overhead --model efficientnet --runs 1 --seed 46 --epochs 80
646,classical,overhead,vit,vit_overhead,46,heavy_baselines.py,classical__vit_overhead__seed46,--dataset overhead --model vit --runs 1 --seed 46 --epochs 80
647,classical,overhead,swin,swin_overhead,46,heavy_baselines.py,classical__swin_overhead__seed46,--dataset overhead --model swin --runs 1 --seed 46 --epochs 80
648,classical,sat6,resnet,resnet_sat6,46,heavy_baselines.py,classical__resnet_sat6__seed46,--dataset sat6 --model resnet --runs 1 --seed 46 --epochs 80
649,classical,sat6,vgg,vgg_sat6,46,heavy_baselines.py,classical__vgg_sat6__seed46,--dataset sat6 --model vgg --runs 1 --seed 46 --epochs 80
650,classical,sat6,densenet,densenet_sat6,46,heavy_baselines.py,classical__densenet_sat6__seed46,--dataset sat6 --model densenet --runs 1 --seed 46 --epochs 80
651,classical,sat6,efficientnet,efficientnet_sat6,46,heavy_baselines.py,classical__efficientnet_sat6__seed46,--dataset sat6 --model efficientnet --runs 1 --seed 46 --epochs 80
652,classical,sat6,vit,vit_sat6,46,heavy_baselines.py,classical__vit_sat6__seed46,--dataset sat6 --model vit --runs 1 --seed 46 --epochs 80
653,classical,sat6,swin,swin_sat6,46,heavy_baselines.py,classical__swin_sat6__seed46,--dataset sat6 --model swin --runs 1 --seed 46 --epochs 80
654,classical,so2sat,resnet,resnet_so2sat,46,heavy_baselines.py,classical__resnet_so2sat__seed46,--dataset so2sat --model resnet --runs 1 --seed 46 --epochs 80
655,classical,so2sat,vgg,vgg_so2sat,46,heavy_baselines.py,classical__vgg_so2sat__seed46,--dataset so2sat --model vgg --runs 1 --seed 46 --epochs 80
656,classical,so2sat,densenet,densenet_so2sat,46,heavy_baselines.py,classical__densenet_so2sat__seed46,--dataset so2sat --model densenet --runs 1 --seed 46 --epochs 80
657,classical,so2sat,efficientnet,efficientnet_so2sat,46,heavy_baselines.py,classical__efficientnet_so2sat__seed46,--dataset so2sat --model efficientnet --runs 1 --seed 46 --epochs 80
658,classical,so2sat,vit,vit_so2sat,46,heavy_baselines.py,classical__vit_so2sat__seed46,--dataset so2sat --model vit --runs 1 --seed 46 --epochs 80
659,classical,so2sat,swin,swin_so2sat,46,heavy_baselines.py,classical__swin_so2sat__seed46,--dataset so2sat --model swin --runs 1 --seed 46 --epochs 80
660,main,overhead,adaptive,overhead_adaptive,47,sq_seqnn_fast.py,main__overhead_adaptive__seed47,--dataset overhead --overhead-mode seqnn5 --frontend-mode conv --gate-type CX --measure-bases x --n-qubits 8 --cls-hidden 10 --conv-width 4 --ablation none
661,main,overhead,shared,overhead_shared,47,sq_seqnn_fast.py,main__overhead_shared__seed47,--dataset overhead --overhead-mode seqnn5 --frontend-mode shapelet --gate-type XY --measure-bases z --n-qubits 10 --cls-hidden 10 --shapelet-count 6 --shapelet-length 1 --shapelet-stats compact4 --ablation none
662,main,sat6,both,sat6,47,sq_seqnn_fast.py,main__sat6__seed47,--dataset sat6 --frontend-mode shapelet --gate-type XX --measure-bases x --n-qubits 10 --cls-hidden 10 --shapelet-count 6 --shapelet-length 4 --shapelet-stats full6 --ablation none
663,main,so2sat,adaptive,so2sat_adaptive,47,sq_seqnn_fast.py,main__so2sat_adaptive__seed47,--dataset so2sat --frontend-mode global --gate-type CRY --measure-bases xyz --n-qubits 10 --cls-hidden 10 --ablation none
664,main,so2sat,shared,so2sat_shared,47,sq_seqnn_fast.py,main__so2sat_shared__seed47,--dataset so2sat --frontend-mode shapelet --gate-type CZ --measure-bases x --n-qubits 10 --cls-hidden 10 --shapelet-count 6 --shapelet-length 4 --shapelet-stats compact4 --ablation none
665,isolation,overhead,adaptive,overhead_adaptive__classical_only,47,sq_seqnn_fast.py,isolation__overhead_adaptive__classical_only__seed47,--dataset overhead --overhead-mode seqnn5 --frontend-mode conv --gate-type CX --measure-bases x --n-qubits 8 --cls-hidden 10 --conv-width 4 --ablation classical_only
666,isolation,overhead,adaptive,overhead_adaptive__mlp_replace,47,sq_seqnn_fast.py,isolation__overhead_adaptive__mlp_replace__seed47,--dataset overhead --overhead-mode seqnn5 --frontend-mode conv --gate-type CX --measure-bases x --n-qubits 8 --cls-hidden 10 --conv-width 4 --ablation mlp_replace
667,isolation,overhead,adaptive,overhead_adaptive__frozen_quantum,47,sq_seqnn_fast.py,isolation__overhead_adaptive__frozen_quantum__seed47,--dataset overhead --overhead-mode seqnn5 --frontend-mode conv --gate-type CX --measure-bases x --n-qubits 8 --cls-hidden 10 --conv-width 4 --ablation frozen_quantum
668,isolation,overhead,adaptive,overhead_adaptive__no_iqp,47,sq_seqnn_fast.py,isolation__overhead_adaptive__no_iqp__seed47,--dataset overhead --overhead-mode seqnn5 --frontend-mode conv --gate-type CX --measure-bases x --n-qubits 8 --cls-hidden 10 --conv-width 4 --ablation no_iqp
669,isolation,overhead,adaptive,overhead_adaptive__no_reupload,47,sq_seqnn_fast.py,isolation__overhead_adaptive__no_reupload__seed47,--dataset overhead --overhead-mode seqnn5 --frontend-mode conv --gate-type CX --measure-bases x --n-qubits 8 --cls-hidden 10 --conv-width 4 --ablation no_reupload
670,isolation,overhead,adaptive,overhead_adaptive__fixed_z,47,sq_seqnn_fast.py,isolation__overhead_adaptive__fixed_z__seed47,--dataset overhead --overhead-mode seqnn5 --frontend-mode conv --gate-type CX --measure-bases x --n-qubits 8 --cls-hidden 10 --conv-width 4 --ablation fixed_z
671,isolation,sat6,both,sat6__classical_only,47,sq_seqnn_fast.py,isolation__sat6__classical_only__seed47,--dataset sat6 --frontend-mode shapelet --gate-type XX --measure-bases x --n-qubits 10 --cls-hidden 10 --shapelet-count 6 --shapelet-length 4 --shapelet-stats full6 --ablation classical_only
672,isolation,sat6,both,sat6__mlp_replace,47,sq_seqnn_fast.py,isolation__sat6__mlp_replace__seed47,--dataset sat6 --frontend-mode shapelet --gate-type XX --measure-bases x --n-qubits 10 --cls-hidden 10 --shapelet-count 6 --shapelet-length 4 --shapelet-stats full6 --ablation mlp_replace
673,isolation,sat6,both,sat6__frozen_quantum,47,sq_seqnn_fast.py,isolation__sat6__frozen_quantum__seed47,--dataset sat6 --frontend-mode shapelet --gate-type XX --measure-bases x --n-qubits 10 --cls-hidden 10 --shapelet-count 6 --shapelet-length 4 --shapelet-stats full6 --ablation frozen_quantum
674,isolation,sat6,both,sat6__no_iqp,47,sq_seqnn_fast.py,isolation__sat6__no_iqp__seed47,--dataset sat6 --frontend-mode shapelet --gate-type XX --measure-bases x --n-qubits 10 --cls-hidden 10 --shapelet-count 6 --shapelet-length 4 --shapelet-stats full6 --ablation no_iqp
675,isolation,sat6,both,sat6__no_reupload,47,sq_seqnn_fast.py,isolation__sat6__no_reupload__seed47,--dataset sat6 --frontend-mode shapelet --gate-type XX --measure-bases x --n-qubits 10 --cls-hidden 10 --shapelet-count 6 --shapelet-length 4 --shapelet-stats full6 --ablation no_reupload
676,isolation,sat6,both,sat6__fixed_z,47,sq_seqnn_fast.py,isolation__sat6__fixed_z__seed47,--dataset sat6 --frontend-mode shapelet --gate-type XX --measure-bases x --n-qubits 10 --cls-hidden 10 --shapelet-count 6 --shapelet-length 4 --shapelet-stats full6 --ablation fixed_z
677,isolation,so2sat,adaptive,so2sat_adaptive__classical_only,47,sq_seqnn_fast.py,isolation__so2sat_adaptive__classical_only__seed47,--dataset so2sat --frontend-mode global --gate-type CRY --measure-bases xyz --n-qubits 10 --cls-hidden 10 --ablation classical_only
678,isolation,so2sat,adaptive,so2sat_adaptive__mlp_replace,47,sq_seqnn_fast.py,isolation__so2sat_adaptive__mlp_replace__seed47,--dataset so2sat --frontend-mode global --gate-type CRY --measure-bases xyz --n-qubits 10 --cls-hidden 10 --ablation mlp_replace
679,isolation,so2sat,adaptive,so2sat_adaptive__frozen_quantum,47,sq_seqnn_fast.py,isolation__so2sat_adaptive__frozen_quantum__seed47,--dataset so2sat --frontend-mode global --gate-type CRY --measure-bases xyz --n-qubits 10 --cls-hidden 10 --ablation frozen_quantum
680,isolation,so2sat,adaptive,so2sat_adaptive__no_iqp,47,sq_seqnn_fast.py,isolation__so2sat_adaptive__no_iqp__seed47,--dataset so2sat --frontend-mode global --gate-type CRY --measure-bases xyz --n-qubits 10 --cls-hidden 10 --ablation no_iqp
681,isolation,so2sat,adaptive,so2sat_adaptive__no_reupload,47,sq_seqnn_fast.py,isolation__so2sat_adaptive__no_reupload__seed47,--dataset so2sat --frontend-mode global --gate-type CRY --measure-bases xyz --n-qubits 10 --cls-hidden 10 --ablation no_reupload
682,isolation,so2sat,adaptive,so2sat_adaptive__fixed_z,47,sq_seqnn_fast.py,isolation__so2sat_adaptive__fixed_z__seed47,--dataset so2sat --frontend-mode global --gate-type CRY --measure-bases xyz --n-qubits 10 --cls-hidden 10 --ablation fixed_z
683,gate,overhead,adaptive,overhead_adaptive__gateZZ,47,sq_seqnn_fast.py,gate__overhead_adaptive__gateZZ__seed47,--dataset overhead --overhead-mode seqnn5 --frontend-mode conv --gate-type ZZ --measure-bases x --n-qubits 8 --cls-hidden 10 --conv-width 4
684,gate,overhead,adaptive,overhead_adaptive__gateCZ,47,sq_seqnn_fast.py,gate__overhead_adaptive__gateCZ__seed47,--dataset overhead --overhead-mode seqnn5 --frontend-mode conv --gate-type CZ --measure-bases x --n-qubits 8 --cls-hidden 10 --conv-width 4
685,gate,overhead,adaptive,overhead_adaptive__gateXY,47,sq_seqnn_fast.py,gate__overhead_adaptive__gateXY__seed47,--dataset overhead --overhead-mode seqnn5 --frontend-mode conv --gate-type XY --measure-bases x --n-qubits 8 --cls-hidden 10 --conv-width 4
686,gate,overhead,adaptive,overhead_adaptive__gateCRZ,47,sq_seqnn_fast.py,gate__overhead_adaptive__gateCRZ__seed47,--dataset overhead --overhead-mode seqnn5 --frontend-mode conv --gate-type CRZ --measure-bases x --n-qubits 8 --cls-hidden 10 --conv-width 4
687,gate,overhead,adaptive,overhead_adaptive__gateCRY,47,sq_seqnn_fast.py,gate__overhead_adaptive__gateCRY__seed47,--dataset overhead --overhead-mode seqnn5 --frontend-mode conv --gate-type CRY --measure-bases x --n-qubits 8 --cls-hidden 10 --conv-width 4
688,gate,overhead,adaptive,overhead_adaptive__gateXX,47,sq_seqnn_fast.py,gate__overhead_adaptive__gateXX__seed47,--dataset overhead --overhead-mode seqnn5 --frontend-mode conv --gate-type XX --measure-bases x --n-qubits 8 --cls-hidden 10 --conv-width 4
689,gate,overhead,adaptive,overhead_adaptive__gateYY,47,sq_seqnn_fast.py,gate__overhead_adaptive__gateYY__seed47,--dataset overhead --overhead-mode seqnn5 --frontend-mode conv --gate-type YY --measure-bases x --n-qubits 8 --cls-hidden 10 --conv-width 4
690,gate,overhead,shared,overhead_shared__gateZZ,47,sq_seqnn_fast.py,gate__overhead_shared__gateZZ__seed47,--dataset overhead --overhead-mode seqnn5 --frontend-mode shapelet --gate-type ZZ --measure-bases z --n-qubits 10 --cls-hidden 10 --shapelet-count 6 --shapelet-length 1 --shapelet-stats compact4
691,gate,overhead,shared,overhead_shared__gateCZ,47,sq_seqnn_fast.py,gate__overhead_shared__gateCZ__seed47,--dataset overhead --overhead-mode seqnn5 --frontend-mode shapelet --gate-type CZ --measure-bases z --n-qubits 10 --cls-hidden 10 --shapelet-count 6 --shapelet-length 1 --shapelet-stats compact4
692,gate,overhead,shared,overhead_shared__gateCX,47,sq_seqnn_fast.py,gate__overhead_shared__gateCX__seed47,--dataset overhead --overhead-mode seqnn5 --frontend-mode shapelet --gate-type CX --measure-bases z --n-qubits 10 --cls-hidden 10 --shapelet-count 6 --shapelet-length 1 --shapelet-stats compact4
693,gate,overhead,shared,overhead_shared__gateCRZ,47,sq_seqnn_fast.py,gate__overhead_shared__gateCRZ__seed47,--dataset overhead --overhead-mode seqnn5 --frontend-mode shapelet --gate-type CRZ --measure-bases z --n-qubits 10 --cls-hidden 10 --shapelet-count 6 --shapelet-length 1 --shapelet-stats compact4
694,gate,overhead,shared,overhead_shared__gateCRY,47,sq_seqnn_fast.py,gate__overhead_shared__gateCRY__seed47,--dataset overhead --overhead-mode seqnn5 --frontend-mode shapelet --gate-type CRY --measure-bases z --n-qubits 10 --cls-hidden 10 --shapelet-count 6 --shapelet-length 1 --shapelet-stats compact4
695,gate,overhead,shared,overhead_shared__gateXX,47,sq_seqnn_fast.py,gate__overhead_shared__gateXX__seed47,--dataset overhead --overhead-mode seqnn5 --frontend-mode shapelet --gate-type XX --measure-bases z --n-qubits 10 --cls-hidden 10 --shapelet-count 6 --shapelet-length 1 --shapelet-stats compact4
696,gate,overhead,shared,overhead_shared__gateYY,47,sq_seqnn_fast.py,gate__overhead_shared__gateYY__seed47,--dataset overhead --overhead-mode seqnn5 --frontend-mode shapelet --gate-type YY --measure-bases z --n-qubits 10 --cls-hidden 10 --shapelet-count 6 --shapelet-length 1 --shapelet-stats compact4
697,gate,sat6,both,sat6__gateZZ,47,sq_seqnn_fast.py,gate__sat6__gateZZ__seed47,--dataset sat6 --frontend-mode shapelet --gate-type ZZ --measure-bases x --n-qubits 10 --cls-hidden 10 --shapelet-count 6 --shapelet-length 4 --shapelet-stats full6
698,gate,sat6,both,sat6__gateCZ,47,sq_seqnn_fast.py,gate__sat6__gateCZ__seed47,--dataset sat6 --frontend-mode shapelet --gate-type CZ --measure-bases x --n-qubits 10 --cls-hidden 10 --shapelet-count 6 --shapelet-length 4 --shapelet-stats full6
699,gate,sat6,both,sat6__gateCX,47,sq_seqnn_fast.py,gate__sat6__gateCX__seed47,--dataset sat6 --frontend-mode shapelet --gate-type CX --measure-bases x --n-qubits 10 --cls-hidden 10 --shapelet-count 6 --shapelet-length 4 --shapelet-stats full6
700,gate,sat6,both,sat6__gateXY,47,sq_seqnn_fast.py,gate__sat6__gateXY__seed47,--dataset sat6 --frontend-mode shapelet --gate-type XY --measure-bases x --n-qubits 10 --cls-hidden 10 --shapelet-count 6 --shapelet-length 4 --shapelet-stats full6
701,gate,sat6,both,sat6__gateCRZ,47,sq_seqnn_fast.py,gate__sat6__gateCRZ__seed47,--dataset sat6 --frontend-mode shapelet --gate-type CRZ --measure-bases x --n-qubits 10 --cls-hidden 10 --shapelet-count 6 --shapelet-length 4 --shapelet-stats full6
702,gate,sat6,both,sat6__gateCRY,47,sq_seqnn_fast.py,gate__sat6__gateCRY__seed47,--dataset sat6 --frontend-mode shapelet --gate-type CRY --measure-bases x --n-qubits 10 --cls-hidden 10 --shapelet-count 6 --shapelet-length 4 --shapelet-stats full6
703,gate,sat6,both,sat6__gateYY,47,sq_seqnn_fast.py,gate__sat6__gateYY__seed47,--dataset sat6 --frontend-mode shapelet --gate-type YY --measure-bases x --n-qubits 10 --cls-hidden 10 --shapelet-count 6 --shapelet-length 4 --shapelet-stats full6
704,gate,so2sat,adaptive,so2sat_adaptive__gateZZ,47,sq_seqnn_fast.py,gate__so2sat_adaptive__gateZZ__seed47,--dataset so2sat --frontend-mode global --gate-type ZZ --measure-bases xyz --n-qubits 10 --cls-hidden 10
705,gate,so2sat,adaptive,so2sat_adaptive__gateCZ,47,sq_seqnn_fast.py,gate__so2sat_adaptive__gateCZ__seed47,--dataset so2sat --frontend-mode global --gate-type CZ --measure-bases xyz --n-qubits 10 --cls-hidden 10
706,gate,so2sat,adaptive,so2sat_adaptive__gateCX,47,sq_seqnn_fast.py,gate__so2sat_adaptive__gateCX__seed47,--dataset so2sat --frontend-mode global --gate-type CX --measure-bases xyz --n-qubits 10 --cls-hidden 10
707,gate,so2sat,adaptive,so2sat_adaptive__gateXY,47,sq_seqnn_fast.py,gate__so2sat_adaptive__gateXY__seed47,--dataset so2sat --frontend-mode global --gate-type XY --measure-bases xyz --n-qubits 10 --cls-hidden 10
708,gate,so2sat,adaptive,so2sat_adaptive__gateCRZ,47,sq_seqnn_fast.py,gate__so2sat_adaptive__gateCRZ__seed47,--dataset so2sat --frontend-mode global --gate-type CRZ --measure-bases xyz --n-qubits 10 --cls-hidden 10
709,gate,so2sat,adaptive,so2sat_adaptive__gateXX,47,sq_seqnn_fast.py,gate__so2sat_adaptive__gateXX__seed47,--dataset so2sat --frontend-mode global --gate-type XX --measure-bases xyz --n-qubits 10 --cls-hidden 10
710,gate,so2sat,adaptive,so2sat_adaptive__gateYY,47,sq_seqnn_fast.py,gate__so2sat_adaptive__gateYY__seed47,--dataset so2sat --frontend-mode global --gate-type YY --measure-bases xyz --n-qubits 10 --cls-hidden 10
711,gate,so2sat,shared,so2sat_shared__gateZZ,47,sq_seqnn_fast.py,gate__so2sat_shared__gateZZ__seed47,--dataset so2sat --frontend-mode shapelet --gate-type ZZ --measure-bases x --n-qubits 10 --cls-hidden 10 --shapelet-count 6 --shapelet-length 4 --shapelet-stats compact4
712,gate,so2sat,shared,so2sat_shared__gateCX,47,sq_seqnn_fast.py,gate__so2sat_shared__gateCX__seed47,--dataset so2sat --frontend-mode shapelet --gate-type CX --measure-bases x --n-qubits 10 --cls-hidden 10 --shapelet-count 6 --shapelet-length 4 --shapelet-stats compact4
713,gate,so2sat,shared,so2sat_shared__gateXY,47,sq_seqnn_fast.py,gate__so2sat_shared__gateXY__seed47,--dataset so2sat --frontend-mode shapelet --gate-type XY --measure-bases x --n-qubits 10 --cls-hidden 10 --shapelet-count 6 --shapelet-length 4 --shapelet-stats compact4
714,gate,so2sat,shared,so2sat_shared__gateCRZ,47,sq_seqnn_fast.py,gate__so2sat_shared__gateCRZ__seed47,--dataset so2sat --frontend-mode shapelet --gate-type CRZ --measure-bases x --n-qubits 10 --cls-hidden 10 --shapelet-count 6 --shapelet-length 4 --shapelet-stats compact4
715,gate,so2sat,shared,so2sat_shared__gateCRY,47,sq_seqnn_fast.py,gate__so2sat_shared__gateCRY__seed47,--dataset so2sat --frontend-mode shapelet --gate-type CRY --measure-bases x --n-qubits 10 --cls-hidden 10 --shapelet-count 6 --shapelet-length 4 --shapelet-stats compact4
716,gate,so2sat,shared,so2sat_shared__gateXX,47,sq_seqnn_fast.py,gate__so2sat_shared__gateXX__seed47,--dataset so2sat --frontend-mode shapelet --gate-type XX --measure-bases x --n-qubits 10 --cls-hidden 10 --shapelet-count 6 --shapelet-length 4 --shapelet-stats compact4
717,gate,so2sat,shared,so2sat_shared__gateYY,47,sq_seqnn_fast.py,gate__so2sat_shared__gateYY__seed47,--dataset so2sat --frontend-mode shapelet --gate-type YY --measure-bases x --n-qubits 10 --cls-hidden 10 --shapelet-count 6 --shapelet-length 4 --shapelet-stats compact4
718,basis,overhead,adaptive,overhead_adaptive__basisY,47,sq_seqnn_fast.py,basis__overhead_adaptive__basisY__seed47,--dataset overhead --overhead-mode seqnn5 --frontend-mode conv --gate-type CX --measure-bases y --n-qubits 8 --cls-hidden 10 --conv-width 4
719,basis,overhead,adaptive,overhead_adaptive__basisZ,47,sq_seqnn_fast.py,basis__overhead_adaptive__basisZ__seed47,--dataset overhead --overhead-mode seqnn5 --frontend-mode conv --gate-type CX --measure-bases z --n-qubits 8 --cls-hidden 10 --conv-width 4
720,basis,overhead,adaptive,overhead_adaptive__basisXYZ,47,sq_seqnn_fast.py,basis__overhead_adaptive__basisXYZ__seed47,--dataset overhead --overhead-mode seqnn5 --frontend-mode conv --gate-type CX --measure-bases xyz --n-qubits 8 --cls-hidden 10 --conv-width 4
721,basis,overhead,shared,overhead_shared__basisX,47,sq_seqnn_fast.py,basis__overhead_shared__basisX__seed47,--dataset overhead --overhead-mode seqnn5 --frontend-mode shapelet --gate-type XY --measure-bases x --n-qubits 10 --cls-hidden 10 --shapelet-count 6 --shapelet-length 1 --shapelet-stats compact4
722,basis,overhead,shared,overhead_shared__basisY,47,sq_seqnn_fast.py,basis__overhead_shared__basisY__seed47,--dataset overhead --overhead-mode seqnn5 --frontend-mode shapelet --gate-type XY --measure-bases y --n-qubits 10 --cls-hidden 10 --shapelet-count 6 --shapelet-length 1 --shapelet-stats compact4
723,basis,overhead,shared,overhead_shared__basisXYZ,47,sq_seqnn_fast.py,basis__overhead_shared__basisXYZ__seed47,--dataset overhead --overhead-mode seqnn5 --frontend-mode shapelet --gate-type XY --measure-bases xyz --n-qubits 10 --cls-hidden 10 --shapelet-count 6 --shapelet-length 1 --shapelet-stats compact4
724,basis,sat6,both,sat6__basisY,47,sq_seqnn_fast.py,basis__sat6__basisY__seed47,--dataset sat6 --frontend-mode shapelet --gate-type XX --measure-bases y --n-qubits 10 --cls-hidden 10 --shapelet-count 6 --shapelet-length 4 --shapelet-stats full6
725,basis,sat6,both,sat6__basisZ,47,sq_seqnn_fast.py,basis__sat6__basisZ__seed47,--dataset sat6 --frontend-mode shapelet --gate-type XX --measure-bases z --n-qubits 10 --cls-hidden 10 --shapelet-count 6 --shapelet-length 4 --shapelet-stats full6
726,basis,sat6,both,sat6__basisXYZ,47,sq_seqnn_fast.py,basis__sat6__basisXYZ__seed47,--dataset sat6 --frontend-mode shapelet --gate-type XX --measure-bases xyz --n-qubits 10 --cls-hidden 10 --shapelet-count 6 --shapelet-length 4 --shapelet-stats full6
727,basis,so2sat,adaptive,so2sat_adaptive__basisX,47,sq_seqnn_fast.py,basis__so2sat_adaptive__basisX__seed47,--dataset so2sat --frontend-mode global --gate-type CRY --measure-bases x --n-qubits 10 --cls-hidden 10
728,basis,so2sat,adaptive,so2sat_adaptive__basisY,47,sq_seqnn_fast.py,basis__so2sat_adaptive__basisY__seed47,--dataset so2sat --frontend-mode global --gate-type CRY --measure-bases y --n-qubits 10 --cls-hidden 10
729,basis,so2sat,adaptive,so2sat_adaptive__basisZ,47,sq_seqnn_fast.py,basis__so2sat_adaptive__basisZ__seed47,--dataset so2sat --frontend-mode global --gate-type CRY --measure-bases z --n-qubits 10 --cls-hidden 10
730,basis,so2sat,shared,so2sat_shared__basisY,47,sq_seqnn_fast.py,basis__so2sat_shared__basisY__seed47,--dataset so2sat --frontend-mode shapelet --gate-type CZ --measure-bases y --n-qubits 10 --cls-hidden 10 --shapelet-count 6 --shapelet-length 4 --shapelet-stats compact4
731,basis,so2sat,shared,so2sat_shared__basisZ,47,sq_seqnn_fast.py,basis__so2sat_shared__basisZ__seed47,--dataset so2sat --frontend-mode shapelet --gate-type CZ --measure-bases z --n-qubits 10 --cls-hidden 10 --shapelet-count 6 --shapelet-length 4 --shapelet-stats compact4
732,basis,so2sat,shared,so2sat_shared__basisXYZ,47,sq_seqnn_fast.py,basis__so2sat_shared__basisXYZ__seed47,--dataset so2sat --frontend-mode shapelet --gate-type CZ --measure-bases xyz --n-qubits 10 --cls-hidden 10 --shapelet-count 6 --shapelet-length 4 --shapelet-stats compact4
733,fusion,overhead,adaptive,overhead_adaptive__quantum_only,47,sq_seqnn_fast.py,fusion__overhead_adaptive__quantum_only__seed47,--dataset overhead --overhead-mode seqnn5 --frontend-mode conv --gate-type CX --measure-bases x --n-qubits 8 --cls-hidden 10 --conv-width 4 --ablation quantum_only
734,fusion,overhead,shared,overhead_shared__quantum_only,47,sq_seqnn_fast.py,fusion__overhead_shared__quantum_only__seed47,--dataset overhead --overhead-mode seqnn5 --frontend-mode shapelet --gate-type XY --measure-bases z --n-qubits 10 --cls-hidden 10 --shapelet-count 6 --shapelet-length 1 --shapelet-stats compact4 --ablation quantum_only
735,fusion,sat6,both,sat6__quantum_only,47,sq_seqnn_fast.py,fusion__sat6__quantum_only__seed47,--dataset sat6 --frontend-mode shapelet --gate-type XX --measure-bases x --n-qubits 10 --cls-hidden 10 --shapelet-count 6 --shapelet-length 4 --shapelet-stats full6 --ablation quantum_only
736,fusion,so2sat,adaptive,so2sat_adaptive__quantum_only,47,sq_seqnn_fast.py,fusion__so2sat_adaptive__quantum_only__seed47,--dataset so2sat --frontend-mode global --gate-type CRY --measure-bases xyz --n-qubits 10 --cls-hidden 10 --ablation quantum_only
737,fusion,so2sat,shared,so2sat_shared__quantum_only,47,sq_seqnn_fast.py,fusion__so2sat_shared__quantum_only__seed47,--dataset so2sat --frontend-mode shapelet --gate-type CZ --measure-bases x --n-qubits 10 --cls-hidden 10 --shapelet-count 6 --shapelet-length 4 --shapelet-stats compact4 --ablation quantum_only
738,schedule,overhead,adaptive,overhead_adaptive__sharedLR,47,sq_seqnn_fast.py,schedule__overhead_adaptive__sharedLR__seed47,--dataset overhead --overhead-mode seqnn5 --frontend-mode conv --gate-type CX --measure-bases x --n-qubits 8 --cls-hidden 10 --conv-width 4 --lr-q-factor 1.0
739,schedule,overhead,shared,overhead_shared__sharedLR,47,sq_seqnn_fast.py,schedule__overhead_shared__sharedLR__seed47,--dataset overhead --overhead-mode seqnn5 --frontend-mode shapelet --gate-type XY --measure-bases z --n-qubits 10 --cls-hidden 10 --shapelet-count 6 --shapelet-length 1 --shapelet-stats compact4 --lr-q-factor 1.0
740,schedule,sat6,both,sat6__sharedLR,47,sq_seqnn_fast.py,schedule__sat6__sharedLR__seed47,--dataset sat6 --frontend-mode shapelet --gate-type XX --measure-bases x --n-qubits 10 --cls-hidden 10 --shapelet-count 6 --shapelet-length 4 --shapelet-stats full6 --lr-q-factor 1.0
741,schedule,so2sat,adaptive,so2sat_adaptive__sharedLR,47,sq_seqnn_fast.py,schedule__so2sat_adaptive__sharedLR__seed47,--dataset so2sat --frontend-mode global --gate-type CRY --measure-bases xyz --n-qubits 10 --cls-hidden 10 --lr-q-factor 1.0
742,schedule,so2sat,shared,so2sat_shared__sharedLR,47,sq_seqnn_fast.py,schedule__so2sat_shared__sharedLR__seed47,--dataset so2sat --frontend-mode shapelet --gate-type CZ --measure-bases x --n-qubits 10 --cls-hidden 10 --shapelet-count 6 --shapelet-length 4 --shapelet-stats compact4 --lr-q-factor 1.0
743,sens_nq,overhead,adaptive,overhead_adaptive__nq10,47,sq_seqnn_fast.py,sens_nq__overhead_adaptive__nq10__seed47,--dataset overhead --overhead-mode seqnn5 --frontend-mode conv --gate-type CX --measure-bases x --n-qubits 10 --cls-hidden 10 --conv-width 4
744,sens_nq,overhead,adaptive,overhead_adaptive__nq12,47,sq_seqnn_fast.py,sens_nq__overhead_adaptive__nq12__seed47,--dataset overhead --overhead-mode seqnn5 --frontend-mode conv --gate-type CX --measure-bases x --n-qubits 12 --cls-hidden 10 --conv-width 4
745,sens_R,overhead,adaptive,overhead_adaptive__R1,47,sq_seqnn_fast.py,sens_R__overhead_adaptive__R1__seed47,--dataset overhead --overhead-mode seqnn5 --frontend-mode conv --gate-type CX --measure-bases x --n-qubits 8 --cls-hidden 10 --conv-width 4 --n-reupload 1
746,sens_R,overhead,adaptive,overhead_adaptive__R3,47,sq_seqnn_fast.py,sens_R__overhead_adaptive__R3__seed47,--dataset overhead --overhead-mode seqnn5 --frontend-mode conv --gate-type CX --measure-bases x --n-qubits 8 --cls-hidden 10 --conv-width 4 --n-reupload 3
747,sens_R,overhead,shared,overhead_shared__R1,47,sq_seqnn_fast.py,sens_R__overhead_shared__R1__seed47,--dataset overhead --overhead-mode seqnn5 --frontend-mode shapelet --gate-type XY --measure-bases z --n-qubits 10 --cls-hidden 10 --shapelet-count 6 --shapelet-length 1 --shapelet-stats compact4 --n-reupload 1
748,sens_R,overhead,shared,overhead_shared__R3,47,sq_seqnn_fast.py,sens_R__overhead_shared__R3__seed47,--dataset overhead --overhead-mode seqnn5 --frontend-mode shapelet --gate-type XY --measure-bases z --n-qubits 10 --cls-hidden 10 --shapelet-count 6 --shapelet-length 1 --shapelet-stats compact4 --n-reupload 3
749,sens_R,sat6,both,sat6__R1,47,sq_seqnn_fast.py,sens_R__sat6__R1__seed47,--dataset sat6 --frontend-mode shapelet --gate-type XX --measure-bases x --n-qubits 10 --cls-hidden 10 --shapelet-count 6 --shapelet-length 4 --shapelet-stats full6 --n-reupload 1
750,sens_R,sat6,both,sat6__R3,47,sq_seqnn_fast.py,sens_R__sat6__R3__seed47,--dataset sat6 --frontend-mode shapelet --gate-type XX --measure-bases x --n-qubits 10 --cls-hidden 10 --shapelet-count 6 --shapelet-length 4 --shapelet-stats full6 --n-reupload 3
751,sens_R,so2sat,adaptive,so2sat_adaptive__R1,47,sq_seqnn_fast.py,sens_R__so2sat_adaptive__R1__seed47,--dataset so2sat --frontend-mode global --gate-type CRY --measure-bases xyz --n-qubits 10 --cls-hidden 10 --n-reupload 1
752,sens_R,so2sat,adaptive,so2sat_adaptive__R3,47,sq_seqnn_fast.py,sens_R__so2sat_adaptive__R3__seed47,--dataset so2sat --frontend-mode global --gate-type CRY --measure-bases xyz --n-qubits 10 --cls-hidden 10 --n-reupload 3
753,sens_R,so2sat,shared,so2sat_shared__R1,47,sq_seqnn_fast.py,sens_R__so2sat_shared__R1__seed47,--dataset so2sat --frontend-mode shapelet --gate-type CZ --measure-bases x --n-qubits 10 --cls-hidden 10 --shapelet-count 6 --shapelet-length 4 --shapelet-stats compact4 --n-reupload 1
754,sens_R,so2sat,shared,so2sat_shared__R3,47,sq_seqnn_fast.py,sens_R__so2sat_shared__R3__seed47,--dataset so2sat --frontend-mode shapelet --gate-type CZ --measure-bases x --n-qubits 10 --cls-hidden 10 --shapelet-count 6 --shapelet-length 4 --shapelet-stats compact4 --n-reupload 3
755,sens_eps,overhead,adaptive,overhead_adaptive__eps0.00,47,sq_seqnn_fast.py,sens_eps__overhead_adaptive__eps0.00__seed47,--dataset overhead --overhead-mode seqnn5 --frontend-mode conv --gate-type CX --measure-bases x --n-qubits 8 --cls-hidden 10 --conv-width 4 --label-smooth 0.00
756,sens_eps,overhead,adaptive,overhead_adaptive__eps0.10,47,sq_seqnn_fast.py,sens_eps__overhead_adaptive__eps0.10__seed47,--dataset overhead --overhead-mode seqnn5 --frontend-mode conv --gate-type CX --measure-bases x --n-qubits 8 --cls-hidden 10 --conv-width 4 --label-smooth 0.10
757,sens_eps,overhead,shared,overhead_shared__eps0.00,47,sq_seqnn_fast.py,sens_eps__overhead_shared__eps0.00__seed47,--dataset overhead --overhead-mode seqnn5 --frontend-mode shapelet --gate-type XY --measure-bases z --n-qubits 10 --cls-hidden 10 --shapelet-count 6 --shapelet-length 1 --shapelet-stats compact4 --label-smooth 0.00
758,sens_eps,overhead,shared,overhead_shared__eps0.10,47,sq_seqnn_fast.py,sens_eps__overhead_shared__eps0.10__seed47,--dataset overhead --overhead-mode seqnn5 --frontend-mode shapelet --gate-type XY --measure-bases z --n-qubits 10 --cls-hidden 10 --shapelet-count 6 --shapelet-length 1 --shapelet-stats compact4 --label-smooth 0.10
759,sens_eps,sat6,both,sat6__eps0.00,47,sq_seqnn_fast.py,sens_eps__sat6__eps0.00__seed47,--dataset sat6 --frontend-mode shapelet --gate-type XX --measure-bases x --n-qubits 10 --cls-hidden 10 --shapelet-count 6 --shapelet-length 4 --shapelet-stats full6 --label-smooth 0.00
760,sens_eps,sat6,both,sat6__eps0.10,47,sq_seqnn_fast.py,sens_eps__sat6__eps0.10__seed47,--dataset sat6 --frontend-mode shapelet --gate-type XX --measure-bases x --n-qubits 10 --cls-hidden 10 --shapelet-count 6 --shapelet-length 4 --shapelet-stats full6 --label-smooth 0.10
761,sens_eps,so2sat,adaptive,so2sat_adaptive__eps0.00,47,sq_seqnn_fast.py,sens_eps__so2sat_adaptive__eps0.00__seed47,--dataset so2sat --frontend-mode global --gate-type CRY --measure-bases xyz --n-qubits 10 --cls-hidden 10 --label-smooth 0.00
762,sens_eps,so2sat,adaptive,so2sat_adaptive__eps0.10,47,sq_seqnn_fast.py,sens_eps__so2sat_adaptive__eps0.10__seed47,--dataset so2sat --frontend-mode global --gate-type CRY --measure-bases xyz --n-qubits 10 --cls-hidden 10 --label-smooth 0.10
763,sens_eps,so2sat,shared,so2sat_shared__eps0.00,47,sq_seqnn_fast.py,sens_eps__so2sat_shared__eps0.00__seed47,--dataset so2sat --frontend-mode shapelet --gate-type CZ --measure-bases x --n-qubits 10 --cls-hidden 10 --shapelet-count 6 --shapelet-length 4 --shapelet-stats compact4 --label-smooth 0.00
764,sens_eps,so2sat,shared,so2sat_shared__eps0.10,47,sq_seqnn_fast.py,sens_eps__so2sat_shared__eps0.10__seed47,--dataset so2sat --frontend-mode shapelet --gate-type CZ --measure-bases x --n-qubits 10 --cls-hidden 10 --shapelet-count 6 --shapelet-length 4 --shapelet-stats compact4 --label-smooth 0.10
765,seqnn,overhead,w16,seqnn_w16_overhead,47,run_baselines.py,seqnn__seqnn_w16_overhead__seed47,--datasets overhead --baseline seqnn --seqnn-widths 16 --seeds 47
766,seqnn,overhead,w10,seqnn_w10_overhead,47,run_baselines.py,seqnn__seqnn_w10_overhead__seed47,--datasets overhead --baseline seqnn --seqnn-widths 10 --seeds 47
767,seqnn,sat6,w16,seqnn_w16_sat6,47,run_baselines.py,seqnn__seqnn_w16_sat6__seed47,--datasets sat6 --baseline seqnn --seqnn-widths 16 --seeds 47
768,seqnn,sat6,w10,seqnn_w10_sat6,47,run_baselines.py,seqnn__seqnn_w10_sat6__seed47,--datasets sat6 --baseline seqnn --seqnn-widths 10 --seeds 47
769,seqnn,so2sat,w16,seqnn_w16_so2sat,47,run_baselines.py,seqnn__seqnn_w16_so2sat__seed47,--datasets so2sat --baseline seqnn --seqnn-widths 16 --seeds 47
770,seqnn,so2sat,w10,seqnn_w10_so2sat,47,run_baselines.py,seqnn__seqnn_w10_so2sat__seed47,--datasets so2sat --baseline seqnn --seqnn-widths 10 --seeds 47
771,qccnn,overhead,-,qccnn_overhead,47,run_baselines.py,qccnn__qccnn_overhead__seed47,--datasets overhead --baseline qccnn --seeds 47
772,qccnn,sat6,-,qccnn_sat6,47,run_baselines.py,qccnn__qccnn_sat6__seed47,--datasets sat6 --baseline qccnn --seeds 47
773,qccnn,so2sat,-,qccnn_so2sat,47,run_baselines.py,qccnn__qccnn_so2sat__seed47,--datasets so2sat --baseline qccnn --seeds 47
774,classical,overhead,resnet,resnet_overhead,47,heavy_baselines.py,classical__resnet_overhead__seed47,--dataset overhead --model resnet --runs 1 --seed 47 --epochs 80
775,classical,overhead,vgg,vgg_overhead,47,heavy_baselines.py,classical__vgg_overhead__seed47,--dataset overhead --model vgg --runs 1 --seed 47 --epochs 80
776,classical,overhead,densenet,densenet_overhead,47,heavy_baselines.py,classical__densenet_overhead__seed47,--dataset overhead --model densenet --runs 1 --seed 47 --epochs 80
777,classical,overhead,efficientnet,efficientnet_overhead,47,heavy_baselines.py,classical__efficientnet_overhead__seed47,--dataset overhead --model efficientnet --runs 1 --seed 47 --epochs 80
778,classical,overhead,vit,vit_overhead,47,heavy_baselines.py,classical__vit_overhead__seed47,--dataset overhead --model vit --runs 1 --seed 47 --epochs 80
779,classical,overhead,swin,swin_overhead,47,heavy_baselines.py,classical__swin_overhead__seed47,--dataset overhead --model swin --runs 1 --seed 47 --epochs 80
780,classical,sat6,resnet,resnet_sat6,47,heavy_baselines.py,classical__resnet_sat6__seed47,--dataset sat6 --model resnet --runs 1 --seed 47 --epochs 80
781,classical,sat6,vgg,vgg_sat6,47,heavy_baselines.py,classical__vgg_sat6__seed47,--dataset sat6 --model vgg --runs 1 --seed 47 --epochs 80
782,classical,sat6,densenet,densenet_sat6,47,heavy_baselines.py,classical__densenet_sat6__seed47,--dataset sat6 --model densenet --runs 1 --seed 47 --epochs 80
783,classical,sat6,efficientnet,efficientnet_sat6,47,heavy_baselines.py,classical__efficientnet_sat6__seed47,--dataset sat6 --model efficientnet --runs 1 --seed 47 --epochs 80
784,classical,sat6,vit,vit_sat6,47,heavy_baselines.py,classical__vit_sat6__seed47,--dataset sat6 --model vit --runs 1 --seed 47 --epochs 80
785,classical,sat6,swin,swin_sat6,47,heavy_baselines.py,classical__swin_sat6__seed47,--dataset sat6 --model swin --runs 1 --seed 47 --epochs 80
786,classical,so2sat,resnet,resnet_so2sat,47,heavy_baselines.py,classical__resnet_so2sat__seed47,--dataset so2sat --model resnet --runs 1 --seed 47 --epochs 80
787,classical,so2sat,vgg,vgg_so2sat,47,heavy_baselines.py,classical__vgg_so2sat__seed47,--dataset so2sat --model vgg --runs 1 --seed 47 --epochs 80
788,classical,so2sat,densenet,densenet_so2sat,47,heavy_baselines.py,classical__densenet_so2sat__seed47,--dataset so2sat --model densenet --runs 1 --seed 47 --epochs 80
789,classical,so2sat,efficientnet,efficientnet_so2sat,47,heavy_baselines.py,classical__efficientnet_so2sat__seed47,--dataset so2sat --model efficientnet --runs 1 --seed 47 --epochs 80
790,classical,so2sat,vit,vit_so2sat,47,heavy_baselines.py,classical__vit_so2sat__seed47,--dataset so2sat --model vit --runs 1 --seed 47 --epochs 80
791,classical,so2sat,swin,swin_so2sat,47,heavy_baselines.py,classical__swin_so2sat__seed47,--dataset so2sat --model swin --runs 1 --seed 47 --epochs 80
792,main,overhead,adaptive,overhead_adaptive,48,sq_seqnn_fast.py,main__overhead_adaptive__seed48,--dataset overhead --overhead-mode seqnn5 --frontend-mode conv --gate-type CX --measure-bases x --n-qubits 8 --cls-hidden 10 --conv-width 4 --ablation none
793,main,overhead,shared,overhead_shared,48,sq_seqnn_fast.py,main__overhead_shared__seed48,--dataset overhead --overhead-mode seqnn5 --frontend-mode shapelet --gate-type XY --measure-bases z --n-qubits 10 --cls-hidden 10 --shapelet-count 6 --shapelet-length 1 --shapelet-stats compact4 --ablation none
794,main,sat6,both,sat6,48,sq_seqnn_fast.py,main__sat6__seed48,--dataset sat6 --frontend-mode shapelet --gate-type XX --measure-bases x --n-qubits 10 --cls-hidden 10 --shapelet-count 6 --shapelet-length 4 --shapelet-stats full6 --ablation none
795,main,so2sat,adaptive,so2sat_adaptive,48,sq_seqnn_fast.py,main__so2sat_adaptive__seed48,--dataset so2sat --frontend-mode global --gate-type CRY --measure-bases xyz --n-qubits 10 --cls-hidden 10 --ablation none
796,main,so2sat,shared,so2sat_shared,48,sq_seqnn_fast.py,main__so2sat_shared__seed48,--dataset so2sat --frontend-mode shapelet --gate-type CZ --measure-bases x --n-qubits 10 --cls-hidden 10 --shapelet-count 6 --shapelet-length 4 --shapelet-stats compact4 --ablation none
797,isolation,overhead,adaptive,overhead_adaptive__classical_only,48,sq_seqnn_fast.py,isolation__overhead_adaptive__classical_only__seed48,--dataset overhead --overhead-mode seqnn5 --frontend-mode conv --gate-type CX --measure-bases x --n-qubits 8 --cls-hidden 10 --conv-width 4 --ablation classical_only
798,isolation,overhead,adaptive,overhead_adaptive__mlp_replace,48,sq_seqnn_fast.py,isolation__overhead_adaptive__mlp_replace__seed48,--dataset overhead --overhead-mode seqnn5 --frontend-mode conv --gate-type CX --measure-bases x --n-qubits 8 --cls-hidden 10 --conv-width 4 --ablation mlp_replace
799,isolation,overhead,adaptive,overhead_adaptive__frozen_quantum,48,sq_seqnn_fast.py,isolation__overhead_adaptive__frozen_quantum__seed48,--dataset overhead --overhead-mode seqnn5 --frontend-mode conv --gate-type CX --measure-bases x --n-qubits 8 --cls-hidden 10 --conv-width 4 --ablation frozen_quantum
800,isolation,overhead,adaptive,overhead_adaptive__no_iqp,48,sq_seqnn_fast.py,isolation__overhead_adaptive__no_iqp__seed48,--dataset overhead --overhead-mode seqnn5 --frontend-mode conv --gate-type CX --measure-bases x --n-qubits 8 --cls-hidden 10 --conv-width 4 --ablation no_iqp
801,isolation,overhead,adaptive,overhead_adaptive__no_reupload,48,sq_seqnn_fast.py,isolation__overhead_adaptive__no_reupload__seed48,--dataset overhead --overhead-mode seqnn5 --frontend-mode conv --gate-type CX --measure-bases x --n-qubits 8 --cls-hidden 10 --conv-width 4 --ablation no_reupload
802,isolation,overhead,adaptive,overhead_adaptive__fixed_z,48,sq_seqnn_fast.py,isolation__overhead_adaptive__fixed_z__seed48,--dataset overhead --overhead-mode seqnn5 --frontend-mode conv --gate-type CX --measure-bases x --n-qubits 8 --cls-hidden 10 --conv-width 4 --ablation fixed_z
803,isolation,sat6,both,sat6__classical_only,48,sq_seqnn_fast.py,isolation__sat6__classical_only__seed48,--dataset sat6 --frontend-mode shapelet --gate-type XX --measure-bases x --n-qubits 10 --cls-hidden 10 --shapelet-count 6 --shapelet-length 4 --shapelet-stats full6 --ablation classical_only
804,isolation,sat6,both,sat6__mlp_replace,48,sq_seqnn_fast.py,isolation__sat6__mlp_replace__seed48,--dataset sat6 --frontend-mode shapelet --gate-type XX --measure-bases x --n-qubits 10 --cls-hidden 10 --shapelet-count 6 --shapelet-length 4 --shapelet-stats full6 --ablation mlp_replace
805,isolation,sat6,both,sat6__frozen_quantum,48,sq_seqnn_fast.py,isolation__sat6__frozen_quantum__seed48,--dataset sat6 --frontend-mode shapelet --gate-type XX --measure-bases x --n-qubits 10 --cls-hidden 10 --shapelet-count 6 --shapelet-length 4 --shapelet-stats full6 --ablation frozen_quantum
806,isolation,sat6,both,sat6__no_iqp,48,sq_seqnn_fast.py,isolation__sat6__no_iqp__seed48,--dataset sat6 --frontend-mode shapelet --gate-type XX --measure-bases x --n-qubits 10 --cls-hidden 10 --shapelet-count 6 --shapelet-length 4 --shapelet-stats full6 --ablation no_iqp
807,isolation,sat6,both,sat6__no_reupload,48,sq_seqnn_fast.py,isolation__sat6__no_reupload__seed48,--dataset sat6 --frontend-mode shapelet --gate-type XX --measure-bases x --n-qubits 10 --cls-hidden 10 --shapelet-count 6 --shapelet-length 4 --shapelet-stats full6 --ablation no_reupload
808,isolation,sat6,both,sat6__fixed_z,48,sq_seqnn_fast.py,isolation__sat6__fixed_z__seed48,--dataset sat6 --frontend-mode shapelet --gate-type XX --measure-bases x --n-qubits 10 --cls-hidden 10 --shapelet-count 6 --shapelet-length 4 --shapelet-stats full6 --ablation fixed_z
809,isolation,so2sat,adaptive,so2sat_adaptive__classical_only,48,sq_seqnn_fast.py,isolation__so2sat_adaptive__classical_only__seed48,--dataset so2sat --frontend-mode global --gate-type CRY --measure-bases xyz --n-qubits 10 --cls-hidden 10 --ablation classical_only
810,isolation,so2sat,adaptive,so2sat_adaptive__mlp_replace,48,sq_seqnn_fast.py,isolation__so2sat_adaptive__mlp_replace__seed48,--dataset so2sat --frontend-mode global --gate-type CRY --measure-bases xyz --n-qubits 10 --cls-hidden 10 --ablation mlp_replace
811,isolation,so2sat,adaptive,so2sat_adaptive__frozen_quantum,48,sq_seqnn_fast.py,isolation__so2sat_adaptive__frozen_quantum__seed48,--dataset so2sat --frontend-mode global --gate-type CRY --measure-bases xyz --n-qubits 10 --cls-hidden 10 --ablation frozen_quantum
812,isolation,so2sat,adaptive,so2sat_adaptive__no_iqp,48,sq_seqnn_fast.py,isolation__so2sat_adaptive__no_iqp__seed48,--dataset so2sat --frontend-mode global --gate-type CRY --measure-bases xyz --n-qubits 10 --cls-hidden 10 --ablation no_iqp
813,isolation,so2sat,adaptive,so2sat_adaptive__no_reupload,48,sq_seqnn_fast.py,isolation__so2sat_adaptive__no_reupload__seed48,--dataset so2sat --frontend-mode global --gate-type CRY --measure-bases xyz --n-qubits 10 --cls-hidden 10 --ablation no_reupload
814,isolation,so2sat,adaptive,so2sat_adaptive__fixed_z,48,sq_seqnn_fast.py,isolation__so2sat_adaptive__fixed_z__seed48,--dataset so2sat --frontend-mode global --gate-type CRY --measure-bases xyz --n-qubits 10 --cls-hidden 10 --ablation fixed_z
815,gate,overhead,adaptive,overhead_adaptive__gateZZ,48,sq_seqnn_fast.py,gate__overhead_adaptive__gateZZ__seed48,--dataset overhead --overhead-mode seqnn5 --frontend-mode conv --gate-type ZZ --measure-bases x --n-qubits 8 --cls-hidden 10 --conv-width 4
816,gate,overhead,adaptive,overhead_adaptive__gateCZ,48,sq_seqnn_fast.py,gate__overhead_adaptive__gateCZ__seed48,--dataset overhead --overhead-mode seqnn5 --frontend-mode conv --gate-type CZ --measure-bases x --n-qubits 8 --cls-hidden 10 --conv-width 4
817,gate,overhead,adaptive,overhead_adaptive__gateXY,48,sq_seqnn_fast.py,gate__overhead_adaptive__gateXY__seed48,--dataset overhead --overhead-mode seqnn5 --frontend-mode conv --gate-type XY --measure-bases x --n-qubits 8 --cls-hidden 10 --conv-width 4
818,gate,overhead,adaptive,overhead_adaptive__gateCRZ,48,sq_seqnn_fast.py,gate__overhead_adaptive__gateCRZ__seed48,--dataset overhead --overhead-mode seqnn5 --frontend-mode conv --gate-type CRZ --measure-bases x --n-qubits 8 --cls-hidden 10 --conv-width 4
819,gate,overhead,adaptive,overhead_adaptive__gateCRY,48,sq_seqnn_fast.py,gate__overhead_adaptive__gateCRY__seed48,--dataset overhead --overhead-mode seqnn5 --frontend-mode conv --gate-type CRY --measure-bases x --n-qubits 8 --cls-hidden 10 --conv-width 4
820,gate,overhead,adaptive,overhead_adaptive__gateXX,48,sq_seqnn_fast.py,gate__overhead_adaptive__gateXX__seed48,--dataset overhead --overhead-mode seqnn5 --frontend-mode conv --gate-type XX --measure-bases x --n-qubits 8 --cls-hidden 10 --conv-width 4
821,gate,overhead,adaptive,overhead_adaptive__gateYY,48,sq_seqnn_fast.py,gate__overhead_adaptive__gateYY__seed48,--dataset overhead --overhead-mode seqnn5 --frontend-mode conv --gate-type YY --measure-bases x --n-qubits 8 --cls-hidden 10 --conv-width 4
822,gate,overhead,shared,overhead_shared__gateZZ,48,sq_seqnn_fast.py,gate__overhead_shared__gateZZ__seed48,--dataset overhead --overhead-mode seqnn5 --frontend-mode shapelet --gate-type ZZ --measure-bases z --n-qubits 10 --cls-hidden 10 --shapelet-count 6 --shapelet-length 1 --shapelet-stats compact4
823,gate,overhead,shared,overhead_shared__gateCZ,48,sq_seqnn_fast.py,gate__overhead_shared__gateCZ__seed48,--dataset overhead --overhead-mode seqnn5 --frontend-mode shapelet --gate-type CZ --measure-bases z --n-qubits 10 --cls-hidden 10 --shapelet-count 6 --shapelet-length 1 --shapelet-stats compact4
824,gate,overhead,shared,overhead_shared__gateCX,48,sq_seqnn_fast.py,gate__overhead_shared__gateCX__seed48,--dataset overhead --overhead-mode seqnn5 --frontend-mode shapelet --gate-type CX --measure-bases z --n-qubits 10 --cls-hidden 10 --shapelet-count 6 --shapelet-length 1 --shapelet-stats compact4
825,gate,overhead,shared,overhead_shared__gateCRZ,48,sq_seqnn_fast.py,gate__overhead_shared__gateCRZ__seed48,--dataset overhead --overhead-mode seqnn5 --frontend-mode shapelet --gate-type CRZ --measure-bases z --n-qubits 10 --cls-hidden 10 --shapelet-count 6 --shapelet-length 1 --shapelet-stats compact4
826,gate,overhead,shared,overhead_shared__gateCRY,48,sq_seqnn_fast.py,gate__overhead_shared__gateCRY__seed48,--dataset overhead --overhead-mode seqnn5 --frontend-mode shapelet --gate-type CRY --measure-bases z --n-qubits 10 --cls-hidden 10 --shapelet-count 6 --shapelet-length 1 --shapelet-stats compact4
827,gate,overhead,shared,overhead_shared__gateXX,48,sq_seqnn_fast.py,gate__overhead_shared__gateXX__seed48,--dataset overhead --overhead-mode seqnn5 --frontend-mode shapelet --gate-type XX --measure-bases z --n-qubits 10 --cls-hidden 10 --shapelet-count 6 --shapelet-length 1 --shapelet-stats compact4
828,gate,overhead,shared,overhead_shared__gateYY,48,sq_seqnn_fast.py,gate__overhead_shared__gateYY__seed48,--dataset overhead --overhead-mode seqnn5 --frontend-mode shapelet --gate-type YY --measure-bases z --n-qubits 10 --cls-hidden 10 --shapelet-count 6 --shapelet-length 1 --shapelet-stats compact4
829,gate,sat6,both,sat6__gateZZ,48,sq_seqnn_fast.py,gate__sat6__gateZZ__seed48,--dataset sat6 --frontend-mode shapelet --gate-type ZZ --measure-bases x --n-qubits 10 --cls-hidden 10 --shapelet-count 6 --shapelet-length 4 --shapelet-stats full6
830,gate,sat6,both,sat6__gateCZ,48,sq_seqnn_fast.py,gate__sat6__gateCZ__seed48,--dataset sat6 --frontend-mode shapelet --gate-type CZ --measure-bases x --n-qubits 10 --cls-hidden 10 --shapelet-count 6 --shapelet-length 4 --shapelet-stats full6
831,gate,sat6,both,sat6__gateCX,48,sq_seqnn_fast.py,gate__sat6__gateCX__seed48,--dataset sat6 --frontend-mode shapelet --gate-type CX --measure-bases x --n-qubits 10 --cls-hidden 10 --shapelet-count 6 --shapelet-length 4 --shapelet-stats full6
832,gate,sat6,both,sat6__gateXY,48,sq_seqnn_fast.py,gate__sat6__gateXY__seed48,--dataset sat6 --frontend-mode shapelet --gate-type XY --measure-bases x --n-qubits 10 --cls-hidden 10 --shapelet-count 6 --shapelet-length 4 --shapelet-stats full6
833,gate,sat6,both,sat6__gateCRZ,48,sq_seqnn_fast.py,gate__sat6__gateCRZ__seed48,--dataset sat6 --frontend-mode shapelet --gate-type CRZ --measure-bases x --n-qubits 10 --cls-hidden 10 --shapelet-count 6 --shapelet-length 4 --shapelet-stats full6
834,gate,sat6,both,sat6__gateCRY,48,sq_seqnn_fast.py,gate__sat6__gateCRY__seed48,--dataset sat6 --frontend-mode shapelet --gate-type CRY --measure-bases x --n-qubits 10 --cls-hidden 10 --shapelet-count 6 --shapelet-length 4 --shapelet-stats full6
835,gate,sat6,both,sat6__gateYY,48,sq_seqnn_fast.py,gate__sat6__gateYY__seed48,--dataset sat6 --frontend-mode shapelet --gate-type YY --measure-bases x --n-qubits 10 --cls-hidden 10 --shapelet-count 6 --shapelet-length 4 --shapelet-stats full6
836,gate,so2sat,adaptive,so2sat_adaptive__gateZZ,48,sq_seqnn_fast.py,gate__so2sat_adaptive__gateZZ__seed48,--dataset so2sat --frontend-mode global --gate-type ZZ --measure-bases xyz --n-qubits 10 --cls-hidden 10
837,gate,so2sat,adaptive,so2sat_adaptive__gateCZ,48,sq_seqnn_fast.py,gate__so2sat_adaptive__gateCZ__seed48,--dataset so2sat --frontend-mode global --gate-type CZ --measure-bases xyz --n-qubits 10 --cls-hidden 10
838,gate,so2sat,adaptive,so2sat_adaptive__gateCX,48,sq_seqnn_fast.py,gate__so2sat_adaptive__gateCX__seed48,--dataset so2sat --frontend-mode global --gate-type CX --measure-bases xyz --n-qubits 10 --cls-hidden 10
839,gate,so2sat,adaptive,so2sat_adaptive__gateXY,48,sq_seqnn_fast.py,gate__so2sat_adaptive__gateXY__seed48,--dataset so2sat --frontend-mode global --gate-type XY --measure-bases xyz --n-qubits 10 --cls-hidden 10
840,gate,so2sat,adaptive,so2sat_adaptive__gateCRZ,48,sq_seqnn_fast.py,gate__so2sat_adaptive__gateCRZ__seed48,--dataset so2sat --frontend-mode global --gate-type CRZ --measure-bases xyz --n-qubits 10 --cls-hidden 10
841,gate,so2sat,adaptive,so2sat_adaptive__gateXX,48,sq_seqnn_fast.py,gate__so2sat_adaptive__gateXX__seed48,--dataset so2sat --frontend-mode global --gate-type XX --measure-bases xyz --n-qubits 10 --cls-hidden 10
842,gate,so2sat,adaptive,so2sat_adaptive__gateYY,48,sq_seqnn_fast.py,gate__so2sat_adaptive__gateYY__seed48,--dataset so2sat --frontend-mode global --gate-type YY --measure-bases xyz --n-qubits 10 --cls-hidden 10
843,gate,so2sat,shared,so2sat_shared__gateZZ,48,sq_seqnn_fast.py,gate__so2sat_shared__gateZZ__seed48,--dataset so2sat --frontend-mode shapelet --gate-type ZZ --measure-bases x --n-qubits 10 --cls-hidden 10 --shapelet-count 6 --shapelet-length 4 --shapelet-stats compact4
844,gate,so2sat,shared,so2sat_shared__gateCX,48,sq_seqnn_fast.py,gate__so2sat_shared__gateCX__seed48,--dataset so2sat --frontend-mode shapelet --gate-type CX --measure-bases x --n-qubits 10 --cls-hidden 10 --shapelet-count 6 --shapelet-length 4 --shapelet-stats compact4
845,gate,so2sat,shared,so2sat_shared__gateXY,48,sq_seqnn_fast.py,gate__so2sat_shared__gateXY__seed48,--dataset so2sat --frontend-mode shapelet --gate-type XY --measure-bases x --n-qubits 10 --cls-hidden 10 --shapelet-count 6 --shapelet-length 4 --shapelet-stats compact4
846,gate,so2sat,shared,so2sat_shared__gateCRZ,48,sq_seqnn_fast.py,gate__so2sat_shared__gateCRZ__seed48,--dataset so2sat --frontend-mode shapelet --gate-type CRZ --measure-bases x --n-qubits 10 --cls-hidden 10 --shapelet-count 6 --shapelet-length 4 --shapelet-stats compact4
847,gate,so2sat,shared,so2sat_shared__gateCRY,48,sq_seqnn_fast.py,gate__so2sat_shared__gateCRY__seed48,--dataset so2sat --frontend-mode shapelet --gate-type CRY --measure-bases x --n-qubits 10 --cls-hidden 10 --shapelet-count 6 --shapelet-length 4 --shapelet-stats compact4
848,gate,so2sat,shared,so2sat_shared__gateXX,48,sq_seqnn_fast.py,gate__so2sat_shared__gateXX__seed48,--dataset so2sat --frontend-mode shapelet --gate-type XX --measure-bases x --n-qubits 10 --cls-hidden 10 --shapelet-count 6 --shapelet-length 4 --shapelet-stats compact4
849,gate,so2sat,shared,so2sat_shared__gateYY,48,sq_seqnn_fast.py,gate__so2sat_shared__gateYY__seed48,--dataset so2sat --frontend-mode shapelet --gate-type YY --measure-bases x --n-qubits 10 --cls-hidden 10 --shapelet-count 6 --shapelet-length 4 --shapelet-stats compact4
850,basis,overhead,adaptive,overhead_adaptive__basisY,48,sq_seqnn_fast.py,basis__overhead_adaptive__basisY__seed48,--dataset overhead --overhead-mode seqnn5 --frontend-mode conv --gate-type CX --measure-bases y --n-qubits 8 --cls-hidden 10 --conv-width 4
851,basis,overhead,adaptive,overhead_adaptive__basisZ,48,sq_seqnn_fast.py,basis__overhead_adaptive__basisZ__seed48,--dataset overhead --overhead-mode seqnn5 --frontend-mode conv --gate-type CX --measure-bases z --n-qubits 8 --cls-hidden 10 --conv-width 4
852,basis,overhead,adaptive,overhead_adaptive__basisXYZ,48,sq_seqnn_fast.py,basis__overhead_adaptive__basisXYZ__seed48,--dataset overhead --overhead-mode seqnn5 --frontend-mode conv --gate-type CX --measure-bases xyz --n-qubits 8 --cls-hidden 10 --conv-width 4
853,basis,overhead,shared,overhead_shared__basisX,48,sq_seqnn_fast.py,basis__overhead_shared__basisX__seed48,--dataset overhead --overhead-mode seqnn5 --frontend-mode shapelet --gate-type XY --measure-bases x --n-qubits 10 --cls-hidden 10 --shapelet-count 6 --shapelet-length 1 --shapelet-stats compact4
854,basis,overhead,shared,overhead_shared__basisY,48,sq_seqnn_fast.py,basis__overhead_shared__basisY__seed48,--dataset overhead --overhead-mode seqnn5 --frontend-mode shapelet --gate-type XY --measure-bases y --n-qubits 10 --cls-hidden 10 --shapelet-count 6 --shapelet-length 1 --shapelet-stats compact4
855,basis,overhead,shared,overhead_shared__basisXYZ,48,sq_seqnn_fast.py,basis__overhead_shared__basisXYZ__seed48,--dataset overhead --overhead-mode seqnn5 --frontend-mode shapelet --gate-type XY --measure-bases xyz --n-qubits 10 --cls-hidden 10 --shapelet-count 6 --shapelet-length 1 --shapelet-stats compact4
856,basis,sat6,both,sat6__basisY,48,sq_seqnn_fast.py,basis__sat6__basisY__seed48,--dataset sat6 --frontend-mode shapelet --gate-type XX --measure-bases y --n-qubits 10 --cls-hidden 10 --shapelet-count 6 --shapelet-length 4 --shapelet-stats full6
857,basis,sat6,both,sat6__basisZ,48,sq_seqnn_fast.py,basis__sat6__basisZ__seed48,--dataset sat6 --frontend-mode shapelet --gate-type XX --measure-bases z --n-qubits 10 --cls-hidden 10 --shapelet-count 6 --shapelet-length 4 --shapelet-stats full6
858,basis,sat6,both,sat6__basisXYZ,48,sq_seqnn_fast.py,basis__sat6__basisXYZ__seed48,--dataset sat6 --frontend-mode shapelet --gate-type XX --measure-bases xyz --n-qubits 10 --cls-hidden 10 --shapelet-count 6 --shapelet-length 4 --shapelet-stats full6
859,basis,so2sat,adaptive,so2sat_adaptive__basisX,48,sq_seqnn_fast.py,basis__so2sat_adaptive__basisX__seed48,--dataset so2sat --frontend-mode global --gate-type CRY --measure-bases x --n-qubits 10 --cls-hidden 10
860,basis,so2sat,adaptive,so2sat_adaptive__basisY,48,sq_seqnn_fast.py,basis__so2sat_adaptive__basisY__seed48,--dataset so2sat --frontend-mode global --gate-type CRY --measure-bases y --n-qubits 10 --cls-hidden 10
861,basis,so2sat,adaptive,so2sat_adaptive__basisZ,48,sq_seqnn_fast.py,basis__so2sat_adaptive__basisZ__seed48,--dataset so2sat --frontend-mode global --gate-type CRY --measure-bases z --n-qubits 10 --cls-hidden 10
862,basis,so2sat,shared,so2sat_shared__basisY,48,sq_seqnn_fast.py,basis__so2sat_shared__basisY__seed48,--dataset so2sat --frontend-mode shapelet --gate-type CZ --measure-bases y --n-qubits 10 --cls-hidden 10 --shapelet-count 6 --shapelet-length 4 --shapelet-stats compact4
863,basis,so2sat,shared,so2sat_shared__basisZ,48,sq_seqnn_fast.py,basis__so2sat_shared__basisZ__seed48,--dataset so2sat --frontend-mode shapelet --gate-type CZ --measure-bases z --n-qubits 10 --cls-hidden 10 --shapelet-count 6 --shapelet-length 4 --shapelet-stats compact4
864,basis,so2sat,shared,so2sat_shared__basisXYZ,48,sq_seqnn_fast.py,basis__so2sat_shared__basisXYZ__seed48,--dataset so2sat --frontend-mode shapelet --gate-type CZ --measure-bases xyz --n-qubits 10 --cls-hidden 10 --shapelet-count 6 --shapelet-length 4 --shapelet-stats compact4
865,fusion,overhead,adaptive,overhead_adaptive__quantum_only,48,sq_seqnn_fast.py,fusion__overhead_adaptive__quantum_only__seed48,--dataset overhead --overhead-mode seqnn5 --frontend-mode conv --gate-type CX --measure-bases x --n-qubits 8 --cls-hidden 10 --conv-width 4 --ablation quantum_only
866,fusion,overhead,shared,overhead_shared__quantum_only,48,sq_seqnn_fast.py,fusion__overhead_shared__quantum_only__seed48,--dataset overhead --overhead-mode seqnn5 --frontend-mode shapelet --gate-type XY --measure-bases z --n-qubits 10 --cls-hidden 10 --shapelet-count 6 --shapelet-length 1 --shapelet-stats compact4 --ablation quantum_only
867,fusion,sat6,both,sat6__quantum_only,48,sq_seqnn_fast.py,fusion__sat6__quantum_only__seed48,--dataset sat6 --frontend-mode shapelet --gate-type XX --measure-bases x --n-qubits 10 --cls-hidden 10 --shapelet-count 6 --shapelet-length 4 --shapelet-stats full6 --ablation quantum_only
868,fusion,so2sat,adaptive,so2sat_adaptive__quantum_only,48,sq_seqnn_fast.py,fusion__so2sat_adaptive__quantum_only__seed48,--dataset so2sat --frontend-mode global --gate-type CRY --measure-bases xyz --n-qubits 10 --cls-hidden 10 --ablation quantum_only
869,fusion,so2sat,shared,so2sat_shared__quantum_only,48,sq_seqnn_fast.py,fusion__so2sat_shared__quantum_only__seed48,--dataset so2sat --frontend-mode shapelet --gate-type CZ --measure-bases x --n-qubits 10 --cls-hidden 10 --shapelet-count 6 --shapelet-length 4 --shapelet-stats compact4 --ablation quantum_only
870,schedule,overhead,adaptive,overhead_adaptive__sharedLR,48,sq_seqnn_fast.py,schedule__overhead_adaptive__sharedLR__seed48,--dataset overhead --overhead-mode seqnn5 --frontend-mode conv --gate-type CX --measure-bases x --n-qubits 8 --cls-hidden 10 --conv-width 4 --lr-q-factor 1.0
871,schedule,overhead,shared,overhead_shared__sharedLR,48,sq_seqnn_fast.py,schedule__overhead_shared__sharedLR__seed48,--dataset overhead --overhead-mode seqnn5 --frontend-mode shapelet --gate-type XY --measure-bases z --n-qubits 10 --cls-hidden 10 --shapelet-count 6 --shapelet-length 1 --shapelet-stats compact4 --lr-q-factor 1.0
872,schedule,sat6,both,sat6__sharedLR,48,sq_seqnn_fast.py,schedule__sat6__sharedLR__seed48,--dataset sat6 --frontend-mode shapelet --gate-type XX --measure-bases x --n-qubits 10 --cls-hidden 10 --shapelet-count 6 --shapelet-length 4 --shapelet-stats full6 --lr-q-factor 1.0
873,schedule,so2sat,adaptive,so2sat_adaptive__sharedLR,48,sq_seqnn_fast.py,schedule__so2sat_adaptive__sharedLR__seed48,--dataset so2sat --frontend-mode global --gate-type CRY --measure-bases xyz --n-qubits 10 --cls-hidden 10 --lr-q-factor 1.0
874,schedule,so2sat,shared,so2sat_shared__sharedLR,48,sq_seqnn_fast.py,schedule__so2sat_shared__sharedLR__seed48,--dataset so2sat --frontend-mode shapelet --gate-type CZ --measure-bases x --n-qubits 10 --cls-hidden 10 --shapelet-count 6 --shapelet-length 4 --shapelet-stats compact4 --lr-q-factor 1.0
875,sens_nq,overhead,adaptive,overhead_adaptive__nq10,48,sq_seqnn_fast.py,sens_nq__overhead_adaptive__nq10__seed48,--dataset overhead --overhead-mode seqnn5 --frontend-mode conv --gate-type CX --measure-bases x --n-qubits 10 --cls-hidden 10 --conv-width 4
876,sens_nq,overhead,adaptive,overhead_adaptive__nq12,48,sq_seqnn_fast.py,sens_nq__overhead_adaptive__nq12__seed48,--dataset overhead --overhead-mode seqnn5 --frontend-mode conv --gate-type CX --measure-bases x --n-qubits 12 --cls-hidden 10 --conv-width 4
877,sens_R,overhead,adaptive,overhead_adaptive__R1,48,sq_seqnn_fast.py,sens_R__overhead_adaptive__R1__seed48,--dataset overhead --overhead-mode seqnn5 --frontend-mode conv --gate-type CX --measure-bases x --n-qubits 8 --cls-hidden 10 --conv-width 4 --n-reupload 1
878,sens_R,overhead,adaptive,overhead_adaptive__R3,48,sq_seqnn_fast.py,sens_R__overhead_adaptive__R3__seed48,--dataset overhead --overhead-mode seqnn5 --frontend-mode conv --gate-type CX --measure-bases x --n-qubits 8 --cls-hidden 10 --conv-width 4 --n-reupload 3
879,sens_R,overhead,shared,overhead_shared__R1,48,sq_seqnn_fast.py,sens_R__overhead_shared__R1__seed48,--dataset overhead --overhead-mode seqnn5 --frontend-mode shapelet --gate-type XY --measure-bases z --n-qubits 10 --cls-hidden 10 --shapelet-count 6 --shapelet-length 1 --shapelet-stats compact4 --n-reupload 1
880,sens_R,overhead,shared,overhead_shared__R3,48,sq_seqnn_fast.py,sens_R__overhead_shared__R3__seed48,--dataset overhead --overhead-mode seqnn5 --frontend-mode shapelet --gate-type XY --measure-bases z --n-qubits 10 --cls-hidden 10 --shapelet-count 6 --shapelet-length 1 --shapelet-stats compact4 --n-reupload 3
881,sens_R,sat6,both,sat6__R1,48,sq_seqnn_fast.py,sens_R__sat6__R1__seed48,--dataset sat6 --frontend-mode shapelet --gate-type XX --measure-bases x --n-qubits 10 --cls-hidden 10 --shapelet-count 6 --shapelet-length 4 --shapelet-stats full6 --n-reupload 1
882,sens_R,sat6,both,sat6__R3,48,sq_seqnn_fast.py,sens_R__sat6__R3__seed48,--dataset sat6 --frontend-mode shapelet --gate-type XX --measure-bases x --n-qubits 10 --cls-hidden 10 --shapelet-count 6 --shapelet-length 4 --shapelet-stats full6 --n-reupload 3
883,sens_R,so2sat,adaptive,so2sat_adaptive__R1,48,sq_seqnn_fast.py,sens_R__so2sat_adaptive__R1__seed48,--dataset so2sat --frontend-mode global --gate-type CRY --measure-bases xyz --n-qubits 10 --cls-hidden 10 --n-reupload 1
884,sens_R,so2sat,adaptive,so2sat_adaptive__R3,48,sq_seqnn_fast.py,sens_R__so2sat_adaptive__R3__seed48,--dataset so2sat --frontend-mode global --gate-type CRY --measure-bases xyz --n-qubits 10 --cls-hidden 10 --n-reupload 3
885,sens_R,so2sat,shared,so2sat_shared__R1,48,sq_seqnn_fast.py,sens_R__so2sat_shared__R1__seed48,--dataset so2sat --frontend-mode shapelet --gate-type CZ --measure-bases x --n-qubits 10 --cls-hidden 10 --shapelet-count 6 --shapelet-length 4 --shapelet-stats compact4 --n-reupload 1
886,sens_R,so2sat,shared,so2sat_shared__R3,48,sq_seqnn_fast.py,sens_R__so2sat_shared__R3__seed48,--dataset so2sat --frontend-mode shapelet --gate-type CZ --measure-bases x --n-qubits 10 --cls-hidden 10 --shapelet-count 6 --shapelet-length 4 --shapelet-stats compact4 --n-reupload 3
887,sens_eps,overhead,adaptive,overhead_adaptive__eps0.00,48,sq_seqnn_fast.py,sens_eps__overhead_adaptive__eps0.00__seed48,--dataset overhead --overhead-mode seqnn5 --frontend-mode conv --gate-type CX --measure-bases x --n-qubits 8 --cls-hidden 10 --conv-width 4 --label-smooth 0.00
888,sens_eps,overhead,adaptive,overhead_adaptive__eps0.10,48,sq_seqnn_fast.py,sens_eps__overhead_adaptive__eps0.10__seed48,--dataset overhead --overhead-mode seqnn5 --frontend-mode conv --gate-type CX --measure-bases x --n-qubits 8 --cls-hidden 10 --conv-width 4 --label-smooth 0.10
889,sens_eps,overhead,shared,overhead_shared__eps0.00,48,sq_seqnn_fast.py,sens_eps__overhead_shared__eps0.00__seed48,--dataset overhead --overhead-mode seqnn5 --frontend-mode shapelet --gate-type XY --measure-bases z --n-qubits 10 --cls-hidden 10 --shapelet-count 6 --shapelet-length 1 --shapelet-stats compact4 --label-smooth 0.00
890,sens_eps,overhead,shared,overhead_shared__eps0.10,48,sq_seqnn_fast.py,sens_eps__overhead_shared__eps0.10__seed48,--dataset overhead --overhead-mode seqnn5 --frontend-mode shapelet --gate-type XY --measure-bases z --n-qubits 10 --cls-hidden 10 --shapelet-count 6 --shapelet-length 1 --shapelet-stats compact4 --label-smooth 0.10
891,sens_eps,sat6,both,sat6__eps0.00,48,sq_seqnn_fast.py,sens_eps__sat6__eps0.00__seed48,--dataset sat6 --frontend-mode shapelet --gate-type XX --measure-bases x --n-qubits 10 --cls-hidden 10 --shapelet-count 6 --shapelet-length 4 --shapelet-stats full6 --label-smooth 0.00
892,sens_eps,sat6,both,sat6__eps0.10,48,sq_seqnn_fast.py,sens_eps__sat6__eps0.10__seed48,--dataset sat6 --frontend-mode shapelet --gate-type XX --measure-bases x --n-qubits 10 --cls-hidden 10 --shapelet-count 6 --shapelet-length 4 --shapelet-stats full6 --label-smooth 0.10
893,sens_eps,so2sat,adaptive,so2sat_adaptive__eps0.00,48,sq_seqnn_fast.py,sens_eps__so2sat_adaptive__eps0.00__seed48,--dataset so2sat --frontend-mode global --gate-type CRY --measure-bases xyz --n-qubits 10 --cls-hidden 10 --label-smooth 0.00
894,sens_eps,so2sat,adaptive,so2sat_adaptive__eps0.10,48,sq_seqnn_fast.py,sens_eps__so2sat_adaptive__eps0.10__seed48,--dataset so2sat --frontend-mode global --gate-type CRY --measure-bases xyz --n-qubits 10 --cls-hidden 10 --label-smooth 0.10
895,sens_eps,so2sat,shared,so2sat_shared__eps0.00,48,sq_seqnn_fast.py,sens_eps__so2sat_shared__eps0.00__seed48,--dataset so2sat --frontend-mode shapelet --gate-type CZ --measure-bases x --n-qubits 10 --cls-hidden 10 --shapelet-count 6 --shapelet-length 4 --shapelet-stats compact4 --label-smooth 0.00
896,sens_eps,so2sat,shared,so2sat_shared__eps0.10,48,sq_seqnn_fast.py,sens_eps__so2sat_shared__eps0.10__seed48,--dataset so2sat --frontend-mode shapelet --gate-type CZ --measure-bases x --n-qubits 10 --cls-hidden 10 --shapelet-count 6 --shapelet-length 4 --shapelet-stats compact4 --label-smooth 0.10
897,seqnn,overhead,w16,seqnn_w16_overhead,48,run_baselines.py,seqnn__seqnn_w16_overhead__seed48,--datasets overhead --baseline seqnn --seqnn-widths 16 --seeds 48
898,seqnn,overhead,w10,seqnn_w10_overhead,48,run_baselines.py,seqnn__seqnn_w10_overhead__seed48,--datasets overhead --baseline seqnn --seqnn-widths 10 --seeds 48
899,seqnn,sat6,w16,seqnn_w16_sat6,48,run_baselines.py,seqnn__seqnn_w16_sat6__seed48,--datasets sat6 --baseline seqnn --seqnn-widths 16 --seeds 48
900,seqnn,sat6,w10,seqnn_w10_sat6,48,run_baselines.py,seqnn__seqnn_w10_sat6__seed48,--datasets sat6 --baseline seqnn --seqnn-widths 10 --seeds 48
901,seqnn,so2sat,w16,seqnn_w16_so2sat,48,run_baselines.py,seqnn__seqnn_w16_so2sat__seed48,--datasets so2sat --baseline seqnn --seqnn-widths 16 --seeds 48
902,seqnn,so2sat,w10,seqnn_w10_so2sat,48,run_baselines.py,seqnn__seqnn_w10_so2sat__seed48,--datasets so2sat --baseline seqnn --seqnn-widths 10 --seeds 48
903,qccnn,overhead,-,qccnn_overhead,48,run_baselines.py,qccnn__qccnn_overhead__seed48,--datasets overhead --baseline qccnn --seeds 48
904,qccnn,sat6,-,qccnn_sat6,48,run_baselines.py,qccnn__qccnn_sat6__seed48,--datasets sat6 --baseline qccnn --seeds 48
905,qccnn,so2sat,-,qccnn_so2sat,48,run_baselines.py,qccnn__qccnn_so2sat__seed48,--datasets so2sat --baseline qccnn --seeds 48
906,classical,overhead,resnet,resnet_overhead,48,heavy_baselines.py,classical__resnet_overhead__seed48,--dataset overhead --model resnet --runs 1 --seed 48 --epochs 80
907,classical,overhead,vgg,vgg_overhead,48,heavy_baselines.py,classical__vgg_overhead__seed48,--dataset overhead --model vgg --runs 1 --seed 48 --epochs 80
908,classical,overhead,densenet,densenet_overhead,48,heavy_baselines.py,classical__densenet_overhead__seed48,--dataset overhead --model densenet --runs 1 --seed 48 --epochs 80
909,classical,overhead,efficientnet,efficientnet_overhead,48,heavy_baselines.py,classical__efficientnet_overhead__seed48,--dataset overhead --model efficientnet --runs 1 --seed 48 --epochs 80
910,classical,overhead,vit,vit_overhead,48,heavy_baselines.py,classical__vit_overhead__seed48,--dataset overhead --model vit --runs 1 --seed 48 --epochs 80
911,classical,overhead,swin,swin_overhead,48,heavy_baselines.py,classical__swin_overhead__seed48,--dataset overhead --model swin --runs 1 --seed 48 --epochs 80
912,classical,sat6,resnet,resnet_sat6,48,heavy_baselines.py,classical__resnet_sat6__seed48,--dataset sat6 --model resnet --runs 1 --seed 48 --epochs 80
913,classical,sat6,vgg,vgg_sat6,48,heavy_baselines.py,classical__vgg_sat6__seed48,--dataset sat6 --model vgg --runs 1 --seed 48 --epochs 80
914,classical,sat6,densenet,densenet_sat6,48,heavy_baselines.py,classical__densenet_sat6__seed48,--dataset sat6 --model densenet --runs 1 --seed 48 --epochs 80
915,classical,sat6,efficientnet,efficientnet_sat6,48,heavy_baselines.py,classical__efficientnet_sat6__seed48,--dataset sat6 --model efficientnet --runs 1 --seed 48 --epochs 80
916,classical,sat6,vit,vit_sat6,48,heavy_baselines.py,classical__vit_sat6__seed48,--dataset sat6 --model vit --runs 1 --seed 48 --epochs 80
917,classical,sat6,swin,swin_sat6,48,heavy_baselines.py,classical__swin_sat6__seed48,--dataset sat6 --model swin --runs 1 --seed 48 --epochs 80
918,classical,so2sat,resnet,resnet_so2sat,48,heavy_baselines.py,classical__resnet_so2sat__seed48,--dataset so2sat --model resnet --runs 1 --seed 48 --epochs 80
919,classical,so2sat,vgg,vgg_so2sat,48,heavy_baselines.py,classical__vgg_so2sat__seed48,--dataset so2sat --model vgg --runs 1 --seed 48 --epochs 80
920,classical,so2sat,densenet,densenet_so2sat,48,heavy_baselines.py,classical__densenet_so2sat__seed48,--dataset so2sat --model densenet --runs 1 --seed 48 --epochs 80
921,classical,so2sat,efficientnet,efficientnet_so2sat,48,heavy_baselines.py,classical__efficientnet_so2sat__seed48,--dataset so2sat --model efficientnet --runs 1 --seed 48 --epochs 80
922,classical,so2sat,vit,vit_so2sat,48,heavy_baselines.py,classical__vit_so2sat__seed48,--dataset so2sat --model vit --runs 1 --seed 48 --epochs 80
923,classical,so2sat,swin,swin_so2sat,48,heavy_baselines.py,classical__swin_so2sat__seed48,--dataset so2sat --model swin --runs 1 --seed 48 --epochs 80
924,main,overhead,adaptive,overhead_adaptive,49,sq_seqnn_fast.py,main__overhead_adaptive__seed49,--dataset overhead --overhead-mode seqnn5 --frontend-mode conv --gate-type CX --measure-bases x --n-qubits 8 --cls-hidden 10 --conv-width 4 --ablation none
925,main,overhead,shared,overhead_shared,49,sq_seqnn_fast.py,main__overhead_shared__seed49,--dataset overhead --overhead-mode seqnn5 --frontend-mode shapelet --gate-type XY --measure-bases z --n-qubits 10 --cls-hidden 10 --shapelet-count 6 --shapelet-length 1 --shapelet-stats compact4 --ablation none
926,main,sat6,both,sat6,49,sq_seqnn_fast.py,main__sat6__seed49,--dataset sat6 --frontend-mode shapelet --gate-type XX --measure-bases x --n-qubits 10 --cls-hidden 10 --shapelet-count 6 --shapelet-length 4 --shapelet-stats full6 --ablation none
927,main,so2sat,adaptive,so2sat_adaptive,49,sq_seqnn_fast.py,main__so2sat_adaptive__seed49,--dataset so2sat --frontend-mode global --gate-type CRY --measure-bases xyz --n-qubits 10 --cls-hidden 10 --ablation none
928,main,so2sat,shared,so2sat_shared,49,sq_seqnn_fast.py,main__so2sat_shared__seed49,--dataset so2sat --frontend-mode shapelet --gate-type CZ --measure-bases x --n-qubits 10 --cls-hidden 10 --shapelet-count 6 --shapelet-length 4 --shapelet-stats compact4 --ablation none
929,isolation,overhead,adaptive,overhead_adaptive__classical_only,49,sq_seqnn_fast.py,isolation__overhead_adaptive__classical_only__seed49,--dataset overhead --overhead-mode seqnn5 --frontend-mode conv --gate-type CX --measure-bases x --n-qubits 8 --cls-hidden 10 --conv-width 4 --ablation classical_only
930,isolation,overhead,adaptive,overhead_adaptive__mlp_replace,49,sq_seqnn_fast.py,isolation__overhead_adaptive__mlp_replace__seed49,--dataset overhead --overhead-mode seqnn5 --frontend-mode conv --gate-type CX --measure-bases x --n-qubits 8 --cls-hidden 10 --conv-width 4 --ablation mlp_replace
931,isolation,overhead,adaptive,overhead_adaptive__frozen_quantum,49,sq_seqnn_fast.py,isolation__overhead_adaptive__frozen_quantum__seed49,--dataset overhead --overhead-mode seqnn5 --frontend-mode conv --gate-type CX --measure-bases x --n-qubits 8 --cls-hidden 10 --conv-width 4 --ablation frozen_quantum
932,isolation,overhead,adaptive,overhead_adaptive__no_iqp,49,sq_seqnn_fast.py,isolation__overhead_adaptive__no_iqp__seed49,--dataset overhead --overhead-mode seqnn5 --frontend-mode conv --gate-type CX --measure-bases x --n-qubits 8 --cls-hidden 10 --conv-width 4 --ablation no_iqp
933,isolation,overhead,adaptive,overhead_adaptive__no_reupload,49,sq_seqnn_fast.py,isolation__overhead_adaptive__no_reupload__seed49,--dataset overhead --overhead-mode seqnn5 --frontend-mode conv --gate-type CX --measure-bases x --n-qubits 8 --cls-hidden 10 --conv-width 4 --ablation no_reupload
934,isolation,overhead,adaptive,overhead_adaptive__fixed_z,49,sq_seqnn_fast.py,isolation__overhead_adaptive__fixed_z__seed49,--dataset overhead --overhead-mode seqnn5 --frontend-mode conv --gate-type CX --measure-bases x --n-qubits 8 --cls-hidden 10 --conv-width 4 --ablation fixed_z
935,isolation,sat6,both,sat6__classical_only,49,sq_seqnn_fast.py,isolation__sat6__classical_only__seed49,--dataset sat6 --frontend-mode shapelet --gate-type XX --measure-bases x --n-qubits 10 --cls-hidden 10 --shapelet-count 6 --shapelet-length 4 --shapelet-stats full6 --ablation classical_only
936,isolation,sat6,both,sat6__mlp_replace,49,sq_seqnn_fast.py,isolation__sat6__mlp_replace__seed49,--dataset sat6 --frontend-mode shapelet --gate-type XX --measure-bases x --n-qubits 10 --cls-hidden 10 --shapelet-count 6 --shapelet-length 4 --shapelet-stats full6 --ablation mlp_replace
937,isolation,sat6,both,sat6__frozen_quantum,49,sq_seqnn_fast.py,isolation__sat6__frozen_quantum__seed49,--dataset sat6 --frontend-mode shapelet --gate-type XX --measure-bases x --n-qubits 10 --cls-hidden 10 --shapelet-count 6 --shapelet-length 4 --shapelet-stats full6 --ablation frozen_quantum
938,isolation,sat6,both,sat6__no_iqp,49,sq_seqnn_fast.py,isolation__sat6__no_iqp__seed49,--dataset sat6 --frontend-mode shapelet --gate-type XX --measure-bases x --n-qubits 10 --cls-hidden 10 --shapelet-count 6 --shapelet-length 4 --shapelet-stats full6 --ablation no_iqp
939,isolation,sat6,both,sat6__no_reupload,49,sq_seqnn_fast.py,isolation__sat6__no_reupload__seed49,--dataset sat6 --frontend-mode shapelet --gate-type XX --measure-bases x --n-qubits 10 --cls-hidden 10 --shapelet-count 6 --shapelet-length 4 --shapelet-stats full6 --ablation no_reupload
940,isolation,sat6,both,sat6__fixed_z,49,sq_seqnn_fast.py,isolation__sat6__fixed_z__seed49,--dataset sat6 --frontend-mode shapelet --gate-type XX --measure-bases x --n-qubits 10 --cls-hidden 10 --shapelet-count 6 --shapelet-length 4 --shapelet-stats full6 --ablation fixed_z
941,isolation,so2sat,adaptive,so2sat_adaptive__classical_only,49,sq_seqnn_fast.py,isolation__so2sat_adaptive__classical_only__seed49,--dataset so2sat --frontend-mode global --gate-type CRY --measure-bases xyz --n-qubits 10 --cls-hidden 10 --ablation classical_only
942,isolation,so2sat,adaptive,so2sat_adaptive__mlp_replace,49,sq_seqnn_fast.py,isolation__so2sat_adaptive__mlp_replace__seed49,--dataset so2sat --frontend-mode global --gate-type CRY --measure-bases xyz --n-qubits 10 --cls-hidden 10 --ablation mlp_replace
943,isolation,so2sat,adaptive,so2sat_adaptive__frozen_quantum,49,sq_seqnn_fast.py,isolation__so2sat_adaptive__frozen_quantum__seed49,--dataset so2sat --frontend-mode global --gate-type CRY --measure-bases xyz --n-qubits 10 --cls-hidden 10 --ablation frozen_quantum
944,isolation,so2sat,adaptive,so2sat_adaptive__no_iqp,49,sq_seqnn_fast.py,isolation__so2sat_adaptive__no_iqp__seed49,--dataset so2sat --frontend-mode global --gate-type CRY --measure-bases xyz --n-qubits 10 --cls-hidden 10 --ablation no_iqp
945,isolation,so2sat,adaptive,so2sat_adaptive__no_reupload,49,sq_seqnn_fast.py,isolation__so2sat_adaptive__no_reupload__seed49,--dataset so2sat --frontend-mode global --gate-type CRY --measure-bases xyz --n-qubits 10 --cls-hidden 10 --ablation no_reupload
946,isolation,so2sat,adaptive,so2sat_adaptive__fixed_z,49,sq_seqnn_fast.py,isolation__so2sat_adaptive__fixed_z__seed49,--dataset so2sat --frontend-mode global --gate-type CRY --measure-bases xyz --n-qubits 10 --cls-hidden 10 --ablation fixed_z
947,gate,overhead,adaptive,overhead_adaptive__gateZZ,49,sq_seqnn_fast.py,gate__overhead_adaptive__gateZZ__seed49,--dataset overhead --overhead-mode seqnn5 --frontend-mode conv --gate-type ZZ --measure-bases x --n-qubits 8 --cls-hidden 10 --conv-width 4
948,gate,overhead,adaptive,overhead_adaptive__gateCZ,49,sq_seqnn_fast.py,gate__overhead_adaptive__gateCZ__seed49,--dataset overhead --overhead-mode seqnn5 --frontend-mode conv --gate-type CZ --measure-bases x --n-qubits 8 --cls-hidden 10 --conv-width 4
949,gate,overhead,adaptive,overhead_adaptive__gateXY,49,sq_seqnn_fast.py,gate__overhead_adaptive__gateXY__seed49,--dataset overhead --overhead-mode seqnn5 --frontend-mode conv --gate-type XY --measure-bases x --n-qubits 8 --cls-hidden 10 --conv-width 4
950,gate,overhead,adaptive,overhead_adaptive__gateCRZ,49,sq_seqnn_fast.py,gate__overhead_adaptive__gateCRZ__seed49,--dataset overhead --overhead-mode seqnn5 --frontend-mode conv --gate-type CRZ --measure-bases x --n-qubits 8 --cls-hidden 10 --conv-width 4
951,gate,overhead,adaptive,overhead_adaptive__gateCRY,49,sq_seqnn_fast.py,gate__overhead_adaptive__gateCRY__seed49,--dataset overhead --overhead-mode seqnn5 --frontend-mode conv --gate-type CRY --measure-bases x --n-qubits 8 --cls-hidden 10 --conv-width 4
952,gate,overhead,adaptive,overhead_adaptive__gateXX,49,sq_seqnn_fast.py,gate__overhead_adaptive__gateXX__seed49,--dataset overhead --overhead-mode seqnn5 --frontend-mode conv --gate-type XX --measure-bases x --n-qubits 8 --cls-hidden 10 --conv-width 4
953,gate,overhead,adaptive,overhead_adaptive__gateYY,49,sq_seqnn_fast.py,gate__overhead_adaptive__gateYY__seed49,--dataset overhead --overhead-mode seqnn5 --frontend-mode conv --gate-type YY --measure-bases x --n-qubits 8 --cls-hidden 10 --conv-width 4
954,gate,overhead,shared,overhead_shared__gateZZ,49,sq_seqnn_fast.py,gate__overhead_shared__gateZZ__seed49,--dataset overhead --overhead-mode seqnn5 --frontend-mode shapelet --gate-type ZZ --measure-bases z --n-qubits 10 --cls-hidden 10 --shapelet-count 6 --shapelet-length 1 --shapelet-stats compact4
955,gate,overhead,shared,overhead_shared__gateCZ,49,sq_seqnn_fast.py,gate__overhead_shared__gateCZ__seed49,--dataset overhead --overhead-mode seqnn5 --frontend-mode shapelet --gate-type CZ --measure-bases z --n-qubits 10 --cls-hidden 10 --shapelet-count 6 --shapelet-length 1 --shapelet-stats compact4
956,gate,overhead,shared,overhead_shared__gateCX,49,sq_seqnn_fast.py,gate__overhead_shared__gateCX__seed49,--dataset overhead --overhead-mode seqnn5 --frontend-mode shapelet --gate-type CX --measure-bases z --n-qubits 10 --cls-hidden 10 --shapelet-count 6 --shapelet-length 1 --shapelet-stats compact4
957,gate,overhead,shared,overhead_shared__gateCRZ,49,sq_seqnn_fast.py,gate__overhead_shared__gateCRZ__seed49,--dataset overhead --overhead-mode seqnn5 --frontend-mode shapelet --gate-type CRZ --measure-bases z --n-qubits 10 --cls-hidden 10 --shapelet-count 6 --shapelet-length 1 --shapelet-stats compact4
958,gate,overhead,shared,overhead_shared__gateCRY,49,sq_seqnn_fast.py,gate__overhead_shared__gateCRY__seed49,--dataset overhead --overhead-mode seqnn5 --frontend-mode shapelet --gate-type CRY --measure-bases z --n-qubits 10 --cls-hidden 10 --shapelet-count 6 --shapelet-length 1 --shapelet-stats compact4
959,gate,overhead,shared,overhead_shared__gateXX,49,sq_seqnn_fast.py,gate__overhead_shared__gateXX__seed49,--dataset overhead --overhead-mode seqnn5 --frontend-mode shapelet --gate-type XX --measure-bases z --n-qubits 10 --cls-hidden 10 --shapelet-count 6 --shapelet-length 1 --shapelet-stats compact4
960,gate,overhead,shared,overhead_shared__gateYY,49,sq_seqnn_fast.py,gate__overhead_shared__gateYY__seed49,--dataset overhead --overhead-mode seqnn5 --frontend-mode shapelet --gate-type YY --measure-bases z --n-qubits 10 --cls-hidden 10 --shapelet-count 6 --shapelet-length 1 --shapelet-stats compact4
961,gate,sat6,both,sat6__gateZZ,49,sq_seqnn_fast.py,gate__sat6__gateZZ__seed49,--dataset sat6 --frontend-mode shapelet --gate-type ZZ --measure-bases x --n-qubits 10 --cls-hidden 10 --shapelet-count 6 --shapelet-length 4 --shapelet-stats full6
962,gate,sat6,both,sat6__gateCZ,49,sq_seqnn_fast.py,gate__sat6__gateCZ__seed49,--dataset sat6 --frontend-mode shapelet --gate-type CZ --measure-bases x --n-qubits 10 --cls-hidden 10 --shapelet-count 6 --shapelet-length 4 --shapelet-stats full6
963,gate,sat6,both,sat6__gateCX,49,sq_seqnn_fast.py,gate__sat6__gateCX__seed49,--dataset sat6 --frontend-mode shapelet --gate-type CX --measure-bases x --n-qubits 10 --cls-hidden 10 --shapelet-count 6 --shapelet-length 4 --shapelet-stats full6
964,gate,sat6,both,sat6__gateXY,49,sq_seqnn_fast.py,gate__sat6__gateXY__seed49,--dataset sat6 --frontend-mode shapelet --gate-type XY --measure-bases x --n-qubits 10 --cls-hidden 10 --shapelet-count 6 --shapelet-length 4 --shapelet-stats full6
965,gate,sat6,both,sat6__gateCRZ,49,sq_seqnn_fast.py,gate__sat6__gateCRZ__seed49,--dataset sat6 --frontend-mode shapelet --gate-type CRZ --measure-bases x --n-qubits 10 --cls-hidden 10 --shapelet-count 6 --shapelet-length 4 --shapelet-stats full6
966,gate,sat6,both,sat6__gateCRY,49,sq_seqnn_fast.py,gate__sat6__gateCRY__seed49,--dataset sat6 --frontend-mode shapelet --gate-type CRY --measure-bases x --n-qubits 10 --cls-hidden 10 --shapelet-count 6 --shapelet-length 4 --shapelet-stats full6
967,gate,sat6,both,sat6__gateYY,49,sq_seqnn_fast.py,gate__sat6__gateYY__seed49,--dataset sat6 --frontend-mode shapelet --gate-type YY --measure-bases x --n-qubits 10 --cls-hidden 10 --shapelet-count 6 --shapelet-length 4 --shapelet-stats full6
968,gate,so2sat,adaptive,so2sat_adaptive__gateZZ,49,sq_seqnn_fast.py,gate__so2sat_adaptive__gateZZ__seed49,--dataset so2sat --frontend-mode global --gate-type ZZ --measure-bases xyz --n-qubits 10 --cls-hidden 10
969,gate,so2sat,adaptive,so2sat_adaptive__gateCZ,49,sq_seqnn_fast.py,gate__so2sat_adaptive__gateCZ__seed49,--dataset so2sat --frontend-mode global --gate-type CZ --measure-bases xyz --n-qubits 10 --cls-hidden 10
970,gate,so2sat,adaptive,so2sat_adaptive__gateCX,49,sq_seqnn_fast.py,gate__so2sat_adaptive__gateCX__seed49,--dataset so2sat --frontend-mode global --gate-type CX --measure-bases xyz --n-qubits 10 --cls-hidden 10
971,gate,so2sat,adaptive,so2sat_adaptive__gateXY,49,sq_seqnn_fast.py,gate__so2sat_adaptive__gateXY__seed49,--dataset so2sat --frontend-mode global --gate-type XY --measure-bases xyz --n-qubits 10 --cls-hidden 10
972,gate,so2sat,adaptive,so2sat_adaptive__gateCRZ,49,sq_seqnn_fast.py,gate__so2sat_adaptive__gateCRZ__seed49,--dataset so2sat --frontend-mode global --gate-type CRZ --measure-bases xyz --n-qubits 10 --cls-hidden 10
973,gate,so2sat,adaptive,so2sat_adaptive__gateXX,49,sq_seqnn_fast.py,gate__so2sat_adaptive__gateXX__seed49,--dataset so2sat --frontend-mode global --gate-type XX --measure-bases xyz --n-qubits 10 --cls-hidden 10
974,gate,so2sat,adaptive,so2sat_adaptive__gateYY,49,sq_seqnn_fast.py,gate__so2sat_adaptive__gateYY__seed49,--dataset so2sat --frontend-mode global --gate-type YY --measure-bases xyz --n-qubits 10 --cls-hidden 10
975,gate,so2sat,shared,so2sat_shared__gateZZ,49,sq_seqnn_fast.py,gate__so2sat_shared__gateZZ__seed49,--dataset so2sat --frontend-mode shapelet --gate-type ZZ --measure-bases x --n-qubits 10 --cls-hidden 10 --shapelet-count 6 --shapelet-length 4 --shapelet-stats compact4
976,gate,so2sat,shared,so2sat_shared__gateCX,49,sq_seqnn_fast.py,gate__so2sat_shared__gateCX__seed49,--dataset so2sat --frontend-mode shapelet --gate-type CX --measure-bases x --n-qubits 10 --cls-hidden 10 --shapelet-count 6 --shapelet-length 4 --shapelet-stats compact4
977,gate,so2sat,shared,so2sat_shared__gateXY,49,sq_seqnn_fast.py,gate__so2sat_shared__gateXY__seed49,--dataset so2sat --frontend-mode shapelet --gate-type XY --measure-bases x --n-qubits 10 --cls-hidden 10 --shapelet-count 6 --shapelet-length 4 --shapelet-stats compact4
978,gate,so2sat,shared,so2sat_shared__gateCRZ,49,sq_seqnn_fast.py,gate__so2sat_shared__gateCRZ__seed49,--dataset so2sat --frontend-mode shapelet --gate-type CRZ --measure-bases x --n-qubits 10 --cls-hidden 10 --shapelet-count 6 --shapelet-length 4 --shapelet-stats compact4
979,gate,so2sat,shared,so2sat_shared__gateCRY,49,sq_seqnn_fast.py,gate__so2sat_shared__gateCRY__seed49,--dataset so2sat --frontend-mode shapelet --gate-type CRY --measure-bases x --n-qubits 10 --cls-hidden 10 --shapelet-count 6 --shapelet-length 4 --shapelet-stats compact4
980,gate,so2sat,shared,so2sat_shared__gateXX,49,sq_seqnn_fast.py,gate__so2sat_shared__gateXX__seed49,--dataset so2sat --frontend-mode shapelet --gate-type XX --measure-bases x --n-qubits 10 --cls-hidden 10 --shapelet-count 6 --shapelet-length 4 --shapelet-stats compact4
981,gate,so2sat,shared,so2sat_shared__gateYY,49,sq_seqnn_fast.py,gate__so2sat_shared__gateYY__seed49,--dataset so2sat --frontend-mode shapelet --gate-type YY --measure-bases x --n-qubits 10 --cls-hidden 10 --shapelet-count 6 --shapelet-length 4 --shapelet-stats compact4
982,basis,overhead,adaptive,overhead_adaptive__basisY,49,sq_seqnn_fast.py,basis__overhead_adaptive__basisY__seed49,--dataset overhead --overhead-mode seqnn5 --frontend-mode conv --gate-type CX --measure-bases y --n-qubits 8 --cls-hidden 10 --conv-width 4
983,basis,overhead,adaptive,overhead_adaptive__basisZ,49,sq_seqnn_fast.py,basis__overhead_adaptive__basisZ__seed49,--dataset overhead --overhead-mode seqnn5 --frontend-mode conv --gate-type CX --measure-bases z --n-qubits 8 --cls-hidden 10 --conv-width 4
984,basis,overhead,adaptive,overhead_adaptive__basisXYZ,49,sq_seqnn_fast.py,basis__overhead_adaptive__basisXYZ__seed49,--dataset overhead --overhead-mode seqnn5 --frontend-mode conv --gate-type CX --measure-bases xyz --n-qubits 8 --cls-hidden 10 --conv-width 4
985,basis,overhead,shared,overhead_shared__basisX,49,sq_seqnn_fast.py,basis__overhead_shared__basisX__seed49,--dataset overhead --overhead-mode seqnn5 --frontend-mode shapelet --gate-type XY --measure-bases x --n-qubits 10 --cls-hidden 10 --shapelet-count 6 --shapelet-length 1 --shapelet-stats compact4
986,basis,overhead,shared,overhead_shared__basisY,49,sq_seqnn_fast.py,basis__overhead_shared__basisY__seed49,--dataset overhead --overhead-mode seqnn5 --frontend-mode shapelet --gate-type XY --measure-bases y --n-qubits 10 --cls-hidden 10 --shapelet-count 6 --shapelet-length 1 --shapelet-stats compact4
987,basis,overhead,shared,overhead_shared__basisXYZ,49,sq_seqnn_fast.py,basis__overhead_shared__basisXYZ__seed49,--dataset overhead --overhead-mode seqnn5 --frontend-mode shapelet --gate-type XY --measure-bases xyz --n-qubits 10 --cls-hidden 10 --shapelet-count 6 --shapelet-length 1 --shapelet-stats compact4
988,basis,sat6,both,sat6__basisY,49,sq_seqnn_fast.py,basis__sat6__basisY__seed49,--dataset sat6 --frontend-mode shapelet --gate-type XX --measure-bases y --n-qubits 10 --cls-hidden 10 --shapelet-count 6 --shapelet-length 4 --shapelet-stats full6
989,basis,sat6,both,sat6__basisZ,49,sq_seqnn_fast.py,basis__sat6__basisZ__seed49,--dataset sat6 --frontend-mode shapelet --gate-type XX --measure-bases z --n-qubits 10 --cls-hidden 10 --shapelet-count 6 --shapelet-length 4 --shapelet-stats full6
990,basis,sat6,both,sat6__basisXYZ,49,sq_seqnn_fast.py,basis__sat6__basisXYZ__seed49,--dataset sat6 --frontend-mode shapelet --gate-type XX --measure-bases xyz --n-qubits 10 --cls-hidden 10 --shapelet-count 6 --shapelet-length 4 --shapelet-stats full6
991,basis,so2sat,adaptive,so2sat_adaptive__basisX,49,sq_seqnn_fast.py,basis__so2sat_adaptive__basisX__seed49,--dataset so2sat --frontend-mode global --gate-type CRY --measure-bases x --n-qubits 10 --cls-hidden 10
992,basis,so2sat,adaptive,so2sat_adaptive__basisY,49,sq_seqnn_fast.py,basis__so2sat_adaptive__basisY__seed49,--dataset so2sat --frontend-mode global --gate-type CRY --measure-bases y --n-qubits 10 --cls-hidden 10
993,basis,so2sat,adaptive,so2sat_adaptive__basisZ,49,sq_seqnn_fast.py,basis__so2sat_adaptive__basisZ__seed49,--dataset so2sat --frontend-mode global --gate-type CRY --measure-bases z --n-qubits 10 --cls-hidden 10
994,basis,so2sat,shared,so2sat_shared__basisY,49,sq_seqnn_fast.py,basis__so2sat_shared__basisY__seed49,--dataset so2sat --frontend-mode shapelet --gate-type CZ --measure-bases y --n-qubits 10 --cls-hidden 10 --shapelet-count 6 --shapelet-length 4 --shapelet-stats compact4
995,basis,so2sat,shared,so2sat_shared__basisZ,49,sq_seqnn_fast.py,basis__so2sat_shared__basisZ__seed49,--dataset so2sat --frontend-mode shapelet --gate-type CZ --measure-bases z --n-qubits 10 --cls-hidden 10 --shapelet-count 6 --shapelet-length 4 --shapelet-stats compact4
996,basis,so2sat,shared,so2sat_shared__basisXYZ,49,sq_seqnn_fast.py,basis__so2sat_shared__basisXYZ__seed49,--dataset so2sat --frontend-mode shapelet --gate-type CZ --measure-bases xyz --n-qubits 10 --cls-hidden 10 --shapelet-count 6 --shapelet-length 4 --shapelet-stats compact4
997,fusion,overhead,adaptive,overhead_adaptive__quantum_only,49,sq_seqnn_fast.py,fusion__overhead_adaptive__quantum_only__seed49,--dataset overhead --overhead-mode seqnn5 --frontend-mode conv --gate-type CX --measure-bases x --n-qubits 8 --cls-hidden 10 --conv-width 4 --ablation quantum_only
998,fusion,overhead,shared,overhead_shared__quantum_only,49,sq_seqnn_fast.py,fusion__overhead_shared__quantum_only__seed49,--dataset overhead --overhead-mode seqnn5 --frontend-mode shapelet --gate-type XY --measure-bases z --n-qubits 10 --cls-hidden 10 --shapelet-count 6 --shapelet-length 1 --shapelet-stats compact4 --ablation quantum_only
999,fusion,sat6,both,sat6__quantum_only,49,sq_seqnn_fast.py,fusion__sat6__quantum_only__seed49,--dataset sat6 --frontend-mode shapelet --gate-type XX --measure-bases x --n-qubits 10 --cls-hidden 10 --shapelet-count 6 --shapelet-length 4 --shapelet-stats full6 --ablation quantum_only
1000,fusion,so2sat,adaptive,so2sat_adaptive__quantum_only,49,sq_seqnn_fast.py,fusion__so2sat_adaptive__quantum_only__seed49,--dataset so2sat --frontend-mode global --gate-type CRY --measure-bases xyz --n-qubits 10 --cls-hidden 10 --ablation quantum_only
1001,fusion,so2sat,shared,so2sat_shared__quantum_only,49,sq_seqnn_fast.py,fusion__so2sat_shared__quantum_only__seed49,--dataset so2sat --frontend-mode shapelet --gate-type CZ --measure-bases x --n-qubits 10 --cls-hidden 10 --shapelet-count 6 --shapelet-length 4 --shapelet-stats compact4 --ablation quantum_only
1002,schedule,overhead,adaptive,overhead_adaptive__sharedLR,49,sq_seqnn_fast.py,schedule__overhead_adaptive__sharedLR__seed49,--dataset overhead --overhead-mode seqnn5 --frontend-mode conv --gate-type CX --measure-bases x --n-qubits 8 --cls-hidden 10 --conv-width 4 --lr-q-factor 1.0
1003,schedule,overhead,shared,overhead_shared__sharedLR,49,sq_seqnn_fast.py,schedule__overhead_shared__sharedLR__seed49,--dataset overhead --overhead-mode seqnn5 --frontend-mode shapelet --gate-type XY --measure-bases z --n-qubits 10 --cls-hidden 10 --shapelet-count 6 --shapelet-length 1 --shapelet-stats compact4 --lr-q-factor 1.0
1004,schedule,sat6,both,sat6__sharedLR,49,sq_seqnn_fast.py,schedule__sat6__sharedLR__seed49,--dataset sat6 --frontend-mode shapelet --gate-type XX --measure-bases x --n-qubits 10 --cls-hidden 10 --shapelet-count 6 --shapelet-length 4 --shapelet-stats full6 --lr-q-factor 1.0
1005,schedule,so2sat,adaptive,so2sat_adaptive__sharedLR,49,sq_seqnn_fast.py,schedule__so2sat_adaptive__sharedLR__seed49,--dataset so2sat --frontend-mode global --gate-type CRY --measure-bases xyz --n-qubits 10 --cls-hidden 10 --lr-q-factor 1.0
1006,schedule,so2sat,shared,so2sat_shared__sharedLR,49,sq_seqnn_fast.py,schedule__so2sat_shared__sharedLR__seed49,--dataset so2sat --frontend-mode shapelet --gate-type CZ --measure-bases x --n-qubits 10 --cls-hidden 10 --shapelet-count 6 --shapelet-length 4 --shapelet-stats compact4 --lr-q-factor 1.0
1007,sens_nq,overhead,adaptive,overhead_adaptive__nq10,49,sq_seqnn_fast.py,sens_nq__overhead_adaptive__nq10__seed49,--dataset overhead --overhead-mode seqnn5 --frontend-mode conv --gate-type CX --measure-bases x --n-qubits 10 --cls-hidden 10 --conv-width 4
1008,sens_nq,overhead,adaptive,overhead_adaptive__nq12,49,sq_seqnn_fast.py,sens_nq__overhead_adaptive__nq12__seed49,--dataset overhead --overhead-mode seqnn5 --frontend-mode conv --gate-type CX --measure-bases x --n-qubits 12 --cls-hidden 10 --conv-width 4
1009,sens_R,overhead,adaptive,overhead_adaptive__R1,49,sq_seqnn_fast.py,sens_R__overhead_adaptive__R1__seed49,--dataset overhead --overhead-mode seqnn5 --frontend-mode conv --gate-type CX --measure-bases x --n-qubits 8 --cls-hidden 10 --conv-width 4 --n-reupload 1
1010,sens_R,overhead,adaptive,overhead_adaptive__R3,49,sq_seqnn_fast.py,sens_R__overhead_adaptive__R3__seed49,--dataset overhead --overhead-mode seqnn5 --frontend-mode conv --gate-type CX --measure-bases x --n-qubits 8 --cls-hidden 10 --conv-width 4 --n-reupload 3
1011,sens_R,overhead,shared,overhead_shared__R1,49,sq_seqnn_fast.py,sens_R__overhead_shared__R1__seed49,--dataset overhead --overhead-mode seqnn5 --frontend-mode shapelet --gate-type XY --measure-bases z --n-qubits 10 --cls-hidden 10 --shapelet-count 6 --shapelet-length 1 --shapelet-stats compact4 --n-reupload 1
1012,sens_R,overhead,shared,overhead_shared__R3,49,sq_seqnn_fast.py,sens_R__overhead_shared__R3__seed49,--dataset overhead --overhead-mode seqnn5 --frontend-mode shapelet --gate-type XY --measure-bases z --n-qubits 10 --cls-hidden 10 --shapelet-count 6 --shapelet-length 1 --shapelet-stats compact4 --n-reupload 3
1013,sens_R,sat6,both,sat6__R1,49,sq_seqnn_fast.py,sens_R__sat6__R1__seed49,--dataset sat6 --frontend-mode shapelet --gate-type XX --measure-bases x --n-qubits 10 --cls-hidden 10 --shapelet-count 6 --shapelet-length 4 --shapelet-stats full6 --n-reupload 1
1014,sens_R,sat6,both,sat6__R3,49,sq_seqnn_fast.py,sens_R__sat6__R3__seed49,--dataset sat6 --frontend-mode shapelet --gate-type XX --measure-bases x --n-qubits 10 --cls-hidden 10 --shapelet-count 6 --shapelet-length 4 --shapelet-stats full6 --n-reupload 3
1015,sens_R,so2sat,adaptive,so2sat_adaptive__R1,49,sq_seqnn_fast.py,sens_R__so2sat_adaptive__R1__seed49,--dataset so2sat --frontend-mode global --gate-type CRY --measure-bases xyz --n-qubits 10 --cls-hidden 10 --n-reupload 1
1016,sens_R,so2sat,adaptive,so2sat_adaptive__R3,49,sq_seqnn_fast.py,sens_R__so2sat_adaptive__R3__seed49,--dataset so2sat --frontend-mode global --gate-type CRY --measure-bases xyz --n-qubits 10 --cls-hidden 10 --n-reupload 3
1017,sens_R,so2sat,shared,so2sat_shared__R1,49,sq_seqnn_fast.py,sens_R__so2sat_shared__R1__seed49,--dataset so2sat --frontend-mode shapelet --gate-type CZ --measure-bases x --n-qubits 10 --cls-hidden 10 --shapelet-count 6 --shapelet-length 4 --shapelet-stats compact4 --n-reupload 1
1018,sens_R,so2sat,shared,so2sat_shared__R3,49,sq_seqnn_fast.py,sens_R__so2sat_shared__R3__seed49,--dataset so2sat --frontend-mode shapelet --gate-type CZ --measure-bases x --n-qubits 10 --cls-hidden 10 --shapelet-count 6 --shapelet-length 4 --shapelet-stats compact4 --n-reupload 3
1019,sens_eps,overhead,adaptive,overhead_adaptive__eps0.00,49,sq_seqnn_fast.py,sens_eps__overhead_adaptive__eps0.00__seed49,--dataset overhead --overhead-mode seqnn5 --frontend-mode conv --gate-type CX --measure-bases x --n-qubits 8 --cls-hidden 10 --conv-width 4 --label-smooth 0.00
1020,sens_eps,overhead,adaptive,overhead_adaptive__eps0.10,49,sq_seqnn_fast.py,sens_eps__overhead_adaptive__eps0.10__seed49,--dataset overhead --overhead-mode seqnn5 --frontend-mode conv --gate-type CX --measure-bases x --n-qubits 8 --cls-hidden 10 --conv-width 4 --label-smooth 0.10
1021,sens_eps,overhead,shared,overhead_shared__eps0.00,49,sq_seqnn_fast.py,sens_eps__overhead_shared__eps0.00__seed49,--dataset overhead --overhead-mode seqnn5 --frontend-mode shapelet --gate-type XY --measure-bases z --n-qubits 10 --cls-hidden 10 --shapelet-count 6 --shapelet-length 1 --shapelet-stats compact4 --label-smooth 0.00
1022,sens_eps,overhead,shared,overhead_shared__eps0.10,49,sq_seqnn_fast.py,sens_eps__overhead_shared__eps0.10__seed49,--dataset overhead --overhead-mode seqnn5 --frontend-mode shapelet --gate-type XY --measure-bases z --n-qubits 10 --cls-hidden 10 --shapelet-count 6 --shapelet-length 1 --shapelet-stats compact4 --label-smooth 0.10
1023,sens_eps,sat6,both,sat6__eps0.00,49,sq_seqnn_fast.py,sens_eps__sat6__eps0.00__seed49,--dataset sat6 --frontend-mode shapelet --gate-type XX --measure-bases x --n-qubits 10 --cls-hidden 10 --shapelet-count 6 --shapelet-length 4 --shapelet-stats full6 --label-smooth 0.00
1024,sens_eps,sat6,both,sat6__eps0.10,49,sq_seqnn_fast.py,sens_eps__sat6__eps0.10__seed49,--dataset sat6 --frontend-mode shapelet --gate-type XX --measure-bases x --n-qubits 10 --cls-hidden 10 --shapelet-count 6 --shapelet-length 4 --shapelet-stats full6 --label-smooth 0.10
1025,sens_eps,so2sat,adaptive,so2sat_adaptive__eps0.00,49,sq_seqnn_fast.py,sens_eps__so2sat_adaptive__eps0.00__seed49,--dataset so2sat --frontend-mode global --gate-type CRY --measure-bases xyz --n-qubits 10 --cls-hidden 10 --label-smooth 0.00
1026,sens_eps,so2sat,adaptive,so2sat_adaptive__eps0.10,49,sq_seqnn_fast.py,sens_eps__so2sat_adaptive__eps0.10__seed49,--dataset so2sat --frontend-mode global --gate-type CRY --measure-bases xyz --n-qubits 10 --cls-hidden 10 --label-smooth 0.10
1027,sens_eps,so2sat,shared,so2sat_shared__eps0.00,49,sq_seqnn_fast.py,sens_eps__so2sat_shared__eps0.00__seed49,--dataset so2sat --frontend-mode shapelet --gate-type CZ --measure-bases x --n-qubits 10 --cls-hidden 10 --shapelet-count 6 --shapelet-length 4 --shapelet-stats compact4 --label-smooth 0.00
1028,sens_eps,so2sat,shared,so2sat_shared__eps0.10,49,sq_seqnn_fast.py,sens_eps__so2sat_shared__eps0.10__seed49,--dataset so2sat --frontend-mode shapelet --gate-type CZ --measure-bases x --n-qubits 10 --cls-hidden 10 --shapelet-count 6 --shapelet-length 4 --shapelet-stats compact4 --label-smooth 0.10
1029,seqnn,overhead,w16,seqnn_w16_overhead,49,run_baselines.py,seqnn__seqnn_w16_overhead__seed49,--datasets overhead --baseline seqnn --seqnn-widths 16 --seeds 49
1030,seqnn,overhead,w10,seqnn_w10_overhead,49,run_baselines.py,seqnn__seqnn_w10_overhead__seed49,--datasets overhead --baseline seqnn --seqnn-widths 10 --seeds 49
1031,seqnn,sat6,w16,seqnn_w16_sat6,49,run_baselines.py,seqnn__seqnn_w16_sat6__seed49,--datasets sat6 --baseline seqnn --seqnn-widths 16 --seeds 49
1032,seqnn,sat6,w10,seqnn_w10_sat6,49,run_baselines.py,seqnn__seqnn_w10_sat6__seed49,--datasets sat6 --baseline seqnn --seqnn-widths 10 --seeds 49
1033,seqnn,so2sat,w16,seqnn_w16_so2sat,49,run_baselines.py,seqnn__seqnn_w16_so2sat__seed49,--datasets so2sat --baseline seqnn --seqnn-widths 16 --seeds 49
1034,seqnn,so2sat,w10,seqnn_w10_so2sat,49,run_baselines.py,seqnn__seqnn_w10_so2sat__seed49,--datasets so2sat --baseline seqnn --seqnn-widths 10 --seeds 49
1035,qccnn,overhead,-,qccnn_overhead,49,run_baselines.py,qccnn__qccnn_overhead__seed49,--datasets overhead --baseline qccnn --seeds 49
1036,qccnn,sat6,-,qccnn_sat6,49,run_baselines.py,qccnn__qccnn_sat6__seed49,--datasets sat6 --baseline qccnn --seeds 49
1037,qccnn,so2sat,-,qccnn_so2sat,49,run_baselines.py,qccnn__qccnn_so2sat__seed49,--datasets so2sat --baseline qccnn --seeds 49
1038,classical,overhead,resnet,resnet_overhead,49,heavy_baselines.py,classical__resnet_overhead__seed49,--dataset overhead --model resnet --runs 1 --seed 49 --epochs 80
1039,classical,overhead,vgg,vgg_overhead,49,heavy_baselines.py,classical__vgg_overhead__seed49,--dataset overhead --model vgg --runs 1 --seed 49 --epochs 80
1040,classical,overhead,densenet,densenet_overhead,49,heavy_baselines.py,classical__densenet_overhead__seed49,--dataset overhead --model densenet --runs 1 --seed 49 --epochs 80
1041,classical,overhead,efficientnet,efficientnet_overhead,49,heavy_baselines.py,classical__efficientnet_overhead__seed49,--dataset overhead --model efficientnet --runs 1 --seed 49 --epochs 80
1042,classical,overhead,vit,vit_overhead,49,heavy_baselines.py,classical__vit_overhead__seed49,--dataset overhead --model vit --runs 1 --seed 49 --epochs 80
1043,classical,overhead,swin,swin_overhead,49,heavy_baselines.py,classical__swin_overhead__seed49,--dataset overhead --model swin --runs 1 --seed 49 --epochs 80
1044,classical,sat6,resnet,resnet_sat6,49,heavy_baselines.py,classical__resnet_sat6__seed49,--dataset sat6 --model resnet --runs 1 --seed 49 --epochs 80
1045,classical,sat6,vgg,vgg_sat6,49,heavy_baselines.py,classical__vgg_sat6__seed49,--dataset sat6 --model vgg --runs 1 --seed 49 --epochs 80
1046,classical,sat6,densenet,densenet_sat6,49,heavy_baselines.py,classical__densenet_sat6__seed49,--dataset sat6 --model densenet --runs 1 --seed 49 --epochs 80
1047,classical,sat6,efficientnet,efficientnet_sat6,49,heavy_baselines.py,classical__efficientnet_sat6__seed49,--dataset sat6 --model efficientnet --runs 1 --seed 49 --epochs 80
1048,classical,sat6,vit,vit_sat6,49,heavy_baselines.py,classical__vit_sat6__seed49,--dataset sat6 --model vit --runs 1 --seed 49 --epochs 80
1049,classical,sat6,swin,swin_sat6,49,heavy_baselines.py,classical__swin_sat6__seed49,--dataset sat6 --model swin --runs 1 --seed 49 --epochs 80
1050,classical,so2sat,resnet,resnet_so2sat,49,heavy_baselines.py,classical__resnet_so2sat__seed49,--dataset so2sat --model resnet --runs 1 --seed 49 --epochs 80
1051,classical,so2sat,vgg,vgg_so2sat,49,heavy_baselines.py,classical__vgg_so2sat__seed49,--dataset so2sat --model vgg --runs 1 --seed 49 --epochs 80
1052,classical,so2sat,densenet,densenet_so2sat,49,heavy_baselines.py,classical__densenet_so2sat__seed49,--dataset so2sat --model densenet --runs 1 --seed 49 --epochs 80
1053,classical,so2sat,efficientnet,efficientnet_so2sat,49,heavy_baselines.py,classical__efficientnet_so2sat__seed49,--dataset so2sat --model efficientnet --runs 1 --seed 49 --epochs 80
1054,classical,so2sat,vit,vit_so2sat,49,heavy_baselines.py,classical__vit_so2sat__seed49,--dataset so2sat --model vit --runs 1 --seed 49 --epochs 80
1055,classical,so2sat,swin,swin_so2sat,49,heavy_baselines.py,classical__swin_so2sat__seed49,--dataset so2sat --model swin --runs 1 --seed 49 --epochs 80
1056,main,overhead,adaptive,overhead_adaptive,50,sq_seqnn_fast.py,main__overhead_adaptive__seed50,--dataset overhead --overhead-mode seqnn5 --frontend-mode conv --gate-type CX --measure-bases x --n-qubits 8 --cls-hidden 10 --conv-width 4 --ablation none
1057,main,overhead,shared,overhead_shared,50,sq_seqnn_fast.py,main__overhead_shared__seed50,--dataset overhead --overhead-mode seqnn5 --frontend-mode shapelet --gate-type XY --measure-bases z --n-qubits 10 --cls-hidden 10 --shapelet-count 6 --shapelet-length 1 --shapelet-stats compact4 --ablation none
1058,main,sat6,both,sat6,50,sq_seqnn_fast.py,main__sat6__seed50,--dataset sat6 --frontend-mode shapelet --gate-type XX --measure-bases x --n-qubits 10 --cls-hidden 10 --shapelet-count 6 --shapelet-length 4 --shapelet-stats full6 --ablation none
1059,main,so2sat,adaptive,so2sat_adaptive,50,sq_seqnn_fast.py,main__so2sat_adaptive__seed50,--dataset so2sat --frontend-mode global --gate-type CRY --measure-bases xyz --n-qubits 10 --cls-hidden 10 --ablation none
1060,main,so2sat,shared,so2sat_shared,50,sq_seqnn_fast.py,main__so2sat_shared__seed50,--dataset so2sat --frontend-mode shapelet --gate-type CZ --measure-bases x --n-qubits 10 --cls-hidden 10 --shapelet-count 6 --shapelet-length 4 --shapelet-stats compact4 --ablation none
1061,isolation,overhead,adaptive,overhead_adaptive__classical_only,50,sq_seqnn_fast.py,isolation__overhead_adaptive__classical_only__seed50,--dataset overhead --overhead-mode seqnn5 --frontend-mode conv --gate-type CX --measure-bases x --n-qubits 8 --cls-hidden 10 --conv-width 4 --ablation classical_only
1062,isolation,overhead,adaptive,overhead_adaptive__mlp_replace,50,sq_seqnn_fast.py,isolation__overhead_adaptive__mlp_replace__seed50,--dataset overhead --overhead-mode seqnn5 --frontend-mode conv --gate-type CX --measure-bases x --n-qubits 8 --cls-hidden 10 --conv-width 4 --ablation mlp_replace
1063,isolation,overhead,adaptive,overhead_adaptive__frozen_quantum,50,sq_seqnn_fast.py,isolation__overhead_adaptive__frozen_quantum__seed50,--dataset overhead --overhead-mode seqnn5 --frontend-mode conv --gate-type CX --measure-bases x --n-qubits 8 --cls-hidden 10 --conv-width 4 --ablation frozen_quantum
1064,isolation,overhead,adaptive,overhead_adaptive__no_iqp,50,sq_seqnn_fast.py,isolation__overhead_adaptive__no_iqp__seed50,--dataset overhead --overhead-mode seqnn5 --frontend-mode conv --gate-type CX --measure-bases x --n-qubits 8 --cls-hidden 10 --conv-width 4 --ablation no_iqp
1065,isolation,overhead,adaptive,overhead_adaptive__no_reupload,50,sq_seqnn_fast.py,isolation__overhead_adaptive__no_reupload__seed50,--dataset overhead --overhead-mode seqnn5 --frontend-mode conv --gate-type CX --measure-bases x --n-qubits 8 --cls-hidden 10 --conv-width 4 --ablation no_reupload
1066,isolation,overhead,adaptive,overhead_adaptive__fixed_z,50,sq_seqnn_fast.py,isolation__overhead_adaptive__fixed_z__seed50,--dataset overhead --overhead-mode seqnn5 --frontend-mode conv --gate-type CX --measure-bases x --n-qubits 8 --cls-hidden 10 --conv-width 4 --ablation fixed_z
1067,isolation,sat6,both,sat6__classical_only,50,sq_seqnn_fast.py,isolation__sat6__classical_only__seed50,--dataset sat6 --frontend-mode shapelet --gate-type XX --measure-bases x --n-qubits 10 --cls-hidden 10 --shapelet-count 6 --shapelet-length 4 --shapelet-stats full6 --ablation classical_only
1068,isolation,sat6,both,sat6__mlp_replace,50,sq_seqnn_fast.py,isolation__sat6__mlp_replace__seed50,--dataset sat6 --frontend-mode shapelet --gate-type XX --measure-bases x --n-qubits 10 --cls-hidden 10 --shapelet-count 6 --shapelet-length 4 --shapelet-stats full6 --ablation mlp_replace
1069,isolation,sat6,both,sat6__frozen_quantum,50,sq_seqnn_fast.py,isolation__sat6__frozen_quantum__seed50,--dataset sat6 --frontend-mode shapelet --gate-type XX --measure-bases x --n-qubits 10 --cls-hidden 10 --shapelet-count 6 --shapelet-length 4 --shapelet-stats full6 --ablation frozen_quantum
1070,isolation,sat6,both,sat6__no_iqp,50,sq_seqnn_fast.py,isolation__sat6__no_iqp__seed50,--dataset sat6 --frontend-mode shapelet --gate-type XX --measure-bases x --n-qubits 10 --cls-hidden 10 --shapelet-count 6 --shapelet-length 4 --shapelet-stats full6 --ablation no_iqp
1071,isolation,sat6,both,sat6__no_reupload,50,sq_seqnn_fast.py,isolation__sat6__no_reupload__seed50,--dataset sat6 --frontend-mode shapelet --gate-type XX --measure-bases x --n-qubits 10 --cls-hidden 10 --shapelet-count 6 --shapelet-length 4 --shapelet-stats full6 --ablation no_reupload
1072,isolation,sat6,both,sat6__fixed_z,50,sq_seqnn_fast.py,isolation__sat6__fixed_z__seed50,--dataset sat6 --frontend-mode shapelet --gate-type XX --measure-bases x --n-qubits 10 --cls-hidden 10 --shapelet-count 6 --shapelet-length 4 --shapelet-stats full6 --ablation fixed_z
1073,isolation,so2sat,adaptive,so2sat_adaptive__classical_only,50,sq_seqnn_fast.py,isolation__so2sat_adaptive__classical_only__seed50,--dataset so2sat --frontend-mode global --gate-type CRY --measure-bases xyz --n-qubits 10 --cls-hidden 10 --ablation classical_only
1074,isolation,so2sat,adaptive,so2sat_adaptive__mlp_replace,50,sq_seqnn_fast.py,isolation__so2sat_adaptive__mlp_replace__seed50,--dataset so2sat --frontend-mode global --gate-type CRY --measure-bases xyz --n-qubits 10 --cls-hidden 10 --ablation mlp_replace
1075,isolation,so2sat,adaptive,so2sat_adaptive__frozen_quantum,50,sq_seqnn_fast.py,isolation__so2sat_adaptive__frozen_quantum__seed50,--dataset so2sat --frontend-mode global --gate-type CRY --measure-bases xyz --n-qubits 10 --cls-hidden 10 --ablation frozen_quantum
1076,isolation,so2sat,adaptive,so2sat_adaptive__no_iqp,50,sq_seqnn_fast.py,isolation__so2sat_adaptive__no_iqp__seed50,--dataset so2sat --frontend-mode global --gate-type CRY --measure-bases xyz --n-qubits 10 --cls-hidden 10 --ablation no_iqp
1077,isolation,so2sat,adaptive,so2sat_adaptive__no_reupload,50,sq_seqnn_fast.py,isolation__so2sat_adaptive__no_reupload__seed50,--dataset so2sat --frontend-mode global --gate-type CRY --measure-bases xyz --n-qubits 10 --cls-hidden 10 --ablation no_reupload
1078,isolation,so2sat,adaptive,so2sat_adaptive__fixed_z,50,sq_seqnn_fast.py,isolation__so2sat_adaptive__fixed_z__seed50,--dataset so2sat --frontend-mode global --gate-type CRY --measure-bases xyz --n-qubits 10 --cls-hidden 10 --ablation fixed_z
1079,gate,overhead,adaptive,overhead_adaptive__gateZZ,50,sq_seqnn_fast.py,gate__overhead_adaptive__gateZZ__seed50,--dataset overhead --overhead-mode seqnn5 --frontend-mode conv --gate-type ZZ --measure-bases x --n-qubits 8 --cls-hidden 10 --conv-width 4
1080,gate,overhead,adaptive,overhead_adaptive__gateCZ,50,sq_seqnn_fast.py,gate__overhead_adaptive__gateCZ__seed50,--dataset overhead --overhead-mode seqnn5 --frontend-mode conv --gate-type CZ --measure-bases x --n-qubits 8 --cls-hidden 10 --conv-width 4
1081,gate,overhead,adaptive,overhead_adaptive__gateXY,50,sq_seqnn_fast.py,gate__overhead_adaptive__gateXY__seed50,--dataset overhead --overhead-mode seqnn5 --frontend-mode conv --gate-type XY --measure-bases x --n-qubits 8 --cls-hidden 10 --conv-width 4
1082,gate,overhead,adaptive,overhead_adaptive__gateCRZ,50,sq_seqnn_fast.py,gate__overhead_adaptive__gateCRZ__seed50,--dataset overhead --overhead-mode seqnn5 --frontend-mode conv --gate-type CRZ --measure-bases x --n-qubits 8 --cls-hidden 10 --conv-width 4
1083,gate,overhead,adaptive,overhead_adaptive__gateCRY,50,sq_seqnn_fast.py,gate__overhead_adaptive__gateCRY__seed50,--dataset overhead --overhead-mode seqnn5 --frontend-mode conv --gate-type CRY --measure-bases x --n-qubits 8 --cls-hidden 10 --conv-width 4
1084,gate,overhead,adaptive,overhead_adaptive__gateXX,50,sq_seqnn_fast.py,gate__overhead_adaptive__gateXX__seed50,--dataset overhead --overhead-mode seqnn5 --frontend-mode conv --gate-type XX --measure-bases x --n-qubits 8 --cls-hidden 10 --conv-width 4
1085,gate,overhead,adaptive,overhead_adaptive__gateYY,50,sq_seqnn_fast.py,gate__overhead_adaptive__gateYY__seed50,--dataset overhead --overhead-mode seqnn5 --frontend-mode conv --gate-type YY --measure-bases x --n-qubits 8 --cls-hidden 10 --conv-width 4
1086,gate,overhead,shared,overhead_shared__gateZZ,50,sq_seqnn_fast.py,gate__overhead_shared__gateZZ__seed50,--dataset overhead --overhead-mode seqnn5 --frontend-mode shapelet --gate-type ZZ --measure-bases z --n-qubits 10 --cls-hidden 10 --shapelet-count 6 --shapelet-length 1 --shapelet-stats compact4
1087,gate,overhead,shared,overhead_shared__gateCZ,50,sq_seqnn_fast.py,gate__overhead_shared__gateCZ__seed50,--dataset overhead --overhead-mode seqnn5 --frontend-mode shapelet --gate-type CZ --measure-bases z --n-qubits 10 --cls-hidden 10 --shapelet-count 6 --shapelet-length 1 --shapelet-stats compact4
1088,gate,overhead,shared,overhead_shared__gateCX,50,sq_seqnn_fast.py,gate__overhead_shared__gateCX__seed50,--dataset overhead --overhead-mode seqnn5 --frontend-mode shapelet --gate-type CX --measure-bases z --n-qubits 10 --cls-hidden 10 --shapelet-count 6 --shapelet-length 1 --shapelet-stats compact4
1089,gate,overhead,shared,overhead_shared__gateCRZ,50,sq_seqnn_fast.py,gate__overhead_shared__gateCRZ__seed50,--dataset overhead --overhead-mode seqnn5 --frontend-mode shapelet --gate-type CRZ --measure-bases z --n-qubits 10 --cls-hidden 10 --shapelet-count 6 --shapelet-length 1 --shapelet-stats compact4
1090,gate,overhead,shared,overhead_shared__gateCRY,50,sq_seqnn_fast.py,gate__overhead_shared__gateCRY__seed50,--dataset overhead --overhead-mode seqnn5 --frontend-mode shapelet --gate-type CRY --measure-bases z --n-qubits 10 --cls-hidden 10 --shapelet-count 6 --shapelet-length 1 --shapelet-stats compact4
1091,gate,overhead,shared,overhead_shared__gateXX,50,sq_seqnn_fast.py,gate__overhead_shared__gateXX__seed50,--dataset overhead --overhead-mode seqnn5 --frontend-mode shapelet --gate-type XX --measure-bases z --n-qubits 10 --cls-hidden 10 --shapelet-count 6 --shapelet-length 1 --shapelet-stats compact4
1092,gate,overhead,shared,overhead_shared__gateYY,50,sq_seqnn_fast.py,gate__overhead_shared__gateYY__seed50,--dataset overhead --overhead-mode seqnn5 --frontend-mode shapelet --gate-type YY --measure-bases z --n-qubits 10 --cls-hidden 10 --shapelet-count 6 --shapelet-length 1 --shapelet-stats compact4
1093,gate,sat6,both,sat6__gateZZ,50,sq_seqnn_fast.py,gate__sat6__gateZZ__seed50,--dataset sat6 --frontend-mode shapelet --gate-type ZZ --measure-bases x --n-qubits 10 --cls-hidden 10 --shapelet-count 6 --shapelet-length 4 --shapelet-stats full6
1094,gate,sat6,both,sat6__gateCZ,50,sq_seqnn_fast.py,gate__sat6__gateCZ__seed50,--dataset sat6 --frontend-mode shapelet --gate-type CZ --measure-bases x --n-qubits 10 --cls-hidden 10 --shapelet-count 6 --shapelet-length 4 --shapelet-stats full6
1095,gate,sat6,both,sat6__gateCX,50,sq_seqnn_fast.py,gate__sat6__gateCX__seed50,--dataset sat6 --frontend-mode shapelet --gate-type CX --measure-bases x --n-qubits 10 --cls-hidden 10 --shapelet-count 6 --shapelet-length 4 --shapelet-stats full6
1096,gate,sat6,both,sat6__gateXY,50,sq_seqnn_fast.py,gate__sat6__gateXY__seed50,--dataset sat6 --frontend-mode shapelet --gate-type XY --measure-bases x --n-qubits 10 --cls-hidden 10 --shapelet-count 6 --shapelet-length 4 --shapelet-stats full6
1097,gate,sat6,both,sat6__gateCRZ,50,sq_seqnn_fast.py,gate__sat6__gateCRZ__seed50,--dataset sat6 --frontend-mode shapelet --gate-type CRZ --measure-bases x --n-qubits 10 --cls-hidden 10 --shapelet-count 6 --shapelet-length 4 --shapelet-stats full6
1098,gate,sat6,both,sat6__gateCRY,50,sq_seqnn_fast.py,gate__sat6__gateCRY__seed50,--dataset sat6 --frontend-mode shapelet --gate-type CRY --measure-bases x --n-qubits 10 --cls-hidden 10 --shapelet-count 6 --shapelet-length 4 --shapelet-stats full6
1099,gate,sat6,both,sat6__gateYY,50,sq_seqnn_fast.py,gate__sat6__gateYY__seed50,--dataset sat6 --frontend-mode shapelet --gate-type YY --measure-bases x --n-qubits 10 --cls-hidden 10 --shapelet-count 6 --shapelet-length 4 --shapelet-stats full6
1100,gate,so2sat,adaptive,so2sat_adaptive__gateZZ,50,sq_seqnn_fast.py,gate__so2sat_adaptive__gateZZ__seed50,--dataset so2sat --frontend-mode global --gate-type ZZ --measure-bases xyz --n-qubits 10 --cls-hidden 10
1101,gate,so2sat,adaptive,so2sat_adaptive__gateCZ,50,sq_seqnn_fast.py,gate__so2sat_adaptive__gateCZ__seed50,--dataset so2sat --frontend-mode global --gate-type CZ --measure-bases xyz --n-qubits 10 --cls-hidden 10
1102,gate,so2sat,adaptive,so2sat_adaptive__gateCX,50,sq_seqnn_fast.py,gate__so2sat_adaptive__gateCX__seed50,--dataset so2sat --frontend-mode global --gate-type CX --measure-bases xyz --n-qubits 10 --cls-hidden 10
1103,gate,so2sat,adaptive,so2sat_adaptive__gateXY,50,sq_seqnn_fast.py,gate__so2sat_adaptive__gateXY__seed50,--dataset so2sat --frontend-mode global --gate-type XY --measure-bases xyz --n-qubits 10 --cls-hidden 10
1104,gate,so2sat,adaptive,so2sat_adaptive__gateCRZ,50,sq_seqnn_fast.py,gate__so2sat_adaptive__gateCRZ__seed50,--dataset so2sat --frontend-mode global --gate-type CRZ --measure-bases xyz --n-qubits 10 --cls-hidden 10
1105,gate,so2sat,adaptive,so2sat_adaptive__gateXX,50,sq_seqnn_fast.py,gate__so2sat_adaptive__gateXX__seed50,--dataset so2sat --frontend-mode global --gate-type XX --measure-bases xyz --n-qubits 10 --cls-hidden 10
1106,gate,so2sat,adaptive,so2sat_adaptive__gateYY,50,sq_seqnn_fast.py,gate__so2sat_adaptive__gateYY__seed50,--dataset so2sat --frontend-mode global --gate-type YY --measure-bases xyz --n-qubits 10 --cls-hidden 10
1107,gate,so2sat,shared,so2sat_shared__gateZZ,50,sq_seqnn_fast.py,gate__so2sat_shared__gateZZ__seed50,--dataset so2sat --frontend-mode shapelet --gate-type ZZ --measure-bases x --n-qubits 10 --cls-hidden 10 --shapelet-count 6 --shapelet-length 4 --shapelet-stats compact4
1108,gate,so2sat,shared,so2sat_shared__gateCX,50,sq_seqnn_fast.py,gate__so2sat_shared__gateCX__seed50,--dataset so2sat --frontend-mode shapelet --gate-type CX --measure-bases x --n-qubits 10 --cls-hidden 10 --shapelet-count 6 --shapelet-length 4 --shapelet-stats compact4
1109,gate,so2sat,shared,so2sat_shared__gateXY,50,sq_seqnn_fast.py,gate__so2sat_shared__gateXY__seed50,--dataset so2sat --frontend-mode shapelet --gate-type XY --measure-bases x --n-qubits 10 --cls-hidden 10 --shapelet-count 6 --shapelet-length 4 --shapelet-stats compact4
1110,gate,so2sat,shared,so2sat_shared__gateCRZ,50,sq_seqnn_fast.py,gate__so2sat_shared__gateCRZ__seed50,--dataset so2sat --frontend-mode shapelet --gate-type CRZ --measure-bases x --n-qubits 10 --cls-hidden 10 --shapelet-count 6 --shapelet-length 4 --shapelet-stats compact4
1111,gate,so2sat,shared,so2sat_shared__gateCRY,50,sq_seqnn_fast.py,gate__so2sat_shared__gateCRY__seed50,--dataset so2sat --frontend-mode shapelet --gate-type CRY --measure-bases x --n-qubits 10 --cls-hidden 10 --shapelet-count 6 --shapelet-length 4 --shapelet-stats compact4
1112,gate,so2sat,shared,so2sat_shared__gateXX,50,sq_seqnn_fast.py,gate__so2sat_shared__gateXX__seed50,--dataset so2sat --frontend-mode shapelet --gate-type XX --measure-bases x --n-qubits 10 --cls-hidden 10 --shapelet-count 6 --shapelet-length 4 --shapelet-stats compact4
1113,gate,so2sat,shared,so2sat_shared__gateYY,50,sq_seqnn_fast.py,gate__so2sat_shared__gateYY__seed50,--dataset so2sat --frontend-mode shapelet --gate-type YY --measure-bases x --n-qubits 10 --cls-hidden 10 --shapelet-count 6 --shapelet-length 4 --shapelet-stats compact4
1114,basis,overhead,adaptive,overhead_adaptive__basisY,50,sq_seqnn_fast.py,basis__overhead_adaptive__basisY__seed50,--dataset overhead --overhead-mode seqnn5 --frontend-mode conv --gate-type CX --measure-bases y --n-qubits 8 --cls-hidden 10 --conv-width 4
1115,basis,overhead,adaptive,overhead_adaptive__basisZ,50,sq_seqnn_fast.py,basis__overhead_adaptive__basisZ__seed50,--dataset overhead --overhead-mode seqnn5 --frontend-mode conv --gate-type CX --measure-bases z --n-qubits 8 --cls-hidden 10 --conv-width 4
1116,basis,overhead,adaptive,overhead_adaptive__basisXYZ,50,sq_seqnn_fast.py,basis__overhead_adaptive__basisXYZ__seed50,--dataset overhead --overhead-mode seqnn5 --frontend-mode conv --gate-type CX --measure-bases xyz --n-qubits 8 --cls-hidden 10 --conv-width 4
1117,basis,overhead,shared,overhead_shared__basisX,50,sq_seqnn_fast.py,basis__overhead_shared__basisX__seed50,--dataset overhead --overhead-mode seqnn5 --frontend-mode shapelet --gate-type XY --measure-bases x --n-qubits 10 --cls-hidden 10 --shapelet-count 6 --shapelet-length 1 --shapelet-stats compact4
1118,basis,overhead,shared,overhead_shared__basisY,50,sq_seqnn_fast.py,basis__overhead_shared__basisY__seed50,--dataset overhead --overhead-mode seqnn5 --frontend-mode shapelet --gate-type XY --measure-bases y --n-qubits 10 --cls-hidden 10 --shapelet-count 6 --shapelet-length 1 --shapelet-stats compact4
1119,basis,overhead,shared,overhead_shared__basisXYZ,50,sq_seqnn_fast.py,basis__overhead_shared__basisXYZ__seed50,--dataset overhead --overhead-mode seqnn5 --frontend-mode shapelet --gate-type XY --measure-bases xyz --n-qubits 10 --cls-hidden 10 --shapelet-count 6 --shapelet-length 1 --shapelet-stats compact4
1120,basis,sat6,both,sat6__basisY,50,sq_seqnn_fast.py,basis__sat6__basisY__seed50,--dataset sat6 --frontend-mode shapelet --gate-type XX --measure-bases y --n-qubits 10 --cls-hidden 10 --shapelet-count 6 --shapelet-length 4 --shapelet-stats full6
1121,basis,sat6,both,sat6__basisZ,50,sq_seqnn_fast.py,basis__sat6__basisZ__seed50,--dataset sat6 --frontend-mode shapelet --gate-type XX --measure-bases z --n-qubits 10 --cls-hidden 10 --shapelet-count 6 --shapelet-length 4 --shapelet-stats full6
1122,basis,sat6,both,sat6__basisXYZ,50,sq_seqnn_fast.py,basis__sat6__basisXYZ__seed50,--dataset sat6 --frontend-mode shapelet --gate-type XX --measure-bases xyz --n-qubits 10 --cls-hidden 10 --shapelet-count 6 --shapelet-length 4 --shapelet-stats full6
1123,basis,so2sat,adaptive,so2sat_adaptive__basisX,50,sq_seqnn_fast.py,basis__so2sat_adaptive__basisX__seed50,--dataset so2sat --frontend-mode global --gate-type CRY --measure-bases x --n-qubits 10 --cls-hidden 10
1124,basis,so2sat,adaptive,so2sat_adaptive__basisY,50,sq_seqnn_fast.py,basis__so2sat_adaptive__basisY__seed50,--dataset so2sat --frontend-mode global --gate-type CRY --measure-bases y --n-qubits 10 --cls-hidden 10
1125,basis,so2sat,adaptive,so2sat_adaptive__basisZ,50,sq_seqnn_fast.py,basis__so2sat_adaptive__basisZ__seed50,--dataset so2sat --frontend-mode global --gate-type CRY --measure-bases z --n-qubits 10 --cls-hidden 10
1126,basis,so2sat,shared,so2sat_shared__basisY,50,sq_seqnn_fast.py,basis__so2sat_shared__basisY__seed50,--dataset so2sat --frontend-mode shapelet --gate-type CZ --measure-bases y --n-qubits 10 --cls-hidden 10 --shapelet-count 6 --shapelet-length 4 --shapelet-stats compact4
1127,basis,so2sat,shared,so2sat_shared__basisZ,50,sq_seqnn_fast.py,basis__so2sat_shared__basisZ__seed50,--dataset so2sat --frontend-mode shapelet --gate-type CZ --measure-bases z --n-qubits 10 --cls-hidden 10 --shapelet-count 6 --shapelet-length 4 --shapelet-stats compact4
1128,basis,so2sat,shared,so2sat_shared__basisXYZ,50,sq_seqnn_fast.py,basis__so2sat_shared__basisXYZ__seed50,--dataset so2sat --frontend-mode shapelet --gate-type CZ --measure-bases xyz --n-qubits 10 --cls-hidden 10 --shapelet-count 6 --shapelet-length 4 --shapelet-stats compact4
1129,fusion,overhead,adaptive,overhead_adaptive__quantum_only,50,sq_seqnn_fast.py,fusion__overhead_adaptive__quantum_only__seed50,--dataset overhead --overhead-mode seqnn5 --frontend-mode conv --gate-type CX --measure-bases x --n-qubits 8 --cls-hidden 10 --conv-width 4 --ablation quantum_only
1130,fusion,overhead,shared,overhead_shared__quantum_only,50,sq_seqnn_fast.py,fusion__overhead_shared__quantum_only__seed50,--dataset overhead --overhead-mode seqnn5 --frontend-mode shapelet --gate-type XY --measure-bases z --n-qubits 10 --cls-hidden 10 --shapelet-count 6 --shapelet-length 1 --shapelet-stats compact4 --ablation quantum_only
1131,fusion,sat6,both,sat6__quantum_only,50,sq_seqnn_fast.py,fusion__sat6__quantum_only__seed50,--dataset sat6 --frontend-mode shapelet --gate-type XX --measure-bases x --n-qubits 10 --cls-hidden 10 --shapelet-count 6 --shapelet-length 4 --shapelet-stats full6 --ablation quantum_only
1132,fusion,so2sat,adaptive,so2sat_adaptive__quantum_only,50,sq_seqnn_fast.py,fusion__so2sat_adaptive__quantum_only__seed50,--dataset so2sat --frontend-mode global --gate-type CRY --measure-bases xyz --n-qubits 10 --cls-hidden 10 --ablation quantum_only
1133,fusion,so2sat,shared,so2sat_shared__quantum_only,50,sq_seqnn_fast.py,fusion__so2sat_shared__quantum_only__seed50,--dataset so2sat --frontend-mode shapelet --gate-type CZ --measure-bases x --n-qubits 10 --cls-hidden 10 --shapelet-count 6 --shapelet-length 4 --shapelet-stats compact4 --ablation quantum_only
1134,schedule,overhead,adaptive,overhead_adaptive__sharedLR,50,sq_seqnn_fast.py,schedule__overhead_adaptive__sharedLR__seed50,--dataset overhead --overhead-mode seqnn5 --frontend-mode conv --gate-type CX --measure-bases x --n-qubits 8 --cls-hidden 10 --conv-width 4 --lr-q-factor 1.0
1135,schedule,overhead,shared,overhead_shared__sharedLR,50,sq_seqnn_fast.py,schedule__overhead_shared__sharedLR__seed50,--dataset overhead --overhead-mode seqnn5 --frontend-mode shapelet --gate-type XY --measure-bases z --n-qubits 10 --cls-hidden 10 --shapelet-count 6 --shapelet-length 1 --shapelet-stats compact4 --lr-q-factor 1.0
1136,schedule,sat6,both,sat6__sharedLR,50,sq_seqnn_fast.py,schedule__sat6__sharedLR__seed50,--dataset sat6 --frontend-mode shapelet --gate-type XX --measure-bases x --n-qubits 10 --cls-hidden 10 --shapelet-count 6 --shapelet-length 4 --shapelet-stats full6 --lr-q-factor 1.0
1137,schedule,so2sat,adaptive,so2sat_adaptive__sharedLR,50,sq_seqnn_fast.py,schedule__so2sat_adaptive__sharedLR__seed50,--dataset so2sat --frontend-mode global --gate-type CRY --measure-bases xyz --n-qubits 10 --cls-hidden 10 --lr-q-factor 1.0
1138,schedule,so2sat,shared,so2sat_shared__sharedLR,50,sq_seqnn_fast.py,schedule__so2sat_shared__sharedLR__seed50,--dataset so2sat --frontend-mode shapelet --gate-type CZ --measure-bases x --n-qubits 10 --cls-hidden 10 --shapelet-count 6 --shapelet-length 4 --shapelet-stats compact4 --lr-q-factor 1.0
1139,sens_nq,overhead,adaptive,overhead_adaptive__nq10,50,sq_seqnn_fast.py,sens_nq__overhead_adaptive__nq10__seed50,--dataset overhead --overhead-mode seqnn5 --frontend-mode conv --gate-type CX --measure-bases x --n-qubits 10 --cls-hidden 10 --conv-width 4
1140,sens_nq,overhead,adaptive,overhead_adaptive__nq12,50,sq_seqnn_fast.py,sens_nq__overhead_adaptive__nq12__seed50,--dataset overhead --overhead-mode seqnn5 --frontend-mode conv --gate-type CX --measure-bases x --n-qubits 12 --cls-hidden 10 --conv-width 4
1141,sens_R,overhead,adaptive,overhead_adaptive__R1,50,sq_seqnn_fast.py,sens_R__overhead_adaptive__R1__seed50,--dataset overhead --overhead-mode seqnn5 --frontend-mode conv --gate-type CX --measure-bases x --n-qubits 8 --cls-hidden 10 --conv-width 4 --n-reupload 1
1142,sens_R,overhead,adaptive,overhead_adaptive__R3,50,sq_seqnn_fast.py,sens_R__overhead_adaptive__R3__seed50,--dataset overhead --overhead-mode seqnn5 --frontend-mode conv --gate-type CX --measure-bases x --n-qubits 8 --cls-hidden 10 --conv-width 4 --n-reupload 3
1143,sens_R,overhead,shared,overhead_shared__R1,50,sq_seqnn_fast.py,sens_R__overhead_shared__R1__seed50,--dataset overhead --overhead-mode seqnn5 --frontend-mode shapelet --gate-type XY --measure-bases z --n-qubits 10 --cls-hidden 10 --shapelet-count 6 --shapelet-length 1 --shapelet-stats compact4 --n-reupload 1
1144,sens_R,overhead,shared,overhead_shared__R3,50,sq_seqnn_fast.py,sens_R__overhead_shared__R3__seed50,--dataset overhead --overhead-mode seqnn5 --frontend-mode shapelet --gate-type XY --measure-bases z --n-qubits 10 --cls-hidden 10 --shapelet-count 6 --shapelet-length 1 --shapelet-stats compact4 --n-reupload 3
1145,sens_R,sat6,both,sat6__R1,50,sq_seqnn_fast.py,sens_R__sat6__R1__seed50,--dataset sat6 --frontend-mode shapelet --gate-type XX --measure-bases x --n-qubits 10 --cls-hidden 10 --shapelet-count 6 --shapelet-length 4 --shapelet-stats full6 --n-reupload 1
1146,sens_R,sat6,both,sat6__R3,50,sq_seqnn_fast.py,sens_R__sat6__R3__seed50,--dataset sat6 --frontend-mode shapelet --gate-type XX --measure-bases x --n-qubits 10 --cls-hidden 10 --shapelet-count 6 --shapelet-length 4 --shapelet-stats full6 --n-reupload 3
1147,sens_R,so2sat,adaptive,so2sat_adaptive__R1,50,sq_seqnn_fast.py,sens_R__so2sat_adaptive__R1__seed50,--dataset so2sat --frontend-mode global --gate-type CRY --measure-bases xyz --n-qubits 10 --cls-hidden 10 --n-reupload 1
1148,sens_R,so2sat,adaptive,so2sat_adaptive__R3,50,sq_seqnn_fast.py,sens_R__so2sat_adaptive__R3__seed50,--dataset so2sat --frontend-mode global --gate-type CRY --measure-bases xyz --n-qubits 10 --cls-hidden 10 --n-reupload 3
1149,sens_R,so2sat,shared,so2sat_shared__R1,50,sq_seqnn_fast.py,sens_R__so2sat_shared__R1__seed50,--dataset so2sat --frontend-mode shapelet --gate-type CZ --measure-bases x --n-qubits 10 --cls-hidden 10 --shapelet-count 6 --shapelet-length 4 --shapelet-stats compact4 --n-reupload 1
1150,sens_R,so2sat,shared,so2sat_shared__R3,50,sq_seqnn_fast.py,sens_R__so2sat_shared__R3__seed50,--dataset so2sat --frontend-mode shapelet --gate-type CZ --measure-bases x --n-qubits 10 --cls-hidden 10 --shapelet-count 6 --shapelet-length 4 --shapelet-stats compact4 --n-reupload 3
1151,sens_eps,overhead,adaptive,overhead_adaptive__eps0.00,50,sq_seqnn_fast.py,sens_eps__overhead_adaptive__eps0.00__seed50,--dataset overhead --overhead-mode seqnn5 --frontend-mode conv --gate-type CX --measure-bases x --n-qubits 8 --cls-hidden 10 --conv-width 4 --label-smooth 0.00
1152,sens_eps,overhead,adaptive,overhead_adaptive__eps0.10,50,sq_seqnn_fast.py,sens_eps__overhead_adaptive__eps0.10__seed50,--dataset overhead --overhead-mode seqnn5 --frontend-mode conv --gate-type CX --measure-bases x --n-qubits 8 --cls-hidden 10 --conv-width 4 --label-smooth 0.10
1153,sens_eps,overhead,shared,overhead_shared__eps0.00,50,sq_seqnn_fast.py,sens_eps__overhead_shared__eps0.00__seed50,--dataset overhead --overhead-mode seqnn5 --frontend-mode shapelet --gate-type XY --measure-bases z --n-qubits 10 --cls-hidden 10 --shapelet-count 6 --shapelet-length 1 --shapelet-stats compact4 --label-smooth 0.00
1154,sens_eps,overhead,shared,overhead_shared__eps0.10,50,sq_seqnn_fast.py,sens_eps__overhead_shared__eps0.10__seed50,--dataset overhead --overhead-mode seqnn5 --frontend-mode shapelet --gate-type XY --measure-bases z --n-qubits 10 --cls-hidden 10 --shapelet-count 6 --shapelet-length 1 --shapelet-stats compact4 --label-smooth 0.10
1155,sens_eps,sat6,both,sat6__eps0.00,50,sq_seqnn_fast.py,sens_eps__sat6__eps0.00__seed50,--dataset sat6 --frontend-mode shapelet --gate-type XX --measure-bases x --n-qubits 10 --cls-hidden 10 --shapelet-count 6 --shapelet-length 4 --shapelet-stats full6 --label-smooth 0.00
1156,sens_eps,sat6,both,sat6__eps0.10,50,sq_seqnn_fast.py,sens_eps__sat6__eps0.10__seed50,--dataset sat6 --frontend-mode shapelet --gate-type XX --measure-bases x --n-qubits 10 --cls-hidden 10 --shapelet-count 6 --shapelet-length 4 --shapelet-stats full6 --label-smooth 0.10
1157,sens_eps,so2sat,adaptive,so2sat_adaptive__eps0.00,50,sq_seqnn_fast.py,sens_eps__so2sat_adaptive__eps0.00__seed50,--dataset so2sat --frontend-mode global --gate-type CRY --measure-bases xyz --n-qubits 10 --cls-hidden 10 --label-smooth 0.00
1158,sens_eps,so2sat,adaptive,so2sat_adaptive__eps0.10,50,sq_seqnn_fast.py,sens_eps__so2sat_adaptive__eps0.10__seed50,--dataset so2sat --frontend-mode global --gate-type CRY --measure-bases xyz --n-qubits 10 --cls-hidden 10 --label-smooth 0.10
1159,sens_eps,so2sat,shared,so2sat_shared__eps0.00,50,sq_seqnn_fast.py,sens_eps__so2sat_shared__eps0.00__seed50,--dataset so2sat --frontend-mode shapelet --gate-type CZ --measure-bases x --n-qubits 10 --cls-hidden 10 --shapelet-count 6 --shapelet-length 4 --shapelet-stats compact4 --label-smooth 0.00
1160,sens_eps,so2sat,shared,so2sat_shared__eps0.10,50,sq_seqnn_fast.py,sens_eps__so2sat_shared__eps0.10__seed50,--dataset so2sat --frontend-mode shapelet --gate-type CZ --measure-bases x --n-qubits 10 --cls-hidden 10 --shapelet-count 6 --shapelet-length 4 --shapelet-stats compact4 --label-smooth 0.10
1161,seqnn,overhead,w16,seqnn_w16_overhead,50,run_baselines.py,seqnn__seqnn_w16_overhead__seed50,--datasets overhead --baseline seqnn --seqnn-widths 16 --seeds 50
1162,seqnn,overhead,w10,seqnn_w10_overhead,50,run_baselines.py,seqnn__seqnn_w10_overhead__seed50,--datasets overhead --baseline seqnn --seqnn-widths 10 --seeds 50
1163,seqnn,sat6,w16,seqnn_w16_sat6,50,run_baselines.py,seqnn__seqnn_w16_sat6__seed50,--datasets sat6 --baseline seqnn --seqnn-widths 16 --seeds 50
1164,seqnn,sat6,w10,seqnn_w10_sat6,50,run_baselines.py,seqnn__seqnn_w10_sat6__seed50,--datasets sat6 --baseline seqnn --seqnn-widths 10 --seeds 50
1165,seqnn,so2sat,w16,seqnn_w16_so2sat,50,run_baselines.py,seqnn__seqnn_w16_so2sat__seed50,--datasets so2sat --baseline seqnn --seqnn-widths 16 --seeds 50
1166,seqnn,so2sat,w10,seqnn_w10_so2sat,50,run_baselines.py,seqnn__seqnn_w10_so2sat__seed50,--datasets so2sat --baseline seqnn --seqnn-widths 10 --seeds 50
1167,qccnn,overhead,-,qccnn_overhead,50,run_baselines.py,qccnn__qccnn_overhead__seed50,--datasets overhead --baseline qccnn --seeds 50
1168,qccnn,sat6,-,qccnn_sat6,50,run_baselines.py,qccnn__qccnn_sat6__seed50,--datasets sat6 --baseline qccnn --seeds 50
1169,qccnn,so2sat,-,qccnn_so2sat,50,run_baselines.py,qccnn__qccnn_so2sat__seed50,--datasets so2sat --baseline qccnn --seeds 50
1170,classical,overhead,resnet,resnet_overhead,50,heavy_baselines.py,classical__resnet_overhead__seed50,--dataset overhead --model resnet --runs 1 --seed 50 --epochs 80
1171,classical,overhead,vgg,vgg_overhead,50,heavy_baselines.py,classical__vgg_overhead__seed50,--dataset overhead --model vgg --runs 1 --seed 50 --epochs 80
1172,classical,overhead,densenet,densenet_overhead,50,heavy_baselines.py,classical__densenet_overhead__seed50,--dataset overhead --model densenet --runs 1 --seed 50 --epochs 80
1173,classical,overhead,efficientnet,efficientnet_overhead,50,heavy_baselines.py,classical__efficientnet_overhead__seed50,--dataset overhead --model efficientnet --runs 1 --seed 50 --epochs 80
1174,classical,overhead,vit,vit_overhead,50,heavy_baselines.py,classical__vit_overhead__seed50,--dataset overhead --model vit --runs 1 --seed 50 --epochs 80
1175,classical,overhead,swin,swin_overhead,50,heavy_baselines.py,classical__swin_overhead__seed50,--dataset overhead --model swin --runs 1 --seed 50 --epochs 80
1176,classical,sat6,resnet,resnet_sat6,50,heavy_baselines.py,classical__resnet_sat6__seed50,--dataset sat6 --model resnet --runs 1 --seed 50 --epochs 80
1177,classical,sat6,vgg,vgg_sat6,50,heavy_baselines.py,classical__vgg_sat6__seed50,--dataset sat6 --model vgg --runs 1 --seed 50 --epochs 80
1178,classical,sat6,densenet,densenet_sat6,50,heavy_baselines.py,classical__densenet_sat6__seed50,--dataset sat6 --model densenet --runs 1 --seed 50 --epochs 80
1179,classical,sat6,efficientnet,efficientnet_sat6,50,heavy_baselines.py,classical__efficientnet_sat6__seed50,--dataset sat6 --model efficientnet --runs 1 --seed 50 --epochs 80
1180,classical,sat6,vit,vit_sat6,50,heavy_baselines.py,classical__vit_sat6__seed50,--dataset sat6 --model vit --runs 1 --seed 50 --epochs 80
1181,classical,sat6,swin,swin_sat6,50,heavy_baselines.py,classical__swin_sat6__seed50,--dataset sat6 --model swin --runs 1 --seed 50 --epochs 80
1182,classical,so2sat,resnet,resnet_so2sat,50,heavy_baselines.py,classical__resnet_so2sat__seed50,--dataset so2sat --model resnet --runs 1 --seed 50 --epochs 80
1183,classical,so2sat,vgg,vgg_so2sat,50,heavy_baselines.py,classical__vgg_so2sat__seed50,--dataset so2sat --model vgg --runs 1 --seed 50 --epochs 80
1184,classical,so2sat,densenet,densenet_so2sat,50,heavy_baselines.py,classical__densenet_so2sat__seed50,--dataset so2sat --model densenet --runs 1 --seed 50 --epochs 80
1185,classical,so2sat,efficientnet,efficientnet_so2sat,50,heavy_baselines.py,classical__efficientnet_so2sat__seed50,--dataset so2sat --model efficientnet --runs 1 --seed 50 --epochs 80
1186,classical,so2sat,vit,vit_so2sat,50,heavy_baselines.py,classical__vit_so2sat__seed50,--dataset so2sat --model vit --runs 1 --seed 50 --epochs 80
1187,classical,so2sat,swin,swin_so2sat,50,heavy_baselines.py,classical__swin_so2sat__seed50,--dataset so2sat --model swin --runs 1 --seed 50 --epochs 80
1188,main,overhead,adaptive,overhead_adaptive,51,sq_seqnn_fast.py,main__overhead_adaptive__seed51,--dataset overhead --overhead-mode seqnn5 --frontend-mode conv --gate-type CX --measure-bases x --n-qubits 8 --cls-hidden 10 --conv-width 4 --ablation none
1189,main,overhead,shared,overhead_shared,51,sq_seqnn_fast.py,main__overhead_shared__seed51,--dataset overhead --overhead-mode seqnn5 --frontend-mode shapelet --gate-type XY --measure-bases z --n-qubits 10 --cls-hidden 10 --shapelet-count 6 --shapelet-length 1 --shapelet-stats compact4 --ablation none
1190,main,sat6,both,sat6,51,sq_seqnn_fast.py,main__sat6__seed51,--dataset sat6 --frontend-mode shapelet --gate-type XX --measure-bases x --n-qubits 10 --cls-hidden 10 --shapelet-count 6 --shapelet-length 4 --shapelet-stats full6 --ablation none
1191,main,so2sat,adaptive,so2sat_adaptive,51,sq_seqnn_fast.py,main__so2sat_adaptive__seed51,--dataset so2sat --frontend-mode global --gate-type CRY --measure-bases xyz --n-qubits 10 --cls-hidden 10 --ablation none
1192,main,so2sat,shared,so2sat_shared,51,sq_seqnn_fast.py,main__so2sat_shared__seed51,--dataset so2sat --frontend-mode shapelet --gate-type CZ --measure-bases x --n-qubits 10 --cls-hidden 10 --shapelet-count 6 --shapelet-length 4 --shapelet-stats compact4 --ablation none
1193,isolation,overhead,adaptive,overhead_adaptive__classical_only,51,sq_seqnn_fast.py,isolation__overhead_adaptive__classical_only__seed51,--dataset overhead --overhead-mode seqnn5 --frontend-mode conv --gate-type CX --measure-bases x --n-qubits 8 --cls-hidden 10 --conv-width 4 --ablation classical_only
1194,isolation,overhead,adaptive,overhead_adaptive__mlp_replace,51,sq_seqnn_fast.py,isolation__overhead_adaptive__mlp_replace__seed51,--dataset overhead --overhead-mode seqnn5 --frontend-mode conv --gate-type CX --measure-bases x --n-qubits 8 --cls-hidden 10 --conv-width 4 --ablation mlp_replace
1195,isolation,overhead,adaptive,overhead_adaptive__frozen_quantum,51,sq_seqnn_fast.py,isolation__overhead_adaptive__frozen_quantum__seed51,--dataset overhead --overhead-mode seqnn5 --frontend-mode conv --gate-type CX --measure-bases x --n-qubits 8 --cls-hidden 10 --conv-width 4 --ablation frozen_quantum
1196,isolation,overhead,adaptive,overhead_adaptive__no_iqp,51,sq_seqnn_fast.py,isolation__overhead_adaptive__no_iqp__seed51,--dataset overhead --overhead-mode seqnn5 --frontend-mode conv --gate-type CX --measure-bases x --n-qubits 8 --cls-hidden 10 --conv-width 4 --ablation no_iqp
1197,isolation,overhead,adaptive,overhead_adaptive__no_reupload,51,sq_seqnn_fast.py,isolation__overhead_adaptive__no_reupload__seed51,--dataset overhead --overhead-mode seqnn5 --frontend-mode conv --gate-type CX --measure-bases x --n-qubits 8 --cls-hidden 10 --conv-width 4 --ablation no_reupload
1198,isolation,overhead,adaptive,overhead_adaptive__fixed_z,51,sq_seqnn_fast.py,isolation__overhead_adaptive__fixed_z__seed51,--dataset overhead --overhead-mode seqnn5 --frontend-mode conv --gate-type CX --measure-bases x --n-qubits 8 --cls-hidden 10 --conv-width 4 --ablation fixed_z
1199,isolation,sat6,both,sat6__classical_only,51,sq_seqnn_fast.py,isolation__sat6__classical_only__seed51,--dataset sat6 --frontend-mode shapelet --gate-type XX --measure-bases x --n-qubits 10 --cls-hidden 10 --shapelet-count 6 --shapelet-length 4 --shapelet-stats full6 --ablation classical_only
1200,isolation,sat6,both,sat6__mlp_replace,51,sq_seqnn_fast.py,isolation__sat6__mlp_replace__seed51,--dataset sat6 --frontend-mode shapelet --gate-type XX --measure-bases x --n-qubits 10 --cls-hidden 10 --shapelet-count 6 --shapelet-length 4 --shapelet-stats full6 --ablation mlp_replace
1201,isolation,sat6,both,sat6__frozen_quantum,51,sq_seqnn_fast.py,isolation__sat6__frozen_quantum__seed51,--dataset sat6 --frontend-mode shapelet --gate-type XX --measure-bases x --n-qubits 10 --cls-hidden 10 --shapelet-count 6 --shapelet-length 4 --shapelet-stats full6 --ablation frozen_quantum
1202,isolation,sat6,both,sat6__no_iqp,51,sq_seqnn_fast.py,isolation__sat6__no_iqp__seed51,--dataset sat6 --frontend-mode shapelet --gate-type XX --measure-bases x --n-qubits 10 --cls-hidden 10 --shapelet-count 6 --shapelet-length 4 --shapelet-stats full6 --ablation no_iqp
1203,isolation,sat6,both,sat6__no_reupload,51,sq_seqnn_fast.py,isolation__sat6__no_reupload__seed51,--dataset sat6 --frontend-mode shapelet --gate-type XX --measure-bases x --n-qubits 10 --cls-hidden 10 --shapelet-count 6 --shapelet-length 4 --shapelet-stats full6 --ablation no_reupload
1204,isolation,sat6,both,sat6__fixed_z,51,sq_seqnn_fast.py,isolation__sat6__fixed_z__seed51,--dataset sat6 --frontend-mode shapelet --gate-type XX --measure-bases x --n-qubits 10 --cls-hidden 10 --shapelet-count 6 --shapelet-length 4 --shapelet-stats full6 --ablation fixed_z
1205,isolation,so2sat,adaptive,so2sat_adaptive__classical_only,51,sq_seqnn_fast.py,isolation__so2sat_adaptive__classical_only__seed51,--dataset so2sat --frontend-mode global --gate-type CRY --measure-bases xyz --n-qubits 10 --cls-hidden 10 --ablation classical_only
1206,isolation,so2sat,adaptive,so2sat_adaptive__mlp_replace,51,sq_seqnn_fast.py,isolation__so2sat_adaptive__mlp_replace__seed51,--dataset so2sat --frontend-mode global --gate-type CRY --measure-bases xyz --n-qubits 10 --cls-hidden 10 --ablation mlp_replace
1207,isolation,so2sat,adaptive,so2sat_adaptive__frozen_quantum,51,sq_seqnn_fast.py,isolation__so2sat_adaptive__frozen_quantum__seed51,--dataset so2sat --frontend-mode global --gate-type CRY --measure-bases xyz --n-qubits 10 --cls-hidden 10 --ablation frozen_quantum
1208,isolation,so2sat,adaptive,so2sat_adaptive__no_iqp,51,sq_seqnn_fast.py,isolation__so2sat_adaptive__no_iqp__seed51,--dataset so2sat --frontend-mode global --gate-type CRY --measure-bases xyz --n-qubits 10 --cls-hidden 10 --ablation no_iqp
1209,isolation,so2sat,adaptive,so2sat_adaptive__no_reupload,51,sq_seqnn_fast.py,isolation__so2sat_adaptive__no_reupload__seed51,--dataset so2sat --frontend-mode global --gate-type CRY --measure-bases xyz --n-qubits 10 --cls-hidden 10 --ablation no_reupload
1210,isolation,so2sat,adaptive,so2sat_adaptive__fixed_z,51,sq_seqnn_fast.py,isolation__so2sat_adaptive__fixed_z__seed51,--dataset so2sat --frontend-mode global --gate-type CRY --measure-bases xyz --n-qubits 10 --cls-hidden 10 --ablation fixed_z
1211,gate,overhead,adaptive,overhead_adaptive__gateZZ,51,sq_seqnn_fast.py,gate__overhead_adaptive__gateZZ__seed51,--dataset overhead --overhead-mode seqnn5 --frontend-mode conv --gate-type ZZ --measure-bases x --n-qubits 8 --cls-hidden 10 --conv-width 4
1212,gate,overhead,adaptive,overhead_adaptive__gateCZ,51,sq_seqnn_fast.py,gate__overhead_adaptive__gateCZ__seed51,--dataset overhead --overhead-mode seqnn5 --frontend-mode conv --gate-type CZ --measure-bases x --n-qubits 8 --cls-hidden 10 --conv-width 4
1213,gate,overhead,adaptive,overhead_adaptive__gateXY,51,sq_seqnn_fast.py,gate__overhead_adaptive__gateXY__seed51,--dataset overhead --overhead-mode seqnn5 --frontend-mode conv --gate-type XY --measure-bases x --n-qubits 8 --cls-hidden 10 --conv-width 4
1214,gate,overhead,adaptive,overhead_adaptive__gateCRZ,51,sq_seqnn_fast.py,gate__overhead_adaptive__gateCRZ__seed51,--dataset overhead --overhead-mode seqnn5 --frontend-mode conv --gate-type CRZ --measure-bases x --n-qubits 8 --cls-hidden 10 --conv-width 4
1215,gate,overhead,adaptive,overhead_adaptive__gateCRY,51,sq_seqnn_fast.py,gate__overhead_adaptive__gateCRY__seed51,--dataset overhead --overhead-mode seqnn5 --frontend-mode conv --gate-type CRY --measure-bases x --n-qubits 8 --cls-hidden 10 --conv-width 4
1216,gate,overhead,adaptive,overhead_adaptive__gateXX,51,sq_seqnn_fast.py,gate__overhead_adaptive__gateXX__seed51,--dataset overhead --overhead-mode seqnn5 --frontend-mode conv --gate-type XX --measure-bases x --n-qubits 8 --cls-hidden 10 --conv-width 4
1217,gate,overhead,adaptive,overhead_adaptive__gateYY,51,sq_seqnn_fast.py,gate__overhead_adaptive__gateYY__seed51,--dataset overhead --overhead-mode seqnn5 --frontend-mode conv --gate-type YY --measure-bases x --n-qubits 8 --cls-hidden 10 --conv-width 4
1218,gate,overhead,shared,overhead_shared__gateZZ,51,sq_seqnn_fast.py,gate__overhead_shared__gateZZ__seed51,--dataset overhead --overhead-mode seqnn5 --frontend-mode shapelet --gate-type ZZ --measure-bases z --n-qubits 10 --cls-hidden 10 --shapelet-count 6 --shapelet-length 1 --shapelet-stats compact4
1219,gate,overhead,shared,overhead_shared__gateCZ,51,sq_seqnn_fast.py,gate__overhead_shared__gateCZ__seed51,--dataset overhead --overhead-mode seqnn5 --frontend-mode shapelet --gate-type CZ --measure-bases z --n-qubits 10 --cls-hidden 10 --shapelet-count 6 --shapelet-length 1 --shapelet-stats compact4
1220,gate,overhead,shared,overhead_shared__gateCX,51,sq_seqnn_fast.py,gate__overhead_shared__gateCX__seed51,--dataset overhead --overhead-mode seqnn5 --frontend-mode shapelet --gate-type CX --measure-bases z --n-qubits 10 --cls-hidden 10 --shapelet-count 6 --shapelet-length 1 --shapelet-stats compact4
1221,gate,overhead,shared,overhead_shared__gateCRZ,51,sq_seqnn_fast.py,gate__overhead_shared__gateCRZ__seed51,--dataset overhead --overhead-mode seqnn5 --frontend-mode shapelet --gate-type CRZ --measure-bases z --n-qubits 10 --cls-hidden 10 --shapelet-count 6 --shapelet-length 1 --shapelet-stats compact4
1222,gate,overhead,shared,overhead_shared__gateCRY,51,sq_seqnn_fast.py,gate__overhead_shared__gateCRY__seed51,--dataset overhead --overhead-mode seqnn5 --frontend-mode shapelet --gate-type CRY --measure-bases z --n-qubits 10 --cls-hidden 10 --shapelet-count 6 --shapelet-length 1 --shapelet-stats compact4
1223,gate,overhead,shared,overhead_shared__gateXX,51,sq_seqnn_fast.py,gate__overhead_shared__gateXX__seed51,--dataset overhead --overhead-mode seqnn5 --frontend-mode shapelet --gate-type XX --measure-bases z --n-qubits 10 --cls-hidden 10 --shapelet-count 6 --shapelet-length 1 --shapelet-stats compact4
1224,gate,overhead,shared,overhead_shared__gateYY,51,sq_seqnn_fast.py,gate__overhead_shared__gateYY__seed51,--dataset overhead --overhead-mode seqnn5 --frontend-mode shapelet --gate-type YY --measure-bases z --n-qubits 10 --cls-hidden 10 --shapelet-count 6 --shapelet-length 1 --shapelet-stats compact4
1225,gate,sat6,both,sat6__gateZZ,51,sq_seqnn_fast.py,gate__sat6__gateZZ__seed51,--dataset sat6 --frontend-mode shapelet --gate-type ZZ --measure-bases x --n-qubits 10 --cls-hidden 10 --shapelet-count 6 --shapelet-length 4 --shapelet-stats full6
1226,gate,sat6,both,sat6__gateCZ,51,sq_seqnn_fast.py,gate__sat6__gateCZ__seed51,--dataset sat6 --frontend-mode shapelet --gate-type CZ --measure-bases x --n-qubits 10 --cls-hidden 10 --shapelet-count 6 --shapelet-length 4 --shapelet-stats full6
1227,gate,sat6,both,sat6__gateCX,51,sq_seqnn_fast.py,gate__sat6__gateCX__seed51,--dataset sat6 --frontend-mode shapelet --gate-type CX --measure-bases x --n-qubits 10 --cls-hidden 10 --shapelet-count 6 --shapelet-length 4 --shapelet-stats full6
1228,gate,sat6,both,sat6__gateXY,51,sq_seqnn_fast.py,gate__sat6__gateXY__seed51,--dataset sat6 --frontend-mode shapelet --gate-type XY --measure-bases x --n-qubits 10 --cls-hidden 10 --shapelet-count 6 --shapelet-length 4 --shapelet-stats full6
1229,gate,sat6,both,sat6__gateCRZ,51,sq_seqnn_fast.py,gate__sat6__gateCRZ__seed51,--dataset sat6 --frontend-mode shapelet --gate-type CRZ --measure-bases x --n-qubits 10 --cls-hidden 10 --shapelet-count 6 --shapelet-length 4 --shapelet-stats full6
1230,gate,sat6,both,sat6__gateCRY,51,sq_seqnn_fast.py,gate__sat6__gateCRY__seed51,--dataset sat6 --frontend-mode shapelet --gate-type CRY --measure-bases x --n-qubits 10 --cls-hidden 10 --shapelet-count 6 --shapelet-length 4 --shapelet-stats full6
1231,gate,sat6,both,sat6__gateYY,51,sq_seqnn_fast.py,gate__sat6__gateYY__seed51,--dataset sat6 --frontend-mode shapelet --gate-type YY --measure-bases x --n-qubits 10 --cls-hidden 10 --shapelet-count 6 --shapelet-length 4 --shapelet-stats full6
1232,gate,so2sat,adaptive,so2sat_adaptive__gateZZ,51,sq_seqnn_fast.py,gate__so2sat_adaptive__gateZZ__seed51,--dataset so2sat --frontend-mode global --gate-type ZZ --measure-bases xyz --n-qubits 10 --cls-hidden 10
1233,gate,so2sat,adaptive,so2sat_adaptive__gateCZ,51,sq_seqnn_fast.py,gate__so2sat_adaptive__gateCZ__seed51,--dataset so2sat --frontend-mode global --gate-type CZ --measure-bases xyz --n-qubits 10 --cls-hidden 10
1234,gate,so2sat,adaptive,so2sat_adaptive__gateCX,51,sq_seqnn_fast.py,gate__so2sat_adaptive__gateCX__seed51,--dataset so2sat --frontend-mode global --gate-type CX --measure-bases xyz --n-qubits 10 --cls-hidden 10
1235,gate,so2sat,adaptive,so2sat_adaptive__gateXY,51,sq_seqnn_fast.py,gate__so2sat_adaptive__gateXY__seed51,--dataset so2sat --frontend-mode global --gate-type XY --measure-bases xyz --n-qubits 10 --cls-hidden 10
1236,gate,so2sat,adaptive,so2sat_adaptive__gateCRZ,51,sq_seqnn_fast.py,gate__so2sat_adaptive__gateCRZ__seed51,--dataset so2sat --frontend-mode global --gate-type CRZ --measure-bases xyz --n-qubits 10 --cls-hidden 10
1237,gate,so2sat,adaptive,so2sat_adaptive__gateXX,51,sq_seqnn_fast.py,gate__so2sat_adaptive__gateXX__seed51,--dataset so2sat --frontend-mode global --gate-type XX --measure-bases xyz --n-qubits 10 --cls-hidden 10
1238,gate,so2sat,adaptive,so2sat_adaptive__gateYY,51,sq_seqnn_fast.py,gate__so2sat_adaptive__gateYY__seed51,--dataset so2sat --frontend-mode global --gate-type YY --measure-bases xyz --n-qubits 10 --cls-hidden 10
1239,gate,so2sat,shared,so2sat_shared__gateZZ,51,sq_seqnn_fast.py,gate__so2sat_shared__gateZZ__seed51,--dataset so2sat --frontend-mode shapelet --gate-type ZZ --measure-bases x --n-qubits 10 --cls-hidden 10 --shapelet-count 6 --shapelet-length 4 --shapelet-stats compact4
1240,gate,so2sat,shared,so2sat_shared__gateCX,51,sq_seqnn_fast.py,gate__so2sat_shared__gateCX__seed51,--dataset so2sat --frontend-mode shapelet --gate-type CX --measure-bases x --n-qubits 10 --cls-hidden 10 --shapelet-count 6 --shapelet-length 4 --shapelet-stats compact4
1241,gate,so2sat,shared,so2sat_shared__gateXY,51,sq_seqnn_fast.py,gate__so2sat_shared__gateXY__seed51,--dataset so2sat --frontend-mode shapelet --gate-type XY --measure-bases x --n-qubits 10 --cls-hidden 10 --shapelet-count 6 --shapelet-length 4 --shapelet-stats compact4
1242,gate,so2sat,shared,so2sat_shared__gateCRZ,51,sq_seqnn_fast.py,gate__so2sat_shared__gateCRZ__seed51,--dataset so2sat --frontend-mode shapelet --gate-type CRZ --measure-bases x --n-qubits 10 --cls-hidden 10 --shapelet-count 6 --shapelet-length 4 --shapelet-stats compact4
1243,gate,so2sat,shared,so2sat_shared__gateCRY,51,sq_seqnn_fast.py,gate__so2sat_shared__gateCRY__seed51,--dataset so2sat --frontend-mode shapelet --gate-type CRY --measure-bases x --n-qubits 10 --cls-hidden 10 --shapelet-count 6 --shapelet-length 4 --shapelet-stats compact4
1244,gate,so2sat,shared,so2sat_shared__gateXX,51,sq_seqnn_fast.py,gate__so2sat_shared__gateXX__seed51,--dataset so2sat --frontend-mode shapelet --gate-type XX --measure-bases x --n-qubits 10 --cls-hidden 10 --shapelet-count 6 --shapelet-length 4 --shapelet-stats compact4
1245,gate,so2sat,shared,so2sat_shared__gateYY,51,sq_seqnn_fast.py,gate__so2sat_shared__gateYY__seed51,--dataset so2sat --frontend-mode shapelet --gate-type YY --measure-bases x --n-qubits 10 --cls-hidden 10 --shapelet-count 6 --shapelet-length 4 --shapelet-stats compact4
1246,basis,overhead,adaptive,overhead_adaptive__basisY,51,sq_seqnn_fast.py,basis__overhead_adaptive__basisY__seed51,--dataset overhead --overhead-mode seqnn5 --frontend-mode conv --gate-type CX --measure-bases y --n-qubits 8 --cls-hidden 10 --conv-width 4
1247,basis,overhead,adaptive,overhead_adaptive__basisZ,51,sq_seqnn_fast.py,basis__overhead_adaptive__basisZ__seed51,--dataset overhead --overhead-mode seqnn5 --frontend-mode conv --gate-type CX --measure-bases z --n-qubits 8 --cls-hidden 10 --conv-width 4
1248,basis,overhead,adaptive,overhead_adaptive__basisXYZ,51,sq_seqnn_fast.py,basis__overhead_adaptive__basisXYZ__seed51,--dataset overhead --overhead-mode seqnn5 --frontend-mode conv --gate-type CX --measure-bases xyz --n-qubits 8 --cls-hidden 10 --conv-width 4
1249,basis,overhead,shared,overhead_shared__basisX,51,sq_seqnn_fast.py,basis__overhead_shared__basisX__seed51,--dataset overhead --overhead-mode seqnn5 --frontend-mode shapelet --gate-type XY --measure-bases x --n-qubits 10 --cls-hidden 10 --shapelet-count 6 --shapelet-length 1 --shapelet-stats compact4
1250,basis,overhead,shared,overhead_shared__basisY,51,sq_seqnn_fast.py,basis__overhead_shared__basisY__seed51,--dataset overhead --overhead-mode seqnn5 --frontend-mode shapelet --gate-type XY --measure-bases y --n-qubits 10 --cls-hidden 10 --shapelet-count 6 --shapelet-length 1 --shapelet-stats compact4
1251,basis,overhead,shared,overhead_shared__basisXYZ,51,sq_seqnn_fast.py,basis__overhead_shared__basisXYZ__seed51,--dataset overhead --overhead-mode seqnn5 --frontend-mode shapelet --gate-type XY --measure-bases xyz --n-qubits 10 --cls-hidden 10 --shapelet-count 6 --shapelet-length 1 --shapelet-stats compact4
1252,basis,sat6,both,sat6__basisY,51,sq_seqnn_fast.py,basis__sat6__basisY__seed51,--dataset sat6 --frontend-mode shapelet --gate-type XX --measure-bases y --n-qubits 10 --cls-hidden 10 --shapelet-count 6 --shapelet-length 4 --shapelet-stats full6
1253,basis,sat6,both,sat6__basisZ,51,sq_seqnn_fast.py,basis__sat6__basisZ__seed51,--dataset sat6 --frontend-mode shapelet --gate-type XX --measure-bases z --n-qubits 10 --cls-hidden 10 --shapelet-count 6 --shapelet-length 4 --shapelet-stats full6
1254,basis,sat6,both,sat6__basisXYZ,51,sq_seqnn_fast.py,basis__sat6__basisXYZ__seed51,--dataset sat6 --frontend-mode shapelet --gate-type XX --measure-bases xyz --n-qubits 10 --cls-hidden 10 --shapelet-count 6 --shapelet-length 4 --shapelet-stats full6
1255,basis,so2sat,adaptive,so2sat_adaptive__basisX,51,sq_seqnn_fast.py,basis__so2sat_adaptive__basisX__seed51,--dataset so2sat --frontend-mode global --gate-type CRY --measure-bases x --n-qubits 10 --cls-hidden 10
1256,basis,so2sat,adaptive,so2sat_adaptive__basisY,51,sq_seqnn_fast.py,basis__so2sat_adaptive__basisY__seed51,--dataset so2sat --frontend-mode global --gate-type CRY --measure-bases y --n-qubits 10 --cls-hidden 10
1257,basis,so2sat,adaptive,so2sat_adaptive__basisZ,51,sq_seqnn_fast.py,basis__so2sat_adaptive__basisZ__seed51,--dataset so2sat --frontend-mode global --gate-type CRY --measure-bases z --n-qubits 10 --cls-hidden 10
1258,basis,so2sat,shared,so2sat_shared__basisY,51,sq_seqnn_fast.py,basis__so2sat_shared__basisY__seed51,--dataset so2sat --frontend-mode shapelet --gate-type CZ --measure-bases y --n-qubits 10 --cls-hidden 10 --shapelet-count 6 --shapelet-length 4 --shapelet-stats compact4
1259,basis,so2sat,shared,so2sat_shared__basisZ,51,sq_seqnn_fast.py,basis__so2sat_shared__basisZ__seed51,--dataset so2sat --frontend-mode shapelet --gate-type CZ --measure-bases z --n-qubits 10 --cls-hidden 10 --shapelet-count 6 --shapelet-length 4 --shapelet-stats compact4
1260,basis,so2sat,shared,so2sat_shared__basisXYZ,51,sq_seqnn_fast.py,basis__so2sat_shared__basisXYZ__seed51,--dataset so2sat --frontend-mode shapelet --gate-type CZ --measure-bases xyz --n-qubits 10 --cls-hidden 10 --shapelet-count 6 --shapelet-length 4 --shapelet-stats compact4
1261,fusion,overhead,adaptive,overhead_adaptive__quantum_only,51,sq_seqnn_fast.py,fusion__overhead_adaptive__quantum_only__seed51,--dataset overhead --overhead-mode seqnn5 --frontend-mode conv --gate-type CX --measure-bases x --n-qubits 8 --cls-hidden 10 --conv-width 4 --ablation quantum_only
1262,fusion,overhead,shared,overhead_shared__quantum_only,51,sq_seqnn_fast.py,fusion__overhead_shared__quantum_only__seed51,--dataset overhead --overhead-mode seqnn5 --frontend-mode shapelet --gate-type XY --measure-bases z --n-qubits 10 --cls-hidden 10 --shapelet-count 6 --shapelet-length 1 --shapelet-stats compact4 --ablation quantum_only
1263,fusion,sat6,both,sat6__quantum_only,51,sq_seqnn_fast.py,fusion__sat6__quantum_only__seed51,--dataset sat6 --frontend-mode shapelet --gate-type XX --measure-bases x --n-qubits 10 --cls-hidden 10 --shapelet-count 6 --shapelet-length 4 --shapelet-stats full6 --ablation quantum_only
1264,fusion,so2sat,adaptive,so2sat_adaptive__quantum_only,51,sq_seqnn_fast.py,fusion__so2sat_adaptive__quantum_only__seed51,--dataset so2sat --frontend-mode global --gate-type CRY --measure-bases xyz --n-qubits 10 --cls-hidden 10 --ablation quantum_only
1265,fusion,so2sat,shared,so2sat_shared__quantum_only,51,sq_seqnn_fast.py,fusion__so2sat_shared__quantum_only__seed51,--dataset so2sat --frontend-mode shapelet --gate-type CZ --measure-bases x --n-qubits 10 --cls-hidden 10 --shapelet-count 6 --shapelet-length 4 --shapelet-stats compact4 --ablation quantum_only
1266,schedule,overhead,adaptive,overhead_adaptive__sharedLR,51,sq_seqnn_fast.py,schedule__overhead_adaptive__sharedLR__seed51,--dataset overhead --overhead-mode seqnn5 --frontend-mode conv --gate-type CX --measure-bases x --n-qubits 8 --cls-hidden 10 --conv-width 4 --lr-q-factor 1.0
1267,schedule,overhead,shared,overhead_shared__sharedLR,51,sq_seqnn_fast.py,schedule__overhead_shared__sharedLR__seed51,--dataset overhead --overhead-mode seqnn5 --frontend-mode shapelet --gate-type XY --measure-bases z --n-qubits 10 --cls-hidden 10 --shapelet-count 6 --shapelet-length 1 --shapelet-stats compact4 --lr-q-factor 1.0
1268,schedule,sat6,both,sat6__sharedLR,51,sq_seqnn_fast.py,schedule__sat6__sharedLR__seed51,--dataset sat6 --frontend-mode shapelet --gate-type XX --measure-bases x --n-qubits 10 --cls-hidden 10 --shapelet-count 6 --shapelet-length 4 --shapelet-stats full6 --lr-q-factor 1.0
1269,schedule,so2sat,adaptive,so2sat_adaptive__sharedLR,51,sq_seqnn_fast.py,schedule__so2sat_adaptive__sharedLR__seed51,--dataset so2sat --frontend-mode global --gate-type CRY --measure-bases xyz --n-qubits 10 --cls-hidden 10 --lr-q-factor 1.0
1270,schedule,so2sat,shared,so2sat_shared__sharedLR,51,sq_seqnn_fast.py,schedule__so2sat_shared__sharedLR__seed51,--dataset so2sat --frontend-mode shapelet --gate-type CZ --measure-bases x --n-qubits 10 --cls-hidden 10 --shapelet-count 6 --shapelet-length 4 --shapelet-stats compact4 --lr-q-factor 1.0
1271,sens_nq,overhead,adaptive,overhead_adaptive__nq10,51,sq_seqnn_fast.py,sens_nq__overhead_adaptive__nq10__seed51,--dataset overhead --overhead-mode seqnn5 --frontend-mode conv --gate-type CX --measure-bases x --n-qubits 10 --cls-hidden 10 --conv-width 4
1272,sens_nq,overhead,adaptive,overhead_adaptive__nq12,51,sq_seqnn_fast.py,sens_nq__overhead_adaptive__nq12__seed51,--dataset overhead --overhead-mode seqnn5 --frontend-mode conv --gate-type CX --measure-bases x --n-qubits 12 --cls-hidden 10 --conv-width 4
1273,sens_R,overhead,adaptive,overhead_adaptive__R1,51,sq_seqnn_fast.py,sens_R__overhead_adaptive__R1__seed51,--dataset overhead --overhead-mode seqnn5 --frontend-mode conv --gate-type CX --measure-bases x --n-qubits 8 --cls-hidden 10 --conv-width 4 --n-reupload 1
1274,sens_R,overhead,adaptive,overhead_adaptive__R3,51,sq_seqnn_fast.py,sens_R__overhead_adaptive__R3__seed51,--dataset overhead --overhead-mode seqnn5 --frontend-mode conv --gate-type CX --measure-bases x --n-qubits 8 --cls-hidden 10 --conv-width 4 --n-reupload 3
1275,sens_R,overhead,shared,overhead_shared__R1,51,sq_seqnn_fast.py,sens_R__overhead_shared__R1__seed51,--dataset overhead --overhead-mode seqnn5 --frontend-mode shapelet --gate-type XY --measure-bases z --n-qubits 10 --cls-hidden 10 --shapelet-count 6 --shapelet-length 1 --shapelet-stats compact4 --n-reupload 1
1276,sens_R,overhead,shared,overhead_shared__R3,51,sq_seqnn_fast.py,sens_R__overhead_shared__R3__seed51,--dataset overhead --overhead-mode seqnn5 --frontend-mode shapelet --gate-type XY --measure-bases z --n-qubits 10 --cls-hidden 10 --shapelet-count 6 --shapelet-length 1 --shapelet-stats compact4 --n-reupload 3
1277,sens_R,sat6,both,sat6__R1,51,sq_seqnn_fast.py,sens_R__sat6__R1__seed51,--dataset sat6 --frontend-mode shapelet --gate-type XX --measure-bases x --n-qubits 10 --cls-hidden 10 --shapelet-count 6 --shapelet-length 4 --shapelet-stats full6 --n-reupload 1
1278,sens_R,sat6,both,sat6__R3,51,sq_seqnn_fast.py,sens_R__sat6__R3__seed51,--dataset sat6 --frontend-mode shapelet --gate-type XX --measure-bases x --n-qubits 10 --cls-hidden 10 --shapelet-count 6 --shapelet-length 4 --shapelet-stats full6 --n-reupload 3
1279,sens_R,so2sat,adaptive,so2sat_adaptive__R1,51,sq_seqnn_fast.py,sens_R__so2sat_adaptive__R1__seed51,--dataset so2sat --frontend-mode global --gate-type CRY --measure-bases xyz --n-qubits 10 --cls-hidden 10 --n-reupload 1
1280,sens_R,so2sat,adaptive,so2sat_adaptive__R3,51,sq_seqnn_fast.py,sens_R__so2sat_adaptive__R3__seed51,--dataset so2sat --frontend-mode global --gate-type CRY --measure-bases xyz --n-qubits 10 --cls-hidden 10 --n-reupload 3
1281,sens_R,so2sat,shared,so2sat_shared__R1,51,sq_seqnn_fast.py,sens_R__so2sat_shared__R1__seed51,--dataset so2sat --frontend-mode shapelet --gate-type CZ --measure-bases x --n-qubits 10 --cls-hidden 10 --shapelet-count 6 --shapelet-length 4 --shapelet-stats compact4 --n-reupload 1
1282,sens_R,so2sat,shared,so2sat_shared__R3,51,sq_seqnn_fast.py,sens_R__so2sat_shared__R3__seed51,--dataset so2sat --frontend-mode shapelet --gate-type CZ --measure-bases x --n-qubits 10 --cls-hidden 10 --shapelet-count 6 --shapelet-length 4 --shapelet-stats compact4 --n-reupload 3
1283,sens_eps,overhead,adaptive,overhead_adaptive__eps0.00,51,sq_seqnn_fast.py,sens_eps__overhead_adaptive__eps0.00__seed51,--dataset overhead --overhead-mode seqnn5 --frontend-mode conv --gate-type CX --measure-bases x --n-qubits 8 --cls-hidden 10 --conv-width 4 --label-smooth 0.00
1284,sens_eps,overhead,adaptive,overhead_adaptive__eps0.10,51,sq_seqnn_fast.py,sens_eps__overhead_adaptive__eps0.10__seed51,--dataset overhead --overhead-mode seqnn5 --frontend-mode conv --gate-type CX --measure-bases x --n-qubits 8 --cls-hidden 10 --conv-width 4 --label-smooth 0.10
1285,sens_eps,overhead,shared,overhead_shared__eps0.00,51,sq_seqnn_fast.py,sens_eps__overhead_shared__eps0.00__seed51,--dataset overhead --overhead-mode seqnn5 --frontend-mode shapelet --gate-type XY --measure-bases z --n-qubits 10 --cls-hidden 10 --shapelet-count 6 --shapelet-length 1 --shapelet-stats compact4 --label-smooth 0.00
1286,sens_eps,overhead,shared,overhead_shared__eps0.10,51,sq_seqnn_fast.py,sens_eps__overhead_shared__eps0.10__seed51,--dataset overhead --overhead-mode seqnn5 --frontend-mode shapelet --gate-type XY --measure-bases z --n-qubits 10 --cls-hidden 10 --shapelet-count 6 --shapelet-length 1 --shapelet-stats compact4 --label-smooth 0.10
1287,sens_eps,sat6,both,sat6__eps0.00,51,sq_seqnn_fast.py,sens_eps__sat6__eps0.00__seed51,--dataset sat6 --frontend-mode shapelet --gate-type XX --measure-bases x --n-qubits 10 --cls-hidden 10 --shapelet-count 6 --shapelet-length 4 --shapelet-stats full6 --label-smooth 0.00
1288,sens_eps,sat6,both,sat6__eps0.10,51,sq_seqnn_fast.py,sens_eps__sat6__eps0.10__seed51,--dataset sat6 --frontend-mode shapelet --gate-type XX --measure-bases x --n-qubits 10 --cls-hidden 10 --shapelet-count 6 --shapelet-length 4 --shapelet-stats full6 --label-smooth 0.10
1289,sens_eps,so2sat,adaptive,so2sat_adaptive__eps0.00,51,sq_seqnn_fast.py,sens_eps__so2sat_adaptive__eps0.00__seed51,--dataset so2sat --frontend-mode global --gate-type CRY --measure-bases xyz --n-qubits 10 --cls-hidden 10 --label-smooth 0.00
1290,sens_eps,so2sat,adaptive,so2sat_adaptive__eps0.10,51,sq_seqnn_fast.py,sens_eps__so2sat_adaptive__eps0.10__seed51,--dataset so2sat --frontend-mode global --gate-type CRY --measure-bases xyz --n-qubits 10 --cls-hidden 10 --label-smooth 0.10
1291,sens_eps,so2sat,shared,so2sat_shared__eps0.00,51,sq_seqnn_fast.py,sens_eps__so2sat_shared__eps0.00__seed51,--dataset so2sat --frontend-mode shapelet --gate-type CZ --measure-bases x --n-qubits 10 --cls-hidden 10 --shapelet-count 6 --shapelet-length 4 --shapelet-stats compact4 --label-smooth 0.00
1292,sens_eps,so2sat,shared,so2sat_shared__eps0.10,51,sq_seqnn_fast.py,sens_eps__so2sat_shared__eps0.10__seed51,--dataset so2sat --frontend-mode shapelet --gate-type CZ --measure-bases x --n-qubits 10 --cls-hidden 10 --shapelet-count 6 --shapelet-length 4 --shapelet-stats compact4 --label-smooth 0.10
1293,seqnn,overhead,w16,seqnn_w16_overhead,51,run_baselines.py,seqnn__seqnn_w16_overhead__seed51,--datasets overhead --baseline seqnn --seqnn-widths 16 --seeds 51
1294,seqnn,overhead,w10,seqnn_w10_overhead,51,run_baselines.py,seqnn__seqnn_w10_overhead__seed51,--datasets overhead --baseline seqnn --seqnn-widths 10 --seeds 51
1295,seqnn,sat6,w16,seqnn_w16_sat6,51,run_baselines.py,seqnn__seqnn_w16_sat6__seed51,--datasets sat6 --baseline seqnn --seqnn-widths 16 --seeds 51
1296,seqnn,sat6,w10,seqnn_w10_sat6,51,run_baselines.py,seqnn__seqnn_w10_sat6__seed51,--datasets sat6 --baseline seqnn --seqnn-widths 10 --seeds 51
1297,seqnn,so2sat,w16,seqnn_w16_so2sat,51,run_baselines.py,seqnn__seqnn_w16_so2sat__seed51,--datasets so2sat --baseline seqnn --seqnn-widths 16 --seeds 51
1298,seqnn,so2sat,w10,seqnn_w10_so2sat,51,run_baselines.py,seqnn__seqnn_w10_so2sat__seed51,--datasets so2sat --baseline seqnn --seqnn-widths 10 --seeds 51
1299,qccnn,overhead,-,qccnn_overhead,51,run_baselines.py,qccnn__qccnn_overhead__seed51,--datasets overhead --baseline qccnn --seeds 51
1300,qccnn,sat6,-,qccnn_sat6,51,run_baselines.py,qccnn__qccnn_sat6__seed51,--datasets sat6 --baseline qccnn --seeds 51
1301,qccnn,so2sat,-,qccnn_so2sat,51,run_baselines.py,qccnn__qccnn_so2sat__seed51,--datasets so2sat --baseline qccnn --seeds 51
1302,classical,overhead,resnet,resnet_overhead,51,heavy_baselines.py,classical__resnet_overhead__seed51,--dataset overhead --model resnet --runs 1 --seed 51 --epochs 80
1303,classical,overhead,vgg,vgg_overhead,51,heavy_baselines.py,classical__vgg_overhead__seed51,--dataset overhead --model vgg --runs 1 --seed 51 --epochs 80
1304,classical,overhead,densenet,densenet_overhead,51,heavy_baselines.py,classical__densenet_overhead__seed51,--dataset overhead --model densenet --runs 1 --seed 51 --epochs 80
1305,classical,overhead,efficientnet,efficientnet_overhead,51,heavy_baselines.py,classical__efficientnet_overhead__seed51,--dataset overhead --model efficientnet --runs 1 --seed 51 --epochs 80
1306,classical,overhead,vit,vit_overhead,51,heavy_baselines.py,classical__vit_overhead__seed51,--dataset overhead --model vit --runs 1 --seed 51 --epochs 80
1307,classical,overhead,swin,swin_overhead,51,heavy_baselines.py,classical__swin_overhead__seed51,--dataset overhead --model swin --runs 1 --seed 51 --epochs 80
1308,classical,sat6,resnet,resnet_sat6,51,heavy_baselines.py,classical__resnet_sat6__seed51,--dataset sat6 --model resnet --runs 1 --seed 51 --epochs 80
1309,classical,sat6,vgg,vgg_sat6,51,heavy_baselines.py,classical__vgg_sat6__seed51,--dataset sat6 --model vgg --runs 1 --seed 51 --epochs 80
1310,classical,sat6,densenet,densenet_sat6,51,heavy_baselines.py,classical__densenet_sat6__seed51,--dataset sat6 --model densenet --runs 1 --seed 51 --epochs 80
1311,classical,sat6,efficientnet,efficientnet_sat6,51,heavy_baselines.py,classical__efficientnet_sat6__seed51,--dataset sat6 --model efficientnet --runs 1 --seed 51 --epochs 80
1312,classical,sat6,vit,vit_sat6,51,heavy_baselines.py,classical__vit_sat6__seed51,--dataset sat6 --model vit --runs 1 --seed 51 --epochs 80
1313,classical,sat6,swin,swin_sat6,51,heavy_baselines.py,classical__swin_sat6__seed51,--dataset sat6 --model swin --runs 1 --seed 51 --epochs 80
1314,classical,so2sat,resnet,resnet_so2sat,51,heavy_baselines.py,classical__resnet_so2sat__seed51,--dataset so2sat --model resnet --runs 1 --seed 51 --epochs 80
1315,classical,so2sat,vgg,vgg_so2sat,51,heavy_baselines.py,classical__vgg_so2sat__seed51,--dataset so2sat --model vgg --runs 1 --seed 51 --epochs 80
1316,classical,so2sat,densenet,densenet_so2sat,51,heavy_baselines.py,classical__densenet_so2sat__seed51,--dataset so2sat --model densenet --runs 1 --seed 51 --epochs 80
1317,classical,so2sat,efficientnet,efficientnet_so2sat,51,heavy_baselines.py,classical__efficientnet_so2sat__seed51,--dataset so2sat --model efficientnet --runs 1 --seed 51 --epochs 80
1318,classical,so2sat,vit,vit_so2sat,51,heavy_baselines.py,classical__vit_so2sat__seed51,--dataset so2sat --model vit --runs 1 --seed 51 --epochs 80
1319,classical,so2sat,swin,swin_so2sat,51,heavy_baselines.py,classical__swin_so2sat__seed51,--dataset so2sat --model swin --runs 1 --seed 51 --epochs 80
